TimeSeconds,RPM,SpeedMPH,Gear,CommandedGear,AppliedGear,GearRatio,FaultGate
0,1000,0,1,1,1,2.393,0
0.01,1102.7155624161,0.0573843761754299,1,1,1,2.393,0
0.02,1203.22520984555,0.126346526944163,1,1,1,2.393,0
0.03,1299.86881179099,0.20772410973202,1,1,1,2.393,0
0.04,1391.29873734002,0.301762405055174,1,1,1,2.393,0
0.05,1477.41058208738,0.40847373601134,1,1,1,2.393,0
0.06,1558.17170300184,0.527701626250229,1,1,1,2.393,0
0.07,1633.56469289061,0.659140148820155,1,1,1,2.393,0
0.08,1703.38880522144,0.80232516187555,1,1,1,2.393,0
0.09,1767.76862760814,0.956655363956169,1,1,1,2.393,0
0.1,1826.9363651056,1.12145228159903,1,1,1,2.393,0
0.11,1881.1503918892,1.29598579570628,1,1,1,2.393,0
0.12,1930.68679578946,1.47949464830457,1,1,1,2.393,0
0.13,1975.83198049558,1.67120417038869,1,1,1,2.393,0
0.14,2016.85997875481,1.87034451714469,1,1,1,2.393,0
0.15,2053.901076931,2.07653147147043,1,1,1,2.393,0
0.16,2087.19026896017,2.28936758774022,1,1,1,2.393,0
0.17,2117.02884409123,2.50815915953816,1,1,1,2.393,0
0.18,2143.70472667588,2.73224596937281,1,1,1,2.393,0
0.19,2167.49069904051,2.9610050253776,1,1,1,2.393,0
0.2,2188.64328431593,3.19385279594858,1,1,1,2.393,0
0.21,2207.40217055499,3.43024622003727,1,1,1,2.393,0
0.22,2223.99006861705,3.66968274365896,1,1,1,2.393,0
0.23,2238.61290897147,3.911699602699,1,1,1,2.393,0
0.24,2251.4602956464,4.15587254091426,1,1,1,2.393,0
0.25,2262.79936321378,4.40144037452911,1,1,1,2.393,0
0.26,2272.87809792066,4.64767441863239,1,1,1,2.393,0
0.27,2281.82732385174,4.89428371007143,1,1,1,2.393,0
0.28,2289.76508464992,5.14100874079179,1,1,1,2.393,0
0.29,2296.79792095318,5.38761776501794,1,1,1,2.393,0
0.3,2303.02182184546,5.63390437840423,1,1,1,2.393,0
0.31,2308.52313501418,5.87968522094735,1,1,1,2.393,0
0.32,2313.37942793572,6.12479781902612,1,1,1,2.393,0
0.33,2317.66029547305,6.3690985747936,1,1,1,2.393,0
0.34,2321.55405775769,6.6122421162033,1,1,1,2.393,0
0.35,2325.3880116453,6.85366143322545,1,1,1,2.393,0
0.36,2329.17338340708,7.09335408578578,1,1,1,2.393,0
0.37,2332.91184910835,7.33133424242811,1,1,1,2.393,0
0.38,2336.6049486728,7.56761612161726,1,1,1,2.393,0
0.39,2340.25410055885,7.8022139627724,1,1,1,2.393,0
0.4,2343.86061474629,8.03514200125434,1,1,1,2.393,0
0.41,2347.42570423077,8.26641444681448,1,1,1,2.393,0
0.42,2350.95049520039,8.49604546507366,1,1,1,2.393,0
0.43,2354.43844255887,8.72403948093047,1,1,1,2.393,0
0.44,2357.98547497689,8.95001960128626,1,1,1,2.393,0
0.45,2361.64092594078,9.17377508440438,1,1,1,2.393,0
0.46,2365.38503526759,9.39537302575117,1,1,1,2.393,0
0.47,2369.20061384491,9.61487415244614,1,1,1,2.393,0
0.48,2373.07271603001,9.83233362217323,1,1,1,2.393,0
0.49,2376.98835457982,10.047801715689,1,1,1,2.393,0
0.5,2380.93625236665,10.2613244377475,1,1,1,2.393,0
0.51,2384.90662596071,10.472944039072,1,1,1,2.393,0
0.52,2388.89099685746,10.6826994701611,1,1,1,2.393,0
0.53,2392.88202671758,10.8906267761692,1,1,1,2.393,0
0.54,2396.8764037788,11.0967547761553,1,1,1,2.393,0
0.55,2401.0642803982,11.3008201054727,1,1,1,2.393,0
0.56,2405.50429098353,11.5027480270182,1,1,1,2.393,0
0.57,2410.14555143374,11.7026456591631,1,1,1,2.393,0
0.58,2414.95060149912,11.9006062895785,1,1,1,2.393,0
0.59,2419.88743054551,12.0967117392107,1,1,1,2.393,0
0.6,2424.92868799307,12.2910340316964,1,1,1,2.393,0
0.61,2430.0510117852,12.4836368064018,1,1,1,2.393,0
0.62,2435.23445628398,12.6745765167321,1,1,1,2.393,0
0.63,2440.46200415033,12.8639034480748,1,1,1,2.393,0
0.64,2445.71914933783,13.0516625838549,1,1,1,2.393,0
0.65,2450.99354043183,13.237894343387,1,1,1,2.393,0
0.66,2456.27467529402,13.4226352112971,1,1,1,2.393,0
0.67,2461.55363940099,13.605918275065,1,1,1,2.393,0
0.68,2466.91038546651,13.7876514986855,1,1,1,2.393,0
0.69,2472.52993709864,13.9676062983492,1,1,1,2.393,0
0.7,2478.3670503994,14.1458824505843,1,1,1,2.393,0
0.71,2484.37753282318,14.3225741996598,1,1,1,2.393,0
0.72,2490.52416694959,14.4977625449175,1,1,1,2.393,0
0.73,2496.77560686299,14.6715173580527,1,1,1,2.393,0
0.74,2503.10545566514,14.8438991440859,1,1,1,2.393,0
0.75,2509.49149265025,15.0149605096735,1,1,1,2.393,0
0.76,2515.915024578,15.1847473901335,1,1,1,2.393,0
0.77,2522.36034016888,15.3533000768737,1,1,1,2.393,0
0.78,2528.81425069503,15.5206540792202,1,1,1,2.393,0
0.79,2535.26570255683,15.6868408484882,1,1,1,2.393,0
0.8,2541.70545017725,15.8518883871906,1,1,1,2.393,0
0.81,2548.12577953381,16.0158217622748,1,1,1,2.393,0
0.82,2554.52027427264,16.1786635380223,1,1,1,2.393,0
0.83,2560.88361768469,16.3404341415894,1,1,1,2.393,0
0.84,2567.21142492404,16.5011521719858,1,1,1,2.393,0
0.85,2573.50090587633,16.6608335606134,1,1,1,2.393,0
0.86,2579.87894982644,16.8193216064446,1,1,1,2.393,0
0.87,2586.38282955303,16.9765865802937,1,1,1,2.393,0
0.88,2592.98188314663,17.1326892699239,1,1,1,2.393,0
0.89,2599.65053799895,17.2876816571924,1,1,1,2.393,0
0.9,2606.36747141821,17.4416083794431,1,1,1,2.393,0
0.91,2613.11491374776,17.5945079375992,1,1,1,2.393,0
0.92,2619.87806867388,17.746413697041,1,1,1,2.393,0
0.93,2626.64463019558,17.8973547184204,1,1,1,2.393,0
0.94,2633.40437953484,18.0473564485,1,1,1,2.393,0
0.95,2640.14884831202,18.1964412954905,1,1,1,2.393,0
0.96,2646.87103676298,18.3446291088697,1,1,1,2.393,0
0.97,2653.56517775782,18.4919375800491,1,1,1,2.393,0
0.98,2660.22653899336,18.6383825773384,1,1,1,2.393,0
0.99,2666.85125704729,18.7839784262831,1,1,1,2.393,0
1,2673.436198059,18.9287381445231,1,1,1,2.393,0
1.01,2679.97884068803,19.0726736387375,1,1,1,2.393,0
1.02,2686.47717772991,19.2157958699465,1,1,1,2.393,0
1.03,2692.92963337248,19.3581149923788,1,1,1,2.393,0
1.04,2699.3349935741,19.499640470231,1,1,1,2.393,0
1.05,2705.69234745944,19.6403811759231,1,1,1,2.393,0
1.06,2712.00103797232,19.7803454728539,1,1,1,2.393,0
1.07,2718.26062031142,19.9195412851621,1,1,1,2.393,0
1.08,2724.47082691311,20.0579761565846,1,1,1,2.393,0
1.09,2730.63188337501,20.1956568832793,1,1,1,2.393,0
1.1,2736.84794258047,20.3324725201001,1,1,1,2.393,0
1.11,2743.14799574308,20.4684043732786,1,1,1,2.393,0
1.12,2749.53038580023,20.6034611365825,1,1,1,2.393,0
1.13,2756.17889866218,20.7373740630784,1,1,1,2.393,0
1.14,2763.088457799,20.8701566678087,1,1,1,2.393,0
1.15,2770.19634572244,21.0019085810515,1,1,1,2.393,0
1.16,2777.42346207308,21.1327663134152,1,1,1,2.393,0
1.17,2784.72589572844,21.2628053471289,1,1,1,2.393,0
1.18,2792.07900595734,21.3920671830903,1,1,1,2.393,0
1.19,2799.49978326027,21.520580953271,1,1,1,2.393,0
1.2,2807.02916325558,21.6483788710376,1,1,1,2.393,0
1.21,2814.62580249721,21.7755056743918,1,1,1,2.393,0
1.22,2822.26692848657,21.9019956533178,1,1,1,2.393,0
1.23,2830.04288094945,22.0277508668308,1,1,1,2.393,0
1.24,2838.00096707532,22.1527267426061,1,1,1,2.393,0
1.25,2846.08894962581,22.2769945526354,1,1,1,2.393,0
1.26,2854.26635904997,22.4006101718783,1,1,1,2.393,0
1.27,2862.49198931083,22.5236829069839,1,1,1,2.393,0
1.28,2870.72743429765,22.6463655604493,1,1,1,2.393,0
1.29,2878.96078530599,22.768676784809,1,1,1,2.393,0
1.3,2887.18316187836,22.890629002568,1,1,1,2.393,0
1.31,2895.3877881425,23.0122320660812,1,1,1,2.393,0
1.32,2903.86258285814,23.1333781728365,1,1,1,2.393,0
1.33,2912.64481272652,23.2541074508928,1,1,1,2.393,0
1.34,2921.6455160928,23.3745062881765,1,1,1,2.393,0
1.35,2930.79960353479,23.494637958877,1,1,1,2.393,0
1.36,2940.0592966455,23.6145489830301,1,1,1,2.393,0
1.37,2949.37978995605,23.7342788064715,1,1,1,2.393,0
1.38,2958.70930488666,23.8538642115742,1,1,1,2.393,0
1.39,2968.03676995373,23.9733159521214,1,1,1,2.393,0
1.4,2977.35486696169,24.0926416209225,1,1,1,2.393,0
1.41,2986.65815773237,24.211846964205,1,1,1,2.393,0
1.42,2995.94260820707,24.3309363487703,1,1,1,2.393,0
1.43,3005.26062771575,24.4498527287175,1,1,1,2.393,0
1.44,3014.88215119698,24.5682977375089,1,1,1,2.393,0
1.45,3024.75360056987,24.6863204077111,1,1,1,2.393,0
1.46,3034.7861557041,24.8040107284631,1,1,1,2.393,0
1.47,3044.91934305921,24.9214301009276,1,1,1,2.393,0
1.48,3055.11182585106,25.0386206387234,1,1,1,2.393,0
1.49,3065.33526183195,25.1556113653921,1,1,1,2.393,0
1.5,3075.57017396283,25.2724223779231,1,1,1,2.393,0
1.51,3085.83984486213,25.389040869755,1,1,1,2.393,0
1.52,3096.25046074819,25.5053995458805,1,1,1,2.393,0
1.53,3106.75623976208,25.6215464823614,1,1,1,2.393,0
1.54,3117.31538733357,25.7375222227323,1,1,1,2.393,0
1.55,3127.90050050957,25.8533534345385,1,1,1,2.393,0
1.56,3138.49356101672,25.9690577380396,1,1,1,2.393,0
1.57,3149.08269701568,26.0846468285368,1,1,1,2.393,0
1.58,3159.66007732774,26.2001285064068,1,1,1,2.393,0
1.59,3170.22053592856,26.3155080029258,1,1,1,2.393,0
1.6,3180.76066999619,26.4307888495194,1,1,1,2.393,0
1.61,3191.29820630587,26.5459533802593,1,1,1,2.393,0
1.62,3201.91059264487,26.6609231868282,1,1,1,2.393,0
1.63,3212.58461374273,26.7757223926878,1,1,1,2.393,0
1.64,3223.293945725,26.8903823247019,1,1,1,2.393,0
1.65,3234.01758749706,27.0049235591349,1,1,1,2.393,0
1.66,3244.74200719304,27.1193594198478,1,1,1,2.393,0
1.67,3255.4584696587,27.2336985734824,1,1,1,2.393,0
1.68,3266.16133125616,27.3479466851047,1,1,1,2.393,0
1.69,3276.84694730951,27.4621074788892,1,1,1,2.393,0
1.7,3287.51296952361,27.5761834201327,1,1,1,2.393,0
1.71,3298.15789268977,27.6901761552369,1,1,1,2.393,0
1.72,3308.78076133347,27.8040867964184,1,1,1,2.393,0
1.73,3319.38097932147,27.9179161064767,1,1,1,2.393,0
1.74,3329.95818595005,28.0316646190357,1,1,1,2.393,0
1.75,3340.512175085,28.1453327170027,1,1,1,2.393,0
1.76,3351.04284225797,28.2589206838985,1,1,1,2.393,0
1.77,3361.55014996561,28.3724287375241,1,1,1,2.393,0
1.78,3372.03410485163,28.4858570520994,1,1,1,2.393,0
1.79,3382.49474266614,28.5992057728552,1,1,1,2.393,0
1.8,3392.93211832772,28.7124750256766,1,1,1,2.393,0
1.81,3403.34629934192,28.82566492349,1,1,1,2.393,0
1.82,3413.73736143268,28.9387755705041,1,1,1,2.393,0
1.83,3424.10538563648,29.0518070650319,1,1,1,2.393,0
1.84,3434.45045636545,29.164759501374,1,1,1,2.393,0
1.85,3444.77813349025,29.2776274159557,1,1,1,2.393,0
1.86,3455.29305994029,29.3902017866509,1,1,1,2.393,0
1.87,3466.0348088027,29.5024380251026,1,1,1,2.393,0
1.88,3476.89944104658,29.6144384786745,1,1,1,2.393,0
1.89,3487.8269518519,29.7262623017587,1,1,1,2.393,0
1.9,3498.78249481625,29.8379439192121,1,1,1,2.393,0
1.91,3509.74574278905,29.9495034861127,1,1,1,2.393,0
1.92,3520.704797925,30.0609528739369,1,1,1,2.393,0
1.93,3531.65268002037,30.172299121876,1,1,1,2.393,0
1.94,3542.58528996437,30.2835464381271,1,1,1,2.393,0
1.95,3553.50022305372,30.3946973658963,1,1,1,2.393,0
1.96,3564.39607463945,30.5057534655742,1,1,1,2.393,0
1.97,3575.27203230334,30.6167157153649,1,1,1,2.393,0
1.98,3586.12763547003,30.7275847474084,1,1,1,2.393,0
1.99,3596.96263322778,30.8383609874236,1,1,1,2.393,0
2,3607.75364001672,30.9490425678512,1,1,1,2.393,0
2.01,3618.4495240633,31.0596059365083,1,1,1,2.393,0
2.02,3629.07377759794,31.1700265047577,1,1,1,2.393,0
2.03,3639.64221208167,31.2802896456457,1,1,1,2.393,0
2.04,3650.16443253435,31.3903867041724,2,2,2,1.45,0
2.05,3496.13973253982,31.6312201618654,2,2,2,1.45,0
2.06,3370.3953667786,31.841888275216,2,2,2,1.45,0
2.07,3268.08853468196,32.0282221238137,2,2,2,1.45,0
2.08,3184.15291641517,32.1957555935388,2,2,2,1.45,0
2.09,3114.8856131082,32.3485414041242,2,2,2,1.45,0
2.1,3057.43448443125,32.4895962196375,2,2,2,1.45,0
2.11,3009.81785483355,32.6210053797385,2,2,2,1.45,0
2.12,2970.65393268453,32.7442539312189,2,2,2,1.45,0
2.13,2938.36034781071,32.8608984292434,2,2,2,1.45,0
2.14,2911.6846212278,32.9721525124134,2,2,2,1.45,0
2.15,2889.63301547328,33.078967597783,2,2,2,1.45,0
2.16,2871.40864612357,33.1820984766853,2,2,2,1.45,0
2.17,2856.36666490358,33.282150115763,2,2,2,1.45,0
2.18,2843.98119856811,33.3796116915416,2,2,2,1.45,0
2.19,2833.82055216236,33.4748817698358,2,2,2,1.45,0
2.2,2825.52833209811,33.5682872251767,2,2,2,1.45,0
2.21,2818.80888265418,33.6600976574413,2,2,2,1.45,0
2.22,2813.41591490679,33.7505365176477,2,2,2,1.45,0
2.23,2809.14353253075,33.8397897931319,2,2,2,1.45,0
2.24,2805.81908100821,33.9280128579773,2,2,2,1.45,0
2.25,2803.29740084819,34.015335926786,2,2,2,1.45,0
2.26,2801.45617392572,34.1018684329148,2,2,2,1.45,0
2.27,2800.20031128847,34.1876968773924,2,2,2,1.45,0
2.28,2799.51205854298,34.2728511292508,2,2,2,1.45,0
2.29,2799.31810238414,34.3573986050358,2,2,2,1.45,0
2.3,2799.53872684854,34.4414099201392,2,2,2,1.45,0
2.31,2800.10717216056,34.5249441844071,2,2,2,1.45,0
2.32,2800.97199622491,34.6080454487079,2,2,2,1.45,0
2.33,2802.18735233326,34.6906619521121,2,2,2,1.45,0
2.34,2803.72161354235,34.7728199738745,2,2,2,1.45,0
2.35,2805.51418637544,34.8545724433781,2,2,2,1.45,0
2.36,2807.5158219016,34.9359624119271,2,2,2,1.45,0
2.37,2809.6864433471,35.0170249647604,2,2,2,1.45,0
2.38,2811.99340474424,35.0977887480608,2,2,2,1.45,0
2.39,2814.41009046356,35.1782771930537,2,2,2,1.45,0
2.4,2816.90768174413,35.258517803476,2,2,2,1.45,0
2.41,2819.46093324182,35.3385357187332,2,2,2,1.45,0
2.42,2822.05824469769,35.4183413748106,2,2,2,1.45,0
2.43,2824.69020729915,35.4979432982065,2,2,2,1.45,0
2.44,2827.34909199825,35.5773485861642,2,2,2,1.45,0
2.45,2830.0285487107,35.6565631635907,2,2,2,1.45,0
2.46,2832.7233599504,35.7355919931664,2,2,2,1.45,0
2.47,2835.4292388985,35.8144392473183,2,2,2,1.45,0
2.48,2838.14266378471,35.8931084490796,2,2,2,1.45,0
2.49,2840.86843610536,35.9716018310411,2,2,2,1.45,0
2.5,2843.63391971323,36.0499214475874,2,2,2,1.45,0
2.51,2846.43393864086,36.1280747603675,2,2,2,1.45,0
2.52,2849.26047707347,36.2060684523932,2,2,2,1.45,0
2.53,2852.10702972201,36.2839080158173,2,2,2,1.45,0
2.54,2854.96831643686,36.3615979775636,2,2,2,1.45,0
2.55,2857.84005125154,36.4391420817093,2,2,2,1.45,0
2.56,2860.71875533914,36.5165434370276,2,2,2,1.45,0
2.57,2863.60160543485,36.5938046364278,2,2,2,1.45,0
2.58,2866.48631092938,36.6709278537075,2,2,2,1.45,0
2.59,2869.37194121961,36.7479142626748,2,2,2,1.45,0
2.6,2872.29988487231,36.8247351418046,2,2,2,1.45,0
2.61,2875.28998303233,36.9013776584497,2,2,2,1.45,0
2.62,2878.3275245308,36.9778534763913,2,2,2,1.45,0
2.63,2881.40087672331,37.0541718834275,2,2,2,1.45,0
2.64,2884.50083711611,37.1303402934673,2,2,2,1.45,0
2.65,2887.62012318721,37.2063646410996,2,2,2,1.45,0
2.66,2890.75297044929,37.282249692079,2,2,2,1.45,0
2.67,2893.8948154532,37.3579992879278,2,2,2,1.45,0
2.68,2897.04204555272,37.4336165388236,2,2,2,1.45,0
2.69,2900.19180121158,37.5091039758371,2,2,2,1.45,0
2.7,2903.34181970967,37.5844636711777,2,2,2,1.45,0
2.71,2906.49031149997,37.659697333234,2,2,2,1.45,0
2.72,2909.63143441125,37.7348241211117,2,2,2,1.45,0
2.73,2912.75939112903,37.8098688214552,2,2,2,1.45,0
2.74,2915.87535043352,37.8848311247555,2,2,2,1.45,0
2.75,2918.98033302331,37.9597105167756,2,2,2,1.45,0
2.76,2922.07516131743,38.0345066206534,2,2,2,1.45,0
2.77,2925.16049921893,38.1092191691327,2,2,2,1.45,0
2.78,2928.2368838606,38.1838479824073,2,2,2,1.45,0
2.79,2931.30475095628,38.2583929504369,2,2,2,1.45,0
2.8,2934.36445505152,38.3328540188313,2,2,2,1.45,0
2.81,2937.4162857044,38.4072311775774,2,2,2,1.45,0
2.82,2940.46048041839,38.4815244520358,2,2,2,1.45,0
2.83,2943.49723498226,38.555733895747,2,2,2,1.45,0
2.84,2946.5267117394,38.6298595846828,2,2,2,1.45,0
2.85,2949.62616627802,38.7038825804032,2,2,2,1.45,0
2.86,2952.85492358821,38.7777973990892,2,2,2,1.45,0
2.87,2956.17959136028,38.8516237616896,2,2,2,1.45,0
2.88,2959.57486452481,38.9253764944235,2,2,2,1.45,0
2.89,2963.02183858664,38.9990666782971,2,2,2,1.45,0
2.9,2966.50637598352,39.0727026054229,2,2,2,1.45,0
2.91,2970.01789471021,39.1462904880014,2,2,2,1.45,0
2.92,2973.54846811734,39.219834985088,2,2,2,1.45,0
2.93,2977.09215477047,39.2933395946765,2,2,2,1.45,0
2.94,2980.64449884302,39.366806945968,2,2,2,1.45,0
2.95,2984.20215718486,39.4402390175082,2,2,2,1.45,0
2.96,2987.7626206503,39.5136373001717,2,2,2,1.45,0
2.97,2991.32400566545,39.5870029190537,2,2,2,1.45,0
2.98,2994.88489819952,39.660336724707,2,2,2,1.45,0
2.99,2998.444236875,39.7336393614862,2,2,2,1.45,0
3,3002.00122533633,39.8069113187805,2,2,2,1.45,0
3.01,3005.55209779887,39.8801539930195,2,2,2,1.45,0
3.02,3009.08681998475,39.9533702895017,2,2,2,1.45,0
3.03,3012.60739788744,40.0265588391096,2,2,2,1.45,0
3.04,3016.11602105072,40.0997183782565,2,2,2,1.45,0
3.05,3019.61436097617,40.1728479501122,2,2,2,1.45,0
3.06,3023.10369500396,40.2459468311972,2,2,2,1.45,0
3.07,3026.58500044165,40.3190144756124,2,2,2,1.45,0
3.08,3030.05902611216,40.3920504726523,2,2,2,1.45,0
3.09,3033.52634675895,40.4650545145783,2,2,2,1.45,0
3.1,3036.98740443316,40.5380263721052,2,2,2,1.45,0
3.11,3040.44253999108,40.6109658757483,2,2,2,1.45,0
3.12,3043.89201707588,40.6838729016226,2,2,2,1.45,0
3.13,3047.33604038516,40.7567473606275,2,2,2,1.45,0
3.14,3050.77476959242,40.829589190205,2,2,2,1.45,0
3.15,3054.20832996119,40.9023983480579,2,2,2,1.45,0
3.16,3057.63682044146,40.9751748073573,2,2,2,1.45,0
3.17,3061.06031984855,41.0479185530869,2,2,2,1.45,0
3.18,3064.48882339802,41.1206230248447,2,2,2,1.45,0
3.19,3068.03128180587,41.1932156183919,2,2,2,1.45,0
3.2,3071.68296655957,41.2656972595035,2,2,2,1.45,0
3.21,3075.40936804654,41.3380890029275,2,2,2,1.45,0
3.22,3079.1864510853,41.4104055231263,2,2,2,1.45,0
3.23,3082.99744988789,41.4826570677425,2,2,2,1.45,0
3.24,3086.83065460005,41.5548508062272,2,2,2,1.45,0
3.25,3090.67787796962,41.6269917638026,2,2,2,1.45,0
3.26,3094.53339062679,41.6990834698253,2,2,2,1.45,0
3.27,3098.39318034546,41.7711284087601,2,2,2,1.45,0
3.28,3102.25443588751,41.8431283343602,2,2,2,1.45,0
3.29,3106.11518685429,41.9150844888445,2,2,2,1.45,0
3.3,3109.97405209542,41.9869977559832,2,2,2,1.45,0
3.31,3113.83006376574,42.0588687681347,2,2,2,1.45,0
3.32,3117.68254416372,42.1306979811606,2,2,2,1.45,0
3.33,3121.53101943786,42.2024857269058,2,2,2,1.45,0
3.34,3125.37515907148,42.2742322499964,2,2,2,1.45,0
3.35,3129.21473340908,42.345937733662,2,2,2,1.45,0
3.36,3133.04958382101,42.4176023178726,2,2,2,1.45,0
3.37,3136.87960172884,42.4892261120862,2,2,2,1.45,0
3.38,3140.70471384811,42.5608092042176,2,2,2,1.45,0
3.39,3144.52487179757,42.6323516669513,2,2,2,1.45,0
3.4,3148.34004477698,42.7038535621908,2,2,2,1.45,0
3.41,3152.15518558665,42.7753127344629,2,2,2,1.45,0
3.42,3156.01788139083,42.8467090711,2,2,2,1.45,0
3.43,3159.92406656406,42.9180472842171,2,2,2,1.45,0
3.44,3163.85802883552,42.9893365601485,2,2,2,1.45,0
3.45,3167.80923597186,43.0605830623581,2,2,2,1.45,0
3.46,3171.77061958241,43.1317909330737,2,2,2,1.45,0
3.47,3175.73743115092,43.2029629608927,2,2,2,1.45,0
3.48,3179.70647798699,43.2741010266392,2,2,2,1.45,0
3.49,3183.6756120867,43.3452064016187,2,2,2,1.45,0
3.5,3187.64338770462,43.4162799474156,2,2,2,1.45,0
3.51,3191.60883166374,43.4873222499049,2,2,2,1.45,0
3.52,3195.57128910993,43.5583337092407,2,2,2,1.45,0
3.53,3199.53031981933,43.6293146003489,2,2,2,1.45,0
3.54,3203.48796988069,43.700265268985,2,2,2,1.45,0
3.55,3207.44650310238,43.7711867281858,2,2,2,1.45,0
3.56,3211.40439117322,43.8420799272072,2,2,2,1.45,0
3.57,3215.36054871865,43.9129455136971,2,2,2,1.45,0
3.58,3219.31423947011,43.9837839308072,2,2,2,1.45,0
3.59,3223.26496424959,44.0545954828056,2,2,2,1.45,0
3.6,3227.2123850412,44.1253803795508,2,2,2,1.45,0
3.61,3231.15627347502,44.1961387666645,2,2,2,1.45,0
3.62,3235.09647584216,44.2668707460221,2,2,2,1.45,0
3.63,3239.03288931487,44.3375763896797,2,2,2,1.45,0
3.64,3242.96544576861,44.4082557493487,2,2,2,1.45,0
3.65,3246.89410076622,44.4789088628468,2,2,2,1.45,0
3.66,3250.81882605072,44.5495357584945,2,2,2,1.45,0
3.67,3254.73960442461,44.6201364581135,2,2,2,1.45,0
3.68,3258.65642625425,44.690710979074,2,2,2,1.45,0
3.69,3262.56928708143,44.7612593356931,2,2,2,1.45,0
3.7,3266.49554298319,44.8317709550436,2,2,2,1.45,0
3.71,3270.45656618904,44.9022325993151,2,2,2,1.45,0
3.72,3274.43967825005,44.9726517174905,2,2,2,1.45,0
3.73,3278.43601504008,45.0430335321622,2,2,2,1.45,0
3.74,3282.43974638841,45.1133814823549,2,2,2,1.45,0
3.75,3286.44703379446,45.1836978362999,2,2,2,1.45,0
3.76,3290.45534795361,45.2539840926504,2,2,2,1.45,0
3.77,3294.46302117982,45.3242412435926,2,2,2,1.45,0
3.78,3298.46895347677,45.3944699476261,2,2,2,1.45,0
3.79,3302.47241927486,45.464670643165,2,2,2,1.45,0
3.8,3306.47294021343,45.5348436233151,2,2,2,1.45,0
3.81,3310.47020130826,45.6049890851466,2,2,2,1.45,0
3.82,3314.46399565177,45.6751071621965,2,2,2,1.45,0
3.83,3318.45418789822,45.745197945929,2,2,2,1.45,0
3.84,3322.44069012918,45.8152614999194,2,2,2,1.45,0
3.85,3326.42344588631,45.8852978692372,2,2,2,1.45,0
3.86,3330.40241959765,45.9553070866607,2,2,2,1.45,0
3.87,3334.37758956885,46.0252891767947,2,2,2,1.45,0
3.88,3338.34894333311,46.0952441588036,2,2,2,1.45,0
3.89,3342.31647456324,46.1651720482259,2,2,2,1.45,0
3.9,3346.28018101906,46.2350728581801,2,2,2,1.45,0
3.91,3350.24006318185,46.3049466001669,2,2,2,1.45,0
3.92,3354.19612334503,46.374793284604,2,2,2,1.45,0
3.93,3358.14836500807,46.4446129211821,2,2,2,1.45,0
3.94,3362.09679247219,46.5144055191023,2,2,2,1.45,0
3.95,3366.04141057043,46.5841710872347,2,2,2,1.45,0
3.96,3369.98222448723,46.6539096342248,2,2,2,1.45,0
3.97,3373.91923963778,46.7236211685643,2,2,2,1.45,0
3.98,3377.85246158728,46.7933056986383,2,2,2,1.45,0
3.99,3381.78189599681,46.8629632327576,2,2,2,1.45,0
4,3385.70754858708,46.9325937791798,2,2,2,1.45,0
4.01,3389.6294251141,47.0021973461238,2,2,2,1.45,0
4.02,3393.54753135283,47.0717739417793,2,2,2,1.45,0
4.03,3397.46187308625,47.1413235743133,2,2,2,1.45,0
4.04,3401.37245609799,47.2108462518748,2,2,2,1.45,0
4.05,3405.27928616737,47.2803419825973,2,2,2,1.45,0
4.06,3409.18236906607,47.3498107746013,2,2,2,1.45,0
4.07,3413.08171055599,47.4192526359952,2,2,2,1.45,0
4.08,3416.97731638768,47.4886675748766,2,2,2,1.45,0
4.09,3420.86919229939,47.5580555993328,2,2,2,1.45,0
4.1,3424.75734401644,47.6274167174413,2,2,2,1.45,0
4.11,3428.64177725074,47.6967509372699,2,2,2,1.45,0
4.12,3432.52249770059,47.7660582668772,2,2,2,1.45,0
4.13,3436.39951105047,47.8353387143127,2,2,2,1.45,0
4.14,3440.27282297093,47.9045922876167,2,2,2,1.45,0
4.15,3444.1424391186,47.9738189948207,2,2,2,1.45,0
4.16,3448.00836513611,48.0430188439475,2,2,2,1.45,0
4.17,3451.8706066521,48.1121918430107,2,2,2,1.45,0
4.18,3455.72916928129,48.1813380000156,2,2,2,1.45,0
4.19,3459.58405862446,48.2504573229583,2,2,2,1.45,0
4.2,3463.43528026849,48.3195498198268,2,2,2,1.45,0
4.21,3467.28283978642,48.3886154986001,2,2,2,1.45,0
4.22,3471.12674273748,48.4576543672487,2,2,2,1.45,0
4.23,3474.96699466712,48.5266664337346,2,2,2,1.45,0
4.24,3478.8036011071,48.5956517060113,2,2,2,1.45,0
4.25,3482.63656757547,48.6646101920238,2,2,2,1.45,0
4.26,3486.46589957667,48.7335418997086,2,2,2,1.45,0
4.27,3490.29160260158,48.8024468369939,2,2,2,1.45,0
4.28,3494.11368212752,48.8713250117995,2,2,2,1.45,0
4.29,3497.93214361833,48.9401764320369,2,2,2,1.45,0
4.3,3501.74699252442,49.009001105609,2,2,2,1.45,0
4.31,3505.5582342828,49.0777990404109,2,2,2,1.45,0
4.32,3509.36587431715,49.146570244329,2,2,2,1.45,0
4.33,3513.16991803784,49.2153147252418,2,2,2,1.45,0
4.34,3516.97037084198,49.2840324910195,2,2,2,1.45,0
4.35,3520.7672381135,49.3527235495241,2,2,2,1.45,0
4.36,3524.56052522316,49.4213879086096,2,2,2,1.45,0
4.37,3528.3522996041,49.4900243086203,2,2,2,1.45,0
4.38,3532.2393467754,49.5585727970503,2,2,2,1.45,0
4.39,3536.21322230982,49.6270374781567,2,2,2,1.45,0
4.4,3540.23736724267,49.6954401234763,2,2,2,1.45,0
4.41,3544.29007760139,49.7637936625792,2,2,2,1.45,0
4.42,3548.35844112868,49.8321057924145,2,2,2,1.45,0
4.43,3552.43476295639,49.900381104843,2,2,2,1.45,0
4.44,3556.5144509826,49.9686223452292,2,2,2,1.45,0
4.45,3560.59476154008,50.0368311589569,2,2,2,1.45,0
4.46,3564.67405383046,50.1050085351312,2,2,2,1.45,0
4.47,3568.75134600292,50.1731550707528,2,2,2,1.45,0
4.48,3572.82605043665,50.2412711282431,2,2,2,1.45,0
4.49,3576.89781566598,50.3093569295051,2,2,2,1.45,0
4.5,3580.96643186303,50.3774126121632,2,2,2,1.45,0
4.51,3585.0317742516,50.4454382632314,2,2,2,1.45,0
4.52,3589.09376918824,50.5134339392946,2,2,2,1.45,0
4.53,3593.15237380578,50.581399678619,2,2,2,1.45,0
4.54,3597.20756378181,50.6493355084294,2,2,2,1.45,0
4.55,3601.25755927481,50.7172413752398,2,2,2,1.45,0
4.56,3605.28021063542,50.7851139664603,2,2,2,1.45,0
4.57,3609.27815307577,50.8529463835097,2,2,2,1.45,0
4.58,3613.25920319434,50.9207341201059,2,2,2,1.45,0
4.59,3617.22807032998,50.9884744828116,2,2,2,1.45,0
4.6,3621.18759624265,51.0561658676565,2,2,2,1.45,0
4.61,3625.13949906742,51.1238073260588,2,2,2,1.45,0
4.62,3629.08482014591,51.1913983041301,2,2,2,1.45,0
4.63,3633.02419267519,51.2589384859528,2,2,2,1.45,0
4.64,3636.95800341104,51.3264276992545,2,2,2,1.45,0
4.65,3640.88649011597,51.3938658585698,2,2,2,1.45,0
4.66,3644.80980035741,51.4612529309485,2,2,2,1.45,0
4.67,3648.72802702983,51.5285889152408,2,2,2,1.45,0
4.68,3652.64122984226,51.595873829568,2,2,2,1.45,0
4.69,3656.54944833252,51.6631077037347,2,2,2,1.45,0
4.7,3660.45270975967,51.7302905746279,2,2,2,1.45,0
4.71,3664.35103389632,51.7974224834234,2,2,2,1.45,0
4.72,3668.24443594224,51.8645034738878,2,2,2,1.45,0
4.73,3672.13292829803,51.9315335913449,2,2,2,1.45,0
4.74,3676.01652164614,51.9985128820457,2,2,2,1.45,0
4.75,3679.89522561069,52.0654413927844,2,2,2,1.45,0
4.76,3683.76904916051,52.1323191706633,2,2,2,1.45,0
4.77,3687.63800085589,52.1991462629497,2,2,2,1.45,0
4.78,3691.50208899958,52.2659227169876,2,2,2,1.45,0
4.79,3695.36132172956,52.3326485801441,2,2,2,1.45,0
4.8,3699.21570707589,52.3993238997764,2,2,2,1.45,0
4.81,3703.06525299578,52.4659487232116,2,2,2,1.45,0
4.82,3706.90996739513,52.5325230977341,2,2,2,1.45,0
4.83,3710.74985814186,52.5990470705779,2,2,2,1.45,0
4.84,3714.58493307411,52.6655206889225,2,2,2,1.45,0
4.85,3718.41520000538,52.7319439998896,2,2,2,1.45,0
4.86,3722.24066672765,52.7983170505415,2,2,2,1.45,0
4.87,3726.06134101343,52.8646398878802,2,2,2,1.45,0
4.88,3729.87723061694,52.9309125588467,2,2,2,1.45,0
4.89,3733.68834327492,52.9971351103206,2,2,2,1.45,0
4.9,3737.49468670716,53.0633075891205,2,2,2,1.45,0
4.91,3741.29626861681,53.1294300420032,2,2,2,1.45,0
4.92,3745.0930966906,53.1955025156641,2,2,2,1.45,0
4.93,3748.885178599,53.2615250567374,2,2,2,1.45,0
4.94,3752.67252199635,53.3274977117957,2,2,2,1.45,0
4.95,3756.45513452091,53.3934205273507,2,2,2,1.45,0
4.96,3760.23302379498,53.4592935498528,2,2,2,1.45,0
4.97,3764.00619742491,53.5251168256914,2,2,2,1.45,0
4.98,3767.7746630012,53.5908904011951,2,2,2,1.45,0
4.99,3771.5384280985,53.6566143226317,2,2,2,1.45,0
5,3775.2975002757,53.7222886362082,3,3,3,1,0
5.01,3621.09842964794,53.8697053051319,3,3,3,1,0
5.02,3496.58596134594,53.9974918504331,3,3,3,1,0
5.03,3395.08922039695,54.1099820892996,3,3,3,1,0
5.04,3312.29897408789,54.2103203972982,3,3,3,1,0
5.05,3244.21065192871,54.301249103918,3,3,3,1,0
5.06,3187.84038363374,54.3847722113556,3,3,3,1,0
5.07,3140.96410423108,54.4623867715944,3,3,3,1,0
5.08,3101.83084099016,54.5352349901856,3,3,3,1,0
5.09,3069.12756106544,54.6041629777664,3,3,3,1,0
5.1,3042.12428507065,54.6696789450706,3,3,3,1,0
5.11,3020.3570684441,54.7320644509906,3,3,3,1,0
5.12,3002.85445895215,54.7919137021451,3,3,3,1,0
5.13,2988.72648373582,54.84976896296,3,3,3,1,0
5.14,2977.43235751433,54.9060049258848,3,3,3,1,0
5.15,2968.50056652061,54.9609305045104,3,3,3,1,0
5.16,2961.4690631612,55.0147967225205,3,3,3,1,0
5.17,2956.1099869417,55.0677341862868,3,3,3,1,0
5.18,2952.14678699026,55.1198940627862,3,3,3,1,0
5.19,2949.28416620321,55.171432846829,3,3,3,1,0
5.2,2947.29182827257,55.2224721841144,3,3,3,1,0
5.21,2945.98924554487,55.2731071760689,3,3,3,1,0
5.22,2945.23432042945,55.3234125162729,3,3,3,1,0
5.23,2944.91166312612,55.373455680207,3,3,3,1,0
5.24,2944.92558446501,55.4233047506388,3,3,3,1,0
5.25,2945.20870728863,55.47299274252,3,3,3,1,0
5.26,2945.70747391403,55.5225453106233,3,3,3,1,0
5.27,2946.37903838863,55.5719829693219,3,3,3,1,0
5.28,2947.18908633451,55.6213221433727,3,3,3,1,0
5.29,2948.11011110176,55.6705759973415,3,3,3,1,0
5.3,2949.12004648357,55.7197550925137,3,3,3,1,0
5.31,2950.20117947588,55.7688679086152,3,3,3,1,0
5.32,2951.33928391496,55.817921259107,3,3,3,1,0
5.33,2952.52292893407,55.8669206223811,3,3,3,1,0
5.34,2953.74292618218,55.9158704062948,3,3,3,1,0
5.35,2954.99188744453,55.9647741597282,3,3,3,1,0
5.36,2956.26387027221,56.0136347419524,3,3,3,1,0
5.37,2957.55409388202,56.0624544583408,3,3,3,1,0
5.38,2958.85871123783,56.1112351691909,3,3,3,1,0
5.39,2960.17462609852,56.1599783770391,3,3,3,1,0
5.4,2961.49934608919,56.2086852967546,3,3,3,1,0
5.41,2962.83086465307,56.257356911835,3,3,3,1,0
5.42,2964.16756617283,56.3059940196371,3,3,3,1,0
5.43,2965.50814968927,56.3545972677298,3,3,3,1,0
5.44,2966.85246520865,56.4031670121664,3,3,3,1,0
5.45,2968.24152356967,56.4516967261622,3,3,3,1,0
5.46,2969.69337199145,56.5001867473519,3,3,3,1,0
5.47,2971.19212869828,56.5486434863094,3,3,3,1,0
5.48,2972.72587009346,56.5970717561247,3,3,3,1,0
5.49,2974.28563914744,56.6454751727083,3,3,3,1,0
5.5,2975.86470405063,56.6938564540316,3,3,3,1,0
5.51,2977.4580032736,56.7422176441023,3,3,3,1,0
5.52,2979.06172974563,56.7905602807779,3,3,3,1,0
5.53,2980.67301902027,56.8388855216042,3,3,3,1,0
5.54,2982.28971526466,56.8871942382417,3,3,3,1,0
5.55,2983.91019554958,56.9354870873642,3,3,3,1,0
5.56,2985.53323785045,56.9837645639164,3,3,3,1,0
5.57,2987.15792184257,57.032027041139,3,3,3,1,0
5.58,2988.78355431416,57.080274800659,3,3,3,1,0
5.59,2990.40961306872,57.1285080551214,3,3,3,1,0
5.6,2992.03570471947,57.1767269652145,3,3,3,1,0
5.61,2993.66153292603,57.2249316524829,3,3,3,1,0
5.62,2995.28687448278,57.273122208973,3,3,3,1,0
5.63,2996.91156131298,57.3212987044957,3,3,3,1,0
5.64,2998.53546690638,57.3694611920965,3,3,3,1,0
5.65,3000.1584961011,57.4176097121769,3,3,3,1,0
5.66,3001.78057738302,57.4657442956001,3,3,3,1,0
5.67,3003.40165708112,57.5138649660322,3,3,3,1,0
5.68,3005.02169499069,57.5619717417069,3,3,3,1,0
5.69,3006.64066107253,57.6100646367571,3,3,3,1,0
5.7,3008.25853296284,57.6581436622186,3,3,3,1,0
5.71,3009.87529409438,57.706208826788,3,3,3,1,0
5.72,3011.49093227837,57.7542601373945,3,3,3,1,0
5.73,3013.10543863396,57.8022975996316,3,3,3,1,0
5.74,3014.7188067799,57.8503212180827,3,3,3,1,0
5.75,3016.331032224,57.8983309965679,3,3,3,1,0
5.76,3017.94211190185,57.9463269383292,3,3,3,1,0
5.77,3019.55204382834,57.9943090461718,3,3,3,1,0
5.78,3021.16082683421,58.0422773225695,3,3,3,1,0
5.79,3022.76846036686,58.0902317697458,3,3,3,1,0
5.8,3024.37494433984,58.1381723897342,3,3,3,1,0
5.81,3025.98027901886,58.1860991844238,3,3,3,1,0
5.82,3027.58344597435,58.2340123829567,3,3,3,1,0
5.83,3029.17998805791,58.2819128619504,3,3,3,1,0
5.84,3030.77045362739,58.3298002414686,3,3,3,1,0
5.85,3032.35599138666,58.3776740559335,3,3,3,1,0
5.86,3033.93748065768,58.4255339497973,3,3,3,1,0
5.87,3035.51559476258,58.4733796516492,3,3,3,1,0
5.88,3037.09084946491,58.5212109544261,3,3,3,1,0
5.89,3038.66363999744,58.5690277002865,3,3,3,1,0
5.9,3040.23426937016,58.6168297690479,3,3,3,1,0
5.91,3041.80297001576,58.664617069345,3,3,3,1,0
5.92,3043.36992034368,58.712389531869,3,3,3,1,0
5.93,3044.93525740274,58.7601471041954,3,3,3,1,0
5.94,3046.49908656911,58.8078897468279,3,3,3,1,0
5.95,3048.06148895973,58.855617430171,3,3,3,1,0
5.96,3049.62252710662,58.9033301322127,3,3,3,1,0
5.97,3051.18224930063,58.9510278367508,3,3,3,1,0
5.98,3052.74069291765,58.998710532035,3,3,3,1,0
5.99,3054.29788696591,59.0463782097268,3,3,3,1,0
6,3055.85385403732,59.0940308641028,3,3,3,1,0
6.01,3057.4086118026,59.1416684914444,3,3,3,1,0
6.02,3058.96217415696,59.1892910895702,3,3,3,1,0
6.03,3060.51455209844,59.2368986574772,3,3,3,1,0
6.04,3062.06575440111,59.2844911950664,3,3,3,1,0
6.05,3063.61578813149,59.3320687029316,3,3,3,1,0
6.06,3065.16465904452,59.3796311821984,3,3,3,1,0
6.07,3066.71237188737,59.4271786343996,3,3,3,1,0
6.08,3068.25893063255,59.4747110613806,3,3,3,1,0
6.09,3069.80433865686,59.5222284652258,3,3,3,1,0
6.1,3071.34859887867,59.5697308482033,3,3,3,1,0
6.11,3072.89171386345,59.6172182127214,3,3,3,1,0
6.12,3074.43368590469,59.6646905612957,3,3,3,1,0
6.13,3075.97451708612,59.7121478965238,3,3,3,1,0
6.14,3077.51420932954,59.7595902210656,3,3,3,1,0
6.15,3079.05276443151,59.8070175376286,3,3,3,1,0
6.16,3080.59018409159,59.8544298489562,3,3,3,1,0
6.17,3082.12646993406,59.9018271578192,3,3,3,1,0
6.18,3083.66162352459,59.9492094670084,3,3,3,1,0
6.19,3085.1956463831,59.99657677933,3,3,3,1,0
6.2,3086.72853999361,60.0439290976011,3,3,3,1,0
6.21,3088.29383013161,60.0912510998855,3,3,3,1,0
6.22,3089.91742084189,60.1385304144645,3,3,3,1,0
6.23,3091.58184727167,60.1857743659235,3,3,3,1,0
6.24,3093.27458529016,60.2329882174336,3,3,3,1,0
6.25,3094.98684629913,60.2801756637826,3,3,3,1,0
6.26,3096.71245920121,60.3273393009104,3,3,3,1,0
6.27,3098.44708853691,60.3744809542179,3,3,3,1,0
6.28,3100.18768706761,60.4216019084028,3,3,3,1,0
6.29,3101.9321121463,60.4687030685105,3,3,3,1,0
6.3,3103.67885666557,60.5157850728745,3,3,3,1,0
6.31,3105.42686024106,60.5628483723686,3,3,3,1,0
6.32,3107.17537662913,60.6098932860512,3,3,3,1,0
6.33,3108.92388058446,60.6569200402541,3,3,3,1,0
6.34,3110.6720023955,60.7039287960534,3,3,3,1,0
6.35,3112.41948185355,60.7509196685843,3,3,3,1,0
6.36,3114.16613587335,60.7978927406261,3,3,3,1,0
6.37,3115.91183570782,60.8448480721622,3,3,3,1,0
6.38,3117.65649090798,60.8917857071085,3,3,3,1,0
6.39,3119.40003802723,60.938705678052,3,3,3,1,0
6.4,3121.14243266367,60.9856080095887,3,3,3,1,0
6.41,3122.88364385216,61.0324927206753,3,3,3,1,0
6.42,3124.62365011075,61.079359826288,3,3,3,1,0
6.43,3126.36243665256,61.1262093385912,3,3,3,1,0
6.44,3128.09999341883,61.1730412677624,3,3,3,1,0
6.45,3129.83631369072,61.2198556225745,3,3,3,1,0
6.46,3131.5713931094,61.2666524108064,3,3,3,1,0
6.47,3133.30522898394,61.3134316395334,3,3,3,1,0
6.48,3135.03781980242,61.3601933153319,3,3,3,1,0
6.49,3136.76916488639,61.4069374444248,3,3,3,1,0
6.5,3138.4992641466,61.453664032783,3,3,3,1,0
6.51,3140.22811791034,61.5003730861987,3,3,3,1,0
6.52,3141.95572679914,61.5470646103362,3,3,3,1,0
6.53,3143.68209164241,61.593738610768,3,3,3,1,0
6.54,3145.40721341612,61.6403950930008,3,3,3,1,0
6.55,3147.13109319954,61.6870340624936,3,3,3,1,0
6.56,3148.85373214451,61.7336555246704,3,3,3,1,0
6.57,3150.57513145364,61.7802594849295,3,3,3,1,0
6.58,3152.29529236499,61.8268459486499,3,3,3,1,0
6.59,3154.01421614101,61.8734149211959,3,3,3,1,0
6.6,3155.73190406091,61.9199664079203,3,3,3,1,0
6.61,3157.44835741507,61.9665004141668,3,3,3,1,0
6.62,3159.16357750118,62.0130169452718,3,3,3,1,0
6.63,3160.87756562147,62.0595160065651,3,3,3,1,0
6.64,3162.59032308072,62.1059976033714,3,3,3,1,0
6.65,3164.30185118489,62.1524617410101,3,3,3,1,0
6.66,3166.01215124015,62.1989084247966,3,3,3,1,0
6.67,3167.72122455209,62.2453376600418,3,3,3,1,0
6.68,3169.42907242535,62.291749452053,3,3,3,1,0
6.69,3171.13569616315,62.3381438061334,3,3,3,1,0
6.7,3172.84109706713,62.3845207275828,3,3,3,1,0
6.71,3174.54527643709,62.4308802216974,3,3,3,1,0
6.72,3176.24823557096,62.4772222937698,3,3,3,1,0
6.73,3177.95036876061,62.5235468253194,3,3,3,1,0
6.74,3179.67103827074,62.5698480590208,3,3,3,1,0
6.75,3181.41443589719,62.6161255619619,3,3,3,1,0
6.76,3183.17283233844,62.6623824470296,3,3,3,1,0
6.77,3184.94101203992,62.7086208152092,3,3,3,1,0
6.78,3186.7154536638,62.7548420855055,3,3,3,1,0
6.79,3188.49377856185,62.8010472169651,3,3,3,1,0
6.8,3190.27437926696,62.8472368582246,3,3,3,1,0
6.81,3192.0561690555,62.8934114483204,3,3,3,1,0
6.82,3193.83841301594,62.9395712846873,3,3,3,1,0
6.83,3195.6206140322,62.9857165690515,3,3,3,1,0
6.84,3197.4024357907,63.031847438421,3,3,3,1,0
6.85,3199.18365076348,63.0779639860215,3,3,3,1,0
6.86,3200.96443940483,63.1240662852471,3,3,3,1,0
6.87,3202.74599852813,63.1701545405383,3,3,3,1,0
6.88,3204.52794072649,63.2162290150015,3,3,3,1,0
6.89,3206.30981139588,63.2622898929806,3,3,3,1,0
6.9,3208.09130181839,63.308337299914,3,3,3,1,0
6.91,3209.87220234484,63.3543713212397,3,3,3,1,0
6.92,3211.65237062958,63.4003920152215,3,3,3,1,0
6.93,3213.43171006898,63.4463994216559,3,3,3,1,0
6.94,3215.21015515974,63.4923935677834,3,3,3,1,0
6.95,3216.98766155235,63.5383744723051,3,3,3,1,0
6.96,3218.76419929111,63.5843421481118,3,3,3,1,0
6.97,3220.53974821827,63.6302966041401,3,3,3,1,0
6.98,3222.31429484802,63.676237846634,3,3,3,1,0
6.99,3224.08783023956,63.7221658800041,3,3,3,1,0
7,3225.86034854926,63.7680807074118,3,3,3,1,0
7.01,3227.6318460448,63.8139823311675,3,3,3,1,0
7.02,3229.40232043352,63.8598707530017,3,3,3,1,0
7.03,3231.17177040474,63.9057459742499,3,3,3,1,0
7.04,3232.94019531776,63.9516079959784,3,3,3,1,0
7.05,3234.70759498899,63.9974568190703,3,3,3,1,0
7.06,3236.4739695468,64.0432924442842,3,3,3,1,0
7.07,3238.2393193324,64.0891148722939,3,3,3,1,0
7.08,3240.00364483217,64.1349241037162,3,3,3,1,0
7.09,3241.76694663145,64.1807201391292,3,3,3,1,0
7.1,3243.52922538298,64.226502979085,3,3,3,1,0
7.11,3245.29048178525,64.2722726241188,3,3,3,1,0
7.12,3247.0507165678,64.3180290747545,3,3,3,1,0
7.13,3248.80993048109,64.3637723315089,3,3,3,1,0
7.14,3250.5681242896,64.4095023948945,3,3,3,1,0
7.15,3252.32529876707,64.4552192654214,3,3,3,1,0
7.16,3254.08145469332,64.5009229435987,3,3,3,1,0
7.17,3255.83659285198,64.5466134299352,3,3,3,1,0
7.18,3257.590714029,64.5922907249401,3,3,3,1,0
7.19,3259.34381901158,64.6379548291237,3,3,3,1,0
7.2,3261.09590858747,64.6836057429971,3,3,3,1,0
7.21,3262.8469835445,64.729243467073,3,3,3,1,0
7.22,3264.59704467022,64.7748680018655,3,3,3,1,0
7.23,3266.34609275168,64.8204793478901,3,3,3,1,0
7.24,3268.09412857527,64.8660775056643,3,3,3,1,0
7.25,3269.84115292661,64.9116624757069,3,3,3,1,0
7.26,3271.58716659048,64.9572342585386,3,3,3,1,0
7.27,3273.33217035078,65.0027928546819,3,3,3,1,0
7.28,3275.07616499048,65.0483382646608,3,3,3,1,0
7.29,3276.81915129162,65.0938704890014,3,3,3,1,0
7.3,3278.56113003525,65.1393895282314,3,3,3,1,0
7.31,3280.30210200147,65.1848953828801,3,3,3,1,0
7.32,3282.04206796942,65.2303880534789,3,3,3,1,0
7.33,3283.78102871723,65.2758675405608,3,3,3,1,0
7.34,3285.51898502206,65.3213338446606,3,3,3,1,0
7.35,3287.25593766011,65.3667869663148,3,3,3,1,0
7.36,3288.99188740656,65.4122269060619,3,3,3,1,0
7.37,3290.72683503564,65.4576536644421,3,3,3,1,0
7.38,3292.46095410389,65.5030671696125,3,3,3,1,0
7.39,3294.20582351856,65.5484625462718,3,3,3,1,0
7.4,3295.96605913754,65.5938377697104,3,3,3,1,0
7.41,3297.73613054459,65.6391950816952,3,3,3,1,0
7.42,3299.51237949228,65.6845359654209,3,3,3,1,0
7.43,3301.29238485642,65.7298614028323,3,3,3,1,0
7.44,3303.07454353076,65.7751720444421,3,3,3,1,0
7.45,3304.85779361378,65.8204683214907,3,3,3,1,0
7.46,3306.64143145462,65.8657505200746,3,3,3,1,0
7.47,3308.4249906624,65.9110188301672,3,3,3,1,0
7.48,3310.20816205039,65.9562733780546,3,3,3,1,0
7.49,3311.99074063928,66.0015142478066,3,3,3,1,0
7.5,3313.7725905571,66.046741495498,3,3,3,1,0
7.51,3315.55362178154,66.0919551586307,3,3,3,1,0
7.52,3317.33377472248,66.1371552623796,3,3,3,1,0
7.53,3319.11300999725,66.1823418237356,3,3,3,1,0
7.54,3320.89130164688,66.2275148542529,3,3,3,1,0
7.55,3322.66863263327,66.2726743618738,3,3,3,1,0
7.56,3324.44499184919,66.3178203521398,3,3,3,1,0
7.57,3326.22037213203,66.3629528289961,3,3,3,1,0
7.58,3327.99476894368,66.4080717953263,3,3,3,1,0
7.59,3329.7681794929,66.4531772533083,3,3,3,1,0
7.6,3331.54060215154,66.4982692046502,3,3,3,1,0
7.61,3333.31203606606,66.5433476507483,3,3,3,1,0
7.62,3335.08248089899,66.5884125927914,3,3,3,1,0
7.63,3336.85193665667,66.6334640318306,3,3,3,1,0
7.64,3338.62040357454,66.6785019688259,3,3,3,1,0
7.65,3340.38788204067,66.7235264046771,3,3,3,1,0
7.66,3342.15437254479,66.7685373402446,3,3,3,1,0
7.67,3343.91987564422,66.813534776363,3,3,3,1,0
7.68,3345.68439194124,66.8585187138502,3,3,3,1,0
7.69,3347.44792206789,66.9034891535138,3,3,3,1,0
7.7,3349.21046667589,66.9484460961552,3,3,3,1,0
7.71,3350.97202642983,66.9933895425719,3,3,3,1,0
7.72,3352.73260200271,67.0383194935601,3,3,3,1,0
7.73,3354.49219407287,67.0832359499151,3,3,3,1,0
7.74,3356.250803322,67.1281389124326,3,3,3,1,0
7.75,3358.00843043378,67.1730283819093,3,3,3,1,0
7.76,3359.76507609295,67.2179043591429,3,3,3,1,0
7.77,3361.52074098475,67.2627668449326,3,3,3,1,0
7.78,3363.2754257945,67.3076158400794,3,3,3,1,0
7.79,3365.0291312073,67.3524513453859,3,3,3,1,0
7.8,3366.78185790789,67.3972733616565,3,3,3,1,0
7.81,3368.53360658048,67.4420818896973,3,3,3,1,0
7.82,3370.28437790873,67.4868769303167,3,3,3,1,0
7.83,3372.03417257565,67.5316584843247,3,3,3,1,0
7.84,3373.78299126358,67.5764265525332,3,3,3,1,0
7.85,3375.53083465416,67.6211811357563,3,3,3,1,0
7.86,3377.27770342833,67.6659222348098,3,3,3,1,0
7.87,3379.0235982663,67.7106498505116,3,3,3,1,0
7.88,3380.76851984755,67.7553639836814,3,3,3,1,0
7.89,3382.51246885084,67.8000646351411,3,3,3,1,0
7.9,3384.2554459542,67.8447518057143,3,3,3,1,0
7.91,3385.9974518349,67.8894254962267,3,3,3,1,0
7.92,3387.73848716951,67.9340857075059,3,3,3,1,0
7.93,3389.47855263385,67.9787324403816,3,3,3,1,0
7.94,3391.21764890299,68.0233656956852,3,3,3,1,0
7.95,3392.9557766513,68.0679854742504,3,3,3,1,0
7.96,3394.6929365524,68.1125917769125,3,3,3,1,0
7.97,3396.42912927917,68.1571846045091,3,3,3,1,0
7.98,3398.16435550379,68.2017639578795,3,3,3,1,0
7.99,3399.89861589767,68.2463298378651,3,3,3,1,0
8,3401.63191113153,68.2908822453092,3,3,3,1,0
8.01,3403.36424187535,68.3354211810571,3,3,3,1,0
8.02,3405.09560879838,68.3799466459561,3,3,3,1,0
8.03,3406.82601256916,68.4244586408554,3,3,3,1,0
8.04,3408.55545385548,68.4689571666061,3,3,3,1,0
8.05,3410.28393332444,68.5134422240615,3,3,3,1,0
8.06,3412.01145164241,68.5579138140766,3,3,3,1,0
8.07,3413.73800947504,68.6023719375085,3,3,3,1,0
8.08,3415.46360748725,68.6468165952162,3,3,3,1,0
8.09,3417.18824634326,68.6912477880607,3,3,3,1,0
8.1,3418.91192670657,68.7356655169051,3,3,3,1,0
8.11,3420.63464923996,68.7800697826142,3,3,3,1,0
8.12,3422.35641460552,68.824460586055,3,3,3,1,0
8.13,3424.07722346459,68.8688379280962,3,3,3,1,0
8.14,3425.79707647783,68.9132018096088,3,3,3,1,0
8.15,3427.51597430519,68.9575522314654,3,3,3,1,0
8.16,3429.23391760589,69.0018891945409,3,3,3,1,0
8.17,3430.95090703846,69.046212699712,3,3,3,1,0
8.18,3432.66694326074,69.0905227478574,3,3,3,1,0
8.19,3434.38202692982,69.1348193398577,3,3,3,1,0
8.2,3436.09615870213,69.1791024765955,3,3,3,1,0
8.21,3437.80933923339,69.2233721589554,3,3,3,1,0
8.22,3439.5215691786,69.267628387824,3,3,3,1,0
8.23,3441.23284919207,69.3118711640897,3,3,3,1,0
8.24,3442.94317992742,69.3561004886431,3,3,3,1,0
8.25,3444.65256203757,69.4003163623766,3,3,3,1,0
8.26,3446.36099617474,69.4445187861845,3,3,3,1,0
8.27,3448.06848299045,69.4887077609634,3,3,3,1,0
8.28,3449.77502313553,69.5328832876114,3,3,3,1,0
8.29,3451.48061726014,69.577045367029,3,3,3,1,0
8.3,3453.1852660137,69.6211940001183,3,3,3,1,0
8.31,3454.88897004499,69.6653291877836,3,3,3,1,0
8.32,3456.59173000207,69.7094509309312,3,3,3,1,0
8.33,3458.29354653232,69.7535592304692,3,3,3,1,0
8.34,3459.99442028245,69.7976540873076,3,3,3,1,0
8.35,3461.69435189845,69.8417355023587,3,3,3,1,0
8.36,3463.39334202565,69.8858034765365,3,3,3,1,0
8.37,3465.0913913087,69.929858010757,3,3,3,1,0
8.38,3466.78850039155,69.9738991059383,3,3,3,1,0
8.39,3468.48466991748,70.0179267630002,3,3,3,1,0
8.4,3470.1799005291,70.0619409828647,3,3,3,1,0
8.41,3471.87419286832,70.1059417664558,3,3,3,1,0
8.42,3473.56754757638,70.1499291146992,3,3,3,1,0
8.43,3475.25996529385,70.1939030285228,3,3,3,1,0
8.44,3476.95144666063,70.2378635088564,3,3,3,1,0
8.45,3478.64199231592,70.2818105566318,3,3,3,1,0
8.46,3480.33160289828,70.3257441727826,3,3,3,1,0
8.47,3482.02027904557,70.3696643582446,3,3,3,1,0
8.48,3483.70802139499,70.4135711139554,3,3,3,1,0
8.49,3485.39483058308,70.4574644408547,3,3,3,1,0
8.5,3487.0807072457,70.501344339884,3,3,3,1,0
8.51,3488.76565201805,70.545210811987,3,3,3,1,0
8.52,3490.44966553464,70.589063858109,3,3,3,1,0
8.53,3492.13274842936,70.6329034791976,3,3,3,1,0
8.54,3493.81490133539,70.6767296762023,3,3,3,1,0
8.55,3495.49612488527,70.7205424500744,3,3,3,1,0
8.56,3497.17641971089,70.7643418017674,3,3,3,1,0
8.57,3498.85578644344,70.8081277322365,3,3,3,1,0
8.58,3500.53422571349,70.8519002424392,3,3,3,1,0
8.59,3502.21173815093,70.8956593333347,3,3,3,1,0
8.6,3503.888324385,70.9394050058842,3,3,3,1,0
8.61,3505.56398504429,70.9831372610509,3,3,3,1,0
8.62,3507.2387207567,71.0268560998,3,3,3,1,0
8.63,3508.91253214953,71.0705615230987,3,3,3,1,0
8.64,3510.58541984938,71.114253531916,3,3,3,1,0
8.65,3512.25738448223,71.157932127223,3,3,3,1,0
8.66,3513.92842667339,71.2015973099928,3,3,3,1,0
8.67,3515.59854704752,71.2452490812004,3,3,3,1,0
8.68,3517.26774622864,71.2888874418226,3,3,3,1,0
8.69,3518.93602484012,71.3325123928384,3,3,3,1,0
8.7,3520.60338350468,71.3761239352288,3,3,3,1,0
8.71,3522.2698228444,71.4197220699766,3,3,3,1,0
8.72,3523.9353434807,71.4633067980665,3,3,3,1,0
8.73,3525.59994603438,71.5068781204854,3,3,3,1,0
8.74,3527.26363112558,71.5504360382221,3,3,3,1,0
8.75,3528.92639937381,71.5939805522671,3,3,3,1,0
8.76,3530.58825139792,71.6375116636132,3,3,3,1,0
8.77,3532.24918781615,71.6810293732551,3,3,3,1,0
8.78,3533.90920924608,71.7245336821893,3,3,3,1,0
8.79,3535.56831630465,71.7680245914144,3,3,3,1,0
8.8,3537.22650960817,71.8115021019309,3,3,3,1,0
8.81,3538.88378977234,71.8549662147413,3,3,3,1,0
8.82,3540.54015741217,71.89841693085,3,3,3,1,0
8.83,3542.1956131421,71.9418542512635,3,3,3,1,0
8.84,3543.85015757589,71.9852781769901,3,3,3,1,0
8.85,3545.50379132669,72.0286887090403,3,3,3,1,0
8.86,3547.15651500701,72.0720858484261,3,3,3,1,0
8.87,3548.80832922875,72.115469596162,3,3,3,1,0
8.88,3550.45923460316,72.1588399532641,3,3,3,1,0
8.89,3552.10923174088,72.2021969207507,3,3,3,1,0
8.9,3553.7583212519,72.2455404996419,3,3,3,1,0
8.91,3555.40650374562,72.2888706909597,3,3,3,1,0
8.92,3557.05377983079,72.3321874957282,3,3,3,1,0
8.93,3558.7031340422,72.375489646449,3,3,3,1,0
8.94,3560.39631964079,72.4187592804739,3,3,3,1,0
8.95,3562.12756407894,72.4619985165944,3,3,3,1,0
8.96,3563.88123923706,72.5052137681887,3,3,3,1,0
8.97,3565.64799381456,72.5484088734253,3,3,3,1,0
8.98,3567.42222724319,72.591586131699,3,3,3,1,0
8.99,3569.20058281221,72.6347469218649,3,3,3,1,0
9,3570.98104740351,72.6778920715847,3,3,3,1,0
9.01,3572.76241303117,72.7210220782317,3,3,3,1,0
9.02,3574.54395449498,72.7641372411309,3,3,3,1,0
9.03,3576.32523626593,72.807237740782,3,3,3,1,0
9.04,3578.10599671719,72.8503236863507,3,3,3,1,0
9.05,3579.88607868081,72.8933951441555,3,3,3,1,0
9.06,3581.66538776854,72.9364521547654,3,3,3,1,0
9.07,3583.44386734282,72.9794947432665,3,3,3,1,0
9.08,3585.22148347815,73.0225229254312,3,3,3,1,0
9.09,3586.9982159206,73.0655367114262,3,3,3,1,0
9.1,3588.77405264996,73.1085361080432,3,3,3,1,0
9.11,3590.54898660743,73.1515211200411,3,3,3,1,0
9.12,3592.32301372523,73.194491750954,3,3,3,1,0
9.13,3594.0961317397,73.2374480035783,3,3,3,1,0
9.14,3595.86833947581,73.2803898802661,3,3,3,1,0
9.15,3597.63963641578,73.3233173831018,3,3,3,1,0
9.16,3599.41002243878,73.3662305140094,3,3,3,1,0
9.17,3601.1763374688,73.4091291485279,3,3,3,1,0
9.18,3602.93054381794,73.4520116288753,3,3,3,1,0
9.19,3604.6765140055,73.4948761054799,3,3,3,1,0
9.2,3606.41704442114,73.5377214615044,3,3,3,1,0
9.21,3608.15381565168,73.5805470293613,3,3,3,1,0
9.22,3609.88783837543,73.6233524111741,3,3,3,1,0
9.23,3611.61972087903,73.6661373710648,3,3,3,1,0
9.24,3613.34982962112,73.7089017705081,3,3,3,1,0
9.25,3615.07838564882,73.7516455295133,3,3,3,1,0
9.26,3616.80552252447,73.7943686033039,3,3,3,1,0
9.27,3618.53132114664,73.8370709682991,3,3,3,1,0
9.28,3620.2558306935,73.8797526136834,3,3,3,1,0
9.29,3621.97908122636,73.922413536333,3,3,3,1,0
9.3,3623.70109127874,73.965053737761,3,3,3,1,0
9.31,3625.42187242858,74.007673222277,3,3,3,1,0
9.32,3627.14143205449,74.0502719958778,3,3,3,1,0
9.33,3628.85977499822,74.0928500655783,3,3,3,1,0
9.34,3630.57690456793,74.1354074390078,3,3,3,1,0
9.35,3632.29282314407,74.1779441241661,3,3,3,1,0
9.36,3634.00753254542,74.220460129276,3,3,3,1,0
9.37,3635.72103425039,74.2629554626947,3,3,3,1,0
9.38,3637.43332953084,74.3054301328595,3,3,3,1,0
9.39,3639.14441953312,74.3478841482556,3,3,3,1,0
9.4,3640.85430532712,74.3903175173959,3,3,3,1,0
9.41,3642.56298793597,74.4327302488096,3,3,3,1,0
9.42,3644.27046835412,74.4751223510344,3,3,3,1,0
9.43,3645.97674755818,74.5174938326124,3,3,3,1,0
9.44,3647.68182651365,74.5598447020875,3,3,3,1,0
9.45,3649.38570617887,74.6021749680035,3,3,3,1,0
9.46,3651.08838750754,74.6444846389035,3,3,3,1,0
9.47,3652.78987145015,74.6867737233289,3,3,3,1,0
9.48,3654.49015895489,74.7290422298192,3,3,3,1,0
9.49,3656.18925096826,74.771290166912,3,3,3,1,0
9.5,3657.88714843533,74.8135175431425,3,3,3,1,0
9.51,3659.58385230002,74.8557243670435,3,3,3,1,0
9.52,3661.27936350514,74.8979106471458,3,3,3,1,0
9.53,3662.97368299255,74.9400763919774,3,3,3,1,0
9.54,3664.66681170315,74.982221610064,3,3,3,1,0
9.55,3666.35875057696,75.024346309929,3,3,3,1,0
9.56,3668.04950055307,75.0664505000933,3,3,3,1,0
9.57,3669.73906256972,75.1085341890753,3,3,3,1,0
9.58,3671.42743756426,75.150597385391,3,3,3,1,0
9.59,3673.11462647318,75.192640097554,3,3,3,1,0
9.6,3674.80063023212,75.2346623340754,3,3,3,1,0
9.61,3676.48544977583,75.2766641034639,3,3,3,1,0
9.62,3678.16908603822,75.3186454142257,3,3,3,1,0
9.63,3679.85153995235,75.3606062748647,3,3,3,1,0
9.64,3681.53281245039,75.4025466938821,3,3,3,1,0
9.65,3683.21290446369,75.444466679777,3,3,3,1,0
9.66,3684.89181692273,75.4863662410458,3,3,3,1,0
9.67,3686.56955075713,75.5282453861825,3,3,3,1,0
9.68,3688.24610689568,75.5701041236788,3,3,3,1,0
9.69,3689.92148626629,75.6119424620238,3,3,3,1,0
9.7,3691.59568979605,75.6537604097042,3,3,3,1,0
9.71,3693.26871841117,75.6955579752044,3,3,3,1,0
9.72,3694.94057303703,75.7373351670062,3,3,3,1,0
9.73,3696.61125459817,75.7790919935889,3,3,3,1,0
9.74,3698.28076401826,75.8208284634296,3,3,3,1,0
9.75,3699.94910222014,75.8625445850028,3,3,3,1,0
9.76,3701.61627012581,75.9042403667806,3,3,3,1,0
9.77,3703.28226865641,75.9459158172327,3,3,3,1,0
9.78,3704.94709873226,75.9875709448263,3,3,3,1,0
9.79,3706.61076127281,76.0292057580262,3,3,3,1,0
9.8,3708.27325719668,76.0708202652947,3,3,3,1,0
9.81,3709.93458742168,76.1124144750918,3,3,3,1,0
9.82,3711.59475286473,76.153988395875,3,3,3,1,0
9.83,3713.25375444195,76.1955420360994,3,3,3,1,0
9.84,3714.9115930686,76.2370754042175,3,3,3,1,0
9.85,3716.56826965913,76.2785885086796,3,3,3,1,0
9.86,3718.22378512713,76.3200813579334,3,3,3,1,0
9.87,3719.87814038537,76.3615539604243,3,3,3,1,0
9.88,3721.53133634577,76.4030063245951,3,3,3,1,0
9.89,3723.18337391944,76.4444384588864,3,3,3,1,0
9.9,3724.83425401665,76.4858503717361,3,3,3,1,0
9.91,3726.48397754683,76.5272420715798,3,3,3,1,0
9.92,3728.1325454186,76.5686135668508,3,3,3,1,0
9.93,3729.77995853973,76.6099648659798,3,3,3,1,0
9.94,3731.42621781717,76.651295977395,3,3,3,1,0
9.95,3733.07132415705,76.6926069095224,3,3,3,1,0
9.96,3734.71527846467,76.7338976707855,3,3,3,1,0
9.97,3736.3580816445,76.7751682696051,3,3,3,1,0
9.98,3737.9997346002,76.8164187144001,3,3,3,1,0
9.99,3739.64023823459,76.8576490135864,3,3,3,1,0
10,3741.27959344967,76.898859175578,3,3,3,1,0
10.01,3756.19255026403,76.9413788015424,3,3,3,1,0
10.02,3766.06949172129,76.9858911549931,3,3,3,1,0
10.03,3772.77843926335,77.0316495748317,3,3,3,1,0
10.04,3777.55058795792,77.0781606280004,3,3,3,1,0
10.05,3781.159056387,77.1251140087449,3,3,3,1,0
10.06,3784.07536045854,77.1723203112953,3,3,3,1,0
10.07,3786.58216601614,77.2196659418917,3,3,3,1,0
10.08,3788.8472498968,77.2670834644963,3,3,3,1,0
10.09,3790.96964037816,77.3145330754582,3,3,3,1,0
10.1,3793.00761125701,77.3619913555439,3,3,3,1,0
10.11,3794.99540254684,77.4094445488791,3,3,3,1,0
10.12,3796.95312043542,77.4568845827092,3,3,3,1,0
10.13,3798.89257059297,77.5043067218944,3,3,3,1,0
10.14,3800.82068655545,77.5517081903385,3,3,3,1,0
10.15,3802.74154220807,77.5990873617547,3,3,3,1,0
10.16,3804.65753259412,77.64644328486,3,3,3,1,0
10.17,3806.57006674575,77.6937754047951,3,3,3,1,0
10.18,3808.47997430491,77.7410833996318,3,3,3,1,0
10.19,3810.38774426834,77.7883670843831,3,3,3,1,0
10.2,3812.29366523661,77.8356263546171,3,3,3,1,0
10.21,3814.19790784854,77.8828611533162,3,3,3,1,0
10.22,3816.10057326261,77.930071451387,3,3,3,1,0
10.23,3818.00172168711,77.977257236192,3,3,3,1,0
10.24,3819.90138917993,78.0244185047959,3,3,3,1,0
10.25,3821.7995975471,78.0715552599873,3,3,3,1,0
10.26,3823.69636017875,78.1186675079329,3,3,3,1,0
10.27,3825.591685492,78.1657552567938,3,3,3,1,0
10.28,3827.48557896336,78.2128185159084,3,3,3,1,0
10.29,3829.37804432921,78.2598572953104,3,3,3,1,0
10.3,3831.2690842954,78.3068716054432,3,3,3,1,0
10.31,3833.15870095686,78.3538614569918,3,3,3,1,0
10.32,3835.04689604597,78.4008268607824,3,3,3,1,0
10.33,3836.93367107961,78.4477678277238,3,3,3,1,0
10.34,3838.81902744628,78.4946843687721,3,3,3,1,0
10.35,3840.7029664578,78.54157649491,3,3,3,1,0
10.36,3842.58548937993,78.5884442171348,3,3,3,1,0
10.37,3844.46659745057,78.6352875464505,3,3,3,1,0
10.38,3846.34629189057,78.682106493864,3,3,3,1,0
10.39,3848.22457391016,78.7289010703823,3,3,3,1,0
10.4,3850.10144471276,78.7756712870109,3,3,3,1,0
10.41,3851.97690549728,78.8224171547529,3,3,3,1,0
10.42,3853.85095745943,78.8691386846088,3,3,3,1,0
10.43,3855.72360179256,78.9158358875756,3,3,3,1,0
10.44,3857.59483968816,78.9625087746471,3,3,3,1,0
10.45,3859.46467233609,79.0091573568135,3,3,3,1,0
10.46,3861.3331009248,79.0557816450614,3,3,3,1,0
10.47,3863.20012664143,79.1023816503738,3,3,3,1,0
10.48,3865.06575067185,79.1489573837302,3,3,3,1,0
10.49,3866.92997420071,79.1955088561064,3,3,3,1,0
10.5,3868.79279841147,79.2420360784743,3,3,3,1,0
10.51,3870.6542244864,79.2885390618025,3,3,3,1,0
10.52,3872.51425360662,79.3350178170556,3,3,3,1,0
10.53,3874.37288695205,79.3814723551948,3,3,3,1,0
10.54,3876.23012570148,79.4279026871775,3,3,3,1,0
10.55,3878.0859710325,79.4743088239574,3,3,3,1,0
10.56,3879.9404241216,79.5206907764846,3,3,3,1,0
10.57,3881.79348614405,79.5670485557057,3,3,3,1,0
10.58,3883.64515827403,79.6133821725632,3,3,3,1,0
10.59,3885.49544168452,79.6596916379963,3,3,3,1,0
10.6,3887.34433754738,79.7059769629406,3,3,3,1,0
10.61,3889.19184703331,79.7522381583276,3,3,3,1,0
10.62,3891.03797131185,79.7984752350856,3,3,3,1,0
10.63,3892.88271155143,79.8446882041389,3,3,3,1,0
10.64,3894.72606891929,79.8908770764084,3,3,3,1,0
10.65,3896.56804458157,79.9370418628113,3,3,3,1,0
10.66,3898.40863970323,79.9831825742609,3,3,3,1,0
10.67,3900.24785544813,80.0292992216671,3,3,3,1,0
10.68,3902.08569297896,80.0753918159361,3,3,3,1,0
10.69,3903.92215345728,80.1214603679703,3,3,3,1,0
10.7,3905.75723804351,80.1675048886687,3,3,3,1,0
10.71,3907.59094789696,80.2135253889265,3,3,3,1,0
10.72,3909.42328417578,80.2595218796351,3,3,3,1,0
10.73,3911.25424803699,80.3054943716824,3,3,3,1,0
10.74,3913.0838406365,80.3514428759529,3,3,3,1,0
10.75,3914.91206312906,80.3973674033269,3,3,3,1,0
10.76,3916.73891666833,80.4432679646815,3,3,3,1,0
10.77,3918.5644024068,80.48914457089,3,3,3,1,0
10.78,3920.38852149586,80.534997232822,3,3,3,1,0
10.79,3922.21127508579,80.5808259613436,3,3,3,1,0
10.8,3924.03266432571,80.6266307673171,3,3,3,1,0
10.81,3925.85269036365,80.6724116616012,3,3,3,1,0
10.82,3927.67135434651,80.718168655051,3,3,3,1,0
10.83,3929.48865742006,80.763901758518,3,3,3,1,0
10.84,3931.30460072897,80.8096109828499,3,3,3,1,0
10.85,3933.11918541679,80.8552963388909,3,3,3,1,0
10.86,3934.93241262594,80.9009578374815,3,3,3,1,0
10.87,3936.74428349776,80.9465954894586,3,3,3,1,0
10.88,3938.55479917243,80.9922093056554,3,3,3,1,0
10.89,3940.36396078907,81.0377992969015,3,3,3,1,0
10.9,3942.17176948566,81.0833654740229,3,3,3,1,0
10.91,3943.97822639908,81.128907847842,3,3,3,1,0
10.92,3945.78333266509,81.1744264291773,3,3,3,1,0
10.93,3947.58708941837,81.2199212288439,3,3,3,1,0
10.94,3949.38949779248,81.2653922576534,3,3,3,1,0
10.95,3951.19055891988,81.3108395264134,3,3,3,1,0
10.96,3952.99027393193,81.3562630459282,3,3,3,1,0
10.97,3954.78864395888,81.4016628269983,3,3,3,1,0
10.98,3956.5856701299,81.4470388804205,3,3,3,1,0
10.99,3958.38135357305,81.4923912169882,3,3,3,1,0
11,3960.17569541528,81.537719847491,3,3,3,1,0
11.01,3961.96869678248,81.5830247827149,3,3,3,1,0
11.02,3963.76035879942,81.6283060334424,3,3,3,1,0
11.03,3965.55068258978,81.673563610452,3,3,3,1,0
11.04,3967.33966927616,81.7187975245192,3,3,3,1,0
11.05,3969.12731998006,81.7640077864152,3,3,3,1,0
11.06,3970.9136358219,81.8091944069081,3,3,3,1,0
11.07,3972.698617921,81.8543573967621,3,3,3,1,0
11.08,3974.4822673956,81.8994967667379,3,3,3,1,0
11.09,3976.26458536286,81.9446125275924,3,3,3,1,0
11.1,3978.04557293886,81.9897046900792,3,3,3,1,0
11.11,3979.82523123858,82.0347732649479,3,3,3,1,0
11.12,3981.60356137594,82.0798182629448,3,3,3,1,0
11.13,3983.38056446376,82.1248396948125,3,3,3,1,0
11.14,3985.1562416138,82.1698375712898,3,3,3,1,0
11.15,3986.93059393674,82.2148119031121,3,3,3,1,0
11.16,3988.70362254216,82.2597627010112,3,3,3,1,0
11.17,3990.47532853861,82.304689975715,3,3,3,1,0
11.18,3992.24571303352,82.3495937379481,3,3,3,1,0
11.19,3994.01477713328,82.3944739984314,3,3,3,1,0
11.2,3995.7825219432,82.439330767882,3,3,3,1,0
11.21,3997.54894856751,82.4841640570138,3,3,3,1,0
11.22,3999.31405810939,82.5289738765366,3,3,3,1,0
11.23,4001.07800488217,82.5737602426833,3,3,3,1,0
11.24,4002.84125310545,82.6185232451562,3,3,3,1,0
11.25,4004.60362526891,82.6632629927177,3,3,3,1,0
11.26,4006.36496516215,82.7079795585696,3,3,3,1,0
11.27,4008.12517538219,82.7526729923605,3,3,3,1,0
11.28,4009.88419531345,82.7973433290041,3,3,3,1,0
11.29,4011.64198736431,82.8419905941916,3,3,3,1,0
11.3,4013.39852836016,82.8866148078377,3,3,3,1,0
11.31,4015.15380415828,82.9312159862375,3,3,3,1,0
11.32,4016.90780627686,82.9757941434161,3,3,3,1,0
11.33,4018.66052978376,83.0203492919739,3,3,3,1,0
11.34,4020.41197197368,83.0648814436161,3,3,3,1,0
11.35,4022.16213153878,83.1093906094853,3,3,3,1,0
11.36,4023.91100804852,83.153876800369,3,3,3,1,0
11.37,4025.65860162324,83.198340026831,3,3,3,1,0
11.38,4027.40491272925,83.2427802992926,3,3,3,1,0
11.39,4029.14994205005,83.2871976280852,3,3,3,1,0
11.4,4030.89369040547,83.3315920234816,3,3,3,1,0
11.41,4032.63615870078,83.3759634957171,3,3,3,1,0
11.42,4034.37734789471,83.4203120550019,3,3,3,1,0
11.43,4036.11725897932,83.4646377115296,3,3,3,1,0
11.44,4037.85589296729,83.5089404754817,3,3,3,1,0
11.45,4039.59325088397,83.5532203570313,3,3,3,1,0
11.46,4041.32933376231,83.5974773663447,3,3,3,1,0
11.47,4043.06414263973,83.6417115135831,3,3,3,1,0
11.48,4044.79767855607,83.6859228089031,3,3,3,1,0
11.49,4046.52994255235,83.7301112624571,3,3,3,1,0
11.5,4048.26093567,83.7742768843942,3,3,3,1,0
11.51,4049.9906589503,83.8184196848596,3,3,3,1,0
11.52,4051.71911343411,83.8625396739954,3,3,3,1,0
11.53,4053.44630016165,83.9066368619403,3,3,3,1,0
11.54,4055.17222017236,83.9507112588298,3,3,3,1,0
11.55,4056.89687450485,83.9947628747963,3,3,3,1,0
11.56,4058.62026419684,84.0387917199688,3,3,3,1,0
11.57,4060.34239028511,84.0827978044734,3,3,3,1,0
11.58,4062.06325380551,84.1267811384327,3,3,3,1,0
11.59,4063.78285579292,84.1707417319666,3,3,3,1,0
11.6,4065.50119728127,84.2146795951914,3,3,3,1,0
11.61,4067.2182793035,84.2585947382207,3,3,3,1,0
11.62,4068.9341028916,84.3024871711645,3,3,3,1,0
11.63,4070.64866907658,84.34635690413,3,3,3,1,0
11.64,4072.36197888849,84.3902039472211,3,3,3,1,0
11.65,4074.07403335639,84.4340283105387,3,3,3,1,0
11.66,4075.78483350838,84.4778300041803,3,3,3,1,0
11.67,4077.49438037159,84.5216090382406,3,3,3,1,0
11.68,4079.20267497217,84.5653654228109,3,3,3,1,0
11.69,4080.90971833533,84.6090991679794,3,3,3,1,0
11.7,4082.61551148528,84.6528102838314,3,3,3,1,0
11.71,4084.32005544529,84.6964987804486,3,3,3,1,0
11.72,4086.02335123764,84.7401646679101,3,3,3,1,0
11.73,4087.72539988367,84.7838079562915,3,3,3,1,0
11.74,4089.42620240374,84.8274286556654,3,3,3,1,0
11.75,4091.12575981725,84.8710267761012,3,3,3,1,0
11.76,4092.82407314266,84.9146023276652,3,3,3,1,0
11.77,4094.52114339744,84.9581553204206,3,3,3,1,0
11.78,4096.21697159813,85.0016857644274,3,3,3,1,0
11.79,4097.91155876029,85.0451936697426,3,3,3,1,0
11.8,4099.60490589853,85.0886790464198,3,3,3,1,0
11.81,4101.29701402651,85.1321419045097,3,3,3,1,0
11.82,4102.98788415694,85.1755822540598,3,3,3,1,0
11.83,4104.67751730156,85.2190001051146,3,3,3,1,0
11.84,4106.36591447118,85.2623954677151,3,3,3,1,0
11.85,4108.05307667564,85.3057683518995,3,3,3,1,0
11.86,4109.73900492384,85.3491187677029,3,3,3,1,0
11.87,4111.42370022372,85.3924467251569,3,3,3,1,0
11.88,4113.1071635823,85.4357522342904,3,3,3,1,0
11.89,4114.78939600562,85.4790353051289,3,3,3,1,0
11.9,4116.47039849879,85.5222959476949,3,3,3,1,0
11.91,4118.15017206599,85.5655341720076,3,3,3,1,0
11.92,4119.82871771042,85.6087499880833,3,3,3,1,0
11.93,4121.50603643437,85.6519434059351,3,3,3,1,0
11.94,4123.18212923918,85.6951144355728,3,3,3,1,0
11.95,4124.85699712525,85.7382630870033,3,3,3,1,0
11.96,4126.53064109203,85.7813893702302,3,3,3,1,0
11.97,4128.20306213805,85.8244932952541,3,3,3,1,0
11.98,4129.87426126088,85.8675748720724,3,3,3,1,0
11.99,4131.54423945719,85.9106341106794,3,3,3,1,0
12,4133.21299772267,85.9536710210662,3,3,3,1,0
12.01,4134.88053705212,85.9966856132209,3,3,3,1,0
12.02,4136.54685843937,86.0396778971285,3,3,3,1,0
12.03,4138.21196287735,86.0826478827707,3,3,3,1,0
12.04,4139.87585135803,86.1255955801261,3,3,3,1,0
12.05,4141.53852487247,86.1685209991703,3,3,3,1,0
12.06,4143.1999844108,86.2114241498757,3,3,3,1,0
12.07,4144.86023096221,86.2543050422116,3,3,3,1,0
12.08,4146.51926551498,86.2971636861441,3,3,3,1,0
12.09,4148.17708905646,86.3400000916363,3,3,3,1,0
12.1,4149.83370257307,86.3828142686481,3,3,3,1,0
12.11,4151.4891070503,86.4256062271364,3,3,3,1,0
12.12,4153.14330347274,86.4683759770546,3,3,3,1,0
12.13,4154.79629282403,86.5111235283535,3,3,3,1,0
12.14,4156.44807608692,86.5538488909804,3,3,3,1,0
12.15,4158.09865424322,86.5965520748796,3,3,3,1,0
12.16,4159.74802827383,86.6392330899922,3,3,3,1,0
12.17,4161.39619915873,86.6818919462565,3,3,3,1,0
12.18,4163.04316787699,86.7245286536072,3,3,3,1,0
12.19,4164.68893540675,86.7671432219762,3,3,3,1,0
12.2,4166.33350272525,86.8097356612922,3,3,3,1,0
12.21,4167.97687080882,86.8523059814807,3,3,3,1,0
12.22,4169.61904063286,86.8948541924643,3,3,3,1,0
12.23,4171.26001317187,86.9373803041622,3,3,3,1,0
12.24,4172.89978939945,86.9798843264906,3,3,3,1,0
12.25,4174.53837028828,87.0223662693627,3,3,3,1,0
12.26,4176.17575681012,87.0648261426884,3,3,3,1,0
12.27,4177.81194993585,87.1072639563745,3,3,3,1,0
12.28,4179.44695063543,87.1496797203249,3,3,3,1,0
12.29,4181.0807598779,87.1920734444401,3,3,3,1,0
12.3,4182.71337863143,87.2344451386176,3,3,3,1,0
12.31,4184.34480786326,87.2767948127517,3,3,3,1,0
12.32,4185.97504853974,87.3191224767339,3,3,3,1,0
12.33,4187.60410162631,87.3614281404521,3,3,3,1,0
12.34,4189.23196808753,87.4037118137915,3,3,3,1,0
12.35,4190.85864888703,87.445973506634,3,3,3,1,0
12.36,4192.48414498757,87.4882132288583,3,3,3,1,0
12.37,4194.108457351,87.5304309903401,3,3,3,1,0
12.38,4195.73158693829,87.5726268009521,3,3,3,1,0
12.39,4197.35353470948,87.6148006705636,3,3,3,1,0
12.4,4198.97430162375,87.6569526090409,3,3,3,1,0
12.41,4200.59388863938,87.6990826262474,3,3,3,1,0
12.42,4202.21229671375,87.7411907320431,3,3,3,1,0
12.43,4203.82952680335,87.783276936285,3,3,3,1,0
12.44,4205.44557986379,87.8253412488269,3,3,3,1,0
12.45,4207.06045684978,87.8673836795197,3,3,3,1,0
12.46,4208.67415871514,87.909404238211,3,3,3,1,0
12.47,4210.28668641283,87.9514029347453,3,3,3,1,0
12.48,4211.89804089488,87.9933797789641,3,3,3,1,0
12.49,4213.50822311247,88.0353347807057,3,3,3,1,0
12.5,4215.11723401589,88.0772679498052,3,3,3,1,0
12.51,4216.72507455453,88.1191792960947,3,3,3,1,0
12.52,4218.33174567693,88.1610688294033,3,3,3,1,0
12.53,4219.93724833071,88.2029365595568,3,3,3,1,0
12.54,4221.54158346263,88.2447824963779,3,3,3,1,0
12.55,4223.14475201858,88.2866066496863,3,3,3,1,0
12.56,4224.74675494356,88.3284090292985,3,3,3,1,0
12.57,4226.34759318169,88.3701896450279,3,3,3,1,0
12.58,4227.94726767622,88.4119485066848,3,3,3,1,0
12.59,4229.54577936954,88.4536856240765,3,3,3,1,0
12.6,4231.14312920312,88.495401007007,3,3,3,1,0
12.61,4232.73931811761,88.5370946652773,3,3,3,1,0
12.62,4234.33434705276,88.5787666086853,3,3,3,1,0
12.63,4235.92821694745,88.6204168470257,3,3,3,1,0
12.64,4237.52092873969,88.6620453900902,3,3,3,1,0
12.65,4239.11248336662,88.7036522476673,3,3,3,1,0
12.66,4240.70288176453,88.7452374295425,3,3,3,1,0
12.67,4242.29212486882,88.786800945498,3,3,3,1,0
12.68,4243.88021361403,88.8283428053132,3,3,3,1,0
12.69,4245.46714893383,88.869863018764,3,3,3,1,0
12.7,4247.05293176105,88.9113615956236,3,3,3,1,0
12.71,4248.63756302762,88.9528385456618,3,3,3,1,0
12.72,4250.22104366462,88.9942938786454,4,4,4,0.677,0
12.73,4033.40772566864,89.1124341649069,4,4,4,0.677,0
12.74,3862.57958515653,89.210389127615,4,4,4,0.677,0
12.75,3727.68556647595,89.2930854539746,4,4,4,0.677,0
12.76,3620.27945196624,89.3644084219586,4,4,4,0.677,0
12.77,3533.43700780499,89.4272220661888,4,4,4,0.677,0
12.78,3461.82280807559,89.4834722420916,4,4,4,0.677,0
12.79,3402.43898732438,89.53451655461,4,4,4,0.677,0
12.8,3353.8501535014,89.5810785691118,4,4,4,0.677,0
12.81,3314.88908416506,89.6236949936733,4,4,4,0.677,0
12.82,3283.51203603655,89.6633012273351,4,4,4,0.677,0
12.83,3258.48149887632,89.70052003095,4,4,4,0.677,0
12.84,3238.87982178224,89.7357308710464,4,4,4,0.677,0
12.85,3223.52497700403,89.7694035827572,4,4,4,0.677,0
12.86,3211.41864180638,89.8019770232596,4,4,4,0.677,0
12.87,3201.86129535181,89.8336909278707,4,4,4,0.677,0
12.88,3194.45865486747,89.8647079823759,4,4,4,0.677,0
12.89,3189.09880596678,89.8951438548331,4,4,4,0.677,0
12.9,3185.25995182235,89.9251473544777,4,4,4,0.677,0
12.91,3182.54984474707,89.9548282054282,4,4,4,0.677,0
12.92,3180.68096013365,89.984266817505,4,4,4,0.677,0
12.93,3179.44100665925,90.0135225492935,4,4,4,0.677,0
12.94,3178.67238575192,90.0426394603318,4,4,4,0.677,0
12.95,3178.25761992257,90.0716503898766,4,4,4,0.677,0
12.96,3178.1088664596,90.1005798910401,4,4,4,0.677,0
12.97,3178.16028674516,90.1294463652759,4,4,4,0.677,0
12.98,3178.36244563439,90.1582636286448,4,4,4,0.677,0
12.99,3178.67817353089,90.1870420688145,4,4,4,0.677,0
13,3179.07949357543,90.2157895041239,4,4,4,0.677,0
13.01,3179.5453308775,90.2445118239424,4,4,4,0.677,0
13.02,3180.05979965118,90.2732134674414,4,4,4,0.677,0
13.03,3180.61091953088,90.3018977823808,4,4,4,0.677,0
13.04,3181.18965183942,90.3305672944548,4,4,4,0.677,0
13.05,3181.78917508355,90.3592239097709,4,4,4,0.677,0
13.06,3182.40433972434,90.3878690672207,4,4,4,0.677,0
13.07,3183.0312575292,90.4165038532381,4,4,4,0.677,0
13.08,3183.66638080515,90.4451291802152,4,4,4,0.677,0
13.09,3184.30559698217,90.4737459062188,4,4,4,0.677,0
13.1,3184.94771476837,90.5023543442665,4,4,4,0.677,0
13.11,3185.59198160779,90.5309547078488,4,4,4,0.677,0
13.12,3186.23782385226,90.5595471597513,4,4,4,0.677,0
13.13,3186.88480419482,90.5881318241198,4,4,4,0.677,0
13.14,3187.53258924167,90.6167087956509,4,4,4,0.677,0
13.15,3188.18092480487,90.6452781465948,4,4,4,0.677,0
13.16,3188.82961707534,90.6738399320915,4,4,4,0.677,0
13.17,3189.47851827514,90.7023941942366,4,4,4,0.677,0
13.18,3190.12751572228,90.7309409651809,4,4,4,0.677,0
13.19,3190.77652349555,90.7594802694926,4,4,4,0.677,0
13.2,3191.42547608065,90.788012125958,4,4,4,0.677,0
13.21,3192.07432352625,90.8165365489542,4,4,4,0.677,0
13.22,3192.72302775075,90.8450535494957,4,4,4,0.677,0
13.23,3193.37155972624,90.8735631360327,4,4,4,0.677,0
13.24,3194.01989733112,90.9020653150594,4,4,4,0.677,0
13.25,3194.66802371241,90.9305600915784,4,4,4,0.677,0
13.26,3195.31592603679,90.9590474694541,4,4,4,0.677,0
13.27,3195.96359453786,90.9875274516833,4,4,4,0.677,0
13.28,3196.61102178947,91.0160000406009,4,4,4,0.677,0
13.29,3197.25820215136,91.0444652380366,4,4,4,0.677,0
13.3,3197.90513134614,91.0729230454353,4,4,4,0.677,0
13.31,3198.55180613668,91.1013734639486,4,4,4,0.677,0
13.32,3199.19822407978,91.1298164945038,4,4,4,0.677,0
13.33,3199.84438333832,91.158252137858,4,4,4,0.677,0
13.34,3200.49036903327,91.1866803962488,4,4,4,0.677,0
13.35,3201.13635580964,91.2151012851862,4,4,4,0.677,0
13.36,3201.78228719853,91.2435148229195,4,4,4,0.677,0
13.37,3202.42811457342,91.2719210234287,4,4,4,0.677,0
13.38,3203.07380079711,91.3003198974334,4,4,4,0.677,0
13.39,3203.71931751135,91.3287114531626,4,4,4,0.677,0
13.4,3204.36464306639,91.3570956969421,4,4,4,0.677,0
13.41,3205.00976093922,91.3854726336437,4,4,4,0.677,0
13.42,3205.65465852507,91.4138422670282,4,4,4,0.677,0
13.43,3206.29932621403,91.4422046000075,4,4,4,0.677,0
13.44,3206.94375668537,91.470559634845,4,4,4,0.677,0
13.45,3207.58794436839,91.4989073733085,4,4,4,0.677,0
13.46,3208.23188503026,91.5272478167872,4,4,4,0.677,0
13.47,3208.87557546101,91.5555809663813,4,4,4,0.677,0
13.48,3209.5190132328,91.5839068229701,4,4,4,0.677,0
13.49,3210.16219651583,91.6122253872645,4,4,4,0.677,0
13.5,3210.80512393764,91.6405366598465,4,4,4,0.677,0
13.51,3211.44779447554,91.6688406412004,4,4,4,0.677,0
13.52,3212.09020737432,91.6971373317355,4,4,4,0.677,0
13.53,3212.73236208338,91.7254267318043,4,4,4,0.677,0
13.54,3213.37425820861,91.7537088417161,4,4,4,0.677,0
13.55,3214.01589547559,91.7819836617474,4,4,4,0.677,0
13.56,3214.65727370149,91.8102511921499,4,4,4,0.677,0
13.57,3215.2983927735,91.8385114331568,4,4,4,0.677,0
13.58,3215.9392526324,91.8667643849869,4,4,4,0.677,0
13.59,3216.57985325997,91.8950100478488,4,4,4,0.677,0
13.6,3217.22019466932,91.9232484219434,4,4,4,0.677,0
13.61,3217.86027689752,91.9514795074661,4,4,4,0.677,0
13.62,3218.50010000001,91.9797033046079,4,4,4,0.677,0
13.63,3219.1396640462,92.0079198135574,4,4,4,0.677,0
13.64,3219.77896911625,92.0361290345011,4,4,4,0.677,0
13.65,3220.41801529848,92.0643309676246,4,4,4,0.677,0
13.66,3221.05680268746,92.0925256131127,4,4,4,0.677,0
13.67,3221.69533138252,92.1207129711501,4,4,4,0.677,0
13.68,3222.33360148662,92.1488930419218,4,4,4,0.677,0
13.69,3222.9716131055,92.1770658256128,4,4,4,0.677,0
13.7,3223.60936634697,92.2052313224092,4,4,4,0.677,0
13.71,3224.24686132043,92.2333895324976,4,4,4,0.677,0
13.72,3224.8840981365,92.2615404560653,4,4,4,0.677,0
13.73,3225.52107690668,92.2896840933008,4,4,4,0.677,0
13.74,3226.15779774314,92.3178204443934,4,4,4,0.677,0
13.75,3226.79426075855,92.3459495095335,4,4,4,0.677,0
13.76,3227.43046606594,92.3740712889126,4,4,4,0.677,0
13.77,3228.0664137786,92.4021857827233,4,4,4,0.677,0
13.78,3228.70210400999,92.4302929911593,4,4,4,0.677,0
13.79,3229.33753687372,92.4583929144155,4,4,4,0.677,0
13.8,3229.97271248343,92.486485552688,4,4,4,0.677,0
13.81,3230.60763095282,92.5145709061738,4,4,4,0.677,0
13.82,3231.24229239562,92.5426489750714,4,4,4,0.677,0
13.83,3231.8766969255,92.5707197595803,4,4,4,0.677,0
13.84,3232.51084465617,92.5987832599013,4,4,4,0.677,0
13.85,3233.14473570124,92.6268394762363,4,4,4,0.677,0
13.86,3233.77837017431,92.6548884087884,4,4,4,0.677,0
13.87,3234.41174818891,92.682930057762,4,4,4,0.677,0
13.88,3235.04486985853,92.7109644233624,4,4,4,0.677,0
13.89,3235.67773529657,92.7389915057965,4,4,4,0.677,0
13.9,3236.31034461638,92.767011305272,4,4,4,0.677,0
13.91,3236.94269793124,92.7950238219981,4,4,4,0.677,0
13.92,3237.57479535436,92.8230290561851,4,4,4,0.677,0
13.93,3238.20663699886,92.8510270080444,4,4,4,0.677,0
13.94,3238.83822297781,92.8790176777886,4,4,4,0.677,0
13.95,3239.4695534042,92.9070010656316,4,4,4,0.677,0
13.96,3240.10062839094,92.9349771717885,4,4,4,0.677,0
13.97,3240.73144805086,92.9629459964755,4,4,4,0.677,0
13.98,3241.36201249673,92.99090753991,4,4,4,0.677,0
13.99,3241.99232184122,93.0188618023106,4,4,4,0.677,0
14,3242.62237619697,93.0468087838972,4,4,4,0.677,0
14.01,3243.25217567649,93.0747484848907,4,4,4,0.677,0
14.02,3243.88172039224,93.1026809055133,4,4,4,0.677,0
14.03,3244.51101045662,93.1306060459884,4,4,4,0.677,0
14.04,3245.14004598192,93.1585239065406,4,4,4,0.677,0
14.05,3245.76882708038,93.1864344873956,4,4,4,0.677,0
14.06,3246.39735386415,93.2143377887804,4,4,4,0.677,0
14.07,3247.02562644532,93.242233810923,4,4,4,0.677,0
14.08,3247.65364493588,93.2701225540529,4,4,4,0.677,0
14.09,3248.28140944777,93.2980040184004,4,4,4,0.677,0
14.1,3248.90892009285,93.3258782041973,4,4,4,0.677,0
14.11,3249.53617698289,93.3537451116764,4,4,4,0.677,0
14.12,3250.16318022959,93.3816047410718,4,4,4,0.677,0
14.13,3250.79115735871,93.4094567150023,4,4,4,0.677,0
14.14,3251.44008713174,93.4372948423764,4,4,4,0.677,0
14.15,3252.10977717221,93.4651190400388,4,4,4,0.677,0
14.16,3252.79385594136,93.492931155855,4,4,4,0.677,0
14.17,3253.4878828244,93.5207324778457,4,4,4,0.677,0
14.18,3254.18876215038,93.5485239040963,4,4,4,0.677,0
14.19,3254.89433537515,93.5763060610009,4,4,4,0.677,0
14.2,3255.60309711166,93.6040793855962,4,4,4,0.677,0
14.21,3256.3139973183,93.6318441829118,4,4,4,0.677,0
14.22,3257.02630346077,93.6596006659331,4,4,4,0.677,0
14.23,3257.7395044394,93.6873489834533,4,4,4,0.677,0
14.24,3258.45324361209,93.7150892394916,4,4,4,0.677,0
14.25,3259.16727209234,93.7428215068311,4,4,4,0.677,0
14.26,3259.88141617909,93.7705458364617,4,4,4,0.677,0
14.27,3260.59555463858,93.7982622641654,4,4,4,0.677,0
14.28,3261.30960285574,93.8259708151105,4,4,4,0.677,0
14.29,3262.02350177627,93.8536715070575,4,4,4,0.677,0
14.3,3262.73721019035,93.8813643525957,4,4,4,0.677,0
14.31,3263.45069934727,93.9090493607038,4,4,4,0.677,0
14.32,3264.16394919653,93.9367265378402,4,4,4,0.677,0
14.33,3264.87694576374,93.9643958887032,4,4,4,0.677,0
14.34,3265.58967931851,93.9920574167621,4,4,4,0.677,0
14.35,3266.30214309513,94.019711124628,4,4,4,0.677,0
14.36,3267.01433239919,94.0473570143128,4,4,4,0.677,0
14.37,3267.72624398358,94.07499508741,4,4,4,0.677,0
14.38,3268.43787561255,94.1026253452211,4,4,4,0.677,0
14.39,3269.14922575721,94.1302477888439,4,4,4,0.677,0
14.4,3269.86029338279,94.157862419234,4,4,4,0.677,0
14.41,3270.57107779987,94.185469237248,4,4,4,0.677,0
14.42,3271.28157856053,94.2130682436737,4,4,4,0.677,0
14.43,3271.99179538568,94.240659439251,4,4,4,0.677,0
14.44,3272.70172811431,94.2682428246866,4,4,4,0.677,0
14.45,3273.41137666796,94.2958184006644,4,4,4,0.677,0
14.46,3274.12074102588,94.3233861678528,4,4,4,0.677,0
14.47,3274.82982120774,94.3509461269094,4,4,4,0.677,0
14.48,3275.5386172614,94.3784982784848,4,4,4,0.677,0
14.49,3276.24712925451,94.4060426232248,4,4,4,0.677,0
14.5,3276.95535726846,94.4335791617726,4,4,4,0.677,0
14.51,3277.66330139434,94.4611078947695,4,4,4,0.677,0
14.52,3278.37096172991,94.4886288228557,4,4,4,0.677,0
14.53,3279.07833837768,94.5161419466716,4,4,4,0.677,0
14.54,3279.7854314434,94.5436472668574,4,4,4,0.677,0
14.55,3280.49224103509,94.5711447840537,4,4,4,0.677,0
14.56,3281.19876726237,94.598634498902,4,4,4,0.677,0
14.57,3281.90501023592,94.6261164120443,4,4,4,0.677,0
14.58,3282.61097006717,94.6535905241235,4,4,4,0.677,0
14.59,3283.31664686806,94.6810568357836,4,4,4,0.677,0
14.6,3284.02204075086,94.7085153476694,4,4,4,0.677,0
14.61,3284.72715182805,94.7359660604267,4,4,4,0.677,0
14.62,3285.43198021225,94.7634089747024,4,4,4,0.677,0
14.63,3286.13652601618,94.7908440911446,4,4,4,0.677,0
14.64,3286.84078935255,94.8182714104022,4,4,4,0.677,0
14.65,3287.54477033412,94.8456909331253,4,4,4,0.677,0
14.66,3288.24846907363,94.8731026599651,4,4,4,0.677,0
14.67,3288.95188568377,94.9005065915738,4,4,4,0.677,0
14.68,3289.65502027722,94.9279027286046,4,4,4,0.677,0
14.69,3290.35787296661,94.9552910717121,4,4,4,0.677,0
14.7,3291.06044386454,94.9826716215517,4,4,4,0.677,0
14.71,3291.76273308352,95.0100443787799,4,4,4,0.677,0
14.72,3292.46474073605,95.0374093440544,4,4,4,0.677,0
14.73,3293.16646693456,95.0647665180339,4,4,4,0.677,0
14.74,3293.86791179141,95.0921159013782,4,4,4,0.677,0
14.75,3294.56907541894,95.1194574947483,4,4,4,0.677,0
14.76,3295.26995792939,95.1467912988059,4,4,4,0.677,0
14.77,3295.97055943498,95.1741173142143,4,4,4,0.677,0
14.78,3296.67088004786,95.2014355416375,4,4,4,0.677,0
14.79,3297.37091988012,95.2287459817407,4,4,4,0.677,0
14.8,3298.07067904379,95.2560486351903,4,4,4,0.677,0
14.81,3298.77015765085,95.2833435026535,4,4,4,0.677,0
14.82,3299.46935581323,95.3106305847988,4,4,4,0.677,0
14.83,3300.16827364279,95.3379098822957,4,4,4,0.677,0
14.84,3300.86691125134,95.3651813958148,4,4,4,0.677,0
14.85,3301.56526875062,95.3924451260278,4,4,4,0.677,0
14.86,3302.26334625234,95.4197010736073,4,4,4,0.677,0
14.87,3302.96114386813,95.4469492392272,4,4,4,0.677,0
14.88,3303.65866170957,95.4741896235624,4,4,4,0.677,0
14.89,3304.35589988818,95.5014222272888,4,4,4,0.677,0
14.9,3305.05285851543,95.5286470510834,4,4,4,0.677,0
14.91,3305.74953770274,95.5558640956243,4,4,4,0.677,0
14.92,3306.44593756145,95.5830733615908,4,4,4,0.677,0
14.93,3307.14205820286,95.6102748496629,4,4,4,0.677,0
14.94,3307.83789973822,95.637468560522,4,4,4,0.677,0
14.95,3308.5334622787,95.6646544948506,4,4,4,0.677,0
14.96,3309.22874593545,95.6918326533319,4,4,4,0.677,0
14.97,3309.92375081952,95.7190030366505,4,4,4,0.677,0
14.98,3310.61847704193,95.7461656454919,4,4,4,0.677,0
14.99,3311.31292471365,95.7733204805429,4,4,4,0.677,0
15,3312.00709394558,95.800467542491,4,4,4,0.677,0
15.01,3315.92377995301,95.827777859241,4,4,4,0.677,0
15.02,3318.90176510603,95.8553547268506,4,4,4,0.677,0
15.03,3321.21449437995,95.8831183228417,4,4,4,0.677,0
15.04,3323.05733166187,95.9110116038225,4,4,4,0.677,0
15.05,3324.56902869984,95.9389940496449,4,4,4,0.677,0
15.06,3325.84772222671,95.9670369979689,4,4,4,0.677,0
15.07,3326.96262309173,95.9951202332844,4,4,4,0.677,0
15.08,3327.96244533511,96.0232295263119,4,4,4,0.677,0
15.09,3328.88142979543,96.0513548751568,4,4,4,0.677,0
15.1,3329.7436221279,96.0794892559486,4,4,4,0.677,0
15.11,3330.56589817243,96.1076277392063,4,4,4,0.677,0
15.12,3331.36009720576,96.1357668667227,4,4,4,0.677,0
15.13,3332.13452312996,96.1639042130508,4,4,4,0.677,0
15.14,3332.89499943163,96.1920380773303,4,4,4,0.677,0
15.15,3333.64560987359,96.2201672669138,4,4,4,0.677,0
15.16,3334.38921822268,96.2482909455406,4,4,4,0.677,0
15.17,3335.12783279006,96.2764085268458,4,4,4,0.677,0
15.18,3335.86286206166,96.3045195996833,4,4,4,0.677,0
15.19,3336.59529393324,96.3326238757679,4,4,4,0.677,0
15.2,3337.32582137401,96.3607211529661,4,4,4,0.677,0
15.21,3338.0549305303,96.3888112895596,4,4,4,0.677,0
15.22,3338.78296249797,96.4168941862005,4,4,4,0.677,0
15.23,3339.51015663537,96.4449697732598,4,4,4,0.677,0
15.24,3340.23668093566,96.4730380019546,4,4,4,0.677,0
15.25,3340.96265332648,96.501098838127,4,4,4,0.677,0
15.26,3341.68815660874,96.5291522578803,4,4,4,0.677,0
15.27,3342.41324893503,96.5571982445186,4,4,4,0.677,0
15.28,3343.13797116042,96.5852367863991,4,4,4,0.677,0
15.29,3343.86235199955,96.6132678754263,4,4,4,0.677,0
15.3,3344.58641164525,96.641291505995,4,4,4,0.677,0
15.31,3345.31016430788,96.6693076742484,4,4,4,0.677,0
15.32,3346.03361999747,96.6973163775578,4,4,4,0.677,0
15.33,3346.75678577463,96.725317614157,4,4,4,0.677,0
15.34,3347.47966662871,96.7533113828862,4,4,4,0.677,0
15.35,3348.20226609427,96.7812976830116,4,4,4,0.677,0
15.36,3348.92458668401,96.809276514099,4,4,4,0.677,0
15.37,3349.64663019269,96.8372478759254,4,4,4,0.677,0
15.38,3350.36839791071,96.865211768416,4,4,4,0.677,0
15.39,3351.08989077398,96.893168191601,4,4,4,0.677,0
15.4,3351.81110946934,96.9211171455845,4,4,4,0.677,0
15.41,3352.53205450852,96.9490586305231,4,4,4,0.677,0
15.42,3353.25272628016,96.9769926466105,4,4,4,0.677,0
15.43,3353.97312508637,97.0049191940669,4,4,4,0.677,0
15.44,3354.69325116838,97.0328382731317,4,4,4,0.677,0
15.45,3355.41310472463,97.0607498840578,4,4,4,0.677,0
15.46,3356.13268592342,97.0886540271083,4,4,4,0.677,0
15.47,3356.85199491187,97.1165507025537,4,4,4,0.677,0
15.48,3357.57103182218,97.1444399106702,4,4,4,0.677,0
15.49,3358.28979677603,97.1723216517381,4,4,4,0.677,0
15.5,3359.00828988769,97.2001959260414,4,4,4,0.677,0
15.51,3359.72651126624,97.2280627338666,4,4,4,0.677,0
15.52,3360.44446101701,97.2559220755027,4,4,4,0.677,0
15.53,3361.16213924278,97.2837739512407,4,4,4,0.677,0
15.54,3361.87954604445,97.3116183613732,4,4,4,0.677,0
15.55,3362.5966815216,97.3394553061947,4,4,4,0.677,0
15.56,3363.31354577289,97.367284786001,4,4,4,0.677,0
15.57,3364.03013889629,97.3951068010895,4,4,4,0.677,0
15.58,3364.74646098932,97.4229213517589,4,4,4,0.677,0
15.59,3365.46251214909,97.4507284383091,4,4,4,0.677,0
15.6,3366.17829247249,97.4785280610417,4,4,4,0.677,0
15.61,3366.8938020562,97.5063202202593,4,4,4,0.677,0
15.62,3367.60904099674,97.5341049162658,4,4,4,0.677,0
15.63,3368.32400939052,97.5618821493664,4,4,4,0.677,0
15.64,3369.03870733386,97.5896519198677,4,4,4,0.677,0
15.65,3369.75313492298,97.6174142280775,4,4,4,0.677,0
15.66,3370.46729225405,97.6451690743046,4,4,4,0.677,0
15.67,3371.18117942317,97.6729164588595,4,4,4,0.677,0
15.68,3371.89479652639,97.7006563820536,4,4,4,0.677,0
15.69,3372.6081436597,97.7283888441998,4,4,4,0.677,0
15.7,3373.32122091904,97.7561138456119,4,4,4,0.677,0
15.71,3374.03402840032,97.7838313866053,4,4,4,0.677,0
15.72,3374.7465661994,97.8115414674966,4,4,4,0.677,0
15.73,3375.45883441208,97.8392440886035,4,4,4,0.677,0
15.74,3376.17083313413,97.8669392502449,4,4,4,0.677,0
15.75,3376.88256246128,97.8946269527412,4,4,4,0.677,0
15.76,3377.59402248921,97.9223071964138,4,4,4,0.677,0
15.77,3378.30521331356,97.9499799815854,4,4,4,0.677,0
15.78,3379.01613502993,97.9776453085801,4,4,4,0.677,0
15.79,3379.72678773388,98.0053031777231,4,4,4,0.677,0
15.8,3380.43717152092,98.0329535893407,4,4,4,0.677,0
15.81,3381.14728648653,98.0605965437608,4,4,4,0.677,0
15.82,3381.85713272614,98.0882320413122,4,4,4,0.677,0
15.83,3382.56671033513,98.1158600823251,4,4,4,0.677,0
15.84,3383.27601940887,98.143480667131,4,4,4,0.677,0
15.85,3383.98506004266,98.1710937960624,4,4,4,0.677,0
15.86,3384.69383233177,98.1986994694532,4,4,4,0.677,0
15.87,3385.40233637141,98.2262976876386,4,4,4,0.677,0
15.88,3386.11057225679,98.2538884509549,4,4,4,0.677,0
15.89,3386.81854008305,98.2814717597398,4,4,4,0.677,0
15.9,3387.52623994528,98.3090476143319,4,4,4,0.677,0
15.91,3388.23367193855,98.3366160150714,4,4,4,0.677,0
15.92,3388.94083615788,98.3641769622995,4,4,4,0.677,0
15.93,3389.64773269826,98.3917304563587,4,4,4,0.677,0
15.94,3390.35436165462,98.4192764975928,4,4,4,0.677,0
15.95,3391.06072312186,98.4468150863468,4,4,4,0.677,0
15.96,3391.76681719484,98.4743462229668,4,4,4,0.677,0
15.97,3392.47264396838,98.5018699078003,4,4,4,0.677,0
15.98,3393.17820353726,98.5293861411959,4,4,4,0.677,0
15.99,3393.88349599621,98.5568949235034,4,4,4,0.677,0
16,3394.58852143993,98.5843962550741,4,4,4,0.677,0
16.01,3395.29327996307,98.6118901362602,4,4,4,0.677,0
16.02,3395.99777166025,98.6393765674153,4,4,4,0.677,0
16.03,3396.70199662605,98.6668555488942,4,4,4,0.677,0
16.04,3397.405954955,98.6943270810527,4,4,4,0.677,0
16.05,3398.10964674158,98.7217911642483,4,4,4,0.677,0
16.06,3398.81307208027,98.7492477988392,4,4,4,0.677,0
16.07,3399.51623106546,98.7766969851852,4,4,4,0.677,0
16.08,3400.21912379153,98.8041387236472,4,4,4,0.677,0
16.09,3400.92193937761,98.8315729746111,4,4,4,0.677,0
16.1,3401.63181812385,98.8589983105641,4,4,4,0.677,0
16.11,3402.35091359833,98.8864145398206,4,4,4,0.677,0
16.12,3403.07607691767,98.9138225425955,4,4,4,0.677,0
16.13,3403.80520799302,98.9412229058599,4,4,4,0.677,0
16.14,3404.53690592391,98.9686160210912,4,4,4,0.677,0
16.15,3405.2702360485,98.9960021494061,4,4,4,0.677,0
16.16,3406.00457467334,99.0233814649743,4,4,4,0.677,0
16.17,3406.73950555201,99.0507540839637,4,4,4,0.677,0
16.18,3407.47475085019,99.0781200838426,4,4,4,0.677,0
16.19,3408.21012509944,99.1054795162545,4,4,4,0.677,0
16.2,3408.94550447904,99.132832415607,4,4,4,0.677,0
16.21,3409.68080631996,99.1601788048029,4,4,4,0.677,0
16.22,3410.41597542719,99.1875186990639,4,4,4,0.677,0
16.23,3411.15097495081,99.2148521084839,4,4,4,0.677,0
16.24,3411.88578029209,99.2421790397324,4,4,4,0.677,0
16.25,3412.62037503512,99.2694994971921,4,4,4,0.677,0
16.26,3413.35474823013,99.2968134837189,4,4,4,0.677,0
16.27,3414.08889257933,99.3241210011484,4,4,4,0.677,0
16.28,3414.82280322515,99.3514220506356,4,4,4,0.677,0
16.29,3415.55647694084,99.3787166328805,4,4,4,0.677,0
16.3,3416.28991158959,99.4060047482799,4,4,4,0.677,0
16.31,3417.02310576325,99.4332863970278,4,4,4,0.677,0
16.32,3417.75605854079,99.4605615791837,4,4,4,0.677,0
16.33,3418.48876932693,99.4878302947169,4,4,4,0.677,0
16.34,3419.2212377442,99.5150925435374,4,4,4,0.677,0
16.35,3419.95346356082,99.5423483255155,4,4,4,0.677,0
16.36,3420.68544664248,99.5695976404958,4,4,4,0.677,0
16.37,3421.41718692005,99.5968404883057,4,4,4,0.677,0
16.38,3422.14868436805,99.6240768687619,4,4,4,0.677,0
16.39,3422.87993899015,99.6513067816741,4,4,4,0.677,0
16.4,3423.61095080959,99.6785302268478,4,4,4,0.677,0
16.41,3424.34171986267,99.7057472040863,4,4,4,0.677,0
16.42,3425.07224619442,99.7329577131915,4,4,4,0.677,0
16.43,3425.80252985574,99.7601617539652,4,4,4,0.677,0
16.44,3426.53257090147,99.7873593262092,4,4,4,0.677,0
16.45,3427.26236938902,99.814550429726,4,4,4,0.677,0
16.46,3427.99192537759,99.8417350643188,4,4,4,0.677,0
16.47,3428.72123892753,99.8689132297916,4,4,4,0.677,0
16.48,3429.45031009999,99.8960849259498,4,4,4,0.677,0
16.49,3430.17913895662,99.9232501525997,4,4,4,0.677,0
16.5,3430.90772555942,99.950408909549,4,4,4,0.677,0
16.51,3431.63606997062,99.9775611966062,4,4,4,0.677,0
16.52,3432.36417225261,100.004707013582,4,4,4,0.677,0
16.53,3433.09203246785,100.031846360286,4,4,4,0.677,0
16.54,3433.81965067888,100.058979236533,4,4,4,0.677,0
16.55,3434.54702694828,100.086105642135,4,4,4,0.677,0
16.56,3435.27416133864,100.113225576908,4,4,4,0.677,0
16.57,3436.00105391256,100.140339040667,4,4,4,0.677,0
16.58,3436.72770473266,100.167446033232,4,4,4,0.677,0
16.59,3437.45411386155,100.19454655442,4,4,4,0.677,0
16.6,3438.18028136183,100.221640604052,4,4,4,0.677,0
16.61,3438.9062072961,100.248728181949,4,4,4,0.677,0
16.62,3439.63189172695,100.275809287934,4,4,4,0.677,0
16.63,3440.35733471697,100.30288392183,4,4,4,0.677,0
16.64,3441.08253632872,100.329952083464,4,4,4,0.677,0
16.65,3441.80749662478,100.357013772662,4,4,4,0.677,0
16.66,3442.5322156677,100.384068989251,4,4,4,0.677,0
16.67,3443.25669352001,100.411117733061,4,4,4,0.677,0
16.68,3443.98093024426,100.438160003921,4,4,4,0.677,0
16.69,3444.70492590296,100.465195801665,4,4,4,0.677,0
16.7,3445.42868055863,100.492225126124,4,4,4,0.677,0
16.71,3446.15219427378,100.519247977132,4,4,4,0.677,0
16.72,3446.87546711089,100.546264354526,4,4,4,0.677,0
16.73,3447.59849913244,100.573274258142,4,4,4,0.677,0
16.74,3448.32129040091,100.600277687818,4,4,4,0.677,0
16.75,3449.04384097876,100.627274643393,4,4,4,0.677,0
16.76,3449.76615092843,100.654265124708,4,4,4,0.677,0
16.77,3450.48822031237,100.681249131605,4,4,4,0.677,0
16.78,3451.210049193,100.708226663926,4,4,4,0.677,0
16.79,3451.93163763275,100.735197721516,4,4,4,0.677,0
16.8,3452.65298569402,100.762162304221,4,4,4,0.677,0
16.81,3453.3740934392,100.789120411888,4,4,4,0.677,0
16.82,3454.0949609307,100.816072044364,4,4,4,0.677,0
16.83,3454.81558823088,100.8430172015,4,4,4,0.677,0
16.84,3455.5359754021,100.869955883145,4,4,4,0.677,0
16.85,3456.25612250674,100.896888089152,4,4,4,0.677,0
16.86,3456.97602960712,100.923813819374,4,4,4,0.677,0
16.87,3457.69569676559,100.950733073665,4,4,4,0.677,0
16.88,3458.41512404447,100.977645851882,4,4,4,0.677,0
16.89,3459.13431150608,101.004552153881,4,4,4,0.677,0
16.9,3459.85325921272,101.031451979521,4,4,4,0.677,0
16.91,3460.57196722668,101.05834532866,4,4,4,0.677,0
16.92,3461.29043561025,101.08523220116,4,4,4,0.677,0
16.93,3462.00866442569,101.112112596883,4,4,4,0.677,0
16.94,3462.72665373528,101.138986515693,4,4,4,0.677,0
16.95,3463.44440360127,101.165853957453,4,4,4,0.677,0
16.96,3464.16191408589,101.192714922029,4,4,4,0.677,0
16.97,3464.87918525138,101.21956940929,4,4,4,0.677,0
16.98,3465.59621715996,101.246417419102,4,4,4,0.677,0
16.99,3466.31300987384,101.273258951336,4,4,4,0.677,0
17,3467.02956345522,101.300094005862,4,4,4,0.677,0
17.01,3467.74587796629,101.326922582553,4,4,4,0.677,0
17.02,3468.46195346923,101.353744681282,4,4,4,0.677,0
17.03,3469.17779002621,101.380560301923,4,4,4,0.677,0
17.04,3469.8933876994,101.407369444353,4,4,4,0.677,0
17.05,3470.60874655093,101.434172108448,4,4,4,0.677,0
17.06,3471.32386664296,101.460968294087,4,4,4,0.677,0
17.07,3472.0387480376,101.48775800115,4,4,4,0.677,0
17.08,3472.75339079698,101.514541229517,4,4,4,0.677,0
17.09,3473.4677949832,101.541317979071,4,4,4,0.677,0
17.1,3474.18196065836,101.568088249694,4,4,4,0.677,0
17.11,3474.89588788456,101.594852041273,4,4,4,0.677,0
17.12,3475.60957672386,101.621609353691,4,4,4,0.677,0
17.13,3476.32302723834,101.648360186838,4,4,4,0.677,0
17.14,3477.03623949005,101.6751045406,4,4,4,0.677,0
17.15,3477.74921354104,101.701842414868,4,4,4,0.677,0
17.16,3478.46194945334,101.728573809533,4,4,4,0.677,0
17.17,3479.17444728899,101.755298724486,4,4,4,0.677,0
17.18,3479.88670711,101.782017159622,4,4,4,0.677,0
17.19,3480.59872897837,101.808729114834,4,4,4,0.677,0
17.2,3481.31051295611,101.835434590018,4,4,4,0.677,0
17.21,3482.02205910519,101.862133585072,4,4,4,0.677,0
17.22,3482.73336748759,101.888826099894,4,4,4,0.677,0
17.23,3483.44443816528,101.915512134384,4,4,4,0.677,0
17.24,3484.15527120022,101.942191688442,4,4,4,0.677,0
17.25,3484.86586665435,101.96886476197,4,4,4,0.677,0
17.26,3485.5762245896,101.995531354872,4,4,4,0.677,0
17.27,3486.2863450679,102.022191467053,4,4,4,0.677,0
17.28,3486.99622815116,102.048845098417,4,4,4,0.677,0
17.29,3487.7058739013,102.075492248873,4,4,4,0.677,0
17.3,3488.4152823802,102.102132918329,4,4,4,0.677,0
17.31,3489.12445364975,102.128767106693,4,4,4,0.677,0
17.32,3489.83338777182,102.155394813877,4,4,4,0.677,0
17.33,3490.54208480828,102.182016039793,4,4,4,0.677,0
17.34,3491.25054482098,102.208630784354,4,4,4,0.677,0
17.35,3491.95876787177,102.235239047474,4,4,4,0.677,0
17.36,3492.66675402248,102.261840829069,4,4,4,0.677,0
17.37,3493.37450333494,102.288436129057,4,4,4,0.677,0
17.38,3494.08201587096,102.315024947355,4,4,4,0.677,0
17.39,3494.78929169234,102.341607283882,4,4,4,0.677,0
17.4,3495.49633086088,102.36818313856,4,4,4,0.677,0
17.41,3496.20313343836,102.39475251131,4,4,4,0.677,0
17.42,3496.90969948656,102.421315402055,4,4,4,0.677,0
17.43,3497.61602906723,102.44787181072,4,4,4,0.677,0
17.44,3498.32212224215,102.47442173723,4,4,4,0.677,0
17.45,3499.02797907304,102.500965181512,4,4,4,0.677,0
17.46,3499.73359962165,102.527502143494,4,4,4,0.677,0
17.47,3500.43898394969,102.554032623105,4,4,4,0.677,0
17.48,3501.14413211888,102.580556620276,4,4,4,0.677,0
17.49,3501.84904419093,102.607074134939,4,4,4,0.677,0
17.5,3502.55372022753,102.633585167026,4,4,4,0.677,0
17.51,3503.25816029036,102.660089716471,4,4,4,0.677,0
17.52,3503.9623644411,102.686587783211,4,4,4,0.677,0
17.53,3504.66633274141,102.713079367181,4,4,4,0.677,0
17.54,3505.37006525295,102.73956446832,4,4,4,0.677,0
17.55,3506.07356203736,102.766043086566,4,4,4,0.677,0
17.56,3506.77682315628,102.79251522186,4,4,4,0.677,0
17.57,3507.47984867133,102.818980874143,4,4,4,0.677,0
17.58,3508.18263864412,102.845440043359,4,4,4,0.677,0
17.59,3508.88519313626,102.871892729451,4,4,4,0.677,0
17.6,3509.58751220935,102.898338932363,4,4,4,0.677,0
17.61,3510.28959592496,102.924778652044,4,4,4,0.677,0
17.62,3510.99144434468,102.95121188844,4,4,4,0.677,0
17.63,3511.69305753007,102.9776386415,4,4,4,0.677,0
17.64,3512.39443554269,103.004058911174,4,4,4,0.677,0
17.65,3513.09557844407,103.030472697414,4,4,4,0.677,0
17.66,3513.79648629576,103.056880000172,4,4,4,0.677,0
17.67,3514.49715915929,103.083280819401,4,4,4,0.677,0
17.68,3515.19759709616,103.109675155057,4,4,4,0.677,0
17.69,3515.89780016788,103.136063007096,4,4,4,0.677,0
17.7,3516.59776843595,103.162444375476,4,4,4,0.677,0
17.71,3517.29750196186,103.188819260154,4,4,4,0.677,0
17.72,3517.99700080708,103.215187661091,4,4,4,0.677,0
17.73,3518.69626503308,103.241549578247,4,4,4,0.677,0
17.74,3519.39529470132,103.267905011585,4,4,4,0.677,0
17.75,3520.09408987323,103.294253961069,4,4,4,0.677,0
17.76,3520.79265061027,103.320596426662,4,4,4,0.677,0
17.77,3521.49097697385,103.346932408332,4,4,4,0.677,0
17.78,3522.1890690254,103.373261906044,4,4,4,0.677,0
17.79,3522.88692682632,103.399584919768,4,4,4,0.677,0
17.8,3523.58455043801,103.425901449472,4,4,4,0.677,0
17.81,3524.28193992186,103.452211495128,4,4,4,0.677,0
17.82,3524.97909533924,103.478515056707,4,4,4,0.677,0
17.83,3525.67601675154,103.504812134183,4,4,4,0.677,0
17.84,3526.37270422009,103.531102727529,4,4,4,0.677,0
17.85,3527.06915780626,103.557386836722,4,4,4,0.677,0
17.86,3527.76537757138,103.583664461738,4,4,4,0.677,0
17.87,3528.46136357678,103.609935602555,4,4,4,0.677,0
17.88,3529.15711588378,103.636200259152,4,4,4,0.677,0
17.89,3529.8526345537,103.66245843151,4,4,4,0.677,0
17.9,3530.54791964783,103.688710119611,4,4,4,0.677,0
17.91,3531.24297122746,103.714955323436,4,4,4,0.677,0
17.92,3531.93778935388,103.74119404297,4,4,4,0.677,0
17.93,3532.63237408835,103.767426278198,4,4,4,0.677,0
17.94,3533.32672549213,103.793652029107,4,4,4,0.677,0
17.95,3534.02084362649,103.819871295684,4,4,4,0.677,0
17.96,3534.71472855265,103.846084077918,4,4,4,0.677,0
17.97,3535.40838033186,103.872290375799,4,4,4,0.677,0
17.98,3536.10179902534,103.898490189318,4,4,4,0.677,0
17.99,3536.79498469429,103.924683518467,4,4,4,0.677,0
18,3537.48793739992,103.950870363241,4,4,4,0.677,0
18.01,3538.18133397204,103.977050531518,4,4,4,0.677,0
18.02,3538.88069018775,104.00322245405,4,4,4,0.677,0
18.03,3539.58527026664,104.029386330175,4,4,4,0.677,0
18.04,3540.29317009053,104.055542693429,4,4,4,0.677,0
18.05,3541.00315004603,104.081691891165,4,4,4,0.677,0
18.06,3541.71440298175,104.107834149573,4,4,4,0.677,0
18.07,3542.4264032536,104.133969615966,4,4,4,0.677,0
18.08,3543.13880849649,104.160098386311,4,4,4,0.677,0
18.09,3543.85139569209,104.186220523134,4,4,4,0.677,0
18.1,3544.56401955025,104.212336067186,4,4,4,0.677,0
18.11,3545.27658541154,104.238445045033,4,4,4,0.677,0
18.12,3545.98903160139,104.264547473999,4,4,4,0.677,0
18.13,3546.70131793739,104.29064336539,4,4,4,0.677,0
18.14,3547.41341824291,104.316732726585,4,4,4,0.677,0
18.15,3548.12531546984,104.34281556241,4,4,4,0.677,0
18.16,3548.83699852051,104.368891876024,4,4,4,0.677,0
18.17,3549.54846017672,104.3949616695,4,4,4,0.677,0
18.18,3550.25969574981,104.421024944202,4,4,4,0.677,0
18.19,3550.97070220074,104.447081701036,4,4,4,0.677,0
18.2,3551.68147756639,104.473131940605,4,4,4,0.677,0
18.21,3552.39202058552,104.499175663318,4,4,4,0.677,0
18.22,3553.10233045477,104.525212869457,4,4,4,0.677,0
18.23,3553.81240666954,104.55124355922,4,4,4,0.677,0
18.24,3554.52224892025,104.577267732753,4,4,4,0.677,0
18.25,3555.23185702456,104.603285390167,4,4,4,0.677,0
18.26,3555.9412308832,104.62929653155,4,4,4,0.677,0
18.27,3556.65037045114,104.655301156979,4,4,4,0.677,0
18.28,3557.35927571877,104.681299266518,4,4,4,0.677,0
18.29,3558.0679466996,104.707290860229,4,4,4,0.677,0
18.3,3558.77638342224,104.73327593817,4,4,4,0.677,0
18.31,3559.48458592517,104.759254500397,4,4,4,0.677,0
18.32,3560.1925542533,104.785226546964,4,4,4,0.677,0
18.33,3560.90028845577,104.811192077929,4,4,4,0.677,0
18.34,3561.60778858444,104.837151093347,4,4,4,0.677,0
18.35,3562.31505469301,104.863103593274,4,4,4,0.677,0
18.36,3563.02208683631,104.889049577768,4,4,4,0.677,0
18.37,3563.72888506996,104.914989046888,4,4,4,0.677,0
18.38,3564.43544945006,104.940922000693,4,4,4,0.677,0
18.39,3565.14178003305,104.966848439243,4,4,4,0.677,0
18.4,3565.84787687558,104.9927683626,4,4,4,0.677,0
18.41,3566.55374003444,105.018681770828,4,4,4,0.677,0
18.42,3567.2593695665,105.044588663989,4,4,4,0.677,0
18.43,3567.96476552868,105.07048904215,4,4,4,0.677,0
18.44,3568.66992797795,105.096382905376,4,4,4,0.677,0
18.45,3569.3748569713,105.122270253735,4,4,4,0.677,0
18.46,3570.07955256573,105.148151087295,4,4,4,0.677,0
18.47,3570.78401481825,105.174025406126,4,4,4,0.677,0
18.48,3571.48824378586,105.199893210299,4,4,4,0.677,0
18.49,3572.19223952558,105.225754499887,4,4,4,0.677,0
18.5,3572.89600209442,105.251609274961,4,4,4,0.677,0
18.51,3573.59953154938,105.277457535598,4,4,4,0.677,0
18.52,3574.30282794749,105.303299281871,4,4,4,0.677,0
18.53,3575.00589134573,105.329134513859,4,4,4,0.677,0
18.54,3575.70872180111,105.354963231639,4,4,4,0.677,0
18.55,3576.41131937063,105.38078543529,4,4,4,0.677,0
18.56,3577.11368411128,105.406601124892,4,4,4,0.677,0
18.57,3577.81581608006,105.432410300526,4,4,4,0.677,0
18.58,3578.51771533394,105.458212962276,4,4,4,0.677,0
18.59,3579.21938192992,105.484009110225,4,4,4,0.677,0
18.6,3579.92081592497,105.509798744457,4,4,4,0.677,0
18.61,3580.62201737606,105.535581865059,4,4,4,0.677,0
18.62,3581.32298634017,105.561358472118,4,4,4,0.677,0
18.63,3582.02372287427,105.587128565723,4,4,4,0.677,0
18.64,3582.72422703532,105.612892145962,4,4,4,0.677,0
18.65,3583.42449888027,105.638649212926,4,4,4,0.677,0
18.66,3584.1245384661,105.664399766708,4,4,4,0.677,0
18.67,3584.82434584974,105.6901438074,4,4,4,0.677,0
18.68,3585.52392108816,105.715881335096,4,4,4,0.677,0
18.69,3586.22326423829,105.741612349892,4,4,4,0.677,0
18.7,3586.92237535707,105.767336851884,4,4,4,0.677,0
18.71,3587.62125450145,105.793054841169,4,4,4,0.677,0
18.72,3588.31990172835,105.818766317846,4,4,4,0.677,0
18.73,3589.01831709471,105.844471282016,4,4,4,0.677,0
18.74,3589.71650065746,105.870169733779,4,4,4,0.677,0
18.75,3590.41445247351,105.895861673238,4,4,4,0.677,0
18.76,3591.11217259978,105.921547100495,4,4,4,0.677,0
18.77,3591.8096610932,105.947226015655,4,4,4,0.677,0
18.78,3592.50691801066,105.972898418824,4,4,4,0.677,0
18.79,3593.20394340908,105.998564310108,4,4,4,0.677,0
18.8,3593.90073734536,106.024223689616,4,4,4,0.677,0
18.81,3594.5972998764,106.049876557457,4,4,4,0.677,0
18.82,3595.2936310591,106.07552291374,4,4,4,0.677,0
18.83,3595.98973095034,106.101162758578,4,4,4,0.677,0
18.84,3596.68559960702,106.126796092082,4,4,4,0.677,0
18.85,3597.38123708602,106.152422914367,4,4,4,0.677,0
18.86,3598.07664344423,106.178043225546,4,4,4,0.677,0
18.87,3598.7718187385,106.203657025737,4,4,4,0.677,0
18.88,3599.46676302573,106.229264315055,4,4,4,0.677,0
18.89,3600.16132254927,106.254865093997,4,4,4,0.677,0
18.9,3600.84822083229,106.280458992132,4,4,4,0.677,0
18.91,3601.52759355063,106.306045054292,4,4,4,0.677,0
18.92,3602.20197700679,106.331622601145,4,4,4,0.677,0
18.93,3602.87301368526,106.357191193673,4,4,4,0.677,0
18.94,3603.54176739051,106.382750548442,4,4,4,0.677,0
18.95,3604.20892724221,106.408300482755,4,4,4,0.677,0
18.96,3604.87493973004,106.43384087915,4,4,4,0.677,0
18.97,3605.54009420552,106.459371662409,4,4,4,0.677,0
18.98,3606.20457823527,106.484892784679,4,4,4,0.677,0
18.99,3606.86851344543,106.510404215837,4,4,4,0.677,0
19,3607.53197873625,106.535905937246,4,4,4,0.677,0
19.01,3608.19502531938,106.561397937711,4,4,4,0.677,0
19.02,3608.85768645983,106.586880210865,4,4,4,0.677,0
19.03,3609.51998378836,106.612352753468,4,4,4,0.677,0
19.04,3610.18193139235,106.637815564305,4,4,4,0.677,0
19.05,3610.84353846739,106.663268643482,4,4,4,0.677,0
19.06,3611.50481103625,106.688711991954,4,4,4,0.677,0
19.07,3612.16575306347,106.71414561123,4,4,4,0.677,0
19.08,3612.82636717814,106.739569503181,4,4,4,0.677,0
19.09,3613.48665514274,106.764983669907,4,4,4,0.677,0
19.1,3614.14661815723,106.790388113664,4,4,4,0.677,0
19.11,3614.80625705645,106.815782836804,4,4,4,0.677,0
19.12,3615.4655724381,106.841167841742,4,4,4,0.677,0
19.13,3616.12456474589,106.866543130938,4,4,4,0.677,0
19.14,3616.78323432349,106.891908706876,4,4,4,0.677,0
19.15,3617.44158144956,106.91726457206,4,4,4,0.677,0
19.16,3618.09960636047,106.942610729005,4,4,4,0.677,0
19.17,3618.75730926513,106.967947180232,4,4,4,0.677,0
19.18,3619.41469035453,106.99327392827,4,4,4,0.677,0
19.19,3620.07174980801,107.018590975649,4,4,4,0.677,0
19.2,3620.7284877973,107.043898324904,4,4,4,0.677,0
19.21,3621.38490448916,107.069195978568,4,4,4,0.677,0
19.22,3622.04100004708,107.094483939179,4,4,4,0.677,0
19.23,3622.69677463239,107.119762209274,4,4,4,0.677,0
19.24,3623.35222840501,107.145030791389,4,4,4,0.677,0
19.25,3624.00736152389,107.170289688064,4,4,4,0.677,0
19.26,3624.66217414734,107.195538901838,4,4,4,0.677,0
19.27,3625.31666643322,107.22077843525,4,4,4,0.677,0
19.28,3625.97083853904,107.246008290839,4,4,4,0.677,0
19.29,3626.62469062212,107.271228471145,4,4,4,0.677,0
19.3,3627.27822283956,107.296438978709,4,4,4,0.677,0
19.31,3627.93143534833,107.321639816072,4,4,4,0.677,0
19.32,3628.58432830527,107.346830985774,4,4,4,0.677,0
19.33,3629.23690186712,107.372012490357,4,4,4,0.677,0
19.34,3629.8891561905,107.397184332363,4,4,4,0.677,0
19.35,3630.54109143198,107.422346514333,4,4,4,0.677,0
19.36,3631.19270774799,107.447499038811,4,4,4,0.677,0
19.37,3631.84400529492,107.472641908337,4,4,4,0.677,0
19.38,3632.49498422905,107.497775125456,4,4,4,0.677,0
19.39,3633.1456447066,107.522898692711,4,4,4,0.677,0
19.4,3633.79598688368,107.548012612645,4,4,4,0.677,0
19.41,3634.44601091635,107.573116887803,4,4,4,0.677,0
19.42,3635.09571696057,107.598211520727,4,4,4,0.677,0
19.43,3635.74510517222,107.623296513964,4,4,4,0.677,0
19.44,3636.39417570713,107.648371870057,4,4,4,0.677,0
19.45,3637.042928721,107.673437591552,4,4,4,0.677,0
19.46,3637.6913643695,107.698493680993,4,4,4,0.677,0
19.47,3638.33948280819,107.723540140928,4,4,4,0.677,0
19.48,3638.98728419256,107.748576973901,4,4,4,0.677,0
19.49,3639.63476867802,107.77360418246,4,4,4,0.677,0
19.5,3640.28193641991,107.79862176915,4,4,4,0.677,0
19.51,3640.92878757348,107.823629736519,4,4,4,0.677,0
19.52,3641.57532229389,107.848628087114,4,4,4,0.677,0
19.53,3642.22154073626,107.873616823482,4,4,4,0.677,0
19.54,3642.86744305559,107.898595948171,4,4,4,0.677,0
19.55,3643.51302940682,107.92356546373,4,4,4,0.677,0
19.56,3644.15829994481,107.948525372706,4,4,4,0.677,0
19.57,3644.80325482434,107.973475677648,4,4,4,0.677,0
19.58,3645.44789420012,107.998416381106,4,4,4,0.677,0
19.59,3646.09221822677,108.023347485628,4,4,4,0.677,0
19.6,3646.73622705883,108.048268993765,4,4,4,0.677,0
19.61,3647.37992085076,108.073180908065,4,4,4,0.677,0
19.62,3648.02329975696,108.09808323108,4,4,4,0.677,0
19.63,3648.66636393174,108.122975965359,4,4,4,0.677,0
19.64,3649.30911352933,108.147859113453,4,4,4,0.677,0
19.65,3649.95154870388,108.172732677914,4,4,4,0.677,0
19.66,3650.59366960946,108.197596661292,4,4,4,0.677,0
19.67,3651.23547640007,108.222451066139,4,4,4,0.677,0
19.68,3651.87696922963,108.247295895007,4,4,4,0.677,0
19.69,3652.51814825199,108.272131150448,4,4,4,0.677,0
19.7,3653.15901362089,108.296956835015,4,4,4,0.677,0
19.71,3653.79956549004,108.321772951259,4,4,4,0.677,0
19.72,3654.43980401302,108.346579501735,4,4,4,0.677,0
19.73,3655.07972934338,108.371376488996,4,4,4,0.677,0
19.74,3655.71934163457,108.396163915594,4,4,4,0.677,0
19.75,3656.35864103994,108.420941784084,4,4,4,0.677,0
19.76,3656.99762771281,108.44571009702,4,4,4,0.677,0
19.77,3657.63630180639,108.470468856956,4,4,4,0.677,0
19.78,3658.27466347381,108.495218066447,4,4,4,0.677,0
19.79,3658.91271286814,108.519957728047,4,4,4,0.677,0
19.8,3659.55045014237,108.544687844313,4,4,4,0.677,0
19.81,3660.18787544939,108.569408417798,4,4,4,0.677,0
19.82,3660.82498894205,108.59411945106,4,4,4,0.677,0
19.83,3661.46179077309,108.618820946654,4,4,4,0.677,0
19.84,3662.09828109519,108.643512907136,4,4,4,0.677,0
19.85,3662.73446006094,108.668195335063,4,4,4,0.677,0
19.86,3663.37032782286,108.692868232991,4,4,4,0.677,0
19.87,3664.0058845334,108.717531603478,4,4,4,0.677,0
19.88,3664.64113034492,108.742185449081,4,4,4,0.677,0
19.89,3665.27606540972,108.766829772357,4,4,4,0.677,0
19.9,3665.91068987999,108.791464575865,4,4,4,0.677,0
19.91,3666.54500390788,108.816089862162,4,4,4,0.677,0
19.92,3667.17900764544,108.840705633807,4,4,4,0.677,0
19.93,3667.81270124466,108.865311893358,4,4,4,0.677,0
19.94,3668.44608485743,108.889908643375,4,4,4,0.677,0
19.95,3669.07915863558,108.914495886416,4,4,4,0.677,0
19.96,3669.71192273087,108.93907362504,4,4,4,0.677,0
19.97,3670.34437729495,108.963641861809,4,4,4,0.677,0
19.98,3670.97652247944,108.98820059928,4,4,4,0.677,0
19.99,3671.60835843585,109.012749840015,4,4,4,0.677,0
20,3672.23988531562,109.037289586574,4,4,4,0.677,0
20.01,3651.80605570949,109.060604066597,4,4,4,0.677,0
20.02,3638.18543118836,109.082099851265,4,4,4,0.677,0
20.03,3629.07628102905,109.102389863711,4,4,4,0.677,0
20.04,3623.63842382872,109.121681234916,4,4,4,0.677,0
20.05,3620.5597854344,109.140325401633,4,4,4,0.677,0
20.06,3618.88055824316,109.15858290909,4,4,4,0.677,0
20.07,3618.04311460274,109.17660495058,4,4,4,0.677,0
20.08,3617.71627722897,109.194481254797,4,4,4,0.677,0
20.09,3617.70072501128,109.212265801397,4,4,4,0.677,0
20.1,3617.8755156884,109.229991335083,4,4,4,0.677,0
20.11,3618.16689557018,109.247677821706,4,4,4,0.677,0
20.12,3618.5297466088,109.265337474712,4,4,4,0.677,0
20.13,3618.9364135562,109.282977780783,4,4,4,0.677,0
20.14,3619.36992337948,109.300603335525,4,4,4,0.677,0
20.15,3619.81985030682,109.318216962711,4,4,4,0.677,0
20.16,3620.27978654727,109.335820398817,4,4,4,0.677,0
20.17,3620.74579217163,109.353414712522,4,4,4,0.677,0
20.18,3621.21544389838,109.371000562115,4,4,4,0.677,0
20.19,3621.68725090434,109.388578353581,4,4,4,0.677,0
20.2,3622.16029583807,109.406148337732,4,4,4,0.677,0
20.21,3622.63401412956,109.423710669931,4,4,4,0.677,0
20.22,3623.10805827616,109.441265446805,4,4,4,0.677,0
20.23,3623.58221436333,109.458812728839,4,4,4,0.677,0
20.24,3624.05635070459,109.476352554269,4,4,4,0.677,0
20.25,3624.53038623634,109.493884947636,4,4,4,0.677,0
20.26,3625.00427106557,109.511409925045,4,4,4,0.677,0
20.27,3625.4779744955,109.528927497409,4,4,4,0.677,0
20.28,3625.95147765307,109.54643767244,4,4,4,0.677,0
20.29,3626.42476894911,109.56394045588,4,4,4,0.677,0
20.3,3626.89784128229,109.581435852257,4,4,4,0.677,0
20.31,3627.37069031684,109.598923865349,4,4,4,0.677,0
20.32,3627.84331342149,109.616404498474,4,4,4,0.677,0
20.33,3628.31570901564,109.633877754663,4,4,4,0.677,0
20.34,3628.78787616643,109.651343636775,4,4,4,0.677,0
20.35,3629.25981434041,109.668802147557,4,4,4,0.677,0
20.36,3629.73152325042,109.686253289691,4,4,4,0.677,0
20.37,3630.20300276122,109.703697065816,4,4,4,0.677,0
20.38,3630.67425283125,109.721133478547,4,4,4,0.677,0
20.39,3631.14527347672,109.738562530481,4,4,4,0.677,0
20.4,3631.61606474953,109.755984224208,4,4,4,0.677,0
20.41,3632.08662672352,109.773398562307,4,4,4,0.677,0
20.42,3632.5569594861,109.790805547357,4,4,4,0.677,0
20.43,3633.02706313302,109.808205181932,4,4,4,0.677,0
20.44,3633.49693776518,109.825597468606,4,4,4,0.677,0
20.45,3633.9665834866,109.84298240995,4,4,4,0.677,0
20.46,3634.43600040326,109.860360008535,4,4,4,0.677,0
20.47,3634.90518862231,109.877730266931,4,4,4,0.677,0
20.48,3635.37414825159,109.895093187707,4,4,4,0.677,0
20.49,3635.84287939937,109.912448773431,4,4,4,0.677,0
20.5,3636.31138217416,109.929797026674,4,4,4,0.677,0
20.51,3636.7796566846,109.947137950001,4,4,4,0.677,0
20.52,3637.24770303938,109.964471545981,4,4,4,0.677,0
20.53,3637.71552134722,109.981797817181,4,4,4,0.677,0
20.54,3638.18311171684,109.999116766166,4,4,4,0.677,0
20.55,3638.65047425693,110.016428395504,4,4,4,0.677,0
20.56,3639.11760907613,110.03373270776,4,4,4,0.677,0
20.57,3639.58451628308,110.051029705499,4,4,4,0.677,0
20.58,3640.05119598635,110.068319391286,4,4,4,0.677,0
20.59,3640.51764829446,110.085601767686,4,4,4,0.677,0
20.6,3640.98387331592,110.102876837261,4,4,4,0.677,0
20.61,3641.44987115915,110.120144602577,4,4,4,0.677,0
20.62,3641.91564193254,110.137405066196,4,4,4,0.677,0
20.63,3642.38118574445,110.15465823068,4,4,4,0.677,0
20.64,3642.84650270317,110.171904098593,4,4,4,0.677,0
20.65,3643.31159291694,110.189142672496,4,4,4,0.677,0
20.66,3643.77645649397,110.20637395495,4,4,4,0.677,0
20.67,3644.24109354241,110.223597948516,4,4,4,0.677,0
20.68,3644.70550417036,110.240814655756,4,4,4,0.677,0
20.69,3645.16968848588,110.258024079228,4,4,4,0.677,0
20.7,3645.63364659697,110.275226221494,4,4,4,0.677,0
20.71,3646.0973786116,110.292421085112,4,4,4,0.677,0
20.72,3646.56088463767,110.30960867264,4,4,4,0.677,0
20.73,3647.02416478305,110.326788986639,4,4,4,0.677,0
20.74,3647.48721915555,110.343962029664,4,4,4,0.677,0
20.75,3647.95004786294,110.361127804275,4,4,4,0.677,0
20.76,3648.41265101293,110.378286313029,4,4,4,0.677,0
20.77,3648.87502871321,110.395437558481,4,4,4,0.677,0
20.78,3649.33718107138,110.412581543189,4,4,4,0.677,0
20.79,3649.79910819504,110.429718269708,4,4,4,0.677,0
20.8,3650.26081019169,110.446847740593,4,4,4,0.677,0
20.81,3650.72228716882,110.4639699584,4,4,4,0.677,0
20.82,3651.18353923386,110.481084925684,4,4,4,0.677,0
20.83,3651.64456649419,110.498192644997,4,4,4,0.677,0
20.84,3652.10536905716,110.515293118895,4,4,4,0.677,0
20.85,3652.56594703003,110.532386349931,4,4,4,0.677,0
20.86,3653.02630052005,110.549472340656,4,4,4,0.677,0
20.87,3653.48642963442,110.566551093624,4,4,4,0.677,0
20.88,3653.94633448028,110.583622611387,4,4,4,0.677,0
20.89,3654.40601516471,110.600686896496,4,4,4,0.677,0
20.9,3654.86547179477,110.617743951502,4,4,4,0.677,0
20.91,3655.32470447746,110.634793778956,4,4,4,0.677,0
20.92,3655.78371331972,110.651836381409,4,4,4,0.677,0
20.93,3656.24249842846,110.668871761409,4,4,4,0.677,0
20.94,3656.70105991055,110.685899921507,4,4,4,0.677,0
20.95,3657.15939787277,110.702920864251,4,4,4,0.677,0
20.96,3657.61751242191,110.71993459219,4,4,4,0.677,0
20.97,3658.07540366466,110.736941107872,4,4,4,0.677,0
20.98,3658.53307170769,110.753940413844,4,4,4,0.677,0
20.99,3658.99051665762,110.770932512654,4,4,4,0.677,0
21,3659.44773862102,110.787917406849,4,4,4,0.677,0
21.01,3659.90473770442,110.804895098974,4,4,4,0.677,0
21.02,3660.36151401427,110.821865591575,4,4,4,0.677,0
21.03,3660.81806765702,110.838828887199,4,4,4,0.677,0
21.04,3661.27439873904,110.855784988389,4,4,4,0.677,0
21.05,3661.73050736666,110.872733897692,4,4,4,0.677,0
21.06,3662.18639364616,110.889675617649,4,4,4,0.677,0
21.07,3662.64205768379,110.906610150807,4,4,4,0.677,0
21.08,3663.09749958573,110.923537499706,4,4,4,0.677,0
21.09,3663.55271945811,110.940457666891,4,4,4,0.677,0
21.1,3664.00771740704,110.957370654904,4,4,4,0.677,0
21.11,3664.46249353857,110.974276466286,4,4,4,0.677,0
21.12,3664.91704795868,110.991175103579,4,4,4,0.677,0
21.13,3665.37138077333,111.008066569324,4,4,4,0.677,0
21.14,3665.82549208842,111.024950866062,4,4,4,0.677,0
21.15,3666.27938200981,111.041827996332,4,4,4,0.677,0
21.16,3666.73305064331,111.058697962675,4,4,4,0.677,0
21.17,3667.18649809468,111.075560767629,4,4,4,0.677,0
21.18,3667.63972446963,111.092416413733,4,4,4,0.677,0
21.19,3668.09272987384,111.109264903527,4,4,4,0.677,0
21.2,3668.54551441291,111.126106239547,4,4,4,0.677,0
21.21,3668.99807819243,111.142940424331,4,4,4,0.677,0
21.22,3669.45042131791,111.159767460416,4,4,4,0.677,0
21.23,3669.90254389483,111.176587350339,4,4,4,0.677,0
21.24,3670.35444602863,111.193400096635,4,4,4,0.677,0
21.25,3670.80612782468,111.210205701841,4,4,4,0.677,0
21.26,3671.25758938833,111.227004168491,4,4,4,0.677,0
21.27,3671.70883082485,111.243795499121,4,4,4,0.677,0
21.28,3672.1598522395,111.260579696264,4,4,4,0.677,0
21.29,3672.61065373746,111.277356762455,4,4,4,0.677,0
21.3,3673.06123542388,111.294126700227,4,4,4,0.677,0
21.31,3673.51159740386,111.310889512112,4,4,4,0.677,0
21.32,3673.96173978246,111.327645200645,4,4,4,0.677,0
21.33,3674.41166266468,111.344393768355,4,4,4,0.677,0
21.34,3674.86136615547,111.361135217776,4,4,4,0.677,0
21.35,3675.31085035975,111.377869551438,4,4,4,0.677,0
21.36,3675.76011538239,111.394596771872,4,4,4,0.677,0
21.37,3676.20916132819,111.411316881608,4,4,4,0.677,0
21.38,3676.65798830193,111.428029883176,4,4,4,0.677,0
21.39,3677.10659640833,111.444735779106,4,4,4,0.677,0
21.4,3677.55498575208,111.461434571925,4,4,4,0.677,0
21.41,3678.00315643778,111.478126264164,4,4,4,0.677,0
21.42,3678.45110857004,111.494810858349,4,4,4,0.677,0
21.43,3678.89884225338,111.511488357008,4,4,4,0.677,0
21.44,3679.34635759229,111.528158762669,4,4,4,0.677,0
21.45,3679.79365469122,111.544822077858,4,4,4,0.677,0
21.46,3680.24073365455,111.561478305101,4,4,4,0.677,0
21.47,3680.68759458663,111.578127446923,4,4,4,0.677,0
21.48,3681.13423759177,111.594769505851,4,4,4,0.677,0
21.49,3681.58066277422,111.611404484409,4,4,4,0.677,0
21.5,3682.02687023819,111.628032385121,4,4,4,0.677,0
21.51,3682.47286008782,111.644653210511,4,4,4,0.677,0
21.52,3682.91863242725,111.661266963103,4,4,4,0.677,0
21.53,3683.36418736053,111.677873645419,4,4,4,0.677,0
21.54,3683.80952499168,111.694473259982,4,4,4,0.677,0
21.55,3684.25464542468,111.711065809314,4,4,4,0.677,0
21.56,3684.69954876346,111.727651295937,4,4,4,0.677,0
21.57,3685.14423511188,111.744229722372,4,4,4,0.677,0
21.58,3685.58870457379,111.76080109114,4,4,4,0.677,0
21.59,3686.03295725297,111.77736540476,4,4,4,0.677,0
21.6,3686.47699325316,111.793922665753,4,4,4,0.677,0
21.61,3686.92081267805,111.810472876637,4,4,4,0.677,0
21.62,3687.36441563129,111.827016039932,4,4,4,0.677,0
21.63,3687.80780221648,111.843552158157,4,4,4,0.677,0
21.64,3688.25097253717,111.860081233828,4,4,4,0.677,0
21.65,3688.69392669686,111.876603269463,4,4,4,0.677,0
21.66,3689.13666479902,111.89311826758,4,4,4,0.677,0
21.67,3689.57918694706,111.909626230695,4,4,4,0.677,0
21.68,3690.02149324435,111.926127161324,4,4,4,0.677,0
21.69,3690.4635837942,111.942621061982,4,4,4,0.677,0
21.7,3690.90545869989,111.959107935185,4,4,4,0.677,0
21.71,3691.34711806465,111.975587783448,4,4,4,0.677,0
21.72,3691.78856199166,111.992060609284,4,4,4,0.677,0
21.73,3692.22979058404,112.008526415208,4,4,4,0.677,0
21.74,3692.67080394489,112.024985203732,4,4,4,0.677,0
21.75,3693.11160217726,112.041436977369,4,4,4,0.677,0
21.76,3693.55218538413,112.057881738633,4,4,4,0.677,0
21.77,3693.99255366845,112.074319490034,4,4,4,0.677,0
21.78,3694.43270713312,112.090750234084,4,4,4,0.677,0
21.79,3694.87264588101,112.107173973294,4,4,4,0.677,0
21.8,3695.31237001492,112.123590710175,4,4,4,0.677,0
21.81,3695.75187963761,112.140000447236,4,4,4,0.677,0
21.82,3696.19117485181,112.156403186987,4,4,4,0.677,0
21.83,3696.63025576017,112.172798931938,4,4,4,0.677,0
21.84,3697.06912246533,112.189187684596,4,4,4,0.677,0
21.85,3697.50777506986,112.20556944747,4,4,4,0.677,0
21.86,3697.9462136763,112.221944223068,4,4,4,0.677,0
21.87,3698.38443838712,112.238312013896,4,4,4,0.677,0
21.88,3698.82244930478,112.254672822462,4,4,4,0.677,0
21.89,3699.26024653166,112.271026651272,4,4,4,0.677,0
21.9,3699.69783017011,112.287373502832,4,4,4,0.677,0
21.91,3700.13520032243,112.303713379646,4,4,4,0.677,0
21.92,3700.57235709088,112.32004628422,4,4,4,0.677,0
21.93,3701.00930057766,112.336372219058,4,4,4,0.677,0
21.94,3701.44603088494,112.352691186665,4,4,4,0.677,0
21.95,3701.88254811483,112.369003189543,4,4,4,0.677,0
21.96,3702.3188523694,112.385308230195,4,4,4,0.677,0
21.97,3702.75494375069,112.401606311124,4,4,4,0.677,0
21.98,3703.19082236066,112.417897434832,4,4,4,0.677,0
21.99,3703.62648830125,112.434181603821,4,4,4,0.677,0
22,3704.06194167434,112.450458820591,4,4,4,0.677,0
22.01,3704.49718258178,112.466729087644,4,4,4,0.677,0
22.02,3704.93221112536,112.482992407478,4,4,4,0.677,0
22.03,3705.36702740683,112.499248782595,4,4,4,0.677,0
22.04,3705.80163152789,112.515498215493,4,4,4,0.677,0
22.05,3706.2360235902,112.53174070867,4,4,4,0.677,0
22.06,3706.67020369536,112.547976264626,4,4,4,0.677,0
22.07,3707.10417194495,112.564204885857,4,4,4,0.677,0
22.08,3707.53792844048,112.580426574862,4,4,4,0.677,0
22.09,3707.97147328342,112.596641334136,4,4,4,0.677,0
22.1,3708.40480657521,112.612849166176,4,4,4,0.677,0
22.11,3708.83792841722,112.629050073479,4,4,4,0.677,0
22.12,3709.2708389108,112.645244058539,4,4,4,0.677,0
22.13,3709.70353815722,112.661431123851,4,4,4,0.677,0
22.14,3710.13602625773,112.677611271909,4,4,4,0.677,0
22.15,3710.56830331354,112.693784505209,4,4,4,0.677,0
22.16,3711.00036942579,112.709950826242,4,4,4,0.677,0
22.17,3711.4322246956,112.726110237502,4,4,4,0.677,0
22.18,3711.86386922402,112.742262741482,4,4,4,0.677,0
22.19,3712.29530311206,112.758408340673,4,4,4,0.677,0
22.2,3712.72652646071,112.774547037567,4,4,4,0.677,0
22.21,3713.15753937088,112.790678834656,4,4,4,0.677,0
22.22,3713.58834194345,112.806803734429,4,4,4,0.677,0
22.23,3714.01893427926,112.822921739376,4,4,4,0.677,0
22.24,3714.44931647909,112.839032851988,4,4,4,0.677,0
22.25,3714.87948864368,112.855137074754,4,4,4,0.677,0
22.26,3715.30945087373,112.871234410161,4,4,4,0.677,0
22.27,3715.7392032699,112.887324860699,4,4,4,0.677,0
22.28,3716.16874593279,112.903408428855,4,4,4,0.677,0
22.29,3716.59807896295,112.919485117115,4,4,4,0.677,0
22.3,3717.0272024609,112.935554927968,4,4,4,0.677,0
22.31,3717.45611652711,112.951617863899,4,4,4,0.677,0
22.32,3717.88482126201,112.967673927393,4,4,4,0.677,0
22.33,3718.31331676597,112.983723120937,4,4,4,0.677,0
22.34,3718.74160313932,112.999765447014,4,4,4,0.677,0
22.35,3719.16968048236,113.015800908109,4,4,4,0.677,0
22.36,3719.59754889531,113.031829506707,4,4,4,0.677,0
22.37,3720.02520847839,113.047851245289,4,4,4,0.677,0
22.38,3720.45265933174,113.06386612634,4,4,4,0.677,0
22.39,3720.87990155546,113.079874152341,4,4,4,0.677,0
22.4,3721.30693524962,113.095875325774,4,4,4,0.677,0
22.41,3721.73376051424,113.111869649121,4,4,4,0.677,0
22.42,3722.16037744927,113.127857124863,4,4,4,0.677,0
22.43,3722.58678615465,113.14383775548,4,4,4,0.677,0
22.44,3723.01298673026,113.159811543451,4,4,4,0.677,0
22.45,3723.43897927592,113.175778491256,4,4,4,0.677,0
22.46,3723.86476389143,113.191738601375,4,4,4,0.677,0
22.47,3724.29034067654,113.207691876286,4,4,4,0.677,0
22.48,3724.71570973093,113.223638318466,4,4,4,0.677,0
22.49,3725.14087115427,113.239577930393,4,4,4,0.677,0
22.5,3725.56582504616,113.255510714544,4,4,4,0.677,0
22.51,3725.99057150617,113.271436673396,4,4,4,0.677,0
22.52,3726.41511063381,113.287355809424,4,4,4,0.677,0
22.53,3726.83944252855,113.303268125104,4,4,4,0.677,0
22.54,3727.26356728982,113.319173622912,4,4,4,0.677,0
22.55,3727.68748501701,113.335072305321,4,4,4,0.677,0
22.56,3728.11119580946,113.350964174805,4,4,4,0.677,0
22.57,3728.53469976645,113.366849233839,4,4,4,0.677,0
22.58,3728.95799698723,113.382727484895,4,4,4,0.677,0
22.59,3729.38108757101,113.398598930446,4,4,4,0.677,0
22.6,3729.80397161694,113.414463572963,4,4,4,0.677,0
22.61,3730.22664922413,113.430321414919,4,4,4,0.677,0
22.62,3730.64912049166,113.446172458785,4,4,4,0.677,0
22.63,3731.07138551854,113.462016707031,4,4,4,0.677,0
22.64,3731.49344440376,113.477854162127,4,4,4,0.677,0
22.65,3731.91529724625,113.493684826542,4,4,4,0.677,0
22.66,3732.33694414488,113.509508702747,4,4,4,0.677,0
22.67,3732.75838519852,113.525325793209,4,4,4,0.677,0
22.68,3733.17962050595,113.541136100397,4,4,4,0.677,0
22.69,3733.60065016593,113.556939626778,4,4,4,0.677,0
22.7,3734.02147427717,113.572736374819,4,4,4,0.677,0
22.71,3734.44209293833,113.588526346988,4,4,4,0.677,0
22.72,3734.86250624803,113.604309545749,4,4,4,0.677,0
22.73,3735.28271430484,113.62008597357,4,4,4,0.677,0
22.74,3735.7027172073,113.635855632914,4,4,4,0.677,0
22.75,3736.12251505388,113.651618526247,4,4,4,0.677,0
22.76,3736.54210794304,113.667374656032,4,4,4,0.677,0
22.77,3736.96149597316,113.683124024734,4,4,4,0.677,0
22.78,3737.38067924259,113.698866634816,4,4,4,0.677,0
22.79,3737.79965784965,113.71460248874,4,4,4,0.677,0
22.8,3738.21843189258,113.730331588968,4,4,4,0.677,0
22.81,3738.63700146962,113.746053937962,4,4,4,0.677,0
22.82,3739.05536667893,113.761769538183,4,4,4,0.677,0
22.83,3739.47352761863,113.777478392092,4,4,4,0.677,0
22.84,3739.89148438682,113.793180502149,4,4,4,0.677,0
22.85,3740.30923708152,113.808875870814,4,4,4,0.677,0
22.86,3740.72678580074,113.824564500545,4,4,4,0.677,0
22.87,3741.14413064242,113.840246393802,4,4,4,0.677,0
22.88,3741.56127170447,113.855921553043,4,4,4,0.677,0
22.89,3741.97820908475,113.871589980725,4,4,4,0.677,0
22.9,3742.39494288107,113.887251679305,4,4,4,0.677,0
22.91,3742.81147319121,113.90290665124,4,4,4,0.677,0
22.92,3743.22780011288,113.918554898987,4,4,4,0.677,0
22.93,3743.64392374378,113.934196425,4,4,4,0.677,0
22.94,3744.05984418155,113.949831231736,4,4,4,0.677,0
22.95,3744.47556152376,113.965459321648,4,4,4,0.677,0
22.96,3744.89107586799,113.981080697192,4,4,4,0.677,0
22.97,3745.30638731172,113.996695360819,4,4,4,0.677,0
22.98,3745.72149595242,114.012303314985,4,4,4,0.677,0
22.99,3746.13640188752,114.02790456214,4,4,4,0.677,0
23,3746.55110521436,114.043499104738,4,4,4,0.677,0
23.01,3746.9656060303,114.05908694523,4,4,4,0.677,0
23.02,3747.3799044326,114.074668086067,4,4,4,0.677,0
23.03,3747.79400051851,114.0902425297,4,4,4,0.677,0
23.04,3748.20789438523,114.105810278579,4,4,4,0.677,0
23.05,3748.6215861299,114.121371335153,4,4,4,0.677,0
23.06,3749.03507584962,114.136925701872,4,4,4,0.677,0
23.07,3749.44836364147,114.152473381184,4,4,4,0.677,0
23.08,3749.86144960246,114.168014375537,4,4,4,0.677,0
23.09,3750.27433382957,114.183548687379,4,4,4,0.677,0
23.1,3750.68701641972,114.199076319157,4,4,4,0.677,0
23.11,3751.09949746979,114.214597273318,4,4,4,0.677,0
23.12,3751.51177707664,114.230111552307,4,4,4,0.677,0
23.13,3751.92385533706,114.24561915857,4,4,4,0.677,0
23.14,3752.33573234779,114.261120094552,4,4,4,0.677,0
23.15,3752.74740820556,114.276614362698,4,4,4,0.677,0
23.16,3753.15888300702,114.292101965452,4,4,4,0.677,0
23.17,3753.5701568488,114.307582905257,4,4,4,0.677,0
23.18,3753.98122982747,114.323057184556,4,4,4,0.677,0
23.19,3754.39210203957,114.338524805792,4,4,4,0.677,0
23.2,3754.80277358158,114.353985771407,4,4,4,0.677,0
23.21,3755.21324454995,114.369440083842,4,4,4,0.677,0
23.22,3755.62351504109,114.384887745538,4,4,4,0.677,0
23.23,3756.03358515135,114.400328758935,4,4,4,0.677,0
23.24,3756.44345497703,114.415763126475,4,4,4,0.677,0
23.25,3756.85312461442,114.431190850595,4,4,4,0.677,0
23.26,3757.26259415974,114.446611933735,4,4,4,0.677,0
23.27,3757.67186370917,114.462026378334,4,4,4,0.677,0
23.28,3758.08093335884,114.477434186829,4,4,4,0.677,0
23.29,3758.48980320486,114.492835361658,4,4,4,0.677,0
23.3,3758.89847334326,114.508229905258,4,4,4,0.677,0
23.31,3759.30694387007,114.523617820064,4,4,4,0.677,0
23.32,3759.71521488123,114.538999108513,4,4,4,0.677,0
23.33,3760.12328647267,114.55437377304,4,4,4,0.677,0
23.34,3760.53115874027,114.569741816081,4,4,4,0.677,0
23.35,3760.93883177986,114.585103240068,4,4,4,0.677,0
23.36,3761.34630568721,114.600458047437,4,4,4,0.677,0
23.37,3761.75358055809,114.61580624062,4,4,4,0.677,0
23.38,3762.16065648818,114.63114782205,4,4,4,0.677,0
23.39,3762.56753357315,114.64648279416,4,4,4,0.677,0
23.4,3762.9742119086,114.661811159381,4,4,4,0.677,0
23.41,3763.38069159012,114.677132920144,4,4,4,0.677,0
23.42,3763.78697271321,114.69244807888,4,4,4,0.677,0
23.43,3764.19305537337,114.70775663802,4,4,4,0.677,0
23.44,3764.59893966603,114.723058599993,4,4,4,0.677,0
23.45,3765.00462568659,114.738353967228,4,4,4,0.677,0
23.46,3765.4101135304,114.753642742154,4,4,4,0.677,0
23.47,3765.81540329277,114.768924927198,4,4,4,0.677,0
23.48,3766.22049506896,114.78420052479,4,4,4,0.677,0
23.49,3766.62538895419,114.799469537355,4,4,4,0.677,0
23.5,3767.03008504365,114.81473196732,4,4,4,0.677,0
23.51,3767.43458343246,114.829987817112,4,4,4,0.677,0
23.52,3767.83888421571,114.845237089155,4,4,4,0.677,0
23.53,3768.24298748846,114.860479785876,4,4,4,0.677,0
23.54,3768.6468933457,114.875715909697,4,4,4,0.677,0
23.55,3769.0506018824,114.890945463045,4,4,4,0.677,0
23.56,3769.45411319347,114.906168448341,4,4,4,0.677,0
23.57,3769.85742737378,114.921384868009,4,4,4,0.677,0
23.58,3770.26054451818,114.936594724471,4,4,4,0.677,0
23.59,3770.66346472143,114.95179802015,4,4,4,0.677,0
23.6,3771.0661880783,114.966994757466,4,4,4,0.677,0
23.61,3771.46871468347,114.98218493884,4,4,4,0.677,0
23.62,3771.87104463161,114.997368566694,4,4,4,0.677,0
23.63,3772.27317801732,115.012545643446,4,4,4,0.677,0
23.64,3772.67511493519,115.027716171516,4,4,4,0.677,0
23.65,3773.07685547973,115.042880153323,4,4,4,0.677,0
23.66,3773.47839974543,115.058037591284,4,4,4,0.677,0
23.67,3773.87974782673,115.073188487819,4,4,4,0.677,0
23.68,3774.28089981802,115.088332845344,4,4,4,0.677,0
23.69,3774.68185581368,115.103470666275,4,4,4,0.677,0
23.7,3775.08261590799,115.118601953029,4,4,4,0.677,0
23.71,3775.48318019524,115.133726708022,4,4,4,0.677,0
23.72,3775.88354876964,115.148844933669,4,4,4,0.677,0
23.73,3776.28372172539,115.163956632383,4,4,4,0.677,0
23.74,3776.68369915661,115.179061806581,4,4,4,0.677,0
23.75,3777.0834811574,115.194160458674,4,4,4,0.677,0
23.76,3777.48306782183,115.209252591076,4,4,4,0.677,0
23.77,3777.88245924389,115.2243382062,4,4,4,0.677,0
23.78,3778.28165551755,115.239417306457,4,4,4,0.677,0
23.79,3778.68065673674,115.254489894259,4,4,4,0.677,0
23.8,3779.07946299534,115.269555972017,4,4,4,0.677,0
23.81,3779.47807438718,115.284615542142,4,4,4,0.677,0
23.82,3779.87649100607,115.299668607042,4,4,4,0.677,0
23.83,3780.27471294574,115.314715169129,4,4,4,0.677,0
23.84,3780.67274029992,115.32975523081,4,4,4,0.677,0
23.85,3781.07057316227,115.344788794493,4,4,4,0.677,0
23.86,3781.4682116264,115.359815862587,4,4,4,0.677,0
23.87,3781.86565578591,115.374836437499,4,4,4,0.677,0
23.88,3782.26290573432,115.389850521636,4,4,4,0.677,0
23.89,3782.65996156514,115.404858117403,4,4,4,0.677,0
23.9,3783.05682337181,115.419859227207,4,4,4,0.677,0
23.91,3783.45349124775,115.434853853452,4,4,4,0.677,0
23.92,3783.84996528632,115.449841998544,4,4,4,0.677,0
23.93,3784.24624558084,115.464823664886,4,4,4,0.677,0
23.94,3784.64233222459,115.479798854881,4,4,4,0.677,0
23.95,3785.03822531082,115.494767570934,4,4,4,0.677,0
23.96,3785.43392493271,115.509729815446,4,4,4,0.677,0
23.97,3785.82943118343,115.52468559082,4,4,4,0.677,0
23.98,3786.22474415607,115.539634899456,4,4,4,0.677,0
23.99,3786.61986394371,115.554577743757,4,4,4,0.677,0
24,3787.01479063938,115.569514126121,4,4,4,0.677,0
24.01,3787.40952433605,115.58444404895,4,4,4,0.677,0
24.02,3787.80406512666,115.599367514642,4,4,4,0.677,0
24.03,3788.19841310411,115.614284525596,4,4,4,0.677,0
24.04,3788.59256836125,115.62919508421,4,4,4,0.677,0
24.05,3788.9865309909,115.644099192883,4,4,4,0.677,0
24.06,3789.38030108583,115.658996854012,4,4,4,0.677,0
24.07,3789.77387873875,115.673888069992,4,4,4,0.677,0
24.08,3790.16726404237,115.688772843221,4,4,4,0.677,0
24.09,3790.5604570893,115.703651176093,4,4,4,0.677,0
24.1,3790.95345797216,115.718523071005,4,4,4,0.677,0
24.11,3791.34626678351,115.73338853035,4,4,4,0.677,0
24.12,3791.73888361585,115.748247556523,4,4,4,0.677,0
24.13,3792.13130856166,115.763100151917,4,4,4,0.677,0
24.14,3792.52354171336,115.777946318924,4,4,4,0.677,0
24.15,3792.91558316335,115.792786059938,4,4,4,0.677,0
24.16,3793.30743300396,115.807619377351,4,4,4,0.677,0
24.17,3793.69909132751,115.822446273553,4,4,4,0.677,0
24.18,3794.09055822624,115.837266750935,4,4,4,0.677,0
24.19,3794.48183379238,115.852080811888,4,4,4,0.677,0
24.2,3794.87291811811,115.866888458802,4,4,4,0.677,0
24.21,3795.26381129554,115.881689694065,4,4,4,0.677,0
24.22,3795.65451341678,115.896484520067,4,4,4,0.677,0
24.23,3796.04502457388,115.911272939196,4,4,4,0.677,0
24.24,3796.43534485883,115.926054953838,4,4,4,0.677,0
24.25,3796.82547436361,115.940830566382,4,4,4,0.677,0
24.26,3797.21541318013,115.955599779214,4,4,4,0.677,0
24.27,3797.60516140027,115.970362594719,4,4,4,0.677,0
24.28,3797.99471911587,115.985119015284,4,4,4,0.677,0
24.29,3798.38408641873,115.999869043293,4,4,4,0.677,0
24.3,3798.77326340059,116.01461268113,4,4,4,0.677,0
24.31,3799.16225015317,116.02934993118,4,4,4,0.677,0
24.32,3799.55104676814,116.044080795826,4,4,4,0.677,0
24.33,3799.93965333713,116.05880527745,4,4,4,0.677,0
24.34,3800.3280699517,116.073523378435,4,4,4,0.677,0
24.35,3800.71629670342,116.088235101162,4,4,4,0.677,0
24.36,3801.10433368378,116.102940448013,4,4,4,0.677,0
24.37,3801.49218098423,116.117639421369,4,4,4,0.677,0
24.38,3801.8798386962,116.132332023609,4,4,4,0.677,0
24.39,3802.26730691105,116.147018257113,4,4,4,0.677,0
24.4,3802.65458572012,116.161698124259,4,4,4,0.677,0
24.41,3803.04167521471,116.176371627428,4,4,4,0.677,0
24.42,3803.42857548605,116.191038768996,4,4,4,0.677,0
24.43,3803.81528662535,116.20569955134,4,4,4,0.677,0
24.44,3804.20180872378,116.220353976838,4,4,4,0.677,0
24.45,3804.58814187246,116.235002047866,4,4,4,0.677,0
24.46,3804.97428616247,116.2496437668,4,4,4,0.677,0
24.47,3805.36024168485,116.264279136015,4,4,4,0.677,0
24.48,3805.74600853059,116.278908157886,4,4,4,0.677,0
24.49,3806.13158679065,116.293530834786,4,4,4,0.677,0
24.5,3806.51697655595,116.30814716909,4,4,4,0.677,0
24.51,3806.90217791735,116.322757163171,4,4,4,0.677,0
24.52,3807.28719096569,116.337360819401,4,4,4,0.677,0
24.53,3807.67201579174,116.351958140151,4,4,4,0.677,0
24.54,3808.05665248627,116.366549127795,4,4,4,0.677,0
24.55,3808.44110113996,116.381133784701,4,4,4,0.677,0
24.56,3808.82536184349,116.395712113242,4,4,4,0.677,0
24.57,3809.20943468747,116.410284115786,4,4,4,0.677,0
24.58,3809.59331976248,116.424849794703,4,4,4,0.677,0
24.59,3809.97701715906,116.439409152362,4,4,4,0.677,0
24.6,3810.36052696771,116.453962191131,4,4,4,0.677,0
24.61,3810.74384927888,116.468508913377,4,4,4,0.677,0
24.62,3811.12698418298,116.483049321468,4,4,4,0.677,0
24.63,3811.50993177038,116.49758341777,4,4,4,0.677,0
24.64,3811.89269213142,116.512111204649,4,4,4,0.677,0
24.65,3812.27526535637,116.526632684471,4,4,4,0.677,0
24.66,3812.65765153549,116.541147859601,4,4,4,0.677,0
24.67,3813.03985075898,116.555656732402,4,4,4,0.677,0
24.68,3813.421863117,116.57015930524,4,4,4,0.677,0
24.69,3813.80368869967,116.584655580476,4,4,4,0.677,0
24.7,3814.18532759708,116.599145560475,4,4,4,0.677,0
24.71,3814.56677989926,116.613629247597,4,4,4,0.677,0
24.72,3814.9480456962,116.628106644206,4,4,4,0.677,0
24.73,3815.32912507787,116.642577752661,4,4,4,0.677,0
24.74,3815.71001813418,116.657042575324,4,4,4,0.677,0
24.75,3816.090724955,116.671501114554,4,4,4,0.677,0
24.76,3816.47124563016,116.685953372712,4,4,4,0.677,0
24.77,3816.85158024945,116.700399352155,4,4,4,0.677,0
24.78,3817.23172890262,116.714839055243,4,4,4,0.677,0
24.79,3817.61169167938,116.729272484332,4,4,4,0.677,0
24.8,3817.99146866939,116.743699641781,4,4,4,0.677,0
24.81,3818.37105996228,116.758120529947,4,4,4,0.677,0
24.82,3818.75046564762,116.772535151184,4,4,4,0.677,0
24.83,3819.12968581497,116.78694350785,4,4,4,0.677,0
24.84,3819.50872055382,116.801345602299,4,4,4,0.677,0
24.85,3819.88756995363,116.815741436886,4,4,4,0.677,0
24.86,3820.26623410382,116.830131013964,4,4,4,0.677,0
24.87,3820.64471309377,116.844514335887,4,4,4,0.677,0
24.88,3821.0230070128,116.858891405009,4,4,4,0.677,0
24.89,3821.40111595023,116.87326222368,4,4,4,0.677,0
24.9,3821.77903999529,116.887626794254,4,4,4,0.677,0
24.91,3822.1567792372,116.901985119082,4,4,4,0.677,0
24.92,3822.53433376514,116.916337200514,4,4,4,0.677,0
24.93,3822.91170366822,116.9306830409,4,4,4,0.677,0
24.94,3823.28888903555,116.94502264259,4,4,4,0.677,0
24.95,3823.66588995617,116.959356007933,4,4,4,0.677,0
24.96,3824.04270651908,116.973683139277,4,4,4,0.677,0
24.97,3824.41933881325,116.988004038971,4,4,4,0.677,0
24.98,3824.7957869276,117.002318709362,4,4,4,0.677,0
24.99,3825.17205095102,117.016627152797,4,4,4,0.677,0
25,3825.54813097235,117.030929371621,4,4,4,0.677,0
25.01,3839.24998421826,117.046043507267,4,4,4,0.677,0
25.02,3848.2394312922,117.06242691362,4,4,4,0.677,0
25.03,3854.11251373916,117.079648334346,4,4,4,0.677,0
25.04,3857.97829968099,117.097407241305,4,4,4,0.677,0
25.05,3860.57321075018,117.115503749005,4,4,4,0.677,0
25.06,3862.37224731349,117.133808800314,4,4,4,0.677,0
25.07,3863.67625073348,117.152240608451,4,4,4,0.677,0
25.08,3864.67360935192,117.170747940467,4,4,4,0.677,0
25.09,3865.48147116998,117.189298931552,4,4,4,0.677,0
25.1,3866.17237365243,117.207873849638,4,4,4,0.677,0
25.11,3866.7911160593,117.226460508274,4,4,4,0.677,0
25.12,3867.36532417928,117.245051393305,4,4,4,0.677,0
25.13,3867.91201859673,117.263641876096,4,4,4,0.677,0
25.14,3868.44168080728,117.282229107272,4,4,4,0.677,0
25.15,3868.96076390352,117.300811333596,4,4,4,0.677,0
25.16,3869.47324048288,117.319387476783,4,4,4,0.677,0
25.17,3869.98155614102,117.33795687405,4,4,4,0.677,0
25.18,3870.48721653048,117.356519118378,4,4,4,0.677,0
25.19,3870.99114872245,117.375073960179,4,4,4,0.677,0
25.2,3871.49392362178,117.393621246776,4,4,4,0.677,0
25.21,3871.995892862,117.412160885157,4,4,4,0.677,0
25.22,3872.4972730682,117.430692819043,4,4,4,0.677,0
25.23,3872.99819772824,117.449217014776,4,4,4,0.677,0
25.24,3873.49874912773,117.467733452629,4,4,4,0.677,0
25.25,3873.99897801352,117.486242121455,4,4,4,0.677,0
25.26,3874.49891570293,117.504743015395,4,4,4,0.677,0
25.27,3874.99858154193,117.523236131845,4,4,4,0.677,0
25.28,3875.49798749935,117.541721470209,4,4,4,0.677,0
25.29,3875.99714099725,117.560199031128,4,4,4,0.677,0
25.3,3876.49604665506,117.578668816004,4,4,4,0.677,0
25.31,3876.99470736428,117.597130826709,4,4,4,0.677,0
25.32,3877.493124951,117.615585065405,4,4,4,0.677,0
25.33,3877.99130058426,117.634031534433,4,4,4,0.677,0
25.34,3878.48923502783,117.652470236243,4,4,4,0.677,0
25.35,3878.98692879546,117.670901173353,4,4,4,0.677,0
25.36,3879.48438224661,117.689324348322,4,4,4,0.677,0
25.37,3879.98159564556,117.707739763736,4,4,4,0.677,0
25.38,3880.4785691978,117.726147422195,4,4,4,0.677,0
25.39,3880.97530307253,117.744547326311,4,4,4,0.677,0
25.4,3881.47179741652,117.762939478699,4,4,4,0.677,0
25.41,3881.96805236268,117.781323881979,4,4,4,0.677,0
25.42,3882.46406803535,117.799700538772,4,4,4,0.677,0
25.43,3882.95984455354,117.818069451702,4,4,4,0.677,0
25.44,3883.45538203298,117.836430623392,4,4,4,0.677,0
25.45,3883.95068058732,117.854784056466,4,4,4,0.677,0
25.46,3884.44574032894,117.873129753547,4,4,4,0.677,0
25.47,3884.94056136941,117.891467717259,4,4,4,0.677,0
25.48,3885.43514381976,117.909797950226,4,4,4,0.677,0
25.49,3885.92948779069,117.928120455069,4,4,4,0.677,0
25.5,3886.42359339269,117.946435234413,4,4,4,0.677,0
25.51,3886.91746073607,117.964742290881,4,4,4,0.677,0
25.52,3887.41108993103,117.983041627093,4,4,4,0.677,0
25.53,3887.9044810877,118.001333245673,4,4,4,0.677,0
25.54,3888.3976343161,118.019617149242,4,4,4,0.677,0
25.55,3888.89054972623,118.037893340422,4,4,4,0.677,0
25.56,3889.383227428,118.056161821834,4,4,4,0.677,0
25.57,3889.8756675313,118.074422596098,4,4,4,0.677,0
25.58,3890.36787014594,118.092675665835,4,4,4,0.677,0
25.59,3890.85983538171,118.110921033665,4,4,4,0.677,0
25.6,3891.35156334833,118.129158702208,4,4,4,0.677,0
25.61,3891.84305415549,118.147388674084,4,4,4,0.677,0
25.62,3892.33430791282,118.165610951911,4,4,4,0.677,0
25.63,3892.82532472991,118.18382553831,4,4,4,0.677,0
25.64,3893.31610471632,118.202032435898,4,4,4,0.677,0
25.65,3893.80664798154,118.220231647293,4,4,4,0.677,0
25.66,3894.29695463503,118.238423175114,4,4,4,0.677,0
25.67,3894.78702478619,118.256607021978,4,4,4,0.677,0
25.68,3895.2768585444,118.274783190503,4,4,4,0.677,0
25.69,3895.76645601897,118.292951683305,4,4,4,0.677,0
25.7,3896.25581731917,118.311112503002,4,4,4,0.677,0
25.71,3896.74494255424,118.329265652209,4,4,4,0.677,0
25.72,3897.23383183336,118.347411133543,4,4,4,0.677,0
25.73,3897.72248526566,118.365548949619,4,4,4,0.677,0
25.74,3898.21090296025,118.383679103053,4,4,4,0.677,0
25.75,3898.69908502616,118.401801596459,4,4,4,0.677,0
25.76,3899.1870315724,118.419916432454,4,4,4,0.677,0
25.77,3899.67474270793,118.43802361365,4,4,4,0.677,0
25.78,3900.16221854166,118.456123142662,4,4,4,0.677,0
25.79,3900.64945918246,118.474215022104,4,4,4,0.677,0
25.8,3901.13646473914,118.49229925459,4,4,4,0.677,0
25.81,3901.6232353205,118.510375842731,4,4,4,0.677,0
25.82,3902.10977103525,118.528444789142,4,4,4,0.677,0
25.83,3902.59607199208,118.546506096435,4,4,4,0.677,0
25.84,3903.08213829965,118.564559767221,4,4,4,0.677,0
25.85,3903.56797006653,118.582605804113,4,4,4,0.677,0
25.86,3904.05356740129,118.600644209722,4,4,4,0.677,0
25.87,3904.53893041244,118.618674986659,4,4,4,0.677,0
25.88,3905.02405920842,118.636698137535,4,4,4,0.677,0
25.89,3905.50895389766,118.654713664961,4,4,4,0.677,0
25.9,3905.99361458854,118.672721571546,4,4,4,0.677,0
25.91,3906.47804138937,118.690721859901,4,4,4,0.677,0
25.92,3906.96223440844,118.708714532635,4,4,4,0.677,0
25.93,3907.44619375398,118.726699592357,4,4,4,0.677,0
25.94,3907.92991953419,118.744677041675,4,4,4,0.677,0
25.95,3908.41341185722,118.762646883199,4,4,4,0.677,0
25.96,3908.89667083115,118.780609119537,4,4,4,0.677,0
25.97,3909.37969656406,118.798563753296,4,4,4,0.677,0
25.98,3909.86248916395,118.816510787084,4,4,4,0.677,0
25.99,3910.34504873879,118.834450223508,4,4,4,0.677,0
26,3910.8273753965,118.852382065174,4,4,4,0.677,0
26.01,3911.30946924496,118.87030631469,4,4,4,0.677,0
26.02,3911.791330392,118.888222974661,4,4,4,0.677,0
26.03,3912.27295894541,118.906132047694,4,4,4,0.677,0
26.04,3912.75435501294,118.924033536393,4,4,4,0.677,0
26.05,3913.23551870226,118.941927443363,4,4,4,0.677,0
26.06,3913.71645012106,118.959813771211,4,4,4,0.677,0
26.07,3914.19714937692,118.977692522539,4,4,4,0.677,0
26.08,3914.67761657741,118.995563699952,4,4,4,0.677,0
26.09,3915.15785183006,119.013427306055,4,4,4,0.677,0
26.1,3915.63785524233,119.031283343449,4,4,4,0.677,0
26.11,3916.11762692166,119.049131814739,4,4,4,0.677,0
26.12,3916.59716697543,119.066972722526,4,4,4,0.677,0
26.13,3917.07647551097,119.084806069414,4,4,4,0.677,0
26.14,3917.55555263559,119.102631858005,4,4,4,0.677,0
26.15,3918.03439845654,119.120450090899,4,4,4,0.677,0
26.16,3918.51301308101,119.138260770699,4,4,4,0.677,0
26.17,3918.99139661618,119.156063900006,4,4,4,0.677,0
26.18,3919.46954916915,119.173859481419,4,4,4,0.677,0
26.19,3919.947470847,119.19164751754,4,4,4,0.677,0
26.2,3920.42516175676,119.209428010969,4,4,4,0.677,0
26.21,3920.90262200541,119.227200964304,4,4,4,0.677,0
26.22,3921.37985169988,119.244966380146,4,4,4,0.677,0
26.23,3921.85685094708,119.262724261093,4,4,4,0.677,0
26.24,3922.33361985384,119.280474609744,4,4,4,0.677,0
26.25,3922.81015852697,119.298217428696,4,4,4,0.677,0
26.26,3923.28646707324,119.315952720549,4,4,4,0.677,0
26.27,3923.76254559935,119.333680487899,4,4,4,0.677,0
26.28,3924.23839421198,119.351400733343,4,4,4,0.677,0
26.29,3924.71401301776,119.369113459479,4,4,4,0.677,0
26.3,3925.18940212326,119.386818668902,4,4,4,0.677,0
26.31,3925.66456163502,119.40451636421,4,4,4,0.677,0
26.32,3926.13949165954,119.422206547997,4,4,4,0.677,0
26.33,3926.61419230326,119.439889222859,4,4,4,0.677,0
26.34,3927.08866367259,119.457564391392,4,4,4,0.677,0
26.35,3927.56290587388,119.475232056189,4,4,4,0.677,0
26.36,3928.03691901346,119.492892219845,4,4,4,0.677,0
26.37,3928.51070319758,119.510544884955,4,4,4,0.677,0
26.38,3928.98425853249,119.528190054111,4,4,4,0.677,0
26.39,3929.45758512435,119.545827729908,4,4,4,0.677,0
26.4,3929.93068307931,119.563457914937,4,4,4,0.677,0
26.41,3930.40355250346,119.581080611792,4,4,4,0.677,0
26.42,3930.87619350285,119.598695823065,4,4,4,0.677,0
26.43,3931.34860618347,119.616303551347,4,4,4,0.677,0
26.44,3931.82079065131,119.633903799231,4,4,4,0.677,0
26.45,3932.29274701226,119.651496569306,4,4,4,0.677,0
26.46,3932.7644753722,119.669081864165,4,4,4,0.677,0
26.47,3933.23597583695,119.686659686397,4,4,4,0.677,0
26.48,3933.70724851231,119.704230038592,4,4,4,0.677,0
26.49,3934.178293504,119.72179292334,4,4,4,0.677,0
26.5,3934.64911091773,119.739348343231,4,4,4,0.677,0
26.51,3935.11970085914,119.756896300853,4,4,4,0.677,0
26.52,3935.59006343384,119.774436798795,4,4,4,0.677,0
26.53,3936.06019874739,119.791969839645,4,4,4,0.677,0
26.54,3936.5301069053,119.809495425992,4,4,4,0.677,0
26.55,3936.99978801306,119.827013560421,4,4,4,0.677,0
26.56,3937.46924217609,119.844524245522,4,4,4,0.677,0
26.57,3937.93846949978,119.86202748388,4,4,4,0.677,0
26.58,3938.40747008946,119.879523278081,4,4,4,0.677,0
26.59,3938.87624405043,119.897011630713,4,4,4,0.677,0
26.6,3939.34479148796,119.91449254436,4,4,4,0.677,0
26.61,3939.81311250723,119.931966021608,4,4,4,0.677,0
26.62,3940.28120721343,119.949432065042,4,4,4,0.677,0
26.63,3940.74907571167,119.966890677246,4,4,4,0.677,0
26.64,3941.21671810703,119.984341860805,4,4,4,0.677,0
26.65,3941.68413450453,120.001785618302,4,4,4,0.677,0
26.66,3942.15132500918,120.019221952321,4,4,4,0.677,0
26.67,3942.6182897259,120.036650865444,4,4,4,0.677,0
26.68,3943.08502875961,120.054072360256,4,4,4,0.677,0
26.69,3943.55154221516,120.071486439337,4,4,4,0.677,0
26.7,3944.01783019736,120.088893105271,4,4,4,0.677,0
26.71,3944.48389281098,120.106292360638,4,4,4,0.677,0
26.72,3944.94973016074,120.12368420802,4,4,4,0.677,0
26.73,3945.41534235133,120.141068649997,4,4,4,0.677,0
26.74,3945.88072948738,120.158445689151,4,4,4,0.677,0
26.75,3946.34589167349,120.175815328061,4,4,4,0.677,0
26.76,3946.8108290142,120.193177569307,4,4,4,0.677,0
26.77,3947.27554161402,120.210532415469,4,4,4,0.677,0
26.78,3947.74002957741,120.227879869124,4,4,4,0.677,0
26.79,3948.20429300878,120.245219932853,4,4,4,0.677,0
26.8,3948.66833201252,120.262552609233,4,4,4,0.677,0
26.81,3949.13214669295,120.279877900842,4,4,4,0.677,0
26.82,3949.59573715435,120.297195810257,4,4,4,0.677,0
26.83,3950.05910350098,120.314506340056,4,4,4,0.677,0
26.84,3950.52224583702,120.331809492816,4,4,4,0.677,0
26.85,3950.98516426663,120.349105271112,4,4,4,0.677,0
26.86,3951.44785889392,120.36639367752,4,4,4,0.677,0
26.87,3951.91032982296,120.383674714617,4,4,4,0.677,0
26.88,3952.37257715778,120.400948384978,4,4,4,0.677,0
26.89,3952.83460100234,120.418214691177,4,4,4,0.677,0
26.9,3953.29640146059,120.435473635788,4,4,4,0.677,0
26.91,3953.75797863642,120.452725221386,4,4,4,0.677,0
26.92,3954.21933263368,120.469969450545,4,4,4,0.677,0
26.93,3954.68046355617,120.487206325838,4,4,4,0.677,0
26.94,3955.14137150766,120.504435849837,4,4,4,0.677,0
26.95,3955.60205659185,120.521658025115,4,4,4,0.677,0
26.96,3956.06251891243,120.538872854245,4,4,4,0.677,0
26.97,3956.52275857303,120.556080339797,4,4,4,0.677,0
26.98,3956.98277567722,120.573280484345,4,4,4,0.677,0
26.99,3957.44257032856,120.590473290458,4,4,4,0.677,0
27,3957.90214263055,120.607658760706,4,4,4,0.677,0
27.01,3958.36149268663,120.624836897662,4,4,4,0.677,0
27.02,3958.82062060023,120.642007703893,4,4,4,0.677,0
27.03,3959.2795264747,120.65917118197,4,4,4,0.677,0
27.04,3959.73821041339,120.676327334461,4,4,4,0.677,0
27.05,3960.19667251956,120.693476163936,4,4,4,0.677,0
27.06,3960.65491289645,120.710617672963,4,4,4,0.677,0
27.07,3961.11293164727,120.727751864109,4,4,4,0.677,0
27.08,3961.57072887516,120.744878739942,4,4,4,0.677,0
27.09,3962.02830468323,120.761998303029,4,4,4,0.677,0
27.1,3962.48565917454,120.779110555937,4,4,4,0.677,0
27.11,3962.94279245211,120.796215501232,4,4,4,0.677,0
27.12,3963.39970461893,120.81331314148,4,4,4,0.677,0
27.13,3963.85639577793,120.830403479247,4,4,4,0.677,0
27.14,3964.31286603199,120.847486517098,4,4,4,0.677,0
27.15,3964.76911548397,120.864562257597,4,4,4,0.677,0
27.16,3965.22514423666,120.881630703309,4,4,4,0.677,0
27.17,3965.68095239284,120.898691856799,4,4,4,0.677,0
27.18,3966.13654005521,120.915745720628,4,4,4,0.677,0
27.19,3966.59190732645,120.932792297362,4,4,4,0.677,0
27.2,3967.04705430919,120.949831589562,4,4,4,0.677,0
27.21,3967.50198110601,120.966863599791,4,4,4,0.677,0
27.22,3967.95668781948,120.983888330611,4,4,4,0.677,0
27.23,3968.41117455207,121.000905784583,4,4,4,0.677,0
27.24,3968.86544140625,121.017915964269,4,4,4,0.677,0
27.25,3969.31948848444,121.03491887223,4,4,4,0.677,0
27.26,3969.773315889,121.051914511026,4,4,4,0.677,0
27.27,3970.22692372227,121.068902883217,4,4,4,0.677,0
27.28,3970.68031208652,121.085883991362,4,4,4,0.677,0
27.29,3971.133481084,121.102857838021,4,4,4,0.677,0
27.3,3971.58643081691,121.119824425753,4,4,4,0.677,0
27.31,3972.0391613874,121.136783757116,4,4,4,0.677,0
27.32,3972.49167289759,121.153735834669,4,4,4,0.677,0
27.33,3972.94396544953,121.170680660968,4,4,4,0.677,0
27.34,3973.39603914527,121.187618238571,4,4,4,0.677,0
27.35,3973.84789408678,121.204548570034,4,4,4,0.677,0
27.36,3974.29953037599,121.221471657915,4,4,4,0.677,0
27.37,3974.75094811481,121.238387504769,4,4,4,0.677,0
27.38,3975.2021474051,121.255296113152,4,4,4,0.677,0
27.39,3975.65312834865,121.27219748562,4,4,4,0.677,0
27.4,3976.10389104724,121.289091624726,4,4,4,0.677,0
27.41,3976.55443560258,121.305978533025,4,4,4,0.677,0
27.42,3977.00476211637,121.322858213071,4,4,4,0.677,0
27.43,3977.45487069024,121.339730667419,4,4,4,0.677,0
27.44,3977.90476142579,121.35659589862,4,4,4,0.677,0
27.45,3978.35443442456,121.373453909229,4,4,4,0.677,0
27.46,3978.80388978806,121.390304701796,4,4,4,0.677,0
27.47,3979.25312761777,121.407148278875,4,4,4,0.677,0
27.48,3979.70214801511,121.423984643016,4,4,4,0.677,0
27.49,3980.15095108144,121.440813796772,4,4,4,0.677,0
27.5,3980.59953691812,121.457635742692,4,4,4,0.677,0
27.51,3981.04790562644,121.474450483327,4,4,4,0.677,0
27.52,3981.49605730764,121.491258021227,4,4,4,0.677,0
27.53,3981.94399206294,121.508058358941,4,4,4,0.677,0
27.54,3982.39170999351,121.524851499019,4,4,4,0.677,0
27.55,3982.83921120046,121.541637444009,4,4,4,0.677,0
27.56,3983.28649578487,121.55841619646,4,4,4,0.677,0
27.57,3983.73356384779,121.575187758919,4,4,4,0.677,0
27.58,3984.1804154902,121.591952133934,4,4,4,0.677,0
27.59,3984.62705081306,121.608709324052,4,4,4,0.677,0
27.6,3985.07346991728,121.62545933182,4,4,4,0.677,0
27.61,3985.51967290373,121.642202159784,4,4,4,0.677,0
27.62,3985.96565987322,121.658937810489,4,4,4,0.677,0
27.63,3986.41143092653,121.675666286481,4,4,4,0.677,0
27.64,3986.85698616442,121.692387590305,4,4,4,0.677,0
27.65,3987.30232568756,121.709101724506,4,4,4,0.677,0
27.66,3987.74744959661,121.725808691628,4,4,4,0.677,0
27.67,3988.19235799219,121.742508494214,4,4,4,0.677,0
27.68,3988.63705097486,121.759201134808,4,4,4,0.677,0
27.69,3989.08152864514,121.775886615953,4,4,4,0.677,0
27.7,3989.52579110351,121.792564940191,4,4,4,0.677,0
27.71,3989.96983845042,121.809236110065,4,4,4,0.677,0
27.72,3990.41367078626,121.825900128115,4,4,4,0.677,0
27.73,3990.85728821138,121.842556996884,4,4,4,0.677,0
27.74,3991.3006908261,121.859206718912,4,4,4,0.677,0
27.75,3991.74387873069,121.875849296739,4,4,4,0.677,0
27.76,3992.18685202536,121.892484732906,4,4,4,0.677,0
27.77,3992.62961081031,121.909113029952,4,4,4,0.677,0
27.78,3993.07215518568,121.925734190416,4,4,4,0.677,0
27.79,3993.51448525155,121.942348216838,4,4,4,0.677,0
27.8,3993.956601108,121.958955111754,4,4,4,0.677,0
27.81,3994.39850285503,121.975554877704,4,4,4,0.677,0
27.82,3994.84019059261,121.992147517224,4,4,4,0.677,0
27.83,3995.28166442067,122.008733032852,4,4,4,0.677,0
27.84,3995.7229244391,122.025311427124,4,4,4,0.677,0
27.85,3996.16397074774,122.041882702577,4,4,4,0.677,0
27.86,3996.6048034464,122.058446861746,4,4,4,0.677,0
27.87,3997.04542263482,122.075003907166,4,4,4,0.677,0
27.88,3997.48582841273,122.091553841374,4,4,4,0.677,0
27.89,3997.9260208798,122.108096666902,4,4,4,0.677,0
27.9,3998.36600013567,122.124632386285,4,4,4,0.677,0
27.91,3998.80576627991,122.141161002058,4,4,4,0.677,0
27.92,3999.24531941209,122.157682516752,4,4,4,0.677,0
27.93,3999.68465963169,122.174196932901,4,4,4,0.677,0
27.94,4000.12377297075,122.190704252826,4,4,4,0.677,0
27.95,4000.56241384845,122.20720446433,4,4,4,0.677,0
27.96,4001.00059974995,122.223697536419,4,4,4,0.677,0
27.97,4001.4384173134,122.240183448311,4,4,4,0.677,0
27.98,4001.87592187471,122.256662187693,4,4,4,0.677,0
27.99,4002.31314879458,122.27313374766,4,4,4,0.677,0
28,4002.75012068524,122.289598124756,4,4,4,0.677,0
28.01,4003.18685202171,122.306055317728,4,4,4,0.677,0
28.02,4003.62335208446,122.322505326727,4,4,4,0.677,0
28.03,4004.05962683759,122.338948152802,4,4,4,0.677,0
28.04,4004.49568012756,122.355383797574,4,4,4,0.677,0
28.05,4004.9315144486,122.371812263029,4,4,4,0.677,0
28.06,4005.3671314312,122.388233551388,4,4,4,0.677,0
28.07,4005.8025321542,122.404647665019,4,4,4,0.677,0
28.08,4006.23771734401,122.421054606386,4,4,4,0.677,0
28.09,4006.6726875018,122.437454378013,4,4,4,0.677,0
28.1,4007.10744298489,122.453846982462,4,4,4,0.677,0
28.11,4007.5419840586,122.47023242232,4,4,4,0.677,0
28.12,4007.97631092942,122.486610700189,4,4,4,0.677,0
28.13,4008.41042376629,122.502981818682,4,4,4,0.677,0
28.14,4008.84432271406,122.519345780416,4,4,4,0.677,0
28.15,4009.27800790219,122.535702588013,4,4,4,0.677,0
28.16,4009.7114794503,122.552052244096,4,4,4,0.677,0
28.17,4010.14473747165,122.568394751291,4,4,4,0.677,0
28.18,4010.57778207547,122.584730112222,4,4,4,0.677,0
28.19,4011.01061336838,122.601058329516,4,4,4,0.677,0
28.2,4011.44323145529,122.617379405798,4,4,4,0.677,0
28.21,4011.87563644003,122.633693343693,4,4,4,0.677,0
28.22,4012.30782842571,122.650000145827,4,4,4,0.677,0
28.23,4012.73980751496,122.666299814825,4,4,4,0.677,0
28.24,4013.17157381009,122.68259235331,4,4,4,0.677,0
28.25,4013.6031274132,122.698877763907,4,4,4,0.677,0
28.26,4014.03446842621,122.715156049238,4,4,4,0.677,0
28.27,4014.46559695094,122.731427211927,4,4,4,0.677,0
28.28,4014.89651308912,122.747691254596,4,4,4,0.677,0
28.29,4015.3272169424,122.763948179868,4,4,4,0.677,0
28.3,4015.75770861236,122.780197990362,4,4,4,0.677,0
28.31,4016.18798820052,122.796440688701,4,4,4,0.677,0
28.32,4016.61805580838,122.812676277504,4,4,4,0.677,0
28.33,4017.04791153735,122.828904759392,4,4,4,0.677,0
28.34,4017.47755548881,122.845126136984,4,4,4,0.677,0
28.35,4017.90698776409,122.861340412898,4,4,4,0.677,0
28.36,4018.33620846448,122.877547589753,4,4,4,0.677,0
28.37,4018.76521769121,122.893747670168,4,4,4,0.677,0
28.38,4019.19401554549,122.909940656758,4,4,4,0.677,0
28.39,4019.62260212845,122.926126552142,4,4,4,0.677,0
28.4,4020.05097754121,122.942305358935,4,4,4,0.677,0
28.41,4020.47914188482,122.958477079753,4,4,4,0.677,0
28.42,4020.90709526029,122.974641717211,4,4,4,0.677,0
28.43,4021.3348377686,122.990799273925,4,4,4,0.677,0
28.44,4021.76236951067,123.006949752509,4,4,4,0.677,0
28.45,4022.18969058738,123.023093155576,4,4,4,0.677,0
28.46,4022.61680109956,123.039229485739,4,4,4,0.677,0
28.47,4023.04370114801,123.055358745612,4,4,4,0.677,0
28.48,4023.47039083347,123.071480937807,4,4,4,0.677,0
28.49,4023.89687025664,123.087596064935,4,4,4,0.677,0
28.5,4024.32313951817,123.103704129608,4,4,4,0.677,0
28.51,4024.74919871869,123.119805134436,4,4,4,0.677,0
28.52,4025.17504795875,123.135899082029,4,4,4,0.677,0
28.53,4025.60068733887,123.151985974998,4,4,4,0.677,0
28.54,4026.02611695955,123.168065815951,4,4,4,0.677,0
28.55,4026.4513369212,123.184138607497,4,4,4,0.677,0
28.56,4026.87634732422,123.200204352244,4,4,4,0.677,0
28.57,4027.30114826896,123.2162630528,4,4,4,0.677,0
28.58,4027.72573985571,123.232314711771,4,4,4,0.677,0
28.59,4028.15012218472,123.248359331766,4,4,4,0.677,0
28.6,4028.57429535621,123.264396915389,4,4,4,0.677,0
28.61,4028.99825947035,123.280427465246,4,4,4,0.677,0
28.62,4029.42201462726,123.296450983942,4,4,4,0.677,0
28.63,4029.845560927,123.312467474082,4,4,4,0.677,0
28.64,4030.26889846963,123.32847693827,4,4,4,0.677,0
28.65,4030.69202735512,123.344479379109,4,4,4,0.677,0
28.66,4031.11494768342,123.360474799202,4,4,4,0.677,0
28.67,4031.53765955442,123.376463201152,4,4,4,0.677,0
28.68,4031.960163068,123.39244458756,4,4,4,0.677,0
28.69,4032.38245832395,123.408418961029,4,4,4,0.677,0
28.7,4032.80454542204,123.424386324158,4,4,4,0.677,0
28.71,4033.22642446199,123.440346679549,4,4,4,0.677,0
28.72,4033.64809554349,123.456300029801,4,4,4,0.677,0
28.73,4034.06955876617,123.472246377514,4,4,4,0.677,0
28.74,4034.49081422961,123.488185725286,4,4,4,0.677,0
28.75,4034.91186203336,123.504118075716,4,4,4,0.677,0
28.76,4035.33270227693,123.520043431402,4,4,4,0.677,0
28.77,4035.75333505977,123.53596179494,4,4,4,0.677,0
28.78,4036.17376048129,123.551873168928,4,4,4,0.677,0
28.79,4036.59397864086,123.567777555961,4,4,4,0.677,0
28.8,4037.0139896378,123.583674958636,4,4,4,0.677,0
28.81,4037.4337935714,123.599565379548,4,4,4,0.677,0
28.82,4037.8533905409,123.615448821291,4,4,4,0.677,0
28.83,4038.27278064547,123.631325286459,4,4,4,0.677,0
28.84,4038.69196398428,123.647194777646,4,4,4,0.677,0
28.85,4039.11094065642,123.663057297446,4,4,4,0.677,0
28.86,4039.52971076096,123.67891284845,4,4,4,0.677,0
28.87,4039.9482743969,123.694761433251,4,4,4,0.677,0
28.88,4040.36663166323,123.71060305444,4,4,4,0.677,0
28.89,4040.78478265887,123.726437714608,4,4,4,0.677,0
28.9,4041.2027274827,123.742265416346,4,4,4,0.677,0
28.91,4041.62046623356,123.758086162244,4,4,4,0.677,0
28.92,4042.03799901024,123.77389995489,4,4,4,0.677,0
28.93,4042.45532591151,123.789706796875,4,4,4,0.677,0
28.94,4042.87244703606,123.805506690786,4,4,4,0.677,0
28.95,4043.28936248256,123.82129963921,4,4,4,0.677,0
28.96,4043.70607234963,123.837085644737,4,4,4,0.677,0
28.97,4044.12257673585,123.852864709951,4,4,4,0.677,0
28.98,4044.53887573974,123.86863683744,4,4,4,0.677,0
28.99,4044.9549694598,123.884402029788,4,4,4,0.677,0
29,4045.37085799447,123.900160289583,4,4,4,0.677,0
29.01,4045.78654144214,123.915911619407,4,4,4,0.677,0
29.02,4046.20201990118,123.931656021845,4,4,4,0.677,0
29.03,4046.6172934699,123.94739349948,4,4,4,0.677,0
29.04,4047.03236224656,123.963124054897,4,4,4,0.677,0
29.05,4047.4472263294,123.978847690677,4,4,4,0.677,0
29.06,4047.86188581659,123.994564409402,4,4,4,0.677,0
29.07,4048.27634080627,124.010274213654,4,4,4,0.677,0
29.08,4048.69059139654,124.025977106013,4,4,4,0.677,0
29.09,4049.10463768543,124.041673089061,4,4,4,0.677,0
29.1,4049.51847977097,124.057362165376,4,4,4,0.677,0
29.11,4049.93211775112,124.073044337539,4,4,4,0.677,0
29.12,4050.34555172378,124.088719608128,4,4,4,0.677,0
29.13,4050.75878178684,124.104387979721,4,4,4,0.677,0
29.14,4051.17180803813,124.120049454897,4,4,4,0.677,0
29.15,4051.58463057544,124.135704036232,4,4,4,0.677,0
29.16,4051.99724949651,124.151351726302,4,4,4,0.677,0
29.17,4052.40966489904,124.166992527685,4,4,4,0.677,0
29.18,4052.82187688069,124.182626442956,4,4,4,0.677,0
29.19,4053.23388553907,124.19825347469,4,4,4,0.677,0
29.2,4053.64569097175,124.213873625461,4,4,4,0.677,0
29.21,4054.05729327626,124.229486897844,4,4,4,0.677,0
29.22,4054.46869255009,124.245093294411,4,4,4,0.677,0
29.23,4054.87988889067,124.260692817736,4,4,4,0.677,0
29.24,4055.29088239539,124.276285470391,4,4,4,0.677,0
29.25,4055.70167316162,124.291871254949,4,4,4,0.677,0
29.26,4056.11226128665,124.307450173979,4,4,4,0.677,0
29.27,4056.52264686776,124.323022230054,4,4,4,0.677,0
29.28,4056.93283000216,124.338587425743,4,4,4,0.677,0
29.29,4057.34281078704,124.354145763617,4,4,4,0.677,0
29.3,4057.75258931954,124.369697246243,4,4,4,0.677,0
29.31,4058.16216569673,124.385241876192,4,4,4,0.677,0
29.32,4058.57154001568,124.40077965603,4,4,4,0.677,0
29.33,4058.98071237338,124.416310588326,4,4,4,0.677,0
29.34,4059.3896828668,124.431834675646,4,4,4,0.677,0
29.35,4059.79845159286,124.447351920558,4,4,4,0.677,0
29.36,4060.20701864843,124.462862325626,4,4,4,0.677,0
29.37,4060.61538413035,124.478365893416,4,4,4,0.677,0
29.38,4061.0235481354,124.493862626494,4,4,4,0.677,0
29.39,4061.43151076032,124.509352527423,4,4,4,0.677,0
29.4,4061.83927210183,124.524835598768,4,4,4,0.677,0
29.41,4062.24683225658,124.54031184309,4,4,4,0.677,0
29.42,4062.65419132118,124.555781262954,4,4,4,0.677,0
29.43,4063.06134939222,124.571243860921,4,4,4,0.677,0
29.44,4063.4683065662,124.586699639553,4,4,4,0.677,0
29.45,4063.87506293964,124.602148601411,4,4,4,0.677,0
29.46,4064.28161860896,124.617590749055,4,4,4,0.677,0
29.47,4064.68797367056,124.633026085046,4,4,4,0.677,0
29.48,4065.09412822081,124.648454611942,4,4,4,0.677,0
29.49,4065.50008235602,124.663876332303,4,4,4,0.677,0
29.5,4065.90583617245,124.679291248687,4,4,4,0.677,0
29.51,4066.31138976634,124.694699363651,4,4,4,0.677,0
29.52,4066.71674323387,124.710100679754,4,4,4,0.677,0
29.53,4067.12189667117,124.725495199551,4,4,4,0.677,0
29.54,4067.52685017436,124.740882925599,4,4,4,0.677,0
29.55,4067.93160383949,124.756263860454,4,4,4,0.677,0
29.56,4068.33615776256,124.77163800667,4,4,4,0.677,0
29.57,4068.74051203954,124.787005366802,4,4,4,0.677,0
29.58,4069.14466676637,124.802365943404,4,4,4,0.677,0
29.59,4069.54862203893,124.817719739029,4,4,4,0.677,0
29.6,4069.95237795305,124.833066756231,4,4,4,0.677,0
29.61,4070.35593460453,124.848406997561,4,4,4,0.677,0
29.62,4070.75929208914,124.863740465571,4,4,4,0.677,0
29.63,4071.16245050258,124.879067162813,4,4,4,0.677,0
29.64,4071.56540994051,124.894387091837,4,4,4,0.677,0
29.65,4071.96817049857,124.909700255194,4,4,4,0.677,0
29.66,4072.37073227235,124.925006655432,4,4,4,0.677,0
29.67,4072.77309535737,124.940306295101,4,4,4,0.677,0
29.68,4073.17525984913,124.95559917675,4,4,4,0.677,0
29.69,4073.5772258431,124.970885302926,4,4,4,0.677,0
29.7,4073.97899343469,124.986164676177,4,4,4,0.677,0
29.71,4074.38056271925,125.001437299049,4,4,4,0.677,0
29.72,4074.78193379213,125.016703174089,4,4,4,0.677,0
29.73,4075.1831067486,125.031962303842,4,4,4,0.677,0
29.74,4075.58408168391,125.047214690854,4,4,4,0.677,0
29.75,4075.98485869324,125.062460337669,4,4,4,0.677,0
29.76,4076.38543787177,125.077699246832,4,4,4,0.677,0
29.77,4076.7858193146,125.092931420885,4,4,4,0.677,0
29.78,4077.18600311679,125.108156862372,4,4,4,0.677,0
29.79,4077.58598937339,125.123375573836,4,4,4,0.677,0
29.8,4077.98577817937,125.138587557817,4,4,4,0.677,0
29.81,4078.38536962968,125.153792816858,4,4,4,0.677,0
29.82,4078.78476381922,125.168991353499,4,4,4,0.677,0
29.83,4079.18396084284,125.18418317028,4,4,4,0.677,0
29.84,4079.58296079536,125.199368269741,4,4,4,0.677,0
29.85,4079.98176377155,125.214546654421,4,4,4,0.677,0
29.86,4080.38036986613,125.229718326858,4,4,4,0.677,0
29.87,4080.77877917381,125.244883289591,4,4,4,0.677,0
29.88,4081.17699178922,125.260041545157,4,4,4,0.677,0
29.89,4081.57500780696,125.275193096092,4,4,4,0.677,0
29.9,4081.9728273216,125.290337944934,4,4,4,0.677,0
29.91,4082.37045042764,125.305476094217,4,4,4,0.677,0
29.92,4082.76787721958,125.320607546477,4,4,4,0.677,0
29.93,4083.16510779183,125.335732304249,4,4,4,0.677,0
29.94,4083.56214223878,125.350850370066,4,4,4,0.677,0
29.95,4083.9589806548,125.365961746463,4,4,4,0.677,0
29.96,4084.35562313417,125.381066435971,4,4,4,0.677,0
29.97,4084.75206977116,125.396164441124,4,4,4,0.677,0
29.98,4085.14832066,125.411255764454,4,4,4,0.677,0
29.99,4085.54437589486,125.426340408491,4,4,4,0.677,0
30,4085.94023556988,125.441418375766,4,4,4,0.677,0
