TimeSeconds,ThrottlePercent,Brake,RPM,SpeedMPH,Gear,TorqueRatioBefore,TorqueRatioAfter,ImpellerTorque,TurbineTorque
0,60,0,1000,0,1,2.232,2.232,52.9193384795879,118.11596348644
0.01,60,0,1101.37026247294,0.0573120121589636,1,2.22315577083205,2.22315577083205,64.2130880351901,142.75569722838
0.02,60,0,1200.04472766672,0.125997448519523,1,2.21415518727494,2.21415518727494,76.2599874293758,168.851446748274
0.03,60,0,1294.56328772058,0.206809716394834,1,2.20484840609775,2.20484840609775,88.7765766705441,195.738893570864
0.04,60,0,1383.66052585174,0.29992457413434,1,2.19515910461523,2.19515910461523,101.45350874608,222.706593419119
0.05,60,0,1467.28224596478,0.405291278209171,1,2.18505371051603,2.18505371051603,114.129569346495,249.379238980156
0.06,60,0,1545.44333924533,0.522698456130124,1,2.17451615530368,2.17451615530368,126.662165835892,275.428925875901
0.07,60,0,1618.22107189558,0.651796610197795,1,2.16354236011106,2.16354236011106,138.92915381387,300.579109330692
0.08,60,0,1685.79602326391,0.792125708251455,1,2.15213862918223,2.15213862918223,150.838309984757,324.624953678759
0.09,60,0,1748.3478894084,0.943142260473534,1,2.14031526611597,2.14031526611597,162.311034420208,347.396784828645
0.1,60,0,1806.06785055424,1.10423305912275,1,2.12808592875045,2.12808592875045,173.283729234255,368.762665864821
0.11,60,0,1859.17295480952,1.27473441568325,1,2.11546735734879,2.11546735734879,183.710043199668,388.632599606034
0.12,60,0,1907.89876489418,1.45395026160705,1,2.10247848960839,2.10247848960839,193.559122206659,406.953890906981
0.13,60,0,1952.49281366535,1.64116803580732,1,2.08913979042353,2.08913979042353,202.813684760734,423.706138876062
0.14,60,0,1993.20892328946,1.83567226098082,1,2.07547273399461,2.07547273399461,211.468043519691,438.896158436304
0.15,60,0,2030.10209172363,2.03707777450425,1,2.06637300727927,2.06637300727927,219.704570501325,453.991594059824
0.16,60,0,2063.12993810201,2.24502859981844,1,2.0572005340643,2.0572005340643,227.276825211952,467.554006206468
0.17,60,0,2092.6136072798,2.45881921872208,1,2.04780044887138,2.04780044887138,234.205268271427,479.60565349427
0.18,60,0,2118.86518046883,2.67777967947163,1,2.0381894647296,2.0381894647296,240.524037427748,490.233559099462
0.19,60,0,2142.17809620431,2.90128114206592,1,2.02838369659393,2.02838369659393,246.270136939784,499.530330726611
0.2,60,0,2162.82632244382,3.12873769262537,1,2.01839863885853,2.01839863885853,251.482064469956,507.59105662349
0.21,60,0,2181.06409197886,3.35960689480232,1,2.00824914829352,2.00824914829352,256.198719639895,514.510860510709
0.22,60,0,2197.12607702935,3.59338935959114,1,1.99794943231736,1.99794943231736,260.458559061483,520.383030219086
0.23,60,0,2211.22789604916,3.82962757564675,1,1.98751304237616,1.98751304237616,264.298962034479,525.297634130008
0.24,60,0,2223.5668625684,4.06790420381075,1,1.97695287210618,1.97695287210618,267.755772560672,529.34054358683
0.25,60,0,2234.38512141958,4.30759073012266,1,1.96377577344986,1.96377577344986,270.530169727466,531.260593298074
0.26,60,0,2243.95936198666,4.54787286541863,1,1.94997091781096,1.94997091781096,272.939594314992,532.224271233354
0.27,60,0,2252.42616522112,4.78845713329792,1,1.93611874631678,1.93611874631678,275.090192915497,532.607279431592
0.28,60,0,2259.90554151381,5.02909322869587,1,1.92223139769107,1.92223139769107,277.008017783188,532.47350919501
0.29,60,0,2266.50526227985,5.26955867035789,1,1.9083202166164,1.9083202166164,278.716880162594,531.881057126526
0.3,60,0,2272.32194871005,5.50965622873208,1,1.89439577421326,1.89439577421326,280.23845643759,530.882547647418
0.31,60,0,2277.44209954588,5.74921150940186,1,1.88046789285881,1.88046789285881,281.59241169089,529.525489057398
0.32,60,0,2281.94305225577,5.98807070319914,1,1.86654567430254,1.86654567430254,282.796533155197,527.852645668587
0.33,60,0,2285.89387501768,6.22609850720618,1,1.85263753019387,1.85263753019387,283.866867842753,525.902412944067
0.34,60,0,2289.41748837046,6.46306928370248,1,1.83893647212163,1.83893647212163,284.339030303478,522.881413272763
0.35,60,0,2292.8565744587,6.69838689560233,1,1.82551506305497,1.82551506305497,284.345170491437,519.076391839052
0.36,60,0,2296.26535367156,6.93197390301131,1,1.81223121992892,1.81223121992892,284.352454001412,515.312394604762
0.37,60,0,2299.64359582336,7.16384868087415,1,1.79908267337133,1.79908267337133,284.360676462183,511.588366011265
0.38,60,0,2302.99115886165,7.39402914304721,1,1.78606721693414,1.78606721693414,284.369660484892,507.903328082758
0.39,60,0,2306.30797672996,7.62253277561435,1,1.77318270459223,1.77318270459223,284.379252288384,504.256371702633
0.4,60,0,2309.59404875845,7.84937666647463,1,1.76042704832272,1.76042704832272,284.38931874177,500.646648967084
0.41,60,0,2312.8494303934,8.07457753166176,1,1.74779821577255,1.74779821577255,284.39974477265,497.073366479806
0.42,60,0,2316.07422509984,8.29815173879672,1,1.73529422801909,1.73529422801909,284.410431095821,493.535779468998
0.43,60,0,2319.26857729185,8.52011532802481,1,1.72291315742637,1.72291315742637,284.421292222926,490.03318662309
0.44,60,0,2322.47798575396,8.74029891506225,1,1.70845354212306,1.70845354212306,284.169530855187,485.490441552992
0.45,60,0,2325.80091365527,8.95829706132946,1,1.69353258427016,1.69353258427016,283.878032470805,480.75669794781
0.46,60,0,2329.21996225106,9.17416338524342,1,1.67883622420297,1.67883622420297,283.627760751206,476.164558938698
0.47,60,0,2332.71694674375,9.38795929379796,1,1.66435554734941,1.66435554734941,283.41333127573,471.700550101536
0.48,60,0,2336.27610262465,9.59974044916278,1,1.65008232853588,1.65008232853588,283.230059796031,467.352916579591
0.49,60,0,2339.88377094064,9.80955749871666,1,1.63600897058988,1.63600897058988,283.073869412592,463.111389698589
0.5,60,0,2343.52812512379,10.0174567063303,1,1.62212844777188,1.62212844777188,282.94121052335,458.966986636937
0.51,60,0,2347.19893370495,10.2234804988196,1,1.60843425384959,1.60843425384959,282.828991680806,454.911838201148
0.52,60,0,2350.8873540517,10.4276679394192,1,1.59492035458459,1.59492035458459,282.734519789332,450.939040555707
0.53,60,0,2354.58575296337,10.630055138388,1,1.58158114437438,1.58158114437438,282.655448317968,447.042527414385
0.54,60,0,2358.28755054132,10.8306756093908,1,1.56841140677886,1.56841140677886,282.589732405852,443.216959743924
0.55,60,0,2362.05242839594,11.0294612346969,1,1.55549009975057,1.55549009975057,282.089997892155,438.788198959906
0.56,60,0,2366.08362020248,11.2261354164603,1,1.54287747729679,1.54287747729679,281.454728655511,434.250161721269
0.57,60,0,2370.34891913505,11.4207880554646,1,1.53053073290674,1.53053073290674,280.912635527882,429.945421937252
0.58,60,0,2374.80733544294,11.6135187296561,1,1.51843088667445,1.51843088667445,280.450535526476,425.844755327791
0.59,60,0,2379.42373380488,11.8044146765701,1,1.50656105311848,1.50656105311848,280.057140145608,421.923179991118
0.6,60,0,2384.16799505636,11.9935525761662,1,1.49490619583601,1.49490619583601,279.722771818392,418.159304707736
0.61,60,0,2389.01430240065,12.1810000614197,1,1.48345290985391,1.48345290985391,279.439125581626,414.534783971095
0.62,60,0,2393.94053248836,12.3668170008854,1,1.47218922892112,1.47218922892112,279.199068091206,411.033860768688
0.63,60,0,2398.92773510637,12.5510565896685,1,1.46110445516072,1.46110445516072,278.996467646114,407.642981851842
0.64,60,0,2403.946201924,12.7337654676542,1,1.45018407913931,1.45018407913931,278.822317779857,404.34368615307
0.65,60,0,2408.95531282818,12.9149792792617,1,1.43940984709332,1.43940984709332,278.664741752592,401.112773316398
0.66,60,0,2413.94753848325,13.0947276971292,1,1.42877582234462,1.42877582234462,278.521133140797,397.944261043599
0.67,60,0,2418.91733462677,13.2730380462721,1,1.41827690830545,1.41827690830545,278.389475891287,394.833365171868
0.68,60,0,2423.8644308365,13.4499294881061,1,1.40791055208707,1.40791055208707,278.196589445017,391.675913834275
0.69,60,0,2428.95337876469,13.6251914199334,1,1.39775397260966,1.39775397260966,277.460172647711,387.821058559299
0.7,60,0,2434.2644911294,13.7987415066122,1,1.38784468752405,1.38784468752405,276.826156670475,384.191710902819
0.71,60,0,2439.75164252696,13.9706749861516,1,1.37815907380017,1.37815907380017,276.278220218508,380.7553360875
0.72,60,0,2445.37622304016,14.1410735154708,1,1.36867679437264,1.36867679437264,275.802714715369,377.484775455903
0.73,60,0,2451.10591247385,14.3100074029249,1,1.35938031432846,1.35938031432846,275.388209096481,374.357310243926
0.74,60,0,2456.9136613243,14.4775374545064,1,1.35025448868563,1.35025448868563,275.025116666889,371.353898280756
0.75,60,0,2462.77684174193,14.6437165044556,1,1.34128621132748,1.34128621132748,274.705388060845,368.458549183377
0.76,60,0,2468.67653876036,14.8085906870897,1,1.33246411611416,1.33246411611416,274.422257744059,365.657811106989
0.77,60,0,2474.59695761605,14.9722004957263,1,1.32377832246701,1.32377832246701,274.170034102635,362.94034781511
0.78,60,0,2480.52492740673,15.1345816659264,1,1.31522021883034,1.31522021883034,273.943925171955,360.2965892119
0.79,60,0,2486.44948488563,15.2957659133987,1,1.30678227837374,1.30678227837374,273.73989362279,357.718441870176
0.8,60,0,2492.36152505193,15.4557815513842,1,1.29845790212509,1.29845790212509,273.554535849104,355.199048735432
0.81,60,0,2498.25350751996,15.6146540079022,1,1.29024128543415,1.29024128543415,273.384980971941,352.732589267629
0.82,60,0,2504.11920954233,15.7724062596381,1,1.28212730427544,1.28212730427544,273.228806345799,350.314112930535
0.83,60,0,2509.95351811028,15.9290591963277,1,1.27411141841911,1.27411141841911,273.083966772055,347.93940025146
0.84,60,0,2515.75225482689,16.0846319271087,1,1.26618958894297,1.26618958894297,272.948735121927,345.604846726537
0.85,60,0,2521.51202829666,16.2391420383496,1,1.25835820793722,1.25835820793722,272.821652474582,343.307365694386
0.86,60,0,2527.25112584373,16.3925775817221,1,1.25055964038625,1.25055964038625,272.513937320541,340.794931455818
0.87,60,0,2533.09787304168,16.544781213184,1,1.24284310600772,1.24284310600772,272.019725441737,338.077840463374
0.88,60,0,2539.05362290589,16.6957699838011,1,1.23529223997171,1.23529223997171,271.589789119008,335.492758954263
0.89,60,0,2545.09002214226,16.8455996148419,1,1.22789049271144,1.22789049271144,271.213532601616,333.020518176209
0.9,60,0,2551.1835562964,16.9943178461337,1,1.22062380541053,1.22062380541053,270.882151014394,330.645201988979
0.91,60,0,2557.31473339457,17.1419657843014,1,1.21348021155973,1.21348021155973,270.588318383834,328.353569838006
0.92,60,0,2563.4674087567,17.2885790130213,1,1.2064495033911,1.2064495033911,270.325932403928,326.134586902456
0.93,60,0,2569.62822558446,17.4341885091833,1,1.19952295251286,1.19952295251286,270.089904996204,323.979040284964
0.94,60,0,2575.78615075426,17.5788214002854,1,1.19269307583843,1.19269307583843,269.875989996,321.87922460327
0.95,60,0,2581.93208908615,17.7225015916085,1,1.18595343937911,1.18595343937911,269.680641056782,319.828683795254
0.96,60,0,2588.058562435,17.8652502863381,1,1.17929849369954,1.17929849369954,269.500894235356,317.821998622434
0.97,60,0,2594.15944242429,18.0070864174956,1,1.17272343586039,1.17272343586039,269.33427079715,315.854611444186
0.98,60,0,2600.22972764352,18.1480270070861,1,1.16622409352732,1.16622409352732,269.17869663162,313.922681476075
0.99,60,0,2606.26535775436,18.2880874650772,1,1.15979682763729,1.15979682763729,269.032435344732,312.022965044355
1,60,0,2612.26305827369,18.4272818385671,1,1.15343845060752,1.15343845060752,268.894032637004,310.152716382434
1.01,60,0,2618.22021088357,18.5656230196611,1,1.14714615756728,1.14714615756728,268.762270011041,308.309605342226
1.02,60,0,2624.13474500462,18.7031229190767,1,1.1409174685063,1.1409174685063,268.636126204272,306.491649058317
1.03,60,0,2630.00504709824,18.8397926112744,1,1.1347501795778,1.1347501795778,268.514745027866,304.697155139658
1.04,60,0,2635.82988476301,18.9756424559068,1,1.12864232208234,1.12864232208234,268.397408525016,302.924674398555
1.05,60,0,2641.60834318618,19.1106821995518,1,1.12259212789854,1.12259212789854,268.283514551394,301.172961480348
1.06,60,0,2647.33977192046,19.2449210610187,1,1.11659800032772,1.11659800032772,268.17255803586,299.440942045609
1.07,60,0,2653.0237402956,19.3783678029574,1,1.11065848948684,1.11065848948684,268.064115306937,297.727685392429
1.08,60,0,2658.66000005513,19.5110307920341,1,1.10477227152467,1.10477227152467,267.957830975474,296.032381599598
1.09,60,0,2664.24845404241,19.6429180495608,1,1.09893813105285,1.09893813105285,267.853406950327,294.354322430131
1.1,60,0,2669.80939496448,19.7740140473016,1,1.09313017874228,1.09313017874228,267.586265995896,292.506622777072
1.11,60,0,2675.44459088464,19.9042123679275,1,1.08740321615676,1.08740321615676,267.190627222953,290.543947369182
1.12,60,0,2681.15182723876,20.0335293257825,1,1.08179204256077,1.08179204256077,266.842462770294,288.668052842222
1.13,60,0,2686.97359290076,20.1619067673026,1,1.07563079829938,1.07563079829938,266.109391679027,286.235457406674
1.14,60,0,2693.07849745859,20.289095954048,1,1.06941533660364,1.06941533660364,265.312957448426,283.729745695015
1.15,60,0,2699.40912587211,20.4151854451672,1,1.06344187645333,1.06344187645333,264.645128466768,281.434712010933
1.16,60,0,2705.90238920904,20.540275826857,1,1.05784163131749,1.05784163131749,264.133093431294,279.410982440296
1.17,60,0,2712.48677003801,20.6644907452396,1,1.05250886571641,1.05250886571641,263.727182529464,277.575197742672
1.18,60,0,2719.13081504458,20.7878828818194,1,1.04729357938361,1.04729357938361,263.372668844188,275.828505065644
1.19,60,0,2725.81321972528,20.9104891847645,1,1.04231744274536,1.04231744274536,263.017388699461,274.147611986784
1.2,60,0,2732.58844929716,21.0323322614503,1,1.03816555486972,1.03816555486972,262.50682686358,272.525545567918
1.21,60,0,2739.46288239543,21.1534539782684,1,1.03412237300731,1.03412237300731,262.066394437123,271.008721700787
1.22,60,0,2746.40649021787,21.2738976901795,1,1.0301712028844,1.0301712028844,261.682170251275,269.577436101156
1.23,60,0,2753.41780351898,21.3936724625917,1,1.02619780086581,1.02619780086581,261.145044943932,267.986470828467
1.24,60,0,2760.61080479367,21.5126530930507,1,1.02223924105975,1.02223924105975,260.463939100344,266.256459429369
1.25,60,0,2767.96320615683,21.6308753173705,1,1.01842667049898,1.01842667049898,259.893537876305,264.682510463566
1.26,60,0,2775.428176892,21.7484023833179,1,1.01473273755499,1.01473273755499,259.409347433889,263.231157268944
1.27,60,0,2782.96888833692,21.8652873118358,1,1.01145976688142,1.01145976688142,259.008337662313,261.976512832267
1.28,60,0,2790.53838662219,21.9816991351245,1,1.00925087383207,1.00925087383207,258.697178246396,261.090353203067
1.29,60,0,2798.11407063529,22.0977088801889,1,1.00707137770653,1.00707137770653,258.412103784721,260.239433374522
1.3,60,0,2805.68533925374,22.213331041038,1,1.00491725713233,1.00491725713233,258.147738273222,259.417117080441
1.31,60,0,2813.24392278824,22.3285774216299,1,1.00278531716471,1.00278531716471,257.899859858807,258.618192765247
1.32,60,0,2820.86655999292,22.4434221522996,1,1.002,1.002,257.091372428928,257.605555173786
1.33,60,0,2828.81098676361,22.5577874732162,1,1.002,1.002,256.14049507824,256.652776068396
1.34,60,0,2837.00699520659,22.6717552472732,1,1.002,1.002,255.369731859127,255.880471322845
1.35,60,0,2845.38050522505,22.7853963060799,1,1.002,1.002,254.731297402976,255.240759997782
1.36,60,0,2853.87711279676,22.8987627861603,1,1.002,1.002,254.190481841943,254.698862805627
1.37,60,0,2862.45661059123,23.0118932979212,1,1.00197150684792,1.00197150684792,253.737969269887,254.23821541388
1.38,60,0,2871.06397440269,23.1248294168311,1,1.00180658393887,1.00180658393887,253.40141694769,253.859207877635
1.39,60,0,2879.67244348705,23.237591713463,1,1.00164333391839,1.00164333391839,253.086453685144,253.502359238769
1.4,60,0,2888.27349898112,23.350189010127,1,1.00148145081697,1.00148145081697,252.787875426892,253.162368231462
1.41,60,0,2896.86080018641,23.462628030827,1,1.00132070417532,1.00132070417532,252.501793939018,252.83527411255
1.42,60,0,2905.42963484032,23.5749139303941,1,1.00116091996279,1.00116091996279,252.225298479382,252.518111863507
1.43,60,0,2913.97651015836,23.6870506879369,1,1.00100196639167,1.00100196639167,251.956206045628,252.208657696259
1.44,60,0,2922.6956887918,23.7988255951569,1,1.00055143976589,1.00055143976589,250.862378127641,251.000713618707
1.45,60,0,2931.70386637153,23.9101022180468,1,1.00013131678943,1.00013131678943,250.013604048602,250.0464350324
1.46,60,0,2940.90015222118,24.0209813872033,1,0.999735125265051,0.999735125265051,249.340742906614,249.274698843424
1.47,60,0,2950.21533719991,24.1315324952662,1,0.999355721711159,0.999355721711159,248.788613748615,248.628324646266
1.48,60,0,2959.60197864537,24.2418033223897,1,0.998988204919878,0.998988204919878,248.319788571178,248.068539830804
1.49,60,0,2969.02744555626,24.3518269522378,1,0.998629199299795,0.998629199299795,247.908733469466,247.568900004039
1.5,60,0,2978.46923802323,24.4616264218617,1,0.998276372035997,0.998276372035997,247.537946594313,247.111283267411
1.51,60,0,2987.91219874491,24.5712175434018,1,0.998023952113172,0.998023952113172,247.10216927193,246.61388355251
1.52,60,0,2997.46949820133,24.6805231948581,1,0.998134865643876,0.998134865643876,246.436030398712,245.976394091828
1.53,60,0,3007.13585108275,24.7895611802368,1,0.998240874093533,0.998240874093533,245.892749902639,245.460193596073
1.54,60,0,3016.8641142184,24.8983767676725,1,0.998343571659019,0.998343571659019,245.430643930241,245.02410565589
1.55,60,0,3026.62322845613,25.0069999301059,1,0.99844400903204,0.99844400903204,245.022487597795,244.641234820146
1.56,60,0,3036.39266918468,25.1154506250561,1,0.998542881361598,0.998542881361598,244.65040692827,244.293922260442
1.57,60,0,3046.15884404566,25.2237422205164,1,0.998640650193745,0.998640650193745,244.30261587191,243.970523158357
1.58,60,0,3055.91274065021,25.3318837313142,1,0.998737623006618,0.998737623006618,243.971313168011,243.663329395223
1.59,60,0,3065.64838307222,25.4398812861228,1,0.998834005319858,0.998834005319858,243.651317373268,243.367221233401
1.6,60,0,3075.36181486748,25.5477390937853,1,0.998929934967614,0.998929934967614,243.339176072082,243.078787328758
1.61,60,0,3085.05420122866,25.6554562897625,1,0.999025381262179,0.999025381262179,242.954479362947,242.717691374922
1.62,60,0,3094.80539261979,25.7629523640497,1,0.999117743835906,0.999117743835906,242.428434119513,242.214550139159
1.63,60,0,3104.6101691348,25.8702310033161,1,0.999207211020953,0.999207211020953,241.979643440262,241.787804645789
1.64,60,0,3114.43936589136,25.9773204868836,1,0.999294749389029,0.999294749389029,241.581037201101,241.410662027015
1.65,60,0,3124.27415618025,26.0842392243035,1,0.99938098350773,0.99938098350773,241.215252118139,241.065935898891
1.66,60,0,3134.10235997589,26.1909992806148,1,0.99946631844399,0.99946631844399,240.871100935326,240.742552471381
1.67,60,0,3143.91608819619,26.2976086253011,1,0.999551017828959,0.999551017828959,240.541347286871,240.433348510541
1.68,60,0,3153.71023194283,26.40407257417,1,0.999635253834859,0.999635253834859,240.221293684061,240.133673888405
1.69,60,0,3163.48148956718,26.5103947176921,1,0.999719139297927,0.999719139297927,239.90788054253,239.840499846768
1.7,60,0,3173.22773777739,26.616577520927,1,0.999802748439517,0.999802748439517,239.599108656171,239.551847358098
1.71,60,0,3182.94762376063,26.7226227125285,1,0.999886130276377,0.999886130276377,239.293667534318,239.266419230531
1.72,60,0,3192.64029981822,26.8285315377769,1,0.999969317326373,0.999969317326373,238.99069537328,238.983362499774
1.73,60,0,3202.30709096473,26.9343049370219,1,1.00005227898303,1.00005227898303,238.690994465221,238.70347298767
1.74,60,0,3212.02196089479,27.0399545572138,1,1.00013295996168,1.00013295996168,238.448390828693,238.480094917601
1.75,60,0,3221.78903898598,27.1455092178623,1,1.00021135721179,1.00021135721179,238.262798809025,238.313157369856
1.76,60,0,3231.58667238119,27.2509902235043,1,1.00028817066941,1.00028817066941,238.115832201448,238.184450200211
1.77,60,0,3241.40019263361,27.3564120166548,1,1.00036387420929,1.00036387420929,237.995112027745,238.08171231095
1.78,60,0,3251.21964156194,27.4617844121654,1,1.00043878951997,1.00043878951997,237.892276021812,237.996660659411
1.79,60,0,3261.03824745135,27.5671140943173,1,1.00051313553402,1.00051313553402,237.801658869772,237.923683350987
1.8,60,0,3270.85140012821,27.6724056237566,1,1.00058706161928,1.00058706161928,237.719412387343,237.858968330514
1.81,60,0,3280.65595934822,27.777662116951,1,1.00066066993392,1.00066066993392,237.642916407524,237.799919937404
1.82,60,0,3290.44978677422,27.8828857059776,1,1.00073403052409,1.00073403052409,237.570382885545,237.744766798203
1.83,60,0,3300.23142844722,27.9880778504596,1,1.00080719154563,1.00080719154563,237.500589018551,237.692297486089
1.84,60,0,3309.99989884822,28.0932395496976,2,1.47606344134733,1.47606344134733,534.670712552094,789.207891957276
1.85,60,0,3195.38263718752,28.2960751218284,2,1.43865624759586,1.43865624759586,490.147539662406,705.153820179059
1.86,60,0,3100.04654319457,28.4781795129032,2,1.40499535611309,1.40499535611309,454.168753687146,638.104989822111
1.87,60,0,3021.53447427023,28.6431584071424,2,1.37517457689207,1.37517457689207,422.906719168979,581.570568598015
1.88,60,0,2956.93797732799,28.794214235711,2,1.34892511741101,1.34892511741101,398.010698492053,536.886628194233
1.89,60,0,2903.51636662252,28.934191086227,2,1.3258072035612,1.3258072035612,377.953380723491,501.093314773513
1.9,60,0,2859.16050016006,29.0652415065269,2,1.30542873407921,1.30542873407921,361.636456162991,472.090621165747
1.91,60,0,2822.22213047311,29.1890221443489,2,1.28744164226441,1.28744164226441,348.25300968491,448.355426712264
1.92,60,0,2791.39616718321,29.3068265697963,2,1.27153819855626,1.27153819855626,337.198959778612,428.761357871941
1.93,60,0,2765.63753831336,29.419677593668,2,1.25744732879246,1.25744732879246,328.01451939725,412.460981221215
1.94,60,0,2744.19741289752,29.5283148266149,2,1.24479751794501,1.24479751794501,319.767507497791,398.045799652713
1.95,60,0,2726.59188908609,29.6332367935315,2,1.23360849034719,1.23360849034719,312.754163173326,385.816191082046
1.96,60,0,2712.16732698064,29.7350586704108,2,1.22372687408296,1.22372687408296,306.932373690891,375.601394211616
1.97,60,0,2700.38504363693,29.8342820625123,2,1.21496091100845,1.21496091100845,302.079540479952,367.014833698537
1.98,60,0,2690.80479388445,29.9313137725994,2,1.20714681886325,1.20714681886325,298.019701163067,359.753534217573
1.99,60,0,2683.06473034595,30.0264859186515,2,1.20014480125906,1.20014480125906,294.612400110457,353.577540379019
2,60,0,2676.8659980218,30.1200712000736,2,1.19383560321319,1.19383560321319,291.744570252776,348.295055011897
2.01,60,0,2671.96074619409,30.2122946338772,2,1.18811754279378,1.18811754279378,289.324519486397,343.751537162169
2.02,60,0,2668.1426975382,30.3033426832394,2,1.18290395751154,1.18290395751154,287.277412638421,339.821588313664
2.03,60,0,2665.23965682266,30.3933704327894,2,1.17812101112346,1.17812101112346,285.54183270996,336.402832670304
2.04,60,0,2663.10750902598,30.4825072818594,2,1.17370581281515,1.17370581281515,284.067132253555,333.411244355728
2.05,60,0,2661.62537414636,30.5708614998698,2,1.16960480643777,1.16960480643777,282.811371021147,330.777538861589
2.06,60,0,2660.6916695672,30.658523898549,2,1.16577239265284,1.16577239265284,281.739694117368,328.444357316482
2.07,60,0,2660.22089115123,30.7455708118313,2,1.16216975151388,1.16216975151388,280.82304504775,326.364048482514
2.08,60,0,2660.1409683168,30.8320665280929,2,1.15876383721042,1.15876383721042,280.037136181174,324.496906482713
2.09,60,0,2660.39108096693,30.918065285587,2,1.15552652044058,1.15552652044058,279.361619103622,322.809759667456
2.1,60,0,2660.91985055758,31.0036129169025,2,1.15243385719142,1.15243385719142,278.779411671723,321.274832698399
2.11,60,0,2661.68383607265,31.0887482095219,2,1.1494654656221,1.1494654656221,278.276148984934,319.868823164492
2.12,60,0,2662.64627980756,31.1735040353641,2,1.14660399529816,1.14660399529816,277.839733141177,318.572148072249
2.13,60,0,2663.77605878275,31.2579082913471,2,1.14383467524984,1.14383467524984,277.459962316491,317.368325891117
2.14,60,0,2665.04680612077,31.3419846846292,2,1.14114492925848,1.14114492925848,277.128223965785,316.243467532963
2.15,60,0,2666.43617341703,31.4257533896627,2,1.138524048445,1.138524048445,276.837240165834,315.185855433946
2.16,60,0,2667.92521044253,31.5092315990679,2,1.135962912675,1.135962912675,276.580855586953,314.1855943027
2.17,60,0,2669.49784275867,31.592433986275,2,1.13345375353353,1.13345375353353,276.353860482277,313.234320467119
2.18,60,0,2671.14043123499,31.6753730946416,2,1.13098995268664,1.13098995268664,276.151842564572,312.324959356434
2.19,60,0,2672.84140022272,31.7580596651541,2,1.12856587035782,1.12856587035782,275.971062803049,311.451522685896
2.2,60,0,2674.5909233841,31.8405029127148,2,1.12617669942736,1.12617669942736,275.808351092312,310.608938507643
2.21,60,0,2676.38065801725,31.9227107593111,2,1.12381834132897,1.12381834132897,275.661018478476,309.792908555536
2.22,60,0,2678.20352022764,32.0046900309627,2,1.12148730048685,1.12148730048685,275.526783215558,308.999788320242
2.23,60,0,2680.05349454527,32.0864466242,2,1.11918059452166,1.11918059452166,275.403708399987,308.226486100567
2.24,60,0,2681.92547261985,32.1679856468784,2,1.11689567786718,1.11689567786718,275.290149316678,307.47037793121
2.25,60,0,2683.81511648539,32.2493115373559,2,1.11463037679198,1.11463037679198,275.184708944755,306.729235818485
2.26,60,0,2685.71874260107,32.3304281654091,2,1.11238283411993,1.11238283411993,275.08620032917,306.001167149444
2.27,60,0,2687.63322347318,32.4113389177262,2,1.11015146219903,1.11015146219903,274.993614736985,305.284563495662
2.28,60,0,2689.55590416354,32.492046770363,2,1.10793490288493,1.10793490288493,274.906094692859,304.578057326009
2.29,60,0,2691.48453140945,32.5725543501737,2,1.10573199349017,1.10573199349017,274.822911134007,303.880485384978
2.3,60,0,2693.41719343328,32.6528639869101,2,1.1035417378075,1.1035417378075,274.743444046215,303.190857693977
2.31,60,0,2695.35226881615,32.7329777574223,2,1.10136328144891,1.10136328144891,274.667166043601,302.508331300055
2.32,60,0,2697.28838306076,32.8128975231676,2,1.0991958908558,1.0991958908558,274.593628439435,301.832188035811
2.33,60,0,2699.22437167874,32.8926249620495,2,1.09703893543189,1.09703893543189,274.522449426125,301.161815670591
2.34,60,0,2701.1676087247,32.9721557749917,2,1.09488203652756,1.09488203652756,274.387657271561,300.422116991513
2.35,60,0,2703.15620337107,33.0514647391964,2,1.09274525295665,1.09274525295665,274.207344962255,299.63877453335
2.36,60,0,2705.18827389791,33.1305550909319,2,1.09064075027166,1.09064075027166,274.045084164036,298.884736200925
2.37,60,0,2707.25561521684,33.2094343086704,2,1.08856436533411,1.08856436533411,273.898001126504,298.155603762553
2.38,60,0,2709.35134814087,33.2881087563344,2,1.0865125942828,1.0865125942828,273.763688154159,297.447695036803
2.39,60,0,2711.46970464243,33.3665838645069,2,1.08448248689532,1.08448248689532,273.640127173409,296.757925631371
2.4,60,0,2713.60584823395,33.4448642817636,2,1.08247155795752,1.08247155795752,273.525626035773,296.083710556248
2.41,60,0,2715.75572364239,33.5229540011374,2,1.0804777128902,1.0804777128902,273.418765383108,295.422882282402
2.42,60,0,2717.94600475239,33.6008291125546,2,1.07823608547152,1.07823608547152,273.143353511373,294.513020262667
2.43,60,0,2720.2374159998,33.6784340482727,2,1.07597838698321,1.07597838698321,272.854062968519,293.585074554682
2.44,60,0,2722.61159698452,33.7557847157904,2,1.07378310604883,1.07378310604883,272.602936429514,292.716427797315
2.45,60,0,2725.05158237826,33.832895997816,2,1.07163996557474,1.07163996557474,272.382957288561,291.896462971859
2.46,60,0,2727.54355000396,33.90978012638,2,1.06954056977883,1.06954056977883,272.188421832375,291.116559773797
2.47,60,0,2730.07623423332,33.9864471802925,2,1.06747805637509,1.06747805637509,272.014689588987,290.369712147924
2.48,60,0,2732.64045046025,34.0629054876015,2,1.06544681359111,1.06544681359111,271.857982276944,289.650220966278
2.49,60,0,2735.22870916379,34.1391619516319,2,1.06344224980926,1.06344224980926,271.715221556498,288.953446519463
2.5,60,0,2737.83490236495,34.2152223154163,2,1.06146060595383,1.06146060595383,271.583897863118,288.275608793088
2.51,60,0,2740.44984491008,34.2910962785069,2,1.05957533548504,1.05957533548504,271.486126411178,287.660003471659
2.52,60,0,2743.06083956391,34.3667984145985,2,1.05772312270069,1.05772312270069,271.398594136152,287.064568486268
2.53,60,0,2745.66672804897,34.4423304038006,2,1.0558789949739,1.0558789949739,271.312894560947,286.473586432473
2.54,60,0,2748.26683722883,34.517693415553,2,1.05404250556285,1.05404250556285,271.228741391483,285.886622156938
2.55,60,0,2750.8606225234,34.5928885098397,2,1.05221328179819,1.05221328179819,271.145899316043,285.303316565455
2.56,60,0,2753.4476448881,34.6679166562676,2,1.05039101192145,1.05039101192145,271.064174847247,284.723372913453
2.57,60,0,2756.02755192471,34.7427787497089,2,1.04857543428126,1.04857543428126,270.983408819055,284.146545585457
2.58,60,0,2758.60006237809,34.8174756231307,2,1.04676632846255,1.04676632846255,270.903470237706,283.572630908487
2.59,60,0,2761.1649534086,34.8920080581212,2,1.04496350800114,1.04496350800114,270.824251240695,283.001459628258
2.6,60,0,2763.72205014068,34.966376793529,2,1.04316681439878,1.04316681439878,270.745662962908,282.432890745302
2.61,60,0,2766.2883192769,35.0405811037393,2,1.04165451640023,1.04165451640023,270.587318180724,281.858502063578
2.62,60,0,2768.88268261905,35.11462316427,2,1.04019119911652,1.04019119911652,270.435486934886,281.30461343846
2.63,60,0,2771.49866121976,35.1885085887872,2,1.03874592549811,1.03874592549811,270.296387823775,280.769271528804
2.64,60,0,2774.13069871734,35.262242043765,2,1.03731600775811,1.03731600775811,270.167671634129,280.249250564819
2.65,60,0,2776.77428799373,35.3358273909052,2,1.03589925785991,1.03589925785991,270.047433036182,279.741935469156
2.66,60,0,2779.42577311971,35.4092678393044,2,1.03449389348962,1.03449389348962,269.934125943582,279.245204933094
2.67,60,0,2782.08218898498,35.4825660685283,2,1.03309846183469,1.03309846183469,269.826495199144,278.75733715248
2.68,60,0,2784.74113136587,35.5557243282204,2,1.03171177777268,1.03171177777268,269.723521386484,278.276933756758
2.69,60,0,2787.40065159749,35.6287445187661,2,1.0303328737275,1.0303328737275,269.624376209665,277.802858367089
2.7,60,0,2790.0591711499,35.7016282566489,2,1.02896095897638,1.02896095897638,269.528386391644,277.334186932903
2.71,60,0,2792.71861204098,35.7743746554759,2,1.02757003813845,1.02757003813845,269.385213113373,276.812173712842
2.72,60,0,2795.42806024985,35.846949493625,2,1.02614833940936,1.02614833940936,269.148292707462,276.186073616627
2.73,60,0,2798.19149588643,35.9193509343703,2,1.02476189143933,1.02476189143933,268.941279610778,275.600774380053
2.74,60,0,2800.99597545625,35.9915890737999,2,1.02340405988945,1.02340405988945,268.757987624168,275.048015662291
2.75,60,0,2803.83125749143,36.0636719739923,2,1.02206958591198,1.02206958591198,268.593532020727,274.521280051061
2.76,60,0,2806.68923530365,36.1356060914259,2,1.0207542983722,1.0207542983722,268.444052312927,274.015420270871
2.77,60,0,2809.56349017105,36.2073966139816,2,1.01945488678424,1.01945488678424,268.306495095653,273.526367581217
2.78,60,0,2812.44893898622,36.2790477263725,2,1.01816872201741,1.01816872201741,268.178443619103,273.05090321228
2.79,60,0,2815.34155612138,36.350562819427,2,1.01689371462762,1.01689371462762,268.057983819996,272.586478902306
2.8,60,0,2818.23815368976,36.4219446552531,2,1.01562820285043,1.01562820285043,267.943598868408,272.131075783996
2.81,60,0,2821.13620781113,36.4931954976922,2,1.01437086399565,1.01437086399565,267.834086064281,271.683093288509
2.82,60,0,2824.03372115755,36.5643172154311,2,1.01312064431817,1.01312064431817,267.728491281392,271.241261589335
2.83,60,0,2826.92897184002,36.6353118994495,2,1.01192288445388,1.01192288445388,267.628373841797,270.819276019692
2.84,60,0,2829.81503714174,36.7062040149241,2,1.01114657293811,1.01114657293811,267.549423579489,270.531682743967
2.85,60,0,2832.68846059002,36.7770101311228,2,1.01037003405858,1.01037003405858,267.468099012341,270.241752308682
2.86,60,0,2835.55040625827,36.8477296860344,2,1.00959362105838,1.00959362105838,267.384912553982,269.950102081753
2.87,60,0,2838.4018116692,36.9183622705284,2,1.00881761539871,1.00881761539871,267.300273601422,269.657224610009
2.88,60,0,2841.24343319822,36.9889075974498,2,1.0080422411809,1.0080422411809,267.214509312588,269.363512843516
2.89,60,0,2844.07588232814,37.0593654769562,2,1.00726767665814,1.00726767665814,267.127881176709,269.069280243475
2.9,60,0,2846.89965460648,37.1297357968316,2,1.00649406342679,1.00649406342679,267.040598232034,268.77477681448
2.91,60,0,2849.71515278056,37.2000185067689,2,1.00572151376739,1.00572151376739,266.952827611557,268.480201889981
2.92,60,0,2852.52270528633,37.2702136058179,2,1.00495011650954,1.00495011650954,266.864702958962,268.185714330893
2.93,60,0,2855.32258102843,37.3403211323573,2,1.00417994171896,1.00417994171896,266.776331146633,267.891440662825
2.94,60,0,2858.11500119902,37.4103411560832,2,1.00341104444446,1.00341104444446,266.687797639767,267.597481570312
2.95,60,0,2860.90014873154,37.4802737716044,2,1.00264346771422,1.00264346771422,266.599170780647,267.303917081244
2.96,60,0,2863.67912925211,37.5501188056568,2,1.002,1.002,266.451357166475,266.984259880808
2.97,60,0,2866.55071377133,37.6198525181308,2,1.002,1.002,266.049598989585,266.581698187564
2.98,60,0,2869.53780988516,37.6894791977558,2,1.002,1.002,265.7198965072,266.251336300214
2.99,60,0,2872.61028014194,37.7590161678827,2,1.002,1.002,265.444106688856,265.974994902233
3,60,0,2875.74557701328,37.8284763979532,2,1.002,1.002,265.208718772135,265.739136209679
3.01,60,0,2878.92681175301,37.8978696121044,2,1.002,1.002,265.00365243814,265.533659743017
3.02,60,0,2882.1413217663,37.9672031113012,2,1.002,1.002,264.821375000837,265.351017750839
3.03,60,0,2885.37960514287,38.0364823845836,2,1.002,1.002,264.656250095782,265.185562595973
3.04,60,0,2888.63452664999,38.1057115644616,2,1.002,1.002,264.504055500621,265.033063611622
3.05,60,0,2891.90072503692,38.1748937667745,2,1.002,1.002,264.361625182669,264.890348433034
3.06,60,0,2895.17416999417,38.2440313446847,2,1.002,1.002,264.226582976674,264.755036142627
3.07,60,0,2898.45183058618,38.3131260787296,2,1.002,1.002,264.097144076126,264.625338364279
3.08,60,0,2901.73142685343,38.382179319178,2,1.002,1.002,263.971966846874,264.499910780568
3.09,60,0,2905.01124355155,38.4511920927593,2,1.002,1.002,263.850042064625,264.377742148754
3.1,60,0,2908.28999036842,38.5201651827482,2,1.002,1.002,263.73061003375,264.258071253818
3.11,60,0,2911.56669694195,38.5890991891033,2,1.002,1.002,263.61309850894,264.140324705958
3.12,60,0,2914.84063395876,38.6579945736595,2,1.002,1.002,263.497076157937,264.024070310253
3.13,60,0,2918.10516580163,38.7268536166592,2,1.00194682749084,1.00194682749084,263.41000156726,263.922815399673
3.14,60,0,2921.35404923201,38.7956778994885,2,1.001889104269,1.001889104269,263.319809675679,263.817248252249
3.15,60,0,2924.58968563387,38.8644660594414,2,1.00183119548139,1.00183119548139,263.225310910347,263.707327910273
3.16,60,0,2927.81399123229,38.9332170403368,2,1.00177316041264,1.00177316041264,263.127561578823,263.59412895449
3.17,60,0,2931.0284329535,39.00193004628,2,1.00171504427218,1.00171504427218,263.027366826732,263.478470405634
3.18,60,0,2934.23413509154,39.070604479799,2,1.00165688154278,1.00165688154278,262.92534059115,263.360976735105
3.19,60,0,2937.43196053577,39.1392398947431,2,1.00159869852884,1.00159869852884,262.821951190821,263.242124257536
3.2,60,0,2940.62257264953,39.2078359604058,2,1.00154051529631,1.00154051529631,262.717556002967,263.122276416599
3.21,60,0,2943.80648242829,39.2763924341874,2,1.00148234715038,1.00148234715038,262.61242784734,263.001710631413
3.22,60,0,2946.98408445442,39.3449091407555,2,1.00142420576137,1.00142420576137,262.506775067816,262.880638729267
3.23,60,0,2950.15568432238,39.413385956152,2,1.00136610002315,1.00136610002315,262.400756822947,262.759222502917
3.24,60,0,2953.32151956727,39.4818227956668,2,1.00130803670777,1.00130803670777,262.294494733316,262.637585560673
3.25,60,0,2956.4817756431,39.5502196045816,2,1.0012500209651,1.0012500209651,262.188081757555,262.51582235655
3.26,60,0,2959.63659812733,39.6185763511013,2,1.00119205670417,1.00119205670417,262.081588959457,262.394005074616
3.27,60,0,2962.78610204741,39.6868930209527,2,1.00113414688454,1.00113414688454,261.975070669567,262.272188879795
3.28,60,0,2965.93037901142,39.7551696132567,2,1.00107629373887,1.00107629373887,261.868568424005,262.150415924607
3.29,60,0,2969.06950266229,39.8234061373707,2,1.00101849894312,1.00101849894312,261.762113971577,262.028718408005
3.3,60,0,2972.23860044863,39.8915794215678,2,1.00088556093021,1.00088556093021,261.424487757992,261.655995070552
3.31,60,0,2975.53224632054,39.9596254300689,2,1.00072789100792,1.00072789100792,261.062460653334,261.25248567095
3.32,60,0,2978.91634679771,40.0275642714101,2,1.0005793070778,1.0005793070778,260.771778852679,260.92284578986
3.33,60,0,2982.36232376447,40.0954131291173,2,1.00043714323198,1.00043714323198,260.531083825249,260.644973225263
3.34,60,0,2985.85016091677,40.1631840562804,2,1.00029953217768,1.00029953217768,260.325484342149,260.403460201379
3.35,60,0,2989.36581892133,40.2308855255946,2,1.00016516421438,1.00016516421438,260.144575223259,260.187541797652
3.36,60,0,2992.89943917935,40.2985235060475,2,1.00003311961703,1.00003311961703,259.98107281016,259.989683283726
3.37,60,0,2996.44409216485,40.3661022129125,2,0.999902751799627,0.999902751799627,259.829870821688,259.804602834347
3.38,60,0,2999.99490333373,40.4336246313401,2,0.999773605723058,0.999773605723058,259.687384771807,259.628593034101
3.39,60,0,3003.54844162261,40.5010928825527,2,0.999645360826883,0.999645360826883,259.551095507731,259.459048521838
3.4,60,0,3007.10229101369,40.5685084803457,2,0.999517791060754,0.999517791060754,259.419230697594,259.294136425539
3.41,60,0,3010.65474997404,40.635872510989,2,0.999390736858784,0.999390736858784,259.290542182506,259.132566012288
3.42,60,0,3014.20462036134,40.7031857595487,2,0.999264085467225,0.999264085467225,259.164150107984,258.973427443545
3.43,60,0,3017.7510590106,40.7704487986812,2,0.99913775712202,0.99913775712202,259.03943366471,258.816078757916
3.44,60,0,3021.29347328856,40.8376620511088,2,0.999011695327618,0.999011695327618,258.915954413274,258.660066565773
3.45,60,0,3024.83144752299,40.9048258336174,2,0.998885860014081,0.998885860014081,258.793402419384,258.505070341656
3.46,60,0,3028.3646911346,40.9719403880703,2,0.998760222716116,0.998760222716116,258.671558376859,258.350863254796
3.47,60,0,3031.89300203842,41.0390059032865,2,0.998634763173758,0.998634763173758,258.550266948627,258.197284602754
3.48,60,0,3035.41624079813,41.106022530489,2,0.9985094669335,0.9985094669335,258.429417986839,258.044220393973
3.49,60,0,3038.93431235921,41.1729903942205,2,0.998384323654062,0.998384323654062,258.308933292172,257.891589658707
3.5,60,0,3042.44715312829,41.2399096000633,2,0.998259325908871,0.998259325908871,258.188757270807,257.739334790405
3.51,60,0,3045.95472182677,41.3067802401035,2,0.998134468338956,0.998134468338956,258.068850336367,257.587414725335
3.52,60,0,3049.45699301119,41.3736023968008,2,0.998009747053245,0.998009747053245,257.949184246617,257.435800122557
3.53,60,0,3052.98329629999,41.4403633010372,2,0.998037396874222,0.998037396874222,257.697638748887,257.191880557573
3.54,60,0,3056.55825811187,41.5070541371791,2,0.998076380543698,0.998076380543698,257.477121290715,256.981833290648
3.55,60,0,3060.16493017725,41.5736847542119,2,0.9981142206112,0.9981142206112,257.286801545797,256.801615398432
3.56,60,0,3063.79151239982,41.6402619738535,2,0.998151277907669,0.998151277907669,257.116920854059,256.641583122164
3.57,60,0,3067.43003549074,41.7067904153206,2,0.998187796078172,0.998187796078172,256.960908764505,256.495243197886
3.58,60,0,3071.07511166846,41.7732732137539,2,0.998223939840263,0.998223939840263,256.814334528802,256.358216820796
3.59,60,0,3074.72309528705,41.8397125028437,2,0.99825982068008,0.99825982068008,256.674206214276,256.227547068665
3.6,60,0,3078.37151788706,41.9061097396291,2,0.9982955141389,0.9982955141389,256.538500973594,256.101234725857
3.61,60,0,3082.01870737819,41.9724659234117,2,0.998331071458599,0.998331071458599,256.405849584419,255.977926543865
3.62,60,0,3085.66353100116,42.038781743501,2,0.998366527436682,0.998366527436682,256.275324232015,255.856705521226
3.63,60,0,3089.30522162827,42.1050576790461,2,0.99840190573071,0.99840190573071,256.146295537307,255.736949610309
3.64,60,0,3092.94326025172,42.1712940665686,2,0.998437222444197,0.998437222444197,256.018336111469,255.61823640192
3.65,60,0,3096.57729640041,42.2374911456942,2,0.998472488553255,0.998472488553255,255.891155419615,255.500278750591
3.66,60,0,3100.20709418897,42.3036490901519,2,0.998507711550382,0.998507711550382,255.764555741452,255.382881249097
3.67,60,0,3103.83249570747,42.3697680288083,2,0.99854289655903,0.99854289655903,255.638402364788,255.265910769058
3.68,60,0,3107.45339615445,42.4358480599533,2,0.99857804709007,0.99857804709007,255.512603391843,255.149276501926
3.69,60,0,3111.06972693046,42.5018892610122,2,0.998613165555681,0.998613165555681,255.387096044829,255.032916423399
3.7,60,0,3114.68144413313,42.5678916951539,2,0.998648253618774,0.998648253618774,255.261837370179,254.916788105248
3.71,60,0,3118.28852072083,42.6338554157922,2,0.998683312430821,0.998683312430821,255.136797922648,254.800862472383
3.72,60,0,3121.8909411701,42.6997804696537,2,0.998718342793853,0.998718342793853,255.011957470091,254.685119557145
3.73,60,0,3125.48869783021,42.7656668988716,2,0.998753345270927,0.998753345270927,254.887302069733,254.569545609227
3.74,60,0,3129.08178843329,42.8315147424156,2,0.99878832026151,0.99878832026151,254.762822076216,254.454131126586
3.75,60,0,3132.67021439232,42.8973240370695,2,0.998823268052974,0.998823268052974,254.638510783221,254.338869512639
3.76,60,0,3136.25397963667,42.9630948180995,2,0.998858188855793,0.998858188855793,254.514363496335,254.223756159734
3.77,60,0,3139.83308981465,43.0288271197128,2,0.998893082827643,0.998893082827643,254.390376899681,254.108787823008
3.78,60,0,3143.40755174699,43.0945209753709,2,0.998927950089891,0.998927950089891,254.266548622847,253.993962192253
3.79,60,0,3146.97737305198,43.1601764180054,2,0.998962790738912,0.998962790738912,254.142876944515,253.879277598909
3.8,60,0,3150.54256188804,43.2257934801659,2,0.998997604853845,0.998997604853845,254.019360589453,253.764732815368
3.81,60,0,3154.12351657457,43.2913597255511,2,0.999031784557963,0.999031784557963,253.805428129291,253.559689794504
3.82,60,0,3157.73608899213,43.3568651531437,2,0.999064858593346,0.999064858593346,253.615109399286,253.377943409134
3.83,60,0,3161.36828498109,43.4223167141737,2,0.999097186006532,0.999097186006532,253.445935476377,253.217120939241
3.84,60,0,3165.01195341888,43.4877191511819,2,0.999129010711924,0.999129010711924,253.290812844186,253.070199259431
3.85,60,0,3168.6616968909,43.5530756170792,2,0.999160494201713,0.999160494201713,253.145056711754,252.932539968836
3.86,60,0,3172.3139380505,43.6183882141946,2,0.999191743526879,0.999191743526879,253.00556862321,252.801075234634
3.87,60,0,3175.96630415211,43.6836583495808,2,0.999222829732505,0.999222829732505,252.87029663764,252.673773361561
3.88,60,0,3179.61722068696,43.7488869695822,2,0.999253800021939,0.999253800021939,252.737880222663,252.549287221986
3.89,60,0,3183.26564270823,43.8140747149077,2,0.999284685793659,0.999284685793659,252.607416242685,252.42672256922
3.9,60,0,3186.91087696962,43.8792220232792,2,0.999315507957674,0.999315507957674,252.478304513989,252.305485123689
3.91,60,0,3190.55246404505,43.9443291974566,2,0.999346280456319,0.999346280456319,252.350145736488,252.185179514369
3.92,60,0,3194.19010011564,44.009396450369,2,0.999377012598446,0.999377012598446,252.222673957339,252.065542409077
3.93,60,0,3197.82358502074,44.0744239350876,2,0.999407710608542,0.999407710608542,252.095711832553,251.946398216803
3.94,60,0,3201.4566061293,44.1394119133387,2,0.999438271093516,0.999438271093516,251.972188910692,251.830648848551
3.95,60,0,3205.11562405447,44.2043641318003,2,0.999467955315831,0.999467955315831,251.873020285443,251.739012583915
3.96,60,0,3208.79781146563,44.2692873831019,2,0.99949685917573,0.99949685917573,251.795464268638,251.668775691198
3.97,60,0,3212.49493080264,44.3341865679175,2,0.999525226864231,0.999525226864231,251.732599343702,251.613083468137
3.98,60,0,3216.20138306524,44.3990650162852,2,0.999553224268407,0.999553224268407,251.679733138278,251.567288741378
3.99,60,0,3219.91335915771,44.4639249927897,2,0.999580964192284,0.999580964192284,251.633680545349,251.528237022773
4,60,0,3223.62826560783,44.528768038413,2,0.999608523414633,0.999608523414633,251.592277198825,251.493784713243
4.01,60,0,3227.34433539928,44.5935952021911,2,0.999635954240966,0.999635954240966,251.554050895127,251.462473709731
4.02,60,0,3231.06036392671,44.6584071983878,2,0.999663292335841,0.999663292335841,251.517999317967,251.433311279923
4.03,60,0,3234.77552965209,44.72320451325,2,0.999690562038643,0.999690562038643,251.483439467909,251.405620945085
4.04,60,0,3238.48927217235,44.7879874775871,2,0.999717779974813,0.999717779974813,251.449905544416,251.37894134574
4.05,60,0,3242.20120924446,44.8527563161616,2,0.999744957511296,0.999744957511296,251.417079615851,251.352957578163
4.06,60,0,3245.91108027222,44.917511181328,2,0.999772102427516,0.999772102427516,251.384744504653,251.32745453162
4.07,60,0,3249.61870778387,44.982252175963,2,0.999799220053458,0.999799220053458,251.352751740575,251.302285148517
4.08,60,0,3253.32397115203,45.0469793691077,2,0.999826314045408,0.999826314045408,251.320999744358,251.277348816609
4.09,60,0,3257.02678865114,45.111692806648,2,0.999853386915138,0.999853386915138,251.289418963695,251.252576646788
4.1,60,0,3260.72710519791,45.1763925186117,2,0.999880440391172,0.999880440391172,251.257961737844,251.227921434224
4.11,60,0,3264.42488396821,45.2410785241585,2,0.999907475665614,0.999907475665614,251.226595381162,251.203350807644
4.12,60,0,3268.12010066038,45.3057508349944,2,0.99993449356291,0.99993449356291,251.195297459597,251.178842550646
4.13,60,0,3271.81273956661,45.3704094577099,2,0.999961494655325,0.999961494655325,251.16405256236,251.154381403946
4.14,60,0,3275.50279088043,45.4350543953834,2,0.999988479342015,0.999988479342015,251.132850093833,251.129956878159
4.15,60,0,3279.19024885006,45.4996856486793,2,1.00001544790322,1.00001544790322,251.101682762141,251.105561756634
4.16,60,0,3282.87511051094,45.5643032166033,2,1.00004240053741,1.00004240053741,251.070545543825,251.081191069884
4.17,60,0,3286.55737481518,45.6289070970203,2,1.00006933738682,1.00006933738682,251.039434974114,251.056841392523
4.18,60,0,3290.23704203309,45.6934972870104,2,1.00009625855492,1.00009625855492,251.008348660037,251.032510360952
4.19,60,0,3293.91411334164,45.7580737831141,2,1.00012316411851,1.00012316411851,250.977284946168,251.008196342233
4.2,60,0,3297.58859054102,45.822636581501,2,1.00015005413593,1.00015005413593,250.946242684976,250.983898206588
4.21,60,0,3301.26047585953,45.8871856780857,2,1.00017692865285,1.00017692865285,250.915221078946,250.95961517099
4.22,60,0,3304.929771819,45.9517210686084,2,1.00020378770609,1.00020378770609,250.884219571943,250.935346691542
4.23,60,0,3308.596481142,46.0162427486898,2,1.00023063132641,1.00023063132641,250.853237774421,250.911092389383
4.24,60,0,3312.26060668772,46.0807507138692,2,1.00025745954035,1.00025745954035,250.822275411889,250.886851999627
4.25,60,0,3315.92215140779,46.145244959631,2,1.00028427237151,1.00028427237151,250.791332289375,250.86262533616
4.26,60,0,3319.58111831564,46.2097254814229,2,1.00031106984144,1.00031106984144,250.760408266911,250.838412267351
4.27,60,0,3323.23751046534,46.2741922746687,2,1.00033785197027,1.00033785197027,250.729503242598,250.814212699273
4.28,60,0,3326.89133093702,46.3386453347766,2,1.00036461877712,1.00036461877712,250.698617140911,250.790026564118
4.29,60,0,3330.54258282668,46.4030846571455,2,1.0003913702804,1.0003913702804,250.667749904612,250.765853812178
4.3,60,0,3334.19126923916,46.4675102371692,2,1.00041810649802,1.00041810649802,250.636901489148,250.741694406304
4.31,60,0,3337.83739328336,46.5319220702394,2,1.00044482744754,1.00044482744754,250.606071858775,250.717548318057
4.32,60,0,3341.48095806877,46.5963201517475,2,1.00047153314623,1.00047153314623,250.575260983878,250.693415525056
4.33,60,0,3345.12196670321,46.660704477086,2,1.00049822361118,1.00049822361118,250.544468839103,250.669296009129
4.34,60,0,3348.76042229117,46.7250750416499,2,1.00052489885934,1.00052489885934,250.513695402066,250.645189755031
4.35,60,0,3352.39632793273,46.7894318408367,2,1.00055155890752,1.00055155890752,250.482940652458,250.621096749557
4.36,60,0,3356.02968672277,46.8537748700475,2,1.00057820377246,1.00057820377246,250.452204571417,250.597016980922
4.37,60,0,3359.66050175041,46.918104124687,2,1.00060483347082,1.00060483347082,250.421487141101,250.572950438337
4.38,60,0,3363.28877609873,46.9824196001638,2,1.00063144801918,1.00063144801918,250.39078834438,250.548897111701
4.39,60,0,3366.91451284442,47.0467212918904,2,1.00065804743408,1.00065804743408,250.360108164628,250.524856991402
4.4,60,0,3370.53771505771,47.1110091952839,2,1.000684631732,1.000684631732,250.329446585579,250.500830068164
4.41,60,0,3374.15838580219,47.1752833057652,2,1.00071120092937,1.00071120092937,250.298803591222,250.476816332955
4.42,60,0,3377.7765281348,47.2395436187598,2,1.00073775504258,1.00073775504258,250.268179165731,250.452815776907
4.43,60,0,3381.39214510573,47.3037901296974,2,1.00076429408798,1.00076429408798,250.237573293415,250.428828391273
4.44,60,0,3385.00523975844,47.3680228340122,2,1.00079081808186,1.00079081808186,250.206985958685,250.40485416739
4.45,60,0,3388.61581512964,47.4322417271428,2,1.00081732704051,1.00081732704051,250.176417146026,250.380893096657
4.46,60,0,3392.22387424927,47.4964468045322,2,1.00084382098013,1.00084382098013,250.145866839983,250.356945170514
4.47,60,0,3395.82942014056,47.5606380616277,2,1.00087029991691,1.00087029991691,250.115335025147,250.333010380437
4.48,60,0,3399.43245581997,47.6248154938813,2,1.000896763867,1.000896763867,250.08482168615,250.309088717923
4.49,60,0,3403.03298429725,47.6889790967492,2,1.0009232128465,1.0009232128465,250.054326807657,250.285180174489
4.5,60,0,3406.63100857546,47.7531288656923,2,1.00094964687149,1.00094964687149,250.023850374359,250.261284741664
4.51,60,0,3410.22653165095,47.8172647961757,2,1.00097606595799,1.00097606595799,249.993392370977,250.237402410992
4.52,60,0,3413.82132524768,47.8813857959337,2,1.00100121018228,1.00100121018228,249.935109316473,250.185346892831
4.53,60,0,3417.48345295409,47.9454498099922,2,1.00101339836062,1.00101339836062,249.664537018493,249.917546651012
4.54,60,0,3421.22885823526,48.009446420706,2,1.00102437550158,1.00102437550158,249.486931145188,249.742499445418
4.55,60,0,3425.02399669111,48.0733957953885,2,1.001034614944,1.001034614944,249.365672785202,249.623670236787
4.56,60,0,3428.84851783891,48.1373101680248,2,1.00104440366934,1.00104440366934,249.278646432229,249.53899396525
4.57,60,0,3432.69005118584,48.2011969744699,2,1.00105391600262,1.00105391600262,249.21245629254,249.475105288279
4.58,60,0,3436.54106513806,48.2650607411577,2,1.00106325800238,1.00106325800238,249.158970374639,249.423890643755
4.59,60,0,3440.39696810112,48.3289042268611,2,1.00107249428215,1.00107249428215,249.113243463579,249.380415992801
4.6,60,0,3444.25495762788,48.3927291146552,2,1.00108166425506,1.00108166425506,249.072263852514,249.34167641725
4.61,60,0,3448.11332157143,48.4565364320994,2,1.00109079199061,1.00109079199061,249.034194979746,249.305839485018
4.62,60,0,3451.9710130387,48.5203268067929,2,1.00109989220465,1.00109989220465,248.997915554918,249.271786421211
4.63,60,0,3455.82739151694,48.5841006220171,2,1.00110897390437,1.00110897390437,248.962740212573,249.238833394628
4.64,60,0,3459.68206501164,48.6478581116466,2,1.00111804260908,1.00111804260908,248.928249579652,249.206561969285
4.65,60,0,3463.53479367019,48.7115994180915,2,1.00112710170475,1.00112710170475,248.894186768913,249.174715831124
4.66,60,0,3467.38543087814,48.7753246277112,2,1.00113615327117,1.00113615327117,248.860394257912,249.143137808912
4.67,60,0,3471.23388721962,48.8390337924808,2,1.0011451985875,1.0011451985875,248.82677535295,249.111731424617
4.68,60,0,3475.08010840367,48.9027269432621,3,1.3522542126247,1.3522542126247,550.931408563291,744.999318096967
4.69,60,0,3353.79685328286,49.0308800152906,3,1.31389120524192,1.31389120524192,500.345756897784,657.399889568109
4.7,60,0,3253.4434493543,49.1442848053934,3,1.27982729322114,1.27982729322114,460.528323906548,589.396718236987
4.71,60,0,3169.79477760371,49.2461409940723,3,1.24953858782931,1.24953858782931,428.335233294914,535.221402528866
4.72,60,0,3100.85901901812,49.3384989159302,3,1.2227228225302,1.2227228225302,400.879244781027,490.164201672431
4.73,60,0,3044.13432393899,49.4232141681133,3,1.19954157253795,1.19954157253795,379.054802413996,454.691993765745
4.74,60,0,2997.19985991417,49.5018713440503,3,1.1794936526257,1.1794936526257,361.503235625628,426.390771824081
4.75,60,0,2958.19557148497,49.5756668419367,3,1.16214542725556,1.16214542725556,347.250274839747,403.555319018249
4.76,60,0,2925.66968359443,49.6455197561211,3,1.14712181892969,1.14712181892969,335.581550219003,384.952918286467
4.77,60,0,2898.47390420819,49.7121467300079,3,1.13409861358272,1.13409861358272,325.962981463869,369.674165357462
4.78,60,0,2875.68963808985,49.7761137473169,3,1.12279579689574,1.12279579689574,317.988424857825,357.036066891863
4.79,60,0,2856.57490586535,49.8378727637995,3,1.11297174623283,1.11297174623283,311.344378340114,346.51749644097
4.8,60,0,2840.52541883052,49.8977881325514,3,1.10441815401584,1.10441815401584,305.785651242488,337.715224469759
4.81,60,0,2827.04553977849,49.9561560084447,3,1.0969555877792,1.0969555877792,301.118252340008,330.313349486679
4.82,60,0,2815.79772700572,50.0131847323016,3,1.09039259540948,1.09039259540948,296.840201159804,323.67235736451
4.83,60,0,2806.52524645998,50.0690366194532,3,1.0847046394909,1.0847046394909,293.226945023775,318.064627691032
4.84,60,0,2798.90095012131,50.1239004996434,3,1.07972485523866,1.07972485523866,290.182415248586,313.317166297084
4.85,60,0,2792.78287297115,50.1778506159024,3,1.07469239961321,1.07469239961321,287.152639469525,308.60075916677
4.86,60,0,2788.00201629673,50.2309787658878,3,1.07040631413189,1.07040631413189,284.686983910333,304.730745128784
4.87,60,0,2784.30763571389,50.2834295894611,3,1.06673237450542,1.06673237450542,282.674001581802,301.537508918304
4.88,60,0,2781.49789625618,50.3353190266253,3,1.06356088237229,1.06356088237229,281.025855039024,298.888106354732
4.89,60,0,2779.40947927979,50.3867406151753,3,1.06081236653503,1.06081236653503,279.67623338642,296.684007002252
4.9,60,0,2777.89993391449,50.4377781244104,3,1.0585141219845,1.0585141219845,278.601102240222,294.903201121723
4.91,60,0,2776.85770805904,50.4884966253864,3,1.05647193562055,1.05647193562055,277.709805576122,293.392615837811
4.92,60,0,2776.19979429896,50.5389428217524,3,1.05464143656713,1.05464143656713,276.969086576471,292.103075351695
4.93,60,0,2775.85812679483,50.5891549536079,3,1.05298602578342,1.05298602578342,276.351901778422,290.994690771351
4.94,60,0,2775.77681420797,50.6391643854288,3,1.05147550263638,1.05147550263638,275.836200677604,290.035007752794
4.95,60,0,2775.90990875582,50.6889968804328,3,1.05008493763847,1.05008493763847,275.403963141868,289.197553461215
4.96,60,0,2776.21960030739,50.7386736280413,3,1.04879374618622,1.04879374618622,275.040434790973,288.460687957111
4.97,60,0,2776.6747496032,50.788212075524,3,1.04758492674699,1.04758492674699,274.733515926913,287.806690157238
4.98,60,0,2777.24969353204,50.8376266033717,3,1.0464444338078,1.0464444338078,274.473270631655,287.221026281516
4.99,60,0,2777.92326967975,50.8869290752925,3,1.0453606614081,1.0453606614081,274.251530647743,286.691761470109
5,60,0,2778.67801830756,50.9361292871579,3,1.04432401751785,1.04432401751785,274.061574533668,286.209084564267
5.01,60,0,2779.49952838467,50.985235334188,3,1.04332657311502,1.04332657311502,273.897866957635,285.764922916424
5.02,60,0,2780.38073595768,51.0342535822595,3,1.04247031795199,1.04247031795199,273.723119693502,285.348227617695
5.03,60,0,2781.32643471733,51.0831895119475,3,1.04169990703055,1.04169990703055,273.557935596408,284.965276078248
5.04,60,0,2782.32532632052,51.1320495739038,3,1.04095571179221,1.04095571179221,273.415399613143,284.613321919252
5.05,60,0,2783.36727689761,51.1808391218908,3,1.04023307322039,1.04023307322039,273.291334230946,284.286684491559
5.06,60,0,2784.44402559368,51.2295625304211,3,1.03952819009289,1.03952819009289,273.182339297988,283.980742735779
5.07,60,0,2785.54883657894,51.2782233772064,3,1.03883796044847,1.03883796044847,273.085646042564,283.691735562611
5.08,60,0,2786.6762162472,51.3268245912951,3,1.03815985247788,1.03815985247788,272.998998897285,283.416600421813
5.09,60,0,2787.8216832348,51.3753685734444,3,1.03749179934631,1.03749179934631,272.920559711688,283.152842573882
5.1,60,0,2788.98158128632,51.4238572939944,3,1.03683211348876,1.03683211348876,272.848830029811,282.898429102744
5.11,60,0,2790.15292690925,51.4722923724937,3,1.03617941675601,1.03617941675601,272.78258796981,282.651702903754
5.12,60,0,2791.3332852977,51.5206751425089,3,1.03553258346766,1.03553258346766,272.720836923898,282.411312825265
5.13,60,0,2792.52066924201,51.5690067043969,3,1.03489069397786,1.03489069397786,272.662763838577,282.176156890827
5.14,60,0,2793.71345673954,51.6172879682914,3,1.03425299680634,1.03425299680634,272.607705267694,281.945336125613
5.15,60,0,2794.91032382787,51.6655196891284,3,1.03361887774924,1.03361887774924,272.555119737308,281.718116987685
5.16,60,0,2796.1101898138,51.7137024951935,3,1.0329878346793,1.0329878346793,272.504565239798,281.493900787282
5.17,60,0,2797.31217260032,51.7618369113953,3,1.03235945698441,1.03235945698441,272.455680898756,281.272198784956
5.18,60,0,2798.51555224223,51.8099233782424,3,1.03173340878816,1.03173340878816,272.408172027154,281.052611907326
5.19,60,0,2799.71974120893,51.8579622673212,3,1.03110941525494,1.03110941525494,272.361797947465,280.834814219394
5.2,60,0,2800.92426011574,51.9059538939226,3,1.03048725141095,1.03048725141095,272.316362060773,280.618539454235
5.21,60,0,2802.12871791481,51.9538985273426,3,1.02986673301775,1.02986673301775,272.271703747804,280.403570031927
5.22,60,0,2803.33279572358,52.0017963992894,3,1.02924770912053,1.02924770912053,272.227691762613,280.189728105839
5.23,60,0,2804.53623362081,52.0496477107438,3,1.02863005596296,1.02863005596296,272.184218842835,279.97686826054
5.24,60,0,2805.73881986418,52.0974526375599,3,1.02801367201744,1.02801367201744,272.141197311685,279.764871555608
5.25,60,0,2806.9563598474,52.1452035258961,3,1.02736622752876,1.02736622752876,272.028923171186,279.473328577093
5.26,60,0,2808.20143393467,52.1928944078421,3,1.02673317078335,1.02673317078335,271.928649624989,279.198164656299
5.27,60,0,2809.46809062096,52.2405284041819,3,1.02611248003232,1.02611248003232,271.839357878341,278.937757682937
5.28,60,0,2810.75153653348,52.2881080382775,3,1.02550179160095,1.02550179160095,271.758820032464,278.689156826653
5.29,60,0,2812.04795668108,52.3356353304882,3,1.02489922317441,1.02489922317441,271.685264635948,278.450016673318
5.3,60,0,2813.35431419067,52.3831119012967,3,1.02430327540407,1.02430327540407,271.617282674572,278.218472299918
5.31,60,0,2814.66819123356,52.430539053177,3,1.02371275369811,1.02371275369811,271.553753065344,277.993040327579
5.32,60,0,2815.98766261308,52.4779178356178,3,1.02312670603746,1.02312670603746,271.493783564016,277.772540487499
5.33,60,0,2817.3111952684,52.5252490967894,3,1.02254437352038,1.02254437352038,271.436663867839,277.5560334052
5.34,60,0,2818.63756835388,52.5725335246122,3,1.0219651510204,1.0219651510204,271.381828376811,277.3427712213
5.35,60,0,2819.96580966203,52.6197716794123,3,1.02138855588256,1.02138855588256,271.328826610644,277.132158381154
5.36,60,0,2821.29514503378,52.6669640198938,3,1.02081420301007,1.02081420301007,271.277299698148,276.92372048609
5.37,60,0,2822.62495809294,52.7141109238034,3,1.02024178503298,1.02024178503298,271.226961686012,276.71707953961
5.38,60,0,2823.95475819049,52.7612127043737,3,1.01967105651898,1.01967105651898,271.177584674408,276.511934269219
5.39,60,0,2825.28415487916,52.8082696234118,3,1.01910182140023,1.01910182140023,271.1289869926,276.308044478558
5.4,60,0,2826.61283758383,52.8552819017196,3,1.01853392295928,1.01853392295928,271.081023790402,276.105218601056
5.41,60,0,2827.94055940694,52.9022497273913,3,1.0179672358518,1.0179672358518,271.033579550144,275.903303797678
5.42,60,0,2829.26712422545,52.949173262422,3,1.01740165975081,1.01740165975081,270.986562125784,275.702178076939
5.43,60,0,2830.59237640841,52.996052647972,3,1.01683711428191,1.01683711428191,270.939897996754,275.501744022854
5.44,60,0,2831.91619262157,53.0428880085613,3,1.01627353498659,1.01627353498659,270.893528488219,275.301923801714
5.45,60,0,2833.23847529423,53.0896794554121,3,1.0157108701045,1.0157108701045,270.847406760427,275.102655186181
5.46,60,0,2834.55914741023,53.1364270891126,3,1.01514907800799,1.01514907800799,270.801495410185,274.903888388833
5.47,60,0,2835.87814835423,53.1831310017407,3,1.01458812515643,1.01458812515643,270.755764559703,274.705583539925
5.48,60,0,2837.19543059872,53.2297912785578,3,1.01402798446479,1.01402798446479,270.710190333477,274.507708677935
5.49,60,0,2838.51095706134,53.2764079993582,3,1.01346863400225,1.01346863400225,270.664753644238,274.310238148382
5.5,60,0,2839.82469899643,53.3229812395469,3,1.01291005595406,1.01291005595406,270.619439225089,274.113151327741
5.51,60,0,2841.13663431265,53.3695110709983,3,1.01235223579312,1.01235223579312,270.574234857773,273.916431606278
5.52,60,0,2842.44638991269,53.4159985179264,3,1.01187185424124,1.01187185424124,270.532973912296,273.744701946031
5.53,60,0,2843.75081554212,53.462452693204,3,1.01152281719742,1.01152281719742,270.497032191076,273.613920045458
5.54,60,0,2845.04978195481,53.5088758805922,3,1.01117296033574,1.01117296033574,270.459425842695,273.481258280063
5.55,60,0,2846.34405294388,53.5552677605637,3,1.0108225162505,1.0108225162505,270.420492164738,273.34712233566
5.56,60,0,2847.63424288284,53.6016280830861,3,1.01047167169717,1.01047167169717,270.380502007417,273.211837857753
5.57,60,0,2848.92084613845,53.6479566539133,3,1.01012057662123,1.01012057662123,270.339672884523,273.075666257708
5.58,60,0,2850.20426068201,53.6942533235843,3,1.00976935140491,1.00976935140491,270.298179493543,272.938817393123
5.59,60,0,2851.48480704543,53.7405179785925,3,1.0094180926841,1.0094180926841,270.256162157342,272.801459740988
5.6,60,0,2852.76274354145,53.7867505342981,3,1.00906687801826,1.00906687801826,270.213733598492,272.663728559889
5.61,60,0,2854.03827848565,53.8329509292374,3,1.00871576963998,1.00871576963998,270.170984376036,272.525732439263
5.62,60,0,2855.31158001204,53.8791191205544,3,1.00836481746586,1.00836481746586,270.127987249172,272.387558554932
5.63,60,0,2856.58278395701,53.9252550803321,3,1.00801406151477,1.00801406151477,270.08480068004,272.249276886894
5.64,60,0,2857.85200019255,53.9713587926464,3,1.0076635338501,1.0076635338501,270.041471645757,272.110943604645
5.65,60,0,2859.11931771444,54.0174302511995,3,1.00731326014023,1.00731326014023,269.998037896173,271.972603784658
5.66,60,0,2860.38480873066,54.0634694574198,3,1.00696326091216,1.00696326091216,269.954529766833,271.834293592019
5.67,60,0,2861.64853194698,54.109476418934,3,1.00661355255898,1.00661355255898,269.91097163495,271.696042032103
5.68,60,0,2862.91053520767,54.1554511483407,3,1.00626414814943,1.00626414814943,269.867383088834,271.557872357202
5.69,60,0,2864.17085761814,54.2013936622242,3,1.00591505807876,1.00591505807876,269.823779867281,271.419803196228
5.7,60,0,2865.42953125156,54.247303980362,3,1.00556629059181,1.00556629059181,269.7801746143,271.281849462113
5.71,60,0,2866.686582521,54.2931821250881,3,1.00521785220366,1.00521785220366,269.736577485525,271.144023080766
5.72,60,0,2867.94203328283,54.3390281207806,3,1.00486974803784,1.00486974803784,269.69299663555,271.006333576735
5.73,60,0,2869.19590172428,54.3848419934505,3,1.00452198209833,1.00452198209833,269.649438609612,270.868788543829
5.74,60,0,2870.44820307727,54.4306237704103,3,1.00417455748836,1.00417455748836,269.605908658437,270.731394023333
5.75,60,0,2871.69895019273,54.476373480008,3,1.0038274765864,1.0038274765864,269.562410991358,270.594154808
5.76,60,0,2872.94815400276,54.5220911514132,3,1.00348074118774,1.00348074118774,269.51894897984,270.457074686432
5.77,60,0,2874.19582389243,54.5677768144443,3,1.00313435261848,1.00313435261848,269.475525321143,270.32015663955
5.78,60,0,2875.44196799913,54.6134304994309,3,1.00278831182716,1.00278831182716,269.432142169953,270.183402998583
5.79,60,0,2876.68659345348,54.6590522371017,3,1.00244261945861,1.00244261945861,269.388801244266,270.046815572118
5.8,60,0,2877.92970657326,54.704642058495,3,1.00209727591335,1.00209727591335,269.345503910569,269.910395748289
5.81,60,0,2879.18904507682,54.7501968366108,3,1.002,1.002,269.19076927293,269.729150811476
5.82,60,0,2880.50824352465,54.7957108783132,3,1.002,1.002,269.024005897133,269.562053908928
5.83,60,0,2881.87374182614,54.8411899520149,3,1.002,1.002,268.885054601138,269.42282471034
5.84,60,0,2883.27384342454,54.8866386839731,3,1.002,1.002,268.767049960759,269.304584060681
5.85,60,0,2884.69974077209,54.9320605589626,3,1.002,1.002,268.664832477973,269.202162142929
5.86,60,0,2886.14479852484,54.9774582035892,3,1.002,1.002,268.574521719539,269.111670762978
5.87,60,0,2887.60401571181,55.0228335988315,3,1.002,1.002,268.493197361977,269.030183756701
5.88,60,0,2889.07362178374,55.0681882396552,3,1.002,1.002,268.418660439667,268.955497760546
5.89,60,0,2890.55077296524,55.1135232549812,3,1.002,1.002,268.349254375768,268.885952884519
5.9,60,0,2892.03332384807,55.1588394979174,3,1.002,1.002,268.28373067464,268.820298135989
5.91,60,0,2893.5196554824,55.2041376136648,3,1.002,1.002,268.221148038057,268.757590334133
5.92,60,0,2895.00854592614,55.2494180906491,3,1.002,1.002,268.160796530117,268.697118123177
5.93,60,0,2896.49907272369,55.2946812990364,3,1.002,1.002,268.102140535404,268.638344816475
5.94,60,0,2897.99053940967,55.3399275197589,3,1.002,1.002,268.044775829975,268.580865381635
5.95,60,0,2899.4824200993,55.3851569663966,3,1.002,1.002,267.988397258356,268.524374052872
5.96,60,0,2900.9743177007,55.4303698016776,3,1.002,1.002,267.932774386132,268.468639934904
5.97,60,0,2902.46593239047,55.475566149926,3,1.002,1.002,267.877733153316,268.413488619623
5.98,60,0,2903.95703782485,55.520746106454,3,1.002,1.002,267.82314204476,268.35878832885
5.99,60,0,2905.44746318331,55.5659097446513,3,1.002,1.002,267.768901662152,268.304439465476
6,60,0,2906.9370796107,55.6110571213376,3,1.002,1.002,267.714936858548,268.250366732265
6.01,60,0,2908.42578997792,55.6561882808042,3,1.002,1.002,267.661190804022,268.19651318563
6.02,60,0,2909.91352114673,55.7013032578682,3,1.002,1.002,267.607620507061,268.142835748075
6.03,60,0,2911.40021812488,55.7464020801784,3,1.002,1.002,267.554193433681,268.089301820548
6.04,60,0,2912.88583964836,55.7914847699601,3,1.002,1.002,267.500884954538,268.035886724447
6.05,60,0,2914.37035484157,55.8365513453325,3,1.002,1.002,267.447676416755,267.982571769588
6.06,60,0,2915.85374069173,55.8816018213055,3,1.002,1.002,267.394553687212,267.929342794587
6.07,60,0,2917.33598013856,55.9266362105339,3,1.002,1.002,267.341506051752,267.876189063855
6.08,60,0,2918.81706062901,55.9716545238876,3,1.002,1.002,267.288525383121,267.823102433887
6.09,60,0,2920.29697302349,56.0166567708829,3,1.002,1.002,267.235605511899,267.770076722922
6.1,60,0,2921.77571076797,56.0616429600096,3,1.002,1.002,267.182741750758,267.717107234259
6.11,60,0,2923.2532692672,56.1066130989779,3,1.002,1.002,267.129930534614,267.664190395683
6.12,60,0,2924.72964540996,56.1515671949061,3,1.002,1.002,267.077169148352,267.611323486648
6.13,60,0,2926.20483720953,56.1965052544623,3,1.002,1.002,267.024455520772,267.558504431814
6.14,60,0,2927.67884353121,56.2414272839718,3,1.002,1.002,266.971788068617,267.505731644754
6.15,60,0,2929.15166388588,56.2863332894984,3,1.002,1.002,266.919165578465,267.453003909622
6.16,60,0,2930.62329827347,56.3312232769069,3,1.002,1.002,266.866587117293,267.400320291528
6.17,60,0,2932.09374706432,56.3760972519088,3,1.002,1.002,266.814051964721,267.34768006865
6.18,60,0,2933.56289190264,56.4209552474715,3,1.00199376868581,1.00199376868581,266.765197067567,267.297065163944
6.19,60,0,2935.0263441024,56.4657982020038,3,1.00196803399395,1.00196803399395,266.725457161496,267.250381928243
6.2,60,0,2936.48360218565,56.5106260057239,3,1.00194216465704,1.00194216465704,266.683042375933,267.200984755466
6.21,60,0,2937.9358273573,56.5554382025722,3,1.0019161958335,1.0019161958335,266.638586157682,267.149517905528
6.22,60,0,2939.38391053815,56.6002344444067,3,1.00189015447602,1.00189015447602,266.592573918687,267.096475065553
6.23,60,0,2940.82853549659,56.6450144657878,3,1.0018640612499,1.0018640612499,266.545377691316,267.042234601212
6.24,60,0,2942.2702272061,56.6897780646666,3,1.00183793200207,1.00183793200207,266.497282659407,266.987086543671
6.25,60,0,2943.70938889144,56.7345250875901,3,1.00181177888606,1.00181177888606,266.448507470918,266.931253250975
6.26,60,0,2945.14633041395,56.7792554183665,3,1.00178561122384,1.00178561122384,266.399219791238,266.874905228119
6.27,60,0,2946.58129002448,56.8239689693799,3,1.00175943616604,1.00175943616604,266.349548213799,266.818173241735
6.28,60,0,2948.01445103673,56.8686656749326,3,1.00173325919791,1.00173325919791,266.29959138251,266.761157598674
6.29,60,0,2949.44595460967,56.9133454861425,3,1.00170708452713,1.00170708452713,266.249424979836,266.703935253575
6.3,60,0,2950.87590954887,56.95800836703,3,1.00168091538104,1.00168091538104,266.199107080865,266.646565254377
6.31,60,0,2952.30439982362,57.0026542915176,3,1.00165475423468,1.00165475423468,266.148682256186,266.589092915204
6.32,60,0,2953.73149033317,57.0472832411281,3,1.00162860298553,1.00162860298553,266.098184716585,266.531553014659
6.33,60,0,2955.15723133111,57.091895203219,3,1.00160246308769,1.00160246308769,266.047640723811,266.473972247637
6.34,60,0,2956.58166182051,57.1364901696274,3,1.0015763356547,1.0015763356547,265.997070439076,266.416371105256
6.35,60,0,2958.00481216018,57.1810681356299,3,1.00155022153859,1.00155022153859,265.946489340716,266.358765316605
6.36,60,0,2959.42670606541,57.2256290991446,3,1.00152412139042,1.00152412139042,265.895909311654,266.301166954662
6.37,60,0,2960.84736214448,57.2701730601177,3,1.00149803570686,1.00149803570686,265.845339473759,266.243585284792
6.38,60,0,2962.26679507874,57.3147000200527,3,1.00147196486589,1.00147196486589,265.794786828133,266.186027415881
6.39,60,0,2963.68501652921,57.3592099816491,3,1.00144590915428,1.00144590915428,265.744256746581,266.128498800109
6.4,60,0,2965.1020358332,57.4037029485242,3,1.00141986878867,1.00141986878867,265.693753348918,266.071003616643
6.41,60,0,2966.51786053971,57.4481789249996,3,1.00139384393174,1.00139384393174,265.643279792715,266.013545066262
6.42,60,0,2967.93249682099,57.4926379159372,3,1.00136783470472,1.00136783470472,265.592838495825,265.956125597645
6.43,60,0,2969.34594978899,57.537079926613,3,1.0013418411969,1.0013418411969,265.542431307347,265.8987470812
6.44,60,0,2970.75822373872,57.58150496262,3,1.00131586347304,1.00131586347304,265.492059638977,265.841410942639
6.45,60,0,2972.16932233547,57.6259130297935,3,1.00128990157902,1.00128990157902,265.441724565969,265.784118265623
6.46,60,0,2973.57924875882,57.6703041341538,3,1.00126395554615,1.00126395554615,265.391426904736,265.726869870674
6.47,60,0,2974.98800581349,57.7146782818623,3,1.0012380253946,1.0012380253946,265.341167272522,265.669666375838
6.48,60,0,2976.39559601464,57.7590354791868,3,1.0012121111359,1.0012121111359,265.290946133284,265.612508243346
6.49,60,0,2977.80202165355,57.803375732476,3,1.00118621277499,1.00118621277499,265.24076383299,265.555395815496
6.5,60,0,2979.20728484822,57.8476990481393,3,1.00116033031168,1.00116033031168,265.190620626774,265.498329342261
6.51,60,0,2980.61138758229,57.8920054326308,3,1.00113446374189,1.00113446374189,265.140516699831,265.441309002534
6.52,60,0,2982.01433173506,57.9362948924379,3,1.00110861305853,1.00110861305853,265.090452183497,265.38433492048
6.53,60,0,2983.41611910464,57.980567434072,3,1.00108277825217,1.00108277825217,265.04042716764,265.327407178123
6.54,60,0,2984.81675142575,58.0248230640611,3,1.00105695931163,1.00105695931163,264.990441710179,265.270525825038
6.55,60,0,2986.21623038347,58.0690617889447,3,1.00103115622436,1.00103115622436,264.94049584444,265.213690885814
6.56,60,0,2987.61455762383,58.1132836152694,3,1.00100536897675,1.00100536897675,264.890589584802,265.156902365804
6.57,60,0,2989.03384070801,58.1574784466809,3,1.00094079144761,1.00094079144761,264.721399453208,264.970447081814
6.58,60,0,2990.51008370299,58.2016293190901,3,1.00087077788816,1.00087077788816,264.559112667868,264.78948489329
6.59,60,0,2992.02718140229,58.245742828463,3,1.00080461040562,1.00080461040562,264.427579697948,264.640340880105
6.6,60,0,2993.57274353226,58.2898240972145,3,1.00074116888728,1.00074116888728,264.317746178565,264.51365026839
6.61,60,0,2995.13802999277,58.3338767413823,3,1.00067966322728,1.00067966322728,264.223238397249,264.40282121618
6.62,60,0,2996.71687162614,58.3779033161678,3,1.00061953577192,1.00061953577192,264.139565347061,264.303209256573
6.63,60,0,2998.3049116323,58.4219056290446,3,1.00056039272482,1.00056039272482,264.063560118147,264.211539416128
6.64,60,0,2999.89907172254,58.4658849600687,3,1.00050195586647,1.00050195586647,263.992988033773,264.125500862823
6.65,60,0,3001.49717607132,58.509842217046,3,1.00044402854436,1.00044402854436,263.926271326798,264.043462124874
6.66,60,0,3003.09768621572,58.5537780449066,3,1.00038647169944,1.00038647169944,263.862295462179,263.964270771925
6.67,60,0,3004.69951404605,58.5976929028508,3,1.00032918695707,1.00032918695707,263.800272762037,263.887112371101
6.68,60,0,3006.30188980891,58.6415871187957,3,1.00027210469462,1.00027210469462,263.739646303567,263.811411099484
6.69,60,0,3007.9042688922,58.6854609278204,3,1.00021517561703,1.00021517561703,263.68002215188,263.736759663345
6.7,60,0,3009.50626596717,58.7293144993263,3,1.0001583648063,1.0001583648063,263.621121545986,263.662869853836
6.71,60,0,3011.10760843854,58.7731479562322,3,1.00010164751681,1.00010164751681,263.562747145719,263.58953764449
6.72,60,0,3012.70810352838,58.8169613885457,3,1.000045006203,1.000045006203,263.504759193529,263.516618542213
6.73,60,0,3014.30761499163,58.8607548629639,3,0.999988428417404,0.999988428417404,263.447058671363,263.444010171963
6.74,60,0,3015.90604663855,58.9045284296656,3,0.999931905323664,0.999931905323664,263.389575395107,263.37163996722
6.75,60,0,3017.50333066982,58.9482821271197,3,0.99987543064417,0.99987543064417,263.332259595833,263.299456465885
6.76,60,0,3019.09941941569,58.9920159854903,3,0.999818999915038,0.999818999915038,263.275075964365,263.227423153247
6.77,60,0,3020.69427948356,59.0357300290485,3,0.999762609958468,0.999762609958468,263.217999436858,263.15551410504
6.78,60,0,3022.28788761048,59.0794242778816,3,0.999706258508938,0.999706258508938,263.161012211293,263.083710903177
6.79,60,0,3023.88022772272,59.1230987491049,3,0.999649943948267,0.999649943948267,263.104101634636,263.012000451623
6.8,60,0,3025.47128885049,59.1667534577206,3,0.999593665117792,0.999593665117792,263.047258706015,262.940373429134
6.81,60,0,3027.06106364847,59.2103884172277,3,0.999537421185157,0.999537421185157,262.990477015956,262.868823192783
6.82,60,0,3028.64954734586,59.2540036400542,3,0.999481211549804,0.999481211549804,262.933751994358,262.797345000657
6.83,60,0,3030.23673700105,59.2975991378644,3,0.999425035775897,0.999425035775897,262.87708037718,262.725935460627
6.84,60,0,3031.82263097213,59.3411749217769,3,0.9993688935447,0.9993688935447,262.820459828073,262.654592139291
6.85,60,0,3033.40722854092,59.3847310025194,3,0.999312784620763,0.999312784620763,262.763888669878,262.583313284476
6.86,60,0,3034.99052964558,59.4282673905388,3,0.999256708827885,0.999256708827885,262.707365693993,262.512097628223
6.87,60,0,3036.57253469069,59.4717840960797,3,0.999200666032045,0.999200666032045,262.650890025,262.44094424689
6.88,60,0,3038.15324441206,59.5152811292399,3,0.999144656129254,0.999144656129254,262.594461024491,262.369852461762
6.89,60,0,3039.73265978062,59.5587585000098,3,0.999088679036927,0.999088679036927,262.538078222716,262.298821768426
6.9,60,0,3041.31078193402,59.6022162183009,3,0.999032734687735,0.999032734687735,262.481741269994,262.227851786561
6.91,60,0,3042.88761212788,59.6456542939657,3,0.998976823025237,0.998976823025237,262.425449902164,262.156942224232
6.92,60,0,3044.46315170117,59.6890727368121,3,0.998920944000764,0.998920944000764,262.369203915996,262.086092852496
6.93,60,0,3046.03740205147,59.7324715566135,3,0.998865097571206,0.998865097571206,262.3130031517,262.015303487319
6.94,60,0,3047.61036461737,59.775850763116,3,0.99880928369743,0.99880928369743,262.256847480474,261.944573976719
6.95,60,0,3049.18204086596,59.8192103660438,3,0.998753502343155,0.998753502343155,262.200736795632,261.873904191593
6.96,60,0,3050.75243228381,59.8625503751027,3,0.998697753474152,0.998697753474152,262.14467100629,261.803294019202
6.97,60,0,3052.32154037067,59.905870799983,3,0.998642037057668,0.998642037057668,262.088650032859,261.732743358509
6.98,60,0,3053.88936663488,59.9491716503609,3,0.998586353062022,0.998586353062022,262.032673803843,261.66225211687
6.99,60,0,3055.45591259012,59.9924529359005,3,0.998530701456309,0.998530701456309,261.976742253544,261.59182020767
7,60,0,3057.02117975312,60.0357146662542,3,0.998475082210197,0.998475082210197,261.92085532043,261.521447548632
7.01,60,0,3058.58516964197,60.0789568510639,3,0.998419495293775,0.998419495293775,261.865012945974,261.451134060617
7.02,60,0,3060.14788377498,60.122179499961,3,0.998363940677445,0.998363940677445,261.809215073818,261.380879666766
7.03,60,0,3061.70932366984,60.1653826225672,3,0.998308418331853,0.998308418331853,261.753461649182,261.310684291882
7.04,60,0,3063.26949084296,60.2085662284946,3,0.998252928227828,0.998252928227828,261.697752618437,261.240547861997
7.05,60,0,3064.82838680914,60.2517303273459,3,0.998197470336346,0.998197470336346,261.642087928806,261.170470304054
7.06,60,0,3066.38601308117,60.2948749287143,3,0.998142044628502,0.998142044628502,261.586467528142,261.100451545687
7.07,60,0,3067.94237116969,60.3380000421842,3,0.998086651075489,0.998086651075489,261.530891364776,261.030491515057
7.08,60,0,3069.49746258299,60.3811056773307,3,0.998031289648586,0.998031289648586,261.475359387408,260.960590140742
7.09,60,0,3071.05469962418,60.4241907982659,3,0.998007912832214,0.998007912832214,261.389509365813,260.868798678411
7.1,60,0,3072.63398106843,60.4672496321251,3,0.998025559539699,0.998025559539699,261.279438596129,260.76355790112
7.11,60,0,3074.23225306143,60.5102838913283,3,0.998042601904781,0.998042601904781,261.185727468914,260.674483023468
7.12,60,0,3075.84307657977,60.5532961329865,3,0.998059230752517,0.998059230752517,261.103147466734,260.59640650771
7.13,60,0,3077.46207452439,60.5962880970725,3,0.998075575779237,0.998075575779237,261.028149915745,260.525821021746
7.14,60,0,3079.08626984669,60.6392609687502,3,0.998091725182952,0.998091725182952,260.958324488429,260.460344289508
7.15,60,0,3080.71363678421,60.6822155562284,3,0.998107738972019,0.998107738972019,260.892032997058,260.398357170507
7.16,60,0,3082.3427963267,60.7251524114456,3,0.998123657994904,0.998123657994904,260.828161407291,260.338758571931
7.17,60,0,3083.97280940907,60.7680719120227,3,0.998139510070793,0.998139510070793,260.765951734495,260.280799307413
7.18,60,0,3085.6030363826,60.8109743169479,3,0.998155314154321,0.998155314154321,260.704887995308,260.223969378524
7.19,60,0,3087.2330414702,60.8538598044356,3,0.998171083166277,0.998171083166277,260.644618778208,260.167921447305
7.2,60,0,3088.86252777298,60.8967284976779,3,0.998186825918566,0.998186825918566,260.584904643258,260.112418848146
7.21,60,0,3090.49129303777,60.9395804823696,3,0.998202548423837,0.998202548423837,260.525582369515,260.057300250855
7.22,60,0,3092.11919954021,60.9824158186406,3,0.998218254786875,0.998218254786875,260.466540641601,260.002455629634
7.23,60,0,3093.74615356964,61.0252345491828,3,0.998233947811595,0.998233947811595,260.407703507567,259.94780991291
7.24,60,0,3095.37209144866,61.0680367047893,3,0.998249629414545,0.998249629414545,260.349019119007,259.893311853989
7.25,60,0,3096.99697000167,61.1108223081296,3,0.998265300906721,0.998265300906721,260.290452063311,259.838926452127
7.26,60,0,3098.62076005402,61.1535913763248,3,0.998280963185712,0.998280963185712,260.23197813983,259.784629789152
7.27,60,0,3100.24344199623,61.1963439227052,3,0.998296616866757,0.998296616866757,260.173580799526,259.730405510277
7.28,60,0,3101.86500275603,61.239079958009,3,0.998312262372177,0.998312262372177,260.115248717357,259.676242424526
7.29,60,0,3103.48543373067,61.2817994912018,3,0.998327899992426,0.998327899992426,260.056974136325,259.622132867902
7.3,60,0,3105.10472937423,61.3245025300356,3,0.998343529927786,0.998343529927786,259.998751737456,259.56807158639
7.31,60,0,3106.7228862322,61.3671890814317,3,0.998359152316849,0.998359152316849,259.940577868326,259.514054973374
7.32,60,0,3108.33990228136,61.4098591517418,3,0.998374767255991,0.998374767255991,259.88245001619,259.46008054883
7.33,60,0,3109.95577647823,61.4525127469268,3,0.998390374812679,0.998390374812679,259.824366447987,259.406146603473
7.34,60,0,3111.57050845015,61.4951498726796,3,0.998405975034582,0.998405975034582,259.766325964285,259.352251955523
7.35,60,0,3113.18409828375,61.5377705345081,3,0.9984215679558,0.9984215679558,259.708327731024,259.298395784387
7.36,60,0,3114.79654638012,61.5803747377932,3,0.998437153601129,0.998437153601129,259.650371164417,259.244577516877
7.37,60,0,3116.40785335557,61.6229624878278,3,0.998452731988987,0.998452731988987,259.592455852185,259.190796749345
7.38,60,0,3118.01801997364,61.6655337898439,3,0.99846830313341,0.99846830313341,259.534581499632,259.137053194377
7.39,60,0,3119.62704709844,61.7080886490309,3,0.99848386704543,0.99848386704543,259.476747892709,259.083346644284
7.4,60,0,3121.23493566269,61.7506270705483,3,0.99849942373401,0.99849942373401,259.418954872711,259.029676946081
7.41,60,0,3122.84168664578,61.7931490595346,3,0.998514973206694,0.998514973206694,259.361202318932,258.976043984344
7.42,60,0,3124.44730105868,61.8356546211129,3,0.998530515470046,0.998530515470046,259.303490136769,258.922447669449
7.43,60,0,3126.05177993363,61.8781437603954,3,0.998546050529957,0.998546050529957,259.245818249565,258.86888792951
7.44,60,0,3127.65512431699,61.9206164824858,3,0.998561578391853,0.998561578391853,259.188186593009,258.815364704837
7.45,60,0,3129.25733526441,61.9630727924817,3,0.998577099060837,0.998577099060837,259.130595111293,258.761877944143
7.46,60,0,3130.85841383743,62.0055126954756,3,0.99859261254179,0.99859261254179,259.073043754469,258.708427601929
7.47,60,0,3132.45836110119,62.0479361965559,3,0.998608118839437,0.998608118839437,259.015532476639,258.655013636691
7.48,60,0,3134.05717812286,62.0903433008075,3,0.998623617958394,0.998623617958394,258.958061234705,258.601636009692
7.49,60,0,3135.65486597051,62.1327340133125,3,0.998639109903199,0.998639109903199,258.900629987515,258.548294684109
7.5,60,0,3137.25142571239,62.1751083391499,3,0.998654594678338,0.998654594678338,258.84323869527,258.494989624453
7.51,60,0,3138.84685841641,62.2174662833967,3,0.998670072288256,0.998670072288256,258.785887319119,258.441720796165
7.52,60,0,3140.44116514978,62.2598078511272,3,0.998685542737368,0.998685542737368,258.728575820882,258.388488165343
7.53,60,0,3142.03434697877,62.3021330474135,3,0.998701006030071,0.998701006030071,258.671304162853,258.335291698552
7.54,60,0,3143.62640496853,62.3444418773256,3,0.99871646217074,0.99871646217074,258.614072307673,258.282131362687
7.55,60,0,3145.21734018299,62.3867343459313,3,0.998731911163742,0.998731911163742,258.556880218233,258.229007124891
7.56,60,0,3146.80715368477,62.4290104582964,3,0.998747353013429,0.998747353013429,258.499727857615,258.175918952485
7.57,60,0,3148.39584653516,62.4712702194846,3,0.998762787724146,0.998762787724146,258.442615189047,258.122866812931
7.58,60,0,3149.98341979403,62.5135136345575,3,0.998778215300229,0.998778215300229,258.385542175871,258.069850673798
7.59,60,0,3151.56987451986,62.5557407085748,3,0.998793635746008,0.998793635746008,258.328508781526,258.016870502745
7.6,60,0,3153.15521176967,62.5979514465939,3,0.998809049065804,0.998809049065804,258.271514969532,257.963926267502
7.61,60,0,3154.73943259906,62.6401458536706,3,0.998824455263934,0.998824455263934,258.214560703478,257.911017935868
7.62,60,0,3156.32253806218,62.6823239348583,3,0.998839854344707,0.998839854344707,258.15764594702,257.858145475693
7.63,60,0,3157.90452921174,62.7244856952087,3,0.998855246312427,0.998855246312427,258.100770663869,257.805308854886
7.64,60,0,3159.48540709898,62.7666311397715,3,0.998870631171392,0.998870631171392,258.043934817794,257.752508041399
7.65,60,0,3161.06517277371,62.8087602735941,3,0.998886008925895,0.998886008925895,257.987138372618,257.699743003237
7.66,60,0,3162.64382728427,62.8508731017223,3,0.998901379580223,0.998901379580223,257.930381292215,257.647013708446
7.67,60,0,3164.22137167756,62.8929696291998,3,0.998916743138656,0.998916743138656,257.873663540509,257.594320125118
7.68,60,0,3165.79780699904,62.9350498610682,3,0.998932099605471,0.998932099605471,257.816985081473,257.541662221388
7.69,60,0,3167.37313429272,62.9771138023673,3,0.998947448984937,0.998947448984937,257.760345879132,257.489039965434
7.7,60,0,3168.94735460116,63.0191614581348,3,0.99896279128132,0.99896279128132,257.703745897557,257.436453325475
7.71,60,0,3170.52046896551,63.0611928334068,3,0.99897812649888,0.99897812649888,257.647185100868,257.383902269775
7.72,60,0,3172.09247842544,63.1032079332169,3,0.998993454641869,0.998993454641869,257.590663453234,257.331386766637
7.73,60,0,3173.66708052623,63.1452052078898,3,0.999008668661314,0.999008668661314,257.507594226226,257.25231887812
7.74,60,0,3175.25712942143,63.1871791833386,3,0.999023396454323,0.999023396454323,257.416521881077,257.165127993092
7.75,60,0,3176.85873919768,63.2291313637512,3,0.999037750811562,0.999037750811562,257.336297403767,257.088675760434
7.76,60,0,3178.46769311617,63.2710634325946,3,0.999051854004772,0.999051854004772,257.263317176355,257.019393992456
7.77,60,0,3180.08117980029,63.3129765141299,3,0.999065787540108,0.999065787540108,257.195181815885,256.954906872408
7.78,60,0,3181.69732394395,63.3548713601643,3,0.999079605778339,0.999079605778339,257.130292698599,256.893631462986
7.79,60,0,3183.31487411372,63.3967484742823,3,0.999093344993839,0.999093344993839,257.067584094009,256.834512481968
7.8,60,0,3184.93299490583,63.4386081945472,3,0.999107029403942,0.999107029403942,257.006345145045,256.77684603583
7.81,60,0,3186.55112848867,63.4804507485919,3,0.999120675184299,0.999120675184299,256.946101459386,256.720162376075
7.82,60,0,3188.16890231501,63.5222762903365,3,0.999134293144434,0.999134293144434,256.8865362952,256.664147859626
7.83,60,0,3189.78606757618,63.5640849244754,3,0.999147890511449,0.999147890511449,256.827438069139,256.60859297224
7.84,60,0,3191.40245813738,63.6058767228137,3,0.999161472119746,0.999161472119746,256.768665376118,256.553357691424
7.85,60,0,3193.01796312565,63.6476517351726,3,0.999175041204928,0.999175041204928,256.710123666798,256.498348392496
7.86,60,0,3194.63250862289,63.6894099966718,3,0.999188599933813,0.999188599933813,256.651749690091,256.443502443405
7.87,60,0,3196.2460454343,63.7311515325956,3,0.999202149758433,0.999202149758433,256.593501110523,256.388777923678
7.88,60,0,3197.85854091227,63.7728763616445,3,0.999215691652572,0.999215691652572,256.535349576012,256.334146759929
7.89,60,0,3199.46997348885,63.8145844981102,3,0.999229226269896,0.999229226269896,256.477276087312,256.279590140536
7.9,60,0,3201.08433901161,63.8562760759748,3,0.999242641176054,0.999242641176054,256.422546691695,256.228342813299
7.91,60,0,3202.71252885185,63.8979527678396,3,0.999255631947023,0.999255631947023,256.380001851256,256.189160768456
7.92,60,0,3204.35051151946,63.9396165830855,3,0.999268315467139,0.999268315467139,256.346243366654,256.158678785326
7.93,60,0,3205.99493474076,63.9812688962597,3,0.99928078843056,0.99928078843056,256.318463207539,256.134116003339
7.94,60,0,3207.6435179584,64.0229106419141,3,0.999293116600192,0.999293116600192,256.29475326738,256.113582760838
7.95,60,0,3209.29470906092,64.0645424555375,3,0.999305344721378,0.999305344721378,256.273816261965,256.095794302726
7.96,60,0,3210.94745131063,64.1061647692448,3,0.999317503251362,0.999317503251362,256.254769775171,256.079876727977
7.97,60,0,3212.60102499711,64.1477778767866,3,0.999329612929879,0.999329612929879,256.2370133252,256.06523534458
7.98,60,0,3214.25493980224,64.189381977739,3,0.999341687884975,0.999341687884975,256.220138120127,256.051465299089
7.99,60,0,3215.90886160174,64.2309772075553,3,0.999353737744434,0.999353737744434,256.203865757801,256.038290869632
8,60,0,3217.56256266431,64.2725636580118,3,0.99936576907178,0.99936576907178,256.188006565396,256.025524208193
8.01,60,0,3219.21588775596,64.3141413911237,3,0.999377786343309,0.999377786343309,256.17243127338,256.013037288174
8.02,60,0,3220.8687310608,64.35571044862,3,0.999389792613078,0.999389792613078,256.157051747776,256.000742822588
8.03,60,0,3222.5210204609,64.3972708583977,3,0.999401789965698,0.999401789965698,256.141807878773,255.988581279096
8.04,60,0,3224.17270682482,64.438822638919,3,0.999413779824731,0.999413779824731,256.126658655248,255.97651204052
8.05,60,0,3225.82375670636,64.480365802209,3,0.999425763162836,0.999425763162836,256.111576086576,255.964507385163
8.06,60,0,3227.47414736606,64.5219003558993,3,0.999437740644992,0.999437740644992,256.096541061933,255.952548385936
8.07,60,0,3229.12386337541,64.5634263046228,3,0.999449712726167,0.999449712726167,256.081540528497,255.940622115681
8.08,60,0,3230.77289429966,64.6049436509641,3,0.999461679717927,0.999461679717927,256.066565567768,255.928719741962
8.09,60,0,3232.42123311628,64.6464523961095,3,0.999473641833886,0.999473641833886,256.051610083717,255.916835227802
8.1,60,0,3234.06887513498,64.6879525402899,3,0.999485599220733,0.999485599220733,256.036669907844,255.904964445323
8.11,60,0,3235.71581726011,64.7294440830842,3,0.999497551979406,0.999497551979406,256.021742188458,255.893104570866
8.12,60,0,3237.36205748662,64.7709270236255,3,0.999509500179568,0.999509500179568,256.006824973754,255.881253672075
8.13,60,0,3239.00759455562,64.812401360743,3,0.999521443869484,0.999521443869484,255.991916927111,255.869410425903
8.14,60,0,3240.65242771877,64.8538670930585,3,0.999533383082782,0.999533383082782,255.977017132604,255.857573925991
8.15,60,0,3242.29655657725,64.8953242190528,3,0.999545317843069,0.999545317843069,255.962124962091,255.845743551021
8.16,60,0,3243.93998097148,64.9367727371105,3,0.99955724816709,0.99955724816709,255.947239984373,255.833918874742
8.17,60,0,3245.58270090571,64.9782126455515,3,0.999569174066894,0.999569174066894,255.93236190306,255.822099604431
8.18,60,0,3247.22471649638,65.0196439426517,3,0.999581095551306,0.999581095551306,255.917490514079,255.810285538804
8.19,60,0,3248.86602793671,65.061066626658,3,0.999593012626946,0.999593012626946,255.902625676593,255.798476539211
8.2,60,0,3250.5066354725,65.1024806957978,3,0.999604925298919,0.999604925298919,255.887767293097,255.786672509924
8.21,60,0,3252.14653938549,65.1438861482861,3,0.99961683357129,0.99961683357129,255.872915295792,255.774873384635
8.22,60,0,3253.78573998199,65.1852829823301,3,0.999628737447414,0.999628737447414,255.858069637242,255.763079117208
8.23,60,0,3255.42423758509,65.2266711961324,3,0.999640636930153,0.999640636930153,255.843230283984,255.75128967535
8.24,60,0,3257.06203252927,65.2680507878932,3,0.999652532022034,0.999652532022034,255.828397212142,255.739505036257
8.25,60,0,3258.69912515672,65.309421755812,3,0.99966442272535,0.99966442272535,255.813570404421,255.727725183646
8.26,60,0,3260.33551581487,65.3507840980882,3,0.999676309042237,0.999676309042237,255.798749848044,255.715950105711
8.27,60,0,3261.9712048546,65.3921378129221,3,0.999688190974719,0.999688190974719,255.783935533336,255.704179793715
8.28,60,0,3263.60619262907,65.4334828985155,3,0.999700068524743,0.999700068524743,255.76912745276,255.692414241038
8.29,60,0,3265.24047949292,65.4748193530717,3,0.999711941694204,0.999711941694204,255.754325600243,255.680653442511
8.3,60,0,3266.87406580167,65.5161471747962,3,0.999723810484961,0.999723810484961,255.739529970722,255.668897393963
8.31,60,0,3268.50695191139,65.5574663618962,3,0.999735674898845,0.999735674898845,255.724740559827,255.657146091911
8.32,60,0,3270.13913817836,65.5987769125815,3,0.999747534937668,0.999747534937668,255.70995736367,255.645399533345
8.33,60,0,3271.77062495897,65.6400788250638,3,0.999759390603233,0.999759390603233,255.695180378689,255.633657715582
8.34,60,0,3273.40141260952,65.6813720975573,3,0.999771241897329,0.999771241897329,255.680409601553,255.621920636163
8.35,60,0,3275.03150148618,65.7226567282786,3,0.99978308882174,0.99978308882174,255.665645029087,255.610188292783
8.36,60,0,3276.66089194493,65.7639327154465,3,0.999794931378243,0.999794931378243,255.650886658225,255.598460683247
8.37,60,0,3278.28958434149,65.8052000572824,3,0.999806769568614,0.999806769568614,255.636134485977,255.586737805433
8.38,60,0,3279.91757903132,65.84645875201,3,0.999818603394622,0.999818603394622,255.621388509408,255.57501965727
8.39,60,0,3281.54487636958,65.8877087978552,3,0.999830432858035,0.999830432858035,255.606648725616,255.563306236724
8.4,60,0,3283.17147671114,65.9289501930468,3,0.999842257960618,0.999842257960618,255.591915131729,255.551597541787
8.41,60,0,3284.79738041055,65.9701829358156,3,0.999854078704134,0.999854078704134,255.577187724893,255.539893570466
8.42,60,0,3286.42258782206,66.011407024395,3,0.999865895090343,0.999865895090343,255.562466502266,255.528194320784
8.43,60,0,3288.04709929958,66.0526224570208,3,0.999877707121005,0.999877707121005,255.547751461017,255.51649979077
8.44,60,0,3289.6709151967,66.0938292319312,3,0.999889514797876,0.999889514797876,255.533042598323,255.504809978463
8.45,60,0,3291.29403586669,66.1350273473669,3,0.999901318122713,0.999901318122713,255.518339911367,255.493124881903
8.46,60,0,3292.91646166249,66.176216801571,3,0.999913117097267,0.999913117097267,255.503643397336,255.481444499139
8.47,60,0,3294.53819293673,66.217397592789,3,0.999924911723293,0.999924911723293,255.48895305342,255.469768828217
8.48,60,0,3296.15923004169,66.2585697192689,3,0.999936702002538,0.999936702002538,255.474268876815,255.458097867192
8.49,60,0,3297.77957332934,66.2997331792609,3,0.999948487936754,0.999948487936754,255.459590864717,255.446431614116
8.5,60,0,3299.39922315132,66.340887971018,3,0.999960269527685,0.999960269527685,255.444919014327,255.434770067044
8.51,60,0,3301.01817985894,66.3820340927953,3,0.999972046777078,0.999972046777078,255.430253322848,255.423113224036
8.52,60,0,3302.63644380319,66.4231715428505,3,0.999983819686676,0.999983819686676,255.415593787483,255.411461083148
8.53,60,0,3304.25401533474,66.4643003194438,3,0.999995588258222,0.999995588258222,255.400940405441,255.399813642442
8.54,60,0,3305.87089480391,66.5054204208376,3,1.00000735249346,1.00000735249346,255.38629317393,255.388170899979
8.55,60,0,3307.48708256074,66.5465318452969,3,1.00001911239412,1.00001911239412,255.371652090162,255.376532853823
8.56,60,0,3309.10257895491,66.587634591089,3,1.00003086796194,1.00003086796194,255.35701715135,255.364899502037
8.57,60,0,3310.71738433578,66.6287286564839,3,1.00004261919867,1.00004261919867,255.342388354711,255.353270842688
8.58,60,0,3312.33149905242,66.6698140397538,3,1.00005436610603,1.00005436610603,255.327765697462,255.341646873843
8.59,60,0,3313.94492345354,66.7108907391732,3,1.00006610868575,1.00006610868575,255.313149176823,255.33002759357
8.6,60,0,3315.55765788754,66.7519587530195,3,1.00007784693958,1.00007784693958,255.298538790014,255.318412999938
8.61,60,0,3317.16970270251,66.793018079572,3,1.00008958086923,1.00008958086923,255.283934534261,255.306803091017
8.62,60,0,3318.78105824622,66.8340687171128,3,1.00010131047644,1.00010131047644,255.26933640679,255.295197864881
8.63,60,0,3320.3917248661,66.8751106639262,3,1.00011303576292,1.00011303576292,255.254744404828,255.283597319601
8.64,60,0,3322.00170290929,66.9161439182991,3,1.00012475673042,1.00012475673042,255.240158525605,255.272001453254
8.65,60,0,3323.61099272258,66.9571684785208,3,1.00013647338064,1.00013647338064,255.225578766353,255.260410263913
8.66,60,0,3325.21959465246,66.998184342883,3,1.00014818571531,1.00014818571531,255.211005124307,255.248823749657
8.67,60,0,3326.82750904511,67.0391915096797,3,1.00015989373616,1.00015989373616,255.196437596702,255.237241908564
8.68,60,0,3328.43473624638,67.0801899772075,3,1.00017159744489,1.00017159744489,255.181876180776,255.225664738712
8.69,60,0,3330.0412766018,67.1211797437654,3,1.00018329684323,1.00018329684323,255.16732087377,255.214092238183
8.7,60,0,3331.6471304566,67.1621608076549,3,1.0001949919329,1.0001949919329,255.152771672926,255.202524405058
8.71,60,0,3333.25229815567,67.2031331671797,3,1.00020668271559,1.00020668271559,255.138228575487,255.190961237421
8.72,60,0,3334.85678004362,67.2440968206462,3,1.00021836919304,1.00021836919304,255.1236915787,255.179402733355
8.73,60,0,3336.46057646471,67.285051766363,3,1.00023005136694,1.00023005136694,255.109160679812,255.167848890946
8.74,60,0,3338.06368776291,67.3259980026413,3,1.00024172923902,1.00024172923902,255.094635876074,255.156299708282
8.75,60,0,3339.66611428187,67.3669355277946,3,1.00025340281096,1.00025340281096,255.080117164739,255.144755183449
8.76,60,0,3341.26785636492,67.407864340139,3,1.00026507208449,1.00026507208449,255.06560454306,255.133215314538
8.77,60,0,3342.86891435509,67.4487844379929,3,1.00027673706131,1.00027673706131,255.051098008292,255.121680099638
8.78,60,0,3344.46928859508,67.489695819677,3,1.00028839774311,1.00028839774311,255.036597557695,255.110149536842
8.79,60,0,3346.06897942731,67.5305984835148,3,1.00030005413161,1.00030005413161,255.022103188528,255.098623624241
8.8,60,0,3347.66798719385,67.5714924278319,3,1.00031170622849,1.00031170622849,255.007614898053,255.08710235993
8.81,60,0,3349.26631223648,67.6123776509565,3,1.00032335403547,1.00032335403547,254.993132683535,255.075585742004
8.82,60,0,3350.86395489669,67.6532541512191,3,1.00033499755423,1.00033499755423,254.978656542238,255.06407376856
8.83,60,0,3352.46091551562,67.6941219269528,3,1.00034663678647,1.00034663678647,254.964186471432,255.052566437696
8.84,60,0,3354.05719443413,67.734980976493,3,1.00035827173389,1.00035827173389,254.949722468386,255.041063747509
8.85,60,0,3355.65279199276,67.7758312981775,3,1.00036990239818,1.00036990239818,254.935264530371,255.029565696101
8.86,60,0,3357.24770853175,67.8166728903466,3,1.00038152878102,1.00038152878102,254.920812654662,255.018072281572
8.87,60,0,3358.84194439102,67.8575057513431,3,1.00039315088412,1.00039315088412,254.906366838535,255.006583502025
8.88,60,0,3360.4354999102,67.8983298795121,3,1.00040476870915,1.00040476870915,254.891927079267,254.995099355564
8.89,60,0,3362.02837542861,67.9391452732013,3,1.00041638225781,1.00041638225781,254.877493374137,254.983619840293
8.9,60,0,3363.62057128524,67.9799519307605,3,1.00042799153177,1.00042799153177,254.863065720429,254.972144954318
8.91,60,0,3365.21208781882,68.0207498505423,3,1.00043959653272,1.00043959653272,254.848644115425,254.960674695747
8.92,60,0,3366.80292536773,68.0615390309015,3,1.00045119726235,1.00045119726235,254.834228556409,254.949209062688
8.93,60,0,3368.39308427007,68.1023194701954,3,1.00046279372234,1.00046279372234,254.819819040672,254.937748053251
8.94,60,0,3369.98256486364,68.1430911667838,3,1.00047438591435,1.00047438591435,254.805415565501,254.926291665546
8.95,60,0,3371.57136748591,68.1838541190288,3,1.00048597384008,1.00048597384008,254.791018128188,254.914839897685
8.96,60,0,3373.15949247409,68.2246083252949,3,1.00049755750119,1.00049755750119,254.776626726026,254.903392747782
8.97,60,0,3374.74694016505,68.2653537839493,3,1.00050913689937,1.00050913689937,254.762241356311,254.891950213951
8.98,60,0,3376.33371089538,68.3060904933613,3,1.00052071203628,1.00052071203628,254.74786201634,254.880512294308
8.99,60,0,3377.91980500134,68.3468184519029,3,1.00053228291359,1.00053228291359,254.733488703411,254.869078986968
9,60,0,3379.50522281894,68.3875376579482,3,1.00054384953299,1.00054384953299,254.719121414827,254.857650290051
9.01,60,0,3381.08996468384,68.4282481098742,3,1.00055541189612,1.00055541189612,254.704760147889,254.846226201675
9.02,60,0,3382.67403093142,68.4689498060598,3,1.00056697000467,1.00056697000467,254.690404899903,254.83480671996
9.03,60,0,3384.25742189677,68.5096427448867,3,1.0005785238603,1.0005785238603,254.676055668176,254.823391843028
9.04,60,0,3385.84013791467,68.550326924739,3,1.00059007346467,1.00059007346467,254.661712450016,254.811981569001
9.05,60,0,3387.4221793196,68.591002344003,3,1.00060161881945,1.00060161881945,254.647375242734,254.800575896004
9.06,60,0,3389.00354644574,68.6316690010676,3,1.00061315992629,1.00061315992629,254.633044043642,254.78917482216
9.07,60,0,3390.58423962699,68.6723268943242,3,1.00062469678687,1.00062469678687,254.618718850055,254.777778345597
9.08,60,0,3392.16425919694,68.7129760221664,3,1.00063622940282,1.00063622940282,254.604399659289,254.766386464441
9.09,60,0,3393.74360548888,68.7536163829904,3,1.00064775777582,1.00064775777582,254.590086468663,254.754999176821
9.1,60,0,3395.32227883582,68.7942479751948,3,1.00065928190752,1.00065928190752,254.575779275497,254.743616480866
9.11,60,0,3396.90027957045,68.8348707971806,3,1.00067080179957,1.00067080179957,254.561478077111,254.732238374708
9.12,60,0,3398.47760802518,68.8754848473512,3,1.00068231745363,1.00068231745363,254.547182870832,254.720864856478
9.13,60,0,3400.05426453214,68.9160901241125,3,1.00069382887135,1.00069382887135,254.532893653984,254.709495924309
9.14,60,0,3401.63024942313,68.9566866258728,3,1.00070533605437,1.00070533605437,254.518610423895,254.698131576335
9.15,60,0,3403.2055630297,68.9972743510429,3,1.00071683900435,1.00071683900435,254.504333177894,254.686771810692
9.16,60,0,3404.78020568307,69.0378532980358,3,1.00072833772293,1.00072833772293,254.490061913315,254.675416625516
9.17,60,0,3406.35417771418,69.0784234652671,3,1.00073983221176,1.00073983221176,254.475796627488,254.664066018946
9.18,60,0,3407.92747945368,69.1189848511548,3,1.00075132247248,1.00075132247248,254.46153731775,254.652719989119
9.19,60,0,3409.50011123194,69.1595374541194,3,1.00076280850674,1.00076280850674,254.447283981439,254.641378534176
9.2,60,0,3411.07207337901,69.2000812725837,3,1.00077429031617,1.00077429031617,254.433036615892,254.630041652258
9.21,60,0,3412.64336622469,69.240616304973,3,1.00078576790243,1.00078576790243,254.41879521845,254.618709341507
9.22,60,0,3414.21399009844,69.281142549715,3,1.00079724126713,1.00079724126713,254.404559786458,254.607381600067
9.23,60,0,3415.78394532947,69.3216600052398,3,1.00080871041194,1.00080871041194,254.390330317258,254.596058426082
9.24,60,0,3417.35323224669,69.3621686699799,3,1.00082017533847,1.00082017533847,254.376106808199,254.584739817698
9.25,60,0,3418.92185117871,69.4026685423705,3,1.00083163604836,1.00083163604836,254.361889256627,254.573425773062
9.26,60,0,3420.48980245387,69.4431596208488,3,1.00084309254325,1.00084309254325,254.347677659892,254.562116290321
9.27,60,0,3422.0570864002,69.4836419038548,3,1.00085454482477,1.00085454482477,254.333472015348,254.550811367626
9.28,60,0,3423.62370334546,69.5241153898306,3,1.00086599289455,1.00086599289455,254.319272320349,254.539511003126
9.29,60,0,3425.18965361713,69.564580077221,3,1.00087743675422,1.00087743675422,254.305078572249,254.528215194972
9.3,60,0,3426.75493754238,69.605035964473,3,1.0008888764054,1.0008888764054,254.290890768406,254.516923941318
9.31,60,0,3428.3195554481,69.6454830500363,3,1.00090031184972,1.00090031184972,254.27670890618,254.505637240316
9.32,60,0,3429.88350766092,69.6859213323627,3,1.00091174308881,1.00091174308881,254.262532982932,254.494355090122
9.33,60,0,3431.44679450714,69.7263508099067,3,1.00092317012429,1.00092317012429,254.248362996025,254.483077488892
9.34,60,0,3433.00941631283,69.766771481125,3,1.00093459295778,1.00093459295778,254.234198942825,254.471804434782
9.35,60,0,3434.57137340372,69.807183344477,3,1.0009460115909,1.0009460115909,254.220040820696,254.460535925951
9.36,60,0,3436.13266610529,69.8475863984242,3,1.00095742602527,1.00095742602527,254.20588862701,254.449271960558
9.37,60,0,3437.69329474274,69.8879806414308,3,1.00096883626251,1.00096883626251,254.191742359136,254.438012536764
9.38,60,0,3439.25325964097,69.9283660719633,3,1.00098024230424,1.00098024230424,254.177602014445,254.426757652729
9.39,60,0,3440.8125611246,69.9687426884905,3,1.00099164415206,1.00099164415206,254.163467590314,254.415507306618
9.4,60,0,3442.372908163,70.0091097639871,3,1.00100149759393,1.00100149759393,254.113913397987,254.368407870839
9.41,60,0,3443.97072307075,70.0494517677463,3,1.00100665097837,1.00100665097837,254.002860977205,254.258553205717
9.42,60,0,3445.60256285868,70.0897699695374,3,1.00101132959757,1.00101132959757,253.92890246036,254.185708275097
9.43,60,0,3447.25498410916,70.1300699427888,3,1.00101571709309,1.00101571709309,253.877626166495,254.135494010944
9.44,60,0,3448.91976363452,70.1703550962438,3,1.00101992576445,1.00101992576445,253.840233263264,254.099131457223
9.45,60,0,3450.59186728749,70.210627516255,3,1.00102402433831,1.00102402433831,253.811345296117,254.07125429104
9.46,60,0,3452.26821115978,70.2508884804827,3,1.00102805490246,1.00102805490246,253.787671588406,254.048579248366
9.47,60,0,3453.94690497717,70.2911387716361,3,1.00103204324603,1.00103204324603,253.767197347222,254.029096069309
9.48,60,0,3455.62678951645,70.3313788692907,4,1.3728423592969,1.3728423592969,552.289852631334,758.206904302137
9.49,60,0,3333.80439120486,70.4151441680673,4,1.33634470540027,1.33634470540027,501.743133534833,670.501779970213
9.5,60,0,3232.90755051528,70.4889029455893,4,1.30396947315156,1.30396947315156,461.921576783276,602.331635115425
9.51,60,0,3148.83553962216,70.5548214376481,4,1.27534101861139,1.27534101861139,430.139983900323,548.575165212924
9.52,60,0,3078.9568795109,70.6145404526447,4,1.25020794285977,1.25020794285977,404.363111258774,505.537973495208
9.53,60,0,3021.10839722462,70.6691259624696,4,1.22808323147028,1.22808323147028,382.214322745827,469.391000591919
9.54,60,0,2973.19712252953,70.7195323217918,4,1.20902270129991,1.20902270129991,364.415465122153,440.586570037449
9.55,60,0,2933.33031133175,70.7665891091749,4,1.19260353138578,1.19260353138578,349.973255116259,417.379339942228
9.56,60,0,2900.03135179313,70.8109336929771,4,1.1784592361094,1.1784592361094,338.159602845093,398.507307251888
9.57,60,0,2872.13284950451,70.8530630844713,4,1.16627253045161,1.16627253045161,328.430342732161,383.039286895328
9.58,60,0,2848.70136780521,70.89336982444,4,1.15576906861071,1.15576906861071,320.371794464641,370.275810497539
9.59,60,0,2828.98330065718,70.9321673709151,4,1.14671192783244,1.14671192783244,313.66474122872,359.683100107448
9.6,60,0,2812.3651908101,70.9697084166985,4,1.13889674552788,1.13889674552788,308.059603119267,350.848079421144
9.61,60,0,2798.34413408206,71.0061983424293,4,1.13214743731455,1.13214743731455,303.358979873646,343.447091650303
9.62,60,0,2786.50536273456,71.0418052571768,4,1.12631243460941,1.12631243460941,299.405149693778,337.223743086193
9.63,60,0,2776.50502902923,71.0766676023378,4,1.12126138718066,1.12126138718066,296.070966675083,331.972942798022
9.64,60,0,2768.05681637882,71.1108999870586,4,1.11688228089701,1.11688228089701,293.253130627745,327.529225415705
9.65,60,0,2760.92140956282,71.1445977207421,4,1.11307892492493,1.11307892492493,290.86714027422,323.758083792417
9.66,60,0,2754.8981296674,71.1778403722098,4,1.10976876632712,1.10976876632712,288.843459169564,320.549449344265
9.67,60,0,2749.81822859501,71.2106945922894,4,1.10688099360416,1.10688099360416,287.124567709978,317.812726794987
9.68,60,0,2745.53947054504,71.2432163722952,4,1.10435489423733,1.10435489423733,285.662671185923,315.472969025084
9.69,60,0,2741.94172208474,71.2754528656678,4,1.10213843471046,1.10213843471046,284.417899624494,313.467898695776
9.7,60,0,2738.92334029963,71.3074438678345,4,1.10018703476835,1.10018703476835,283.35688061787,311.745566268183
9.71,60,0,2736.3981980248,71.3392230261239,4,1.09846251076702,1.09846251076702,282.451598156099,310.262491680707
9.72,60,0,2734.29322171229,71.3708188346073,4,1.09693216585471,1.09693216585471,281.678473039605,308.982177505981
9.73,60,0,2732.54845645044,71.4022547687299,4,1.09556354093986,1.09556354093986,280.99098185179,307.843475049716
9.74,60,0,2731.13488281966,71.4335437025207,4,1.09433942997614,1.09433942997614,280.357961855902,306.80677216666
9.75,60,0,2730.00781082193,71.4647032800664,4,1.09325100599834,1.09325100599834,279.822966900579,305.916740065498
9.76,60,0,2729.12185982294,71.4957508837189,4,1.09227712202974,1.09227712202974,279.370277980833,305.149763213553
9.77,60,0,2728.43890394955,71.5267011037458,4,1.09139993568099,1.09139993568099,278.986748865148,304.48611976727
9.78,60,0,2727.92689120839,71.5575661969104,4,1.09060439255273,1.09060439255273,278.661370396118,303.909314588769
9.79,60,0,2727.55886076795,71.5883564669941,4,1.08987779040658,1.08987779040658,278.384912674877,303.405533508623
9.8,60,0,2727.31212347889,71.6190805813147,4,1.08920941147916,1.08920941147916,278.149630078505,302.963194880954
9.81,60,0,2727.16757732533,71.6497458345541,4,1.08859021228632,1.08859021228632,277.94901726825,302.57257971282
9.82,60,0,2727.10913473957,71.680358369057,4,1.08801256192943,1.08801256192943,277.77760679515,302.225525615816
9.83,60,0,2727.12324289323,71.7109233590621,4,1.08747002131971,1.08747002131971,277.630800796609,301.915172861297
9.84,60,0,2727.19848143621,71.7414451649692,4,1.08695715692242,1.08695715692242,277.504730744923,301.635753163024
9.85,60,0,2727.32522486974,71.7719274626597,4,1.08646938362233,1.08646938362233,277.396140359775,301.382413635899
9.86,60,0,2727.4953589464,71.8023733520054,4,1.08600283215638,1.08600283215638,277.302287706935,301.151069813174
9.87,60,0,2727.70204229295,71.832785447988,4,1.08555423727133,1.08555423727133,277.220863230474,300.938282739857
9.88,60,0,2727.93950593092,71.8631659572687,4,1.08512084336519,1.08512084336519,277.149921047435,300.741156065588
9.89,60,0,2728.2028845881,71.8935167425682,4,1.08470032487804,1.08470032487804,277.087821303315,300.557249787453
9.9,60,0,2728.48807470103,71.9238393768252,4,1.08429071912576,1.08429071912576,277.033181767746,300.384507880646
9.91,60,0,2728.79161484297,71.9541351887748,4,1.08389036963078,1.08389036963078,276.984837160579,300.2211975321
9.92,60,0,2729.11058500512,71.9844053013203,4,1.08349787830842,1.08349787830842,276.941804953237,300.065858081738
9.93,60,0,2729.44252173658,72.0146506638483,4,1.08311206512431,1.08311206512431,276.903256599729,299.91725809538
9.94,60,0,2729.7853466298,72.0448720794499,4,1.08273193405461,1.08273193405461,276.868493324663,299.774359256199
9.95,60,0,2730.13730604125,72.0750702278561,4,1.0823566443639,1.0823566443639,276.83692573879,299.636285978656
9.96,60,0,2730.49692027372,72.1052456847669,4,1.08198548636937,1.08198548636937,276.808056671504,299.502299828678
9.97,60,0,2730.86294072886,72.1353989381422,4,1.08161786099018,1.08161786099018,276.781466708622,299.371777983104
9.98,60,0,2731.23431377541,72.1655304019366,4,1.08125326249033,1.08125326249033,276.756802006276,299.244195085678
9.99,60,0,2731.61015027712,72.195640427678,4,1.08089126391617,1.08089126391617,276.733764020587,299.119107960491
10,60,0,2731.98969989137,72.2257293142314,4,1.08053150480728,1.08053150480728,276.712100850413,298.996142730282
10.01,60,0,2732.37232938963,72.2557973160324,4,1.08017368082583,1.08017368082583,276.691599938711,298.874983959385
10.02,60,0,2732.76029135062,72.2858434667576,4,1.07978491777029,1.07978491777029,276.650128489877,298.722636242581
10.03,60,0,2733.16613414388,72.3158623788438,4,1.07937436165031,1.07937436165031,276.593990252644,298.54846166526
10.04,60,0,2733.58882190722,72.3458543665079,4,1.07897399061568,1.07897399061568,276.54472252626,298.384562847865
10.05,60,0,2734.02525903136,72.375820637089,4,1.07858203750489,1.07858203750489,276.501096760958,298.229116316772
10.06,60,0,2734.4729046245,72.4057621842077,4,1.07819705133156,1.07819705133156,276.462105070308,298.080626491723
10.07,60,0,2734.92967293064,72.4356798261824,4,1.07781784063684,1.07781784063684,276.426920472695,297.937866517773
10.08,60,0,2735.39385167534,72.4655742375166,4,1.07744342700536,1.07744342700536,276.394864331311,297.799829831808
10.09,60,0,2735.86403509745,72.4954459747152,4,1.0770730069179,1.0770730069179,276.365379678946,297.665690498811
10.1,60,0,2736.33906901552,72.5252954974536,4,1.07670592044339,1.07670592044339,276.338009356807,297.534770718014
10.11,60,0,2736.81800575903,72.5551231859407,4,1.07634162554183,1.07634162554183,276.312378093598,297.406514194593
10.12,60,0,2737.30006718797,72.5849293551613,4,1.07597967697157,1.07597967697157,276.288177811203,297.280464312362
10.13,60,0,2737.78461434546,72.6147142665607,4,1.07561970897446,1.07561970897446,276.265155573591,297.15624623785
10.14,60,0,2738.2711225511,72.6444781376331,4,1.07526142106168,1.07526142106168,276.243103701753,297.033552244837
10.15,60,0,2738.75916095755,72.674221149788,4,1.07490456634414,1.07490456634414,276.221851664143,296.912129677821
10.16,60,0,2739.24837576923,72.7039434548075,4,1.07454894195149,1.07454894195149,276.201259422813,296.791771078451
10.17,60,0,2739.7384764659,72.7336451801457,4,1.07419438116548,1.07419438116548,276.181211973327,296.672306085221
10.18,60,0,2740.22922449236,72.7633264332775,4,1.07384074696064,1.07384074696064,276.1616148638,296.5535947872
10.19,60,0,2740.72042397211,72.7929873052701,4,1.07348792670014,1.07348792670014,276.142390517138,296.435522270262
10.2,60,0,2741.21191408231,72.8226278737136,4,1.07313582778011,1.07313582778011,276.123475212263,296.317994141433
10.21,60,0,2741.70356279251,72.8522482051274,4,1.07278437405269,1.07278437405269,276.104816606038,296.200932855642
10.22,60,0,2742.19526172287,72.8818483569359,4,1.0724335028883,1.0724335028883,276.086371698919,296.084274700793
10.23,60,0,2742.68692192157,72.9114283790909,4,1.07208316276292,1.07208316276292,276.068105164751,295.967967322992
10.24,60,0,2743.17847039677,72.9409883154034,4,1.0717333112764,1.0717333112764,276.049987979457,295.851967695035
10.25,60,0,2743.66984726832,72.9705282046375,4,1.07138391352477,1.07138391352477,276.031996295054,295.73624044865
10.26,60,0,2744.16100342816,73.0000480814085,4,1.07103494076316,1.07103494076316,276.014110515056,295.62075650529
10.27,60,0,2744.65189861865,73.0295479769207,4,1.0706863693075,1.0706863693075,275.996314535214,295.505491951959
10.28,60,0,2745.14249985392,73.0590279195732,4,1.07033817963225,1.07033817963225,275.978595119979,295.390427118185
10.29,60,0,2745.63278012314,73.0884879354576,4,1.06999035562919,1.06999035562919,275.960941390413,295.275545818094
10.3,60,0,2746.12271732511,73.1179280487663,4,1.06964288399841,1.06964288399841,275.943344403602,295.160834728036
10.31,60,0,2746.61229339306,73.1473482821289,4,1.06929575374802,1.06929575374802,275.925796807205,295.046282875483
10.32,60,0,2747.10149357552,73.1767486568874,4,1.068948955783,1.068948955783,275.908292555706,294.931881219291
10.33,60,0,2747.59030584548,73.2061291933228,4,1.06860248256747,1.06860248256747,275.890826677327,294.817622304982
10.34,60,0,2748.07872041495,73.2354899108416,4,1.0682563278471,1.0682563278471,275.873395082565,294.703499981614
10.35,60,0,2748.56672933596,73.2648308281283,4,1.06791048642105,1.06791048642105,275.855994406893,294.589509169228
10.36,60,0,2749.05432617283,73.2941519632714,4,1.06756495395449,1.06756495395449,275.838621881542,294.475645667838
10.37,60,0,2749.54150573274,73.3234533338661,4,1.06721972682459,1.06721972682459,275.821275227329,294.36190600052
10.38,60,0,2750.02826384434,73.3527349570998,4,1.06687480199394,1.06687480199394,275.803952567429,294.248287284522
10.39,60,0,2750.51459717582,73.3819968498211,4,1.06653017690646,1.06653017690646,275.786652355705,294.13478712537
10.4,60,0,2751.00050308534,73.4112390285977,4,1.0661858494019,1.0661858494019,275.769373317813,294.021403529882
10.41,60,0,2751.48597949816,73.4404615097631,4,1.06584181764556,1.06584181764556,275.752114402809,293.908134834697
10.42,60,0,2751.97102480556,73.4696643094554,4,1.06549808007049,1.06549808007049,275.734874743382,293.794979647549
10.43,60,0,2752.45563778186,73.4988474436491,4,1.06515463532997,1.06515463532997,275.717653623173,293.681936799025
10.44,60,0,2752.93981751607,73.5280109281813,4,1.0648114822585,1.0648114822585,275.700450449915,293.569005302912
10.45,60,0,2753.42356335587,73.5571547787731,4,1.06446861983971,1.06446861983971,275.68326473336,293.456184323625
10.46,60,0,2753.9068748614,73.5862790110474,4,1.0641260471799,1.0641260471799,275.666096067133,293.343473149434
10.47,60,0,2754.38975176736,73.6153836405432,4,1.06378376348642,1.06378376348642,275.648944113825,293.230871170462
10.48,60,0,2754.87219395184,73.6444686827278,4,1.06344176804975,1.06344176804975,275.631808592731,293.118377860605
10.49,60,0,2755.35420141066,73.6735341530065,4,1.06310006022893,1.06310006022893,275.614689269774,293.005992762674
10.5,60,0,2755.83577423629,73.7025800667308,4,1.06275863943939,1.06275863943939,275.597585949225,292.893715476177
10.51,60,0,2756.31691260054,73.7316064392049,4,1.06241750514309,1.06241750514309,275.58049846689,292.781545647284
10.52,60,0,2756.79761674027,73.7606132856912,4,1.06207665684039,1.06207665684039,275.563426684515,292.669482960571
10.53,60,0,2757.27788694571,73.7896006214148,4,1.06173609406324,1.06173609406324,275.546370485183,292.557527132241
10.54,60,0,2757.75772355078,73.8185684615674,4,1.06139581636978,1.06139581636978,275.529329769528,292.445677904546
10.55,60,0,2758.2371269252,73.8475168213102,4,1.06105582333972,1.06105582333972,275.512304452624,292.333935041202
10.56,60,0,2758.7152006913,73.8764462051759,4,1.06073056623804,1.06073056623804,275.499908530045,292.231173973603
10.57,60,0,2759.19057679158,73.9053574174827,4,1.06040727829298,1.06040727829298,275.487632011279,292.129090064458
10.58,60,0,2759.66361794518,73.9342503425203,4,1.06008321741815,1.06008321741815,275.47463814675,292.026040723708
10.59,60,0,2760.13465749625,73.963124869186,4,1.05975856381547,1.05975856381547,275.46105368534,291.922210640672
10.6,60,0,2760.60397113215,73.9919809081056,4,1.0594334664239,1.0594334664239,275.446983397528,291.81775243685
10.61,60,0,2761.07178687825,74.0208183878605,4,1.05910804833897,1.05910804833897,275.432513888344,291.71279223338
10.62,60,0,2761.53829335901,74.0496372518704,4,1.05878241129198,1.05878241129198,275.417716748557,291.607434251567
10.63,60,0,2762.00364662622,74.0784374558166,4,1.05845663935229,1.05845663935229,275.402651158943,291.501764614406
10.64,60,0,2762.46797580293,74.1072189655134,4,1.05813080198749,1.05813080198749,275.387366042592,291.395854487871
10.65,60,0,2762.93138774878,74.135981755148,4,1.05780495659289,1.05780495659289,275.371901843698,291.289762676675
10.66,60,0,2763.39397091633,74.1647258058263,4,1.05747915058248,1.05747915058248,275.356291997689,291.183537769257
10.67,60,0,2763.85579853898,74.1934511043713,4,1.05715342311744,1.05715342311744,275.340564146275,291.077219910323
10.68,60,0,2764.31693126618,74.2221576423292,4,1.05682780653509,1.05682780653509,275.32474114171,290.970842265636
10.69,60,0,2764.7774193421,74.2508454151488,4,1.05650232753018,1.05650232753018,275.308841876837,290.864432232515
10.7,60,0,2765.2373044066,74.2795144215023,4,1.05617700813153,1.05617700813153,275.292881971184,290.758012440232
10.71,60,0,2765.69662098437,74.3081646627249,4,1.05585186650957,1.05585186650957,275.276874338066,290.651601576767
10.72,60,0,2766.15539771599,74.3367961423505,4,1.05552691764391,1.05552691764391,275.260829653368,290.545215072125
10.73,60,0,2766.61365837582,74.3654088657288,4,1.05520217387539,1.05520217387539,275.244756743053,290.438865663073
10.74,60,0,2767.07142271366,74.394002839708,4,1.05487764536253,1.05487764536253,275.228662903503,290.332563859924
10.75,60,0,2767.52870715064,74.4225780723733,4,1.05455334045895,1.05455334045895,275.212554166344,290.226318332358
10.76,60,0,2767.98552535469,74.4511345728299,4,1.05422926602554,1.05422926602554,275.196435517381,290.120136228335
10.77,60,0,2768.44188871641,74.4796723510242,4,1.05390542768853,1.05390542768853,275.180311077607,290.014023437707
10.78,60,0,2768.89780674256,74.5081914175956,4,1.05358183005294,1.05358183005294,275.16418425285,289.90798481014
10.79,60,0,2769.35328738154,74.5366917837542,4,1.05325847687915,1.05325847687915,275.148057857513,289.802024335261
10.8,60,0,2769.80833729249,74.5651734611796,4,1.0529353712289,1.0529353712289,275.131934216882,289.696145291579
10.81,60,0,2770.2629620679,74.593636461937,4,1.05261251558603,1.05261251558603,275.115815251721,289.590350369616
10.82,60,0,2770.71716641774,74.6220807984084,4,1.05228991195636,1.05228991195636,275.099702548227,289.484641773695
10.83,60,0,2771.17095432168,74.6505064832349,4,1.05196756195034,1.05196756195034,275.083597415874,289.379021306107
10.84,60,0,2771.62432915513,74.6789135292699,4,1.05164546685136,1.05164546685136,275.067500935256,289.273490436694
10.85,60,0,2772.07729379334,74.7073019495395,4,1.05132362767229,1.05132362767229,275.051413997641,289.168050360392
10.86,60,0,2772.52985069762,74.7356717572105,4,1.05100204520224,1.05100204520224,275.035337337697,289.062702044807
10.87,60,0,2772.98200198667,74.7640229655634,4,1.05068072004527,1.05068072004527,275.019271560545,288.957446269559
10.88,60,0,2773.43374949549,74.7923555879705,4,1.05035965265238,1.05035965265238,275.003217164143,288.852283658817
10.89,60,0,2773.88509482426,74.8206696378775,4,1.05003884334798,1.05003884334798,274.987174557801,288.747214708203
10.9,60,0,2774.33603937862,74.8489651287881,4,1.04971829235182,1.04971829235182,274.971144077485,288.642239807044
10.91,60,0,2774.78658440314,74.8772420742519,4,1.0493979997971,1.0493979997971,274.95512599849,288.537359256775
10.92,60,0,2775.23673100893,74.9055004878541,4,1.04907796574548,1.04907796574548,274.939120545914,288.432573286159
10.93,60,0,2775.68648019651,74.9337403832063,4,1.04875819019949,1.04875819019949,274.923127903328,288.327882063876
10.94,60,0,2776.13583287472,74.9619617739403,4,1.04843867311278,1.04843867311278,274.90714821994,288.223285708932
10.95,60,0,2776.58478987639,74.9901646737015,4,1.04811941439866,1.04811941439866,274.891181616535,288.118784299278
10.96,60,0,2777.03335197131,75.0183490961446,4,1.04780041393708,1.04780041393708,274.875228190377,288.014377878926
10.97,60,0,2777.48151987692,75.0465150549292,4,1.0474816715805,1.0474816715805,274.859288019271,287.910066463853
10.98,60,0,2777.92929426723,75.0746625637168,4,1.04716318715867,1.04716318715867,274.843361164926,287.805850046864
10.99,60,0,2778.37667578012,75.1027916361679,4,1.04684496048263,1.04684496048263,274.827447675726,287.701728601637
11,60,0,2778.82366502343,75.1309022859399,4,1.04652699134801,1.04652699134801,274.811547589042,287.597702086049
11.01,60,0,2779.27026258002,75.158994526685,4,1.04620927953775,1.04620927953775,274.795660933125,287.493770444945
11.02,60,0,2779.71646901191,75.1870683720489,4,1.04589182482439,1.04589182482439,274.779787728688,287.389933612416
11.03,60,0,2780.16228486373,75.2151238356694,4,1.04557462697191,1.04557462697191,274.763927990205,287.286191513694
11.04,60,0,2780.60771066558,75.2431609311756,4,1.04525768573726,1.04525768573726,274.748081726993,287.182544066708
11.05,60,0,2781.05274693539,75.2711796721864,4,1.04494100087171,1.04494100087171,274.732248944103,287.078991183386
11.06,60,0,2781.49739418088,75.2991800723106,4,1.04462457212184,1.04462457212184,274.716429643058,286.975532770719
11.07,60,0,2781.94165290118,75.3271621451458,4,1.04430839923047,1.04430839923047,274.700623822468,286.872168731652
11.08,60,0,2782.38552358817,75.3551259042781,4,1.04399248193734,1.04399248193734,274.684831478531,286.768898965811
11.09,60,0,2782.82900672759,75.3830713632817,4,1.04367681997975,1.04367681997975,274.669052605456,286.665723370113
11.1,60,0,2783.27210279996,75.4109985357184,4,1.04336141309305,1.04336141309305,274.653287195811,286.562641839271
11.11,60,0,2783.71481228135,75.4389074351377,4,1.04304626101102,1.04304626101102,274.637535240802,286.459654266201
11.12,60,0,2784.15983754345,75.4667979658024,4,1.0427773464576,1.0427773464576,274.608240467748,286.355252310349
11.13,60,0,2784.61097182987,75.4946702281703,4,1.0425192593522,1.0425192593522,274.579070569418,286.253969283644
11.14,60,0,2785.06711630453,75.5225246497023,4,1.04226379115929,1.04226379115929,274.552100924716,286.155713580544
11.15,60,0,2785.52728760633,75.5503615864593,4,1.04201049623315,1.04201049623315,274.526931943015,286.059944583306
11.16,60,0,2785.99068207998,75.5781813312593,4,1.04175901027246,1.04175901027246,274.503237136375,285.966220635777
11.17,60,0,2786.45664290854,75.6059841252527,4,1.04150903545183,1.04150903545183,274.480749724057,285.874180895198
11.18,60,0,2786.92463326633,75.6337701673746,4,1.041260328274,1.041260328274,274.459251696931,285.783530519783
11.19,60,0,2787.39421438716,75.661539622065,4,1.04101268964423,1.04101268964423,274.438564888652,285.694028576839
11.2,60,0,2787.86502764652,75.6892926255751,4,1.04076595676,1.04076595676,274.418543684308,285.605478170286
11.21,60,0,2788.33677992169,75.7170292911192,4,1.04051999648354,1.04051999648354,274.399069065536,285.517718379157
11.22,60,0,2788.80923162933,75.7447497130827,4,1.04027469992581,1.04027469992581,274.380043746598,285.430617674122
11.23,60,0,2789.28218695021,75.7724539704614,4,1.04002997802033,1.04002997802033,274.36138820118,285.344068540499
11.24,60,0,2789.75548584052,75.8001421296705,4,1.03978575790564,1.03978575790564,274.343037416504,285.257983086255
11.25,60,0,2790.22899750304,75.8278142468411,4,1.03954197996864,1.03954197996864,274.324938241403,285.172289454243
11.26,60,0,2790.70261505089,75.8554703696955,4,1.03929859542783,1.03929859542783,274.307047219527,285.086928891211
11.27,60,0,2791.17625114596,75.8831105390813,4,1.03905556435789,1.03905556435789,274.289328818791,285.001853353155
11.28,60,0,2791.6498344336,75.9107347902239,4,1.03881285407482,1.03881285407482,274.271753984525,284.917023548773
11.29,60,0,2792.12330662825,75.9383431537509,4,1.03857043781587,1.03857043781587,274.254298957078,284.832407340738
11.3,60,0,2792.59662013087,75.9659356565291,4,1.03832829366028,1.03832829366028,274.236944305465,284.747978439304
11.31,60,0,2793.06973608121,75.993512322349,4,1.03808640364697,1.03808640364697,274.219674137562,284.663715334706
11.32,60,0,2793.54262276527,76.021073172484,4,1.03784475305313,1.03784475305313,274.202475454539,284.579600424674
11.33,60,0,2794.0152543133,76.0486182261476,4,1.03760332980441,1.03760332980441,274.185337623182,284.49561930136
11.34,60,0,2794.48760963522,76.0761475008673,4,1.03736212399257,1.03736212399257,274.168251944533,284.411760168512
11.35,60,0,2794.95967155005,76.1036610127905,4,1.03712112748116,1.03712112748116,274.151211301274,284.328013365103
11.36,60,0,2795.43142607413,76.131158776934,4,1.03688033358294,1.03688033358294,274.134209869442,284.244370975923
11.37,60,0,2795.90286183892,76.1586408073882,4,1.03663973679622,1.03663973679622,274.117242882745,284.160826513274
11.38,60,0,2796.37396961501,76.1861071174849,4,1.0363993325891,1.0363993325891,274.100306439863,284.077374656743
11.39,60,0,2796.84474192271,76.2135577199331,4,1.03615911722312,1.03615911722312,274.083397346893,283.99401104047
11.4,60,0,2797.31517271367,76.2409926269313,4,1.03591908760891,1.03591908760891,274.066512988516,283.910732079219
11.41,60,0,2797.78525711039,76.2684118502585,4,1.03567924118825,1.03567924118825,274.049651222651,283.82753482618
11.42,60,0,2798.2549911932,76.2958154013492,4,1.0354395758375,1.0354395758375,274.032810294304,283.744416856692
11.43,60,0,2798.72437182602,76.3232032913542,4,1.03520008978863,1.03520008978863,274.015988765123,283.661376173174
11.44,60,0,2799.19339651375,76.3505755311909,4,1.03496078156464,1.03496078156464,273.999185455776,283.578411127384
11.45,60,0,2799.66206328571,76.3779321315842,4,1.03472164992672,1.03472164992672,273.982399398831,283.495520356841
11.46,60,0,2800.13037060024,76.4052731030994,4,1.03448269383103,1.03448269383103,273.965629800215,283.412702732841
11.47,60,0,2800.59831726661,76.4325984561705,4,1.03424391239327,1.03424391239327,273.94887600769,283.329957317933
11.48,60,0,2801.0659023812,76.4599082011217,4,1.03400530485983,1.03400530485983,273.932137485063,283.247283331147
11.49,60,0,2801.53312527522,76.4872023481862,4,1.03376687058402,1.03376687058402,273.915413791098,283.16468011955
11.5,60,0,2801.99998547199,76.5144809075212,4,1.03352860900677,1.03352860900677,273.898704562257,283.082147134986
11.51,60,0,2802.46648265195,76.5417438892197,4,1.03329051964073,1.03329051964073,273.882009498587,282.999683915044
11.52,60,0,2802.932616624,76.5689913033213,4,1.03305260205732,1.03305260205732,273.865328352169,282.917290067491
11.53,60,0,2803.39838730213,76.5962231598196,4,1.03281485587609,1.03281485587609,273.848660917669,282.834965257542
11.54,60,0,2803.8637946862,76.6234394686697,4,1.03257728075603,1.03257728075603,273.832007024611,282.752709197439
11.55,60,0,2804.32883884629,76.650640239793,4,1.0323398763885,1.0323398763885,273.815366531046,282.670521637932
11.56,60,0,2804.79351990981,76.6778254830821,4,1.03210264249136,1.03210264249136,273.798739318381,282.588402361303
11.57,60,0,2805.25783805104,76.7049952084047,4,1.03186557880421,1.03186557880421,273.782125287142,282.506351175664
11.58,60,0,2805.72179348251,76.7321494256058,4,1.03162868508453,1.03162868508453,273.765524353507,282.424367910285
11.59,60,0,2806.18538644796,76.7592881445112,4,1.03139196110444,1.03139196110444,273.748936446471,282.34245241178
11.6,60,0,2806.64861721654,76.7864113749289,4,1.03115540664812,1.03115540664812,273.732361505521,282.260604540976
11.61,60,0,2807.11148607815,76.8135191266509,4,1.03091902150964,1.03091902150964,273.715799478744,282.178824170357
11.62,60,0,2807.57399333956,76.8406114094545,4,1.03068280549125,1.03068280549125,273.699250321264,282.097111181972
11.63,60,0,2808.03613932121,76.8676882331035,4,1.03044675840189,1.03044675840189,273.682713993973,282.015465465721
11.64,60,0,2808.49792435467,76.8947496073493,4,1.03021088005607,1.03021088005607,273.666190462488,281.933886917951
11.65,60,0,2808.9593487805,76.9217955419313,4,1.02997517027287,1.02997517027287,273.649679696298,281.85237544031
11.66,60,0,2809.42041294652,76.9488260465777,4,1.02973962887517,1.02973962887517,273.633181668068,281.770930938808
11.67,60,0,2809.88111720637,76.975841131006,4,1.02950425568901,1.02950425568901,273.616696353066,281.689553323048
11.68,60,0,2810.34146191838,77.0028408049235,4,1.02926905054304,1.02926905054304,273.600223728693,281.608242505594
11.69,60,0,2810.80144744459,77.0298250780274,4,1.02903401326811,1.02903401326811,273.583763774103,281.526998401458
11.7,60,0,2811.26107415,77.0567939600054,4,1.0287991436969,1.0287991436969,273.567316469887,281.445820927678
11.71,60,0,2811.72034240188,77.0837474605357,4,1.02856444166364,1.02856444166364,273.55088179782,281.36471000297
11.72,60,0,2812.17925256933,77.1106855892873,4,1.02832990700386,1.02832990700386,273.534459740645,281.28366554745
11.73,60,0,2812.63780502275,77.1376083559201,4,1.02809553955422,1.02809553955422,273.518050281906,281.202687482395
11.74,60,0,2813.09833496216,77.1645149962185,4,1.02785322419817,1.02785322419817,273.484876670773,281.102312255492
11.75,60,0,2813.56932955928,77.1914027245672,4,1.02760995060669,1.02760995060669,273.444400961516,280.994187365739
11.76,60,0,2814.04957001855,77.2182719894446,4,1.02737149789789,1.02737149789789,273.408359492289,280.891955829397
11.77,60,0,2814.53711031063,77.2451234743016,4,1.02713692418932,1.02713692418932,273.375858937503,280.794438896679
11.78,60,0,2815.03039765984,77.2719577263017,4,1.02690547780971,1.02690547780971,273.346186795984,280.700696559191
11.79,60,0,2815.52819297319,77.2987751839167,4,1.02667655883478,1.02667655883478,273.318774711657,280.609979085904
11.8,60,0,2816.02950740114,77.3255761989225,4,1.02644968841212,1.02644968841212,273.293169256796,280.521688428799
11.81,60,0,2816.53355175055,77.3523610539358,4,1.02622448429486,1.02622448429486,273.269008652575,280.435347478257
11.82,60,0,2817.03969613993,77.3791299763964,4,1.02600064132573,1.02600064132573,273.246004215666,280.350575564968
11.83,60,0,2817.54743781912,77.4058831497187,4,1.02577791586819,1.02577791586819,273.223925568293,280.267068934768
11.84,60,0,2818.05637549781,77.4326207221854,4,1.02555611338534,1.02555611338534,273.202588846173,280.184585183895
11.85,60,0,2818.56618886453,77.4593428140423,4,1.02533507852948,1.02533507852948,273.181847295204,280.102930849256
11.86,60,0,2819.07662224488,77.4860495231579,4,1.02511468723402,1.02511468723402,273.161583771963,280.021951512745
11.87,60,0,2819.58747156129,77.5127409295393,4,1.02489484040291,1.02489484040291,273.141704761835,279.941523909259
11.88,60,0,2820.09857392651,77.5394170989349,4,1.02467545887442,1.02467545887442,273.122135607131,279.861549631999
11.89,60,0,2820.60979933818,77.5660780857097,4,1.02445647940169,1.02445647940169,273.102816700063,279.781950111233
11.9,60,0,2821.12104404975,77.5927239351395,4,1.02423785144451,1.02423785144451,273.083700445215,279.702662608522
11.91,60,0,2821.63222527912,77.6193546852425,4,1.02401953460848,1.02401953460848,273.064748835752,279.623637020769
11.92,60,0,2822.14327698465,77.6459703682406,4,1.02380149660083,1.02380149660083,273.045931519219,279.544833330145
11.93,60,0,2822.65414649304,77.672571011726,4,1.02358371159841,1.02358371159841,273.02722425392,279.466219569238
11.94,60,0,2823.16479180716,77.6991566395925,4,1.02336615894482,1.02336615894482,273.008607676898,279.38777019718
11.95,60,0,2823.67517945649,77.7257272727792,4,1.02314882211016,1.02314882211016,272.990066320573,279.309464803668
11.96,60,0,2824.18528278076,77.7522829298635,4,1.02293168786042,1.02293168786042,272.971587827771,279.231287074601
11.97,60,0,2824.69508055941,77.7788236275357,4,1.02271474559422,1.02271474559422,272.953162325102,279.153223966453
11.98,60,0,2825.20455591708,77.8053493809767,4,1.02249798681315,1.02249798681315,272.934781922689,279.075265047237
11.99,60,0,2825.71369544952,77.8318602041606,4,1.02228140469884,1.02228140469884,272.916440314767,278.997401970386
12,60,0,2826.22248852544,77.8583561100959,4,1.02206499377504,1.02206499377504,272.898132460776,278.919628054743
12.01,60,0,2826.73092672897,77.884837111018,4,1.02184874963791,1.02184874963791,272.879854330718,278.841937949221
12.02,60,0,2827.23900341419,77.9113032185433,4,1.02163266874044,1.02163266874044,272.861602701817,278.764327365051
12.03,60,0,2827.74671334938,77.937754443792,4,1.02141674822028,1.02141674822028,272.843374996131,278.686792861994
12.04,60,0,2828.25405243279,77.9641907974866,4,1.02120098576226,1.02120098576226,272.82516915086,278.609331677614
12.05,60,0,2828.76101746554,77.9906122900297,4,1.0209853794885,1.0209853794885,272.80698351477,278.53194159094
12.06,60,0,2829.26760597023,78.0170189315673,4,1.0207699278706,1.0207699278706,272.788816765458,278.454620813584
12.07,60,0,2829.77381604595,78.0434107320386,4,1.02055462965956,1.02055462965956,272.770667843266,278.377367902776
12.08,60,0,2830.27964625246,78.0697877012159,4,1.02033948382969,1.02033948382969,272.752535898489,278.300181691904
12.09,60,0,2830.78509551762,78.0961498487366,4,1.02012448953386,1.02012448953386,272.734420249201,278.223061235031
12.1,60,0,2831.29016306346,78.122497184129,4,1.0199096460677,1.0199096460677,272.716320347564,278.146005762569
12.11,60,0,2831.79484834703,78.1488297168323,4,1.01969495284099,1.01969495284099,272.698235752906,278.06901464588
12.12,60,0,2832.29915101313,78.1751474562132,4,1.01948040935482,1.01948040935482,272.680166110209,277.992087368978
12.13,60,0,2832.80307085662,78.2014504115788,4,1.01926601518334,1.01926601518334,272.662111132926,277.915223505935
12.14,60,0,2833.30660779215,78.2277385921873,4,1.0190517699591,1.0190517699591,272.644070589243,277.838422702821
12.15,60,0,2833.8097618301,78.2540120072558,4,1.01883767336142,1.01883767336142,272.626044291104,277.761684663274
12.16,60,0,2834.31253305724,78.2802706659674,4,1.01862372510704,1.01862372510704,272.608032085437,277.685009136968
12.17,60,0,2834.81492162134,78.3065145774764,4,1.01840992494269,1.01840992494269,272.590033847144,277.608395910396
12.18,60,0,2835.31692771883,78.3327437509127,4,1.01819627263908,1.01819627263908,272.572049473498,277.531844799511
12.19,60,0,2835.81855158492,78.3589581953848,4,1.01798276798616,1.01798276798616,272.554078879661,277.455355643834
12.2,60,0,2836.31979348577,78.385157919983,4,1.01776941078929,1.01776941078929,272.536121995105,277.378928301755
12.21,60,0,2836.82065371214,78.4113429337814,4,1.01755620086621,1.01755620086621,272.518178760746,277.302562646764
12.22,60,0,2837.32113257435,78.4375132458394,4,1.0173431380446,1.0173431380446,272.500249126661,277.226258564453
12.23,60,0,2837.8212303983,78.4636688652036,4,1.0171302221601,1.0171302221601,272.482333050253,277.150015950105
12.24,60,0,2838.32094752217,78.4898098009084,4,1.01691745305478,1.01691745305478,272.464430494788,277.07383470678
12.25,60,0,2838.82028429392,78.5159360619775,4,1.01670483057588,1.01670483057588,272.446541428229,276.997714743772
12.26,60,0,2839.31924106917,78.5420476574239,4,1.01649235457482,1.01649235457482,272.428665822297,276.921655975383
12.27,60,0,2839.81781820958,78.568144596251,4,1.0162800249064,1.0162800249064,272.410803651723,276.845658319945
12.28,60,0,2840.31601608151,78.5942268874529,4,1.01606784142814,1.01606784142814,272.392954893651,276.769721699025
12.29,60,0,2840.81383505499,78.6202945400149,4,1.01585580399981,1.01585580399981,272.375119527158,276.693846036806
12.3,60,0,2841.31127550286,78.6463475629135,4,1.01564391248298,1.01564391248298,272.357297532872,276.618031259577
12.31,60,0,2841.8083378001,78.6723859651171,4,1.01543216674071,1.01543216674071,272.339488892667,276.542277295339
12.32,60,0,2842.30502232329,78.6984097555855,4,1.0152205666373,1.0152205666373,272.321693589415,276.466584073474
12.33,60,0,2842.80132945017,78.724418943271,4,1.01500911203805,1.01500911203805,272.30391160679,276.390951524497
12.34,60,0,2843.29725955931,78.7504135371176,4,1.01479780280914,1.01479780280914,272.286142929118,276.315379579844
12.35,60,0,2843.79281302981,78.7763935460618,4,1.01458663881743,1.01458663881743,272.268387541241,276.239868171709
12.36,60,0,2844.28799024113,78.8023589790322,4,1.01437561993042,1.01437561993042,272.250645428424,276.164417232914
12.37,60,0,2844.78279157283,78.82830984495,4,1.0141647460161,1.0141647460161,272.232916576274,276.089026696799
12.38,60,0,2845.27721740453,78.8542461527287,4,1.01395401694295,1.01395401694295,272.215200970671,276.013696497145
12.39,60,0,2845.77126811569,78.8801679112743,4,1.01374343257982,1.01374343257982,272.197498597724,275.938426568099
12.4,60,0,2846.26494408562,78.9060751294853,4,1.01353299279593,1.01353299279593,272.179809443723,275.863216844122
12.41,60,0,2846.75824569334,78.931967816253,4,1.0133226974608,1.0133226974608,272.162133495108,275.788067259949
12.42,60,0,2847.25117331756,78.9578459804611,4,1.01311254644425,1.01311254644425,272.144470738446,275.71297775055
12.43,60,0,2847.7437273366,78.9837096309858,4,1.01290253961637,1.01290253961637,272.126821160405,275.637948251104
12.44,60,0,2848.23590812839,79.0095587766963,4,1.01269267684749,1.01269267684749,272.10918474774,275.562978696977
12.45,60,0,2848.72771607042,79.0353934264541,4,1.01248295800817,1.01248295800817,272.091561487278,275.488069023702
12.46,60,0,2849.21915153972,79.0612135891138,4,1.01227338296921,1.01227338296921,272.07395136591,275.413219166969
12.47,60,0,2849.71021491285,79.0870192735222,4,1.01206395160159,1.01206395160159,272.056354370577,275.33842906261
12.48,60,0,2850.20050296481,79.1128112235864,4,1.01190903658517,1.01190903658517,272.041449690308,275.281201267352
12.49,60,0,2850.68886705274,79.1385918228133,4,1.01177769657989,1.01177769657989,272.027109790783,275.230962551403
12.5,60,0,2851.17557491073,79.164361074644,4,1.01164602949221,1.01164602949221,272.012192168614,275.180054180851
12.51,60,0,2851.66088813137,79.190118902404,4,1.01151411410164,1.01151411410164,271.996811611166,275.128613935341
12.52,60,0,2852.14501737627,79.2158652454217,4,1.01138201382021,1.01138201382021,271.981060510296,275.07675269986
12.53,60,0,2852.62813231043,79.2416000559051,4,1.01124977969052,1.01124977969052,271.965013234595,275.024559717014
12.54,60,0,2853.11036959743,79.2673232964281,4,1.01111745279843,1.01111745279843,271.948729647551,274.972106813002
12.55,60,0,2853.59183933414,79.2930349379081,4,1.01098506621475,1.01098506621475,271.932257938518,274.919451797899
12.56,60,0,2854.0726302298,79.3187349579778,4,1.01085264655793,1.01085264655793,271.915636900781,274.866641201639
12.57,60,0,2854.55281377457,79.3444233396755,4,1.01072021525187,1.01072021525187,271.89889776476,274.813712475545
12.58,60,0,2855.032447595,79.3701000703905,4,1.01058778953829,1.01058778953829,271.882065673281,274.760695763866
12.59,60,0,2855.51157815499,79.3957651410142,4,1.01045538329162,1.01045538329162,271.865160868845,274.707615329367
12.6,60,0,2855.99024293015,79.4214185452574,4,1.01032300767501,1.01032300767501,271.848199649148,274.654490700563
12.61,60,0,2856.46847215817,79.4470602791,4,1.01019067166839,1.01019067166839,271.831195136145,274.601337595004
12.62,60,0,2856.94629024808,79.4726903403484,4,1.01005838249364,1.01005838249364,271.814157895044,274.548168662339
12.63,60,0,2857.42371691483,79.4983087282796,4,1.00992614595685,1.00992614595685,271.797096432555,274.494994082391
12.64,60,0,2857.90076809285,79.5239154433534,4,1.0097939667239,1.0097939667239,271.780017597954,274.441822046529
12.65,60,0,2858.37745667162,79.5495104869825,4,1.00966184854238,1.00966184854238,271.762926905952,274.388659145151
12.66,60,0,2858.85379308795,79.5750938613454,4,1.00952979442026,1.00952979442026,271.745828796598,274.335510679593
12.67,60,0,2859.32978580304,79.6006655692378,4,1.00939780676977,1.00939780676977,271.728726844538,274.28238091322
12.68,60,0,2859.80544168655,79.626225613951,4,1.00926588752327,1.00926588752327,271.711623927484,274.229273273562
12.69,60,0,2860.28076632598,79.6517739991753,4,1.00913403822657,1.00913403822657,271.694522361863,274.176190515067
12.7,60,0,2860.75576427583,79.6773107289218,4,1.00900226011409,1.00900226011409,271.677424012035,274.123134850118
12.71,60,0,2861.23043925831,79.7028358074594,4,1.00887055416939,1.00887055416939,271.660330378249,274.070108054543
12.72,60,0,2861.70479432494,79.7283492392638,4,1.00873892117392,1.00873892117392,271.643242667466,274.017111552564
12.73,60,0,2862.17883198682,79.7538510289772,4,1.00860736174631,1.00860736174631,271.626161850393,273.964146485202
12.74,60,0,2862.65255431951,79.7793411813747,4,1.00847587637402,1.00847587637402,271.609088707422,273.911213765368
12.75,60,0,2863.1259630475,79.8048197013385,4,1.00834446543879,1.00834446543879,271.592023865626,273.858314122224
12.76,60,0,2863.59905961236,79.8302865938359,4,1.00821312923721,1.00821312923721,271.574967828556,273.805448136921
12.77,60,0,2864.07184522753,79.8557418639026,4,1.00808186799722,1.00808186799722,271.557921000245,273.752616271369
12.78,60,0,2864.54432092257,79.8811855166286,4,1.00795068189152,1.00795068189152,271.540883704542,273.699818891418
12.79,60,0,2865.01648757872,79.9066175571471,4,1.00781957104821,1.00781957104821,271.523856200689,273.647056285534
12.8,60,0,2865.48834595766,79.9320379906255,4,1.00768853555953,1.00768853555953,271.506838695866,273.594328679835
12.81,60,0,2865.95989672459,79.957446822258,4,1.00755757548879,1.00755757548879,271.4898313553,273.541636250208
12.82,60,0,2866.43114046689,79.9828440572602,4,1.007426690876,1.007426690876,271.472834310416,273.48897913207
12.83,60,0,2866.90207770912,80.0082297008637,4,1.00729588174239,1.00729588174239,271.45584766539,273.436357428236
12.84,60,0,2867.37270892516,80.0336037583131,4,1.00716514809408,1.00716514809408,271.438871502443,273.383771215249
12.85,60,0,2867.84303454795,80.0589662348624,4,1.00703448992502,1.00703448992502,271.421905886103,273.33122054849
12.86,60,0,2868.31305497734,80.0843171357726,4,1.00690390721936,1.00690390721936,271.404950866634,273.278705466291
12.87,60,0,2868.78277058647,80.10965646631,4,1.00677339995332,1.00677339995332,271.388006482808,273.226225993251
12.88,60,0,2869.25218172683,80.1349842317443,4,1.00664296809682,1.00664296809682,271.371072764132,273.173782142905
12.89,60,0,2869.72128873246,80.1603004373474,4,1.00651261161464,1.00651261161464,271.354149732647,273.121373919877
12.9,60,0,2870.19009192317,80.1856050883925,4,1.00638233046746,1.00638233046746,271.337237404378,273.06900132162
12.91,60,0,2870.65859160731,80.2108981901531,4,1.00625212461266,1.00625212461266,271.320335790498,273.016664339809
12.92,60,0,2871.12678808387,80.2361797479024,4,1.00612199400497,1.00612199400497,271.303444898275,272.964362961471
12.93,60,0,2871.59468164428,80.2614497669127,4,1.00599193859701,1.00599193859701,271.286564731826,272.912097169893
12.94,60,0,2872.06227257374,80.286708252455,4,1.00586195833968,1.00586195833968,271.26969529273,272.859866945354
12.95,60,0,2872.52956115241,80.3119552097989,4,1.00573205318254,1.00573205318254,271.252836580525,272.807672265719
12.96,60,0,2872.99654765632,80.3371906442117,4,1.00560222307405,1.00560222307405,271.2359885931,272.755513106908
12.97,60,0,2873.46323235808,80.3624145609588,4,1.00547246796182,1.00547246796182,271.219151327019,272.703389443287
12.98,60,0,2873.9296155275,80.3876269653031,4,1.00534278779277,1.00534278779277,271.20232477778,272.651301247973
12.99,60,0,2874.39569743205,80.4128278625053,4,1.00521318251329,1.00521318251329,271.185508940021,272.599248493085
13,60,0,2874.86147833727,80.4380172578231,4,1.00508365206935,1.00508365206935,271.16870380769,272.547231149945
13.01,60,0,2875.32695850704,80.4631951565119,4,1.00495419640658,1.00495419640658,271.151909374181,272.495249189241
13.02,60,0,2875.79213820391,80.4883615638241,4,1.00482481547037,1.00482481547037,271.135125632441,272.443302581155
13.03,60,0,2876.2570176892,80.5135164850093,4,1.00469550920592,1.00469550920592,271.118352575061,272.391391295471
13.04,60,0,2876.72159722326,80.5386599253143,4,1.00456627755827,1.00456627755827,271.101590194345,272.339515301661
13.05,60,0,2877.18587706554,80.563791889983,4,1.00443712047238,1.00443712047238,271.084838482369,272.287674568951
13.06,60,0,2877.64985747473,80.5889123842563,4,1.00430803789313,1.00430803789313,271.068097431025,272.235869066376
13.07,60,0,2878.11353870884,80.6140214133722,4,1.00417902976536,1.00417902976536,271.051367032061,272.184098762829
13.08,60,0,2878.57692102524,80.6391189825655,4,1.00405009603388,1.00405009603388,271.03464727711,272.13236362709
13.09,60,0,2879.04000468077,80.6642050970684,4,1.0039212366435,1.0039212366435,271.017938157714,272.080663627863
13.1,60,0,2879.50278993174,80.6892797621098,4,1.00379245153903,1.00379245153903,271.001239665343,272.028998733791
13.11,60,0,2879.96527703401,80.7143429829156,4,1.00366374066532,1.00366374066532,270.984551791413,271.977368913483
13.12,60,0,2880.42746624296,80.7393947647089,4,1.00353510396721,1.00353510396721,270.967874527295,271.925774135522
13.13,60,0,2880.88935781357,80.7644351127095,4,1.0034065413896,1.0034065413896,270.951207864331,271.874214368484
13.14,60,0,2881.35095200042,80.7894640321343,4,1.00327805287743,1.00327805287743,270.934551793836,271.82268958094
13.15,60,0,2881.8122490577,80.8144815281972,4,1.00314963837568,1.00314963837568,270.91790630711,271.771199741473
13.16,60,0,2882.27324923922,80.8394876061092,4,1.00302129782936,1.00302129782936,270.901271395439,271.719744818675
13.17,60,0,2882.73395279845,80.864482271078,4,1.00289303118355,1.00289303118355,270.884647050101,271.668324781162
13.18,60,0,2883.1943599885,80.8894655283084,4,1.00276483838338,1.00276483838338,270.868033262374,271.616939597569
13.19,60,0,2883.65447106211,80.9144373830022,4,1.00263671937404,1.00263671937404,270.851430023529,271.565589236559
13.2,60,0,2884.11428627172,80.9393978403582,4,1.00250867410077,1.00250867410077,270.834837324842,271.514273666824
13.21,60,0,2884.57380586942,80.9643469055721,4,1.00238070250885,1.00238070250885,270.81825515759,271.462992857086
13.22,60,0,2885.03303010694,80.9892845838367,4,1.00225280454365,1.00225280454365,270.801683513056,271.411746776103
13.23,60,0,2885.49195923573,81.0142108803418,4,1.00212498015058,1.00212498015058,270.785122382527,271.360535392663
13.24,60,0,2885.95067501798,81.0391257897636,4,1.002,1.002,270.767249230352,271.308783728813
13.25,60,0,2886.42263814281,81.0640277680332,4,1.002,1.002,270.695470597286,271.23686153848
13.26,60,0,2886.91601033998,81.0889165466089,4,1.002,1.002,270.636259851263,271.177532370965
13.27,60,0,2887.42549144445,81.1137935437528,4,1.002,1.002,270.586539731838,271.127712811302
13.28,60,0,2887.94707947781,81.138659830612,4,1.002,1.002,270.543988630252,271.085076607512
13.29,60,0,2888.47775206831,81.1635162164139,4,1.002,1.002,270.506854463097,271.047868172023
13.3,60,0,2889.01522626583,81.188363312693,4,1.002,1.002,270.473814604826,271.014762234036
13.31,60,0,2889.55777738146,81.2132015817323,4,1.002,1.002,270.443870397267,270.984758138061
13.32,60,0,2890.10410229842,81.2380313731099,4,1.002,1.002,270.416267650673,270.957100185974
13.33,60,0,2890.65321630747,81.2628529512831,4,1.002,1.002,270.390436702564,270.93121757597
13.34,60,0,2891.2043752259,81.2876665164095,4,1.002,1.002,270.365947204853,270.906679099262
13.35,60,0,2891.75701659137,81.3124722200695,4,1.002,1.002,270.342474009288,270.883158957307
13.36,60,0,2892.31071525103,81.337270177139,4,1.002,1.002,270.319771420049,270.860410962889
13.37,60,0,2892.86514981664,81.3620604747568,4,1.002,1.002,270.297653756926,270.838249064439
13.38,60,0,2893.42007732368,81.3868431790996,4,1.002,1.002,270.275980679574,270.816532640933
13.39,60,0,2893.97531408538,81.4116183404992,4,1.002,1.002,270.254646104735,270.795155396945
13.4,60,0,2894.53072122573,81.4363859973107,4,1.002,1.002,270.233569835539,270.77403697521
13.41,60,0,2895.08619374653,81.4611461788344,4,1.002,1.002,270.212691238346,270.753116620823
13.42,60,0,2895.64165226443,81.4858989075244,4,1.002,1.002,270.191964465691,270.732348394622
13.43,60,0,2896.19703676521,81.5106442006586,4,1.002,1.002,270.171354846861,270.711697556554
13.44,60,0,2896.75230188237,81.5353820716001,4,1.002,1.002,270.150836160407,270.691137832727
13.45,60,0,2897.3074133276,81.5601125307519,4,1.002,1.002,270.130388572877,270.670649350022
13.46,60,0,2897.86234519198,81.5848355862777,4,1.002,1.002,270.109997080875,270.650217075036
13.47,60,0,2898.41707790514,81.6095512446474,4,1.002,1.002,270.08965033343,270.629829634096
13.48,60,0,2898.97159669196,81.6342595110502,4,1.002,1.002,270.069339741744,270.609478421227
13.49,60,0,2899.52589040535,81.6589603897056,4,1.002,1.002,270.049058806131,270.589156923744
13.5,60,0,2900.07995064338,81.6836538841001,4,1.002,1.002,270.028802607107,270.568860212321
13.51,60,0,2900.63377108145,81.7083399971654,4,1.002,1.002,270.008567420558,270.548584555399
13.52,60,0,2901.18734696706,81.7330187314135,4,1.002,1.002,269.98835042672,270.528327127573
13.53,60,0,2901.74067473754,81.7576900890386,4,1.002,1.002,269.968149490061,270.508085789041
13.54,60,0,2902.29375173083,81.7823540719947,4,1.002,1.002,269.947962992799,270.487858918785
13.55,60,0,2902.84657596663,81.8070106820541,4,1.002,1.002,269.927789708952,270.46764528837
13.56,60,0,2903.39914598072,81.8316599208514,4,1.002,1.002,269.907628709062,270.44744396648
13.57,60,0,2903.95146069961,81.8563017899172,4,1.002,1.002,269.887479288107,270.427254246683
13.58,60,0,2904.50351934568,81.8809362907033,4,1.002,1.002,269.86734091095,270.407075592772
13.59,60,0,2905.05532136526,81.9055634246021,4,1.002,1.002,269.847213171064,270.386907597406
13.6,60,0,2905.60686637436,81.9301831929611,4,1.002,1.002,269.827095759293,270.366749950811
13.61,60,0,2906.15815411739,81.9547955970935,4,1.002,1.002,269.806988440203,270.346602417083
13.62,60,0,2906.70918443606,81.9794006382872,4,1.002,1.002,269.78689103419,270.326464816259
13.63,60,0,2907.2599572457,82.0039983178106,4,1.002,1.002,269.76680340393,270.306337010738
13.64,60,0,2907.81047251745,82.0285886369176,4,1.002,1.002,269.746725444116,270.286218895004
13.65,60,0,2908.36073026464,82.0531715968512,4,1.002,1.002,269.726657073701,270.266110387848
13.66,60,0,2908.91073053262,82.0777471988461,4,1.002,1.002,269.706598230008,270.246011426468
13.67,60,0,2909.4604733909,82.1023154441309,4,1.002,1.002,269.686548864285,270.225921962014
13.68,60,0,2910.00995892731,82.1268763339296,4,1.002,1.002,269.666508938324,270.205841956201
13.69,60,0,2910.55918724354,82.151429869463,4,1.002,1.002,269.646478421912,270.185771378756
13.7,60,0,2911.10815845175,82.1759760519494,4,1.002,1.002,269.626457290894,270.165710205476
13.71,60,0,2911.65687267201,82.2005148826051,4,1.002,1.002,269.606445525706,270.145658416758
13.72,60,0,2912.20533003034,82.2250463626456,4,1.002,1.002,269.586443110266,270.125615996487
13.73,60,0,2912.75353065727,82.249570493285,4,1.002,1.002,269.566450031132,270.105582931194
13.74,60,0,2913.30147468671,82.2740872757373,4,1.002,1.002,269.546466276863,270.085559209417
13.75,60,0,2913.84916225511,82.2985967112159,4,1.002,1.002,269.526491837537,270.065544821212
13.76,60,0,2914.39659350081,82.3230988009341,4,1.002,1.002,269.506526704386,270.045539757795
13.77,60,0,2914.94376856354,82.3475935461052,4,1.002,1.002,269.486570869514,270.025544011253
13.78,60,0,2915.4906875841,82.3720809479425,4,1.002,1.002,269.466624325692,270.005557574343
13.79,60,0,2916.03735070402,82.3965610076595,4,1.002,1.002,269.446687066194,269.985580440327
13.8,60,0,2916.58375806541,82.4210337264699,4,1.002,1.002,269.426759084681,269.96561260285
13.81,60,0,2917.12990981074,82.4454991055875,4,1.002,1.002,269.406840375101,269.945654055851
13.82,60,0,2917.67580608276,82.4699571462265,4,1.002,1.002,269.386930931628,269.925704793492
13.83,60,0,2918.22144702439,82.4944078496014,4,1.002,1.002,269.367030748607,269.905764810104
13.84,60,0,2918.76683277866,82.518851216927,4,1.002,1.002,269.34713982051,269.885834100151
13.85,60,0,2919.31196348863,82.5432872494184,4,1.002,1.002,269.32725814191,269.865912658194
13.86,60,0,2919.85683929739,82.5677159482909,4,1.002,1.002,269.307385707457,269.846000478872
13.87,60,0,2920.40146034801,82.5921373147605,4,1.002,1.002,269.287522511859,269.826097556883
13.88,60,0,2920.9458267835,82.6165513500431,4,1.002,1.002,269.26766854987,269.80620388697
13.89,60,0,2921.48993874682,82.6409580553554,4,1.002,1.002,269.24782381628,269.786319463912
13.9,60,0,2922.03379638086,82.665357431914,4,1.002,1.002,269.227988305906,269.766444282518
13.91,60,0,2922.57739982841,82.6897494809364,4,1.002,1.002,269.20816201359,269.746578337617
13.92,60,0,2923.12074923217,82.7141342036399,4,1.002,1.002,269.188344934189,269.726721624058
13.93,60,0,2923.66384473476,82.7385116012426,4,1.002,1.002,269.168537062577,269.706874136702
13.94,60,0,2924.20668647869,82.7628816749628,4,1.002,1.002,269.148738393637,269.687035870424
13.95,60,0,2924.74927460635,82.787244426019,4,1.002,1.002,269.128948922265,269.66720682011
13.96,60,0,2925.29160926003,82.8115998556304,4,1.002,1.002,269.109168643364,269.647386980651
13.97,60,0,2925.83369058192,82.8359479650163,4,1.002,1.002,269.089397551846,269.627576346949
13.98,60,0,2926.3755187141,82.8602887553965,4,1.002,1.002,269.069635642628,269.607774913913
13.99,60,0,2926.91709379851,82.8846222279911,4,1.002,1.002,269.049882910633,269.587982676455
14,60,0,2927.45841597702,82.9089483840206,4,1.002,1.002,269.030139350792,269.568199629494
14.01,60,0,2927.99948539134,82.9332672247059,4,1.002,1.002,269.010404958038,269.548425767954
14.02,60,0,2928.54030218311,82.9575787512681,4,1.002,1.002,268.990679727312,269.528661086767
14.03,60,0,2929.08086649382,82.981882964929,4,1.002,1.002,268.970963653556,269.508905580864
14.04,60,0,2929.62117846488,83.0061798669104,4,1.002,1.002,268.95125673172,269.489159245184
14.05,60,0,2930.16123823756,83.0304694584346,4,1.002,1.002,268.931558956757,269.469422074671
14.06,60,0,2930.70104595302,83.0547517407245,4,1.002,1.002,268.911870323624,269.449694064271
14.07,60,0,2931.24060175231,83.0790267150029,4,1.002,1.002,268.892190827281,269.429975208936
14.08,60,0,2931.77990577637,83.1032943824934,4,1.002,1.002,268.872520462695,269.410265503621
14.09,60,0,2932.31895816603,83.1275547444197,4,1.002,1.002,268.852859224836,269.390564943285
14.1,60,0,2932.85775906198,83.151807802006,4,1.002,1.002,268.833207108676,269.370873522894
14.11,60,0,2933.39630860483,83.1760535564768,4,1.002,1.002,268.813564109194,269.351191237413
14.12,60,0,2933.93460693506,83.2002920090571,4,1.002,1.002,268.793930221372,269.331518081815
14.13,60,0,2934.47265419303,83.2245231609719,4,1.002,1.002,268.774305440195,269.311854051076
14.14,60,0,2935.01045051901,83.248747013447,4,1.002,1.002,268.754689760653,269.292199140175
14.15,60,0,2935.54799605311,83.2729635677083,4,1.002,1.002,268.73508317774,269.272553344096
14.16,60,0,2936.08529093539,83.2971728249821,4,1.002,1.002,268.715485686453,269.252916657826
14.17,60,0,2936.62233530575,83.3213747864953,4,1.002,1.002,268.695897281794,269.233289076358
14.18,60,0,2937.15912930399,83.3455694534747,4,1.002,1.002,268.676317958769,269.213670594686
14.19,60,0,2937.6956730698,83.3697568271479,4,1.002,1.002,268.656747712386,269.194061207811
14.2,60,0,2938.23196674276,83.3939369087427,4,1.002,1.002,268.63718653766,269.174460910735
14.21,60,0,2938.76801046234,83.4181096994872,4,1.002,1.002,268.617634429606,269.154869698465
14.22,60,0,2939.30380436788,83.4422752006099,4,1.002,1.002,268.598091383248,269.135287566014
14.23,60,0,2939.83934859862,83.4664334133398,4,1.002,1.002,268.578557393609,269.115714508396
14.24,60,0,2940.37464329369,83.490584338906,4,1.002,1.002,268.559032455719,269.09615052063
14.25,60,0,2940.90968859211,83.5147279785381,4,1.002,1.002,268.53951656461,269.07659559774
14.26,60,0,2941.44448463279,83.5388643334662,4,1.002,1.002,268.520009715321,269.057049734751
14.27,60,0,2941.9790315545,83.5629934049205,4,1.002,1.002,268.50051190289,269.037512926695
14.28,60,0,2942.51332949594,83.5871151941318,4,1.002,1.002,268.481023122362,269.017985168607
14.29,60,0,2943.04640863301,83.6112298456265,4,1.00199153721449,1.00199153721449,268.466066210774,269.000726372459
14.3,60,0,2943.57725254316,83.6353374702834,4,1.0019821456721,1.0019821456721,268.450568141352,268.982676273167
14.31,60,0,2944.10630337704,83.6594379477142,4,1.00197271194839,1.00197271194839,268.434245690892,268.963789134724
14.32,60,0,2944.63391763597,83.6835311831228,4,1.00196324668483,1.00196324668483,268.417291692436,268.944261050501
14.33,60,0,2945.16036938778,83.7076171039864,4,1.00195375806018,1.00195375806018,268.399854328775,268.924242707522
14.34,60,0,2945.68586935056,83.7316956548982,4,1.00194425236085,1.00194425236085,268.38204747808,268.903849907498
14.35,60,0,2946.21057955521,83.7557667936061,4,1.00193473441894,1.00193473441894,268.363958661055,268.883171648681
14.36,60,0,2946.73462461178,83.7798304879681,4,1.00192520794894,1.00192520794894,268.345655145853,268.862276334203
14.37,60,0,2947.25810036666,83.8038867136132,4,1.00191567580628,1.00191567580628,268.327188637995,268.841216541436
14.38,60,0,2947.78108055534,83.8279354521441,4,1.00190614018614,1.00190614018614,268.308598883445,268.820032686065
14.39,60,0,2948.30362191525,83.8519766897556,4,1.00189660277614,1.00189660277614,268.289916436866,268.79875583719
14.4,60,0,2948.82576811527,83.8760104161732,4,1.00188706487367,1.00188706487367,268.271164788606,268.777409880298
14.41,60,0,2949.34755277616,83.9000366238369,4,1.00187752747617,1.00187752747617,268.252361999083,268.756013179283
14.42,60,0,2949.86900179217,83.9240553072737,4,1.00186799135039,1.00186799135039,268.233521954725,268.73457985362
14.43,60,0,2950.39013511597,83.9480664626163,4,1.00185845708573,1.00185845708573,268.21465533318,268.71312075988
14.44,60,0,2950.91096813069,83.9720700872312,4,1.0018489251352,1.0018489251352,268.195770345136,268.691644246081
14.45,60,0,2951.431512705,83.9960661794349,4,1.00183939584691,1.00183939584691,268.176873304498,268.670156731493
14.46,60,0,2951.95177800426,84.020054738274,4,1.00182986948831,1.00182986948831,268.157969066675,268.648663152318
14.47,60,0,2952.47177111436,84.0440357633569,4,1.00182034626477,1.00182034626477,268.139061365505,268.6271673043
14.48,60,0,2952.9914975214,84.0680092547243,4,1.00181082633394,1.00181082633394,268.120153072279,268.605672106123
14.49,60,0,2953.51096148069,84.0919752127494,4,1.00180130981676,1.00180130981676,268.101246394899,268.584179801915
14.5,60,0,2954.03016630048,84.1159336380614,4,1.00179179680589,1.00179179680589,268.082343031004,268.562692116963
14.51,60,0,2954.54911456029,84.1398845314865,4,1.00178228737228,1.00178228737228,268.063444285728,268.541210377448
14.52,60,0,2955.06780827883,84.1638278940025,4,1.00177278157014,1.00177278157014,268.044551162254,268.519735602531
14.53,60,0,2955.58624904316,84.1877637267038,4,1.00176327944081,1.00176327944081,268.025664431463,268.498268575165
14.54,60,0,2956.10443810812,84.211692030775,4,1.00175378101573,1.00175378101573,268.006784685498,268.476809896566
14.55,60,0,2956.62237647281,84.2356128074696,4,1.00174428631871,1.00174428631871,267.987912378973,268.455360028116
14.56,60,0,2957.14006493941,84.2595260580947,4,1.0017347953677,1.0017347953677,267.96904786067,268.433919323585
14.57,60,0,2957.65750415852,84.2834317839981,4,1.00172530817612,1.00172530817612,267.950191397925,268.412488053936
14.58,60,0,2958.17469466398,84.3073299865598,4,1.00171582475393,1.00171582475393,267.931343195388,268.391066426396
14.59,60,0,2958.69163689973,84.3312206671839,4,1.0017063451084,1.0017063451084,267.912503409465,268.369654599138
14.6,60,0,2959.20833124042,84.3551038272935,4,1.00169686924475,1.00169686924475,267.893672159422,268.348252692573
14.61,60,0,2959.72477800737,84.3789794683262,4,1.00168739716661,1.00168739716661,267.874849535936,268.32686079805
14.62,60,0,2960.24097748075,84.402847591731,4,1.00167792887639,1.00167792887639,267.856035607677,268.305478984538
14.63,60,0,2960.75692990904,84.4267081989655,4,1.00166846437555,1.00166846437555,267.837230426368,268.28410730378
14.64,60,0,2961.27263551627,84.450561291494,4,1.00165900366484,1.00165900366484,267.818434030687,268.262745794255
14.65,60,0,2961.78809450762,84.4744068707863,4,1.00164954674444,1.00164954674444,267.799646449265,268.241394484228
14.66,60,0,2962.30330707372,84.4982449383161,4,1.00164009361412,1.00164009361412,267.780867702999,268.220053394101
14.67,60,0,2962.81827339394,84.5220754955604,4,1.00163064427329,1.00163064427329,267.762097806828,268.198722538221
14.68,60,0,2963.332993639,84.5458985439986,4,1.00162119872113,1.00162119872113,267.743336771105,268.17740192627
14.69,60,0,2963.84746797286,84.5697140851122,4,1.00161175695663,1.00161175695663,267.724584602649,268.156091564343
14.7,60,0,2964.36169655429,84.5935221203841,4,1.0016023189786,1.0016023189786,267.70584130556,268.134791455766
14.71,60,0,2964.87567953804,84.6173226512988,4,1.00159288478576,1.00159288478576,267.687106881844,268.113501601739
14.72,60,0,2965.38941707569,84.6411156793414,4,1.00158345437673,1.00158345437673,267.66838133189,268.092222001821
14.73,60,0,2965.90290931639,84.6649012059981,4,1.00157402775006,1.00157402775006,267.649664654848,268.070952654309
14.74,60,0,2966.41615640737,84.6886792327557,4,1.00156460490426,1.00156460490426,267.630956848913,268.049693556531
14.75,60,0,2966.92915849438,84.7124497611016,4,1.00155518583779,1.00155518583779,267.612257911541,268.028444705064
14.76,60,0,2967.44191572195,84.7362127925235,4,1.00154577054908,1.00154577054908,267.593567839624,268.007206095913
14.77,60,0,2967.9544282337,84.7599683285099,4,1.00153635903653,1.00153635903653,267.574886629616,267.985977724639
14.78,60,0,2968.46669617249,84.7837163705492,4,1.00152695129855,1.00152695129855,267.55621427764,267.964759586466
14.79,60,0,2968.97871968057,84.8074569201305,4,1.0015175473335,1.0015175473335,267.537550779558,267.943551676354
14.8,60,0,2969.4904988997,84.831189978743,4,1.00150814713975,1.00150814713975,267.518896131036,267.922353989066
14.81,60,0,2970.00203397123,84.8549155478764,4,1.00149875071567,1.00149875071567,267.500250327591,267.90116651921
14.82,60,0,2970.51332503618,84.8786336290203,4,1.00148935805959,1.00148935805959,267.48161336462,267.879989261278
14.83,60,0,2971.02437223526,84.9023442236649,4,1.00147996916989,1.00147996916989,267.462985237436,267.858822209674
14.84,60,0,2971.53517570896,84.9260473333004,4,1.00147058404489,1.00147058404489,267.444365941282,267.837665358733
14.85,60,0,2972.04573559751,84.9497429594173,4,1.00146120268296,1.00146120268296,267.425755471352,267.816518702739
14.86,60,0,2972.556052041,84.9734311035062,4,1.00145182508242,1.00145182508242,267.4071538228,267.795382235939
14.87,60,0,2973.06612517929,84.9971117670583,4,1.00144245124163,1.00144245124163,267.388560990751,267.774255952551
14.88,60,0,2973.57595515211,85.0207849515645,4,1.00143308115893,1.00143308115893,267.369976970312,267.753139846771
14.89,60,0,2974.08554209903,85.0444506585162,4,1.00142371483266,1.00142371483266,267.35140175657,267.732033912783
14.9,60,0,2974.59488615947,85.068108889405,4,1.00141435226116,1.00141435226116,267.332835344606,267.710938144757
14.91,60,0,2975.10398747273,85.0917596457225,4,1.00140499344278,1.00140499344278,267.314277729488,267.689852536859
14.92,60,0,2975.61284617795,85.1154029289608,4,1.00139563837586,1.00139563837586,267.295728906285,267.66877708325
14.93,60,0,2976.12146241418,85.1390387406121,4,1.00138628705875,1.00138628705875,267.277188870058,267.647711778086
14.94,60,0,2976.62983632032,85.1626670821685,4,1.00137693948979,1.00137693948979,267.258657615868,267.626656615528
14.95,60,0,2977.13796803515,85.1862879551226,4,1.00136759566733,1.00136759566733,267.240135138779,267.605611589732
14.96,60,0,2977.64585769733,85.2099013609673,4,1.00135825558973,1.00135825558973,267.221621433851,267.584576694859
14.97,60,0,2978.15350544542,85.2335073011953,4,1.00134891925532,1.00134891925532,267.203116496148,267.563551925071
14.98,60,0,2978.66091141783,85.2571057772999,4,1.00133958666245,1.00133958666245,267.184620320738,267.542537274532
14.99,60,0,2979.16807575289,85.2806967907743,4,1.00133025780949,1.00133025780949,267.166132902686,267.521532737412
15,60,0,2979.67499858879,85.304280343112,4,1.00132093269478,1.00132093269478,267.147654237066,267.500538307881
15.01,60,0,2980.18168006361,85.3278564358068,4,1.00131161131667,1.00131161131667,267.129184318951,267.479553980117
15.02,60,0,2980.68812031531,85.3514250703526,4,1.00130229367352,1.00130229367352,267.110723143418,267.458579748298
15.03,60,0,2981.19431948176,85.3749862482433,4,1.00129297976369,1.00129297976369,267.09227070555,267.43761560661
15.04,60,0,2981.70027770068,85.3985399709734,4,1.00128366958553,1.00128366958553,267.073827000429,267.41666154924
15.05,60,0,2982.2059951097,85.4220862400373,4,1.00127436313739,1.00127436313739,267.055392023145,267.39571757038
15.06,60,0,2982.71147184635,85.4456250569296,4,1.00126506041764,1.00126506041764,267.036965768788,267.374783664229
15.07,60,0,2983.21670804801,85.4691564231453,4,1.00125576142464,1.00125576142464,267.018548232454,267.353859824989
15.08,60,0,2983.72170385197,85.4926803401793,4,1.00124646615675,1.00124646615675,267.000139409243,267.332946046864
15.09,60,0,2984.22645939541,85.5161968095269,4,1.00123717461233,1.00123717461233,266.981739294257,267.312042324068
15.1,60,0,2984.7309748154,85.5397058326836,4,1.00122788678974,1.00122788678974,266.963347882604,267.291148650814
15.11,60,0,2985.23525024887,85.5632074111449,4,1.00121860268735,1.00121860268735,266.944965169393,267.270265021324
15.12,60,0,2985.73928583268,85.5867015464068,4,1.00120932230353,1.00120932230353,266.92659114974,267.249391429822
15.13,60,0,2986.24308170354,85.6101882399651,4,1.00120004563663,1.00120004563663,266.908225818763,267.228527870537
15.14,60,0,2986.74663799807,85.6336674933162,4,1.00119077268503,1.00119077268503,266.889869171583,267.207674337705
15.15,60,0,2987.24995485278,85.6571393079564,4,1.0011815034471,1.0011815034471,266.871521203328,267.186830825563
15.16,60,0,2987.75303240405,85.6806036853823,4,1.00117223792121,1.00117223792121,266.853181909126,267.165997328355
15.17,60,0,2988.25587078818,85.7040606270906,4,1.00116297610572,1.00116297610572,266.834851284112,267.145173840329
15.18,60,0,2988.75847014132,85.7275101345784,4,1.00115371799901,1.00115371799901,266.816529323423,267.124360355738
15.19,60,0,2989.26083059955,85.7509522093428,4,1.00114446359946,1.00114446359946,266.798216022201,267.103556868839
15.2,60,0,2989.7629522988,85.7743868528811,4,1.00113521290543,1.00113521290543,266.779911375589,267.082763373893
15.21,60,0,2990.26483537491,85.7978140666909,4,1.00112596591531,1.00112596591531,266.761615378739,267.061979865169
15.22,60,0,2990.76647996362,85.8212338522699,4,1.00111672262747,1.00111672262747,266.743328026803,267.041206336937
15.23,60,0,2991.26788620054,85.8446462111161,4,1.00110748304028,1.00110748304028,266.725049314938,267.020442783472
15.24,60,0,2991.76905422118,85.8680511447274,4,1.00109824715213,1.00109824715213,266.706779238303,266.999689199056
15.25,60,0,2992.26998416093,85.8914486546023,4,1.0010890149614,1.0010890149614,266.688517792064,266.978945577973
15.26,60,0,2992.77067615508,85.9148387422393,4,1.00107978646646,1.00107978646646,266.670264971389,266.958211914513
15.27,60,0,2993.27113033881,85.9382214091369,4,1.00107056166571,1.00107056166571,266.652020771449,266.937488202971
15.28,60,0,2993.7713468472,85.9615966567941,4,1.00106134055751,1.00106134055751,266.633785187422,266.916774437645
15.29,60,0,2994.27132581518,85.9849644867099,4,1.00105212314027,1.00105212314027,266.615558214485,266.896070612838
15.3,60,0,2994.77106737762,86.0083249003836,4,1.00104290941235,1.00104290941235,266.597339847824,266.875376722859
15.31,60,0,2995.27057166926,86.0316778993146,4,1.00103369937216,1.00103369937216,266.579130082624,266.85469276202
15.32,60,0,2995.76983882472,86.0550234850025,4,1.00102449301806,1.00102449301806,266.560928914078,266.83401872464
15.33,60,0,2996.26886897853,86.0783616589471,4,1.00101529034847,1.00101529034847,266.542736337381,266.813354605039
15.34,60,0,2996.7676622651,86.1016924226484,4,1.00100609136176,1.00100609136176,266.524552347729,266.792700397543
15.35,60,0,2997.26782671635,86.1250152817672,4,1.00099083131789,1.00099083131789,266.486801630908,266.750845099768
15.36,60,0,2997.78613336376,86.1483250029312,4,1.00096503588807,1.00096503588807,266.421669235402,266.678775707575
15.37,60,0,2998.32196759812,86.1716215876955,4,1.00094083327701,1.00094083327701,266.36940154599,266.620010742942
15.38,60,0,2998.8701312726,86.1949064895473,4,1.00091776085108,1.00091776085108,266.326240487567,266.570664284703
15.39,60,0,2999.42694538369,86.2181807377704,4,1.00089549118031,1.00089549118031,266.28952844084,266.527988364967
15.4,60,0,2999.98980546796,86.2414450616132,4,1.00087379247399,1.00087379247399,266.257385291409,266.490038990822
15.41,60,0,3000.55686737498,86.2646999780385,4,1.00085250061334,1.00085250061334,266.228480559179,266.455440502145
15.42,60,0,3001.12682507766,86.2879458537675,4,1.00083149937396,1.00083149937396,266.201872478746,266.423219169059
15.43,60,0,3001.69875350247,86.3111829491653,4,1.0008107064354,1.0008107064354,266.176894287067,266.392685608221
15.44,60,0,3002.27199731879,86.3344114492919,4,1.00079006348198,1.00079006348198,266.153073830214,266.363351654465
15.45,60,0,3002.84609222803,86.3576314858784,4,1.00076952919668,1.00076952919668,266.130076704423,266.334871568562
15.46,60,0,3003.42070924287,86.3808431528833,4,1.00074907430182,1.00074907430182,266.107666029496,266.307000443636
15.47,60,0,3003.99561523403,86.4040465175069,4,1.00072867804783,1.00072867804783,266.085673981964,266.279564771435
15.48,60,0,3004.57064499049,86.4272416279911,4,1.00070832572691,1.00070832572691,266.063981645743,266.252441608945
15.49,60,0,3005.14568143009,86.4504285191438,4,1.00068800691219,1.00068800691219,266.042504747318,266.225543829521
15.5,60,0,3005.72064158081,86.4736072162523,4,1.00066771421048,1.00066771421048,266.021183555148,266.198809679697
15.51,60,0,3006.29546664866,86.4967777378556,4,1.00064744237865,1.00064744237865,265.999975726512,266.172195383518
15.52,60,0,3006.87011497969,86.5199400977086,4,1.00062718769764,1.00062718769764,265.978851240943,266.145669904274
15.53,60,0,3007.4445570724,86.5430943061749,4,1.00060694752882,1.00060694752882,265.957788811077,266.119211233765
15.54,60,0,3008.01877204251,86.5662403712127,4,1.00058671999961,1.00058671999961,265.936773339743,266.092803763294
15.55,60,0,3008.59274511696,86.5893782990752,4,1.00056650378066,1.00056650378066,265.915794118072,266.066436420778
15.56,60,0,3009.16646585722,86.6125080948055,4,1.00054629792786,1.00054629792786,265.894843548514,266.040101350575
15.57,60,0,3009.73992689954,86.6356297625887,4,1.00052610177035,1.00052610177035,265.873916239745,266.013792977769
15.58,60,0,3010.31312306154,86.6587433060011,4,1.00050591483111,1.00050591483111,265.853008365057,265.987507344883
15.59,60,0,3010.88605070862,86.6818487281872,4,1.00048573677063,1.00048573677063,265.832117207494,265.961241641637
15.6,60,0,3011.45870730452,86.7049460319847,4,1.00046556734701,1.00046556734701,265.811240837315,265.934993871518
15.61,60,0,3012.03109109244,86.7280352200139,4,1.00044540638758,1.00044540638758,265.790377883278,265.908762615344
15.62,60,0,3012.60320086889,86.7511162947405,4,1.00042525376882,1.00042525376882,265.769527370417,265.882546863569
15.63,60,0,3013.17503582307,86.7741892585208,4,1.0004051094021,1.0004051094021,265.748688604984,265.856345897334
15.64,60,0,3013.74659542302,86.7972541136329,4,1.00038497322356,1.00038497322356,265.727861092815,265.830159204089
15.65,60,0,3014.3178793347,86.8203108622998,4,1.00036484518692,1.00036484518692,265.707044481416,265.803986417725
15.66,60,0,3014.88888736464,86.8433595067051,4,1.00034472525839,1.00034472525839,265.686238518866,265.777827276089
15.67,60,0,3015.45961941915,86.8664000490046,4,1.00032461341305,1.00032461341305,265.66544302465,265.75168159084
15.68,60,0,3016.03007547541,86.889432491334,4,1.00030450963229,1.00030450963229,265.644657868959,265.725549226046
15.69,60,0,3016.6002555609,86.9124568358153,4,1.00028441390196,1.00028441390196,265.623882957995,265.699430083
15.7,60,0,3017.17015973882,86.9354730845599,4,1.00026432621109,1.00026432621109,265.603118223538,265.673324089432
15.71,60,0,3017.7397880977,86.9584812396725,4,1.00024424655099,1.00024424655099,265.582363615538,265.647231191853
15.72,60,0,3018.30914074409,86.9814813032525,4,1.00022417491454,1.00022417491454,265.561619096853,265.621151350121
15.73,60,0,3018.87821779727,87.0044732773956,4,1.00020411129581,1.00020411129581,265.540884639519,265.595084533575
15.74,60,0,3019.44701938555,87.027457164195,4,1.00018405568965,1.00018405568965,265.520160222089,265.569030718295
15.75,60,0,3020.01554564365,87.050432965742,4,1.00016400809149,1.00016400809149,265.499445827751,265.542989885154
15.76,60,0,3020.58379671079,87.0734006841264,4,1.00014396849719,1.00014396849719,265.47874144299,265.51696201843
15.77,60,0,3021.15177272937,87.0963603214374,4,1.00012393690287,1.00012393690287,265.458047056634,265.490947104828
15.78,60,0,3021.71947384405,87.1193118797631,4,1.00010391330489,1.00010391330489,265.437362659179,265.464945132774
15.79,60,0,3022.286900201,87.1422553611912,4,1.00008389769974,1.00008389769974,265.416688242307,265.438956091925
15.8,60,0,3022.8540519475,87.165190767809,4,1.00006389008404,1.00006389008404,265.396023798546,265.412979972811
15.81,60,0,3023.42092923155,87.1881181017036,4,1.00004389045446,1.00004389045446,265.375369321024,265.387016766587
15.82,60,0,3023.98753220165,87.2110373649618,4,1.00002389880774,1.00002389880774,265.354724803302,265.361066464852
15.83,60,0,3024.55386100662,87.2339485596702,4,1.00000391514064,1.00000391514064,265.334090239243,265.335129059523
15.84,60,0,3025.11991579548,87.2568516879152,4,0.999983939449978,0.999983939449978,265.313465622933,265.309204542747
15.85,60,0,3025.68569671735,87.2797467517832,4,0.999963971732572,0.999963971732572,265.292850948613,265.283292906832
15.86,60,0,3026.2512039214,87.3026337533605,4,0.99994401198526,0.99994401198526,265.272246210638,265.257394144207
15.87,60,0,3026.81643755682,87.3255126947331,4,0.999924060204892,0.999924060204892,265.251651403442,265.231508247383
15.88,60,0,3027.38139777275,87.3483835779872,4,0.999904116388326,0.999904116388326,265.231066521522,265.205635208936
15.89,60,0,3027.9460847183,87.3712464052087,4,0.999884180532428,0.999884180532428,265.210491559414,265.179775021487
15.9,60,0,3028.51049854249,87.3941011784835,4,0.999864252634067,0.999864252634067,265.189926511688,265.153927677692
15.91,60,0,3029.07463939429,87.4169478998975,4,0.999844332690116,0.999844332690116,265.169371372937,265.128093170232
15.92,60,0,3029.63850742257,87.4397865715364,4,0.999824420697454,0.999824420697454,265.148826137771,265.102271491807
15.93,60,0,3030.20210277611,87.4626171954858,4,0.999804516652959,0.999804516652959,265.128290800818,265.076462635136
15.94,60,0,3030.76542560361,87.4854397738315,4,0.999784620553514,0.999784620553514,265.107765356711,265.050666592949
15.95,60,0,3031.32847605364,87.508254308659,4,0.999764732396003,0.999764732396003,265.087249800094,265.024883357984
15.96,60,0,3031.8912542747,87.5310608020537,4,0.999744852177314,0.999744852177314,265.066744125622,264.999112922992
15.97,60,0,3032.45376041519,87.5538592561011,4,0.999724979894334,0.999724979894334,265.04624832795,264.973355280729
15.98,60,0,3033.01599462338,87.5766496728865,4,0.999705115543954,0.999705115543954,265.025762401744,264.94761042396
15.99,60,0,3033.57795704747,87.5994320544953,4,0.999685259123066,0.999685259123066,265.005286341672,264.921878345457
16,60,0,3034.13964783554,87.6222064030126,4,0.999665410628564,0.999665410628564,264.984820142407,264.896159037995
16.01,60,0,3034.70106713556,87.6449727205236,4,0.999645570057341,0.999645570057341,264.964363798628,264.87045249436
16.02,60,0,3035.26221509543,87.6677310091133,4,0.999625737406296,0.999625737406296,264.943917305015,264.844758707338
16.03,60,0,3035.8230918629,87.6904812708669,4,0.999605912672326,0.999605912672326,264.923480656255,264.819077669725
16.04,60,0,3036.38369758564,87.7132235078692,4,0.999586095852332,0.999586095852332,264.903053847038,264.793409374321
16.05,60,0,3036.94403241124,87.7359577222052,4,0.999566286943214,0.999566286943214,264.882636872057,264.767753813929
16.06,60,0,3037.50409648714,87.7586839159596,4,0.999546485941877,0.999546485941877,264.862229726009,264.742110981362
16.07,60,0,3038.06388996071,87.7814020912172,4,0.999526692845224,0.999526692845224,264.841832403597,264.716480869436
16.08,60,0,3038.6234129792,87.8041122500626,4,0.999506907650161,0.999506907650161,264.821444899524,264.690863470971
16.09,60,0,3039.18266568977,87.8268143945806,4,0.999487130353597,0.999487130353597,264.801067208499,264.665258778793
16.1,60,0,3039.74164823947,87.8495085268555,4,0.99946736095244,0.99946736095244,264.780699325235,264.639666785734
16.11,60,0,3040.30036077524,87.8721946489719,4,0.9994475994436,0.9994475994436,264.760341244446,264.61408748463
16.12,60,0,3040.85880344394,87.8948727630143,4,0.999427845823991,0.999427845823991,264.739992960854,264.588520868325
16.13,60,0,3041.4169763923,87.9175428710668,4,0.999408100090525,0.999408100090525,264.71965446918,264.562966929664
16.14,60,0,3041.97487976695,87.9402049752139,4,0.999388362240118,0.999388362240118,264.699325764152,264.5374256615
16.15,60,0,3042.53251371445,87.9628590775396,4,0.999368632269687,0.999368632269687,264.6790068405,264.511897056689
16.16,60,0,3043.08987838121,87.9855051801281,4,0.999348910176149,0.999348910176149,264.658697692958,264.486381108096
16.17,60,0,3043.64697391358,88.0081432850635,4,0.999329195956425,0.999329195956425,264.638398316263,264.460877808587
16.18,60,0,3044.20380045778,88.0307733944298,4,0.999309489607436,0.999309489607436,264.618108705157,264.435387151035
16.19,60,0,3044.76035815994,88.0533955103108,4,0.999289791126104,0.999289791126104,264.597828854385,264.409909128319
16.2,60,0,3045.31664716608,88.0760096347903,4,0.999270100509354,0.999270100509354,264.577558758695,264.38444373332
16.21,60,0,3045.87266762213,88.0986157699523,4,0.999250417754112,0.999250417754112,264.557298412838,264.358990958928
16.22,60,0,3046.42841967391,88.1212139178803,4,0.999230742857304,0.999230742857304,264.537047811572,264.333550798035
16.23,60,0,3046.98390346714,88.1438040806579,4,0.99921107581586,0.99921107581586,264.516806949654,264.30812324354
16.24,60,0,3047.53911914743,88.1663862603689,4,0.99919141662671,0.99919141662671,264.496575821849,264.282708288347
16.25,60,0,3048.0940668603,88.1889604590965,4,0.999171765286785,0.999171765286785,264.476354422922,264.257305925365
16.26,60,0,3048.64874675117,88.2115266789243,4,0.999152121793019,0.999152121793019,264.456142747643,264.231916147505
16.27,60,0,3049.20315896535,88.2340849219355,4,0.999132486142347,0.999132486142347,264.435940790785,264.206538947688
16.28,60,0,3049.75730364805,88.2566351902135,4,0.999112858331704,0.999112858331704,264.415748547127,264.181174318837
16.29,60,0,3050.31118094438,88.2791774858414,4,0.999093238358029,0.999093238358029,264.395566011448,264.155822253882
16.3,60,0,3050.86479099935,88.3017118109023,4,0.999073626218261,0.999073626218261,264.375393178533,264.130482745755
16.31,60,0,3051.41813395787,88.3242381674794,4,0.99905402190934,0.99905402190934,264.355230043169,264.105155787397
16.32,60,0,3051.97120996476,88.3467565576554,4,0.999034425428209,0.999034425428209,264.335076600149,264.079841371751
16.33,60,0,3052.5240191647,88.3692669835135,4,0.999014836771811,0.999014836771811,264.314932844266,264.054539491767
16.34,60,0,3053.07656170233,88.3917694471363,4,0.998995255937092,0.998995255937092,264.29479877032,264.029250140399
16.35,60,0,3053.62883772212,88.4142639506067,4,0.998975682920998,0.998975682920998,264.274674373113,264.003973310605
16.36,60,0,3054.18084736851,88.4367504960072,4,0.998956117720478,0.998956117720478,264.25455964745,263.978708995351
16.37,60,0,3054.73259078578,88.4592290854205,4,0.998936560332481,0.998936560332481,264.234454588139,263.953457187605
16.38,60,0,3055.28406811815,88.4816997209292,4,0.998917010753957,0.998917010753957,264.214359189995,263.928217880342
16.39,60,0,3055.83527950972,88.5041624046157,4,0.998897468981861,0.998897468981861,264.194273447833,263.902991066542
16.4,60,0,3056.38622510449,88.5266171385622,4,0.998877935013145,0.998877935013145,264.174197356473,263.877776739188
16.41,60,0,3056.93690504637,88.5490639248513,4,0.998858408844765,0.998858408844765,264.154130910737,263.852574891271
16.42,60,0,3057.48731947916,88.571502765565,4,0.998838890473679,0.998838890473679,264.134074105454,263.827385515784
16.43,60,0,3058.03746854657,88.5939336627855,4,0.998819379896844,0.998819379896844,264.114026935453,263.802208605728
16.44,60,0,3058.58735239221,88.6163566185949,4,0.998799877111221,0.998799877111221,264.093989395569,263.777044154106
16.45,60,0,3059.13697115958,88.6387716350752,4,0.998780382113771,0.998780382113771,264.073961480637,263.751892153928
16.46,60,0,3059.68632499208,88.6611787143082,4,0.998760894901457,0.998760894901457,264.053943185499,263.726752598208
16.47,60,0,3060.23541403303,88.6835778583759,4,0.998741415471244,0.998741415471244,264.033934505001,263.701625479966
16.48,60,0,3060.78423842563,88.70596906936,4,0.998721943820096,0.998721943820096,264.013935433989,263.676510792227
16.49,60,0,3061.33279831299,88.7283523493422,4,0.998702479944982,0.998702479944982,263.993945967314,263.651408528018
16.5,60,0,3061.88109383813,88.750727700404,4,0.99868302384287,0.99868302384287,263.973966099832,263.626318680376
16.51,60,0,3062.42912514394,88.773095124627,4,0.998663575510731,0.998663575510731,263.953995826401,263.601241242339
16.52,60,0,3062.97689237325,88.7954546240927,4,0.998644134945535,0.998644134945535,263.934035141884,263.576176206951
16.53,60,0,3063.52439566877,88.8178062008824,4,0.998624702144257,0.998624702144257,263.914084041144,263.551123567262
16.54,60,0,3064.0716351731,88.8401498570775,4,0.99860527710387,0.99860527710387,263.894142519052,263.526083316326
16.55,60,0,3064.61861102878,88.8624855947591,4,0.998585859821351,0.998585859821351,263.874210570479,263.501055447202
16.56,60,0,3065.16532337821,88.8848134160083,4,0.998566450293677,0.998566450293677,263.854288190301,263.476039952953
16.57,60,0,3065.71177236371,88.9071333229063,4,0.998547048517827,0.998547048517827,263.834375373397,263.45103682665
16.58,60,0,3066.25795812751,88.929445317534,4,0.998527654490782,0.998527654490782,263.81447211465,263.426046061366
16.59,60,0,3066.80388081172,88.9517494019723,4,0.998508268209523,0.998508268209523,263.794578408947,263.401067650179
16.6,60,0,3067.34954055838,88.974045578302,4,0.998488889671034,0.998488889671034,263.774694251177,263.376101586174
16.61,60,0,3067.89493750941,88.9963338486038,4,0.998469518872299,0.998469518872299,263.754819636232,263.351147862439
16.62,60,0,3068.44007180663,89.0186142149584,4,0.998450155810304,0.998450155810304,263.734954559011,263.326206472068
16.63,60,0,3068.98494359178,89.0408866794465,4,0.998430800482038,0.998430800482038,263.715099014412,263.301277408159
16.64,60,0,3069.5295530065,89.0631512441484,4,0.998411452884488,0.998411452884488,263.695252997339,263.276360663816
16.65,60,0,3070.07390019231,89.0854079111446,4,0.998392113014646,0.998392113014646,263.675416502699,263.251456232146
16.66,60,0,3070.61798529065,89.1076566825154,4,0.998372780869504,0.998372780869504,263.655589525402,263.226564106265
16.67,60,0,3071.16180844288,89.129897560341,4,0.998353456446055,0.998353456446055,263.635772060363,263.201684279288
16.68,60,0,3071.70536979022,89.1521305467017,4,0.998334139741293,0.998334139741293,263.615964102498,263.176816744339
16.69,60,0,3072.24866947383,89.1743556436776,4,0.998314830752216,0.998314830752216,263.596165646728,263.151961494546
16.7,60,0,3072.79170763475,89.1965728533485,4,0.99829552947582,0.99829552947582,263.576376687977,263.127118523042
16.71,60,0,3073.33448441395,89.2187821777945,4,0.998276235909104,0.998276235909104,263.556597221174,263.102287822965
16.72,60,0,3073.87699995226,89.2409836190953,4,0.99825695004907,0.99825695004907,263.536827241247,263.077469387456
16.73,60,0,3074.41925439046,89.2631771793308,4,0.998237671892719,0.998237671892719,263.517066743133,263.052663209664
16.74,60,0,3074.9612478692,89.2853628605806,4,0.998218401437055,0.998218401437055,263.497315721769,263.027869282739
16.75,60,0,3075.50298052905,89.3075406649242,4,0.998199138679082,0.998199138679082,263.477574172095,263.003087599839
16.76,60,0,3076.04445251047,89.3297105944413,4,0.998179883615807,0.998179883615807,263.457842089058,262.978318154127
16.77,60,0,3076.58566395385,89.3518726512112,4,0.998160636244237,0.998160636244237,263.438119467603,262.953560938768
16.78,60,0,3077.12661499944,89.3740268373132,4,0.998141396561382,0.998141396561382,263.418406302684,262.928815946935
16.79,60,0,3077.66730578745,89.3961731548267,4,0.998122164564252,0.998122164564252,263.398702589255,262.904083171802
16.8,60,0,3078.20773645794,89.4183116058307,4,0.998102940249858,0.998102940249858,263.379008322274,262.879362606553
16.81,60,0,3078.7479071509,89.4404421924043,4,0.998083723615214,0.998083723615214,263.359323496703,262.854654244373
16.82,60,0,3079.28781800624,89.4625649166266,4,0.998064514657336,0.998064514657336,263.339648107506,262.829958078452
16.83,60,0,3079.82746916373,89.4846797805765,4,0.998045313373239,0.998045313373239,263.319982149652,262.805274101985
16.84,60,0,3080.36686076309,89.5067867863328,4,0.99802611975994,0.99802611975994,263.300325618114,262.780602308175
16.85,60,0,3080.90599294391,89.5288859359741,4,0.998006933814459,0.998006933814459,263.280678507865,262.755942690225
16.86,60,0,3081.44710554349,89.5509767674544,4,0.998004016336324,0.998004016336324,263.245852427372,262.720418006397
16.87,60,0,3081.99677471871,89.5730580268121,4,0.998010085090045,0.998010085090045,263.208492966057,262.684730461477
16.88,60,0,3082.55273062968,89.5951303659842,4,0.998015961272252,0.998015961272252,263.176390954885,262.654238803002
16.89,60,0,3083.11289770658,89.6171943431915,4,0.998021705435584,0.998021705435584,263.147878054337,262.627294037545
16.9,60,0,3083.67586002762,89.6392503397072,4,0.998027358885518,0.998027358885518,263.121816756044,262.602771842194
16.91,60,0,3084.24065149645,89.6612986161428,4,0.998032949803491,0.998032949803491,263.097431290925,262.579905437003
16.92,60,0,3084.80661283071,89.6833393508115,4,0.998038497420166,0.998038497420166,263.074192478526,262.558171771292
16.93,60,0,3085.37329405997,89.7053726658823,4,0.998044014860496,0.998044014860496,263.051739275844,262.5372139829
16.94,60,0,3085.94038803485,89.7273986452164,4,0.998049511083733,0.998049511083733,263.029825310848,262.516788551931
16.95,60,0,3086.50768507454,89.7494173465312,4,0.998054992206557,0.998054992206557,263.008282433506,262.496729274433
16.96,60,0,3087.07504202668,89.7714288097006,4,0.998060462405638,0.998060462405638,262.986995862056,262.476922696753
16.97,60,0,3087.64236115573,89.7934330624172,4,0.99806592453342,0.99806592453342,262.965887232276,262.457291361233
16.98,60,0,3088.20957573557,89.8154301240565,4,0.998071380538309,0.998071380538309,262.944903034626,262.437782377281
16.99,60,0,3088.77664021553,89.8374200083151,4,0.998076831751442,0.998076831751442,262.924006725309,262.418359623791
17,60,0,3089.34352350728,89.8594027250111,4,0.998082279082429,0.998082279082429,262.903173343056,262.39899842824
17.01,60,0,3089.91020440125,89.8813782813132,4,0.99808772315298,0.99808772315298,262.882385835175,262.379681935253
17.02,60,0,3090.47666843679,89.9033466825805,4,0.998093164388145,0.998093164388145,262.861632549757,262.360398627821
17.03,60,0,3091.04290576453,89.9253079329356,4,0.998098603078618,0.998098603078618,262.840905523638,262.341140635062
17.04,60,0,3091.60890968633,89.9472620356564,4,0.998104039423291,0.998104039423291,262.82019931343,262.321902576769
17.05,60,0,3092.17467565773,89.9692089934434,4,0.998109473558318,0.998109473558318,262.799510197259,262.30268077437
17.06,60,0,3092.74020060649,89.9911488086027,4,0.998114905576974,0.998114905576974,262.778835629546,262.283472712012
17.07,60,0,3093.3054824668,90.0130814831708,4,0.998120335543222,0.998120335543222,262.75817386859,262.264276668441
17.08,60,0,3093.87051986101,90.0350070189998,4,0.998125763500989,0.998125763500989,262.73752372213,262.24509146551
17.09,60,0,3094.43531188204,90.056925417816,4,0.998131189480496,0.998131189480496,262.716884373496,262.225916296328
17.1,60,0,3094.99985794465,90.0788366812599,4,0.998136613502596,0.998136613502596,262.696255262806,262.206750607831
17.11,60,0,3095.56415768371,90.100740810913,4,0.99814203558173,0.99814203558173,262.675636005763,262.187594020518
17.12,60,0,3096.1282108847,90.1226378083168,4,0.998147455727957,0.998147455727957,262.655026338152,262.168446273586
17.13,60,0,3096.69201743611,90.1445276749856,4,0.998152873948337,0.998152873948337,262.634426077888,262.149307187416
17.14,60,0,3097.25557729689,90.1664104124151,4,0.998158290247875,0.998158290247875,262.613835099072,262.130176637927
17.15,60,0,3097.81889047423,90.1882860220882,4,0.998163704630174,0.998163704630174,262.593253314246,262.111054539038
17.16,60,0,3098.3819570083,90.2101545054794,4,0.998169117097873,0.998169117097873,262.572680662255,262.091940830665
17.17,60,0,3098.94477696184,90.2320158640574,4,0.998174527652955,0.998174527652955,262.552117099948,262.072835470524
17.18,60,0,3099.50735041303,90.2538700992872,4,0.99817993629695,0.99817993629695,262.531562596493,262.053738428506
17.19,60,0,3100.06967745059,90.2757172126311,4,0.998185343031083,0.998185343031083,262.511017129497,262.034649682845
17.2,60,0,3100.63175817046,90.2975572055499,4,0.998190747856364,0.998190747856364,262.490480682341,262.015569217483
17.21,60,0,3101.19359267349,90.3193900795032,4,0.998196150773659,0.998196150773659,262.469953242365,261.996497020271
17.22,60,0,3101.7551810639,90.3412158359503,4,0.998201551783736,0.998201551783736,262.449434799615,261.97743308174
17.23,60,0,3102.31652344816,90.3630344763499,4,0.998206950887295,0.998206950887295,262.428925345995,261.958377394256
17.24,60,0,3102.87761993432,90.3848460021608,4,0.998212348084988,0.998212348084988,262.408424874684,261.939329951442
17.25,60,0,3103.43847063143,90.4066504148418,4,0.998217743377435,0.998217743377435,262.387933379731,261.920290747784
17.26,60,0,3103.99907564927,90.4284477158516,4,0.998223136765236,0.998223136765236,262.367450855783,261.901259778358
17.27,60,0,3104.55943509807,90.4502379066494,4,0.998228528248973,0.998228528248973,262.346977297899,261.882237038649
17.28,60,0,3105.11954908834,90.4720209886944,4,0.998233917829221,0.998233917829221,262.32651270142,261.863222524415
17.29,60,0,3105.67941773079,90.4937969634461,4,0.998239305506544,0.998239305506544,262.306057061882,261.844216231613
17.3,60,0,3106.23904113623,90.5155658323643,4,0.998244691281505,0.998244691281505,262.285610374953,261.825218156326
17.31,60,0,3106.79841941554,90.537327596909,4,0.998250075154661,0.998250075154661,262.265172636394,261.806228294731
17.32,60,0,3107.35755267961,90.5590822585407,4,0.998255457126566,0.998255457126566,262.244743842031,261.787246643066
17.33,60,0,3107.91644103934,90.58082981872,4,0.998260837197775,0.998260837197775,262.224323987733,261.768273197615
17.34,60,0,3108.47508460559,90.6025702789078,4,0.99826621536884,0.99826621536884,262.203913069402,261.749307954692
17.35,60,0,3109.0334834892,90.6243036405655,4,0.998271591640313,0.998271591640313,262.183511082959,261.730350910632
17.36,60,0,3109.59163780097,90.6460299051546,4,0.998276966012744,0.998276966012744,262.163118024344,261.711402061783
17.37,60,0,3110.14954765165,90.6677490741371,4,0.998282338486683,0.998282338486683,262.142733889507,261.692461404509
17.38,60,0,3110.70721315196,90.689461148975,4,0.998287709062682,0.998287709062682,262.122358674406,261.673528935179
17.39,60,0,3111.26463441254,90.711166131131,4,0.998293077741289,0.998293077741289,262.101992375006,261.654604650169
17.4,60,0,3111.821811544,90.7328640220679,4,0.998298444523055,0.998298444523055,262.081634987279,261.63568854586
17.41,60,0,3112.37874465688,90.7545548232487,4,0.998303809408528,0.998303809408528,262.061286507198,261.616780618635
17.42,60,0,3112.93543386168,90.776238536137,4,0.998309172398258,0.998309172398258,262.04094693074,261.597880864883
17.43,60,0,3113.49187926884,90.7979151621964,4,0.998314533492794,0.998314533492794,262.020616253887,261.578989280993
17.44,60,0,3114.04808098873,90.8195847028911,4,0.998319892692685,0.998319892692685,262.000294472622,261.56010586336
17.45,60,0,3114.60403913168,90.8412471596854,4,0.99832524999848,0.99832524999848,261.979981582931,261.541230608377
17.46,60,0,3115.15975380797,90.8629025340441,4,0.998330605410727,0.998330605410727,261.959677580803,261.522363512442
17.47,60,0,3115.7152251278,90.8845508274319,4,0.998335958929975,0.998335958929975,261.939382462227,261.503504571953
17.48,60,0,3116.27045320133,90.9061920413144,4,0.998341310556772,0.998341310556772,261.919096223198,261.484653783313
17.49,60,0,3116.82543813867,90.927826177157,4,0.998346660291667,0.998346660291667,261.898818859709,261.465811142923
17.5,60,0,3117.38018004985,90.9494532364257,4,0.998352008135207,0.998352008135207,261.878550367758,261.446976647188
17.51,60,0,3117.93467904488,90.9710732205867,4,0.998357354087942,0.998357354087942,261.858290743344,261.428150292516
17.52,60,0,3118.48893523367,90.9926861311065,4,0.998362698150418,0.998362698150418,261.838039982468,261.409332075314
17.53,60,0,3119.0429487261,91.0142919694519,4,0.998368040323184,0.998368040323184,261.817798081133,261.390521991992
17.54,60,0,3119.596719632,91.03589073709,4,0.998373380606787,0.998373380606787,261.797565035345,261.371720038963
17.55,60,0,3120.15024806113,91.0574824354883,4,0.998378719001775,0.998378719001775,261.77734084111,261.352926212639
17.56,60,0,3120.7035341232,91.0790670661145,4,0.998384055508695,0.998384055508695,261.757125494439,261.334140509437
17.57,60,0,3121.25657792785,91.1006446304367,4,0.998389390128095,0.998389390128095,261.736918991342,261.315362925773
17.58,60,0,3121.80937958469,91.122215129923,4,0.998394722860522,0.998394722860522,261.716721327833,261.296593458066
17.59,60,0,3122.36193920325,91.1437785660424,4,0.998400053706523,0.998400053706523,261.696532499927,261.277832102738
17.6,60,0,3122.91425689301,91.1653349402635,4,0.998405382666646,0.998405382666646,261.676352503641,261.25907885621
17.61,60,0,3123.46633276341,91.1868842540557,4,0.998410709741436,0.998410709741436,261.656181334994,261.240333714906
17.62,60,0,3124.01816692382,91.2084265088885,4,0.998416034931441,0.998416034931441,261.636018990009,261.221596675252
17.63,60,0,3124.56975948355,91.2299617062318,4,0.998421358237207,0.998421358237207,261.615865464708,261.202867733676
17.64,60,0,3125.12111055186,91.2514898475557,4,0.998426679659282,0.998426679659282,261.595720755118,261.184146886609
17.65,60,0,3125.67222023796,91.2730109343307,4,0.998431999198211,0.998431999198211,261.575584857264,261.16543413048
17.66,60,0,3126.223088651,91.2945249680274,4,0.998437316854541,0.998437316854541,261.555457767178,261.146729461722
17.67,60,0,3126.77371590006,91.3160319501169,4,0.998442632628817,0.998442632628817,261.535339480889,261.12803287677
17.68,60,0,3127.32410209419,91.3375318820705,4,0.998447946521587,0.998447946521587,261.515229994432,261.109344372062
17.69,60,0,3127.87424734237,91.3590247653599,4,0.998453258533396,0.998453258533396,261.495129303842,261.090663944033
17.7,60,0,3128.42415175353,91.380510601457,4,0.99845856866479,0.99845856866479,261.475037405157,261.071991589125
17.71,60,0,3128.97381543653,91.401989391834,4,0.998463876916314,0.998463876916314,261.454954294415,261.053327303779
17.72,60,0,3129.52323850019,91.4234611379633,4,0.998469183288515,0.998469183288515,261.434879967658,261.034671084439
17.73,60,0,3130.07242105327,91.4449258413179,4,0.998474487781937,0.998474487781937,261.41481442093,261.016022927548
17.74,60,0,3130.62136320447,91.4663835033709,4,0.998479790397127,0.998479790397127,261.394757650276,260.997382829555
17.75,60,0,3131.17006506245,91.4878341255955,4,0.998485091134629,0.998485091134629,261.374709651743,260.978750786907
17.76,60,0,3131.7185267358,91.5092777094656,4,0.998490389994989,0.998490389994989,261.354670421381,260.960126796056
17.77,60,0,3132.26674833305,91.5307142564551,4,0.998495686978752,0.998495686978752,261.33463995524,260.941510853452
17.78,60,0,3132.8147299627,91.5521437680382,4,0.998500982086462,0.998500982086462,261.314618249376,260.922902955551
17.79,60,0,3133.36247173316,91.5735662456896,4,0.998506275318665,0.998506275318665,261.294605299842,260.904303098806
17.8,60,0,3133.90997375281,91.5949816908841,4,0.998511566675905,0.998511566675905,261.274601102696,260.885711279675
17.81,60,0,3134.45723612997,91.6163901050968,4,0.998516856158727,0.998516856158727,261.254605653997,260.867127494617
17.82,60,0,3135.0042589729,91.6377914898032,4,0.998522143767675,0.998522143767675,261.234618949807,260.848551740093
17.83,60,0,3135.55104238981,91.659185846479,4,0.998527429503294,0.998527429503294,261.21464098619,260.829984012566
17.84,60,0,3136.09758648885,91.6805731766003,4,0.998532713366127,0.998532713366127,261.194671759209,260.811424308498
17.85,60,0,3136.64389137811,91.7019534816433,4,0.99853799535672,0.99853799535672,261.174711264933,260.792872624356
17.86,60,0,3137.18995716565,91.7233267630847,4,0.998543275475616,0.998543275475616,261.154759499431,260.774328956608
17.87,60,0,3137.73578395945,91.7446930224013,4,0.998548553723359,0.998548553723359,261.134816458773,260.755793301723
17.88,60,0,3138.28137186743,91.7660522610702,4,0.998553830100493,0.998553830100493,261.114882139033,260.73726565617
17.89,60,0,3138.82672099749,91.7874044805691,4,0.998559104607562,0.998559104607562,261.094956536286,260.718746016424
17.9,60,0,3139.37183145743,91.8087496823755,4,0.998564377245108,0.998564377245108,261.075039646609,260.700234378958
17.91,60,0,3139.91670335504,91.8300878679676,4,0.998569648013677,0.998569648013677,261.055131466081,260.681730740249
17.92,60,0,3140.46133679802,91.8514190388236,4,0.99857491691381,0.99857491691381,261.035231990785,260.663235096775
17.93,60,0,3141.00573189403,91.8727431964222,4,0.998580183946051,0.998580183946051,261.015341216801,260.644747445014
17.94,60,0,3141.54988875069,91.8940603422423,4,0.998585449110944,0.998585449110944,260.995459140216,260.626267781449
17.95,60,0,3142.09380747552,91.9153704777629,4,0.998590712409031,0.998590712409031,260.975585757115,260.607796102561
17.96,60,0,3142.63748817604,91.9366736044636,4,0.998595973840855,0.998595973840855,260.955721063589,260.589332404837
17.97,60,0,3143.18093095969,91.9579697238241,4,0.998601233406959,0.998601233406959,260.935865055727,260.570876684761
17.98,60,0,3143.72413593384,91.9792588373245,4,0.998606491107886,0.998606491107886,260.916017729624,260.552428938822
17.99,60,0,3144.26710320583,92.000540946445,4,0.998611746944178,0.998611746944178,260.896179081373,260.533989163511
18,60,0,3144.80983288294,92.0218160526662,4,0.998617000916378,0.998617000916378,260.876349107071,260.515557355317
18.01,60,0,3145.35232507239,92.0430841574689,4,0.998622253025028,0.998622253025028,260.856527802817,260.497133510735
18.02,60,0,3145.89457988135,92.0643452623344,4,0.99862750327067,0.99862750327067,260.836715164712,260.47871762626
18.03,60,0,3146.43659741693,92.085599368744,4,0.998632751653846,0.998632751653846,260.816911188859,260.460309698387
18.04,60,0,3146.9783777862,92.1068464781795,4,0.998637998175099,0.998637998175099,260.797115871361,260.441909723615
18.05,60,0,3147.51992109615,92.1280865921228,4,0.99864324283497,0.99864324283497,260.777329208325,260.423517698444
18.06,60,0,3148.06122745375,92.1493197120563,4,0.998648485634,0.998648485634,260.75755119586,260.405133619376
18.07,60,0,3148.60229696588,92.1705458394623,4,0.998653726572733,0.998653726572733,260.737781830077,260.386757482915
18.08,60,0,3149.14312973939,92.1917649758238,4,0.998658965651709,0.998658965651709,260.718021107087,260.368389285564
18.09,60,0,3149.68372588108,92.2129771226239,4,0.998664202871469,0.998664202871469,260.698269023005,260.350029023831
18.1,60,0,3150.22408549766,92.234182281346,4,0.998669438232555,0.998669438232555,260.678525573947,260.331676694224
18.11,60,0,3150.76420869584,92.2553804534735,4,0.998674671735509,0.998674671735509,260.658790756031,260.313332293254
18.12,60,0,3151.30409558222,92.2765716404906,4,0.99867990338087,0.99867990338087,260.639064565378,260.294995817432
18.13,60,0,3151.8437462634,92.2977558438814,4,0.998685133169181,0.998685133169181,260.61934699811,260.276667263272
18.14,60,0,3152.38316084588,92.3189330651304,4,0.998690361100982,0.998690361100982,260.59963805035,260.258346627289
18.15,60,0,3152.92233943613,92.3401033057224,4,0.998695587176814,0.998695587176814,260.579937718225,260.240033906
18.16,60,0,3153.46128214056,92.3612665671423,4,0.998700811397217,0.998700811397217,260.560245997862,260.221729095923
18.17,60,0,3153.99998906553,92.3824228508754,4,0.998706033762733,0.998706033762733,260.540562885391,260.203432193579
18.18,60,0,3154.53846031735,92.4035721584073,4,0.998711254273901,0.998711254273901,260.520888376945,260.185143195489
18.19,60,0,3155.07669600226,92.424714491224,4,0.998716472931261,0.998716472931261,260.501222468656,260.166862098178
18.2,60,0,3155.61469622646,92.4458498508114,4,0.998721689735355,0.998721689735355,260.481565156661,260.14858889817
18.21,60,0,3156.1524610961,92.4669782386559,4,0.998726904686721,0.998726904686721,260.461916437097,260.130323591993
18.22,60,0,3156.68999071726,92.4880996562443,4,0.998732117785901,0.998732117785901,260.442276306104,260.112066176176
18.23,60,0,3157.22728519598,92.5092141050635,4,0.998737329033433,0.998737329033433,260.422644759822,260.093816647247
18.24,60,0,3157.76434463824,92.5303215866006,4,0.998742538429858,0.998742538429858,260.403021794395,260.07557500174
18.25,60,0,3158.30116914997,92.5514221023431,4,0.998747745975716,0.998747745975716,260.383407405969,260.057341236188
18.26,60,0,3158.83775883705,92.5725156537787,4,0.998752951671545,0.998752951671545,260.363801590691,260.039115347127
18.27,60,0,3159.37411380529,92.5936022423955,4,0.998758155517885,0.998758155517885,260.34420434471,260.020897331094
18.28,60,0,3159.91023416047,92.6146818696818,4,0.998763357515276,0.998763357515276,260.324615664176,260.002687184627
18.29,60,0,3160.4461200083,92.6357545371259,4,0.998768557664257,0.998768557664257,260.305035545244,259.984484904266
18.3,60,0,3160.98177145445,92.6568202462169,4,0.998773755965366,0.998773755965366,260.285463984067,259.966290486555
18.31,60,0,3161.51718860451,92.6778789984437,4,0.998778952419144,0.998778952419144,260.265900976803,259.948103928036
18.32,60,0,3162.05237156405,92.6989307952957,4,0.998784147026128,0.998784147026128,260.24634651961,259.929925225255
18.33,60,0,3162.58732043857,92.7199756382625,4,0.998789339786857,0.998789339786857,260.22680060865,259.91175437476
18.34,60,0,3163.12203533352,92.7410135288339,4,0.99879453070187,0.99879453070187,260.207263240084,259.893591373097
18.35,60,0,3163.65651635429,92.7620444685002,4,0.998799719771706,0.998799719771706,260.187734410077,259.87543621682
18.36,60,0,3164.19076360623,92.7830684587516,4,0.998804906996903,0.998804906996903,260.168214114795,259.857288902478
18.37,60,0,3164.72477719462,92.8040855010789,4,0.998810092377999,0.998810092377999,260.148702350407,259.839149426627
18.38,60,0,3165.25855722471,92.825095596973,4,0.998815275915532,0.998815275915532,260.129199113083,259.82101778582
18.39,60,0,3165.79210380167,92.846098747925,4,0.998820457610041,0.998820457610041,260.109704398995,259.802893976617
18.4,60,0,3166.32541703064,92.8670949554265,4,0.998825637462064,0.998825637462064,260.090218204317,259.784777995574
18.41,60,0,3166.85849701669,92.8880842209691,4,0.998830815472138,0.998830815472138,260.070740525225,259.766669839253
18.42,60,0,3167.39134386485,92.9090665460449,4,0.998835991640801,0.998835991640801,260.051271357897,259.748569504216
18.43,60,0,3167.92395768009,92.9300419321459,4,0.998841165968591,0.998841165968591,260.031810698512,259.730476987026
18.44,60,0,3168.45633856734,92.9510103807648,4,0.998846338456045,0.998846338456045,260.012358543253,259.712392284248
18.45,60,0,3168.98848663145,92.9719718933943,4,0.998851509103701,0.998851509103701,259.992914888302,259.69431539245
18.46,60,0,3169.52040197723,92.9929264715275,4,0.998856677912096,0.998856677912096,259.973479729845,259.676246308201
18.47,60,0,3170.05208470947,93.0138741166575,4,0.998861844881768,0.998861844881768,259.95405306407,259.65818502807
18.48,60,0,3170.58353493285,93.0348148302779,4,0.998867010013252,0.998867010013252,259.934634887165,259.640131548629
18.49,60,0,3171.11475275203,93.0557486138826,4,0.998872173307087,0.998872173307087,259.915225195322,259.622085866453
18.5,60,0,3171.64573827162,93.0766754689655,4,0.998877334763809,0.998877334763809,259.895823984734,259.604047978115
18.51,60,0,3172.17649159618,93.097595397021,4,0.998882494383955,0.998882494383955,259.876431251596,259.586017880195
18.52,60,0,3172.70701283018,93.1185083995435,4,0.998887652168062,0.998887652168062,259.857046992105,259.567995569269
18.53,60,0,3173.2373020781,93.1394144780281,4,0.998892808116665,0.998892808116665,259.837671202458,259.549981041918
18.54,60,0,3173.7673594443,93.1603136339696,4,0.998897962230303,0.998897962230303,259.818303878857,259.531974294724
18.55,60,0,3174.29718503314,93.1812058688635,4,0.99890311450951,0.99890311450951,259.798945017505,259.513975324271
18.56,60,0,3174.82677894891,93.2020911842053,4,0.998908264954823,0.998908264954823,259.779594614606,259.495984127143
18.57,60,0,3175.35614129583,93.2229695814909,4,0.998913413566778,0.998913413566778,259.760252666365,259.478000699927
18.58,60,0,3175.8852721781,93.2438410622163,4,0.998918560345912,0.998918560345912,259.740919168991,259.460025039213
18.59,60,0,3176.41417169984,93.2647056278779,4,0.99892370529276,0.99892370529276,259.721594118694,259.442057141588
18.6,60,0,3176.94283996514,93.2855632799723,4,0.998928848407857,0.998928848407857,259.702277511687,259.424097003647
18.61,60,0,3177.47127707802,93.3064140199964,4,0.99893398969174,0.99893398969174,259.682969344182,259.406144621982
18.62,60,0,3177.99948314245,93.3272578494471,4,0.998939129144944,0.998939129144944,259.663669612395,259.388199993187
18.63,60,0,3178.52745826236,93.348094769822,4,0.998944266768004,0.998944266768004,259.644378312545,259.370263113859
18.64,60,0,3179.05520254161,93.3689247826185,4,0.998949402561456,0.998949402561456,259.62509544085,259.352333980598
18.65,60,0,3179.58271608404,93.3897478893346,4,0.998954536525835,0.998954536525835,259.605820993531,259.334412590002
18.66,60,0,3180.10999899339,93.4105640914684,4,0.998959668661677,0.998959668661677,259.586554966812,259.316498938672
18.67,60,0,3180.63705137339,93.4313733905181,4,0.998964798969515,0.998964798969515,259.567297356918,259.298593023214
18.68,60,0,3181.1638733277,93.4521757879825,4,0.998969927449885,0.998969927449885,259.548048160075,259.28069484023
18.69,60,0,3181.69046495993,93.4729712853602,4,0.998975054103323,0.998975054103323,259.528807372513,259.262804386327
18.7,60,0,3182.21682637364,93.4937598841506,4,0.998980178930361,0.998980178930361,259.509574990462,259.244921658114
18.71,60,0,3182.74295767233,93.5145415858528,4,0.998985301931536,0.998985301931536,259.490351010155,259.2270466522
18.72,60,0,3183.26885895946,93.5353163919665,4,0.998990423107381,0.998990423107381,259.471135427826,259.209179365197
18.73,60,0,3183.79453033844,93.5560843039915,4,0.998995542458431,0.998995542458431,259.451928239711,259.191319793716
18.74,60,0,3184.3200623755,93.5768452978001,4,0.999000657403756,0.999000657403756,259.430553019675,259.171293017275
18.75,60,0,3184.84957624549,93.5975981961393,4,0.99900565034725,0.99900565034725,259.397539610293,259.139607756857
18.76,60,0,3185.38397532161,93.6183427139521,4,0.999010495530023,0.999010495530023,259.368867165673,259.11222051224
18.77,60,0,3185.92156568019,93.6390793090746,4,0.999015241304467,0.999015241304467,259.343101516721,259.087711142375
18.78,60,0,3186.46121405932,93.659808288331,4,0.999019920017025,0.999019920017025,259.319283642274,259.065130003177
18.79,60,0,3187.0021621576,93.6805298575533,4,0.999024553310542,0.999024553310542,259.296772100526,259.043841922594
18.8,60,0,3187.54390249482,93.7012441550181,4,0.999029155668629,0.999029155668629,259.275137775075,259.023421977301
18.81,60,0,3188.08609540412,93.7219512738045,4,0.999033736785463,0.999033736785463,259.25409353927,259.003585845465
18.82,60,0,3188.62851351493,93.7426512767474,4,0.999038303150616,0.999038303150616,259.23344724016,258.984143250695
18.83,60,0,3189.17100461497,93.7633442064393,4,0.999042859109102,0.999042859109102,259.213070262509,258.964966833506
18.84,60,0,3189.71346680223,93.7840300919235,4,0.999047407570554,0.999047407570554,259.192876505414,258.945971333489
18.85,60,0,3190.25583185716,93.8047089531724,4,0.999051950483741,0.999051950483741,259.172808319828,258.927099664272
18.86,60,0,3190.79805411382,93.8253808040843,4,0.999056489154113,0.999056489154113,259.152827100517,258.908313597406
18.87,60,0,3191.34010301028,93.84604565449,4,0.999061024456347,0.999061024456347,259.132906990908,258.889587528688
18.88,60,0,3191.88195810118,93.8667035114963,4,0.999065556976626,0.999065556976626,259.113030670127,258.870904306352
18.89,60,0,3192.42360571813,93.8873543803849,4,0.999070087107895,0.999070087107895,259.093186533131,258.852252438717
18.9,60,0,3192.96503673323,93.9079982652151,4,0.999074615113646,0.999074615113646,259.073366802969,258.833624224872
18.91,60,0,3193.50624506106,93.928635169227,4,0.999079141170642,0.999079141170642,259.053566266874,258.815014503101
18.92,60,0,3194.04722665522,93.9492650951119,4,0.999083665397523,0.999083665397523,259.033781429901,258.796419812766
18.93,60,0,3194.58797883599,93.9698880451932,4,0.999088187873978,0.999088187873978,259.014009948093,258.777837833013
18.94,60,0,3195.12849983982,93.9905040215478,4,0.999092708653587,0.999092708653587,258.9942502488,258.759267006779
18.95,60,0,3195.66878851742,94.0111130260876,4,0.999097227772429,0.999097227772429,258.974501276312,258.740706288911
18.96,60,0,3196.20884413139,94.0317150606136,4,0.999101745254842,0.999101745254842,258.954762321437,258.722154977401
18.97,60,0,3196.74866622053,94.0523101268526,4,0.9991062611173,0.9991062611173,258.935032907293,258.70361260029
18.98,60,0,3197.28825450891,94.0728982264819,4,0.999110775370995,0.999110775370995,258.91531271276,258.685078839869
18.99,60,0,3197.82760884488,94.0934793611454,4,0.99911528802358,0.99911528802358,258.895601521177,258.666553481869
19,60,0,3198.36672916012,94.1140535324649,4,0.999119799080332,0.999119799080332,258.875899185945,258.648036381401
19.01,60,0,3198.90561544227,94.1346207420473,4,0.999124308544937,0.999124308544937,258.856205607458,258.629527440117
19.02,60,0,3199.44426771647,94.1551809914896,4,0.999128816420008,0.999128816420008,258.836520717641,258.611026590889
19.03,60,0,3199.98268603302,94.1757342823822,4,0.999133322707441,0.999133322707441,258.816844469577,258.592533787544
19.04,60,0,3200.52367932304,94.1962807161937,4,0.9991377483969,0.9991377483969,258.799502590233,258.576352304243
19.05,60,0,3201.06913206397,94.2168207544482,4,0.999142040893253,0.999142040893253,258.786043412589,258.564015569944
19.06,60,0,3201.61757564813,94.2373548112146,4,0.999146241993518,0.999146241993518,258.775237143477,258.554305712887
19.07,60,0,3202.16799760079,94.2578831682758,4,0.999150380506499,0.999150380506499,258.766236415988,258.546383577269
19.08,60,0,3202.71970901174,94.2784060174673,4,0.999154476032611,0.999154476032611,258.758464876938,258.53967839312
19.09,60,0,3203.27224106858,94.29892348944,4,0.999158541909114,0.999158541909114,258.751530440932,258.533801872113
19.1,60,0,3203.82527470007,94.319435673219,4,0.999162587212681,0.999162587212681,258.74516633631,258.528489825363
19.11,60,0,3204.37859272482,94.3399426295056,4,0.999166618121252,0.999166618121252,258.739191028004,258.523562474879
19.12,60,0,3204.93204730093,94.3604443997258,4,0.999170638840323,0.999170638840323,258.733480966903,258.518897467081
19.13,60,0,3205.48553778053,94.3809410121872,4,0.999174652233064,0.999174652233064,258.727952057148,258.514411519674
19.14,60,0,3206.03899564111,94.4014324862672,4,0.99917866024903,0.99917866024903,258.722547050273,258.510047937908
19.15,60,0,3206.59237423085,94.4219188352641,4,0.999182664215871,0.999182664215871,258.717226969455,258.505768121883
19.16,60,0,3207.14564178915,94.4424000683372,4,0.999186665037852,0.999186665037852,258.711965274648,258.501545788164
19.17,60,0,3207.69877669561,94.4628761918277,4,0.999190663330968,0.999190663330968,258.706743892048,258.497363037691
19.18,60,0,3208.25176423571,94.4833472101575,4,0.99919465951492,0.99919465951492,258.701550511886,258.493207679706
19.19,60,0,3208.80459439862,94.5038131264415,4,0.999198653875723,0.999198653875723,258.696376749153,258.48907141028
19.2,60,0,3209.35726037761,94.5242739429048,4,0.999202646608341,0.999202646608341,258.691216891546,258.484948572365
19.21,60,0,3209.90975754884,94.544729661166,4,0.999206637845714,0.999206637845714,258.686067047051,258.480835311615
19.22,60,0,3210.46208277579,94.5651802824311,4,0.999210627678528,0.999210627678528,258.680924563536,258.476729001593
19.23,60,0,3211.01423393542,94.5856258076247,4,0.999214616168676,0.999214616168676,258.675787633503,258.47262785234
19.24,60,0,3211.56620959541,94.6060662374803,4,0.999218603358436,0.999218603358436,258.670655024908,258.4685306438
19.25,60,0,3212.11800879421,94.626501572601,4,0.999222589276716,0.999222589276716,258.66552589781,258.464436544233
19.26,60,0,3212.66963089118,94.6469318135013,4,0.999226573943309,0.999226573943309,258.66039967947,258.460344986524
19.27,60,0,3213.22107546446,94.6673569606356,4,0.9992305573718,0.9992305573718,258.655275979259,258.456255583912
19.28,60,0,3213.77234224134,94.6877770144173,4,0.999234539571535,0.999234539571535,258.650154530678,258.452168072568
19.29,60,0,3214.32343105084,94.7081919752324,4,0.999238520548976,0.999238520548976,258.645035151841,258.448082272463
19.3,60,0,3214.87434179135,94.7286018434479,4,0.999242500308614,0.999242500308614,258.639917718557,258.443998060705
19.31,60,0,3215.42507440853,94.7490066194186,4,0.9992464788536,0.9992464788536,258.634802145969,258.439915353357
19.32,60,0,3215.97562888036,94.7694063034906,4,0.999250456186167,0.999250456186167,258.629688376047,258.435834093051
19.33,60,0,3216.52600520678,94.7898008960047,4,0.999254432307923,0.999254432307923,258.624576369053,258.431754240535
19.34,60,0,3217.07620340279,94.8101903972983,4,0.999258407220052,0.999258407220052,258.619466097728,258.427675768915
19.35,60,0,3217.6262234936,94.8305748077062,4,0.999262380923445,0.999262380923445,258.614357543326,258.423598659731
19.36,60,0,3218.17606551143,94.850954127562,4,0.999266353418795,0.999266353418795,258.609250692909,258.419522900271
19.37,60,0,3218.72572949326,94.8713283571989,4,0.999270324706662,0.999270324706662,258.604145537501,258.415448481748
19.38,60,0,3219.27521547931,94.8916974969494,4,0.999274294787511,0.999274294787511,258.599042070832,258.411375398056
19.39,60,0,3219.82452351203,94.9120615471462,4,0.999278263661744,0.999278263661744,258.593940288473,258.407303644914
19.4,60,0,3220.37365363538,94.932420508122,4,0.999282231329721,0.999282231329721,258.588840187259,258.403233219289
19.41,60,0,3220.92260589435,94.9527743802101,4,0.999286197791772,0.999286197791772,258.583741764884,258.399164119
19.42,60,0,3221.47138033464,94.9731231637441,4,0.999290163048207,0.999290163048207,258.578645019627,258.395096342447
19.43,60,0,3222.01997700239,94.9934668590581,4,0.999294127099322,0.999294127099322,258.57354995017,258.391029888428
19.44,60,0,3222.56839594412,95.0138054664866,4,0.999298089945405,0.999298089945405,258.56845655547,258.386964756012
19.45,60,0,3223.1166372065,95.0341389863648,4,0.999302051586736,0.999302051586736,258.563364834667,258.382900944452
19.46,60,0,3223.66470083642,95.0544674190283,4,0.999306012023591,0.999306012023591,258.558274787032,258.378838453128
19.47,60,0,3224.2125868808,95.0747907648135,4,0.999309971256244,0.999309971256244,258.553186411922,258.374777281508
19.48,60,0,3224.76029538666,95.0951090240573,4,0.999313929284965,0.999313929284965,258.548099708753,258.370717429115
19.49,60,0,3225.30782640107,95.1154221970972,4,0.999317886110024,0.999317886110024,258.543014676985,258.366658895518
19.5,60,0,3225.85517997109,95.1357302842711,4,0.99932184173169,0.99932184173169,258.537931316102,258.362601680308
19.51,60,0,3226.40235614384,95.1560332859179,4,0.999325796150231,0.999325796150231,258.532849625609,258.358545783099
19.52,60,0,3226.9493549664,95.1763312023768,4,0.999329749365914,0.999329749365914,258.527769605023,258.354491203517
19.53,60,0,3227.4961764859,95.1966240339878,4,0.999333701379008,0.999333701379008,258.522691253873,258.350437941195
19.54,60,0,3228.04282074943,95.2169117810913,4,0.999337652189779,0.999337652189779,258.517614571689,258.346385995774
19.55,60,0,3228.5892878041,95.2371944440284,4,0.999341601798495,0.999341601798495,258.51253955801,258.342335366899
19.56,60,0,3229.13557769701,95.2574720231409,4,0.999345550205421,0.999345550205421,258.507466212376,258.338286054216
19.57,60,0,3229.68169047525,95.2777445187712,4,0.999349497410825,0.999349497410825,258.502394534328,258.334238057375
19.58,60,0,3230.22762618592,95.2980119312622,4,0.999353443414973,0.999353443414973,258.49732452341,258.330191376027
19.59,60,0,3230.77338487608,95.3182742609573,4,0.999357388218133,0.999357388218133,258.492256179167,258.326146009824
19.6,60,0,3231.31896659282,95.3385315082009,4,0.99936133182057,0.99936133182057,258.487189501143,258.322101958418
19.61,60,0,3231.86437138321,95.3587836733376,4,0.999365274222552,0.999365274222552,258.482124488884,258.318059221461
19.62,60,0,3232.4095992943,95.3790307567129,4,0.999369215424346,0.999369215424346,258.477061141936,258.314017798607
19.63,60,0,3232.95465037314,95.3992727586726,4,0.999373155426216,0.999373155426216,258.471999459845,258.309977689508
19.64,60,0,3233.49952466677,95.4195096795635,4,0.999377094228431,0.999377094228431,258.466939442158,258.30593889382
19.65,60,0,3234.04422222225,95.4397415197326,4,0.999381031831257,0.999381031831257,258.461881088422,258.301901411195
19.66,60,0,3234.58874308658,95.4599682795278,4,0.999384968234961,0.999384968234961,258.456824398183,258.297865241287
19.67,60,0,3235.1330873068,95.4801899592975,4,0.999388903439808,0.999388903439808,258.451769370988,258.29383038375
19.68,60,0,3235.67725492991,95.5004065593907,4,0.999392837446066,0.999392837446066,258.446716006384,258.289796838238
19.69,60,0,3236.22124600292,95.520618080157,4,0.999396770254,0.999396770254,258.441664303919,258.285764604405
19.7,60,0,3236.76506057283,95.5408245219466,4,0.999400701863879,0.999400701863879,258.436614263139,258.281733681906
19.71,60,0,3237.30869868663,95.5610258851103,4,0.999404632275967,0.999404632275967,258.431565883592,258.277704070393
19.72,60,0,3237.8521603913,95.5812221699996,4,0.999408561490531,0.999408561490531,258.426519164825,258.273675769523
19.73,60,0,3238.39544573382,95.6014133769665,4,0.999412489507839,0.999412489507839,258.421474106385,258.269648778947
19.74,60,0,3238.93855476114,95.6215995063636,4,0.999416416328156,0.999416416328156,258.41643070782,258.265623098323
19.75,60,0,3239.48148752023,95.6417805585441,4,0.999420341951749,0.999420341951749,258.411388968678,258.261598727303
19.76,60,0,3240.02424405804,95.6619565338619,4,0.999424266378884,0.999424266378884,258.406348888506,258.257575665541
19.77,60,0,3240.56682442151,95.6821274326714,4,0.999428189609828,0.999428189609828,258.401310466851,258.253553912692
19.78,60,0,3241.10922865758,95.7022932553276,4,0.999432111644847,0.999432111644847,258.396273703264,258.249533468413
19.79,60,0,3241.65145681317,95.7224540021862,4,0.999436032484208,0.999436032484208,258.39123859729,258.245514332356
19.8,60,0,3242.1935089352,95.7426096736033,4,0.999439952128177,0.999439952128177,258.386205148477,258.241496504175
19.81,60,0,3242.73538507059,95.7627602699359,4,0.99944387057702,0.99944387057702,258.381173356375,258.237479983527
19.82,60,0,3243.27708526623,95.7829057915413,4,0.999447787831004,0.999447787831004,258.37614322053,258.233464770065
19.83,60,0,3243.81860956903,95.8030462387777,4,0.999451703890396,0.999451703890396,258.371114740491,258.229450863444
19.84,60,0,3244.35995802587,95.8231816120035,4,0.99945561875546,0.99945561875546,258.366087915807,258.225438263321
19.85,60,0,3244.90113068363,95.8433119115781,4,0.999459532426465,0.999459532426465,258.361062746025,258.221426969347
19.86,60,0,3245.44212758918,95.8634371378612,4,0.999463444903676,0.999463444903676,258.356039230695,258.21741698118
19.87,60,0,3245.9829487894,95.8835572912134,4,0.999467356187359,0.999467356187359,258.351017369365,258.213408298473
19.88,60,0,3246.52359433112,95.9036723719955,4,0.999471266277781,0.999471266277781,258.345997161583,258.209400920883
19.89,60,0,3247.06406426122,95.9237823805692,4,0.999475175175209,0.999475175175209,258.340978606897,258.205394848063
19.9,60,0,3247.60435862652,95.9438873172968,4,0.999479082879908,0.999479082879908,258.335961704858,258.20139007967
19.91,60,0,3248.14447747385,95.963987182541,4,0.999482989392145,0.999482989392145,258.330946455012,258.197386615358
19.92,60,0,3248.68442085005,95.9840819766653,4,0.999486894712186,0.999486894712186,258.325932856912,258.193384454783
19.93,60,0,3249.22418880194,96.0041717000336,4,0.999490798840297,0.999490798840297,258.320920910102,258.189383597599
19.94,60,0,3249.76378137632,96.0242563530105,4,0.999494701776745,0.999494701776745,258.315910614134,258.185384043462
19.95,60,0,3250.30319861999,96.0443359359612,4,0.999498603521796,0.999498603521796,258.310901968557,258.181385792028
19.96,60,0,3250.84244057975,96.0644104492516,4,0.999502504075715,0.999502504075715,258.305894972919,258.177388842952
19.97,60,0,3251.38150730239,96.0844798932479,4,0.99950640343877,0.99950640343877,258.300889626771,258.173393195888
19.98,60,0,3251.92039883468,96.1045442683171,4,0.999510301611227,0.999510301611227,258.295885929661,258.169398850494
19.99,60,0,3252.4591152234,96.1246035748269,4,0.999514198593352,0.999514198593352,258.290883881138,258.165405806424
20,60,0,3252.9976565153,96.1446578131453,4,0.99951809438541,0.99951809438541,258.285883480753,258.161414063334
20.01,60,0,3253.53602275715,96.1647069836411,4,0.999521988987669,0.999521988987669,258.280884728055,258.15742362088
20.02,60,0,3254.0742139957,96.1847510866836,4,0.999525882400393,0.999525882400393,258.275887622592,258.153434478716
20.03,60,0,3254.61223027767,96.2047901226428,4,0.999529774623851,0.999529774623851,258.270892163916,258.1494466365
20.04,60,0,3255.15007164981,96.2248240918892,4,0.999533665658307,0.999533665658307,258.265898351576,258.145460093887
20.05,60,0,3255.68773815884,96.2448529947939,4,0.999537555504027,0.999537555504027,258.260906185123,258.141474850532
20.06,60,0,3256.22522985148,96.2648768317286,4,0.999541444161279,0.999541444161279,258.255915664105,258.137490906093
20.07,60,0,3256.76254677442,96.2848956030655,4,0.999545331630328,0.999545331630328,258.250926788072,258.133508260223
20.08,60,0,3257.29968897439,96.3049093091776,4,0.99954921791144,0.99954921791144,258.245939556576,258.129526912581
20.09,60,0,3257.83665649806,96.3249179504383,4,0.999553103004881,0.999553103004881,258.240953969166,258.12554686282
20.1,60,0,3258.37344939212,96.3449215272217,4,0.999556986910917,0.999556986910917,258.235970025392,258.121568110598
20.11,60,0,3258.91006770326,96.3649200399025,4,0.999560869629815,0.999560869629815,258.230987724805,258.117590655572
20.12,60,0,3259.44651147814,96.3849134888558,4,0.99956475116184,0.99956475116184,258.226007066954,258.113614497396
20.13,60,0,3259.98278076342,96.4049018744574,4,0.999568631507259,0.999568631507259,258.221028051392,258.109639635727
20.14,60,0,3260.51887560576,96.4248851970839,4,0.999572510666338,0.999572510666338,258.216050677668,258.105666070223
20.15,60,0,3261.0547960518,96.4448634571121,4,0.999576388639342,0.999576388639342,258.211074945333,258.101693800538
20.16,60,0,3261.59054214819,96.4648366549197,4,0.999580265426538,0.999580265426538,258.206100853937,258.097722826329
20.17,60,0,3262.12611394155,96.4848047908848,4,0.999584141028191,0.999584141028191,258.201128403031,258.093753147253
20.18,60,0,3262.66151147851,96.5047678653862,4,0.999588015444568,0.999588015444568,258.196157592167,258.089784762967
20.19,60,0,3263.19673480568,96.5247258788032,4,0.999591888675935,0.999591888675935,258.191188420894,258.085817673126
20.2,60,0,3263.73178396967,96.5446788315157,4,0.999595760722558,0.999595760722558,258.186220888764,258.081851877387
20.21,60,0,3264.26665901708,96.5646267239043,4,0.999599631584702,0.999599631584702,258.18125499533,258.077887375407
20.22,60,0,3264.80135999451,96.58456955635,4,0.999603501262634,0.999603501262634,258.17629074014,258.073924166843
20.23,60,0,3265.33588694853,96.6045073292345,4,0.999607369756619,0.999607369756619,258.171328122747,258.069962251352
20.24,60,0,3265.87023992573,96.6244400429401,4,0.999611237066924,0.999611237066924,258.166367142701,258.066001628589
20.25,60,0,3266.40441897266,96.6443676978495,4,0.999615103193814,0.999615103193814,258.161407799555,258.062042298213
20.26,60,0,3266.9384241359,96.6642902943463,4,0.999618968137556,0.999618968137556,258.156450092859,258.058084259878
20.27,60,0,3267.472255462,96.6842078328144,4,0.999622831898414,0.999622831898414,258.151494022167,258.054127513245
20.28,60,0,3268.0059129975,96.7041203136384,4,0.999626694476656,0.999626694476656,258.146539587028,258.050172057968
20.29,60,0,3268.53939678894,96.7240277372036,4,0.999630555872547,0.999630555872547,258.141586786994,258.046217893704
20.3,60,0,3269.07270688285,96.7439301038955,4,0.999634416086353,0.999634416086353,258.136635621618,258.042265020111
20.31,60,0,3269.60584332575,96.7638274141006,4,0.99963827511834,0.99963827511834,258.131686090451,258.038313436847
20.32,60,0,3270.13880616416,96.7837196682058,4,0.999642132968773,0.999642132968773,258.126738193045,258.034363143568
20.33,60,0,3270.67159544458,96.8036068665985,4,0.999645989637919,0.999645989637919,258.121791928952,258.03041413993
20.34,60,0,3271.20421121352,96.8234890096669,4,0.999649845126043,0.999649845126043,258.116847297725,258.026466425593
20.35,60,0,3271.73665351746,96.8433660977996,4,0.999653699433411,0.999653699433411,258.111904298915,258.022520000212
20.36,60,0,3272.26892240289,96.8632381313857,4,0.999657552560289,0.999657552560289,258.106962932074,258.018574863447
20.37,60,0,3272.80101791628,96.8831051108151,4,0.999661404506942,0.999661404506942,258.102023196756,258.014631014952
20.38,60,0,3273.3329401041,96.9029670364783,4,0.999665255273637,0.999665255273637,258.097085092511,258.010688454387
20.39,60,0,3273.86468901281,96.9228239087661,4,0.99966910486064,0.99966910486064,258.092148618894,258.006747181409
20.4,60,0,3274.39626468887,96.9426757280701,4,0.999672953268215,0.999672953268215,258.087213775456,258.002807195675
20.41,60,0,3274.92766717871,96.9625224947824,4,0.99967680049663,0.99967680049663,258.082280561749,257.998868496843
20.42,60,0,3275.45889652878,96.9823642092957,4,0.999680646546149,0.999680646546149,258.077348977327,257.99493108457
20.43,60,0,3275.9899527855,97.0022008720033,4,0.999684491417038,0.999684491417038,258.072419021742,257.990994958515
20.44,60,0,3276.5208359953,97.022032483299,4,0.999688335109563,0.999688335109563,258.067490694548,257.987060118335
20.45,60,0,3277.05154620459,97.0418590435772,4,0.999692177623989,0.999692177623989,258.062563995297,257.983126563688
20.46,60,0,3277.58208345978,97.061680553233,4,0.999696018960583,0.999696018960583,258.057638923541,257.979194294232
20.47,60,0,3278.11244780726,97.0814970126618,4,0.99969985911961,0.99969985911961,258.052715478835,257.975263309624
20.48,60,0,3278.64263929342,97.1013084222599,4,0.999703698101336,0.999703698101336,258.04779366073,257.971333609523
20.49,60,0,3279.17265796465,97.1211147824239,4,0.999707535906027,0.999707535906027,258.042873468781,257.967405193586
20.5,60,0,3279.70250386732,97.1409160935512,4,0.999711372533947,0.999711372533947,258.037954902542,257.963478061473
20.51,60,0,3280.2321770478,97.1607123560396,4,0.999715207985363,0.999715207985363,258.033037961564,257.95955221284
20.52,60,0,3280.76167755245,97.1805035702875,4,0.99971904226054,0.99971904226054,258.028122645401,257.955627647346
20.53,60,0,3281.29100542762,97.2002897366939,4,0.999722875359745,0.999722875359745,258.023208953608,257.951704364649
20.54,60,0,3281.82016071965,97.2200708556585,4,0.999726707283242,0.999726707283242,258.018296885737,257.947782364408
20.55,60,0,3282.34914347488,97.2398469275814,4,0.999730538031297,0.999730538031297,258.013386441342,257.94386164628
20.56,60,0,3282.87795373964,97.2596179528632,4,0.999734367604175,0.999734367604175,258.008477619977,257.939942209924
20.57,60,0,3283.40659156025,97.2793839319054,4,0.999738196002143,0.999738196002143,258.003570421197,257.936024054999
20.58,60,0,3283.93505698303,97.2991448651097,4,0.999742023225466,0.999742023225466,257.998664844554,257.932107181163
20.59,60,0,3284.46335005427,97.3189007528786,4,0.999745849274409,0.999745849274409,257.993760889603,257.928191588075
20.6,60,0,3284.99147082028,97.3386515956151,4,0.999749674149239,0.999749674149239,257.988858555897,257.924277275392
20.61,60,0,3285.51941932734,97.3583973937227,4,0.999753497850219,0.999753497850219,257.983957842991,257.920364242773
20.62,60,0,3286.04719562174,97.3781381476057,4,0.999757320377617,0.999757320377617,257.979058750439,257.916452489879
20.63,60,0,3286.57479974975,97.3978738576687,4,0.999761141731697,0.999761141731697,257.974161277796,257.912542016366
20.64,60,0,3287.10223175763,97.4176045243169,4,0.999764961912725,0.999764961912725,257.969265424615,257.908632821894
20.65,60,0,3287.62949169166,97.4373301479563,4,0.999768780920967,0.999768780920967,257.964371190452,257.904724906121
20.66,60,0,3288.15657959807,97.4570507289933,4,0.999772598756687,0.999772598756687,257.959478574859,257.900818268707
20.67,60,0,3288.68349552311,97.4767662678348,4,0.999776415420152,0.999776415420152,257.954587577394,257.89691290931
20.68,60,0,3289.21023951302,97.4964767648884,4,0.999780230911627,0.999780230911627,257.949698197608,257.893008827589
20.69,60,0,3289.73681161403,97.5161822205621,4,0.999784045231377,0.999784045231377,257.944810435059,257.889106023204
20.7,60,0,3290.26321187235,97.5358826352648,4,0.999787858379668,0.999787858379668,257.9399242893,257.885204495812
20.71,60,0,3290.7894403342,97.5555780094055,4,0.999791670356764,0.999791670356764,257.935039759885,257.881304245074
20.72,60,0,3291.31549704577,97.5752683433942,4,0.999795481162933,0.999795481162933,257.930156846372,257.877405270649
20.73,60,0,3291.84138205328,97.5949536376411,4,0.999799290798438,0.999799290798438,257.925275548313,257.873507572195
20.74,60,0,3292.36709540291,97.6146338925574,4,0.999803099263545,0.999803099263545,257.920395865264,257.869611149372
20.75,60,0,3292.89263714083,97.6343091085543,4,0.99980690655852,0.99980690655852,257.915517796782,257.865716001839
20.76,60,0,3293.41800731323,97.653979286044,4,0.999810712683629,0.999810712683629,257.910641342419,257.861822129256
20.77,60,0,3293.94320596627,97.6736444254392,4,0.999814517639135,0.999814517639135,257.905766501733,257.857929531282
20.78,60,0,3294.46823314611,97.693304527153,4,0.999818321425305,0.999818321425305,257.900893274279,257.854038207576
20.79,60,0,3294.9930888989,97.7129595915991,4,0.999822124042404,0.999822124042404,257.896021659611,257.850148157798
20.8,60,0,3295.51777327077,97.732609619192,4,0.999825925490697,0.999825925490697,257.891151657287,257.846259381609
20.81,60,0,3296.04228630788,97.7522546103464,4,0.99982972577045,0.99982972577045,257.88628326686,257.842371878666
20.82,60,0,3296.56662805633,97.7718945654778,4,0.999833524881928,0.999833524881928,257.881416487887,257.838485648629
20.83,60,0,3297.09079856226,97.7915294850023,4,0.999837322825396,0.999837322825396,257.876551319924,257.834600691158
20.84,60,0,3297.61479787178,97.8111593693363,4,0.999841119601119,0.999841119601119,257.871687762526,257.830717005914
20.85,60,0,3298.13862603098,97.830784218897,4,0.999844915209363,0.999844915209363,257.86682581525,257.826834592556
20.86,60,0,3298.66228308598,97.8504040341021,4,0.999848709650393,0.999848709650393,257.861965477651,257.822953450744
20.87,60,0,3299.18576908284,97.8700188153697,4,0.999852502924473,0.999852502924473,257.857106749286,257.819073580137
20.88,60,0,3299.70908406767,97.8896285631188,4,0.999856295031871,0.999856295031871,257.852249629711,257.815194980396
20.89,60,0,3300.23222808652,97.9092332777686,4,0.999860085972849,0.999860085972849,257.847394118482,257.81131765118
20.9,60,0,3300.75520118547,97.9288329597391,4,0.999863875747674,0.999863875747674,257.842540215155,257.80744159215
20.91,60,0,3301.27800341057,97.9484276094508,4,0.999867664356612,0.999867664356612,257.837687919286,257.803566802966
20.92,60,0,3301.80063480787,97.9680172273246,4,0.999871451799926,0.999871451799926,257.832837230433,257.799693283287
20.93,60,0,3302.32309542343,97.9876018137822,4,0.999875238077882,0.999875238077882,257.827988148152,257.795821032775
20.94,60,0,3302.84538530326,98.0071813692457,4,0.999879023190746,0.999879023190746,257.823140671998,257.791950051088
20.95,60,0,3303.3675044934,98.0267558941379,4,0.999882807138782,0.999882807138782,257.81829480153,257.788080337888
20.96,60,0,3303.88945303986,98.0463253888819,4,0.999886589922256,0.999886589922256,257.813450536304,257.784211892835
20.97,60,0,3304.41123098867,98.0658898539016,4,0.999890371541432,0.999890371541432,257.808607875876,257.780344715589
20.98,60,0,3304.93283838581,98.0854492896213,4,0.999894151996576,0.999894151996576,257.803766819804,257.776478805811
20.99,60,0,3305.4542752773,98.1050036964661,4,0.999897931287953,0.999897931287953,257.798927367645,257.772614163162
21,60,0,3305.97554170911,98.1245530748612,4,0.999901709415828,0.999901709415828,257.794089518955,257.768750787301
21.01,60,0,3306.49663772724,98.1440974252329,4,0.999905486380466,0.999905486380466,257.789253273292,257.764888677888
21.02,60,0,3307.01756337764,98.1636367480076,4,0.999909262182132,0.999909262182132,257.784418630213,257.761027834586
21.03,60,0,3307.53831870629,98.1831710436125,4,0.999913036821091,0.999913036821091,257.779585589276,257.757168257055
21.04,60,0,3308.05890375914,98.2027003124753,4,0.999916810297608,0.999916810297608,257.774754150037,257.753309944955
21.05,60,0,3308.57931858215,98.2222245550242,4,0.999920582611948,0.999920582611948,257.769924312054,257.749452897947
21.06,60,0,3309.09956322125,98.2417437716881,4,0.999924353764376,0.999924353764376,257.765096074885,257.745597115692
21.07,60,0,3309.61963772239,98.2612579628962,4,0.999928123755157,0.999928123755157,257.760269438088,257.741742597851
21.08,60,0,3310.13954213148,98.2807671290786,4,0.999931892584557,0.999931892584557,257.755444401219,257.737889344084
21.09,60,0,3310.65927649445,98.3002712706655,4,0.999935660252839,0.999935660252839,257.750620963837,257.734037354053
21.1,60,0,3311.17884085721,98.3197703880881,4,0.999939426760269,0.999939426760269,257.7457991255,257.73018662742
21.11,60,0,3311.69823526566,98.3392644817778,4,0.999943192107112,0.999943192107112,257.740978885765,257.726337163843
21.12,60,0,3312.2174597657,98.3587535521669,4,0.999946956293633,0.999946956293633,257.736160244191,257.722488962986
21.13,60,0,3312.73651440321,98.3782375996878,4,0.999950719320096,0.999950719320096,257.731343200335,257.71864202451
21.14,60,0,3313.25539922408,98.3977166247739,4,0.999954481186767,0.999954481186767,257.726527753756,257.714796348074
21.15,60,0,3313.77411427418,98.4171906278588,4,0.99995824189391,0.99995824189391,257.721713904012,257.710951933342
21.16,60,0,3314.29265959937,98.4366596093769,4,0.999962001441791,0.999962001441791,257.716901650662,257.707108779973
21.17,60,0,3314.81103524552,98.4561235697631,4,0.999965759830674,0.999965759830674,257.712090993262,257.703266887629
21.18,60,0,3315.32924125847,98.4755825094526,4,0.999969517060824,0.999969517060824,257.707281931373,257.699426255973
21.19,60,0,3315.84727768406,98.4950364288815,4,0.999973273132506,0.999973273132506,257.702474464553,257.695586884665
21.2,60,0,3316.36514456813,98.5144853284862,4,0.999977028045985,0.999977028045985,257.697668592359,257.691748773366
21.21,60,0,3316.88284195651,98.5339292087037,4,0.999980781801525,0.999980781801525,257.692864314351,257.68791192174
21.22,60,0,3317.40036989501,98.5533680699717,4,0.999984534399392,0.999984534399392,257.688061630088,257.684076329445
21.23,60,0,3317.91772842944,98.5728019127283,4,0.999988285839849,0.999988285839849,257.683260539128,257.680241996146
21.24,60,0,3318.43491760561,98.5922307374121,4,0.999992036123163,0.999992036123163,257.678461041031,257.676408921503
21.25,60,0,3318.95193746932,98.6116545444624,4,0.999995785249597,0.999995785249597,257.673663135354,257.672577105179
21.26,60,0,3319.46878806635,98.6310733343188,4,0.999999533219417,0.999999533219417,257.668866821658,257.668746546834
21.27,60,0,3319.98546944249,98.6504871074217,4,1.00000328003289,1.00000328003289,257.664072099502,257.664917246132
21.28,60,0,3320.5019816435,98.669895864212,4,1.00000702569027,1.00000702569027,257.659278968443,257.661089202733
21.29,60,0,3321.01832471515,98.6892996051311,4,1.00001077019184,1.00001077019184,257.654487428043,257.6572624163
21.3,60,0,3321.5344987032,98.7086983306208,4,1.00001451353784,1.00001451353784,257.64969747786,257.653436886495
21.31,60,0,3322.05050365339,98.7280920411237,4,1.00001825572856,1.00001825572856,257.644909117454,257.64961261298
21.32,60,0,3322.56633961148,98.7474807370827,4,1.00002199676425,1.00002199676425,257.640122346384,257.645789595417
21.33,60,0,3323.08200662319,98.7668644189415,4,1.00002573664518,1.00002573664518,257.63533716421,257.641967833469
21.34,60,0,3323.59750473425,98.7862430871441,4,1.00002947537161,1.00002947537161,257.63055357049,257.638147326796
21.35,60,0,3324.11283399038,98.8056167421352,4,1.00003321294381,1.00003321294381,257.625771564787,257.634328075062
21.36,60,0,3324.6279944373,98.8249853843599,4,1.00003694936205,1.00003694936205,257.620991146658,257.63051007793
21.37,60,0,3325.14298612069,98.844349014264,4,1.00004068462657,1.00004068462657,257.616212315664,257.626693335061
21.38,60,0,3325.65780908627,98.8637076322938,4,1.00004441873766,1.00004441873766,257.611435071364,257.622877846118
21.39,60,0,3326.17246337972,98.883061238896,4,1.00004815169558,1.00004815169558,257.60665941332,257.619063610763
21.4,60,0,3326.68694904671,98.902409834518,4,1.00005188350059,1.00005188350059,257.60188534109,257.61525062866
21.41,60,0,3327.20126613293,98.9217534196077,4,1.00005561415295,1.00005561415295,257.597112854236,257.611438899469
21.42,60,0,3327.71541468403,98.9410919946134,4,1.00005934365293,1.00005934365293,257.592341952317,257.607628422855
21.43,60,0,3328.22939474567,98.9604255599842,4,1.0000630720008,1.0000630720008,257.587572634893,257.603819198479
21.44,60,0,3328.74320636351,98.9797541161696,4,1.00006679919681,1.00006679919681,257.582804901526,257.600011226005
21.45,60,0,3329.25684958319,98.9990776636196,4,1.00007052524124,1.00007052524124,257.578038751775,257.596204505096
21.46,60,0,3329.77032445033,99.0183962027847,4,1.00007425013434,1.00007425013434,257.573274185202,257.592399035414
21.47,60,0,3330.28363101057,99.037709734116,4,1.00007797387639,1.00007797387639,257.568511201366,257.588594816621
21.48,60,0,3330.79676930953,99.0570182580653,4,1.00008169646765,1.00008169646765,257.563749799828,257.584791848381
21.49,60,0,3331.30973939281,99.0763217750846,4,1.00008541790837,1.00008541790837,257.558989980151,257.580990130357
21.5,60,0,3331.82254130603,99.0956202856268,4,1.00008913819883,1.00008913819883,257.554231741893,257.577189662213
21.51,60,0,3332.33517509476,99.1149137901449,4,1.00009285733929,1.00009285733929,257.549475084617,257.57339044361
21.52,60,0,3332.84764080462,99.1342022890929,4,1.00009657533002,1.00009657533002,257.544720007883,257.569592474212
21.53,60,0,3333.35993848116,99.1534857829251,4,1.00010029217127,1.00010029217127,257.539966511252,257.565795753683
21.54,60,0,3333.87206816998,99.1727642720962,4,1.00010400786332,1.00010400786332,257.535214594285,257.562000281685
21.55,60,0,3334.38402991663,99.1920377570617,4,1.00010772240643,1.00010772240643,257.530464256544,257.558206057883
21.56,60,0,3334.89582376666,99.2113062382776,4,1.00011143580085,1.00011143580085,257.52571549759,257.554413081937
21.57,60,0,3335.40744976564,99.2305697162002,4,1.00011514804687,1.00011514804687,257.520968316985,257.550621353514
21.58,60,0,3335.91890795909,99.2498281912865,4,1.00011885914473,1.00011885914473,257.51622271429,257.546830872276
21.59,60,0,3336.43019839257,99.2690816639941,4,1.00012256909471,1.00012256909471,257.511478689065,257.543041637886
21.6,60,0,3336.94132111158,99.288330134781,4,1.00012627789707,1.00012627789707,257.506736240874,257.539253650008
21.61,60,0,3337.45227616166,99.3075736041058,4,1.00012998555207,1.00012998555207,257.501995369277,257.535466908306
21.62,60,0,3337.96306358831,99.3268120724275,4,1.00013369205998,1.00013369205998,257.497256073838,257.531681412443
21.63,60,0,3338.47368343704,99.3460455402059,4,1.00013739742107,1.00013739742107,257.492518354117,257.527897162082
21.64,60,0,3338.98413575334,99.3652740079011,4,1.00014110163558,1.00014110163558,257.487782209676,257.524114156889
21.65,60,0,3339.4944205827,99.3844974759739,4,1.0001448047038,1.0001448047038,257.483047640077,257.520332396525
21.66,60,0,3340.0045379706,99.4037159448853,4,1.00014850662599,1.00014850662599,257.478314644883,257.516551880656
21.67,60,0,3340.51448796252,99.4229294150973,4,1.0001522074024,1.0001522074024,257.473583223656,257.512772608945
21.68,60,0,3341.02427060391,99.4421378870721,4,1.00015590703331,1.00015590703331,257.468853375957,257.508994581056
21.69,60,0,3341.53388594024,99.4613413612724,4,1.00015960551897,1.00015960551897,257.464125101349,257.505217796653
21.7,60,0,3342.04333401696,99.4805398381617,4,1.00016330285966,1.00016330285966,257.459398399395,257.5014422554
21.71,60,0,3342.55261487951,99.4997333182038,4,1.00016699905563,1.00016699905563,257.454673269657,257.497667956961
21.72,60,0,3343.06172857332,99.5189218018631,4,1.00017069410716,1.00017069410716,257.449949711697,257.493894901
21.73,60,0,3343.57067514383,99.5381052896046,4,1.00017438801449,1.00017438801449,257.445227725079,257.490123087182
21.74,60,0,3344.07945463644,99.5572837818937,4,1.00017808077791,1.00017808077791,257.440507309364,257.486352515171
21.75,60,0,3344.58806709657,99.5764572791963,4,1.00018177239767,1.00018177239767,257.435788464116,257.48258318463
21.76,60,0,3345.09651256963,99.595625781979,4,1.00018546287403,1.00018546287403,257.431071188897,257.478815095224
21.77,60,0,3345.60479110101,99.6147892907088,4,1.00018915220726,1.00018915220726,257.426355483271,257.475048246619
21.78,60,0,3346.1129027361,99.6339478058533,4,1.00019284039763,1.00019284039763,257.421641346801,257.471282638477
21.79,60,0,3346.62084752028,99.6531013278805,4,1.0001965274454,1.0001965274454,257.416928779048,257.467518270464
21.8,60,0,3347.12862549892,99.6722498572591,4,1.00020021335083,1.00020021335083,257.412217779578,257.463755142245
21.81,60,0,3347.63623671739,99.6913933944581,4,1.00020389811419,1.00020389811419,257.407508347951,257.459993253482
21.82,60,0,3348.14368122105,99.7105319399472,4,1.00020758173574,1.00020758173574,257.402800483734,257.456232603843
21.83,60,0,3348.65095905524,99.7296654941966,4,1.00021126421574,1.00021126421574,257.398094186487,257.45247319299
21.84,60,0,3349.15807026532,99.748794057677,4,1.00021494555447,1.00021494555447,257.393389455776,257.448715020589
21.85,60,0,3349.66501489661,99.7679176308596,4,1.00021862575217,1.00021862575217,257.388686291162,257.444958086304
21.86,60,0,3350.17179299444,99.7870362142161,4,1.00022230480913,1.00022230480913,257.383984692212,257.441202389801
21.87,60,0,3350.67840460413,99.8061498082189,4,1.00022598272559,1.00022598272559,257.379284658486,257.437447930744
21.88,60,0,3351.18484977099,99.8252584133406,4,1.00022965950183,1.00022965950183,257.374586189551,257.433694708798
21.89,60,0,3351.69112854033,99.8443620300546,4,1.00023333513811,1.00023333513811,257.369889284968,257.429942723629
21.9,60,0,3352.19724095744,99.8634606588347,4,1.00023700963469,1.00023700963469,257.365193944303,257.4261919749
21.91,60,0,3352.70318706761,99.8825543001552,4,1.00024068299183,1.00024068299183,257.36050016712,257.422442462279
21.92,60,0,3353.20896691612,99.901642954491,4,1.00024435520981,1.00024435520981,257.355807952981,257.418694185429
21.93,60,0,3353.71458054825,99.9207266223176,4,1.00024802628888,1.00024802628888,257.351117301451,257.414947144015
21.94,60,0,3354.22002800926,99.9398053041107,4,1.00025169622931,1.00025169622931,257.346428212096,257.411201337703
21.95,60,0,3354.72530934441,99.9588790003468,4,1.00025536503136,1.00025536503136,257.341740684477,257.407456766157
21.96,60,0,3355.23042459895,99.9779477115029,4,1.0002590326953,1.0002590326953,257.337054718162,257.403713429046
21.97,60,0,3355.73537381812,99.9970114380564,4,1.00026269922138,1.00026269922138,257.332370312713,257.399971326032
21.98,60,0,3356.24015704716,100.016070180485,4,1.00026636460989,1.00026636460989,257.327687467696,257.396230456781
21.99,60,0,3356.7447743313,100.035123939268,4,1.00027002886106,1.00027002886106,257.323006182674,257.392490820958
22,60,0,3357.24922571575,100.054172714884,4,1.00027369197518,1.00027369197518,257.318326457212,257.38875241823
22.01,60,0,3357.75351124572,100.073216507812,4,1.0002773539525,1.0002773539525,257.313648290875,257.385015248262
22.02,60,0,3358.25763096643,100.092255318532,4,1.0002810147933,1.0002810147933,257.308971683229,257.38127931072
22.03,60,0,3358.76158492306,100.111289147525,4,1.00028467449782,1.00028467449782,257.304296633838,257.37754460527
22.04,60,0,3359.26537316081,100.130317995273,4,1.00028833306634,1.00028833306634,257.299623142267,257.373811131576
22.05,60,0,3359.76899572486,100.149341862256,4,1.00029199049912,1.00029199049912,257.29495120808,257.370078889305
22.06,60,0,3360.27245266038,100.168360748956,4,1.00029564679643,1.00029564679643,257.290280830844,257.366347878123
22.07,60,0,3360.77574401254,100.187374655858,4,1.00029930195852,1.00029930195852,257.285612010123,257.362618097696
22.08,60,0,3361.27886982649,100.206383583442,4,1.00030295598566,1.00030295598566,257.280944745482,257.358889547689
22.09,60,0,3361.78183014739,100.225387532194,4,1.00030660887811,1.00030660887811,257.276279036488,257.355162227768
22.1,60,0,3362.28462502038,100.244386502597,4,1.00031026063615,1.00031026063615,257.271614882704,257.351436137601
22.11,60,0,3362.7872544906,100.263380495135,4,1.00031391126002,1.00031391126002,257.266952283698,257.347711276852
22.12,60,0,3363.28971860317,100.282369510295,4,1.00031756075001,1.00031756075001,257.262291239034,257.343987645188
22.13,60,0,3363.79201740321,100.301353548562,4,1.00032120910636,1.00032120910636,257.257631748277,257.340265242274
22.14,60,0,3364.29415093583,100.320332610421,4,1.00032485632934,1.00032485632934,257.252973810995,257.336544067779
22.15,60,0,3364.79611924615,100.339306696361,4,1.00032850241922,1.00032850241922,257.248317426752,257.332824121366
22.16,60,0,3365.29792237925,100.358275806867,4,1.00033214737626,1.00033214737626,257.243662595115,257.329105402704
22.17,60,0,3365.79956038023,100.377239942427,4,1.00033579120072,1.00033579120072,257.239009315649,257.325387911459
22.18,60,0,3366.30103329416,100.396199103531,4,1.00033943389287,1.00033943389287,257.234357587921,257.321671647295
22.19,60,0,3366.80234116613,100.415153290666,4,1.00034307545296,1.00034307545296,257.229707411496,257.317956609882
22.2,60,0,3367.3034840412,100.434102504322,4,1.00034671588128,1.00034671588128,257.22505878594,257.314242798884
22.21,60,0,3367.80446196442,100.453046744989,4,1.00035035517807,1.00035035517807,257.220411710821,257.310530213968
22.22,60,0,3368.30527498085,100.471986013157,4,1.0003539933436,1.0003539933436,257.215766185704,257.306818854802
22.23,60,0,3368.80592313554,100.490920309316,4,1.00035763037813,1.00035763037813,257.211122210156,257.303108721052
22.24,60,0,3369.30640647351,100.509849633958,4,1.00036126628193,1.00036126628193,257.206479783743,257.299399812384
22.25,60,0,3369.80672503979,100.528773987575,4,1.00036490105527,1.00036490105527,257.201838906032,257.295692128466
22.26,60,0,3370.30687887942,100.547693370659,4,1.00036853469839,1.00036853469839,257.19719957659,257.291985668964
22.27,60,0,3370.80686803739,100.566607783703,4,1.00037216721158,1.00037216721158,257.192561794982,257.288280433545
22.28,60,0,3371.30669255871,100.5855172272,4,1.00037579859509,1.00037579859509,257.187925560777,257.284576421876
22.29,60,0,3371.80635248839,100.604421701644,4,1.00037942884918,1.00037942884918,257.18329087354,257.280873633624
22.3,60,0,3372.3058478714,100.62332120753,4,1.00038305797412,1.00038305797412,257.17865773284,257.277172068457
22.31,60,0,3372.80517875274,100.642215745352,4,1.00038668597017,1.00038668597017,257.174026138242,257.273471726041
22.32,60,0,3373.30434517738,100.661105315605,4,1.00039031283759,1.00039031283759,257.169396089314,257.269772606043
22.33,60,0,3373.80334719028,100.679989918785,4,1.00039393857666,1.00039393857666,257.164767585622,257.266074708131
22.34,60,0,3374.3021848364,100.69886955539,4,1.00039756318762,1.00039756318762,257.160140626736,257.262378031973
22.35,60,0,3374.8008581607,100.717744225914,4,1.00040118667075,1.00040118667075,257.155515212221,257.258682577235
22.36,60,0,3375.29936720812,100.736613930857,4,1.00040480902631,1.00040480902631,257.150891341645,257.254988343584
22.37,60,0,3375.79771202359,100.755478670715,4,1.00040843025456,1.00040843025456,257.146269014576,257.251295330688
22.38,60,0,3376.29589265205,100.774338445988,4,1.00041205035576,1.00041205035576,257.141648230581,257.247603538215
22.39,60,0,3376.79390913841,100.793193257173,4,1.00041566933018,1.00041566933018,257.137028989227,257.243912965832
22.4,60,0,3377.29176152759,100.812043104771,4,1.00041928717808,1.00041928717808,257.132411290083,257.240223613206
22.41,60,0,3377.78944986449,100.830887989281,4,1.00042290389973,1.00042290389973,257.127795132716,257.236535480006
22.42,60,0,3378.28697419401,100.849727911203,4,1.00042651949538,1.00042651949538,257.123180516695,257.232848565899
22.43,60,0,3378.78433456104,100.868562871039,4,1.0004301339653,1.0004301339653,257.118567441586,257.229162870552
22.44,60,0,3379.28153101047,100.887392869289,4,1.00043374730976,1.00043374730976,257.113955906959,257.225478393634
22.45,60,0,3379.77856358717,100.906217906456,4,1.00043735952901,1.00043735952901,257.10934591238,257.221795134812
22.46,60,0,3380.275432336,100.925037983043,4,1.00044097062332,1.00044097062332,257.104737457418,257.218113093754
22.47,60,0,3380.77213730182,100.94385309955,4,1.00044458059296,1.00044458059296,257.100130541642,257.214432270128
22.48,60,0,3381.2686785295,100.962663256484,4,1.00044818943818,1.00044818943818,257.095525164621,257.210752663603
22.49,60,0,3381.76505606386,100.981468454346,4,1.00045179715925,1.00045179715925,257.09092132592,257.207074273845
22.5,60,0,3382.26126994976,101.000268693641,4,1.00045540375643,1.00045540375643,257.086319025112,257.203397100523
22.51,60,0,3382.75732023201,101.019063974875,4,1.00045900922999,1.00045900922999,257.081718261762,257.199721143306
22.52,60,0,3383.25320695544,101.037854298552,4,1.00046261358019,1.00046261358019,257.07711903544,257.196046401861
22.53,60,0,3383.74893016486,101.056639665179,4,1.00046621680729,1.00046621680729,257.072521345714,257.192372875857
22.54,60,0,3384.24448990508,101.075420075261,4,1.00046981891155,1.00046981891155,257.067925192155,257.188700564962
22.55,60,0,3384.7398862209,101.094195529306,4,1.00047341989324,1.00047341989324,257.063330574328,257.185029468844
22.56,60,0,3385.2351191571,101.112966027821,4,1.00047701975262,1.00047701975262,257.058737491806,257.181359587173
22.57,60,0,3385.73018875848,101.131731571314,4,1.00048061848995,1.00048061848995,257.054145944155,257.177690919614
22.58,60,0,3386.2250950698,101.150492160293,4,1.0004842161055,1.0004842161055,257.049555930946,257.174023465839
22.59,60,0,3386.71983813583,101.169247795267,4,1.00048781259953,1.00048781259953,257.044967451746,257.170357225514
22.6,60,0,3387.21441800134,101.187998476744,4,1.0004914079723,1.0004914079723,257.040380506127,257.16669219831
22.61,60,0,3387.70883471108,101.206744205236,4,1.00049500222407,1.00049500222407,257.035795093656,257.163028383894
22.62,60,0,3388.20308830978,101.225484981253,4,1.00049859535512,1.00049859535512,257.031211213904,257.159365781935
22.63,60,0,3388.6971788422,101.244220805304,4,1.00050218736569,1.00050218736569,257.026628866439,257.155704392101
22.64,60,0,3389.19110635305,101.262951677901,4,1.00050577825606,1.00050577825606,257.022048050831,257.152044214063
22.65,60,0,3389.68487088706,101.281677599557,4,1.00050936802648,1.00050936802648,257.01746876665,257.148385247488
22.66,60,0,3390.17847248894,101.300398570783,4,1.00051295667723,1.00051295667723,257.012891013466,257.144727492045
22.67,60,0,3390.67191120341,101.319114592092,4,1.00051654420855,1.00051654420855,257.008314790848,257.141070947403
22.68,60,0,3391.16518707515,101.337825663998,4,1.00052013062072,1.00052013062072,257.003740098367,257.137415613232
22.69,60,0,3391.65830014886,101.356531787014,4,1.000523715914,1.000523715914,256.999166935591,257.133761489201
22.7,60,0,3392.15125046923,101.375232961654,4,1.00052730008865,1.00052730008865,256.994595302092,257.130108574977
22.71,60,0,3392.64403808093,101.393929188433,4,1.00053088314493,1.00053088314493,256.990025197438,257.126456870231
22.72,60,0,3393.13666302862,101.412620467867,4,1.00053446508311,1.00053446508311,256.985456621201,257.122806374632
22.73,60,0,3393.62912535697,101.43130680047,4,1.00053804590345,1.00053804590345,256.98088957295,257.119157087849
22.74,60,0,3394.12142511064,101.44998818676,4,1.00054162560621,1.00054162560621,256.976324052255,257.115509009551
22.75,60,0,3394.61356233426,101.468664627252,4,1.00054520419165,1.00054520419165,256.971760058689,257.111862139409
22.76,60,0,3395.10553707248,101.487336122465,4,1.00054878166004,1.00054878166004,256.96719759182,257.10821647709
22.77,60,0,3395.59734936992,101.506002672915,4,1.00055235801164,1.00055235801164,256.962636651218,257.104572022265
22.78,60,0,3396.08899927121,101.524664279121,4,1.00055593324671,1.00055593324671,256.958077236456,257.100928774603
22.79,60,0,3396.58048682096,101.543320941601,4,1.00055950736552,1.00055950736552,256.953519347103,257.097286733773
22.8,60,0,3397.07181206378,101.561972660875,4,1.00056308036832,1.00056308036832,256.948962982731,257.093645899446
22.81,60,0,3397.56297504426,101.580619437462,4,1.00056665225538,1.00056665225538,256.944408142908,257.09000627129
22.82,60,0,3398.05397580701,101.599261271882,4,1.00057022302697,1.00057022302697,256.939854827208,257.086367848977
22.83,60,0,3398.5448143966,101.617898164655,4,1.00057379268334,1.00057379268334,256.935303035201,257.082730632175
22.84,60,0,3399.03549085761,101.636530116304,4,1.00057736122476,1.00057736122476,256.930752766457,257.079094620553
22.85,60,0,3399.52600523461,101.655157127349,4,1.00058092865149,1.00058092865149,256.926204020549,257.075459813784
22.86,60,0,3400.01635757216,101.673779198312,4,1.00058449496379,1.00058449496379,256.921656797047,257.071826211534
22.87,60,0,3400.50654791482,101.692396329716,4,1.00058806016193,1.00058806016193,256.917111095523,257.068193813477
22.88,60,0,3400.99657630712,101.711008522084,4,1.00059162424617,1.00059162424617,256.912566915547,257.06456261928
22.89,60,0,3401.48644279361,101.72961577594,4,1.00059518721676,1.00059518721676,256.908024256692,257.060932628614
22.9,60,0,3401.97614741883,101.748218091806,4,1.00059874907398,1.00059874907398,256.903483118529,257.057303841149
22.91,60,0,3402.46569022728,101.766815470209,4,1.00060230981809,1.00060230981809,256.898943500629,257.053676256556
22.92,60,0,3402.95507126349,101.785407911672,4,1.00060586944934,1.00060586944934,256.894405402564,257.050049874504
22.93,60,0,3403.44429057196,101.80399541672,4,1.000609427968,1.000609427968,256.889868823906,257.046424694664
22.94,60,0,3403.9333481972,101.822577985881,4,1.00061298537434,1.00061298537434,256.885333764227,257.042800716706
22.95,60,0,3404.4222441837,101.84115561968,4,1.00061654166861,1.00061654166861,256.880800223098,257.039177940301
22.96,60,0,3404.91097857594,101.859728318644,4,1.00062009685108,1.00062009685108,256.876268200092,257.035556365119
22.97,60,0,3405.39955141839,101.878296083301,4,1.000623650922,1.000623650922,256.871737694781,257.031935990831
22.98,60,0,3405.88796275554,101.896858914178,4,1.00062720388165,1.00062720388165,256.867208706736,257.028316817106
22.99,60,0,3406.37621263183,101.915416811803,4,1.00063075573029,1.00063075573029,256.86268123553,257.024698843616
23,60,0,3406.86430109173,101.933969776706,4,1.00063430646817,1.00063430646817,256.858155280735,257.021082070031
23.01,60,0,3407.35222817968,101.952517809415,4,1.00063785609556,1.00063785609556,256.853630841924,257.017466496023
23.02,60,0,3407.83999394011,101.97106091046,4,1.00064140461272,1.00064140461272,256.849107918668,257.01385212126
23.03,60,0,3408.32759841747,101.989599080372,4,1.00064495201991,1.00064495201991,256.844586510542,257.010238945416
23.04,60,0,3408.81504165617,102.00813231968,4,1.0006484983174,1.0006484983174,256.840066617117,257.00662696816
23.05,60,0,3409.30232370063,102.026660628917,4,1.00065204350545,1.00065204350545,256.835548237965,257.003016189163
23.06,60,0,3409.78944459526,102.045184008614,4,1.00065558758432,1.00065558758432,256.83103137266,256.999406608096
23.07,60,0,3410.27640438446,102.063702459303,4,1.00065913055427,1.00065913055427,256.826516020774,256.99579822463
23.08,60,0,3410.76320311261,102.082215981516,4,1.00066267241557,1.00066267241557,256.82200218188,256.992191038437
23.09,60,0,3411.24984082412,102.100724575787,4,1.00066621316847,1.00066621316847,256.817489855551,256.988585049186
23.1,60,0,3411.73631756335,102.119228242649,4,1.00066975281324,1.00066975281324,256.81297904136,256.98498025655
23.11,60,0,3412.22263337467,102.137726982636,4,1.00067329135015,1.00067329135015,256.80846973888,256.9813766602
23.12,60,0,3412.70878830245,102.156220796283,4,1.00067682877945,1.00067682877945,256.803961947685,256.977774259807
23.13,60,0,3413.19478239104,102.174709684124,4,1.0006803651014,1.0006803651014,256.799455667348,256.974173055042
23.14,60,0,3413.68061568479,102.193193646695,4,1.00068390031627,1.00068390031627,256.794950897442,256.970573045577
23.15,60,0,3414.16628822803,102.211672684532,4,1.00068743442432,1.00068743442432,256.79044763754,256.966974231082
23.16,60,0,3414.65180006511,102.230146798171,4,1.00069096742581,1.00069096742581,256.785945887217,256.963376611231
23.17,60,0,3415.13715124034,102.24861598815,4,1.000694499321,1.000694499321,256.781445646045,256.959780185692
23.18,60,0,3415.62234179804,102.267080255005,4,1.00069803011016,1.00069803011016,256.776946913598,256.95618495414
23.19,60,0,3416.10737178251,102.285539599273,4,1.00070155979355,1.00070155979355,256.772449689451,256.952590916245
23.2,60,0,3416.59224123807,102.303994021495,4,1.00070508837143,1.00070508837143,256.767953973176,256.948998071678
23.21,60,0,3417.076950209,102.322443522207,4,1.00070861584406,1.00070861584406,256.763459764347,256.945406420112
23.22,60,0,3417.56149873959,102.34088810195,4,1.00071214221171,1.00071214221171,256.758967062539,256.941815961218
23.23,60,0,3418.04588687412,102.359327761263,4,1.00071566747463,1.00071566747463,256.754475867325,256.938226694668
23.24,60,0,3418.53011465685,102.377762500686,4,1.00071919163308,1.00071919163308,256.749986178281,256.934638620135
23.25,60,0,3419.01418213206,102.39619232076,4,1.00072271468734,1.00072271468734,256.745497994979,256.931051737289
23.26,60,0,3419.49808934399,102.414617222026,4,1.00072623663766,1.00072623663766,256.741011316995,256.927466045803
23.27,60,0,3419.9818363369,102.433037205026,4,1.0007297574843,1.0007297574843,256.736526143902,256.92388154535
23.28,60,0,3420.46542315502,102.4514522703,4,1.00073327722753,1.00073327722753,256.732042475275,256.9202982356
23.29,60,0,3420.94884984259,102.469862418393,4,1.00073679586761,1.00073679586761,256.727560310688,256.916716116226
23.3,60,0,3421.43211644383,102.488267649847,4,1.00074031340479,1.00074031340479,256.723079649717,256.9131351869
23.31,60,0,3421.91522300295,102.506667965205,4,1.00074382983934,1.00074382983934,256.718600491934,256.909555447295
23.32,60,0,3422.39816956418,102.525063365011,4,1.00074734517153,1.00074734517153,256.714122836917,256.905976897083
23.33,60,0,3422.8809561717,102.543453849809,4,1.00075085940161,1.00075085940161,256.709646684238,256.902399535936
23.34,60,0,3423.36358286971,102.561839420145,4,1.00075437252985,1.00075437252985,256.705172033474,256.898823363527
23.35,60,0,3423.84604970241,102.580220076564,4,1.00075788455651,1.00075788455651,256.700698884198,256.895248379527
23.36,60,0,3424.32835671396,102.598595819611,4,1.00076139548184,1.00076139548184,256.696227235986,256.89167458361
23.37,60,0,3424.81050394855,102.616966649833,4,1.00076490530612,1.00076490530612,256.691757088414,256.888101975449
23.38,60,0,3425.29249145033,102.635332567776,4,1.0007684140296,1.0007684140296,256.687288441056,256.884530554714
23.39,60,0,3425.77431926345,102.653693573988,4,1.00077192165255,1.00077192165255,256.682821293487,256.88096032108
23.4,60,0,3426.25598743208,102.672049669016,4,1.00077542817522,1.00077542817522,256.678355645284,256.87739127422
23.41,60,0,3426.73749600034,102.690400853408,4,1.00077893359788,1.00077893359788,256.67389149602,256.873823413804
23.42,60,0,3427.21884501238,102.708747127712,4,1.00078243792079,1.00078243792079,256.669428845272,256.870256739508
23.43,60,0,3427.70003451231,102.727088492478,4,1.00078594114421,1.00078594114421,256.664967692615,256.866691251002
23.44,60,0,3428.18106454425,102.745424948256,4,1.00078944326841,1.00078944326841,256.660508037625,256.863126947961
23.45,60,0,3428.66193515232,102.763756495594,4,1.00079294429363,1.00079294429363,256.656049879878,256.859563830057
23.46,60,0,3429.14264638062,102.782083135044,4,1.00079644422016,1.00079644422016,256.651593218949,256.856001896964
23.47,60,0,3429.62319827323,102.800404867157,4,1.00079994304824,1.00079994304824,256.647138054415,256.852441148354
23.48,60,0,3430.10359087426,102.818721692483,4,1.00080344077815,1.00080344077815,256.642684385851,256.8488815839
23.49,60,0,3430.58382422777,102.837033611574,4,1.00080693741013,1.00080693741013,256.638232212833,256.845323203276
23.5,60,0,3431.06389837785,102.855340624983,4,1.00081043294446,1.00081043294446,256.633781534937,256.841766006154
23.51,60,0,3431.54381336854,102.873642733263,4,1.00081392738139,1.00081392738139,256.629332351741,256.838209992209
23.52,60,0,3432.02356924392,102.891939936966,4,1.00081742072118,1.00081742072118,256.624884662818,256.834655161113
23.53,60,0,3432.50316604803,102.910232236646,4,1.00082091296411,1.00082091296411,256.620438467747,256.83110151254
23.54,60,0,3432.9826038249,102.928519632857,4,1.00082440411042,1.00082440411042,256.615993766103,256.827549046164
23.55,60,0,3433.46188261859,102.946802126154,4,1.00082789416038,1.00082789416038,256.611550557464,256.823997761656
23.56,60,0,3433.9410024731,102.965079717091,4,1.00083138311425,1.00083138311425,256.607108841404,256.820447658692
23.57,60,0,3434.41996343246,102.983352406225,4,1.0008348709723,1.0008348709723,256.602668617502,256.816898736945
23.58,60,0,3434.89876554068,103.001620194111,4,1.00083835773478,1.00083835773478,256.598229885334,256.813350996089
23.59,60,0,3435.37740884176,103.019883081305,4,1.00084184340195,1.00084184340195,256.593792644476,256.809804435796
23.6,60,0,3435.85589337969,103.038141068364,4,1.00084532797408,1.00084532797408,256.589356894506,256.806259055741
23.61,60,0,3436.33421919848,103.056394155846,4,1.00084881145143,1.00084881145143,256.584922635,256.802714855598
23.62,60,0,3436.81238634209,103.074642344308,4,1.00085229383426,1.00085229383426,256.580489865535,256.79917183504
23.63,60,0,3437.29039485449,103.092885634308,4,1.00085577512283,1.00085577512283,256.57605858569,256.795629993742
23.64,60,0,3437.76824477966,103.111124026406,4,1.00085925531741,1.00085925531741,256.571628795039,256.792089331377
23.65,60,0,3438.24593616155,103.129357521159,4,1.00086273441824,1.00086273441824,256.567200493162,256.788549847619
23.66,60,0,3438.7234690441,103.147586119129,4,1.0008662124256,1.0008662124256,256.562773679635,256.785011542143
23.67,60,0,3439.20084347127,103.165809820873,4,1.00086968933975,1.00086968933975,256.558348354036,256.781474414622
23.68,60,0,3439.67805948698,103.184028626954,4,1.00087316516094,1.00087316516094,256.553924515941,256.777938464731
23.69,60,0,3440.15511713517,103.202242537933,4,1.00087663988944,1.00087663988944,256.549502164929,256.774403692143
23.7,60,0,3440.63201645974,103.220451554369,4,1.00088011352551,1.00088011352551,256.545081300578,256.770870096534
23.71,60,0,3441.10875750462,103.238655676826,4,1.00088358606941,1.00088358606941,256.540661922464,256.767337677577
23.72,60,0,3441.5853403137,103.256854905865,4,1.0008870575214,1.0008870575214,256.536244030167,256.763806434947
23.73,60,0,3442.06176493089,103.275049242049,4,1.00089052788175,1.00089052788175,256.531827623262,256.760276368317
23.74,60,0,3442.53803140006,103.293238685942,4,1.00089399715071,1.00089399715071,256.52741270133,256.756747477364
23.75,60,0,3443.0141397651,103.311423238106,4,1.00089746532854,1.00089746532854,256.522999263946,256.75321976176
23.76,60,0,3443.49009006989,103.329602899107,4,1.00090093241552,1.00090093241552,256.518587310691,256.749693221181
23.77,60,0,3443.96588235829,103.347777669508,4,1.00090439841188,1.00090439841188,256.514176841142,256.746167855302
23.78,60,0,3444.44151667415,103.365947549875,4,1.00090786331791,1.00090786331791,256.509767854876,256.742643663797
23.79,60,0,3444.91699306133,103.384112540773,4,1.00091132713386,1.00091132713386,256.505360351472,256.73912064634
23.8,60,0,3445.39231156367,103.402272642768,4,1.00091478985998,1.00091478985998,256.500954330509,256.735598802606
23.81,60,0,3445.867472225,103.420427856425,4,1.00091825149655,1.00091825149655,256.496549791566,256.732078132272
23.82,60,0,3446.34247508916,103.438578182313,4,1.00092171204382,1.00092171204382,256.49214673422,256.72855863501
23.83,60,0,3446.81732019995,103.456723620998,4,1.00092517150205,1.00092517150205,256.48774515805,256.725040310496
23.84,60,0,3447.2920076012,103.474864173048,4,1.00092862987151,1.00092862987151,256.483345062636,256.721523158405
23.85,60,0,3447.76653733671,103.49299983903,4,1.00093208715245,1.00093208715245,256.478946447555,256.718007178413
23.86,60,0,3448.24090945027,103.511130619514,4,1.00093554334514,1.00093554334514,256.474549312387,256.714492370194
23.87,60,0,3448.71512398567,103.529256515069,4,1.00093899844984,1.00093899844984,256.47015365671,256.710978733423
23.88,60,0,3449.18918098669,103.547377526263,4,1.0009424524668,1.0009424524668,256.465759480104,256.707466267776
23.89,60,0,3449.66308049711,103.565493653667,4,1.00094590539629,1.00094590539629,256.461366782148,256.703954972927
23.9,60,0,3450.1368225607,103.583604897852,4,1.00094935723857,1.00094935723857,256.45697556242,256.700444848553
23.91,60,0,3450.61040722121,103.601711259387,4,1.00095280799391,1.00095280799391,256.4525858205,256.696935894328
23.92,60,0,3451.08383452239,103.619812738845,4,1.00095625766255,1.00095625766255,256.448197555968,256.693428109928
23.93,60,0,3451.55710450798,103.637909336796,4,1.00095970624477,1.00095970624477,256.443810768402,256.689921495028
23.94,60,0,3452.03021722173,103.656001053814,4,1.00096315374081,1.00096315374081,256.439425457383,256.686416049304
23.95,60,0,3452.50317270736,103.67408789047,4,1.00096660015096,1.00096660015096,256.435041622489,256.682911772432
23.96,60,0,3452.97597100858,103.692169847337,4,1.00097004547545,1.00097004547545,256.430659263301,256.679408664086
23.97,60,0,3453.44861216912,103.71024692499,4,1.00097348971456,1.00097348971456,256.426278379397,256.675906723944
23.98,60,0,3453.92109623267,103.728319124001,4,1.00097693286855,1.00097693286855,256.421898970358,256.672405951679
23.99,60,0,3454.39342324294,103.746386444946,4,1.00098037493767,1.00098037493767,256.417521035764,256.668906346968
24,60,0,3454.86559324361,103.764448888398,4,1.0009838159222,1.0009838159222,256.413144575195,256.665407909488
24.01,60,0,3455.33760627836,103.782506454934,4,1.00098725582237,1.00098725582237,256.408769588229,256.661910638913
24.02,60,0,3455.80946239088,103.800559145129,4,1.00099069463847,1.00099069463847,256.404396074449,256.65841453492
24.03,60,0,3456.28116162482,103.818606959559,4,1.00099413237075,1.00099413237075,256.400024033433,256.654919597185
24.04,60,0,3456.75270402385,103.8366498988,4,1.00099756901946,1.00099756901946,256.395653464763,256.651425825384
24.05,60,0,3457.2248143893,103.854687755026,4,1.00100049255678,1.00100049255678,256.379641530902,256.636147453965
24.06,60,0,3457.70848587969,103.872717354815,4,1.00100204266885,1.00100204266885,256.346052789877,256.602922472763
24.07,60,0,3458.20247063044,103.890739018741,4,1.00100345163856,1.00100345163856,256.323593556027,256.580801885983
24.08,60,0,3458.70272674732,103.908753882272,4,1.00100477377836,1.00100477377836,256.30796828491,256.565499810628
24.09,60,0,3459.20677224334,103.926762642913,4,1.00100604243688,1.00100604243688,256.296540724266,256.554385920661
24.1,60,0,3459.71308264621,103.944765729335,4,1.0010072780955,1.0010072780955,256.287692376574,256.545845355251
24.11,60,0,3460.22072141837,103.962763405139,4,1.00100849333551,1.00100849333551,256.280429311976,256.538886416957
24.12,60,0,3460.72911311574,103.980755832548,4,1.00100969588668,1.00100969588668,256.274141017501,256.532899963549
24.13,60,0,3461.23790411299,103.998743111504,4,1.00101089049885,1.00101089049885,256.26845242059,256.527511764297
24.14,60,0,3461.74687707155,104.016725303689,4,1.00101208009117,1.00101208009117,256.263133054539,256.522491869603
24.15,60,0,3462.25589840162,104.034702447271,4,1.00101326645793,1.00101326645793,256.258041285109,256.517698962919
24.16,60,0,3462.76488598517,104.052674565966,4,1.00101445070223,1.00101445070223,256.253090057593,256.513046184751
24.17,60,0,3463.27378934304,104.070641674611,4,1.00101563350229,1.00101563350229,256.248225856645,256.508480139729
24.18,60,0,3463.78257744683,104.088603782578,4,1.0010168152752,1.0010168152752,256.243415780029,256.503967999364
24.19,60,0,3464.2912312275,104.106560895885,4,1.00101799627749,1.00101799627749,256.238639595997,256.499489577254
24.2,60,0,3464.79973897031,104.124513018486,4,1.00101917666697,1.00101917666697,256.233884862203,256.495032458942
24.21,60,0,3465.30809348362,104.142460153061,4,1.00102035654077,1.00102035654077,256.229143925618,256.490589008557
24.22,60,0,3465.81629035792,104.160402301516,4,1.00102153595865,1.00102153595865,256.224412078334,256.486154528755
24.23,60,0,3466.3243268953,104.178339465271,4,1.00102271495742,1.00102271495742,256.219686423738,256.48172612943
24.24,60,0,3466.83220145089,104.196271645454,4,1.00102389355978,1.00102389355978,256.214965179348,256.477302032115
24.25,60,0,3467.33991302784,104.21419884301,4,1.00102507177971,1.00102507177971,256.210247248077,256.472881142202
24.26,60,0,3467.84746102811,104.232121058775,4,1.00102624962584,1.00102624962584,256.205531954535,256.468462785841
24.27,60,0,3468.35484509915,104.250038293513,4,1.00102742710353,1.00102742710353,256.200818882823,256.464046548089
24.28,60,0,3468.86206503948,104.267950547948,4,1.00102860421609,1.00102860421609,256.196107776741,256.459632173346
24.29,60,0,3469.36912074071,104.285857822778,4,1.00102978096561,1.00102978096561,256.191398478386,256.455219504091
24.3,60,0,3469.8760121517,104.303760118685,4,1.00103095735338,1.00103095735338,256.186690890363,256.450808443174
24.31,60,0,3470.38273925659,104.321657436342,4,1.00103213338024,1.00103213338024,256.181984952535,256.44639893062
24.32,60,0,3470.88930206128,104.339549776416,4,1.00103330904672,1.00103330904672,256.177280627703,256.44199092934
24.33,60,0,3471.39570058502,104.357437139571,4,1.0010344843532,1.0010344843532,256.172577892794,256.437584416344
24.34,60,0,3471.90193485533,104.375319526469,4,1.00103565929993,1.00103565929993,256.167876733441,256.433179377323
24.35,60,0,3472.40800490479,104.393196937771,4,1.00103683388708,1.00103683388708,256.163177140632,256.428775803313
24.36,60,0,3472.91391076913,104.411069374137,4,1.0010380081148,1.0010380081148,256.15847910866,256.42437368865
24.37,60,0,3473.419652486,104.428936836227,4,1.0010391819832,1.0010391819832,256.153782633853,256.419973029695
24.38,60,0,3473.92523009423,104.446799324702,4,1.00104035549239,1.00104035549239,256.149087713791,256.415573824064
24.39,60,0,3474.43064363338,104.464656840222,4,1.00104152864245,1.00104152864245,256.144394346827,256.411176070142
24.4,60,0,3474.93589314349,104.482509383448,4,1.00104270143347,1.00104270143347,256.139702531794,256.406779766792
24.41,60,0,3475.44097866484,104.500356955042,4,1.00104387386552,1.00104387386552,256.135012267815,256.402384913166
24.42,60,0,3475.9459002379,104.518199555664,4,1.00104504593869,1.00104504593869,256.130323554194,256.397991508601
24.43,60,0,3476.45065790325,104.536037185978,4,1.00104621765306,1.00104621765306,256.125636390349,256.393599552541
24.44,60,0,3476.9552517015,104.553869846644,4,1.00104738900869,1.00104738900869,256.120950775766,256.389209044503
24.45,60,0,3477.45968167335,104.571697538327,4,1.00104856000566,1.00104856000566,256.116266709972,256.384819984042
24.46,60,0,3477.96394785948,104.58952026169,4,1.00104973064405,1.00104973064405,256.111584192522,256.380432370745
24.47,60,0,3478.46805030059,104.607338017395,4,1.00105090092393,1.00105090092393,256.106903222988,256.37604620421
24.48,60,0,3478.97198903742,104.625150806106,4,1.00105207084538,1.00105207084538,256.102223800949,256.371661484045
24.49,60,0,3479.47576411068,104.642958628489,4,1.00105324040846,1.00105324040846,256.097545925992,256.36727820987
24.5,60,0,3479.97937556109,104.660761485209,4,1.00105440961327,1.00105440961327,256.092869597708,256.362896381301
24.51,60,0,3480.48282342937,104.678559376929,4,1.00105557845986,1.00105557845986,256.088194815691,256.358515997962
24.52,60,0,3480.98610775625,104.696352304317,4,1.00105674694831,1.00105674694831,256.083521579534,256.354137059476
24.53,60,0,3481.48922858244,104.714140268037,4,1.0010579150787,1.0010579150787,256.078849888834,256.349759565468
24.54,60,0,3481.99218594867,104.731923268757,4,1.0010590828511,1.0010590828511,256.074179743186,256.345383515563
24.55,60,0,3482.49497989566,104.749701307144,4,1.00106025026559,1.00106025026559,256.069511142188,256.341008909386
24.56,60,0,3482.99761046412,104.767474383864,4,1.00106141732224,1.00106141732224,256.064844085433,256.336635746563
24.57,60,0,3483.50007769477,104.785242499586,4,1.00106258402112,1.00106258402112,256.060178572522,256.33226402672
24.58,60,0,3484.00238162832,104.803005654977,4,1.00106375036231,1.00106375036231,256.055514603051,256.327893749482
24.59,60,0,3484.50452230548,104.820763850707,4,1.00106491634589,1.00106491634589,256.050852176615,256.323524914476
24.6,60,0,3485.00649976695,104.838517087443,4,1.00106608197192,1.00106608197192,256.046191292813,256.319157521329
24.61,60,0,3485.50831405346,104.856265365856,4,1.00106724724048,1.00106724724048,256.041531951241,256.314791569665
24.62,60,0,3486.0099652057,104.874008686615,4,1.00106841215165,1.00106841215165,256.036874151498,256.310427059112
24.63,60,0,3486.51145326437,104.891747050391,4,1.0010695767055,1.0010695767055,256.03221789318,256.306063989295
24.64,60,0,3487.01277827018,104.909480457853,4,1.0010707409021,1.0010707409021,256.027563175884,256.301702359841
24.65,60,0,3487.51394026382,104.927208909673,4,1.00107190474153,1.00107190474153,256.022909999207,256.297342170376
24.66,60,0,3488.014939286,104.944932406523,4,1.00107306822386,1.00107306822386,256.018258362748,256.292983420526
24.67,60,0,3488.51577537741,104.962650949074,4,1.00107423134918,1.00107423134918,256.013608266103,256.288626109918
24.68,60,0,3489.01644857874,104.980364537998,4,1.00107539411754,1.00107539411754,256.008959708871,256.284270238178
24.69,60,0,3489.51695893069,104.998073173968,4,1.00107655652903,1.00107655652903,256.004312690647,256.279915804933
24.7,60,0,3490.01730647394,105.015776857658,4,1.00107771858371,1.00107771858371,255.99966721103,256.275562809808
24.71,60,0,3490.51749124918,105.033475589739,4,1.00107888028168,1.00107888028168,255.995023269617,256.27121125243
24.72,60,0,3491.0175132971,105.051169370887,4,1.00108004162299,1.00108004162299,255.990380866006,256.266861132426
24.73,60,0,3491.51737265838,105.068858201776,4,1.00108120260772,1.00108120260772,255.985739999795,256.262512449423
24.74,60,0,3492.0170693737,105.086542083079,4,1.00108236323596,1.00108236323596,255.981100670582,256.258165203047
24.75,60,0,3492.51660348375,105.104221015473,4,1.00108352350776,1.00108352350776,255.976462877962,256.253819392924
24.76,60,0,3493.01597502919,105.121894999633,4,1.00108468342321,1.00108468342321,255.971826621535,256.249475018681
24.77,60,0,3493.5151840507,105.139564036234,4,1.00108584298239,1.00108584298239,255.967191900898,256.245132079945
24.78,60,0,3494.01423058897,105.157228125953,4,1.00108700218535,1.00108700218535,255.962558715649,256.240790576341
24.79,60,0,3494.51311468465,105.174887269467,4,1.00108816103219,1.00108816103219,255.957927065385,256.236450507498
24.8,60,0,3495.01183637842,105.192541467452,4,1.00108931952297,1.00108931952297,255.953296949705,256.232111873042
24.81,60,0,3495.51039571095,105.210190720586,4,1.00109047765777,1.00109047765777,255.948668368207,256.2277746726
24.82,60,0,3496.0087927229,105.227835029547,4,1.00109163543667,1.00109163543667,255.944041320488,256.223438905797
24.83,60,0,3496.50702745494,105.245474395014,4,1.00109279285973,1.00109279285973,255.939415806146,256.219104572261
24.84,60,0,3497.00509994772,105.263108817664,4,1.00109394992703,1.00109394992703,255.934791824778,256.21477167162
24.85,60,0,3497.5030102419,105.280738298177,4,1.00109510663865,1.00109510663865,255.930169375985,256.210440203499
24.86,60,0,3498.00075837814,105.298362837233,4,1.00109626299466,1.00109626299466,255.925548459362,256.206110167526
24.87,60,0,3498.4983443971,105.315982435511,4,1.00109741899514,1.00109741899514,255.920929074508,256.201781563327
24.88,60,0,3498.99576833943,105.333597093691,4,1.00109857464015,1.00109857464015,255.91631122102,256.197454390529
24.89,60,0,3499.49303024578,105.351206812455,4,1.00109972992978,1.00109972992978,255.911694898499,256.19312864876
24.9,60,0,3499.9901301568,105.368811592483,4,1.0011008848641,1.0011008848641,255.907080106541,256.188804337646
24.91,60,0,3500.48706811313,105.386411434458,4,1.00110203944318,1.00110203944318,255.902466844745,256.184481456816
24.92,60,0,3500.98384415542,105.404006339059,4,1.0011031936671,1.0011031936671,255.897855112709,256.180160005894
24.93,60,0,3501.48045832431,105.421596306971,4,1.00110434753593,1.00110434753593,255.89324491003,256.175839984509
24.94,60,0,3501.97691066044,105.439181338876,4,1.00110550104975,1.00110550104975,255.888636236308,256.171521392287
24.95,60,0,3502.47320120445,105.456761435456,4,1.00110665420863,1.00110665420863,255.88402909114,256.167204228856
24.96,60,0,3502.96932999698,105.474336597395,4,1.00110780701265,1.00110780701265,255.879423474126,256.162888493843
24.97,60,0,3503.46529707865,105.491906825377,4,1.00110895946188,1.00110895946188,255.874819384862,256.158574186875
24.98,60,0,3503.96110249011,105.509472120087,4,1.00111011155639,1.00111011155639,255.870216822949,256.154261307581
24.99,60,0,3504.45674627197,105.527032482209,4,1.00111126329626,1.00111126329626,255.865615787984,256.149949855585
25,60,0,3504.95222846487,105.544587912427,4,1.00111241468157,1.00111241468157,255.861016279567,256.145639830517
25.01,60,0,3505.44754910943,105.562138411428,4,1.00111356571239,1.00111356571239,255.856418297294,256.141331232003
25.02,60,0,3505.94270824627,105.579683979898,4,1.00111471638879,1.00111471638879,255.851821840765,256.137024059671
25.03,60,0,3506.43770591602,105.597224618522,4,1.00111586671084,1.00111586671084,255.847226909578,256.132718313148
25.04,60,0,3506.9325421593,105.614760327986,4,1.00111701667863,1.00111701667863,255.842633503333,256.128413992061
25.05,60,0,3507.42721701671,105.632291108979,4,1.00111816629223,1.00111816629223,255.838041621627,256.124111096038
25.06,60,0,3507.92173052888,105.649816962188,4,1.00111931555171,1.00111931555171,255.83345126406,256.119809624707
25.07,60,0,3508.41608273641,105.6673378883,4,1.00112046445714,1.00112046445714,255.82886243023,256.115509577695
25.08,60,0,3508.91027367992,105.684853888003,4,1.00112161300861,1.00112161300861,255.824275119736,256.111210954629
25.09,60,0,3509.40430340001,105.702364961987,4,1.00112276120618,1.00112276120618,255.819689332177,256.106913755137
25.1,60,0,3509.89817193729,105.719871110939,4,1.00112390904994,1.00112390904994,255.815105067151,256.102617978846
25.11,60,0,3510.39187933236,105.73737233555,4,1.00112505653995,1.00112505653995,255.810522324257,256.098323625385
25.12,60,0,3510.88542562583,105.754868636509,4,1.00112620367628,1.00112620367628,255.805941103095,256.09403069438
25.13,60,0,3511.37881085828,105.772360014507,4,1.00112735045903,1.00112735045903,255.801361403263,256.08973918546
25.14,60,0,3511.87203507032,105.789846470233,4,1.00112849688825,1.00112849688825,255.79678322436,256.085449098253
25.15,60,0,3512.36509830254,105.807328004379,4,1.00112964296402,1.00112964296402,255.792206565985,256.081160432384
25.16,60,0,3512.85800059554,105.824804617637,4,1.00113078868643,1.00113078868643,255.787631427738,256.076873187485
25.17,60,0,3513.35074198989,105.842276310697,4,1.00113193405554,1.00113193405554,255.783057809218,256.072587363181
25.18,60,0,3513.8433225262,105.859743084252,4,1.00113307907142,1.00113307907142,255.778485710022,256.0683029591
25.19,60,0,3514.33574224504,105.877204938994,4,1.00113422373416,1.00113422373416,255.773915129751,256.06401997487
25.2,60,0,3514.828001187,105.894661875617,4,1.00113536804382,1.00113536804382,255.769346068004,256.059738410119
25.21,60,0,3515.32009939266,105.912113894813,4,1.00113651200049,1.00113651200049,255.764778524379,256.055458264475
25.22,60,0,3515.81203690259,105.929560997276,4,1.00113765560424,1.00113765560424,255.760212498476,256.051179537566
25.23,60,0,3516.30381375738,105.9470031837,4,1.00113879885513,1.00113879885513,255.755647989896,256.046902229021
25.24,60,0,3516.79542999759,105.96444045478,4,1.00113994175326,1.00113994175326,255.751084998236,256.042626338466
25.25,60,0,3517.2868856638,105.981872811211,4,1.00114108429868,1.00114108429868,255.746523523097,256.038351865531
25.26,60,0,3517.77818079657,105.999300253686,4,1.00114222649148,1.00114222649148,255.741963564077,256.034078809842
25.27,60,0,3518.26931543648,106.016722782903,4,1.00114336833173,1.00114336833173,255.737405120776,256.029807171029
25.28,60,0,3518.76028962409,106.034140399557,4,1.0011445098195,1.0011445098195,255.732848192794,256.02553694872
25.29,60,0,3519.25110339995,106.051553104344,4,1.00114565095488,1.00114565095488,255.728292779728,256.021268142541
25.3,60,0,3519.74175680463,106.068960897962,4,1.00114679173793,1.00114679173793,255.723738881182,256.017000752123
25.31,60,0,3520.2322498787,106.086363781106,4,1.00114793216873,1.00114793216873,255.719186496752,256.012734777092
25.32,60,0,3520.72258266269,106.103761754476,4,1.00114907224735,1.00114907224735,255.714635626039,256.008470217079
25.33,60,0,3521.21275519716,106.121154818768,4,1.00115021197388,1.00115021197388,255.710086268641,256.004207071709
25.34,60,0,3521.70276752268,106.13854297468,4,1.00115135134837,1.00115135134837,255.70553842416,255.999945340611
25.35,60,0,3522.19261967977,106.155926222912,4,1.00115249037092,1.00115249037092,255.700992092195,255.995685023416
25.36,60,0,3522.68231170899,106.173304564163,4,1.00115362904159,1.00115362904159,255.696447272344,255.99142611975
25.37,60,0,3523.17184365088,106.190677999131,4,1.00115476736046,1.00115476736046,255.69190396421,255.987168629242
25.38,60,0,3523.66121554599,106.208046528517,4,1.00115590532761,1.00115590532761,255.68736216739,255.982912551521
25.39,60,0,3524.15042743485,106.225410153021,4,1.0011570429431,1.0011570429431,255.682821881485,255.978657886214
25.4,60,0,3524.63947935799,106.242768873342,4,1.00115818020701,1.00115818020701,255.678283106095,255.974404632951
25.41,60,0,3525.12837135596,106.260122690184,4,1.00115931711942,1.00115931711942,255.67374584082,255.97015279136
25.42,60,0,3525.61710346927,106.277471604245,4,1.00116045368041,1.00116045368041,255.669210085259,255.96590236107
25.43,60,0,3526.10567573847,106.294815616229,4,1.00116158989004,1.00116158989004,255.664675839012,255.961653341708
25.44,60,0,3526.59408820408,106.312154726837,4,1.0011627257484,1.0011627257484,255.660143101681,255.957405732904
25.45,60,0,3527.08234090661,106.329488936771,4,1.00116386125555,1.00116386125555,255.655611872864,255.953159534287
25.46,60,0,3527.5704338866,106.346818246735,4,1.00116499641158,1.00116499641158,255.651082152162,255.948914745485
25.47,60,0,3528.05836718457,106.364142657432,4,1.00116613121655,1.00116613121655,255.646553939175,255.944671366127
25.48,60,0,3528.54614084102,106.381462169565,4,1.00116726567055,1.00116726567055,255.642027233503,255.940429395842
25.49,60,0,3529.03375489648,106.398776783838,4,1.00116839977364,1.00116839977364,255.637502034747,255.936188834258
25.5,60,0,3529.52120939145,106.416086500955,4,1.0011695335259,1.0011695335259,255.632978342507,255.931949681005
25.51,60,0,3530.00850436645,106.433391321622,4,1.00117066692742,1.00117066692742,255.628456156382,255.927711935711
25.52,60,0,3530.49563986198,106.450691246542,4,1.00117179997825,1.00117179997825,255.623935475974,255.923475598004
25.53,60,0,3530.98261591855,106.467986276422,4,1.00117293267848,1.00117293267848,255.619416300882,255.919240667515
25.54,60,0,3531.46943257666,106.485276411968,4,1.00117406502818,1.00117406502818,255.614898630708,255.915007143872
25.55,60,0,3531.95608987681,106.502561653885,4,1.00117519702743,1.00117519702743,255.610382465051,255.910775026704
25.56,60,0,3532.44258785949,106.51984200288,4,1.0011763286763,1.0011763286763,255.605867803512,255.90654431564
25.57,60,0,3532.9289265652,106.537117459661,4,1.00117745997487,1.00117745997487,255.60135464569,255.902315010308
25.58,60,0,3533.41510603444,106.554388024933,4,1.00117859092321,1.00117859092321,255.596842991189,255.898087110339
25.59,60,0,3533.90112630769,106.571653699406,4,1.00117972152139,1.00117972152139,255.592332839606,255.893860615361
25.6,60,0,3534.38698742544,106.588914483787,4,1.0011808517695,1.0011808517695,255.587824190545,255.889635525003
25.61,60,0,3534.87268942818,106.606170378785,4,1.00118198166761,1.00118198166761,255.583317043604,255.885411838895
25.62,60,0,3535.35823235638,106.623421385107,4,1.00118311121578,1.00118311121578,255.578811398384,255.881189556666
25.63,60,0,3535.84361625053,106.640667503465,4,1.0011842404141,1.0011842404141,255.574307254487,255.876968677945
25.64,60,0,3536.32884115111,106.657908734566,4,1.00118536926265,1.00118536926265,255.569804611513,255.87274920236
25.65,60,0,3536.81390709858,106.675145079121,4,1.00118649776149,1.00118649776149,255.565303469063,255.868531129543
25.66,60,0,3537.29881413343,106.692376537841,4,1.0011876259107,1.0011876259107,255.560803826737,255.864314459122
25.67,60,0,3537.78356229611,106.709603111435,4,1.00118875371036,1.00118875371036,255.556305684137,255.860099190725
25.68,60,0,3538.2681516271,106.726824800615,4,1.00118988116054,1.00118988116054,255.551809040864,255.855885323983
25.69,60,0,3538.75258216687,106.744041606093,4,1.00119100826132,1.00119100826132,255.547313896517,255.851672858525
25.7,60,0,3539.23685395587,106.761253528579,4,1.00119213501277,1.00119213501277,255.5428202507,255.847461793982
25.71,60,0,3539.72096703457,106.778460568787,4,1.00119326141496,1.00119326141496,255.538328103012,255.843252129981
25.72,60,0,3540.20492144341,106.795662727428,4,1.00119438746798,1.00119438746798,255.533837453054,255.839043866153
25.73,60,0,3540.68871722286,106.812860005215,4,1.0011955131719,1.0011955131719,255.529348300428,255.834837002127
25.74,60,0,3541.17235441337,106.830052402863,4,1.00119663852678,1.00119663852678,255.524860644735,255.830631537533
25.75,60,0,3541.65583305539,106.847239921083,4,1.00119776353272,1.00119776353272,255.520374485576,255.826427472
25.76,60,0,3542.13915318935,106.864422560591,4,1.00119888818977,1.00119888818977,255.515889822552,255.82222480516
25.77,60,0,3542.62231485572,106.881600322101,4,1.00120001249802,1.00120001249802,255.511406655264,255.818023536639
25.78,60,0,3543.10531809492,106.898773206326,4,1.00120113645755,1.00120113645755,255.506924983315,255.813823666069
25.79,60,0,3543.5881629474,106.915941213983,4,1.00120226006842,1.00120226006842,255.502444806304,255.809625193079
25.8,60,0,3544.07084945359,106.933104345787,4,1.00120338333072,1.00120338333072,255.497966123834,255.8054281173
25.81,60,0,3544.55337765393,106.950262602453,4,1.00120450624451,1.00120450624451,255.493488935506,255.801232438361
25.82,60,0,3545.03574758885,106.967415984698,4,1.00120562880988,1.00120562880988,255.48901324092,255.797038155891
25.83,60,0,3545.51795929877,106.984564493238,4,1.00120675102689,1.00120675102689,255.484539039681,255.792845269522
25.84,60,0,3546.00001282413,107.00170812879,4,1.00120787289563,1.00120787289563,255.480066331387,255.788653778882
25.85,60,0,3546.48190820534,107.018846892072,4,1.00120899441616,1.00120899441616,255.475595115641,255.784463683602
25.86,60,0,3546.96364548283,107.0359807838,4,1.00121011558857,1.00121011558857,255.471125392044,255.780274983311
25.87,60,0,3547.44522469701,107.053109804693,4,1.00121123641293,1.00121123641293,255.466657160199,255.77608767764
25.88,60,0,3547.9266458883,107.070233955469,4,1.00121235688931,1.00121235688931,255.462190419706,255.771901766219
25.89,60,0,3548.40790909711,107.087353236847,4,1.00121347701779,1.00121347701779,255.457725170168,255.767717248678
25.9,60,0,3548.88901436385,107.104467649546,4,1.00121459679844,1.00121459679844,255.453261411186,255.763534124647
25.91,60,0,3549.36996172893,107.121577194285,4,1.00121571623134,1.00121571623134,255.448799142361,255.759352393755
25.92,60,0,3549.85075123276,107.138681871784,4,1.00121683531657,1.00121683531657,255.444338363298,255.755172055635
25.93,60,0,3550.33138291572,107.155781682764,4,1.00121795405419,1.00121795405419,255.439879073596,255.750993109916
25.94,60,0,3550.81185681824,107.172876627944,4,1.00121907244429,1.00121907244429,255.435421272857,255.746815556227
25.95,60,0,3551.29217298069,107.189966708045,4,1.00122019048694,1.00122019048694,255.430964960684,255.7426393942
25.96,60,0,3551.77233144348,107.20705192379,4,1.00122130818222,1.00122130818222,255.426510136679,255.738464623463
25.97,60,0,3552.25233224699,107.224132275898,4,1.00122242553019,1.00122242553019,255.422056800443,255.73429124365
25.98,60,0,3552.73217543162,107.241207765093,4,1.00122354253094,1.00122354253094,255.417604951578,255.730119254388
25.99,60,0,3553.21186103775,107.258278392096,4,1.00122465918454,1.00122465918454,255.413154589687,255.725948655308
26,60,0,3553.69138910576,107.275344157631,4,1.00122577549107,1.00122577549107,255.408705714373,255.721779446043
26.01,60,0,3554.17075967603,107.292405062419,4,1.0012268914506,1.0012268914506,255.404258325236,255.717611626221
26.02,60,0,3554.64997278894,107.309461107185,4,1.0012280070632,1.0012280070632,255.39981242188,255.713445195474
26.03,60,0,3555.12902848487,107.326512292653,4,1.00122912232896,1.00122912232896,255.395368003905,255.70928015343
26.04,60,0,3555.60792680419,107.343558619545,4,1.00123023724794,1.00123023724794,255.390925070916,255.705116499724
26.05,60,0,3556.08666778726,107.360600088587,4,1.00123135182022,1.00123135182022,255.386483622514,255.700954233983
26.06,60,0,3556.56525147446,107.377636700504,4,1.00123246604588,1.00123246604588,255.382043658302,255.696793355839
26.07,60,0,3557.04367790615,107.39466845602,4,1.001233579925,1.001233579925,255.377605177882,255.692633864923
26.08,60,0,3557.52194712268,107.411695355861,4,1.00123469345764,1.00123469345764,255.373168180855,255.688475760864
26.09,60,0,3558.00005916442,107.428717400753,4,1.00123580664388,1.00123580664388,255.368732666826,255.684319043295
26.1,60,0,3558.47801407173,107.445734591422,4,1.0012369194838,1.0012369194838,255.364298635396,255.680163711847
26.11,60,0,3558.95581188495,107.462746928595,4,1.00123803197748,1.00123803197748,255.359866086169,255.676009766149
26.12,60,0,3559.43345264443,107.479754412998,4,1.00123914412499,1.00123914412499,255.355435018745,255.671857205832
26.13,60,0,3559.91093639053,107.496757045359,4,1.00124025592639,1.00124025592639,255.351005432728,255.667706030527
26.14,60,0,3560.38826316359,107.513754826405,4,1.00124136738178,1.00124136738178,255.346577327722,255.663556239866
26.15,60,0,3560.86543300394,107.530747756865,4,1.00124247849123,1.00124247849123,255.342150703328,255.659407833481
26.16,60,0,3561.34244595193,107.547735837466,4,1.0012435892548,1.0012435892548,255.33772555915,255.655260811001
26.17,60,0,3561.8193020479,107.564719068937,4,1.00124469967258,1.00124469967258,255.33330189479,255.651115172057
26.18,60,0,3562.29600133218,107.581697452008,4,1.00124580974464,1.00124580974464,255.32887970985,255.64697091628
26.19,60,0,3562.77254384509,107.598670987408,4,1.00124691947105,1.00124691947105,255.324459003935,255.642828043303
26.2,60,0,3563.24892962697,107.615639675865,4,1.0012480288519,1.0012480288519,255.320039776647,255.638686552756
26.21,60,0,3563.72515871814,107.632603518112,4,1.00124913788725,1.00124913788725,255.315622027588,255.63454644427
26.22,60,0,3564.20123115893,107.649562514877,4,1.00125024657719,1.00125024657719,255.311205756362,255.630407717476
26.23,60,0,3564.67714698964,107.666516666891,4,1.00125135492178,1.00125135492178,255.306790962572,255.626270372007
26.24,60,0,3565.15290625061,107.683465974886,4,1.0012524629211,1.0012524629211,255.302377645822,255.622134407492
26.25,60,0,3565.62850898213,107.700410439594,4,1.00125357057523,1.00125357057523,255.297965805712,255.617999823563
26.26,60,0,3566.10395522453,107.717350061745,4,1.00125467788425,1.00125467788425,255.293555441848,255.613866619853
26.27,60,0,3566.57924501811,107.734284842072,4,1.00125578484823,1.00125578484823,255.289146553833,255.609734795991
26.28,60,0,3567.05437840317,107.751214781308,4,1.00125689146723,1.00125689146723,255.284739141269,255.60560435161
26.29,60,0,3567.52935542003,107.768139880186,4,1.00125799774135,1.00125799774135,255.280333203759,255.601475286341
26.3,60,0,3568.00417610896,107.785060139438,4,1.00125910367065,1.00125910367065,255.275928740909,255.597347599816
26.31,60,0,3568.47884051029,107.801975559798,4,1.00126020925522,1.00126020925522,255.27152575232,255.593221291666
26.32,60,0,3568.95334866429,107.818886142,4,1.00126131449512,1.00126131449512,255.267124237596,255.589096361524
26.33,60,0,3569.42770061125,107.835791886778,4,1.00126241939042,1.00126241939042,255.26272419634,255.584972809018
26.34,60,0,3569.90189639147,107.852692794867,4,1.00126352394122,1.00126352394122,255.258325628156,255.580850633783
26.35,60,0,3570.37593604523,107.869588867002,4,1.00126462814758,1.00126462814758,255.253928532648,255.57672983545
26.36,60,0,3570.84981961282,107.886480103918,4,1.00126573200957,1.00126573200957,255.249532909419,255.572610413651
26.37,60,0,3571.3235471345,107.903366506351,4,1.00126683552728,1.00126683552728,255.245138758072,255.568492368017
26.38,60,0,3571.79711865056,107.920248075035,4,1.00126793870077,1.00126793870077,255.240746078212,255.564375698179
26.39,60,0,3572.27053420127,107.937124810709,4,1.00126904153013,1.00126904153013,255.236354869442,255.560260403771
26.4,60,0,3572.7437938269,107.953996714109,4,1.00127014401543,1.00127014401543,255.231965131365,255.556146484423
26.41,60,0,3573.21689756772,107.97086378597,4,1.00127124615674,1.00127124615674,255.227576863586,255.552033939769
26.42,60,0,3573.68984546399,107.987726027032,4,1.00127234795414,1.00127234795414,255.223190065708,255.547922769438
26.43,60,0,3574.16263755598,108.00458343803,4,1.00127344940771,1.00127344940771,255.218804737335,255.543812973064
26.44,60,0,3574.63527388393,108.021436019705,4,1.00127455051752,1.00127455051752,255.214420878072,255.53970455028
26.45,60,0,3575.10775448812,108.038283772792,4,1.00127565128364,1.00127565128364,255.210038487521,255.535597500714
26.46,60,0,3575.58007940878,108.055126698033,4,1.00127675170615,1.00127675170615,255.205657565286,255.531491824002
26.47,60,0,3576.05224868618,108.071964796165,4,1.00127785178513,1.00127785178513,255.201278110973,255.527387519776
26.48,60,0,3576.52426236055,108.088798067927,4,1.00127895152066,1.00127895152066,255.196900124186,255.523284587666
26.49,60,0,3576.99612047214,108.10562651406,4,1.0012800509128,1.0012800509128,255.192523604527,255.519183027306
26.5,60,0,3577.4678230612,108.122450135304,4,1.00128114996163,1.00128114996163,255.188148551601,255.515082838327
26.51,60,0,3577.93937016795,108.139268932398,4,1.00128224866724,1.00128224866724,255.183774965012,255.510984020361
26.52,60,0,3578.41076183264,108.156082906084,4,1.00128334702968,1.00128334702968,255.179402844366,255.506886573042
26.53,60,0,3578.88199809549,108.172892057103,4,1.00128444504905,1.00128444504905,255.175032189264,255.502790496001
26.54,60,0,3579.35307899674,108.189696386196,4,1.00128554272541,1.00128554272541,255.170662999313,255.498695788871
26.55,60,0,3579.8240045766,108.206495894105,4,1.00128664005885,1.00128664005885,255.166295274117,255.494602451284
26.56,60,0,3580.29477487531,108.223290581571,4,1.00128773704943,1.00128773704943,255.161929013279,255.490510482872
26.57,60,0,3580.76538993309,108.240080449338,4,1.00128883369723,1.00128883369723,255.157564216404,255.486419883268
26.58,60,0,3581.23584979014,108.256865498148,4,1.00128993000233,1.00128993000233,255.153200883097,255.482330652106
26.59,60,0,3581.70615448669,108.273645728744,4,1.0012910259648,1.0012910259648,255.148839012963,255.478242789016
26.6,60,0,3582.17630406294,108.290421141869,4,1.00129212158472,1.00129212158472,255.144478605606,255.474156293633
26.61,60,0,3582.64629855911,108.307191738268,4,1.00129321686216,1.00129321686216,255.140119660629,255.470071165587
26.62,60,0,3583.11613801539,108.323957518684,4,1.0012943117972,1.0012943117972,255.135762177639,255.465987404514
26.63,60,0,3583.58582247199,108.340718483862,4,1.00129540638992,1.00129540638992,255.13140615624,255.461905010044
26.64,60,0,3584.05535196911,108.357474634546,4,1.00129650064039,1.00129650064039,255.127051596036,255.45782398181
26.65,60,0,3584.52472654694,108.374225971482,4,1.00129759454868,1.00129759454868,255.122698496631,255.453744319445
26.66,60,0,3584.99394624568,108.390972495414,4,1.00129868811488,1.00129868811488,255.118346857632,255.449666022582
26.67,60,0,3585.46301110551,108.40771420709,4,1.00129978133905,1.00129978133905,255.113996678642,255.445589090855
26.68,60,0,3585.93192116662,108.424451107254,4,1.00130087422127,1.00130087422127,255.109647959268,255.441513523896
26.69,60,0,3586.4006764692,108.441183196653,4,1.00130196676163,1.00130196676163,255.105300699113,255.437439321338
26.7,60,0,3586.86927705342,108.457910476035,4,1.00130305896018,1.00130305896018,255.100954897783,255.433366482813
26.71,60,0,3587.33772295946,108.474632946145,4,1.00130415081702,1.00130415081702,255.096610554882,255.429295007955
26.72,60,0,3587.8060142275,108.491350607732,4,1.00130524233221,1.00130524233221,255.092267670015,255.425224896397
26.73,60,0,3588.27415089771,108.508063461543,4,1.00130633350583,1.00130633350583,255.087926242789,255.421156147773
26.74,60,0,3588.74213301025,108.524771508326,4,1.00130742433796,1.00130742433796,255.083586272807,255.417088761714
26.75,60,0,3589.2099606053,108.54147474883,4,1.00130851482867,1.00130851482867,255.079247759675,255.413022737853
26.76,60,0,3589.677633723,108.558173183803,4,1.00130960497803,1.00130960497803,255.074910702999,255.408958075826
26.77,60,0,3590.14515240353,108.574866813995,4,1.00131069478613,1.00131069478613,255.070575102382,255.404894775264
26.78,60,0,3590.61251668703,108.591555640154,4,1.00131178425304,1.00131178425304,255.066240957432,255.400832835802
26.79,60,0,3591.07972661366,108.608239663031,4,1.00131287337883,1.00131287337883,255.061908267753,255.396772257071
26.8,60,0,3591.54678222356,108.624918883375,4,1.00131396216358,1.00131396216358,255.057577032951,255.392713038706
26.81,60,0,3592.01368355689,108.641593301938,4,1.00131505060736,1.00131505060736,255.053247252631,255.38865518034
26.82,60,0,3592.48043065379,108.658262919469,4,1.00131613871026,1.00131613871026,255.048918926398,255.384598681607
26.83,60,0,3592.94702355439,108.674927736719,4,1.00131722647234,1.00131722647234,255.044592053857,255.380543542138
26.84,60,0,3593.41346229884,108.691587754441,4,1.00131831389369,1.00131831389369,255.040266634615,255.376489761569
26.85,60,0,3593.87974692726,108.708242973386,4,1.00131940097437,1.00131940097437,255.035942668277,255.372437339533
26.86,60,0,3594.34587747979,108.724893394305,4,1.00132048771447,1.00132048771447,255.031620154448,255.368386275662
26.87,60,0,3594.81185399655,108.741539017951,4,1.00132157411405,1.00132157411405,255.027299092735,255.364336569592
26.88,60,0,3595.27767651767,108.758179845076,4,1.0013226601732,1.0013226601732,255.022979482744,255.360288220956
26.89,60,0,3595.74334508327,108.774815876435,4,1.00132374589199,1.00132374589199,255.018661324079,255.356241229387
26.9,60,0,3596.20885973347,108.791447112779,4,1.00132483127049,1.00132483127049,255.014344616347,255.352195594519
26.91,60,0,3596.67422050838,108.808073554863,4,1.00132591630879,1.00132591630879,255.010029359154,255.348151315986
26.92,60,0,3597.13942744811,108.82469520344,4,1.00132700100695,1.00132700100695,255.005715552104,255.34410839342
26.93,60,0,3597.60448059277,108.841312059265,4,1.00132808536506,1.00132808536506,255.001403194806,255.340066826458
26.94,60,0,3598.06937998247,108.857924123093,4,1.00132916938319,1.00132916938319,254.997092286863,255.336026614732
26.95,60,0,3598.5341256573,108.874531395678,4,1.0013302530614,1.0013302530614,254.992782827884,255.331987757877
26.96,60,0,3598.99871765737,108.891133877775,4,1.00133133639979,1.00133133639979,254.988474817472,255.327950255524
26.97,60,0,3599.46315602277,108.907731570141,4,1.00133241939843,1.00133241939843,254.984168255235,255.32391410731
26.98,60,0,3599.9274407936,108.92432447353,4,1.00133350205738,1.00133350205738,254.979863140779,255.319879312868
26.99,60,0,3600.38858638194,108.94091247772,4,1.00133462275256,1.00133462275256,254.972653154391,255.312945458572
27,60,0,3600.84319038939,108.957494897516,4,1.00133582496308,1.00133582496308,254.95924482033,255.299825744129
27.01,60,0,3601.2935458437,108.974071083819,4,1.00133707888469,1.00133707888469,254.941894416362,255.282771840209
27.02,60,0,3601.74116622678,108.990640633138,4,1.00133836485911,1.00133836485911,254.922090097701,255.263268864899
27.03,60,0,3602.18699552561,109.007203294866,4,1.00133967062704,1.00133967062704,254.900759796487,255.242242857196
27.04,60,0,3602.63162260498,109.023758913733,4,1.00134098854244,1.00134098854244,254.878482161204,255.220271285497
27.05,60,0,3603.07541486513,109.040307393918,4,1.00134231383597,1.00134231383597,254.855618066662,255.197714288968
27.06,60,0,3603.51860157902,109.056848676683,4,1.00134364353225,1.00134364353225,254.832392599078,255.174796495201
27.07,60,0,3603.96132585887,109.073382726414,4,1.00134497577485,1.00134497577485,254.808946167717,255.151658027529
27.08,60,0,3604.40367706432,109.089909521931,4,1.00134630940535,1.00134630940535,254.785366371486,255.128386306577
27.09,60,0,3604.84571101606,109.106429051051,4,1.00134764370077,1.00134764370077,254.761707868788,255.105035879595
27.1,60,0,3605.28746260506,109.122941307214,4,1.00134897820989,1.00134897820989,254.738004768512,255.081640786175
27.11,60,0,3605.72895365931,109.139446287361,4,1.00135031265105,1.00135031265105,254.714278358156,255.058222270626
27.12,60,0,3606.17019785257,109.155943990624,4,1.00135164684845,1.00135164684845,254.690541924446,255.034793592768
27.13,60,0,3606.61120376771,109.1724344175,4,1.00135298069235,1.00135298069235,254.666803760751,255.01136302922
27.14,60,0,3607.05197680879,109.188917569338,4,1.00135431411426,1.00135431411426,254.643069043568,254.987935746072
27.15,60,0,3607.49252039463,109.205393448021,4,1.00135564707147,1.00135564707147,254.61934100355,254.964514967522
27.16,60,0,3607.9328367041,109.221862055761,4,1.00135697953736,1.00135697953736,254.595621656388,254.941102705276
27.17,60,0,3608.37292714143,109.238323394982,4,1.00135831149532,1.00135831149532,254.57191225905,254.917700213857
27.18,60,0,3608.81279262685,109.254777468231,4,1.00135964293507,1.00135964293507,254.548213594624,254.894308274873
27.19,60,0,3609.25243377812,109.271224278142,4,1.00136097385023,1.00136097385023,254.524526150184,254.870927374516
27.2,60,0,3609.69185102399,109.287663827395,4,1.00136230423685,1.00136230423685,254.500850227868,254.847557814416
27.21,60,0,3610.13104467496,109.304096118701,4,1.00136363409255,1.00136363409255,254.47718601425,254.824199780875
27.22,60,0,3610.57001496767,109.320521154793,4,1.00136496341589,1.00136496341589,254.453533623688,254.800853388129
27.23,60,0,3611.00876209251,109.336938938413,4,1.00136629220602,1.00136629220602,254.429893125405,254.777518705362
27.24,60,0,3611.44728621093,109.353349472311,4,1.00136762046249,1.00136762046249,254.406264560404,254.754195773602
27.25,60,0,3611.88558746628,109.369752759242,4,1.00136894818505,1.00136894818505,254.382647952053,254.730884616274
27.26,60,0,3612.32366599055,109.386148801963,4,1.00137027537362,1.00137027537362,254.359043312684,254.707585245793
27.27,60,0,3612.76152190861,109.40253760323,4,1.00137160202821,1.00137160202821,254.335450647736,254.684297667691
27.28,60,0,3613.19915534083,109.418919165804,4,1.00137292814888,1.00137292814888,254.311869958333,254.661021883194
27.29,60,0,3613.6365664048,109.435293492443,4,1.00137425373573,1.00137425373573,254.288301242904,254.637757890841
27.3,60,0,3614.07375521628,109.451660585904,4,1.00137557878889,1.00137557878889,254.26474449819,254.614505687484
27.31,60,0,3614.5107218899,109.468020448947,4,1.00137690330848,1.00137690330848,254.241199719876,254.591265268923
27.32,60,0,3614.94746653958,109.484373084328,4,1.00137822729466,1.00137822729466,254.217666902994,254.568036630303
27.33,60,0,3615.38398927874,109.500718494805,4,1.00137955074756,1.00137955074756,254.194146042158,254.544819766356
27.34,60,0,3615.82029022047,109.517056683135,4,1.00138087366735,1.00138087366735,254.17063713173,254.52161467156
27.35,60,0,3616.25636947765,109.533387652073,4,1.00138219605419,1.00138219605419,254.147140165911,254.498421340232
27.36,60,0,3616.692227163,109.549711404375,4,1.00138351790822,1.00138351790822,254.123655138806,254.475239766592
27.37,60,0,3617.12786338911,109.566027942795,4,1.00138483922961,1.00138483922961,254.100182044453,254.452069944798
27.38,60,0,3617.5632782685,109.582337270087,4,1.00138616001851,1.00138616001851,254.076720876859,254.428911868973
27.39,60,0,3617.99847191356,109.598639389005,4,1.00138748027509,1.00138748027509,254.053271630009,254.405765533217
27.4,60,0,3618.43344443666,109.614934302302,4,1.0013887999995,1.0013887999995,254.029834297872,254.382630931617
27.41,60,0,3618.86819595008,109.631222012729,4,1.00139011919189,1.00139011919189,254.006408874412,254.359508058252
27.42,60,0,3619.30272656602,109.647502523038,4,1.00139143785244,1.00139143785244,253.982995353588,254.336396907199
27.43,60,0,3619.73703639667,109.663775835981,4,1.0013927559813,1.0013927559813,253.959593729361,254.313297472537
27.44,60,0,3620.17112555411,109.680041954306,4,1.00139407357863,1.00139407357863,253.936203995692,254.290209748339
27.45,60,0,3620.6049941504,109.696300880764,4,1.00139539064458,1.00139539064458,253.912826146541,254.267133728686
27.46,60,0,3621.03864229753,109.712552618104,4,1.00139670717933,1.00139670717933,253.889460175874,254.244069407656
27.47,60,0,3621.47207010742,109.728797169074,4,1.00139802318301,1.00139802318301,253.866106077654,254.221016779332
27.48,60,0,3621.90527769196,109.745034536421,4,1.00139933865581,1.00139933865581,253.842763845852,254.197975837798
27.49,60,0,3622.33826516298,109.761264722892,4,1.00140065359787,1.00140065359787,253.819433474439,254.174946577143
27.5,60,0,3622.77103263223,109.777487731234,4,1.00140196800935,1.00140196800935,253.796114957389,254.151928991456
27.51,60,0,3623.20358021144,109.793703564192,4,1.00140328189041,1.00140328189041,253.77280828868,254.12892307483
27.52,60,0,3623.63590801226,109.809912224511,4,1.00140459524122,1.00140459524122,253.74951346229,254.105928821361
27.53,60,0,3624.06801614629,109.826113714936,4,1.00140590806193,1.00140590806193,253.726230472205,254.082946225148
27.54,60,0,3624.49990472508,109.84230803821,4,1.0014072203527,1.0014072203527,253.702959312408,254.059975280293
27.55,60,0,3624.93157386013,109.858495197077,4,1.00140853211369,1.00140853211369,253.679699976891,254.0370159809
27.56,60,0,3625.36302366286,109.874675194278,4,1.00140984334506,1.00140984334506,253.656452459645,254.014068321076
27.57,60,0,3625.79425424466,109.890848032556,4,1.00141115404697,1.00141115404697,253.633216754663,253.991132294931
27.58,60,0,3626.22526571687,109.907013714651,4,1.00141246421957,1.00141246421957,253.609992855944,253.968207896579
27.59,60,0,3626.65605819074,109.923172243305,4,1.00141377386304,1.00141377386304,253.58678075749,253.945295120136
27.6,60,0,3627.08663177751,109.939323621256,4,1.00141508297751,1.00141508297751,253.563580453303,253.92239395972
27.61,60,0,3627.51698658832,109.955467851244,4,1.00141639156317,1.00141639156317,253.540391937391,253.899504409454
27.62,60,0,3627.9471227343,109.971604936007,4,1.00141769962016,1.00141769962016,253.517215203763,253.876626463461
27.63,60,0,3628.37704032648,109.987734878284,4,1.00141900714864,1.00141900714864,253.494050246433,253.853760115871
27.64,60,0,3628.80673947588,110.003857680811,4,1.00142031414878,1.00142031414878,253.470897059415,253.830905360813
27.65,60,0,3629.23622029342,110.019973346325,4,1.00142162062073,1.00142162062073,253.447755636729,253.80806219242
27.66,60,0,3629.66548289001,110.036081877561,4,1.00142292656465,1.00142292656465,253.424625972397,253.78523060483
27.67,60,0,3630.09452737648,110.052183277256,4,1.0014242319807,1.0014242319807,253.40150806044,253.762410592179
27.68,60,0,3630.5233538636,110.068277548144,4,1.00142553686905,1.00142553686905,253.378401894889,253.73960214861
27.69,60,0,3630.95196246209,110.084364692957,4,1.00142684122984,1.00142684122984,253.355307469773,253.71680526827
27.7,60,0,3631.38035328263,110.100444714431,4,1.00142814506324,1.00142814506324,253.332224779127,253.694019945305
27.71,60,0,3631.80852643584,110.116517615297,4,1.00142944836941,1.00142944836941,253.309153816986,253.671246173866
27.72,60,0,3632.23648203226,110.132583398287,4,1.00143075114851,1.00143075114851,253.286094577389,253.648483948106
27.73,60,0,3632.66422018242,110.148642066133,4,1.00143205340069,1.00143205340069,253.263047054379,253.625733262182
27.74,60,0,3633.09174099675,110.164693621565,4,1.00143335512612,1.00143335512612,253.240011242002,253.602994110254
27.75,60,0,3633.51904458566,110.180738067314,4,1.00143465632495,1.00143465632495,253.216987134304,253.580266486481
27.76,60,0,3633.94613105948,110.196775406108,4,1.00143595699735,1.00143595699735,253.193974725338,253.557550385031
27.77,60,0,3634.37300052851,110.212805640676,4,1.00143725714347,1.00143725714347,253.170974009158,253.534845800071
27.78,60,0,3634.79965310298,110.228828773747,4,1.00143855676347,1.00143855676347,253.14798497982,253.512152725772
27.79,60,0,3635.22608889306,110.244844808047,4,1.00143985585752,1.00143985585752,253.125007631383,253.489471156305
27.8,60,0,3635.65230800888,110.260853746303,4,1.00144115442576,1.00144115442576,253.102041957913,253.46680108585
27.81,60,0,3636.07831056051,110.276855591242,4,1.00144245246837,1.00144245246837,253.079087953474,253.444142508585
27.82,60,0,3636.50409665796,110.292850345589,4,1.0014437499855,1.0014437499855,253.056145612135,253.421495418692
27.83,60,0,3636.9296664112,110.308838012068,4,1.0014450469773,1.0014450469773,253.033214927968,253.398859810356
27.84,60,0,3637.35501993013,110.324818593404,4,1.00144634344394,1.00144634344394,253.010295895046,253.376235677764
27.85,60,0,3637.7801573246,110.340792092319,4,1.00144763938558,1.00144763938558,252.987388507448,253.353623015108
27.86,60,0,3638.20507870441,110.356758511538,4,1.00144893480238,1.00144893480238,252.964492759256,253.331021816581
27.87,60,0,3638.62978417931,110.372717853781,4,1.00145022969449,1.00145022969449,252.941608644551,253.30843207638
27.88,60,0,3639.05427385898,110.388670121771,4,1.00145152406208,1.00145152406208,252.91873615742,253.285853788703
27.89,60,0,3639.47854785306,110.404615318228,4,1.0014528179053,1.0014528179053,252.895875291953,253.263286947753
27.9,60,0,3639.90260627112,110.420553445872,4,1.00145411122431,1.00145411122431,252.873026042242,253.240731547736
27.91,60,0,3640.32644922271,110.436484507423,4,1.00145540401928,1.00145540401928,252.850188402382,253.218187582858
27.92,60,0,3640.75007681728,110.452408505599,4,1.00145669629036,1.00145669629036,252.827362366471,253.195655047331
27.93,60,0,3641.17348916425,110.46832544312,4,1.00145798803771,1.00145798803771,252.80454792861,253.173133935368
27.94,60,0,3641.596686373,110.484235322701,4,1.00145927926149,1.00145927926149,252.781745082904,253.150624241185
27.95,60,0,3642.01966855282,110.50013814706,4,1.00146056996185,1.00146056996185,252.758953823458,253.128125959002
27.96,60,0,3642.44243581299,110.516033918914,4,1.00146186013897,1.00146186013897,252.736174144384,253.105639083041
27.97,60,0,3642.86498826269,110.531922640977,4,1.001463149793,1.001463149793,252.713406039793,253.083163607527
27.98,60,0,3643.28732601107,110.547804315965,4,1.00146443892409,1.00146443892409,252.690649503802,253.060699526688
27.99,60,0,3643.70944916724,110.563678946592,4,1.0014657275324,1.0014657275324,252.667904530528,253.038246834753
28,60,0,3644.13135784022,110.579546535571,4,1.00146701561811,1.00146701561811,252.645171114093,253.015805525957
28.01,60,0,3644.55305213901,110.595407085615,4,1.00146830318135,1.00146830318135,252.622449248622,252.993375594535
28.02,60,0,3644.97453217254,110.611260599437,4,1.0014695902223,1.0014695902223,252.599738928242,252.970957034728
28.03,60,0,3645.39579804968,110.627107079748,4,1.00147087674112,1.00147087674112,252.577040147084,252.948549840777
28.04,60,0,3645.81684987927,110.642946529258,4,1.00147216273795,1.00147216273795,252.55435289928,252.926154006926
28.05,60,0,3646.23768777006,110.658778950679,4,1.00147344821297,1.00147344821297,252.531677178966,252.903769527424
28.06,60,0,3646.65831183078,110.674604346719,4,1.00147473316633,1.00147473316633,252.509012980283,252.881396396521
28.07,60,0,3647.07872217009,110.690422720088,4,1.00147601759818,1.00147601759818,252.486360297369,252.859034608469
28.08,60,0,3647.4989188966,110.706234073493,4,1.0014773015087,1.0014773015087,252.463719124372,252.836684157526
28.09,60,0,3647.91890211886,110.722038409643,4,1.00147858489803,1.00147858489803,252.441089455438,252.81434503795
28.1,60,0,3648.33867194537,110.737835731244,4,1.00147986776634,1.00147986776634,252.418471284719,252.792017244003
28.11,60,0,3648.75822848459,110.753626041003,4,1.00148115011379,1.00148115011379,252.395864606368,252.76970076995
28.12,60,0,3649.17757184491,110.769409341625,4,1.00148243194053,1.00148243194053,252.373269414541,252.747395610058
28.13,60,0,3649.59670213466,110.785185635815,4,1.00148371324673,1.00148371324673,252.350685703398,252.725101758597
28.14,60,0,3650.01561946213,110.800954926277,4,1.00148499403254,1.00148499403254,252.3281134671,252.70281920984
28.15,60,0,3650.43432393557,110.816717215716,4,1.00148627429812,1.00148627429812,252.305552699812,252.680547958063
28.16,60,0,3650.85281566313,110.832472506833,4,1.00148755404364,1.00148755404364,252.283003395703,252.658287997545
28.17,60,0,3651.27109475297,110.848220802331,4,1.00148883326924,1.00148883326924,252.260465548944,252.636039322568
28.18,60,0,3651.68916131313,110.863962104912,4,1.0014901119751,1.0014901119751,252.237939153708,252.613801927415
28.19,60,0,3652.10701545165,110.879696417277,4,1.00149139016136,1.00149139016136,252.215424204172,252.591575806375
28.2,60,0,3652.52465727648,110.895423742125,4,1.0014926678282,1.0014926678282,252.192920694516,252.569360953736
28.21,60,0,3652.94208689555,110.911144082157,4,1.00149394497576,1.00149394497576,252.170428618921,252.547157363792
28.22,60,0,3653.35930441671,110.926857440072,4,1.00149522160421,1.00149522160421,252.147947971575,252.524965030839
28.23,60,0,3653.77630994776,110.942563818568,4,1.0014964977137,1.0014964977137,252.125478746664,252.502783949174
28.24,60,0,3654.19310359645,110.958263220341,4,1.0014977733044,1.0014977733044,252.103020938378,252.480614113099
28.25,60,0,3654.60968547049,110.973955648091,4,1.00149904837647,1.00149904837647,252.080574540914,252.458455516918
28.26,60,0,3655.02605567752,110.989641104512,4,1.00150032293005,1.00150032293005,252.058139548466,252.436308154938
28.27,60,0,3655.44221432512,111.0053195923,4,1.00150159696532,1.00150159696532,252.035715955237,252.414172021469
28.28,60,0,3655.85816152084,111.02099111415,4,1.00150287048244,1.00150287048244,252.013303755427,252.392047110822
28.29,60,0,3656.27389737217,111.036655672757,4,1.00150414348155,1.00150414348155,251.990902943242,252.369933417314
28.3,60,0,3656.68942198653,111.052313270814,4,1.00150541596282,1.00150541596282,251.968513512892,252.347830935262
28.31,60,0,3657.1047354713,111.067963911014,4,1.00150668792641,1.00150668792641,251.946135458586,252.325739658987
28.32,60,0,3657.51983793381,111.083607596049,4,1.00150795937248,1.00150795937248,251.923768774539,252.303659582813
28.33,60,0,3657.93472948132,111.099244328611,4,1.00150923030118,1.00150923030118,251.901413454968,252.281590701066
28.34,60,0,3658.34941022107,111.114874111391,4,1.00151050071269,1.00151050071269,251.879069494094,252.259533008076
28.35,60,0,3658.76388026021,111.130496947079,4,1.00151177060714,1.00151177060714,251.856736886139,252.237486498175
28.36,60,0,3659.17813970585,111.146112838365,4,1.00151303998471,1.00151303998471,251.834415625328,252.215451165697
28.37,60,0,3659.59218866506,111.161721787938,4,1.00151430884556,1.00151430884556,251.81210570589,252.193427004979
28.38,60,0,3660.00602724484,111.177323798486,4,1.00151557718984,1.00151557718984,251.789807122056,252.171414010363
28.39,60,0,3660.41965555215,111.192918872696,4,1.0015168450177,1.0015168450177,251.767519868061,252.149412176193
28.4,60,0,3660.83307369388,111.208507013256,4,1.00151811232932,1.00151811232932,251.745243938141,252.127421496813
28.41,60,0,3661.24628177688,111.224088222852,4,1.00151937912485,1.00151937912485,251.722979326538,252.105441966573
28.42,60,0,3661.65927990795,111.239662504168,4,1.00152064540445,1.00152064540445,251.700726027493,252.083473579823
28.43,60,0,3662.07206819382,111.255229859892,4,1.00152191116828,1.00152191116828,251.678484035252,252.06151633092
28.44,60,0,3662.48464674119,111.270790292706,4,1.00152317641649,1.00152317641649,251.656253344063,252.039570214219
28.45,60,0,3662.89701565669,111.286343805293,4,1.00152444114925,1.00152444114925,251.63403394818,252.017635224081
28.46,60,0,3663.3091750469,111.301890400338,4,1.00152570536671,1.00152570536671,251.611825841853,251.995711354868
28.47,60,0,3663.72112501835,111.317430080523,4,1.00152696906904,1.00152696906904,251.589629019343,251.973798600946
28.48,60,0,3664.13286567752,111.332962848528,4,1.00152823225639,1.00152823225639,251.567443474909,251.951896956684
28.49,60,0,3664.54439713084,111.348488707035,4,1.00152949492892,1.00152949492892,251.545269202813,251.930006416452
28.5,60,0,3664.95571948467,111.364007658724,4,1.00153075708679,1.00153075708679,251.523106197321,251.908126974624
28.51,60,0,3665.36683284533,111.379519706274,4,1.00153201873016,1.00153201873016,251.500954452702,251.886258625577
28.52,60,0,3665.77773731909,111.395024852365,4,1.0015332798592,1.0015332798592,251.478813963226,251.86440136369
28.53,60,0,3666.18843301216,111.410523099675,4,1.00153454047405,1.00153454047405,251.456684723169,251.842555183346
28.54,60,0,3666.59892003069,111.426014450881,4,1.00153580057487,1.00153580057487,251.434566726807,251.82072007893
28.55,60,0,3667.00919848081,111.441498908659,4,1.00153706016184,1.00153706016184,251.41245996842,251.798896044827
28.56,60,0,3667.41926846856,111.456976475688,4,1.0015383192351,1.0015383192351,251.390364442293,251.777083075432
28.57,60,0,3667.82913009994,111.472447154641,4,1.00153957779481,1.00153957779481,251.368280142708,251.755281165135
28.58,60,0,3668.23878348091,111.487910948193,4,1.00154083584113,1.00154083584113,251.346207063955,251.733490308333
28.59,60,0,3668.64822871735,111.50336785902,4,1.00154209337423,1.00154209337423,251.324145200326,251.711710499424
28.6,60,0,3669.05746591512,111.518817889794,4,1.00154335039426,1.00154335039426,251.302094546115,251.689941732811
28.61,60,0,3669.46649518001,111.534261043188,4,1.00154460690138,1.00154460690138,251.280055095618,251.668184002898
28.62,60,0,3669.87531661775,111.549697321874,4,1.00154586289575,1.00154586289575,251.258026843136,251.646437304091
28.63,60,0,3670.28393033404,111.565126728525,4,1.00154711837752,1.00154711837752,251.236009782971,251.624701630801
28.64,60,0,3670.6923364345,111.580549265809,4,1.00154837334686,1.00154837334686,251.214003909429,251.602976977441
28.65,60,0,3671.10053502472,111.595964936399,4,1.00154962780393,1.00154962780393,251.192009216817,251.581263338425
28.66,60,0,3671.50852621023,111.611373742963,4,1.00155088174889,1.00155088174889,251.170025699448,251.559560708172
28.67,60,0,3671.9163100965,111.62677568817,4,1.00155213518188,1.00155213518188,251.148053351635,251.537869081103
28.68,60,0,3672.32388678896,111.642170774689,4,1.00155338810308,1.00155338810308,251.126092167695,251.516188451641
28.69,60,0,3672.73125639298,111.657559005186,4,1.00155464051264,1.00155464051264,251.104142141947,251.494518814213
28.7,60,0,3673.13841901389,111.672940382328,4,1.00155589241072,1.00155589241072,251.082203268714,251.472860163248
28.71,60,0,3673.54537475694,111.688314908782,4,1.00155714379748,1.00155714379748,251.060275542322,251.451212493178
28.72,60,0,3673.95212372735,111.703682587212,4,1.00155839467308,1.00155839467308,251.038358957099,251.429575798437
28.73,60,0,3674.3586660303,111.719043420285,4,1.00155964503768,1.00155964503768,251.016453507374,251.407950073463
28.74,60,0,3674.76500177088,111.734397410663,4,1.00156089489143,1.00156089489143,250.994559187484,251.386335312697
28.75,60,0,3675.17113105415,111.74974456101,4,1.0015621442345,1.0015621442345,250.972675991763,251.36473151058
28.76,60,0,3675.57705398513,111.765084873989,4,1.00156339306704,1.00156339306704,250.950803914551,251.34313866156
28.77,60,0,3675.98277066876,111.780418352262,4,1.00156464138922,1.00156464138922,250.928942950191,251.321556760083
28.78,60,0,3676.38828120995,111.79574499849,4,1.00156588920118,1.00156588920118,250.907093093028,251.299985800602
28.79,60,0,3676.79358571355,111.811064815334,4,1.0015671365031,1.0015671365031,250.885254337409,251.278425777571
28.8,60,0,3677.19868428436,111.826377805454,4,1.00156838329513,1.00156838329513,250.863426677686,251.256876685445
28.81,60,0,3677.60357702712,111.841683971509,4,1.00156962957742,1.00156962957742,250.841610108211,251.235338518685
28.82,60,0,3678.00826404652,111.856983316159,4,1.00157087535014,1.00157087535014,250.819804623341,251.213811271752
28.83,60,0,3678.41274544721,111.87227584206,4,1.00157212061345,1.00157212061345,250.798010217435,251.19229493911
28.84,60,0,3678.81702133377,111.88756155187,4,1.0015733653675,1.0015733653675,250.776226884856,251.17078951523
28.85,60,0,3679.22109181075,111.902840448246,4,1.00157460961246,1.00157460961246,250.754454619967,251.149294994579
28.86,60,0,3679.62495698263,111.918112533844,4,1.00157585334848,1.00157585334848,250.732693417138,251.127811371632
28.87,60,0,3680.02861695383,111.933377811319,4,1.00157709657572,1.00157709657572,250.710943270736,251.106338640864
28.88,60,0,3680.43207182876,111.948636283325,4,1.00157833929434,1.00157833929434,250.689204175136,251.084876796752
28.89,60,0,3680.83532171172,111.963887952517,4,1.0015795815045,1.0015795815045,250.667476124715,251.063425833781
28.9,60,0,3681.23836670701,111.979132821548,4,1.00158082320636,1.00158082320636,250.645759113849,251.041985746431
28.91,60,0,3681.64120691885,111.99437089307,4,1.00158206440007,1.00158206440007,250.624053136923,251.020556529192
28.92,60,0,3682.04384245141,112.009602169735,4,1.0015833050858,1.0015833050858,250.602358188319,250.999138176552
28.93,60,0,3682.44627340881,112.024826654195,4,1.0015845452637,1.0015845452637,250.580674262424,250.977730683003
28.94,60,0,3682.84849989513,112.040044349099,4,1.00158578493394,1.00158578493394,250.55900135363,250.956334043039
28.95,60,0,3683.25052201439,112.055255257099,4,1.00158702409667,1.00158702409667,250.537339456327,250.93494825116
28.96,60,0,3683.65233987054,112.070459380842,4,1.00158826275205,1.00158826275205,250.515688564914,250.913573301865
28.97,60,0,3684.05395356751,112.085656722977,4,1.00158950090024,1.00158950090024,250.494048673786,250.892209189657
28.98,60,0,3684.45536320916,112.100847286153,4,1.00159073854139,1.00159073854139,250.472419777346,250.870855909042
28.99,60,0,3684.85656889931,112.116031073016,4,1.00159197567568,1.00159197567568,250.450801869998,250.849513454529
29,60,0,3685.2575707417,112.131208086213,4,1.00159321230325,1.00159321230325,250.429194946148,250.828181820628
29.01,60,0,3685.65836884006,112.146378328389,4,1.00159444842426,1.00159444842426,250.407599000207,250.806861001855
29.02,60,0,3686.05896329804,112.16154180219,4,1.00159568403888,1.00159568403888,250.386014026584,250.785550992724
29.03,60,0,3686.45935421924,112.176698510259,4,1.00159691914725,1.00159691914725,250.364440019698,250.764251787757
29.04,60,0,3686.85954170722,112.191848455242,4,1.00159815374955,1.00159815374955,250.342876973964,250.742963381474
29.05,60,0,3687.25952586548,112.20699163978,4,1.00159938784593,1.00159938784593,250.321324883804,250.721685768401
29.06,60,0,3687.65930679747,112.222128066516,4,1.00160062143655,1.00160062143655,250.299783743641,250.700418943065
29.07,60,0,3688.0588846066,112.237257738092,4,1.00160185452156,1.00160185452156,250.278253547902,250.679162899996
29.08,60,0,3688.4582593962,112.252380657148,4,1.00160308710113,1.00160308710113,250.256734291015,250.657917633727
29.09,60,0,3688.85743126958,112.267496826326,4,1.00160431917541,1.00160431917541,250.235225967412,250.636683138794
29.1,60,0,3689.25640032999,112.282606248264,4,1.00160555074456,1.00160555074456,250.213728571528,250.615459409736
29.11,60,0,3689.6551666806,112.297708925601,4,1.00160678180875,1.00160678180875,250.1922420978,250.594246441093
29.12,60,0,3690.05373042458,112.312804860977,4,1.00160801236813,1.00160801236813,250.170766540668,250.573044227409
29.13,60,0,3690.452091665,112.327894057028,4,1.00160924242285,1.00160924242285,250.149301894575,250.55185276323
29.14,60,0,3690.85025050491,112.342976516391,4,1.00161047197308,1.00161047197308,250.127848153967,250.530672043106
29.15,60,0,3691.2482070473,112.358052241703,4,1.00161170101898,1.00161170101898,250.106405313292,250.509502061589
29.16,60,0,3691.64596139511,112.373121235598,4,1.0016129295607,1.0016129295607,250.084973367002,250.488342813233
29.17,60,0,3692.04351365121,112.388183500713,4,1.00161415759841,1.00161415759841,250.063552309549,250.467194292595
29.18,60,0,3692.44086391845,112.403239039681,4,1.00161538513226,1.00161538513226,250.042142135392,250.446056494235
29.19,60,0,3692.8380122996,112.418287855135,4,1.0016166121624,1.0016166121624,250.02074283899,250.424929412717
29.2,60,0,3693.23495889741,112.433329949708,4,1.00161783868901,1.00161783868901,249.999354414804,250.403813042604
29.21,60,0,3693.63170381455,112.448365326033,4,1.00161906471224,1.00161906471224,249.9779768573,250.382707378465
29.22,60,0,3694.02824715365,112.463393986741,4,1.00162029023224,1.00162029023224,249.956610160945,250.361612414872
29.23,60,0,3694.4245890173,112.478415934462,4,1.00162151524917,1.00162151524917,249.935254320211,250.340528146397
29.24,60,0,3694.82072950801,112.493431171827,4,1.0016227397632,1.0016227397632,249.91390932957,250.319454567616
29.25,60,0,3695.21666872827,112.508439701465,4,1.00162396377448,1.00162396377448,249.892575183499,250.29839167311
29.26,60,0,3695.61240678049,112.523441526005,4,1.00162518728317,1.00162518728317,249.871251876477,250.277339457457
29.27,60,0,3696.00794376707,112.538436648074,4,1.00162641028943,1.00162641028943,249.849939402984,250.256297915244
29.28,60,0,3696.40327979031,112.553425070301,4,1.00162763279342,1.00162763279342,249.828637757506,250.235267041056
29.29,60,0,3696.79841495249,112.568406795311,4,1.0016288547953,1.0016288547953,249.807346934529,250.214246829484
29.3,60,0,3697.19334935584,112.583381825731,4,1.00163007629522,1.00163007629522,249.786066928543,250.193237275119
29.31,60,0,3697.58808310252,112.598350164185,4,1.00163129729334,1.00163129729334,249.764797734042,250.172238372557
29.32,60,0,3697.98261629466,112.613311813299,4,1.00163251778982,1.00163251778982,249.743539345519,250.151250116394
29.33,60,0,3698.37694903432,112.628266775697,4,1.00163373778483,1.00163373778483,249.722291757474,250.130272501232
29.34,60,0,3698.77108142352,112.643215054001,4,1.00163495727851,1.00163495727851,249.701054964406,250.109305521672
29.35,60,0,3699.16501356423,112.658156650834,4,1.00163617627103,1.00163617627103,249.679828960821,250.088349172322
29.36,60,0,3699.55874555837,112.673091568817,4,1.00163739476255,1.00163739476255,249.658613741223,250.067403447788
29.37,60,0,3699.9522775078,112.688019810573,4,1.00163861275322,1.00163861275322,249.637409300123,250.046468342682
29.38,60,0,3700.34560951433,112.702941378722,4,1.0016398302432,1.0016398302432,249.616215632032,250.025543851618
29.39,60,0,3700.73874167973,112.717856275882,4,1.00164104723265,1.00164104723265,249.595032731464,250.004629969212
29.4,60,0,3701.13167410571,112.732764504674,4,1.00164226372174,1.00164226372174,249.573860592938,249.983726690083
29.41,60,0,3701.52440689394,112.747666067716,4,1.00164347971061,1.00164347971061,249.552699210971,249.962834008851
29.42,60,0,3701.91694014603,112.762560967625,4,1.00164469519942,1.00164469519942,249.531548580089,249.941951920143
29.43,60,0,3702.30927396354,112.777449207019,4,1.00164591018835,1.00164591018835,249.510408694816,249.921080418585
29.44,60,0,3702.70140844798,112.792330788513,4,1.00164712467753,1.00164712467753,249.489279549681,249.900219498807
29.45,60,0,3703.0933437008,112.807205714724,4,1.00164833866714,1.00164833866714,249.468161139213,249.879369155439
29.46,60,0,3703.48507982343,112.822073988267,4,1.00164955215733,1.00164955215733,249.447053457947,249.858529383118
29.47,60,0,3703.87661691721,112.836935611755,4,1.00165076514825,1.00165076514825,249.425956500421,249.837700176481
29.48,60,0,3704.26795508346,112.851790587802,4,1.00165197764008,1.00165197764008,249.404870261171,249.816881530169
29.49,60,0,3704.65909442344,112.866638919022,4,1.00165318963295,1.00165318963295,249.383794734741,249.796073438823
29.5,60,0,3705.05003503835,112.881480608026,4,1.00165440112704,1.00165440112704,249.362729915677,249.775275897092
29.51,60,0,3705.44077702934,112.896315657426,4,1.00165561212251,1.00165561212251,249.341675798523,249.754488899621
29.52,60,0,3705.83132049753,112.911144069832,4,1.0016568226195,1.0016568226195,249.320632377831,249.733712441063
29.53,60,0,3706.22166554398,112.925965847856,4,1.00165803261818,1.00165803261818,249.299599648154,249.712946516071
29.54,60,0,3706.61181226967,112.940780994105,4,1.00165924211871,1.00165924211871,249.278577604047,249.6921911193
29.55,60,0,3707.00176077558,112.95558951119,4,1.00166045112124,1.00166045112124,249.257566240068,249.67144624541
29.56,60,0,3707.39151116261,112.970391401718,4,1.00166165962594,1.00166165962594,249.236565550779,249.650711889063
29.57,60,0,3707.78106353161,112.985186668297,4,1.00166286763296,1.00166286763296,249.215575530741,249.629988044921
29.58,60,0,3708.17041798338,112.999975313533,4,1.00166407514246,1.00166407514246,249.194596174524,249.609274707653
29.59,60,0,3708.55957461868,113.014757340032,4,1.0016652821546,1.0016652821546,249.173627476696,249.588571871929
29.6,60,0,3708.94853353822,113.029532750399,4,1.00166648866953,1.00166648866953,249.152669431828,249.56787953242
29.61,60,0,3709.33729484264,113.04430154724,4,1.00166769468742,1.00166769468742,249.131722034494,249.547197683799
29.62,60,0,3709.72585863254,113.059063733158,4,1.00166890020842,1.00166890020842,249.110785279272,249.526526320745
29.63,60,0,3710.11422500849,113.073819310756,4,1.0016701052327,1.0016701052327,249.089859160744,249.50586543794
29.64,60,0,3710.50239407099,113.088568282637,4,1.0016713097604,1.0016713097604,249.068943673489,249.485215030064
29.65,60,0,3710.89036592048,113.103310651403,4,1.00167251379169,1.00167251379169,249.048038812095,249.464575091802
29.66,60,0,3711.27814065737,113.118046419655,4,1.00167371732673,1.00167371732673,249.027144571149,249.443945617844
29.67,60,0,3711.66571838201,113.132775589993,4,1.00167492036567,1.00167492036567,249.006260945243,249.42332660288
29.68,60,0,3712.05309919471,113.147498165017,4,1.00167612290868,1.00167612290868,248.985387928969,249.402718041602
29.69,60,0,3712.44028319571,113.162214147327,4,1.0016773249559,1.0016773249559,248.964525516924,249.382119928708
29.7,60,0,3712.82727048522,113.176923539521,4,1.0016785265075,1.0016785265075,248.943673703708,249.361532258895
29.71,60,0,3713.21406116339,113.191626344195,4,1.00167972756365,1.00167972756365,248.92283248392,249.340955026864
29.72,60,0,3713.60065533032,113.206322563949,4,1.00168092812448,1.00168092812448,248.902001852167,249.32038822732
29.73,60,0,3713.98705308607,113.221012201377,4,1.00168212819017,1.00168212819017,248.881181803054,249.299831854968
29.74,60,0,3714.37325453063,113.235695259075,4,1.00168332776087,1.00168332776087,248.860372331192,249.279285904518
29.75,60,0,3714.75925976396,113.250371739639,4,1.00168452683674,1.00168452683674,248.839573431193,249.258750370681
29.76,60,0,3715.14506888596,113.265041645662,4,1.00168572541794,1.00168572541794,248.818785097672,249.238225248172
29.77,60,0,3715.53068199649,113.279704979739,4,1.00168692350462,1.00168692350462,248.798007325247,249.217710531707
29.78,60,0,3715.91609919533,113.294361744462,4,1.00168812109695,1.00168812109695,248.777240108539,249.197206216007
29.79,60,0,3716.30132058226,113.309011942422,4,1.00168931819508,1.00168931819508,248.75648344217,249.176712295793
29.8,60,0,3716.68634625697,113.323655576213,4,1.00169051479917,1.00169051479917,248.735737320767,249.15622876579
29.81,60,0,3717.07117631911,113.338292648424,4,1.00169171090938,1.00169171090938,248.715001738957,249.135755620726
29.82,60,0,3717.45581086828,113.352923161646,4,1.00169290652587,1.00169290652587,248.694276691374,249.11529285533
29.83,60,0,3717.84025000405,113.367547118467,4,1.00169410164878,1.00169410164878,248.673562172649,249.094840464335
29.84,60,0,3718.22449382591,113.382164521477,4,1.0016952962783,1.0016952962783,248.65285817742,249.074398442476
29.85,60,0,3718.60854243332,113.396775373264,4,1.00169649041456,1.00169649041456,248.632164700327,249.053966784491
29.86,60,0,3718.99239592568,113.411379676415,4,1.00169768405773,1.00169768405773,248.611481736011,249.033545485122
29.87,60,0,3719.37605440235,113.425977433517,4,1.00169887720796,1.00169887720796,248.590809279117,249.013134539111
29.88,60,0,3719.75951796263,113.440568647155,4,1.00170006986543,1.00170006986543,248.570147324293,248.992733941204
29.89,60,0,3720.14278670578,113.455153319916,4,1.00170126203027,1.00170126203027,248.549495866188,248.972343686148
29.9,60,0,3720.525860731,113.469731454382,4,1.00170245370265,1.00170245370265,248.528854899455,248.951963768695
29.91,60,0,3720.90874013745,113.484303053139,4,1.00170364488273,1.00170364488273,248.50822441875,248.931594183598
29.92,60,0,3721.29142502424,113.498868118769,4,1.00170483557067,1.00170483557067,248.48760441873,248.911234925614
29.93,60,0,3721.67391549042,113.513426653855,4,1.00170602576663,1.00170602576663,248.466994894057,248.890885989502
29.94,60,0,3722.056211635,113.527978660978,4,1.00170721547075,1.00170721547075,248.446395839394,248.870547370023
29.95,60,0,3722.43831355694,113.542524142721,4,1.00170840468321,1.00170840468321,248.425807249407,248.850219061941
29.96,60,0,3722.82022135515,113.557063101662,4,1.00170959340415,1.00170959340415,248.405229118764,248.829901060022
29.97,60,0,3723.20193512848,113.571595540382,4,1.00171078163374,1.00171078163374,248.384661442138,248.809593359036
29.98,60,0,3723.58345497575,113.58612146146,4,1.00171196937213,1.00171196937213,248.364104214202,248.789295953754
29.99,60,0,3723.96478099572,113.600640867474,4,1.00171315661949,1.00171315661949,248.343557429634,248.769008838951
30,60,0,3724.3459132871,113.615153761002,4,1.00171434337596,1.00171434337596,248.323021083111,248.748732009403
