TimeSeconds,ThrottlePercent,Brake,RPM,SpeedMPH,Gear,TorqueRatioBefore,TorqueRatioAfter,ImpellerTorque,TurbineTorque
0,100,0,1000,0,1,2.232,2.232,52.9193384795879,118.11596348644
0.01,100,0,1104.48889403316,0.0574796856898863,1,2.22315494152199,2.22315494152199,64.5772554486182,143.565244560523
0.02,100,0,1207.43738671318,0.126808552117413,1,2.21415027202683,2.21415027202683,77.2024673272837,170.937864033848
0.03,100,0,1306.92015534301,0.208939130569908,1,2.20482820029014,2.20482820029014,90.4795136674712,199.491783282577
0.04,100,0,1401.49737650773,0.304214701368952,1,2.19510771238295,2.19510771238295,104.086253252924,228.480537268539
0.05,100,0,1490.99657303805,0.412738924187929,1,2.18495142655893,2.18495142655893,117.848970390366,257.49427597293
0.06,100,0,1575.31960670478,0.534436437202697,1,2.17433994412162,2.17433994412162,131.607589112682,286.15963795725
0.07,100,0,1654.35708213101,0.669068473518559,1,2.16326325085915,2.16326325085915,145.204707829223,314.116008298699
0.08,100,0,1727.90056477408,0.816218890641855,1,2.1517147854187,2.1517147854187,158.469591196803,340.981362417419
0.09,100,0,1796.0719435795,0.975334164134925,1,2.13970516763325,2.13970516763325,171.296953449113,366.5249764949
0.1,100,0,1859.04752225567,1.1457695352317,1,2.12724989761073,2.12724989761073,183.60484469047,390.573387068636
0.11,100,0,1917.03775484589,1.32681255567668,1,2.11436770135024,2.11436770135024,195.331549363903,413.002719029738
0.12,100,0,1970.27866461485,1.51770466462616,1,2.10107960965433,2.10107960965433,206.433836674488,433.73392497948
0.13,100,0,2019.02888384457,1.71766059935022,1,2.08740858797392,2.08740858797392,216.885934684869,452.729562671947
0.14,100,0,2063.58718580403,1.92590023099981,1,2.07396799130718,2.07396799130718,226.710117547558,470.189527099124
0.15,100,0,2104.16135494643,2.14209485129267,1,2.06479338023519,2.06479338023519,236.092229231738,487.48167204266
0.16,100,0,2140.96818879264,2.36582191085773,1,2.05537557591481,2.05537557591481,244.828230069312,503.213964378915
0.17,100,0,2174.2657778319,2.59637831826764,1,2.04572832733278,2.04572832733278,252.93088872155,517.42788391513
0.18,100,0,2204.30718919075,2.83308326826743,1,2.03586536697229,2.03586536697229,260.419487715618,530.179015924892
0.19,100,0,2231.33780896558,3.07528383222082,1,2.02580031530547,2.02580031530547,267.318260226178,541.533415853101
0.2,100,0,2255.59333029583,3.32235899736241,1,2.0155466010051,2.0155466010051,273.655021159531,551.564447746071
0.21,100,0,2277.2983036002,3.5737223715893,1,2.00511739458348,2.00511739458348,279.459993963471,560.350094986349
0.22,100,0,2296.66516610729,3.82882376502004,1,1.99452555364687,1.99452555364687,284.764825809588,567.970721857022
0.23,100,0,2313.89367185274,4.08714984651129,1,1.98378357828885,1.98378357828885,289.601777923512,574.507251287917
0.24,100,0,2329.17057151594,4.34822445958192,1,1.97229557929428,1.97229557929428,293.912285092329,579.681900587882
0.25,100,0,2342.81481509543,4.61102671280557,1,1.95814894295278,1.95814894295278,297.46191790652,582.47474011736
0.26,100,0,2355.04075400522,4.87491911907352,1,1.94392753710983,1.94392753710983,300.672264440764,584.485094491571
0.27,100,0,2365.9838064589,5.13956130076211,1,1.92964439927924,1.92964439927924,303.572026289831,585.786060308023
0.28,100,0,2375.76790317448,5.4046451409777,1,1.91531192828622,1.91531192828622,306.188198239675,586.445908388917
0.29,100,0,2384.50617684227,5.66989256612735,1,1.90094187356225,1.90094187356225,308.546012167052,586.528034448996
0.3,100,0,2392.30167269002,5.93505333058669,1,1.88654533230087,1.88654533230087,310.66892647273,586.091013128049
0.31,100,0,2399.24806205318,6.19990284448315,1,1.87213275312889,1.87213275312889,312.578650335165,585.188729221285
0.32,100,0,2405.42763151317,6.46423987226848,1,1.85771353351216,1.85771353351216,314.294487688061,583.869123286381
0.33,100,0,2410.91434677828,6.72788340295027,1,1.84335928116625,1.84335928116625,315.629089784623,581.817812060539
0.34,100,0,2416.10578858056,6.99011087751236,1,1.82937309752338,1.82937309752338,316.006382811839,578.093575361652
0.35,100,0,2421.17207254478,7.25063170849737,1,1.81552191635513,1.81552191635513,316.359490111594,574.357587744534
0.36,100,0,2426.12266383937,7.50944163090603,1,1.80180463518512,1.80180463518512,316.690892719104,570.615118422196
0.37,100,0,2430.9660337606,7.76653863475596,1,1.78822010885378,1.78822010885378,317.00279972482,566.870781030872
0.38,100,0,2435.70976904815,8.02192268343951,1,1.77476715273718,1.77476715273718,317.297177974603,563.128609125527
0.39,100,0,2440.36066924419,8.27559546458193,1,1.76144454628574,1.76144454628574,317.575778623889,559.392123289496
0.4,100,0,2444.92483336532,8.52756016977703,1,1.74825103674503,1.74825103674503,317.84016085601,555.664390735726
0.41,100,0,2449.4077370305,8.77782129995938,1,1.73518534294991,1.73518534294991,318.091713049444,551.948078197223
0.42,100,0,2453.81430107334,9.02638449351878,1,1.72224615910769,1.72224615910769,318.331671654248,548.245498828858
0.43,100,0,2458.21238548678,9.27299765220027,1,1.70695021948172,1.70695021948172,318.231324352454,543.205028949379
0.44,100,0,2462.71142231598,9.5172192966019,1,1.69136678206352,1.69136678206352,318.103962346916,538.030475156358
0.45,100,0,2467.29474884919,9.75910913516452,1,1.67602260872067,1.67602260872067,318.018618752172,533.00639502276
0.46,100,0,2471.94512557932,9.99873250384172,1,1.66090871074051,1.66090871074051,317.969842757808,528.118881589232
0.47,100,0,2476.64750681771,10.2361487903336,1,1.64601672875386,1.64601672875386,317.952856872175,523.355721366681
0.48,100,0,2481.38877053188,10.4714121557642,1,1.63133888271295,1.63133888271295,317.96347247087,518.706175924157
0.49,100,0,2486.15748200069,10.7045721635939,1,1.61686792515615,1.61686792515615,317.998016379659,514.160792947549
0.5,100,0,2490.943686881,10.9356743282231,1,1.60259709773193,1.60259709773193,318.053266950486,509.711242539006
0.51,100,0,2495.73872989222,11.1647605939657,1,1.58852009090344,1.58852009090344,318.126398325487,505.350175186786
0.52,100,0,2500.53509584517,11.3918697535722,1,1.57463100671887,1.57463100671887,318.214931779813,501.071098381423
0.53,100,0,2505.32981739055,11.6170323573336,1,1.56094550747404,1.56094550747404,318.130087084582,496.583730227003
0.54,100,0,2510.36906463886,11.8399062178926,1,1.54761026849997,1.54761026849997,317.50158226362,491.368708976167
0.55,100,0,2515.70685254046,12.0604644336151,1,1.53457840211819,1.53457840211819,316.9957146893,486.45477732622
0.56,100,0,2521.29355590147,12.2788354293095,1,1.52182798041897,1.52182798041897,316.595463440842,481.803834737983
0.57,100,0,2527.08636798134,12.4951315129659,1,1.50933939398567,1.50933939398567,316.286181986772,477.383194245955
0.58,100,0,2533.04835273572,12.7094511539762,1,1.49709509599373,1.49709509599373,316.055249704349,473.164764395454
0.59,100,0,2539.14763554684,12.9218809195344,1,1.48507937306431,1.48507937306431,315.891778762441,469.124364760696
0.6,100,0,2545.35671057592,13.1324971244899,1,1.47327814052513,1.47327814052513,315.786366625336,465.241151024962
0.61,100,0,2551.65184668965,13.3413672401038,1,1.46167875981955,1.46167875981955,315.730886352665,461.497130400691
0.62,100,0,2558.01257698559,13.5485510992756,1,1.45026987592659,1.45026987592659,315.718308369058,457.876751906145
0.63,100,0,2564.4212594305,13.7541019294383,1,1.4390412727944,1.4390412727944,315.742548556473,454.366558950054
0.64,100,0,2570.86269815438,13.9580672391433,1,1.42798374493931,1.42798374493931,315.79833845663,450.954893994911
0.65,100,0,2577.3238166065,14.1604895801261,1,1.41708898351408,1.41708898351408,315.881114116475,447.631646914609
0.66,100,0,2583.80053990448,14.3613971227537,1,1.40635271612747,1.40635271612747,315.788620316866,444.110183904769
0.67,100,0,2590.52637923802,14.5604911254366,1,1.39587832102777,1.39587832102777,315.203067692495,439.985128913404
0.68,100,0,2597.54199261183,14.7577626709977,1,1.38568227572078,1.38568227572078,314.751070420851,436.144979546316
0.69,100,0,2604.79349158997,14.9533321606579,1,1.37573805037137,1.37573805037137,314.412277392563,432.548933512867
0.7,100,0,2612.23511403814,15.1473028776324,1,1.3660225628226,1.3660225628226,314.169465078787,429.16257784753
0.71,100,0,2619.82798034331,15.3397636527452,1,1.3565157093369,1.3565157093369,314.008031304919,425.956827323074
0.72,100,0,2627.53904989985,15.5307910906447,1,1.34719995950883,1.34719995950883,313.915577525443,422.907053331469
0.73,100,0,2635.34024310615,15.7204514346139,1,1.33806000667684,1.33806000667684,313.881562541306,419.992365669757
0.74,100,0,2643.20770075335,15.9088021327853,1,1.32908246629289,1.32908246629289,313.897014261401,417.195017876517
0.75,100,0,2651.12115791545,16.0958931566639,1,1.32025561570587,1.32025561570587,313.954288900181,414.499912995406
0.76,100,0,2659.06341359983,16.2817681134411,1,1.31156916968793,1.31156916968793,314.046869149506,411.894191413512
0.77,100,0,2667.01988073552,16.466465186088,1,1.30301408679664,1.30301408679664,314.169194527373,409.36688610672
0.78,100,0,2674.97820374765,16.6500179292,1,1.29458240233056,1.29458240233056,314.316518407679,406.908633492391
0.79,100,0,2682.92793313101,16.8324559437172,1,1.28626708421431,1.28626708421431,314.484787260726,404.511430339612
0.8,100,0,2690.86024819917,17.0138054497048,1,1.27806190865026,1.27806190865026,314.670538448224,402.168428965143
0.81,100,0,2698.76772063042,17.194089773169,1,1.26996135280878,1.26996135280878,314.870813567206,399.873764357812
0.82,100,0,2706.64411262172,17.373329760248,1,1.26196050220436,1.26196050220436,315.083084860794,397.622408007028
0.83,100,0,2714.48420444532,17.5515441299512,1,1.25405497072986,1.25405497072986,315.305192637442,395.41004412392
0.84,100,0,2722.39455637334,17.7286030387878,1,1.24614525355475,1.24614525355475,315.060355345268,392.610966396779
0.85,100,0,2730.46100846554,17.9044152630345,1,1.23842253535573,1.23842253535573,314.898812220152,389.97778541019
0.86,100,0,2738.6485397218,18.0790525726268,1,1.23086861772599,1.23086861772599,314.81020740852,387.490004838957
0.87,100,0,2746.92758970966,18.2525762753187,1,1.2234669423512,1.2234669423512,314.78272797522,385.126261700812
0.88,100,0,2755.27331304915,18.4250387395123,1,1.2162033095355,1.2162033095355,314.806442257878,382.868636937127
0.89,100,0,2763.66483103193,18.5964848296713,1,1.20906552284968,1.20906552284968,314.872990363339,380.702076724893
0.9,100,0,2772.08460590511,18.766953101878,1,1.2020430883766,1.2020430883766,314.975328312642,378.613916407363
0.91,100,0,2780.51791667277,18.9364768017287,1,1.19512696003012,1.19512696003012,315.107515843813,376.593487493058
0.92,100,0,2788.95241917621,19.1050846988111,1,1.18830932377822,1.18830932377822,315.264539916243,374.631792239123
0.93,100,0,2797.37777633441,19.2728017856858,1,1.18158341473576,1.18158341473576,315.442167537601,372.721233470727
0.94,100,0,2805.77092225088,19.4396491904582,1,1.17493731065106,1.17493731065106,315.632030415149,370.84784897131
0.95,100,0,2814.08101714096,19.6056364619154,1,1.16834796062581,1.16834796062581,315.816767766576,368.983876551515
0.96,100,0,2822.30833736042,19.7707675197188,1,1.16181416140495,1.16181416140495,315.996184562617,367.12884217478
0.97,100,0,2830.45519000848,19.9350465562875,1,1.15533558392264,1.15533558392264,316.170762400608,365.283332397374
0.98,100,0,2838.52367895168,20.0984780059403,1,1.14891183216737,1.14891183216737,316.340915449564,363.447820758662
0.99,100,0,2846.51573305003,20.2610664976225,1,1.14254245622301,1.14254245622301,316.507000859594,361.622686173899
1,100,0,2854.43313003651,20.4228168153253,1,1.1362269631801,1.1362269631801,316.669327518886,359.80822833907
1.01,100,0,2862.27751673897,20.5837338649491,1,1.12996482625864,1.12996482625864,316.828163424097,358.004680637352
1.02,100,0,2870.05042622298,20.7438226465666,1,1.12375549242882,1.12375549242882,316.983741886871,356.21222095601
1.03,100,0,2877.75329234098,20.9030882312128,1,1.11759838877026,1.11759838877026,317.136266763093,354.430980755049
1.04,100,0,2885.38746209574,21.0615357414694,1,1.1114929277714,1.1114929277714,317.28591686126,352.661052672754
1.05,100,0,2892.95420616054,21.219170335234,1,1.1054385117386,1.1054385117386,317.432849661084,350.902496906289
1.06,100,0,2900.45472784407,21.3759971921601,1,1.09943453645745,1.09943453645745,317.577204452228,349.155346566388
1.07,100,0,2907.9090298454,21.5319999420133,1,1.09345810263663,1.09345810263663,317.546120863381,347.223378818895
1.08,100,0,2915.44330000647,21.68704515038,1,1.08756120968832,1.08756120968832,317.326728411169,345.112240617289
1.09,100,0,2923.06346779427,21.8411439719368,1,1.08178882984961,1.08178882984961,317.166444068275,343.107116396181
1.1,100,0,2930.82391730341,21.9942231936323,1,1.07545062374819,1.07545062374819,316.532136095359,340.414683200102
1.11,100,0,2938.93131269497,22.145984044036,1,1.06908753053998,1.06908753053998,315.839928211102,337.660528897132
1.12,100,0,2947.31441969678,22.2965436292345,1,1.06298886148981,1.06298886148981,315.31323925334,335.174461206571
1.13,100,0,2955.89505618731,22.446032493824,1,1.05730874889087,1.05730874889087,314.991257485433,333.043012363485
1.14,100,0,2964.58707101935,22.5946027948941,1,1.0518817650869,1.0518817650869,314.790673630946,331.122569411813
1.15,100,0,2973.3550359625,22.7423147006769,1,1.04658083955326,1.04658083955326,314.654868415135,329.311756355431
1.16,100,0,2982.17946871787,22.8892124254215,1,1.04166050486426,1.04166050486426,314.473776871875,327.57491318293
1.17,100,0,2991.13297723723,23.0353259208301,1,1.03745903111671,1.03745903111671,314.162314749014,325.930530672895
1.18,100,0,3000.20748581787,23.1807116473576,1,1.03337262831769,1.03337262831769,313.9382435139,324.415187829397
1.19,100,0,3009.36748080254,23.3254224803486,1,1.02938304254936,1.02938304254936,313.783673243568,323.003592265776
1.2,100,0,3018.63552939628,23.4694418229706,1,1.02533340017831,1.02533340017831,313.339594615044,321.277551957137
1.21,100,0,3028.14545075756,23.6126271914908,1,1.02137250679001,1.02137250679001,312.858506226636,319.545076775276
1.22,100,0,3037.84206011848,23.7550588876331,1,1.01756262950452,1.01756262950452,312.512638098992,318.001181777404
1.23,100,0,3047.67119137699,23.8968129248749,1,1.01387456957466,1.01387456957466,312.271151686223,316.603779506452
1.24,100,0,3057.58661143593,24.0379770154976,1,1.01092629569768,1.01092629569768,312.146036528881,315.556636424854
1.25,100,0,3067.53460047471,24.178755013241,1,1.00871818616829,1.00871818616829,312.105342335677,314.826334814278
1.26,100,0,3077.49404915627,24.3192010279791,1,1.00653921558491,1.00653921558491,312.094400495834,314.135253063521
1.27,100,0,3087.45298192638,24.4593310087926,1,1.00438524051821,1.00438524051821,312.106647618549,313.47531033569
1.28,100,0,3097.40206905317,24.5991576363674,1,1.00225298595062,1.00225298595062,312.136950162956,312.840190326344
1.29,100,0,3107.53044662327,24.73861152364,1,1.002,1.002,311.251160131573,311.873662451836
1.3,100,0,3118.05225142702,24.8776583944384,1,1.002,1.002,310.512339143003,311.133363821289
1.31,100,0,3128.85891324084,25.016410677085,1,1.002,1.002,309.986843643526,310.606817330813
1.32,100,0,3139.86744996387,25.154951780798,1,1.002,1.002,309.616229125762,310.235461584013
1.33,100,0,3151.01751508726,25.2933423503133,1,1.002,1.002,309.35843922272,309.977156101166
1.34,100,0,3162.26129840858,25.4316286299823,1,1.00193884090135,1.00193884090135,309.222792812572,309.822326610907
1.35,100,0,3173.53532564187,25.5698578935576,1,1.00177660189361,1.00177660189361,309.194906700759,309.744222957499
1.36,100,0,3184.81679821814,25.7080485446113,1,1.00161584704972,1.00161584704972,309.188944476359,309.688546520097
1.37,100,0,3196.09711092009,25.8462093799008,1,1.0014562962782,1.0014562962782,309.199193502307,309.649479137026
1.38,100,0,3207.36990155493,25.984346903363,1,1.00129774078247,1.00129774078247,309.221425167529,309.622714421784
1.39,100,0,3218.63046962655,26.1224659204694,1,1.0011400245201,1.0011400245201,309.252504032154,309.605059469655
1.4,100,0,3229.88316442811,26.2605614985471,1,1.0009498159319,1.0009498159319,309.165241179145,309.458891250806
1.41,100,0,3241.39939228449,26.3983370537068,1,1.0005075358607,1.0005075358607,308.247349616323,308.403796200218
1.42,100,0,3253.2557943051,26.5357028780727,1,1.00010017999543,1.00010017999543,307.647548034555,307.67836816451
1.43,100,0,3265.33342201039,26.6727826568654,1,0.999716601815851,0.999716601815851,307.260175968965,307.173098993035
1.44,100,0,3277.55263775921,26.8096591906746,1,0.999349341111185,0.999349341111185,307.015404446634,306.815642144728
1.45,100,0,3289.85987724164,26.9463881717227,1,0.998993382761443,0.998993382761443,306.866744140816,306.557846786224
1.46,100,0,3302.21898284656,27.08300719969,1,0.998645342667618,0.998645342667618,306.783067678957,306.367481746876
1.47,100,0,3314.6054775184,27.2195417365793,1,0.998302929681328,0.998302929681328,306.74343822494,306.222873040481
1.48,100,0,3327.0061731346,27.3560065126587,1,0.998011704297087,0.998011704297087,306.679664670858,306.069894811422
1.49,100,0,3339.53054006684,27.4923283362735,1,0.998119784416887,0.998119784416887,306.267580271393,305.691731194365
1.5,100,0,3352.20302636753,27.6285076716726,1,0.998222654186551,0.998222654186551,306.016248226382,305.47235152875
1.51,100,0,3364.964651232,27.7646029440384,1,0.998322112447896,0.998322112447896,305.867942036256,305.354730023726
1.52,100,0,3377.77754248932,27.900651649188,1,0.998419312735532,0.998419312735532,305.785924338623,305.302572422367
1.53,100,0,3390.61729554155,28.0366779287174,1,0.998514997612911,0.998514997612911,305.746692383922,305.292657815887
1.54,100,0,3403.46813938405,28.1726973626949,1,0.998609646752604,0.998609646752604,305.735145559546,305.310065707075
1.55,100,0,3416.31985980841,28.3087200204154,1,0.998703571025408,0.998703571025408,305.741545991805,305.345173792845
1.56,100,0,3429.16583150593,28.4447524117812,1,0.998796972551802,0.998796972551802,305.759593605536,305.391756421878
1.57,100,0,3442.00175430675,28.5807987405415,1,0.998889983175327,0.998889983175327,305.785200367462,305.445773650318
1.58,100,0,3454.82483874673,28.7168617119975,1,0.998982689194496,0.998982689194496,305.815706285611,305.504596663114
1.59,100,0,3467.68268731816,28.8528934655557,1,0.999073709103075,0.999073709103075,305.597122957663,305.314051124541
1.6,100,0,3480.64013543057,28.9888285304677,1,0.99916117572587,0.99916117572587,305.428028863767,305.171828419156
1.61,100,0,3493.65579682259,29.1247079405613,1,0.999246317320186,0.999246317320186,305.335143976863,305.10501816731
1.62,100,0,3506.70199766336,29.260559133707,1,0.999329953088259,0.999329953088259,305.290011235303,305.08545260609
1.63,100,0,3519.76137327486,29.3963993058567,1,0.999412596532194,0.999412596532194,305.274887575448,305.095568047852
1.64,100,0,3532.82299902697,29.5322392545474,1,0.999494570655978,0.999494570655978,305.278665554131,305.124368758456
1.65,100,0,3545.8799885628,29.668085764933,1,0.99957607931997,0.99957607931997,305.294367166983,305.164946571244
1.66,100,0,3558.9279962867,29.8039430975672,1,0.999657251621475,0.999657251621475,305.31759459389,305.212947483408
1.67,100,0,3571.96428011858,29.9398139196139,1,0.99973816959891,0.99973816959891,305.345567901761,305.265619149246
1.68,100,0,3584.98711291341,30.0756998896679,1,0.99981888558294,0.99981888558294,305.376524915459,305.321216824165
1.69,100,0,3597.99541168522,30.2116020261838,1,0.999899433096891,0.999899433096891,305.409345625313,305.378631553243
1.7,100,0,3610.91720105081,30.3475129130781,1,0.999981606175417,0.999981606175417,305.383550111188,305.377932939737
1.71,100,0,3623.66551999769,30.4833834150345,1,1.00006743191951,1.00006743191951,305.230807181128,305.251389480351
1.72,100,0,3636.28707748636,30.6191664593854,1,1.00015557312422,1.00015557312422,304.996211364515,305.043660577993
1.73,100,0,3648.81358012766,30.7548323033042,1,1.00024513381645,1.00024513381645,304.709946488602,304.784641200694
1.74,100,0,3661.26528392559,30.8903621539672,1,1.0003355455177,1.0003355455177,304.391123053111,304.493260130079
1.75,100,0,3673.65518656212,31.0257441573759,1,1.00042644669064,1.00042644669064,304.051862396945,304.181524307448
1.76,100,0,3685.99167501121,31.1609708654556,1,1.00051760686081,1.00051760686081,303.699869838858,303.857066975113
1.77,100,0,3698.28020006854,31.2960376343387,1,1.00060887877274,1.00060887877274,303.340055483553,303.52475280426
1.78,100,0,3710.52433760201,31.4309416094457,1,1.00070016815499,1.00070016815499,302.975556176424,303.1876900126
1.79,100,0,3722.72646274362,31.5656810808559,1,1.00079141456448,1.00079141456448,302.608380993907,302.847869673958
1.8,100,0,3734.88817930939,31.7002550728039,1,1.00088257921759,1.00088257921759,302.239819849346,302.506570433073
1.81,100,0,3747.01059406255,31.834663081559,1,1.00097363723802,1.00097363723802,301.870702789761,302.164615347064
1.82,100,0,3759.22056651322,31.9687762754718,1,1.00103055734089,1.00103055734089,300.725411005305,301.035325785209
1.83,100,0,3771.77841372645,32.1023233559299,1,1.00106895099453,1.00106895099453,299.692683364264,300.0130401562
1.84,100,0,3784.51970743283,32.235464187302,1,1.00110427386511,1.00110427386511,298.940884274338,299.270996880056
1.85,100,0,3797.34621941191,32.3682948747694,1,1.00113788217343,1.00113788217343,298.343419909513,298.682899568588
1.86,100,0,3810.20401930688,32.5008684293823,1,1.00117051978294,1.00117051978294,297.831562118235,298.180179853679
1.87,100,0,3823.06333234628,32.6332143690385,1,1.00120259730998,1.00120259730998,297.36767246382,297.725286026799
1.88,100,0,3835.90765709176,32.7653493046248,1,1.00123434268004,1.00123434268004,296.930998098586,297.297512702566
1.89,100,0,3848.72783086914,32.8972827114692,1,1.00126588306036,1.00126588306036,296.510030617448,296.885377642435
1.9,100,0,3861.51877018836,33.0290200985455,1,1.00129728975433,1.00129728975433,296.098355061675,296.48248042397
1.91,100,0,3874.27766982744,33.1605647590624,1,1.00132860294275,1.00132860294275,295.692378168025,296.085235931808
1.92,100,0,3887.00300266683,33.2919187424725,1,1.00135984538842,1.00135984538842,295.290077553679,295.691626403887
1.93,100,0,3899.69396158981,33.423083396751,1,1.00139103006313,1.00139103006313,294.890309394108,295.300510679801
1.94,100,0,3912.3501466596,33.554059672293,1,1.00142216441138,1.00142216441138,294.492423384595,294.911240028554
1.95,100,0,3924.97138902041,33.6848482929579,1,1.00145325274424,1.00145325274424,294.096047631923,294.523443520213
1.96,100,0,3937.55765134918,33.8154498527457,1,1.00148429758898,1.00148429758898,293.700967959821,294.136907598446
1.97,100,0,3950.10897135058,33.9458648706659,1,1.00151530045326,1.00151530045326,293.307059903956,293.751508224772
1.98,100,0,3962.62542955546,34.0760938220056,1,1.0015462622594,1.0015462622594,292.914250237116,293.367172487498
1.99,100,0,3975.10713089731,34.2061371562203,1,1.00157718359233,1.00157718359233,292.522495113647,292.983856793328
2,100,0,3987.55419413141,34.3359953072116,1,1.00160806484161,1.00160806484161,292.131767605059,292.601534429661
2.01,100,0,3999.96674573545,34.4656686992561,1,1.0016389062831,1.0016389062831,291.742050563646,292.220188443359
2.02,100,0,4012.35097486271,34.5951586649008,1,1.00166963889052,1.00166963889052,291.359123392156,291.84558791568
2.03,100,0,4024.71013940375,34.7244694017123,1,1.00170023216,1.00170023216,290.985509110856,291.48025203154
2.04,100,0,4037.04127671771,34.8536042669834,1,1.00173072673644,1.00173072673644,290.617789932588,291.120769911711
2.05,100,0,4049.34266797289,34.9825654053196,1,1.00176114687014,1.00176114687014,290.253938632755,290.765118448325
2.06,100,0,4061.61333408356,35.1113542415049,1,1.00179150708409,1.00179150708409,289.892749118041,290.412094031713
2.07,100,0,4073.85273619006,35.2399717713261,1,1.00182181612297,1.00182181612297,289.53350082912,290.06097762907
2.08,100,0,4086.06059822579,35.3684187338249,1,1.00185207928683,1.00185207928683,289.175761339047,289.711337776877
2.09,100,0,4098.2368014342,35.4966957136848,1,1.00188229981511,1.00188229981511,288.819269810674,289.362914268838
2.1,100,0,4110.38132144237,35.6248032023025,1,1.00191247971025,1.00191247971025,288.463867946101,289.01554924069
2.11,100,0,4122.49419059466,35.7527416343405,1,1.00194262022961,1.00194262022961,288.109458932294,288.669146195559
2.12,100,0,4134.57547533142,35.8805114096788,1,1.00197272218012,1.00197272218012,287.755982948649,288.323645558674
2.13,100,0,4146.62526255913,36.0081129066429,1,1.00200278609549,1.00200278609549,287.403402506118,287.979010044454
2.14,100,0,4158.64365141188,36.1355464900009,1,1.00203281234304,1.00203281234304,287.051693642342,287.635215868269
2.15,100,0,4170.63074825632,36.262812515815,1,1.00206280118841,1.00206280118841,286.700840616443,287.292247451183
2.16,100,0,4182.58666365407,36.389911334395,1,1.00209275283474,1.00209275283474,286.350832702176,286.950094219045
2.17,100,0,4194.5115105094,36.5168432921019,1,1.00212266744667,1.00212266744667,286.001662243291,286.608748661428
2.18,100,0,4206.4054029368,36.6436087324544,1,1.00215254516485,1.00215254516485,285.653323470567,286.268205150826
2.19,100,0,4218.26845556718,36.7702079968098,1,1.00218238611494,1.00218238611494,285.305811779957,285.928459222098
2.2,100,0,4230.10078312207,36.8966414247849,1,1.00221219041312,1.00221219041312,284.959123290743,285.589507131419
2.21,100,0,4241.90250015219,37.0229093545181,1,1.00224195816947,1.00224195816947,284.613254574227,285.251345585459
2.22,100,0,4253.67372087705,37.1490121228335,1,1.00227168949004,1.00227168949004,284.268202486664,284.913971574606
2.23,100,0,4265.41455908683,37.2749500653444,1,1.00230138447822,1.00230138447822,283.923964066038,284.577382269934
2.24,100,0,4277.12512808277,37.4007235165192,1,1.00233104323548,1.00233104323548,283.580536468109,284.241574959358
2.25,100,0,4288.80554064149,37.5263328097252,1,1.00236066586195,1.00236066586195,283.237916926652,283.90654700795
2.26,100,0,4300.45590899406,37.6517782772565,1,1.00239025245666,1.00239025245666,282.896102728666,283.572295833194
2.27,100,0,4312.07634481447,37.7770602503539,1,1.00241980311783,1.00241980311783,282.555091198864,283.238818889505
2.28,100,0,4323.66695921368,37.9021790592192,1,1.00244931794291,1.00244931794291,282.214879689921,282.906113658503
2.29,100,0,4335.22786273749,38.027135033025,1,1.00247879702874,1.00247879702874,281.875465576341,282.574177642886
2.3,100,0,4346.75916536651,38.1519284999233,1,1.00250824047154,1.00250824047154,281.536846250554,282.243008362551
2.31,100,0,4358.26097651758,38.2765597870521,1,1.002537648367,1.002537648367,281.19901912044,281.912603352114
2.32,100,0,4369.73340504616,38.4010292205415,1,1.00256702081026,1.00256702081026,280.861981607733,281.582960159331
2.33,100,0,4381.17655924912,38.5253371255186,1,1.00259635789594,1.00259635789594,280.525731146984,281.254076344062
2.34,100,0,4392.59054686799,38.6494838261125,1,1.00262565971817,1.00262565971817,280.190265184884,280.925949477604
2.35,100,0,4403.96259919455,38.7734688844035,1,1.00265506476425,1.00265506476425,279.845525725411,280.588533720199
2.36,100,0,4415.17144866696,38.897268103785,1,1.00268585312025,1.00268585312025,279.398776450875,280.1492005264
2.37,100,0,4426.22588939321,39.020833478629,1,1.00271786417039,1.00271786417039,278.862258564971,279.620168305999
2.38,100,0,4437.16329070483,39.1441321150994,1,1.00275064983719,1.00275064983719,278.268883371073,279.034303629813
2.39,100,0,4448.00789361091,39.2671432422669,1,1.00278392130134,1.00278392130134,277.639801507626,278.412728865142
2.4,100,0,4458.77549057423,39.3898538843753,1,1.00281749197894,1.00281749197894,276.988622373823,277.76903559562
2.41,100,0,4469.47642751565,39.5122560855475,1,1.00285124104163,1.00285124104163,276.324117986171,277.111984652166
2.42,100,0,4480.1175313236,39.634345128564,1,1.00288509005009,1.00288509005009,275.651953388516,276.447234096525
2.43,100,0,4490.70334949367,39.7561183898432,1,1.0029189879595,1.0029189879595,274.975794336806,275.778445369629
2.44,100,0,4501.23694905139,39.8775746018793,1,1.00295290147582,1.00295290147582,274.298017210185,275.107992230018
2.45,100,0,4511.72043266712,39.9987133770312,1,1.00298680883814,1.00298680883814,273.62016481224,274.437415938794
2.46,100,0,4522.1552729236,40.1195348992826,1,1.00302069579947,1.00302069579947,272.943239659556,273.767718157088
2.47,100,0,4532.54252938205,40.2400397242058,1,1.00305455302159,1.00305455302159,272.267893156805,273.09954987253
2.48,100,0,4542.88298992181,40.3602286488017,1,1.00308837438198,1.00308837438198,271.594547929509,272.433333573619
2.49,100,0,4553.17726302356,40.4801026265827,1,1.0031221558703,1.0031221558703,270.923477140997,271.769342465555
2.5,100,0,4563.42583818843,40.5996627120272,1,1.00315589486736,1.00315589486736,270.254856056961,271.10775197007
2.51,100,0,4573.6291256042,40.7189100241517,1,1.00318958967254,1.00318958967254,269.588795658306,270.44867329677
2.52,100,0,4583.78748225871,40.8378457225623,1,1.00322323919332,1.00322323919332,268.925364610997,269.792175386289
2.53,100,0,4593.90122917871,40.9564709916724,1,1.00325684274074,1.00325684274074,268.264603664372,269.138299291414
2.54,100,0,4603.97066284189,41.0747870302795,1,1.00329039989424,1.00329039989424,267.606535112407,268.487067627238
2.55,100,0,4613.9960627529,41.1927950446671,1,1.00332391041219,1.00332391041219,266.95116902718,267.838490797455
2.56,100,0,4623.97769648752,41.310496244033,2,1.43065734682341,1.43065734682341,1022.80156745618,1463.27857682368
2.57,100,0,4333.08282048228,41.6686126727309,2,1.36127419485166,1.36127419485166,861.711088788682,1173.02506858556
2.58,100,0,4110.739389954,41.958793966081,2,1.30121335243445,1.30121335243445,745.488940165578,970.04016303566
2.59,100,0,3936.71278278315,42.2014880515652,2,1.24897341849654,1.24897341849654,660.364939461784,824.778255894842
2.6,100,0,3799.99294225813,42.4087743504465,2,1.20334631322613,1.20334631322613,592.506015456217,712.989929263543
2.61,100,0,3692.03221765702,42.5895303047601,2,1.16444989015686,1.16444989015686,541.909255561211,631.026173113239
2.62,100,0,3605.83675969616,42.7505870464752,2,1.13124177962626,1.13124177962626,503.330978035574,569.389031333991
2.63,100,0,3535.94517788009,42.8966486404788,2,1.10267295879781,1.10267295879781,473.188498791017,521.772162030987
2.64,100,0,3478.65525953235,43.0307375742393,2,1.07731968207427,1.07731968207427,446.938394765739,481.495529355811
2.65,100,0,3433.1074504661,43.1539935379159,2,1.05284441966369,1.05284441966369,422.638471743407,444.972556510237
2.66,100,0,3397.25610546,43.2685146661302,2,1.03483491452555,1.03483491452555,403.505528419738,417.561609012828
2.67,100,0,3369.44564814677,43.3762335623143,2,1.02090248720943,1.02090248720943,386.998163689225,395.087387855812
2.68,100,0,3348.53384182837,43.4782878077948,2,1.01029132850823,1.01029132850823,373.663852417863,377.509349874746
2.69,100,0,3332.86925231459,43.576302390404,2,1.00435921112078,1.00435921112078,363.668107081667,365.253413138329
2.7,100,0,3321.4158372898,43.6712646579173,2,1.002,1.002,354.436076840996,355.144948994678
2.71,100,0,3313.99748495448,43.7637014921886,2,1.002,1.002,346.618054530409,347.31129063947
2.72,100,0,3309.61620018366,43.8542784593177,2,1.002,1.002,340.950050545805,341.631950646897
2.73,100,0,3307.43188199356,43.9435029387501,2,1.00184805307097,1.00184805307097,336.902865980932,337.525480357027
2.74,100,0,3306.81911310622,44.0317420976675,2,1.00165686867374,1.00165686867374,333.936234765999,334.489523252408
2.75,100,0,3307.37727601386,44.1192428425108,2,1.00149806826442,1.00149806826442,331.715001326072,332.211933042392
2.76,100,0,3308.8138057379,44.2061861995952,2,1.00136369708044,1.00136369708044,330.045647583319,330.495729869341
2.77,100,0,3310.91137726458,44.2927066162717,2,1.00124780432376,1.00124780432376,328.787613263097,329.197875868527
2.78,100,0,3313.50760460037,44.3789045363818,2,1.00114592015068,1.00114592015068,327.837709918065,328.213385756013
2.79,100,0,3316.48059920206,44.4648553432383,2,1.00105467644572,1.00105467644572,327.119556292442,327.464561583398
2.8,100,0,3319.75777342101,44.5506031431355,2,1.00091619146282,1.00091619146282,326.359191765839,326.658199271149
2.81,100,0,3323.44150472294,44.6360768999438,2,1.00070280074449,1.00070280074449,325.493701816295,325.722459032258
2.82,100,0,3327.45233477072,44.7213247437222,2,1.00051722075856,1.00051722075856,324.902969369007,325.071015929283
2.83,100,0,3331.68645475019,44.8064119876926,2,1.00035077427228,1.00035077427228,324.49975097649,324.613577140494
2.84,100,0,3336.07290181563,44.891383271146,2,1.00019752595415,1.00019752595415,324.224932429502,324.288975268638
2.85,100,0,3340.563024114,44.9762691930434,2,1.0000534059101,1.0000534059101,324.038257527616,324.055563085668
2.86,100,0,3345.12339115582,45.0610907750246,2,0.999915617944307,0.999915617944307,323.912210289336,323.884877911168
2.87,100,0,3349.7309909074,45.1458624842804,2,0.999782237889323,0.999782237889323,323.827930144542,323.757412690977
2.88,100,0,3354.36996016788,45.230594291058,2,0.999651939868985,0.999651939868985,323.772461112999,323.659768827765
2.89,100,0,3359.02935068311,45.3152930742019,2,0.999523809188345,0.999523809188345,323.736887742503,323.582727211166
2.9,100,0,3363.701598704,45.3999635839765,2,0.999397214140845,0.999397214140845,323.715066136576,323.519935272314
2.91,100,0,3368.38147422889,45.4846091030406,2,0.999271718019192,0.999271718019192,323.702757119932,323.467010234783
2.92,100,0,3373.06535833975,45.569231900991,2,0.999147018629887,0.999147018629887,323.697032546293,323.42092500797
2.93,100,0,3377.7507454749,45.6538335473954,2,0.999022906660799,0.999022906660799,323.695867840893,323.379586764498
2.94,100,0,3382.43590020336,45.7384151276358,2,0.998899236993044,0.998899236993044,323.697861890694,323.341547258894
2.95,100,0,3387.11962028385,45.8229773919006,2,0.998775908912403,0.998775908912403,323.702044211978,323.305803424621
2.96,100,0,3391.80107293445,45.9075208581319,2,0.998652852446637,0.998652852446637,323.707742041335,323.271659948639
2.97,100,0,3396.47968158803,45.9920458832235,2,0.998530018923969,0.998530018923969,323.714488630596,323.238634458271
2.98,100,0,3401.15504749844,46.0765527123039,2,0.998407374443044,0.998407374443044,323.721959910053,323.206392043352
2.99,100,0,3405.82689542685,46.1610415128784,2,0.998284895352849,0.998284895352849,323.729930704661,323.174699996088
3,100,0,3410.49503598118,46.245512398501,2,0.998162565121431,0.998162565121431,323.738244440812,323.14339649895
3.01,100,0,3415.15933948212,46.3299654451995,2,0.998040372164989,0.998040372164989,323.746792169624,323.112368944193
3.02,100,0,3419.83836950014,46.4143924820978,2,0.998026729233025,0.998026729233025,323.633171493322,322.994555616791
3.03,100,0,3424.58171875926,46.4987741059081,2,0.99806504623213,0.99806504623213,323.513023089679,322.887040346696
3.04,100,0,3429.36912653744,46.5831230924977,2,0.998102050059918,0.998102050059918,323.436343871169,322.822477881698
3.05,100,0,3434.18445962874,46.6674491212795,2,0.998138182026135,0.998138182026135,323.388206365033,322.786116389887
3.06,100,0,3439.01711851996,46.7517585455366,2,0.998173731875664,0.998173731875664,323.358833318849,322.768293388836
3.07,100,0,3443.86013099059,46.8360555382397,2,0.998208890077103,0.998208890077103,323.341810427993,322.762669702848
3.08,100,0,3448.70890604787,46.9203428410023,2,0.998243781981402,0.998243781981402,323.33292382021,322.765080713391
3.09,100,0,3453.56041795057,47.0046222545422,2,0.998278490174541,0.998278490174541,323.329401811842,322.772787069763
3.1,100,0,3458.41267104733,47.0888949603622,2,0.998313069125618,0.998313069125618,323.329419286193,322.783984906203
3.11,100,0,3463.26434832032,47.1731617320125,2,0.998347554798063,0.998347554798063,323.33177317218,322.797485134968
3.12,100,0,3468.11458029878,47.2574230740015,2,0.99838197096317,0.99838197096317,323.335669645798,322.812503143669
3.13,100,0,3472.96279295031,47.3416793132341,2,0.998416333351836,0.998416333351836,323.34058441385,322.828520714316
3.14,100,0,3477.80860745457,47.4259306592623,2,0.998450652387466,0.998450652387466,323.346170875313,322.845195257446
3.15,100,0,3482.65177409754,47.5101772440263,2,0.998484934986704,0.998484934986704,323.352199689181,322.86230008446
3.16,100,0,3487.4921286287,47.5944191480912,2,0.998519185747056,0.998519185747056,323.358518968202,322.879685064503
3.17,100,0,3492.32956342116,47.6786564179855,2,0.998553407730905,0.998553407730905,323.365028033177,322.897250683528
3.18,100,0,3497.16400839615,47.7628890776696,2,0.998587602983543,0.998587602983543,323.371660091784,322.914930923863
3.19,100,0,3501.9954183946,47.8471171361283,2,0.998621772875784,0.998621772875784,323.378370796612,322.932681954596
3.2,100,0,3506.8237648091,47.9313405924017,2,0.998655918330747,0.998655918330747,323.385130679939,322.950474653683
3.21,100,0,3511.64903003419,48.0155594389223,2,0.99869003997412,0.99869003997412,323.391920147196,322.96828965911
3.22,100,0,3516.47120378231,48.0997736637299,2,0.998724138233798,0.998724138233798,323.398726160773,322.986114090826
3.23,100,0,3521.29028063625,48.1839832519434,2,0.998758213406023,0.998758213406023,323.405540041482,323.003939377441
3.24,100,0,3526.10625842152,48.2681881867393,2,0.998792265699314,0.998792265699314,323.412356009711,323.021759814092
3.25,100,0,3530.91913712314,48.3523884500033,2,0.998826295263678,0.998826295263678,323.419170216557,323.039571604656
3.26,100,0,3535.72891816405,48.4365840227641,2,0.998860302210056,0.998860302210056,323.425980099791,323.057372225061
3.27,100,0,3540.53560392403,48.5207748854827,2,0.998894286623261,0.998894286623261,323.432783955392,323.075159999697
3.28,100,0,3545.33919741872,48.6049610182453,2,0.998928248570619,0.998928248570619,323.439580652237,323.092933819355
3.29,100,0,3550.13970208527,48.6891424008925,2,0.99896218810772,0.99896218810772,323.446369441956,323.110692953235
3.3,100,0,3554.93712163903,48.7733190131052,2,0.998996105282272,0.998996105282272,323.453149832103,323.128436923554
3.31,100,0,3559.75425496737,48.8574769710038,2,0.999029398080828,0.999029398080828,323.354474905645,323.040626431729
3.32,100,0,3564.61268820095,48.9416030528993,2,0.999061498765525,0.999061498765525,323.282477406358,322.979076402228
3.33,100,0,3569.49699990762,49.0257065244438,2,0.999092817346655,0.999092817346655,323.238570795287,322.94533437097
3.34,100,0,3574.39688365957,49.1097935747522,2,0.999123627570053,0.999123627570053,323.212656535372,322.929401874174
3.35,100,0,3579.30573447689,49.1938681639467,2,0.999154104742012,0.999154104742012,323.198279937133,322.924888044744
3.36,100,0,3584.21931484117,49.277932826446,2,0.999184361262701,0.999184361262701,323.19130945618,322.927702104629
3.37,100,0,3589.13490351332,49.3619891835359,2,0.999214469281288,0.999214469281288,323.18909720801,322.9352222442
3.38,100,0,3594.05075155838,49.446038270952,2,0.999244475161647,0.999244475161647,323.189944209217,322.945766178861
3.39,100,0,3598.96573422658,49.5300807485217,2,0.999274408731009,0.999274408731009,323.192759139308,322.958253295076
3.4,100,0,3603.85595186657,49.6141154787035,2,0.999304867106126,0.999304867106126,323.175718865995,322.95106879331
3.41,100,0,3608.68513152493,49.6981308773766,2,0.999336735741156,0.999336735741156,323.106462332511,322.892157364244
3.42,100,0,3613.47216001327,49.7821151153832,2,0.999369516779527,0.999369516779527,323.003185017544,322.799536929231
3.43,100,0,3618.23005699859,49.8660606960913,2,0.999402868852129,0.999402868852129,322.87835762467,322.685556900359
3.44,100,0,3622.96710722334,49.9499628672065,2,0.999436575105112,0.999436575105112,322.739894773461,322.558055082172
3.45,100,0,3627.68858915398,50.0338186187154,2,0.999470497650171,0.999470497650171,322.592822970944,322.422009313143
3.46,100,0,3632.39787100406,50.1176260475785,2,0.999504548721228,0.999504548721228,322.440337260569,322.280583783145
3.47,100,0,3637.09710602432,50.2013839547315,2,0.999538672398026,0.999538672398026,322.284470500548,322.135791778619
3.48,100,0,3641.78767392061,50.2850915892516,2,0.99957283301547,0.99957283301547,322.126517428271,321.988915615184
3.49,100,0,3646.47046135689,50.3687484857971,2,0.999607007805789,0.999607007805789,321.967303529486,321.840772892408
3.5,100,0,3651.14604038543,50.4523543612102,2,0.999641182222782,0.999641182222782,321.807355654092,321.691885454044
3.51,100,0,3655.81478207044,50.5359090486783,2,0.9996753469672,0.9996753469672,321.647010388701,321.542586711288
3.52,100,0,3660.47692892368,50.6194124557656,2,0.999709496092225,0.999709496092225,321.486482965365,321.393089885767
3.53,100,0,3665.13264113494,50.7028645376298,2,0.999743625795466,0.999743625795466,321.325911125127,321.243531450267
3.54,100,0,3669.78202611144,50.7862652799095,2,0.99977773364782,0.99977773364782,321.165383070482,321.09399881234
3.55,100,0,3674.42515737399,50.8696146877796,2,0.999811818100631,0.999811818100631,321.004955298578,320.944547976383
3.56,100,0,3679.06208665876,50.9529127789411,2,0.999845878170363,0.999845878170363,320.844663991523,320.79521482488
3.57,100,0,3683.69285167646,51.0361595791286,2,0.999879913236596,0.999879913236596,320.684532299872,320.646022332314
3.58,100,0,3688.31748109304,51.1193551192252,2,0.999913922912488,0.999913922912488,320.524575005352,320.496985183459
3.59,100,0,3692.93599773051,51.2024994334101,2,0.999947906961603,0.999947906961603,320.364801509273,320.348112733367
3.6,100,0,3697.54842062628,51.2855925579658,2,0.999981865244449,0.999981865244449,320.205217750006,320.199410906656
3.61,100,0,3702.15476635956,51.3686345305111,2,1.00001579768408,1.00001579768408,320.045827434728,320.0508834176
3.62,100,0,3706.75504990679,51.4516253895054,2,1.00004970424392,1.00004970424392,319.88663283155,319.902532554776
3.63,100,0,3711.34928519381,51.5345651739302,2,1.00008358491349,1.00008358491349,319.727635279513,319.754359686249
3.64,100,0,3715.93748545284,51.617453923082,2,1.00011743969916,1.00011743969916,319.568835517293,319.606365585198
3.65,100,0,3720.51966345342,51.7002916764394,2,1.0001512686182,1.0001512686182,319.410233895317,319.458550640037
3.66,100,0,3725.0958316521,51.7830784735764,2,1.00018507169489,1.00018507169489,319.251830512773,319.310914990143
3.67,100,0,3729.66600228952,51.8658143541069,2,1.00021884895806,1.00021884895806,319.093625306221,319.163458613644
3.68,100,0,3734.23018745348,51.9484993576483,2,1.00025260043944,1.00025260043944,318.93561810695,319.016181384238
3.69,100,0,3738.78839911996,52.0311335237978,2,1.00028632617262,1.00028632617262,318.777808678165,318.86908310804
3.7,100,0,3743.34064917989,52.1137168921175,2,1.00032002619234,1.00032002619234,318.620196739099,318.722163547465
3.71,100,0,3747.88694945664,52.1962495021247,2,1.00035370053411,1.00035370053411,318.462781980679,318.575422436759
3.72,100,0,3752.42731171738,52.2787313932851,2,1.00038734923383,1.00038734923383,318.30556407572,318.428859492087
3.73,100,0,3756.96174768068,52.3611626050091,2,1.00042097232767,1.00042097232767,318.14854268554,318.282474418099
3.74,100,0,3761.49026902141,52.4435431766492,2,1.00045456985193,1.00045456985193,317.99171746429,318.136266912214
3.75,100,0,3766.01288737405,52.525873147498,2,1.00048814184295,1.00048814184295,317.835088061762,317.990236667403
3.76,100,0,3770.5296143349,52.6081525567878,2,1.00052168833706,1.00052168833706,317.678654125228,317.844383374018
3.77,100,0,3775.04046146356,52.6903814436894,2,1.00055520937055,1.00055520937055,317.522415300642,317.698706720976
3.78,100,0,3779.54544028395,52.7725598473123,2,1.00058870497964,1.00058870497964,317.366371233421,317.553206396537
3.79,100,0,3784.04456228506,52.8546878067041,2,1.00062217520049,1.00062217520049,317.210521568958,317.407882088813
3.8,100,0,3788.53783892142,52.9367653608509,2,1.00065562006915,1.00065562006915,317.05486595296,317.2627334861
3.81,100,0,3793.02528161355,53.0187925486768,2,1.00068903962159,1.00068903962159,316.899404031659,317.117760277096
3.82,100,0,3797.50690174821,53.1007694090446,2,1.00072243389369,1.00072243389369,316.744135451962,316.97296215104
3.83,100,0,3801.98271067868,53.1826959807557,2,1.00075580292121,1.00075580292121,316.589059861541,316.828338797807
3.84,100,0,3806.45271972494,53.2645723025497,2,1.00078914673982,1.00078914673982,316.43417690889,316.683889907965
3.85,100,0,3810.91694017388,53.3463984131057,2,1.00082246538509,1.00082246538509,316.279486243366,316.539615172816
3.86,100,0,3815.37538327944,53.4281743510412,2,1.0008557588925,1.0008557588925,316.124987515212,316.395514284418
3.87,100,0,3819.82806026279,53.5099001549133,2,1.00088902729739,1.00088902729739,315.970680375574,316.251586935603
3.88,100,0,3824.27498231243,53.5915758632183,2,1.00092227063504,1.00092227063504,315.816564476504,316.10783281998
3.89,100,0,3828.71616058439,53.6732015143919,2,1.00095548894061,1.00095548894061,315.662639470971,315.964251631948
3.9,100,0,3833.15160620233,53.7547771468097,2,1.00098868224915,1.00098868224915,315.508905012858,315.820843066692
3.91,100,0,3837.62419672045,53.8362763080744,2,1.00101038871347,1.00101038871347,315.075629738655,315.393978598832
3.92,100,0,3842.240026821,53.9176321202808,2,1.00102456070169,1.00102456070169,314.652568565847,314.974949222285
3.93,100,0,3846.94110604298,53.9988784736624,2,1.00103758513083,1.00103758513083,314.340416595044,314.66657153732
3.94,100,0,3851.68794731968,54.0800386612794,2,1.00104995726618,1.00104995726618,314.090892604384,314.420674619314
3.95,100,0,3856.45825732068,54.1611258540297,2,1.00106195654968,1.00106195654968,313.876863621691,314.210187212807
3.96,100,0,3861.23942131803,54.2421475255562,2,1.00107374101572,1.00107374101572,313.683032157817,314.01984649538
3.97,100,0,3866.02428836649,54.3231079335777,2,1.00108540021763,1.00108540021763,313.500751775791,313.841025559995
3.98,100,0,3870.80879904053,54.4040095163164,2,1.00109698499555,1.00109698499555,313.325124986628,313.668837947467
3.99,100,0,3875.59064662712,54.4848536805071,2,1.0011085242621,1.0011085242621,313.153372518759,313.500510629955
4,100,0,3880.36851988616,54.56564124706,2,1.00112003448786,1.00112003448786,312.983914372314,313.334467150555
4.01,100,0,3885.14167392204,54.6463727035976,2,1.00113152507169,1.00113152507169,312.815850784743,313.169809762727
4.02,100,0,3889.90968656559,54.7270483478086,2,1.00114300138658,1.00114300138658,312.648668490847,313.006026352443
4.03,100,0,3894.67231983938,54.8076683689609,2,1.00115446650996,1.00115446650996,312.482074185799,312.84282427541
4.04,100,0,3899.42944105183,54.8882328943255,2,1.0011659222083,1.0011659222083,312.315899946739,312.680035990492
4.05,100,0,3904.1809777834,54.9687420156579,2,1.0011773694982,1.0011773694982,312.150049433189,312.517565380254
4.06,100,0,3908.92689216733,55.0491958043279,2,1.00118880896672,1.00118880896672,311.984467235442,312.355357167567
4.07,100,0,3913.66716617194,55.1295943199767,2,1.00120024095444,1.00120024095444,311.819121383947,312.193379463808
4.08,100,0,3918.40179316578,55.209937615478,2,1.00121166566035,1.00121166566035,311.653993353352,312.031613795009
4.09,100,0,3923.13077307607,55.2902257397857,2,1.00122308320194,1.00122308320194,311.489072341044,311.870049393011
4.1,100,0,3927.85410960555,55.3704587395702,2,1.0012344936497,1.0012344936497,311.324351987343,311.708679922869
4.11,100,0,3932.57180863025,55.4506366601613,2,1.00124589704704,1.00124589704704,311.159828492546,311.547501604022
4.12,100,0,3937.28387727567,55.5307595460914,2,1.00125729342165,1.00125729342165,310.995499534274,311.386512130002
4.13,100,0,3941.99032338338,55.610827441409,2,1.00126868279217,1.00126868279217,310.831363644066,311.225710046387
4.14,100,0,3946.69115520258,55.6908403898601,2,1.00128006517194,1.00128006517194,310.667419847857,311.065094392061
4.15,100,0,3951.38638121151,55.7707984349937,2,1.00129144057126,1.00129144057126,310.503667458363,310.904664492044
4.16,100,0,3956.07601001387,55.8507016202227,2,1.00130280899863,1.00130280899863,310.340105954976,310.74441983765
4.17,100,0,3960.76005027871,55.9305499888591,2,1.00131417046151,1.00131417046151,310.176734914218,310.58436001709
4.18,100,0,3965.43851070546,56.0103435841349,2,1.00132552496674,1.00132552496674,310.013553969385,310.424484675199
4.19,100,0,3970.1114000036,56.0900824492144,2,1.0013368725208,1.0013368725208,309.850562787112,310.264793490056
4.2,100,0,3974.77872688084,56.1697666272007,2,1.00134821312995,1.00134821312995,309.687761053734,310.10528615937
4.21,100,0,3979.44050003617,56.2493961611405,2,1.00135954680031,1.00135954680031,309.525148467339,309.945962392553
4.22,100,0,3984.09672815592,56.3289710940263,2,1.00137087353794,1.00137087353794,309.362724733136,309.786821906097
4.23,100,0,3988.74741991136,56.408491468798,2,1.00138219334882,1.00138219334882,309.200489560746,309.627864420869
4.24,100,0,3993.39258395741,56.4879573283435,2,1.00139350623892,1.00139350623892,309.038442662615,309.469089660531
4.25,100,0,3998.03222893186,56.5673687154999,2,1.00140481221415,1.00140481221415,308.876583753083,309.310497350606
4.26,100,0,4002.66718067584,56.6467257194034,2,1.00141610184169,1.00141610184169,308.715770597462,309.152943568763
4.27,100,0,4007.30014150229,56.7260290735858,2,1.00142734451008,1.00142734451008,308.558782709749,308.999202394286
4.28,100,0,4011.93011516846,56.8052796990081,2,1.00143855268326,1.00143855268326,308.404482378129,308.848138473784
4.29,100,0,4016.55618675595,56.8844781753743,2,1.00144973755953,1.00144973755953,308.251850560908,308.698734846461
4.3,100,0,4021.17781400338,56.9636248631016,2,1.00146090581114,1.00146090581114,308.100281268117,308.550386759434
4.31,100,0,4025.79467637085,57.0427199921266,2,1.00147206141982,1.00147206141982,307.949413606374,308.4027340574
4.32,100,0,4030.40658541335,57.1217637146354,2,1.0014832067658,1.0014832067658,307.799032320269,308.255561927513
4.33,100,0,4035.0134314865,57.2007561364159,2,1.0014943432747,1.0014943432747,307.649008811248,308.108742038533
4.34,100,0,4039.61515201368,57.2796973355248,2,1.00150547180241,1.00150547180241,307.499266112072,307.962197586465
4.35,100,0,4044.21171256624,57.3585873734158,2,1.00151659286432,1.00151659286432,307.34975805894,307.815882508862
4.36,100,0,4048.80309556826,57.4374263015835,2,1.00152770677206,1.00152770677206,307.200456889699,307.66976910807
4.37,100,0,4053.38929354445,57.5162141655342,2,1.00153881371519,1.00153881371519,307.051345849543,307.523840671805
4.38,100,0,4057.97030507851,57.5949510071628,2,1.00154991381001,1.00154991381001,306.902414776566,307.378087067552
4.39,100,0,4062.54613239092,57.6736368661777,2,1.00156100712879,1.00156100712879,306.753657462854,307.232502108936
4.4,100,0,4067.11677988531,57.7522717809548,2,1.00157209371736,1.00157209371736,306.605070074969,307.087081979344
4.41,100,0,4071.68225327503,57.8308557890519,2,1.00158317360557,1.00158317360557,306.456650207287,306.941824287147
4.42,100,0,4076.24255905773,57.9093889275172,2,1.00159424681368,1.00159424681368,306.308396313922,306.796727498748
4.43,100,0,4080.79770419877,57.9878712330756,2,1.0016053133561,1.0016053133561,306.160307367386,306.651790597911
4.44,100,0,4085.34769594037,58.0663027422414,2,1.00161637324375,1.00161637324375,306.012382653243,306.507012880821
4.45,100,0,4089.89254168629,58.1446834913854,2,1.00162742648541,1.00162742648541,305.864621646399,306.362393832617
4.46,100,0,4094.43224893221,58.2230135167769,2,1.00163847308856,1.00163847308856,305.717023936504,306.217933052938
4.47,100,0,4098.96682522348,58.3012928546076,2,1.00164951305988,1.00164951305988,305.569589182892,306.07363021095
4.48,100,0,4103.49627812964,58.3795215410075,2,1.00166054640557,1.00166054640557,305.422317087335,305.929485018155
4.49,100,0,4108.02061522889,58.4576996120538,2,1.00167157313154,1.00167157313154,305.275207377559,305.785497211938
4.5,100,0,4112.53984409873,58.5358271037764,2,1.00168259324351,1.00168259324351,305.128259797242,305.641666545582
4.51,100,0,4117.0539723102,58.6139040521616,2,1.00169360674708,1.00169360674708,304.981474099945,305.497992782216
4.52,100,0,4121.5630074245,58.6919304931541,2,1.00170461364778,1.00170461364778,304.834850045429,305.354475691134
4.53,100,0,4126.06695699084,58.7699064626582,2,1.00171561395107,1.00171561395107,304.688387397407,305.211115045554
4.54,100,0,4130.56582854523,58.8478319965391,2,1.00172660766239,1.00172660766239,304.542085922183,305.067910621257
4.55,100,0,4135.05962960966,58.9257071306228,2,1.00173759478717,1.00173759478717,304.395945387812,304.924862195753
4.56,100,0,4139.54836769171,59.003531900697,2,1.00174857533079,1.00174857533079,304.249965563592,304.781969547771
4.57,100,0,4144.0320502843,59.0813063425111,2,1.00175954929864,1.00175954929864,304.104146219757,304.639232456951
4.58,100,0,4148.51068486548,59.1590304917764,2,1.00177051669608,1.00177051669608,303.958487127278,304.496650703651
4.59,100,0,4152.98427889843,59.2367043841664,2,1.00178147752846,1.00178147752846,303.81298805775,304.354224068829
4.6,100,0,4157.45283983139,59.3143280553166,2,1.00179243180113,1.00179243180113,303.667648783317,304.21195233397
4.61,100,0,4161.91637509769,59.3919015408249,2,1.00180337951941,1.00180337951941,303.522469076632,304.069835281046
4.62,100,0,4166.37489211572,59.4694248762516,2,1.00181432068863,1.00181432068863,303.377448710818,303.927872692479
4.63,100,0,4170.82839828902,59.5468980971194,2,1.00182525531411,1.00182525531411,303.232587459464,303.786064351134
4.64,100,0,4175.27690100623,59.6243212389138,2,1.00183618340112,1.00183618340112,303.087885096604,303.644410040301
4.65,100,0,4179.72040764119,59.7016943370824,2,1.00184710495498,1.00184710495498,302.943341396714,303.502909543686
4.66,100,0,4184.15892555297,59.7790174270361,2,1.00185801998096,1.00185801998096,302.798956134704,303.361562645415
4.67,100,0,4188.59246208585,59.8562905441482,2,1.00186892848432,1.00186892848432,302.654729085916,303.22036913002
4.68,100,0,4193.02102456943,59.9335137237549,2,1.00187983047034,1.00187983047034,302.510660026122,303.079328782442
4.69,100,0,4197.44462031863,60.0106870011555,2,1.00189072594425,1.00189072594425,302.366748731522,302.938441388029
4.7,100,0,4201.86325663373,60.0878104116121,2,1.00190161491131,1.00190161491131,302.222994978741,302.797706732534
4.71,100,0,4206.27694080044,60.1648839903501,2,1.00191249737674,1.00191249737674,302.079398544829,302.657124602113
4.72,100,0,4210.68568008988,60.2419077725578,2,1.00192337334577,1.00192337334577,301.935959207256,302.516694783324
4.73,100,0,4215.0894817587,60.3188817933869,2,1.0019342428236,1.0019342428236,301.792676743919,302.376417063125
4.74,100,0,4219.48835304904,60.3958060879523,2,1.00194510581544,1.00194510581544,301.64955093313,302.236291228875
4.75,100,0,4223.88230118862,60.4726806913324,2,1.00195596232648,1.00195596232648,301.506581553628,302.096317068332
4.76,100,0,4228.27133339076,60.5495056385688,2,1.0019668123619,1.0019668123619,301.363768384563,301.956494369652
4.77,100,0,4232.65545685441,60.6262809646669,2,1.00197765592689,1.00197765592689,301.221111205505,301.816822921384
4.78,100,0,4237.03467876422,60.7030067045955,2,1.0019884930266,1.0019884930266,301.07860979644,301.677302512477
4.79,100,0,4241.40900629055,60.7796828932871,2,1.00199932366618,1.00199932366618,300.936263937772,301.537932932275
4.8,100,0,4245.77844658951,60.856309565638,2,1.00201014785079,1.00201014785079,300.794073410316,301.39871397051
4.81,100,0,4250.14300680301,60.9328867565081,2,1.00202096558555,1.00202096558555,300.652037995301,301.259645417315
4.82,100,0,4254.50269405881,61.0094145007214,2,1.0020317768756,1.0020317768756,300.510157474366,301.120727063205
4.83,100,0,4258.85751547052,61.0858928330657,2,1.00204258172605,1.00204258172605,300.368431629568,300.981958699097
4.84,100,0,4263.20747813767,61.1623217882929,2,1.00205338014201,1.00205338014201,300.226860243365,300.843340116287
4.85,100,0,4267.55258914573,61.238701401119,2,1.00206417212858,1.00206417212858,300.085443098629,300.704871106466
4.86,100,0,4271.89285556616,61.3150317062239,2,1.00207495769084,1.00207495769084,299.944179978641,300.566551461711
4.87,100,0,4276.22828445644,61.3913127382521,2,1.00208573683388,1.00208573683388,299.803070667083,300.428380974485
4.88,100,0,4280.55888286012,61.4675445318121,2,1.00209650956277,1.00209650956277,299.662114948051,300.290359437641
4.89,100,0,4284.88465780683,61.5437271214769,2,1.00210727588257,1.00210727588257,299.52131260604,300.152486644411
4.9,100,0,4289.20561631235,61.6198605417839,2,1.00211803579833,1.00211803579833,299.380663425951,300.014762388416
4.91,100,0,4293.52176537861,61.6959448272351,2,1.0021287893151,1.0021287893151,299.240167193086,299.877186463655
4.92,100,0,4297.83311199378,61.7719800122968,2,1.0021395364379,1.0021395364379,299.099823693152,299.739758664514
4.93,100,0,4302.13966313225,61.8479661314001,2,1.00215027717177,1.00215027717177,298.959632712255,299.602478785758
4.94,100,0,4306.44142575469,61.923903218941,2,1.00216101152172,1.00216101152172,298.819594036901,299.465346622531
4.95,100,0,4310.7384068081,61.99979130928,2,1.00217173949276,1.00217173949276,298.679707453993,299.328361970356
4.96,100,0,4315.03061322582,62.0756304367425,2,1.00218246108988,1.00218246108988,298.539972750835,299.191524625138
4.97,100,0,4319.31805192761,62.1514206356188,2,1.00219317631808,1.00219317631808,298.400389715126,299.054834383155
4.98,100,0,4323.60072981963,62.2271619401643,2,1.00220388518233,1.00220388518233,298.260958134963,298.918291041065
4.99,100,0,4327.87865379449,62.3028543845995,2,1.00221458768761,1.00221458768761,298.121677798835,298.781894395898
5,100,0,4332.15183073134,62.3784980031096,2,1.00222528383887,1.00222528383887,297.982548495626,298.64564424506
5.01,100,0,4336.42026749582,62.4540928298455,2,1.00223597364108,1.00223597364108,297.843570014613,298.509540386331
5.02,100,0,4340.68397094017,62.529638898923,2,1.00224665709918,1.00224665709918,297.704742145464,298.373582617863
5.03,100,0,4344.94294790323,62.6051362444234,2,1.00225733421809,1.00225733421809,297.566064678241,298.237770738182
5.04,100,0,4349.19720521046,62.6805849003932,2,1.00226800500276,1.00226800500276,297.427537403391,298.102104546181
5.05,100,0,4353.44674967402,62.7559849008446,2,1.0022786694581,1.0022786694581,297.289160111755,297.966583841125
5.06,100,0,4357.69158809277,62.8313362797552,2,1.00228932758901,1.00228932758901,297.150932594561,297.831208422649
5.07,100,0,4361.93172725231,62.906639071068,2,1.0022999794004,1.0022999794004,297.012854643419,297.695978090754
5.08,100,0,4366.16717392504,62.9818933086918,2,1.00231062489717,1.00231062489717,296.874926050333,297.560892645809
5.09,100,0,4370.39793487014,63.0570990265013,2,1.00232126408419,1.00232126408419,296.737146607685,297.425951888549
5.1,100,0,4374.62401683368,63.1322562583367,2,1.00233189696634,1.00233189696634,296.599516108247,297.291155620077
5.11,100,0,4378.84542654859,63.2073650380041,2,1.00234252354848,1.00234252354848,296.462034345172,297.156503641857
5.12,100,0,4383.06217073473,63.2824253992755,2,1.00235314383549,1.00235314383549,296.324701111993,297.021995755717
5.13,100,0,4387.27425609889,63.3574373758891,2,1.00236375783219,1.00236375783219,296.187516202629,296.88763176385
5.14,100,0,4391.48168933489,63.4324010015488,2,1.00237436554344,1.00237436554344,296.050479411373,296.753411468808
5.15,100,0,4395.68447712353,63.5073163099248,2,1.00238496697408,1.00238496697408,295.913590532906,296.619334673508
5.16,100,0,4399.88262613268,63.5821833346534,2,1.00239556212891,1.00239556212891,295.776849362282,296.485401181222
5.17,100,0,4404.04441180515,63.6569996151462,2,1.00240649071739,1.00240649071739,295.613558641857,296.324949926662
5.18,100,0,4408.15006093635,63.7317540113956,2,1.00241795647428,1.00241795647428,295.40777605302,296.122059197679
5.19,100,0,4412.21664934739,63.8064370062744,2,1.00242976770346,1.00242976770346,295.174639019902,295.891844824673
5.2,100,0,4416.25533713554,63.8810425041899,2,1.00244179934893,1.00244179934893,294.924012964959,295.6441582278
5.21,100,0,4420.27334431748,63.9555666154109,2,1.00245397063741,1.00245397063741,294.662261095216,295.385353631895
5.22,100,0,4424.27534819529,64.0300068733993,2,1.00246622934973,1.00246622934973,294.393490234682,295.119532100668
5.23,100,0,4428.26438389387,64.1043617304854,2,1.00247854169378,1.00247854169378,294.120352969693,294.849342527516
5.24,100,0,4432.24242501478,64.1786302327405,2,1.00249088578003,1.00249088578003,293.844564044023,294.57649729014
5.25,100,0,4436.21075830769,64.252811810224,2,1.00250324741491,1.00250324741491,293.567232898858,294.302104315716
5.26,100,0,4440.17022564035,64.3269061415465,2,1.00251561738597,1.00251561738597,293.289077944178,294.026881047768
5.27,100,0,4444.12138041679,64.4009130663368,2,1.00252798970817,1.00252798970817,293.010564731905,293.751292423932
5.28,100,0,4448.06458879415,64.474832528611,2,1.0025403604899,1.0025403604899,292.731995137124,293.475639931698
5.29,100,0,4452.00009524742,64.548664540098,2,1.00255272719884,1.00255272719884,292.453564974413,293.20011914412
5.3,100,0,4455.92806508539,64.6224091564614,2,1.00256508818628,1.00256508818628,292.175401259387,292.924856929479
5.31,100,0,4459.84861204996,64.6960664618686,2,1.00257744237852,1.00257744237852,291.897586331675,292.649935540872
5.32,100,0,4463.76181625175,64.7696365589646,2,1.00258978907641,1.00258978907641,291.62017348867,292.375408228431
5.33,100,0,4467.66773583829,64.8431195623516,2,1.00260212782511,1.00260212782511,291.343197128423,292.101309368326
5.34,100,0,4471.56641459307,64.9165155943431,2,1.00261445832924,1.00261445832924,291.066679337252,291.82766104141
5.35,100,0,4475.45788688995,64.9898247821966,2,1.00262678039767,1.00262678039767,290.79063417289,291.55447731056
5.36,100,0,4479.34218092676,65.0630472563088,2,1.00263909390742,1.00263909390742,290.515070452298,291.281767004744
5.37,100,0,4483.21932083806,65.1361831490362,2,1.00265139878021,1.00265139878021,290.239993568159,291.009535533074
5.38,100,0,4487.08932807709,65.2092325939242,2,1.00266369496701,1.00266369496701,289.965406673741,290.737786068104
5.39,100,0,4490.95222232065,65.2821957252031,2,1.00267598243798,1.00267598243798,289.691311456574,290.466520318468
5.4,100,0,4494.80802206226,65.3550726774575,2,1.00268826117595,1.00268826117595,289.417708644182,290.195739033963
5.41,100,0,4498.65674500142,65.4278635854104,2,1.00270053117199,1.00270053117199,289.144598335015,289.925442336033
5.42,100,0,4502.49840829934,65.5005685837807,2,1.00271279242267,1.00271279242267,288.87198021522,289.65562993427
5.43,100,0,4506.33302874709,65.5731878071909,2,1.00272504492812,1.00272504492812,288.599853700783,289.386301268368
5.44,100,0,4510.16062287641,65.6457213901054,2,1.00273728869086,1.00273728869086,288.328218030836,289.117455601308
5.45,100,0,4513.98120703269,65.7181694667912,2,1.00274952371495,1.00274952371495,288.057072328965,288.849092080591
5.46,100,0,4517.7947974232,65.7905321712915,2,1.00276175000547,1.00276175000547,287.786415643529,288.581209778508
5.47,100,0,4521.60141014895,65.8628096374087,2,1.00277396756821,1.00277396756821,287.516246974217,288.313807718657
5.48,100,0,4525.40106122585,65.9350019986935,2,1.00278617640937,1.00278617640937,287.246565289535,288.046884893416
5.49,100,0,4529.19376659869,66.007109388438,2,1.00279837653544,1.00279837653544,286.977369538356,287.780440275474
5.5,100,0,4532.97954215049,66.079131939671,2,1.00281056795311,1.00281056795311,286.708658657534,287.514472825435
5.51,100,0,4536.75840370874,66.1510697851555,2,1.00282275066918,1.00282275066918,286.44043157694,287.248981496855
5.52,100,0,4540.53036704956,66.2229230573869,2,1.00283492469055,1.00283492469055,286.172687222791,286.98396523956
5.53,100,0,4544.29544790055,66.2946918885927,2,1.00284709002413,1.00284709002413,285.905424519854,286.719423001849
5.54,100,0,4548.05366194272,66.3663764107317,2,1.00285924667688,1.00285924667688,285.638642392899,286.455353731949
5.55,100,0,4551.80502481178,66.4379767554941,2,1.00287139465576,1.00287139465576,285.37233976767,286.191756378981
5.56,100,0,4555.54955209914,66.509493054302,2,1.00288353396776,1.00288353396776,285.106515571512,285.928629893592
5.57,100,0,4559.28725935248,66.5809254383096,2,1.00289566461984,1.00289566461984,284.841168733803,285.665973228379
5.58,100,0,4563.01816207636,66.6522740384036,2,1.00290778661896,1.00290778661896,284.576298186226,285.403785338165
5.59,100,0,4566.74227573247,66.7235389852039,2,1.00291989997209,1.00291989997209,284.31190286295,285.142065180185
5.6,100,0,4570.45961574002,66.7947204090643,2,1.00293200468618,1.00293200468618,284.047981700751,284.880811714198
5.61,100,0,4574.17019747595,66.8658184400728,2,1.00294410076817,1.00294410076817,283.784533639084,284.620023902566
5.62,100,0,4577.87403627511,66.9368332080524,2,1.00295618822499,1.00295618822499,283.521557620138,284.359700710304
5.63,100,0,4581.57114743049,67.0077648425617,2,1.00296826706355,1.00296826706355,283.259052588854,284.099841105106
5.64,100,0,4585.26154619334,67.0786134728957,2,1.00298033729077,1.00298033729077,282.997017492952,283.840444057363
5.65,100,0,4588.94524777339,67.1493792280863,2,1.00299239891354,1.00299239891354,282.735451282934,283.581508540172
5.66,100,0,4592.62226733891,67.2200622369029,2,1.00300445193874,1.00300445193874,282.474352912087,283.323033529338
5.67,100,0,4596.29262001694,67.2906626278533,2,1.00301649637325,1.00301649637325,282.213721336481,283.065018003373
5.68,100,0,4599.95632089339,67.3611805291841,2,1.00302853222392,1.00302853222392,281.953555514969,282.807460943495
5.69,100,0,4603.61338501315,67.4316160688814,2,1.00304055949761,1.00304055949761,281.693854409176,282.550361333617
5.7,100,0,4607.26382738028,67.5019693746717,2,1.00305257820114,1.00305257820114,281.434616983498,282.293718160349
5.71,100,0,4610.90766295812,67.5722405740222,2,1.00306458834135,1.00306458834135,281.175842205092,282.037530412983
5.72,100,0,4614.54490666942,67.6424297941416,2,1.00307658992505,1.00307658992505,280.917529043868,281.781797083493
5.73,100,0,4618.17557339645,67.7125371619809,2,1.00308858295903,1.00308858295903,280.659676472483,281.526517166521
5.74,100,0,4621.79967798118,67.7825628042339,2,1.00310056745008,1.00310056745008,280.402283466329,281.271689659373
5.75,100,0,4625.41723522537,67.8525068473376,2,1.00311254340499,1.00311254340499,280.145349003531,281.017313562011
5.76,100,0,4629.02825989072,67.9223694174734,2,1.00312451083052,1.00312451083052,279.888872064933,280.763387877042
5.77,100,0,4632.63276669899,67.9921506405674,2,1.00313646973342,1.00313646973342,279.632851634092,280.509911609712
5.78,100,0,4636.23077033213,68.0618506422908,2,1.00314842012043,1.00314842012043,279.377286697268,280.256883767898
5.79,100,0,4639.8222854324,68.1314695480611,2,1.00316036199829,1.00316036199829,279.122176243419,280.0043033621
5.8,100,0,4643.40732660252,68.2010074830424,2,1.00317229537372,1.00317229537372,278.867519264189,279.75216940543
5.81,100,0,4646.98590840576,68.270464572146,2,1.00318422025341,1.00318422025341,278.6133147539,279.50048091361
5.82,100,0,4650.55804536612,68.3398409400311,2,1.00319613664408,1.00319613664408,278.359561709547,279.249236904957
5.83,100,0,4654.12375196839,68.4091367111056,2,1.0032080445524,1.0032080445524,278.106259130783,278.998436400377
5.84,100,0,4657.68304265834,68.4783520095264,2,1.00321994398506,1.00321994398506,277.85340601992,278.748078423362
5.85,100,0,4661.23593184279,68.5474869592003,2,1.0032318349487,1.0032318349487,277.601001381913,278.498161999973
5.86,100,0,4664.78243388977,68.6165416837845,2,1.00324371744999,1.00324371744999,277.349044224353,278.24868615884
5.87,100,0,4668.32256312863,68.6855163066873,2,1.00325559149556,1.00325559149556,277.097533557462,277.999649931151
5.88,100,0,4671.85633385016,68.7544109510685,2,1.00326745709204,1.00326745709204,276.84646839408,277.751052350642
5.89,100,0,4675.38376030673,68.8232257398403,2,1.00327931424606,1.00327931424606,276.595847749666,277.502892453593
5.9,100,0,4678.9048567124,68.8919607956678,2,1.00329116296422,1.00329116296422,276.345670642276,277.255169278816
5.91,100,0,4682.41963724303,68.9606162409697,2,1.00330300325311,1.00330300325311,276.095936092569,277.007881867653
5.92,100,0,4685.92811603642,69.0291921979186,2,1.00331483511932,1.00331483511932,275.846643123785,276.761029263959
5.93,100,0,4689.43030719243,69.097688788442,2,1.00332665856943,1.00332665856943,275.597790761749,276.514610514104
5.94,100,0,4692.92622477309,69.1661061342227,2,1.00333847361,1.00333847361,275.349378034859,276.268624666959
5.95,100,0,4696.41588280274,69.2344443566995,2,1.00335028024759,1.00335028024759,275.101403974074,276.023070773891
5.96,100,0,4699.89929526811,69.3027035770678,2,1.00336207848872,1.00336207848872,274.853867612909,275.777947888753
5.97,100,0,4703.37647611849,69.3708839162801,2,1.00337386833995,1.00337386833995,274.606767987432,275.53325506788
5.98,100,0,4706.8474392658,69.4389854950465,2,1.00338564980778,1.00338564980778,274.360104136246,275.288991370077
5.99,100,0,4710.31219858476,69.5070084338358,2,1.00339742289873,1.00339742289873,274.113875100489,275.045155856615
6,100,0,4713.77076791296,69.5749528528756,2,1.0034091876193,1.0034091876193,273.868079923824,274.801747591222
6.01,100,0,4717.223161051,69.6428188721531,2,1.00342094397597,1.00342094397597,273.622717652429,274.558765640071
6.02,100,0,4720.66939176261,69.7106066114155,2,1.00343269197524,1.00343269197524,273.377787334991,274.316209071784
6.03,100,0,4724.10947377475,69.7783161901709,2,1.00344443162355,1.00344443162355,273.133288022701,274.074076957411
6.04,100,0,4727.54342077774,69.8459477276888,2,1.00345616292738,1.00345616292738,272.889218769239,273.832368370431
6.05,100,0,4730.9712464254,69.9135013430006,2,1.00346788589317,1.00346788589317,272.645578630774,273.591082386742
6.06,100,0,4734.39296433508,69.9809771549,2,1.00347960052735,1.00347960052735,272.402366665954,273.350218084656
6.07,100,0,4737.8085880879,70.0483752819442,2,1.00349130683636,1.00349130683636,272.159581935891,273.109774544884
6.08,100,0,4741.21813122873,70.1156958424537,2,1.00350300482661,1.00350300482661,271.917223504169,272.869750850542
6.09,100,0,4744.62160726643,70.1829389545135,2,1.0035146945045,1.0035146945045,271.675290436819,272.630146087127
6.1,100,0,4748.01902967387,70.2501047359735,2,1.00352637587644,1.00352637587644,271.433781802324,272.390959342524
6.11,100,0,4751.41041188808,70.3171933044489,2,1.00353804894881,1.00353804894881,271.192696671606,272.152189706992
6.12,100,0,4754.79576731036,70.3842047773208,2,1.00354971372799,1.00354971372799,270.952034118019,271.913836273155
6.13,100,0,4758.17510930642,70.4511392717373,2,1.00356137022034,1.00356137022034,270.711793217343,271.675898136002
6.14,100,0,4761.54845120642,70.5179969046132,2,1.00357301843222,1.00357301843222,270.471973047774,271.438374392872
6.15,100,0,4764.91580630515,70.5847777926314,2,1.00358465836997,1.00358465836997,270.232572689919,271.201264143451
6.16,100,0,4768.27718786212,70.6514820522428,3,1.30004483362893,1.30004483362893,1002.29061246864,1303.02273253463
6.17,100,0,4481.80833201368,70.8648269038471,3,1.22984017719363,1.22984017719363,842.389050158249,1036.0038987126
6.18,100,0,4265.62709441147,71.0351919107723,3,1.1697091780073,1.1697091780073,726.449479451809,849.734623473406
6.19,100,0,4097.40383385068,71.1757791809112,3,1.1183880786929,1.1183880786929,643.321157896498,719.482713762353
6.2,100,0,3964.52049594836,71.2949844720682,3,1.07329276971376,1.07329276971376,577.673069827823,620.012329104554
6.21,100,0,3862.05910969131,71.396488647736,3,1.03354663167353,1.03354663167353,520.360718383158,537.817067740133
6.22,100,0,3784.68406236174,71.4844777690554,3,1.00754844680333,1.00754844680333,473.435428741847,477.009130890517
6.23,100,0,3727.60117240918,71.5628539321578,3,1.002,1.002,433.907712026046,434.775527450098
6.24,100,0,3687.28207644455,71.634404810526,3,1.0011138134295,1.0011138134295,405.402161616674,405.85370398863
6.25,100,0,3659.48356575974,71.7008186864776,3,0.999092311846542,0.999092311846542,380.536626315317,380.191217727654
6.26,100,0,3641.55316729488,71.7631200752437,3,0.998149719994794,0.998149719994794,363.279440345169,362.607271660395
6.27,100,0,3630.59813044387,71.8225887235365,3,0.998492821569151,0.998492821569151,351.185118519341,350.655819883473
6.28,100,0,3624.1875005003,71.8802243940309,3,0.998723063179545,0.998723063179545,343.544307689189,343.105623313243
6.29,100,0,3620.67138970858,71.9366853855369,3,0.998880739902352,0.998880739902352,338.603051257946,338.224066373731
6.3,100,0,3619.03114193104,71.9923775937827,3,0.998991092148414,0.998991092148414,335.354473473724,335.016131712371
6.31,100,0,3618.67853769536,72.0475338035566,3,0.999068813340801,0.999068813340801,332.939838069832,332.629808934306
6.32,100,0,3619.22222976132,72.1023083880509,3,0.999123747979962,0.999123747979962,331.366442642514,331.076082127775
6.33,100,0,3620.33211796414,72.1568333628522,3,0.999164250864127,0.999164250864127,330.343202794999,330.067118748721
6.34,100,0,3621.80039776799,72.2111918299955,3,0.999195594827173,0.999195594827173,329.665949626972,329.400764631787
6.35,100,0,3623.49600312927,72.2654361946598,3,0.999221110410212,0.999221110410212,329.207482346919,328.951066066039
6.36,100,0,3625.33589673422,72.3195996558504,3,0.999242909358704,0.999242909358704,328.887880044345,328.638882108327
6.37,100,0,3627.26730972637,72.3737033112349,3,0.999262334140569,0.999262334140569,328.656646325424,328.414207537955
6.38,100,0,3629.2566369664,72.4277605980179,3,0.999280239768933,0.999280239768933,328.481755666141,328.245327561781
6.39,100,0,3631.28244442901,72.4817800887001,3,0.999297171548645,0.999297171548645,328.342844164774,328.112075472096
6.4,100,0,3633.33104509294,72.5357672596274,3,0.99931347763328,0.99931347763328,328.226939116833,328.001603981769
6.41,100,0,3635.39369082575,72.5897256134114,3,0.99932938049861,0.99932938049861,328.125764957071,327.905717420183
6.42,100,0,3637.4647859573,72.6436573929115,3,0.999345022417206,0.999345022417206,328.034036868647,327.819181928104
6.43,100,0,3639.54074895409,72.69756403616,3,0.999360494433261,0.999360494433261,327.948376983848,327.738652171164
6.44,100,0,3641.61928616984,72.7514464665849,3,0.99937585484494,0.99937585484494,327.866624666414,327.661988301122
6.45,100,0,3643.69892804446,72.8053052783457,3,0.999391141004484,0.999391141004484,327.787396946771,327.587820641523
6.46,100,0,3645.77873266649,72.8591408547844,3,0.999406376857821,0.999406376857821,327.70980806917,327.515271943181
6.47,100,0,3647.85809617067,72.9129534441841,3,0.999421577765215,0.999421577765215,327.63329039392,327.4437800139
6.48,100,0,3649.93663138936,72.9667432082539,3,0.999436753585424,0.999436753585424,327.557479937256,327.372984361113
6.49,100,0,3652.01409014086,73.0205102531772,3,0.999451910650022,0.999451910650022,327.482143170845,327.302653695865
6.5,100,0,3654.09031343449,73.0742546495058,3,0.999467053027992,0.999467053027992,327.407130178798,327.232639540155
6.51,100,0,3656.16519954591,73.1279764449141,3,0.999482183336148,0.999482183336148,327.332344663974,327.16284652129
6.52,100,0,3658.2386835386,73.1816756723801,3,0.999497303258796,0.999497303258796,327.257724732132,327.093213340376
6.53,100,0,3660.31072412057,73.2353523554355,3,0.999512413881117,0.999512413881117,327.183230574316,327.023700572756
6.54,100,0,3662.38129520438,73.2890065115374,3,0.999527515903158,0.999527515903158,327.108836566862,326.954282843648
6.55,100,0,3664.45038048475,73.3426381542342,3,0.999542609777271,0.999542609777271,327.034526202022,326.884943807242
6.56,100,0,3666.51796995284,73.3962472945581,3,0.999557695796414,0.999557695796414,326.960288833245,326.815672923088
6.57,100,0,3668.58405765452,73.44983394192,3,0.999572774150927,0.999572774150927,326.886117584469,326.746463385334
6.58,100,0,3670.64864024784,73.5033981046862,3,0.999587844965045,0.999587844965045,326.81200800643,326.677310791846
6.59,100,0,3672.71171607433,73.5569397905489,3,0.999602908320403,0.999602908320403,326.73795721262,326.608212288402
6.6,100,0,3674.77328456077,73.6104590067656,3,0.999617964271159,0.999617964271159,326.663963323411,326.539166018097
6.61,100,0,3676.83334583372,73.6639557603123,3,0.999633012853751,0.999633012853751,326.590025108238,326.47017076693
6.62,100,0,3678.89190047085,73.7174300579837,3,0.999648054093173,0.999648054093173,326.516141755161,326.401225735557
6.63,100,0,3680.94894934069,73.7708819064566,3,0.999663088007028,0.999663088007028,326.442312722383,326.332330392214
6.64,100,0,3683.00449349905,73.8243113123313,3,0.999678114608143,0.999678114608143,326.368537642533,326.263484377904
6.65,100,0,3685.05853412219,73.8777182821585,3,0.999693133906253,0.999693133906253,326.294816260924,326.194687445248
6.66,100,0,3687.11107246369,73.9311028224565,3,0.999708145909098,0.999708145909098,326.22114839571,326.125939419012
6.67,100,0,3689.16210982648,73.9844649397224,3,0.999723150623116,0.999723150623116,326.147533912163,326.057240170627
6.68,100,0,3691.21164754482,74.0378046404388,3,0.999738148053911,0.999738148053911,326.07397270606,325.988589601738
6.69,100,0,3693.25968697259,74.0911219310795,3,0.999753138206535,0.999753138206535,326.00046469294,325.919987633555
6.7,100,0,3695.3062294758,74.1444168181114,3,0.999768121085689,0.999768121085689,325.92700980116,325.851434199982
6.71,100,0,3697.35127642761,74.1976893079971,3,0.99978309669584,0.99978309669584,325.853607967402,325.782929243161
6.72,100,0,3699.39482920522,74.2509394071963,3,0.999798065041301,0.999798065041301,325.780259133769,325.714472710596
6.73,100,0,3701.43688918777,74.3041671221659,3,0.999813026126288,0.999813026126288,325.706963245897,325.646064553284
6.74,100,0,3703.47745775506,74.3573724593615,3,0.999827979954948,0.999827979954948,325.633720251739,325.577704724511
6.75,100,0,3705.51653628665,74.4105554252368,3,0.999842926531383,0.999842926531383,325.560530100771,325.509393179063
6.76,100,0,3707.5541261613,74.4637160262446,3,0.999857865859664,0.999857865859664,325.487392743481,325.441129872724
6.77,100,0,3709.59022875664,74.5168542688365,3,0.999872797943843,0.999872797943843,325.414308131035,325.372914761938
6.78,100,0,3711.62484544889,74.569970159463,3,0.999887722787951,0.999887722787951,325.34127621506,325.304747803602
6.79,100,0,3713.65797761275,74.623063704574,3,0.999902640396012,0.999902640396012,325.268296947506,325.236628954925
6.8,100,0,3715.68962662129,74.6761349106182,3,0.999917550772038,0.999917550772038,325.195370280553,325.168558173337
6.81,100,0,3717.71979384586,74.7291837840438,3,0.999932453920035,0.999932453920035,325.122496166553,325.100535416428
6.82,100,0,3719.74848065611,74.7822103312978,3,0.999947349844001,0.999947349844001,325.049674557989,325.032560641916
6.83,100,0,3721.7756884199,74.8352145588267,3,0.999962238547929,0.999962238547929,324.976905407452,324.964633807614
6.84,100,0,3723.80141850334,74.8881964730761,3,0.999977120035805,0.999977120035805,324.904188667624,324.89675487142
6.85,100,0,3725.82567227075,74.9411560804908,3,0.999991994311612,0.999991994311612,324.831524291266,324.828923791304
6.86,100,0,3727.84845108467,74.9940933875149,3,1.00000686137933,1.00000686137933,324.758912231213,324.7611405253
6.87,100,0,3729.86975630583,75.0470084005916,3,1.00002172124292,1.00002172124292,324.686352440368,324.693405031503
6.88,100,0,3731.88958929321,75.0999011261634,3,1.00003657390637,1.00003657390637,324.613844871698,324.625717268066
6.89,100,0,3733.90795140397,75.1527715706721,3,1.00005141937362,1.00005141937362,324.541389478235,324.558077193197
6.9,100,0,3735.9248439935,75.2056197405587,3,1.00006625764865,1.00006625764865,324.468986213074,324.49048476516
6.91,100,0,3737.94026841541,75.2584456422634,3,1.0000810887354,1.0000810887354,324.396635029366,324.422939942268
6.92,100,0,3739.95422602154,75.3112492822256,3,1.00009591263782,1.00009591263782,324.324335880327,324.355442682891
6.93,100,0,3741.96671816194,75.3640306668842,3,1.00011072935986,1.00011072935986,324.252088719232,324.287992945449
6.94,100,0,3743.97774618488,75.416789802677,3,1.00012553890546,1.00012553890546,324.179893499414,324.220590688416
6.95,100,0,3745.98731143689,75.4695266960414,3,1.00014034127855,1.00014034127855,324.107750174264,324.153235870313
6.96,100,0,3747.9954152627,75.5222413534138,3,1.00015513648307,1.00015513648307,324.035658697238,324.085928449718
6.97,100,0,3750.00205900531,75.5749337812299,3,1.00016992452295,1.00016992452295,323.963619021845,324.018668385259
6.98,100,0,3752.00724400594,75.6276039859249,3,1.00018470540209,1.00018470540209,323.891631101653,323.951455635611
6.99,100,0,3754.01097160406,75.6802519739331,3,1.00019947912444,1.00019947912444,323.819694890292,323.884290159504
7,100,0,3756.01324313738,75.7328777516879,3,1.00021424569389,1.00021424569389,323.747810341448,323.817171915719
7.01,100,0,3758.01405994187,75.7854813256223,3,1.00022900511435,1.00022900511435,323.675977408866,323.750100863086
7.02,100,0,3760.01342335176,75.8380627021684,3,1.00024375738974,1.00024375738974,323.60419604635,323.683076960488
7.03,100,0,3762.01133469951,75.8906218877577,3,1.00025850252395,1.00025850252395,323.53246620776,323.616100166856
7.04,100,0,3764.00779531587,75.9431588888208,3,1.00027324052088,1.00027324052088,323.460787847016,323.549170441173
7.05,100,0,3766.00280652984,75.9956737117877,3,1.00028797138443,1.00028797138443,323.389160918094,323.482287742472
7.06,100,0,3767.99636966868,76.0481663630877,3,1.00030269511847,1.00030269511847,323.31758537503,323.415452029837
7.07,100,0,3769.98848605795,76.1006368491495,3,1.00031741172689,1.00031741172689,323.246061171917,323.348663262402
7.08,100,0,3771.97915702144,76.1530851764008,3,1.00033212121357,1.00033212121357,323.174588262903,323.281921399352
7.09,100,0,3773.96838388125,76.2055113512689,3,1.00034682358238,1.00034682358238,323.103166602198,323.215226399919
7.1,100,0,3775.95616795775,76.2579153801802,3,1.00036151883721,1.00036151883721,323.031796144066,323.148578223389
7.11,100,0,3777.94251056959,76.3102972695606,3,1.0003762069819,1.0003762069819,322.960476842829,323.081976829095
7.12,100,0,3779.92741303372,76.3626570258352,3,1.00039088802032,1.00039088802032,322.889208652867,323.015422176421
7.13,100,0,3781.91087666535,76.4149946554284,3,1.00040556195634,1.00040556195634,322.817991528615,322.9489142248
7.14,100,0,3783.89290277802,76.4673101647639,3,1.00042022879379,1.00042022879379,322.746825424568,322.882452933718
7.15,100,0,3785.87349268354,76.5196035602648,3,1.00043488853654,1.00043488853654,322.675710295276,322.816038262705
7.16,100,0,3787.85264769202,76.5718748483534,3,1.00044954118843,1.00044954118843,322.604646095346,322.749670171344
7.17,100,0,3789.8303691119,76.6241240354516,3,1.00046418675329,1.00046418675329,322.533632779441,322.683348619267
7.18,100,0,3791.80665824989,76.6763511279802,3,1.00047882523496,1.00047882523496,322.462670302281,322.617073566156
7.19,100,0,3793.78151641103,76.7285561323597,3,1.00049345663728,1.00049345663728,322.391758618643,322.550844971739
7.2,100,0,3795.75494489867,76.7807390550098,3,1.00050808096407,1.00050808096407,322.320897683361,322.484662795797
7.21,100,0,3797.72694501447,76.8328999023495,3,1.00052269821916,1.00052269821916,322.250087451323,322.418526998157
7.22,100,0,3799.69751805841,76.8850386807972,3,1.00053730840636,1.00053730840636,322.179327877474,322.352437538697
7.23,100,0,3801.66666532879,76.9371553967706,3,1.00055191152948,1.00055191152948,322.108618916816,322.286394377343
7.24,100,0,3803.63438812224,76.9892500566868,3,1.00056650759235,1.00056650759235,322.037960524406,322.220397474069
7.25,100,0,3805.60068773372,77.0413226669621,3,1.00058109659877,1.00058109659877,321.967352655358,322.1544467889
7.26,100,0,3807.56556545651,77.0933732340124,3,1.00059567855253,1.00059567855253,321.89679526484,322.088542281908
7.27,100,0,3809.52902258223,77.1454017642528,3,1.00061025345744,1.00061025345744,321.826288308076,322.022683913212
7.28,100,0,3811.49106040084,77.1974082640977,3,1.0006248213173,1.0006248213173,321.755831740347,321.956871642983
7.29,100,0,3813.45168020063,77.249392739961,3,1.00063938213588,1.00063938213588,321.685425516987,321.891105431437
7.3,100,0,3815.41088326825,77.3013551982558,3,1.00065393591699,1.00065393591699,321.615069593389,321.82538523884
7.31,100,0,3817.36867088868,77.3532956453948,3,1.00066848266439,1.00066848266439,321.544763924997,321.759711025505
7.32,100,0,3819.32504434526,77.4052140877899,3,1.00068302238187,1.00068302238187,321.474508467314,321.694082751796
7.33,100,0,3821.28000491969,77.4571105318522,3,1.0006975550732,1.0006975550732,321.404303175895,321.628500378122
7.34,100,0,3823.23355389199,77.5089849839926,3,1.00071208074214,1.00071208074214,321.33414800635,321.562963864939
7.35,100,0,3825.18569254058,77.5608374506211,3,1.00072659939248,1.00072659939248,321.264042914347,321.497473172754
7.36,100,0,3827.13642214223,77.6126679381471,3,1.00074111102796,1.00074111102796,321.193987855607,321.432028262121
7.37,100,0,3829.08574397206,77.6644764529794,3,1.00075561565235,1.00075561565235,321.123982785903,321.36662909364
7.38,100,0,3831.03365930357,77.7162630015261,3,1.00077011326939,1.00077011326939,321.054027661067,321.30127562796
7.39,100,0,3832.98016940864,77.7680275901949,3,1.00078460388284,1.00078460388284,320.984122436983,321.235967825776
7.4,100,0,3834.92527555749,77.8197702253928,3,1.00079908749644,1.00079908749644,320.914267069589,321.170705647833
7.41,100,0,3836.86897901876,77.871490913526,3,1.00081356411393,1.00081356411393,320.844461514878,321.10548905492
7.42,100,0,3838.81128105944,77.9231896610004,3,1.00082803373906,1.00082803373906,320.774705728898,321.040318007878
7.43,100,0,3840.75218294491,77.974866474221,3,1.00084249637554,1.00084249637554,320.704999667751,320.975192467589
7.44,100,0,3842.69168593894,78.0265213595924,3,1.00085695202712,1.00085695202712,320.63534328759,320.910112394987
7.45,100,0,3844.6297913037,78.0781543235186,3,1.00087140069751,1.00087140069751,320.565736544625,320.845077751049
7.46,100,0,3846.56650029972,78.1297653724029,3,1.00088584239045,1.00088584239045,320.49617939512,320.780088496804
7.47,100,0,3848.50181418595,78.1813545126481,3,1.00090027710963,1.00090027710963,320.42667179539,320.715144593324
7.48,100,0,3850.43573421973,78.2329217506563,3,1.00091470485879,1.00091470485879,320.357213701807,320.650246001729
7.49,100,0,3852.36826165681,78.2844670928291,3,1.00092912564163,1.00092912564163,320.287805070792,320.585392683183
7.5,100,0,3854.29939775133,78.3359905455675,3,1.00094353946184,1.00094353946184,320.218445858824,320.520584598902
7.51,100,0,3856.22914375584,78.3874921152719,3,1.00095794632314,1.00095794632314,320.149136022433,320.455821710143
7.52,100,0,3858.15750092129,78.4389718083421,3,1.00097234622923,1.00097234622923,320.079875518202,320.391103978213
7.53,100,0,3860.08447049708,78.4904296311775,3,1.00098673918378,1.00098673918378,320.010664302768,320.326431364465
7.54,100,0,3862.0110855109,78.5418651525749,3,1.00100055004939,1.00100055004939,319.925389443758,320.245490807967
7.55,100,0,3863.98301361079,78.5932588180185,3,1.00100715931011,1.00100715931011,319.691920782439,320.013901476823
7.56,100,0,3866.0100682498,78.6446058574615,3,1.0010130784253,1.0010130784253,319.526397963702,319.850103263793
7.57,100,0,3868.06792268242,78.6959161521474,3,1.00101860341977,1.00101860341977,319.399544526812,319.724885995141
7.58,100,0,3870.14273098216,78.747195329377,3,1.00102390273494,1.00102390273494,319.294737286805,319.621664041565
7.59,100,0,3872.22660344935,78.7984465990908,3,1.0010290723235,1.0010290723235,319.202521680262,319.531004160915
7.6,100,0,3874.31504022938,78.849671795514,3,1.00103416689606,1.00103416689606,319.117513598966,319.447534367482
7.61,100,0,3876.40547288701,78.900871969069,3,1.00103921767351,1.00103921767351,319.036643845167,319.368192363948
7.62,100,0,3878.49643447254,78.9520477231942,3,1.00104424248593,1.00104424248593,318.958161305041,319.291230968309
7.63,100,0,3880.58708672983,79.003199406213,3,1.00104925152349,1.00104925152349,318.881066097278,319.215652541691
7.64,100,0,3882.6769505146,79.0543272207312,3,1.00105425061425,1.00105425061425,318.804786862963,319.140887005339
7.65,100,0,3884.76575195718,79.1054312860626,3,1.00105924309389,1.00105924309389,318.72899687278,319.066608361539
7.66,100,0,3886.85333460871,79.1565116738783,3,1.00106423087298,1.00106423087298,318.653509150854,318.992630053075
7.67,100,0,3888.93960923352,79.2075684285784,3,1.00106921504671,1.00106921504671,318.578216616998,318.91884523976
7.68,100,0,3891.0245250956,79.2586015789431,3,1.00107419624342,1.00107419624342,318.503057898273,318.845192686584
7.69,100,0,3893.10805352636,79.3096111447993,3,1.00107917482394,1.00107917482394,318.427997788122,318.771637266573
7.7,100,0,3895.19017851424,79.3605971408388,3,1.00108415099576,1.00108415099576,318.353016069827,318.698158809202
7.71,100,0,3897.27089131194,79.4115595788062,3,1.00108912487837,1.00108912487837,318.278101119628,318.624745717798
7.72,100,0,3899.35018734399,79.4624984687533,3,1.00109409654077,1.00109409654077,318.203246243012,318.551391313987
7.73,100,0,3901.42806443219,79.5134138197591,3,1.00109906602291,1.00109906602291,318.128447574966,318.478091742616
7.74,100,0,3903.50452177664,79.5643056403433,3,1.00110403334809,1.00110403334809,318.053702875756,318.404844770213
7.75,100,0,3905.57955937022,79.6151739387035,3,1.00110899852999,1.00110899852999,317.979010839852,318.33164909544
7.76,100,0,3907.65317766198,79.6660187228519,3,1.00111396157677,1.00111396157677,317.904370699056,318.258503953103
7.77,100,0,3909.72537736341,79.7168400006941,3,1.00111892249343,1.00111892249343,317.829781994447,318.185408886603
7.78,100,0,3911.79615933693,79.7676377800738,3,1.00112388128311,1.00112388128311,317.755244445233,318.112363617075
7.79,100,0,3913.86552453168,79.8184120687995,3,1.0011288379479,1.0011288379479,317.680757873295,318.039367968101
7.8,100,0,3915.93347394642,79.8691628746589,3,1.00113379248928,1.00113379248928,317.606322159739,317.966421822352
7.81,100,0,3918.00000860821,79.919890205428,3,1.00113874490838,1.00113874490838,317.531937219862,317.89352509662
7.82,100,0,3920.06512956007,79.970594068876,3,1.00114369520613,1.00114369520613,317.457602988711,317.820677727398
7.83,100,0,3922.12883785384,80.0212744727681,3,1.00114864338332,1.00114864338332,317.383319412768,317.747879662588
7.84,100,0,3924.19113454608,80.0719314248671,3,1.0011535894407,1.0011535894407,317.309086445138,317.675130856698
7.85,100,0,3926.25202069568,80.1225649329346,3,1.00115853337896,1.00115853337896,317.234904042769,317.602431268074
7.86,100,0,3928.31149736248,80.1731750047313,3,1.00116347519878,1.00116347519878,317.160772164847,317.529780857288
7.87,100,0,3930.36956560651,80.2237616480177,3,1.00116841490082,1.00116841490082,317.086690771874,317.457179586225
7.88,100,0,3932.42622648745,80.2743248705539,3,1.00117335248574,1.00117335248574,317.012659825123,317.384627417539
7.89,100,0,3934.48148106444,80.3248646800998,3,1.00117828795418,1.00117828795418,316.938679286331,317.312124314346
7.9,100,0,3936.5353303959,80.3753810844151,3,1.00118322130678,1.00118322130678,316.864749117516,317.23967024004
7.91,100,0,3938.58777553941,80.4258740912598,3,1.0011881525442,1.0011881525442,316.790869280878,317.167265158194
7.92,100,0,3940.6388175517,80.4763437083936,3,1.00119308166708,1.00119308166708,316.717039738729,317.094909032491
7.93,100,0,3942.68845748862,80.5267899435762,3,1.00119800867605,1.00119800867605,316.643260453464,317.0226018267
7.94,100,0,3944.73669640507,80.5772128045673,3,1.00120293357176,1.00120293357176,316.569531387542,316.950343504646
7.95,100,0,3946.78353535507,80.6276122991266,3,1.00120785635486,1.00120785635486,316.495852503468,316.878134030202
7.96,100,0,3948.8289753917,80.6779884350138,3,1.00121277702599,1.00121277702599,316.422223763791,316.805973367284
7.97,100,0,3950.87301756709,80.7283412199886,3,1.00121769558578,1.00121769558578,316.348645131098,316.733861479841
7.98,100,0,3952.91566293248,80.7786706618105,3,1.00122261203487,1.00122261203487,316.27511656801,316.661798331857
7.99,100,0,3954.95691253815,80.8289767682393,3,1.00122752637392,1.00122752637392,316.201638037187,316.589783887354
8,100,0,3956.99676743346,80.8792595470345,3,1.00123243860355,1.00123243860355,316.128209501316,316.517818110378
8.01,100,0,3959.03522866685,80.9295190059558,3,1.00123734872442,1.00123734872442,316.054830923124,316.445900965014
8.02,100,0,3961.07229728583,80.9797551527626,3,1.00124225673716,1.00124225673716,315.981502265367,316.374032415373
8.03,100,0,3963.10797433697,81.0299679952144,3,1.0012471626424,1.0012471626424,315.908223490834,316.3022124256
8.04,100,0,3965.14226086593,81.080157541071,3,1.0012520664408,1.0012520664408,315.834994562345,316.230440959868
8.05,100,0,3967.17515791744,81.1303237980916,3,1.001256968133,1.001256968133,315.761815442755,316.158717982384
8.06,100,0,3969.20666653531,81.1804667740357,3,1.00126186771962,1.00126186771962,315.688686094953,316.087043457385
8.07,100,0,3971.23678776243,81.2305864766629,3,1.00126676520131,1.00126676520131,315.615606481855,316.015417349138
8.08,100,0,3973.26552264076,81.2806829137323,3,1.00127166057872,1.00127166057872,315.542576566412,315.943839621939
8.09,100,0,3975.29287221133,81.3307560930035,3,1.00127655385248,1.00127655385248,315.469596311607,315.872310240117
8.1,100,0,3977.31883751429,81.3808060222357,3,1.00128144502322,1.00128144502322,315.396665680456,315.800829168033
8.11,100,0,3979.34341958883,81.4308327091882,3,1.0012863340916,1.0012863340916,315.323784636005,315.729396370074
8.12,100,0,3981.36661947325,81.4808361616202,3,1.00129122105824,1.00129122105824,315.250953141335,315.658011810662
8.13,100,0,3983.38843820492,81.530816387291,3,1.00129610592379,1.00129610592379,315.178171159556,315.586675454246
8.14,100,0,3985.4088768203,81.5807733939597,3,1.00130098868889,1.00130098868889,315.105438653812,315.515387265309
8.15,100,0,3987.42793635494,81.6307071893853,3,1.00130586935417,1.00130586935417,315.032755587278,315.444147208361
8.16,100,0,3989.44561784347,81.6806177813271,3,1.00131074792028,1.00131074792028,314.960121923162,315.372955247944
8.17,100,0,3991.46192231961,81.7305051775439,3,1.00131562438784,1.00131562438784,314.887537624702,315.301811348629
8.18,100,0,3993.47685081618,81.7803693857947,3,1.00132049875751,1.00132049875751,314.815002655168,315.23071547502
8.19,100,0,3995.49040436507,81.8302104138386,3,1.00132537102991,1.00132537102991,314.742516977865,315.15966759175
8.2,100,0,3997.50258399728,81.8800282694342,3,1.00133024120569,1.00133024120569,314.670080556126,315.088667663481
8.21,100,0,3999.5133907429,81.9298229603405,3,1.00133510928549,1.00133510928549,314.597693353319,315.017715654907
8.22,100,0,4001.52339335095,81.979594523427,3,1.00133996871186,1.00133996871186,314.525967743127,314.94742269897
8.23,100,0,4003.53356283455,82.0293432191798,3,1.00134480840751,1.00134480840751,314.455937534518,314.878820523106
8.24,100,0,4005.54332612812,82.0790693076661,3,1.00134963517956,1.00134963517956,314.386966451798,314.811274161716
8.25,100,0,4007.55231268499,82.1287729463106,3,1.0013544534238,1.0013544534238,314.318643961888,314.744373925365
8.26,100,0,4009.56030216612,82.1784542315859,3,1.00135926575787,1.00135926575787,314.250725796453,314.677876047413
8.27,100,0,4011.567163629,82.22811322369,3,1.00136407374155,1.00136407374155,314.183066523564,314.611635394649
8.28,100,0,4013.57281936707,82.2777499612204,3,1.00136887830493,1.00136887830493,314.115579500315,314.545565502334
8.29,100,0,4015.57722339434,82.3273644699043,3,1.00137368000302,1.00137368000302,314.048213072952,314.479614823234
8.3,100,0,4017.58034863633,82.3769567677961,3,1.00137847916729,1.00137847916729,313.980936424225,314.413752604013
8.31,100,0,4019.58217929984,82.4265268683739,3,1.00138327599596,1.00138327599596,313.913731152522,314.347960481626
8.32,100,0,4021.58270632495,82.476074782384,3,1.00138807060768,1.00138807060768,313.846586258485,314.28222748019
8.33,100,0,4023.58192467278,82.5256005189421,3,1.00139286307364,1.00139286307364,313.779495158559,314.216547030632
8.34,100,0,4025.57983170699,82.5751040861895,3,1.00139765343669,1.00139765343669,313.712453904937,314.150915194268
8.35,100,0,4027.57642622739,82.6245854916854,3,1.00140244172269,1.00140244172269,313.645460123969,314.08532960338
8.36,100,0,4029.57170789269,82.6740447426408,3,1.0014072279474,1.0014072279474,313.578512382687,314.019788829015
8.37,100,0,4031.56567687539,82.723481846059,3,1.00141201212049,1.00141201212049,313.511609810574,313.95429200354
8.38,100,0,4033.5583336554,82.7728968088186,3,1.00141679424801,1.00141679424801,313.444751873607,313.888838595131
8.39,100,0,4035.54967889654,82.8222896377243,3,1.00142157433384,1.00142157433384,313.377938239203,313.823428272994
8.4,100,0,4037.53971337259,82.8716603395365,3,1.00142635238054,1.00142635238054,313.311168695423,313.758060826741
8.41,100,0,4039.52843792297,82.9210089209895,3,1.0014311283899,1.0014311283899,313.244443102649,313.692736118152
8.42,100,0,4041.51585342619,82.9703353888018,3,1.00143590236324,1.00143590236324,313.17776136463,313.627454052288
8.43,100,0,4043.50196078395,83.0196397496833,3,1.0014406743016,1.0014406743016,313.111123411143,313.562214560186
8.44,100,0,4045.48676091152,83.0689220103385,3,1.00144544420584,1.00144544420584,313.044529187601,313.497017588483
8.45,100,0,4047.47025473207,83.1181821774693,3,1.00145021207672,1.00145021207672,312.977978648816,313.4318630932
8.46,100,0,4049.45244317318,83.1674202577758,3,1.00145497791495,1.00145497791495,312.911471755263,313.366751036002
8.47,100,0,4051.43332716477,83.2166362579581,3,1.00145974172121,1.00145974172121,312.845008470827,313.301681381963
8.48,100,0,4053.4129076379,83.2658301847159,3,1.00146450349612,1.00146450349612,312.778588761457,313.236654098209
8.49,100,0,4055.39118552393,83.3150020447491,3,1.00146926324032,1.00146926324032,312.712212594354,313.17166915312
8.5,100,0,4057.36816175416,83.3641518447582,3,1.00147402095444,1.00147402095444,312.645879937485,313.106726515833
8.51,100,0,4059.34383725951,83.413279591444,3,1.0014787766391,1.0014787766391,312.579590759285,313.041826155958
8.52,100,0,4061.31821297039,83.4623852915082,3,1.0014835302949,1.0014835302949,312.513345028485,312.976968043395
8.53,100,0,4063.29128981654,83.5114689516529,3,1.00148828192246,1.00148828192246,312.447142714003,312.912152148228
8.54,100,0,4065.26306872705,83.5605305785808,3,1.00149303152239,1.00149303152239,312.380983784879,312.847378440665
8.55,100,0,4067.23355063026,83.6095701789956,3,1.00149777909531,1.00149777909531,312.314868210238,312.782646890996
8.56,100,0,4069.20273645378,83.6585877596013,3,1.00150252464181,1.00150252464181,312.248795959266,312.717957469572
8.57,100,0,4071.17062712447,83.7075833271027,3,1.00150726816253,1.00150726816253,312.182767001198,312.653310146788
8.58,100,0,4073.13722356841,83.7565568882054,3,1.00151200965805,1.00151200965805,312.116781305303,312.588704893076
8.59,100,0,4075.10252671092,83.8055084496155,3,1.001516749129,1.001516749129,312.050838840887,312.524141678901
8.6,100,0,4077.06653747655,83.8544380180399,3,1.00152148657598,1.00152148657598,311.984939577283,312.459620474756
8.61,100,0,4079.02925678909,83.9033456001861,3,1.0015262219996,1.0015262219996,311.919083483854,312.395141251161
8.62,100,0,4080.99068557154,83.9522312027624,3,1.00153095540046,1.00153095540046,311.853270529989,312.33070397866
8.63,100,0,4082.95082474614,84.0010948324775,3,1.00153568677919,1.00153568677919,311.787500685104,312.266308627824
8.64,100,0,4084.90967523435,84.0499364960411,3,1.00154041613639,1.00154041613639,311.721773918641,312.201955169249
8.65,100,0,4086.86723795689,84.0987562001633,3,1.00154514347266,1.00154514347266,311.656090200064,312.137643573552
8.66,100,0,4088.82351383368,84.147553951555,3,1.00154986878862,1.00154986878862,311.590449498869,312.073373811379
8.67,100,0,4090.77850378388,84.1963297569277,3,1.00155459208487,1.00155459208487,311.52485178457,312.009145853394
8.68,100,0,4092.73220872588,84.2450836229937,3,1.00155931336202,1.00155931336202,311.459297026712,311.94495967029
8.69,100,0,4094.68462957733,84.2938155564657,3,1.00156403262068,1.00156403262068,311.393785194859,311.88081523278
8.7,100,0,4096.63576725508,84.3425255640573,3,1.00156874986145,1.00156874986145,311.328316258606,311.816712511604
8.71,100,0,4098.58562267523,84.3912136524827,3,1.00157346508496,1.00157346508496,311.262890187569,311.752651477522
8.72,100,0,4100.53419675312,84.4398798284565,3,1.00157817829179,1.00157817829179,311.19750695139,311.688632101321
8.73,100,0,4102.48149040332,84.4885240986945,3,1.00158288948257,1.00158288948257,311.132166519737,311.624654353811
8.74,100,0,4104.42750453964,84.5371464699125,3,1.0015875986579,1.0015875986579,311.066868862301,311.560718205823
8.75,100,0,4106.37224007513,84.5857469488274,3,1.00159230581838,1.00159230581838,311.001613948798,311.496823628214
8.76,100,0,4108.31569792207,84.6343255421565,3,1.00159701096462,1.00159701096462,310.936401748971,311.432970591864
8.77,100,0,4110.25787899201,84.682882256618,3,1.00160171409724,1.00160171409724,310.871232232585,311.369159067676
8.78,100,0,4112.1987841957,84.7314170989305,3,1.00160641521683,1.00160641521683,310.80610536943,311.305389026578
8.79,100,0,4114.13841444316,84.7799300758132,3,1.001611114324,1.001611114324,310.741021129324,311.241660439521
8.8,100,0,4116.07677064365,84.8284211939863,3,1.00161581141937,1.00161581141937,310.675979482104,311.177973277476
8.81,100,0,4118.01385370567,84.8768904601701,3,1.00162050650353,1.00162050650353,310.610980397638,311.114327511442
8.82,100,0,4119.94966453695,84.925337881086,3,1.0016251995771,1.0016251995771,310.546023845814,311.050723112439
8.83,100,0,4121.88420404448,84.9737634634558,3,1.00162989064068,1.00162989064068,310.481109796546,310.987160051512
8.84,100,0,4123.81747313451,85.0221672140019,3,1.00163457969488,1.00163457969488,310.416238219773,310.923638299728
8.85,100,0,4125.74947271251,85.0705491394475,3,1.0016392667403,1.0016392667403,310.351409085458,310.860157828178
8.86,100,0,4127.68020368321,85.1189092465162,3,1.00164395177755,1.00164395177755,310.286622363588,310.796718607973
8.87,100,0,4129.60966695059,85.1672475419324,3,1.00164863480724,1.00164863480724,310.221878024177,310.733320610254
8.88,100,0,4131.53786341789,85.2155640324211,3,1.00165331582996,1.00165331582996,310.157176037261,310.66996380618
8.89,100,0,4133.46479398757,85.2638587247078,3,1.00165799484634,1.00165799484634,310.092516372901,310.606648166935
8.9,100,0,4135.39045956136,85.3121316255186,3,1.00166267185697,1.00166267185697,310.027899001181,310.543373663724
8.91,100,0,4137.31486104025,85.3603827415804,3,1.00166734686245,1.00166734686245,309.963323892214,310.48014026778
8.92,100,0,4139.23799932448,85.4086120796206,3,1.0016720198634,1.0016720198634,309.898791016131,310.416947950354
8.93,100,0,4141.15987531352,85.4568196463672,3,1.00167669086042,1.00167669086042,309.834300343092,310.353796682722
8.94,100,0,4143.08048990612,85.5050054485488,3,1.00168135985411,1.00168135985411,309.769851843281,310.290686436185
8.95,100,0,4144.99984400028,85.5531694928946,3,1.00168602684509,1.00168602684509,309.705445486903,310.227617182063
8.96,100,0,4146.91793849325,85.6013117861345,3,1.00169069183394,1.00169069183394,309.641081244192,310.164588891705
8.97,100,0,4148.83477428154,85.6494323349987,3,1.00169535482129,1.00169535482129,309.576759085401,310.101601536477
8.98,100,0,4150.75035226091,85.6975311462185,3,1.00170001580773,1.00170001580773,309.512478980812,310.03865508777
8.99,100,0,4152.6646733264,85.7456082265253,3,1.00170467479387,1.00170467479387,309.448240900728,309.975749517001
9,100,0,4154.57773837229,85.7936635826513,3,1.00170933178032,1.00170933178032,309.384044815477,309.912884795604
9.01,100,0,4156.48954829212,85.8416972213294,3,1.00171398676767,1.00171398676767,309.319890695414,309.850060895043
9.02,100,0,4158.4001039787,85.889709149293,3,1.00171863975654,1.00171863975654,309.255778510911,309.787277786798
9.03,100,0,4160.30940632409,85.9376993732759,3,1.00172329074752,1.00172329074752,309.191708232372,309.724535442378
9.04,100,0,4162.21745621963,85.9856679000127,3,1.00172793974122,1.00172793974122,309.127679830221,309.66183383331
9.05,100,0,4164.12425455591,86.0336147362386,3,1.00173258673824,1.00173258673824,309.063693274906,309.599172931147
9.06,100,0,4166.02980222279,86.0815398886892,3,1.0017372317392,1.0017372317392,308.9997485369,309.536552707462
9.07,100,0,4167.93410010938,86.1294433641009,3,1.00174187474469,1.00174187474469,308.9358455867,309.473973133856
9.08,100,0,4169.83714910408,86.1773251692104,3,1.00174651575531,1.00174651575531,308.871984394826,309.411434181945
9.09,100,0,4171.73895009454,86.2251853107553,3,1.00175115477167,1.00175115477167,308.808164931822,309.348935823373
9.1,100,0,4173.63950396768,86.2730237954735,3,1.00175579179438,1.00175579179438,308.744387168257,309.286478029806
9.11,100,0,4175.53881160969,86.3208406301036,3,1.00176042682403,1.00176042682403,308.680651074724,309.224060772934
9.12,100,0,4177.43687390603,86.3686358213847,3,1.00176505986123,1.00176505986123,308.616956621838,309.161684024466
9.13,100,0,4179.33369174142,86.4164093760565,3,1.00176969090658,1.00176969090658,308.55330378024,309.099347756136
9.14,100,0,4181.22926599986,86.4641613008593,3,1.00177431996069,1.00177431996069,308.489692520593,309.037051939701
9.15,100,0,4183.12359756463,86.511891602534,3,1.00177894702416,1.00177894702416,308.426122813585,308.974796546939
9.16,100,0,4185.01668731826,86.5596002878218,3,1.00178357209759,1.00178357209759,308.362594629928,308.912581549651
9.17,100,0,4186.90853614257,86.6072873634646,3,1.00178819518159,1.00178819518159,308.299107940355,308.850406919662
9.18,100,0,4188.79914491864,86.6549528362052,3,1.00179281627675,1.00179281627675,308.235662715626,308.788272628817
9.19,100,0,4190.68851452684,86.7025967127863,3,1.00179743538368,1.00179743538368,308.172258926524,308.726178648987
9.2,100,0,4192.5766458468,86.7502189999517,3,1.00180205250298,1.00180205250298,308.108896543854,308.664124952062
9.21,100,0,4194.46353975743,86.7978197044454,3,1.00180666763526,1.00180666763526,308.045575538446,308.602111509956
9.22,100,0,4196.34919713693,86.8453988330121,3,1.00181128078111,1.00181128078111,307.982295881154,308.540138294607
9.23,100,0,4198.23361886276,86.8929563923971,3,1.00181589194114,1.00181589194114,307.919057542855,308.478205277972
9.24,100,0,4200.11680581166,86.9404923893461,3,1.00182050111596,1.00182050111596,307.855860494448,308.416312432032
9.25,100,0,4201.99875885966,86.9880068306055,3,1.00182510830615,1.00182510830615,307.792704706859,308.354459728792
9.26,100,0,4203.87947888206,87.035499722922,3,1.00182971351233,1.00182971351233,307.729590151034,308.292647140277
9.27,100,0,4205.75896675345,87.082971073043,3,1.00183431673509,1.00183431673509,307.666516797945,308.230874638536
9.28,100,0,4207.63722334769,87.1304208877164,3,1.00183891797505,1.00183891797505,307.603484618585,308.169142195637
9.29,100,0,4209.51424953792,87.1778491736907,3,1.00184351723279,1.00184351723279,307.540493583973,308.107449783675
9.3,100,0,4211.39004619658,87.2252559377147,3,1.00184811450892,1.00184811450892,307.477543665151,308.045797374765
9.31,100,0,4213.26461419539,87.2726411865381,3,1.00185270980404,1.00185270980404,307.414634833184,307.984184941044
9.32,100,0,4215.13795440533,87.3200049269107,3,1.00185730311875,1.00185730311875,307.351767059157,307.922612454671
9.33,100,0,4217.01006769669,87.3673471655832,3,1.00186189445366,1.00186189445366,307.288940314184,307.861079887827
9.34,100,0,4218.88095493905,87.4146679093065,3,1.00186648380937,1.00186648380937,307.226154569399,307.799587212717
9.35,100,0,4220.75061700125,87.4619671648322,3,1.00187107118647,1.00187107118647,307.163409795961,307.738134401567
9.36,100,0,4222.61905475144,87.5092449389124,3,1.00187565658556,1.00187565658556,307.10070596505,307.676721426624
9.37,100,0,4224.48626905705,87.5565012382997,3,1.00188024000725,1.00188024000725,307.038043047871,307.615348260158
9.38,100,0,4226.3522607848,87.6037360697472,3,1.00188482145214,1.00188482145214,306.975421015651,307.554014874463
9.39,100,0,4228.2170308007,87.6509494400085,3,1.00188940092083,1.00188940092083,306.912839839643,307.492721241851
9.4,100,0,4230.08057997005,87.6981413558376,3,1.00189397841392,1.00189397841392,306.850299491118,307.431467334659
9.41,100,0,4231.94290915744,87.7453118239892,3,1.00189855393201,1.00189855393201,306.787799941377,307.370253125247
9.42,100,0,4233.80401922676,87.7924608512185,3,1.00190312747569,1.00190312747569,306.725341161736,307.309078585992
9.43,100,0,4235.66391104117,87.839588444281,3,1.00190769904558,1.00190769904558,306.662923123542,307.247943689298
9.44,100,0,4237.52258546316,87.8866946099328,3,1.00191226864226,1.00191226864226,306.60054579816,307.186848407589
9.45,100,0,4239.38004335447,87.9337793549306,3,1.00191683626634,1.00191683626634,306.53820915698,307.125792713312
9.46,100,0,4241.23628557618,87.9808426860314,3,1.00192140191842,1.00192140191842,306.475913171415,307.064776578933
9.47,100,0,4243.09131298864,88.0278846099929,3,1.0019259655991,1.0019259655991,306.413657812899,307.003799976942
9.48,100,0,4244.94512645149,88.074905133573,3,1.00193052730898,1.00193052730898,306.351443052893,306.942862879852
9.49,100,0,4246.79772682369,88.1219042635305,3,1.00193508704866,1.00193508704866,306.289268862877,306.881965260196
9.5,100,0,4248.64911496348,88.1688820066242,3,1.00193964481873,1.00193964481873,306.227135214356,306.821107090529
9.51,100,0,4250.4992917284,88.2158383696137,3,1.0019442006198,1.0019442006198,306.165042078857,306.760288343427
9.52,100,0,4252.3482579753,88.2627733592591,3,1.00194875445246,1.00194875445246,306.102989427931,306.699508991491
9.53,100,0,4254.19601456033,88.3096869823208,3,1.00195330631732,1.00195330631732,306.040977233151,306.63876900734
9.54,100,0,4256.04256233892,88.3565792455598,3,1.00195785621498,1.00195785621498,305.979005466112,306.578068363616
9.55,100,0,4257.88790216583,88.4034501557374,3,1.00196240414602,1.00196240414602,305.917074098435,306.517407032984
9.56,100,0,4259.7320348951,88.4502997196157,3,1.00196695011106,1.00196695011106,305.855183101759,306.456784988129
9.57,100,0,4261.57496138009,88.497127943957,3,1.00197149411069,1.00197149411069,305.793332447749,306.396202201757
9.58,100,0,4263.41668247345,88.5439348355241,3,1.0019760361455,1.0019760361455,305.731522108093,306.335658646599
9.59,100,0,4265.25719902714,88.5907204010803,3,1.00198057621611,1.00198057621611,305.669752054501,306.275154295404
9.6,100,0,4267.09651189243,88.6374846473893,3,1.0019851143231,1.0019851143231,305.608022258704,306.214689120944
9.61,100,0,4268.9346219199,88.6842275812155,3,1.00198965046708,1.00198965046708,305.546332692459,306.154263096014
9.62,100,0,4270.77152995941,88.7309492093234,3,1.00199418464863,1.00199418464863,305.484683327543,306.093876193428
9.63,100,0,4272.60723686016,88.7776495384782,3,1.00199871686837,1.00199871686837,305.423074135757,306.033528386022
9.64,100,0,4274.44174347065,88.8243285754455,3,1.00200324712689,1.00200324712689,305.361505088923,305.973219646655
9.65,100,0,4276.27505063867,88.8709863269913,3,1.00200777542479,1.00200777542479,305.299976158888,305.912949948207
9.66,100,0,4278.10715921134,88.9176227998821,3,1.00201230176266,1.00201230176266,305.23848731752,305.852719263579
9.67,100,0,4279.93807003508,88.9642380008849,3,1.0020168261411,1.0020168261411,305.177038536708,305.792527565692
9.68,100,0,4281.76778395563,89.0108319367669,3,1.00202134856071,1.00202134856071,305.115629788368,305.732374827492
9.69,100,0,4283.59630181803,89.0574046142961,3,1.00202586902209,1.00202586902209,305.054261044435,305.672261021942
9.7,100,0,4285.42362446665,89.1039560402407,3,1.00203038752584,1.00203038752584,304.992932276865,305.61218612203
9.71,100,0,4287.24975274516,89.1504862213693,3,1.00203490407255,1.00203490407255,304.931643457642,305.552150100764
9.72,100,0,4289.07468749654,89.1969951644512,3,1.00203941866282,1.00203941866282,304.870394558767,305.492152931173
9.73,100,0,4290.8984295631,89.2434828762558,3,1.00204393129725,1.00204393129725,304.809185552266,305.432194586307
9.74,100,0,4292.72097978645,89.2899493635532,3,1.00204844197644,1.00204844197644,304.748016410188,305.372275039239
9.75,100,0,4294.54233900753,89.3363946331138,3,1.00205295070098,1.00205295070098,304.686887104601,305.312394263061
9.76,100,0,4296.36250806659,89.3828186917084,3,1.00205745747146,1.00205745747146,304.625797607599,305.252552230887
9.77,100,0,4298.18148780319,89.4292215461084,3,1.0020619622885,1.0020619622885,304.564747891297,305.192748915854
9.78,100,0,4299.99927905623,89.4756032030853,3,1.00206646515267,1.00206646515267,304.503737927832,305.132984291118
9.79,100,0,4301.81588266391,89.5219636694114,3,1.00207096606459,1.00207096606459,304.442767689364,305.073258329857
9.8,100,0,4303.63129946375,89.5683029518591,3,1.00207546502484,1.00207546502484,304.381837148073,305.01357100527
9.81,100,0,4305.4455302926,89.6146210572014,3,1.00207996203402,1.00207996203402,304.320946276165,304.953922290578
9.82,100,0,4307.25857598663,89.6609179922118,3,1.00208445709274,1.00208445709274,304.260095045865,304.894312159021
9.83,100,0,4309.07043738132,89.7071937636638,3,1.00208895020158,1.00208895020158,304.199283429421,304.834740583861
9.84,100,0,4310.8811153115,89.7534483783318,3,1.00209344136114,1.00209344136114,304.138511399103,304.775207538383
9.85,100,0,4312.69061061128,89.7996818429903,3,1.00209793057203,1.00209793057203,304.077778927206,304.715712995891
9.86,100,0,4314.49892411414,89.8458941644143,3,1.00210241783482,1.00210241783482,304.017085986041,304.656256929709
9.87,100,0,4316.30605665286,89.8920853493792,3,1.00210690315013,1.00210690315013,303.956432547948,304.596839313186
9.88,100,0,4318.11200905954,89.9382554046608,3,1.00211138651855,1.00211138651855,303.895818585285,304.537460119688
9.89,100,0,4319.91678216562,89.9844043370353,3,1.00211586794066,1.00211586794066,303.835244070431,304.478119322603
9.9,100,0,4321.72037680187,90.0305321532793,3,1.00212034741708,1.00212034741708,303.774708975792,304.418816895343
9.91,100,0,4323.52279379837,90.0766388601698,3,1.00212482494839,1.00212482494839,303.71421327379,304.359552811334
9.92,100,0,4325.32403398455,90.1227244644841,3,1.00212930053519,1.00212930053519,303.653756936874,304.300327044031
9.93,100,0,4327.12409818914,90.168788973,3,1.00213377417807,1.00213377417807,303.593339937509,304.241139566903
9.94,100,0,4328.92298724023,90.2148323924957,3,1.00213824587764,1.00213824587764,303.532962248191,304.181990353446
9.95,100,0,4330.72070196523,90.2608547297497,3,1.00214271563448,1.00214271563448,303.472623841428,304.12287937717
9.96,100,0,4332.51724319086,90.3068559915409,3,1.0021471834492,1.0021471834492,303.412324689758,304.063806611614
9.97,100,0,4334.31261174321,90.3528361846486,3,1.00215164932238,1.00215164932238,303.352064765735,304.00477203033
9.98,100,0,4336.10680844768,90.3987953158525,3,1.00215611325462,1.00215611325462,303.291844041938,303.945775606895
9.99,100,0,4337.89983412899,90.4447333919327,3,1.00216057524652,1.00216057524652,303.231662490967,303.886817314907
10,100,0,4339.69168961123,90.4906504196695,3,1.00216503529867,1.00216503529867,303.171520085445,303.827897127982
10.01,100,0,4341.48237571779,90.5365464058438,3,1.00216949341167,1.00216949341167,303.111416798014,303.76901501976
10.02,100,0,4343.27189327141,90.5824213572367,3,1.00217394958611,1.00217394958611,303.051352601339,303.710170963898
10.03,100,0,4345.06024309417,90.6282752806298,3,1.00217840382259,1.00217840382259,302.991327468109,303.651364934076
10.04,100,0,4346.84742600749,90.6741081828049,3,1.0021828561217,1.0021828561217,302.93134137103,303.592596903996
10.05,100,0,4348.6334428321,90.7199200705444,3,1.00218730648403,1.00218730648403,302.871394282835,303.533866847378
10.06,100,0,4350.4182943881,90.7657109506308,3,1.00219175491018,1.00219175491018,302.811486176275,303.475174737962
10.07,100,0,4352.20198149491,90.8114808298471,3,1.00219620140075,1.00219620140075,302.751617024124,303.416520549512
10.08,100,0,4353.9845049713,90.8572297149767,3,1.00220064595633,1.00220064595633,302.691786799176,303.35790425581
10.09,100,0,4355.76586563537,90.9029576128033,3,1.00220508857751,1.00220508857751,302.631995474251,303.299325830661
10.1,100,0,4357.54606430457,90.9486645301108,3,1.00220952926489,1.00220952926489,302.572243022185,303.240785247885
10.11,100,0,4359.32510179568,90.9943504736838,3,1.00221396801905,1.00221396801905,302.512529415839,303.182282481329
10.12,100,0,4361.10297892484,91.0400154503068,3,1.00221840484061,1.00221840484061,302.452854628094,303.123817504856
10.13,100,0,4362.87969650752,91.085659466765,3,1.00222283973014,1.00222283973014,302.393218631855,303.065390292355
10.14,100,0,4364.65525535853,91.1312825298439,3,1.00222727268825,1.00222727268825,302.333621400045,303.007000817728
10.15,100,0,4366.42965629203,91.1768846463291,3,1.00223170371552,1.00223170371552,302.274062905609,302.948649054901
10.16,100,0,4368.20290012152,91.2224658230069,3,1.00223613281255,1.00223613281255,302.214543121518,302.890334977823
10.17,100,0,4369.97498765986,91.2680260666635,3,1.00224055997994,1.00224055997994,302.155062020759,302.832058560458
10.18,100,0,4371.74591971924,91.3135653840859,3,1.00224498521827,1.00224498521827,302.095619576341,302.773819776795
10.19,100,0,4373.5156971112,91.3590837820611,3,1.00224940852815,1.00224940852815,302.036215761299,302.715618600842
10.2,100,0,4375.28432064664,91.4045812673765,3,1.00225382991016,1.00225382991016,301.976850548684,302.657455006626
10.21,100,0,4377.05179113578,91.4500578468199,3,1.0022582493649,1.0022582493649,301.91752391157,302.599328968194
10.22,100,0,4378.81810938823,91.4955135271795,3,1.00226266689295,1.00226266689295,301.858235823055,302.541240459617
10.23,100,0,4380.58327621291,91.5409483152435,3,1.00226708249493,1.00226708249493,301.798986256253,302.483189454981
10.24,100,0,4382.34729241811,91.5863622178007,3,1.0022714961714,1.0022714961714,301.739775184306,302.425175928397
10.25,100,0,4384.11015881147,91.6317552416402,3,1.00227590792298,1.00227590792298,301.680602580371,302.367199853994
10.26,100,0,4385.87187619997,91.6771273935514,3,1.00228031775025,1.00228031775025,301.621468417631,302.309261205921
10.27,100,0,4387.63244538997,91.7224786803238,3,1.00228472565381,1.00228472565381,301.562372669285,302.251359958347
10.28,100,0,4389.39186718714,91.7678091087476,3,1.00228913163425,1.00228913163425,301.503315308561,302.193496085463
10.29,100,0,4391.15014239655,91.813118685613,3,1.00229353569215,1.00229353569215,301.444296308698,302.135669561477
10.3,100,0,4392.90727182258,91.8584074177106,3,1.00229793782812,1.00229793782812,301.385315642965,302.077880360621
10.31,100,0,4394.663256269,91.9036753118313,3,1.00230233804275,1.00230233804275,301.326373284648,302.020128457144
10.32,100,0,4396.41809653892,91.9489223747663,3,1.00230673633662,1.00230673633662,301.267469207054,301.962413825316
10.33,100,0,4398.1717934348,91.9941486133072,3,1.00231113271034,1.00231113271034,301.208603383514,301.904736439428
10.34,100,0,4399.92434775847,92.0393540342458,3,1.00231552716448,1.00231552716448,301.149775787376,301.84709627379
10.35,100,0,4401.66291658042,92.0845379370599,3,1.00232005741225,1.00232005741225,301.079875399046,301.778397995646
10.36,100,0,4403.37895893542,92.1296970545984,3,1.00232481345058,1.00232481345058,300.991650841648,301.691400280038
10.37,100,0,4405.07976590449,92.1748285485161,3,1.00232971529308,1.00232971529308,300.891565820848,301.592557503299
10.38,100,0,4406.77012808601,92.2199305947385,3,1.00233471042789,1.00233471042789,300.783862074008,301.486105293333
10.39,100,0,4408.45314160143,92.2650020236456,3,1.00233976493566,1.00233976493566,300.671277911133,301.374778024351
10.4,100,0,4410.13080844827,92.310042088162,3,1.00234485689811,1.00234485689811,300.555581551128,301.260341379794
10.41,100,0,4411.80442392406,92.3550503141068,3,1.00234997214604,1.00234997214604,300.437915169458,301.143935901721
10.42,100,0,4413.4748266949,92.4000264036071,3,1.00235510151578,1.00235510151578,300.319016822186,301.026298593923
10.43,100,0,4415.14256025511,92.4449701727396,3,1.00236023907834,1.00236023907834,300.19936361298,300.907905882273
10.44,100,0,4416.80797721398,92.4898815112574,3,1.00236538099594,1.00236538099594,300.07926407548,300.789065864
10.45,100,0,4418.4713066816,92.5347603565689,3,1.00237052478341,1.00237052478341,299.958917805059,300.669977853721
10.46,100,0,4420.13269782963,92.5796066769185,3,1.00237566883083,1.00237566883083,299.838453965093,300.550770834463
10.47,100,0,4421.79224806305,92.6244204605093,3,1.00238081209492,1.00238081209492,299.717956162022,300.431528297117
10.48,100,0,4423.45002124787,92.6692017084673,3,1.00238595389939,1.00238595389939,299.597478521646,300.312304293772
10.49,100,0,4425.10605951017,92.7139504302858,3,1.00239109380578,1.00239109380578,299.477056083569,300.193133817343
10.5,100,0,4426.76039087733,92.7586666408768,3,1.0023962315298,1.0023962315298,299.356711525011,300.074039515823
10.51,100,0,4428.41303422893,92.8033503586598,3,1.00240136688715,1.00240136688715,299.236459512196,299.955036037497
10.52,100,0,4430.06400250603,92.8480016043236,3,1.00240649975844,1.00240649975844,299.116309517726,299.836132844327
10.53,100,0,4431.71330479241,92.8926204000227,3,1.0024116300664,1.0024116300664,298.996267645563,299.717336034359
10.54,100,0,4433.36094766498,92.9372067688572,3,1.00241675776111,1.00241675776111,298.876337813741,299.598649522764
10.55,100,0,4435.00693607033,92.9817607345335,3,1.00242188281043,1.00242188281043,298.756522521197,299.480075807594
10.56,100,0,4436.65127389398,93.0262823211457,3,1.00242700519379,1.00242700519379,298.636823345189,299.361616466505
10.57,100,0,4438.29396433028,93.0707715530323,3,1.00243212489814,1.00243212489814,298.517241264104,299.243272479108
10.58,100,0,4439.9350101228,93.1152284546838,3,1.00243724191532,1.00243724191532,298.397776867051,299.125044436269
10.59,100,0,4441.57441372073,93.1596530506824,3,1.00244235624033,1.00244235624033,298.278430490002,299.006932676066
10.6,100,0,4443.21217738058,93.2040453656627,3,1.00244746787029,1.00244746787029,298.159202304268,298.888937372139
10.61,100,0,4444.84830323239,93.248405424286,3,1.00245257680363,1.00245257680363,298.040092374029,298.771058591137
10.62,100,0,4446.48279332291,93.2927332512243,3,1.00245768303968,1.00245768303968,297.921100693746,298.653296330084
10.63,100,0,4448.11564964363,93.3370288711488,3,1.00246278657835,1.00246278657835,297.80222721251,298.535650540691
10.64,100,0,4449.74687414916,93.3812923087232,3,1.00246788741991,1.00246788741991,297.683471849899,298.418121145193
10.65,100,0,4451.37646876912,93.4255235885992,3,1.00247298556488,1.00247298556488,297.564834506309,298.30070804666
10.66,100,0,4453.00443541599,93.4697227354132,3,1.00247808101395,1.00247808101395,297.446315069671,298.183411135715
10.67,100,0,4454.63077599014,93.5138897737848,3,1.0024831737679,1.0024831737679,297.327913419848,298.066230294918
10.68,100,0,4456.25549238322,93.558024728315,3,1.00248826382759,1.00248826382759,297.209629431495,297.949165401622
10.69,100,0,4457.87858648027,93.6021276235859,3,1.00249335119392,1.00249335119392,297.09146297592,297.832216329834
10.7,100,0,4459.50006016119,93.6461984841599,3,1.00249843586781,1.00249843586781,296.973413922312,297.715382951441
10.71,100,0,4461.11991530165,93.6902373345793,3,1.00250351785021,1.00250351785021,296.855482138529,297.598665136996
10.72,100,0,4462.73815377368,93.7342441993663,3,1.00250859714209,1.00250859714209,296.737667491621,297.48206275624
10.73,100,0,4464.35477744613,93.7782191030228,3,1.0025136737444,1.0025136737444,296.619969848175,297.365575678447
10.74,100,0,4465.96978818486,93.8221620700302,3,1.00251874765813,1.00251874765813,296.502389074525,297.249203772636
10.75,100,0,4467.58318785297,93.8660731248494,3,1.00252381888425,1.00252381888425,296.384925036911,297.132946907726
10.76,100,0,4469.19497831089,93.909952291921,3,1.00252888742374,1.00252888742374,296.267577601565,297.016804952623
10.77,100,0,4470.80516141647,93.9537995956649,3,1.00253395327758,1.00253395327758,296.150346634775,296.900777776287
10.78,100,0,4472.41373902501,93.9976150604807,3,1.00253901644675,1.00253901644675,296.033232002929,296.784865247771
10.79,100,0,4474.02071298932,94.0413987107472,3,1.00254407693224,1.00254407693224,295.916233572536,296.669067236244
10.8,100,0,4475.62608515973,94.0851505708232,3,1.00254913473503,1.00254913473503,295.799351210248,296.553383611018
10.81,100,0,4477.22985738409,94.1288706650467,3,1.0025541898561,1.0025541898561,295.682584782869,296.437814241547
10.82,100,0,4478.83203150784,94.1725590177353,3,1.00255924229643,1.00255924229643,295.565934157363,296.322358997444
10.83,100,0,4480.43260937396,94.2162156531862,3,1.00256429205702,1.00256429205702,295.44939920086,296.207017748481
10.84,100,0,4482.031592823,94.2598405956762,3,1.00256933913883,1.00256933913883,295.332979780655,296.091790364593
10.85,100,0,4483.62898369309,94.3034338694619,3,1.00257438354286,1.00257438354286,295.216675764215,295.976676715879
10.86,100,0,4485.22478381994,94.3469954987791,3,1.00257942527008,1.00257942527008,295.100487019175,295.861676672606
10.87,100,0,4486.81899503685,94.3905255078438,3,1.00258446432149,1.00258446432149,294.984413413344,295.746790105206
10.88,100,0,4488.41161917469,94.4340239208512,3,1.00258950069806,1.00258950069806,294.8684548147,295.632016884279
10.89,100,0,4490.00265806195,94.4774907619763,3,1.00259453440079,1.00259453440079,294.752611091395,295.517356880593
10.9,100,0,4491.59211352471,94.5209260553741,3,1.00259956543064,1.00259956543064,294.636882111751,295.40280996508
10.91,100,0,4493.17998738664,94.564329825179,3,1.00260459378861,1.00260459378861,294.521267744266,295.288376008846
10.92,100,0,4494.76628146902,94.6077020955052,3,1.00260961947568,1.00260961947568,294.405767857603,295.174054883156
10.93,100,0,4496.35099759076,94.6510428904468,3,1.00261464249283,1.00261464249283,294.290382320601,295.059846459447
10.94,100,0,4497.93413756834,94.6943522340776,3,1.00261966284104,1.00261966284104,294.175111002269,294.945750609321
10.95,100,0,4499.5157032159,94.7376301504513,3,1.00262468052131,1.00262468052131,294.059953771787,294.831767204549
10.96,100,0,4501.09569634517,94.7808766636012,3,1.0026296955346,1.0026296955346,293.944910498507,294.717896117065
10.97,100,0,4502.67411876551,94.8240917975407,3,1.00263470788192,1.00263470788192,293.82998105195,294.604137218971
10.98,100,0,4504.25097228392,94.8672755762629,3,1.00263971756423,1.00263971756423,293.715165301808,294.490490382535
10.99,100,0,4505.826258705,94.9104280237409,3,1.00264472458252,1.00264472458252,293.600463117941,294.376955480188
11,100,0,4507.39997983103,94.9535491639276,3,1.00264972893778,1.00264972893778,293.485874370382,294.26353238453
11.01,100,0,4508.97213746187,94.9966390207559,3,1.00265473063098,1.00265473063098,293.371398929333,294.150220968325
11.02,100,0,4510.54273339507,95.0396976181386,3,1.00265972966312,1.00265972966312,293.257036665164,294.037021104502
11.03,100,0,4512.1117694258,95.0827249799684,3,1.00266472603518,1.00266472603518,293.142787448415,293.923932666153
11.04,100,0,4513.67924734688,95.1257211301182,3,1.00266971974813,1.00266971974813,293.028651149794,293.810955526536
11.05,100,0,4515.24516894877,95.1686860924407,3,1.00267471080296,1.00267471080296,292.91462764018,293.698089559073
11.06,100,0,4516.80953601961,95.2116198907686,3,1.00267969920065,1.00267969920065,292.800716790615,293.58533463735
11.07,100,0,4518.37235034518,95.2545225489147,3,1.0026846849422,1.0026846849422,292.686918472317,293.472690635117
11.08,100,0,4519.93361370891,95.297394090672,3,1.00268966802857,1.00268966802857,292.573232556663,293.360157426287
11.09,100,0,4521.49332789193,95.3402345398134,3,1.00269464846076,1.00269464846076,292.459658915207,293.247734884937
11.1,100,0,4523.05149467301,95.3830439200919,3,1.00269962623974,1.00269962623974,292.346197419661,293.135422885304
11.11,100,0,4524.6081158286,95.4258222552407,3,1.0027046013665,1.0027046013665,292.232847941911,293.023221301792
11.12,100,0,4526.16319313281,95.468569568973,3,1.00270957384203,1.00270957384203,292.119610354009,292.911130008968
11.13,100,0,4527.71672835745,95.5112858849823,3,1.0027145436673,1.0027145436673,292.006484528169,292.799148881556
11.14,100,0,4529.26872327201,95.5539712269423,3,1.0027195108433,1.0027195108433,291.893470336777,292.687277794446
11.15,100,0,4530.81917964364,95.5966256185066,3,1.00272447537101,1.00272447537101,291.780567652381,292.57551662269
11.16,100,0,4532.36809923722,95.6392490833095,3,1.00272943725142,1.00272943725142,291.667776347699,292.4638652415
11.17,100,0,4533.91548381527,95.681841644965,3,1.0027343964855,1.0027343964855,291.555096295611,292.35232352625
11.18,100,0,4535.46133513806,95.7244033270676,3,1.00273935307424,1.00273935307424,291.442527369164,292.240891352478
11.19,100,0,4537.00565496351,95.7669341531923,3,1.00274430701863,1.00274430701863,291.330069441569,292.129568595875
11.2,100,0,4538.54844504728,95.8094341468938,3,1.00274925831964,1.00274925831964,291.217722386205,292.018355132301
11.21,100,0,4540.0897071427,95.8519033317078,3,1.00275420697826,1.00275420697826,291.105486076612,291.907250837773
11.22,100,0,4541.62944300084,95.8943417311497,3,1.00275915299547,1.00275915299547,290.993360386497,291.79625558847
11.23,100,0,4543.16765437047,95.9367493687157,3,1.00276409637226,1.00276409637226,290.881345189731,291.685369260727
11.24,100,0,4544.70434299807,95.979126267882,3,1.0027690371096,1.0027690371096,290.769440360348,291.574591731043
11.25,100,0,4546.23951062784,96.0214724521055,3,1.00277397520848,1.00277397520848,290.657645772545,291.463922876074
11.26,100,0,4547.77315900171,96.0637879448232,3,1.00277891066989,1.00277891066989,290.545961300685,291.353362572637
11.27,100,0,4549.30528985933,96.1060727694529,3,1.0027838434948,1.0027838434948,290.434386819294,291.242910697706
11.28,100,0,4550.83590493807,96.1483269493924,3,1.0027887736842,1.0027887736842,290.322922203057,291.132567128417
11.29,100,0,4552.36500597306,96.1905505080203,3,1.00279370123907,1.00279370123907,290.211567326828,291.022331742061
11.3,100,0,4553.89259469712,96.2327434686955,3,1.00279862616039,1.00279862616039,290.100322065618,290.91220441609
11.31,100,0,4555.41867284086,96.2749058547573,3,1.00280354844915,1.00280354844915,289.989186294605,290.802185028113
11.32,100,0,4556.94324213259,96.3170376895258,3,1.00280846810633,1.00280846810633,289.878159889126,290.692273455897
11.33,100,0,4558.46630429838,96.3591389963014,3,1.00281338513292,1.00281338513292,289.767242724681,290.582469577368
11.34,100,0,4559.98786106206,96.4012097983652,3,1.00281829952988,1.00281829952988,289.65643467693,290.472773270607
11.35,100,0,4561.5079141452,96.4432501189786,3,1.00282321129821,1.00282321129821,289.545735621697,290.363184413854
11.36,100,0,4563.02646526712,96.4852599813839,3,1.0028281204389,1.0028281204389,289.435145434966,290.253702885506
11.37,100,0,4564.54351614491,96.5272394088039,3,1.00283302695291,1.00283302695291,289.324663992883,290.144328564117
11.38,100,0,4566.05906849341,96.5691884244419,3,1.00283793084124,1.00283793084124,289.214291171752,290.035061328395
11.39,100,0,4567.57312402525,96.6111070514819,3,1.00284283210487,1.00284283210487,289.104026848039,289.925901057208
11.4,100,0,4569.08568445078,96.6529953130887,3,1.00284773074477,1.00284773074477,288.993870898371,289.816847629579
11.41,100,0,4570.59675147818,96.6948532324077,3,1.00285262676194,1.00285262676194,288.883823199535,289.707900924686
11.42,100,0,4572.10632681335,96.7366808325648,3,1.00285752015735,1.00285752015735,288.773883628475,289.599060821861
11.43,100,0,4573.61441216001,96.7784781366669,3,1.002862410932,1.002862410932,288.664052062298,289.490327200595
11.44,100,0,4575.12100921964,96.8202451678016,3,1.00286729908685,1.00286729908685,288.554328378269,289.381699940533
11.45,100,0,4576.62611969151,96.8619819490369,3,1.00287218462289,1.00287218462289,288.444712453811,289.273178921475
11.46,100,0,4578.12974527267,96.9036885034221,3,1.00287706754111,1.00287706754111,288.335204166509,289.164764023375
11.47,100,0,4579.63188765797,96.9453648539868,3,1.00288194784248,1.00288194784248,288.225803394103,289.056455126343
11.48,100,0,4581.13254854005,96.9870110237418,3,1.002886825528,1.002886825528,288.116510014493,288.948252110641
11.49,100,0,4582.63172960934,97.0286270356784,3,1.00289170059864,1.00289170059864,288.007323905737,288.840154856687
11.5,100,0,4584.1294325541,97.0702129127691,3,1.00289657305538,1.00289657305538,287.898244946051,288.732163245053
11.51,100,0,4585.62565906035,97.1117686779668,3,1.00290144289921,1.00290144289921,287.789273013808,288.624277156464
11.52,100,0,4587.12041081195,97.1532943542057,3,1.00290631013111,1.00290631013111,287.68040798754,288.516496471797
11.53,100,0,4588.61368949055,97.1947899644007,3,1.00291117475206,1.00291117475206,287.571649745936,288.408821072085
11.54,100,0,4590.10549677563,97.2362555314477,3,1.00291603676305,1.00291603676305,287.462998167839,288.301250838513
11.55,100,0,4591.59583434447,97.2776910782233,3,1.00292089616505,1.00292089616505,287.354453132254,288.193785652418
11.56,100,0,4593.08470387218,97.3190966275855,3,1.00292575295905,1.00292575295905,287.246014518338,288.086425395291
11.57,100,0,4594.5721070317,97.3604722023727,3,1.00293060714604,1.00293060714604,287.137682205406,287.979169948774
11.58,100,0,4596.05804549377,97.4018178254048,3,1.00293545872698,1.00293545872698,287.029456072929,287.87201919466
11.59,100,0,4597.54252092698,97.4431335194825,3,1.00294030770287,1.00294030770287,286.921336000535,287.764973014897
11.6,100,0,4599.02553499776,97.4844193073874,3,1.00294515407469,1.00294515407469,286.813321868008,287.658031291584
11.61,100,0,4600.50708937034,97.5256752118823,3,1.00294999784343,1.00294999784343,286.705413555284,287.55119390697
11.62,100,0,4601.98718570682,97.5669012557111,3,1.00295483901005,1.00295483901005,286.597610942457,287.444460743456
11.63,100,0,4603.46582566714,97.6080974615986,3,1.00295967757555,1.00295967757555,286.489913909775,287.337831683594
11.64,100,0,4604.94301090907,97.6492638522508,3,1.0029645135409,1.0029645135409,286.38232233764,287.231306610086
11.65,100,0,4606.41874308824,97.6904004503549,3,1.0029693469071,1.0029693469071,286.274836106613,287.124885405786
11.66,100,0,4607.89302385811,97.731507278579,3,1.00297417767512,1.00297417767512,286.167455097403,287.018567953699
11.67,100,0,4609.36585487003,97.7725843595726,3,1.00297900584594,1.00297900584594,286.060179190878,286.912354136978
11.68,100,0,4610.83723777317,97.8136317159663,3,1.00298383142054,1.00298383142054,285.953008268057,286.806243838926
11.69,100,0,4612.30717421459,97.8546493703718,3,1.00298865439992,1.00298865439992,285.845942210113,286.700236942998
11.7,100,0,4613.7756658392,97.8956373453819,3,1.00299347478504,1.00299347478504,285.738980898375,286.594333332798
11.71,100,0,4615.24271428977,97.936595663571,3,1.0029982925769,1.0029982925769,285.63212421432,286.488532892077
11.72,100,0,4616.70832120694,97.9775243474944,3,1.00300310777648,1.00300310777648,285.525372039585,286.382835504738
11.73,100,0,4618.17248822925,98.0184234196888,3,1.00300792038475,1.00300792038475,285.418724255953,286.27724105483
11.74,100,0,4619.63521699308,98.0592929026721,3,1.00301273040269,1.00301273040269,285.312180745365,286.171749426555
11.75,100,0,4621.0965091327,98.1001328189435,3,1.0030175378313,1.0030175378313,285.205741389909,286.066360504258
11.76,100,0,4622.55636628028,98.1409431909836,3,1.00302234267156,1.00302234267156,285.099406071829,285.961074172436
11.77,100,0,4624.01479006586,98.1817240412544,3,1.00302714492443,1.00302714492443,284.993174673522,285.855890315733
11.78,100,0,4625.47178211736,98.2224753921988,3,1.00303194459092,1.00303194459092,284.887047077531,285.750808818941
11.79,100,0,4626.9273440606,98.2631972662417,3,1.00303674167199,1.00303674167199,284.781023166558,285.645829567001
11.8,100,0,4628.38147751929,98.3038896857889,3,1.00304153616864,1.00304153616864,284.675102823449,285.540952444998
11.81,100,0,4629.83418411506,98.3445526732278,3,1.00304632808184,1.00304632808184,284.569285931206,285.436177338167
11.82,100,0,4631.2854654674,98.3851862509271,3,1.00305111741257,1.00305111741257,284.463572372978,285.331504131888
11.83,100,0,4632.73532319374,98.4257904412372,3,1.00305590416183,1.00305590416183,284.357962032068,285.22693271169
11.84,100,0,4634.1837589094,98.4663652664895,3,1.00306068833058,1.00306068833058,284.252454791929,285.122462963249
11.85,100,0,4635.6307742276,98.5069107489974,3,1.00306546991981,1.00306546991981,284.147050536161,285.018094772383
11.86,100,0,4637.07637075948,98.5474269110553,3,1.00307024893051,1.00307024893051,284.041749148516,284.913828025059
11.87,100,0,4638.52055011412,98.5879137749395,3,1.00307502536365,1.00307502536365,283.936550512898,284.809662607392
11.88,100,0,4639.96331389847,98.6283713629075,3,1.00307979922022,1.00307979922022,283.831454513357,284.70559840564
11.89,100,0,4641.40466371745,98.6687996971985,3,1.0030845705012,1.0030845705012,283.726461034093,284.601635306208
11.9,100,0,4642.84460117387,98.7091988000333,3,1.00308933920757,1.00308933920757,283.621569959456,284.497773195643
11.91,100,0,4644.28312786849,98.7495686936143,3,1.00309410534031,1.00309410534031,283.516781173945,284.394011960642
11.92,100,0,4645.72024539997,98.7899094001252,3,1.00309886890041,1.00309886890041,283.412094562207,284.290351488045
11.93,100,0,4647.15595536494,98.8302209417316,3,1.00310362988884,1.00310362988884,283.307510009036,284.186791664833
11.94,100,0,4648.59025935795,98.8705033405807,3,1.00310838830659,1.00310838830659,283.203027399378,284.083332378138
11.95,100,0,4650.02315897148,98.9107566188012,3,1.00311314415465,1.00311314415465,283.098646618323,283.979973515232
11.96,100,0,4651.45465579596,98.9509807985036,3,1.00311789743398,1.00311789743398,282.994367551112,283.876714963531
11.97,100,0,4652.88475141978,98.99117590178,3,1.00312264814558,1.00312264814558,282.89019008313,283.773556610597
11.98,100,0,4654.31344742926,99.0313419507042,3,1.00312739629043,1.00312739629043,282.786114099915,283.670498344136
11.99,100,0,4655.74074540867,99.0714789673317,3,1.0031321418695,1.0031321418695,282.682139487145,283.567540051993
12,100,0,4657.16664694024,99.1115869736999,3,1.00313688488379,1.00313688488379,282.57826613065,283.464681622163
12.01,100,0,4658.59115360416,99.1516659918277,3,1.00314162533426,1.00314162533426,282.474493916407,283.361922942778
12.02,100,0,4660.01426697859,99.1917160437158,3,1.00314636322191,1.00314636322191,282.370822730535,283.259263902115
12.03,100,0,4661.43598863962,99.2317371513469,3,1.00315109854772,1.00315109854772,282.267252459304,283.156704388596
12.04,100,0,4662.85632016133,99.2717293366853,3,1.00315583131266,1.00315583131266,282.163782989128,283.054244290782
12.05,100,0,4664.27526311578,99.3116926216772,3,1.00316056151772,1.00316056151772,282.060414206567,282.951883497379
12.06,100,0,4665.69281907297,99.3516270282506,3,1.00316528916387,1.00316528916387,281.957145998326,282.849621897231
12.07,100,0,4667.10898960091,99.3915325783152,3,1.00317001425212,1.00317001425212,281.853978251257,282.747459379329
12.08,100,0,4668.52377626555,99.4314092937629,3,1.00317473678342,1.00317473678342,281.750910852357,282.645395832803
12.09,100,0,4669.93718063085,99.4712571964673,3,1.00317945675877,1.00317945675877,281.647943688768,282.543431146923
12.1,100,0,4671.34920425874,99.5110763082838,3,1.00318417417915,1.00318417417915,281.545076647776,282.441565211104
12.11,100,0,4672.75984870914,99.5508666510499,3,1.00318888904553,1.00318888904553,281.442309616811,282.339797914898
12.12,100,0,4674.16911553996,99.5906282465849,3,1.00319360135891,1.00319360135891,281.33964248345,282.238129148
12.13,100,0,4675.5770063071,99.6303611166902,3,1.00319831112026,1.00319831112026,281.237075135413,282.136558800248
12.14,100,0,4676.98352256446,99.670065283149,3,1.00320301833056,1.00320301833056,281.134607460563,282.035086761614
12.15,100,0,4678.38866586393,99.7097407677267,3,1.0032077229908,1.0032077229908,281.032239346907,281.933712922216
12.16,100,0,4679.79243775541,99.7493875921704,3,1.00321242510195,1.00321242510195,280.929970682598,281.83243717231
12.17,100,0,4681.19483978679,99.7890057782095,3,1.00321712466501,1.00321712466501,280.82780135593,281.731259402292
12.18,100,0,4682.59587350398,99.8285953475553,3,1.00322182168094,1.00322182168094,280.725731255341,281.630179502697
12.19,100,0,4683.99554045089,99.8681563219012,3,1.00322651615073,1.00322651615073,280.623760269412,281.529197364201
12.2,100,0,4685.39384216945,99.9076887229227,3,1.00323120807537,1.00323120807537,280.521888286865,281.428312877616
12.21,100,0,4686.79078019961,99.9471925722772,3,1.00323589745583,1.00323589745583,280.420115196569,281.327525933898
12.22,100,0,4688.18635607932,99.9866678916046,3,1.0032405842931,1.0032405842931,280.318440887531,281.226836424138
12.23,100,0,4689.58057134456,100.026114702526,3,1.00324526858816,1.00324526858816,280.216865248902,281.126244239567
12.24,100,0,4690.97342752934,100.065533026647,3,1.00324995034198,1.00324995034198,280.115388169975,281.025749271553
12.25,100,0,4692.36492616568,100.104922885552,3,1.00325462955556,1.00325462955556,280.014009540184,280.925351411605
12.26,100,0,4693.75506878366,100.144284300809,3,1.00325930622987,1.00325930622987,279.912729249106,280.825050551367
12.27,100,0,4695.14385691135,100.18361729397,3,1.00326398036589,1.00326398036589,279.811547186457,280.724846582624
12.28,100,0,4696.53129207489,100.222921886567,3,1.00326865196461,1.00326865196461,279.710463242099,280.624739397297
12.29,100,0,4697.91737579845,100.262198100114,3,1.003273321027,1.003273321027,279.609477306028,280.524728887444
12.3,100,0,4699.30210960422,100.301445956109,3,1.00327798755406,1.00327798755406,279.508589268386,280.42481494526
12.31,100,0,4700.68549501246,100.340665476031,3,1.00328265154675,1.00328265154675,279.407799019454,280.324997463079
12.32,100,0,4702.06753354146,100.379856681342,4,1.3255941619418,1.3255941619418,991.075235508677,1313.7635462354
12.33,100,0,4421.3791144654,100.517555681318,4,1.25978031883727,1.25978031883727,839.593907376132,1057.70388032813
12.34,100,0,4206.90368067497,100.627182035015,4,1.2025457767108,1.2025457767108,725.717355627853,872.708341096001
12.35,100,0,4039.79902572748,100.716605647351,4,1.15359701695735,1.15359701695735,643.164642828821,741.952813379768
12.36,100,0,3907.45739617145,100.791605819885,4,1.11180857487632,1.11180857487632,582.021824377479,647.096855108041
12.37,100,0,3801.72739388713,100.855889559472,4,1.07528228542736,1.07528228542736,532.490055525516,572.577123872821
12.38,100,0,3719.20076810643,100.911088622357,4,1.04155097466268,1.04155097466268,489.031568225604,509.351306526199
12.39,100,0,3655.51760659884,100.959300858886,4,1.01864593454943,1.01864593454943,453.48184608914,461.937438910674
12.4,100,0,3607.25014494403,101.002167227872,4,1.0044717662365,1.0044717662365,426.154132255129,428.059793915292
12.41,100,0,3570.89370151923,101.041311659848,4,1.002,1.002,401.754937571579,402.558447446722
12.42,100,0,3544.44437613671,101.077614759854,4,1.00166248830797,1.00166248830797,383.748730489633,384.386708267272
12.43,100,0,3524.86884620766,101.111929500074,4,1.00114764041547,1.00114764041547,371.023625153727,371.449426861047
12.44,100,0,3510.56739891587,101.144708252667,4,1.00028344632169,1.00028344632169,359.730022643434,359.831986795155
12.45,100,0,3500.92199414625,101.176113605693,4,0.999471703904674,0.999471703904674,351.253186109707,351.067620423014
12.46,100,0,3494.46543930276,101.206575620834,4,0.998901007373614,0.998901007373614,345.509000160708,345.129288317181
12.47,100,0,3490.18411941773,101.236391979399,4,0.99849609922442,0.99849609922442,341.564661791658,341.050982431879
12.48,100,0,3487.40325094612,101.265760735515,4,0.998206213372644,0.998206213372644,338.831540803459,338.22374931664
12.49,100,0,3485.66644643255,101.294815874836,4,0.998001102870164,0.998001102870164,336.920736266375,336.24726637367
12.5,100,0,3484.7158144077,101.323638269379,4,0.998050713664497,0.998050713664497,335.368158237519,334.714429669303
12.51,100,0,3484.34268341498,101.352291959927,4,0.998085435600843,0.998085435600843,334.343479811069,333.703357687533
12.52,100,0,3484.35125665654,101.380831920087,4,0.998110302060237,0.998110302060237,333.665213933254,333.034687465914
12.53,100,0,3484.6127350924,101.409294313943,4,0.998128630998303,0.998128630998303,333.215387574777,332.591818627581
12.54,100,0,3485.04204295275,101.437703029552,4,0.998142616957303,0.998142616957303,332.916703112741,332.298349273748
12.55,100,0,3485.58282889698,101.466073889745,4,0.99815371474715,0.99815371474715,332.718242769407,332.103949984427
12.56,100,0,3486.19769708482,101.494417394882,4,0.998162890296402,0.998162890296402,332.586344532134,331.97534693131
12.57,100,0,3486.86179856114,101.522740522231,4,0.998170785632283,0.998170785632283,332.498699624228,331.890488225628
12.58,100,0,3487.55860649876,101.551047912217,4,0.998177827820251,0.998177827820251,332.44049850994,331.834734682133
12.59,100,0,3488.27712185756,101.579342653052,4,0.998184301094916,0.998184301094916,332.401898499965,331.79835673681
12.6,100,0,3489.01002096227,101.60762680089,4,0.998190394708269,0.998190394708269,332.37635257131,331.77488256485
12.61,100,0,3489.75242558201,101.63590172519,4,0.998196234710846,0.998196234710846,332.359503273272,331.760004737747
12.62,100,0,3490.50108543403,101.664168338266,4,0.99820190508014,0.99820190508014,332.348449166577,331.750855108507
12.63,100,0,3491.2538343964,101.692427247995,4,0.998207461776105,0.998207461776105,332.34125764762,331.745523239909
12.64,100,0,3492.00922858534,101.720678859438,4,0.998212942095937,0.998212942095937,332.33664108671,331.742736265446
12.65,100,0,3492.76630537318,101.748923442519,4,0.998218370902538,0.998218370902538,332.333741382731,331.741645919015
12.66,100,0,3493.52442288091,101.777161177087,4,0.998223764772656,0.998223764772656,332.331986567138,331.741686785424
12.67,100,0,3494.28315304305,101.805392182956,4,0.998229134760192,0.998229134760192,332.330995325459,331.742481917726
12.68,100,0,3495.04221034837,101.833616539906,4,0.998234488237382,0.998234488237382,332.33051340473,331.743779974237
12.69,100,0,3495.80140434496,101.861834301025,4,0.998239830121789,0.998239830121789,332.330371247662,331.745413338578
12.7,100,0,3496.56060797894,101.8900455016,4,0.998245163694132,0.998245163694132,332.330455762238,331.747270212921
12.71,100,0,3497.31973648477,101.918250165043,4,0.998250491143471,0.998250491143471,332.330691506887,331.749276018799
12.72,100,0,3498.07873330858,101.946448306845,4,0.998255813930708,0.998255813930708,332.331028148752,331.751380999062
12.73,100,0,3498.83756071991,101.974639937212,4,0.998261133030979,0.998261133030979,332.331432102189,331.753551952139
12.74,100,0,3499.59619354941,102.002825062826,4,0.998266449095312,0.998266449095312,332.331880953347,331.755766720463
12.75,100,0,3500.35461501112,102.031003688014,4,0.998271762558456,0.998271762558456,332.332359741953,331.75801051481
12.76,100,0,3501.11281391499,102.059175815533,4,0.998277073710819,0.998277073710819,332.332858481295,331.760273462659
12.77,100,0,3501.87078280676,102.087341447094,4,0.998282382746462,0.998282382746462,332.333370503838,331.762548972734
12.78,100,0,3502.62851672647,102.115500583708,4,0.998287689795124,0.998287689795124,332.333891357453,331.764832643855
12.79,100,0,3503.38601237982,102.143653225918,4,0.998292994943604,0.998292994943604,332.334418068907,331.767121536849
12.8,100,0,3504.14326758493,102.171799373959,4,0.998298298250023,0.998298298250023,332.334948652333,331.769413688633
12.81,100,0,3504.90028090297,102.199939027857,4,0.998303599753348,0.998303599753348,332.335481781163,331.771707787898
12.82,100,0,3505.65705139151,102.228072187499,4,0.998308899479759,0.998308899479759,332.336016569124,331.774002958609
12.83,100,0,3506.41357843977,102.256198852684,4,0.998314197446885,0.998314197446885,332.336552424021,331.776298615451
12.84,100,0,3507.1698616586,102.284319023145,4,0.998319493666648,0.998319493666648,332.337088950106,331.778594367318
12.85,100,0,3507.92590080696,102.31243269858,4,0.998324788147155,0.998324788147155,332.337625882878,331.780889952853
12.86,100,0,3508.68169574281,102.340539878656,4,0.998330080893963,0.998330080893963,332.338163045532,331.783185197397
12.87,100,0,3509.4372463903,102.368640563027,4,0.998335371910924,0.998335371910924,332.338700319868,331.785479984229
12.88,100,0,3510.19255271781,102.396734751332,4,0.998340661200751,0.998340661200751,332.339237626858,331.787774235351
12.89,100,0,3510.94761472331,102.424822443205,4,0.998345948765395,0.998345948765395,332.339774913656,331.790067898651
12.9,100,0,3511.70243242455,102.452903638278,4,0.998351234606297,0.998351234606297,332.340312144923,331.792360939326
12.91,100,0,3512.45700585253,102.480978336176,4,0.998356518724561,0.998356518724561,332.340849297025,331.794653334141
12.92,100,0,3513.21133504707,102.509046536528,4,0.998361801121058,0.998361801121058,332.341386354152,331.796945067601
12.93,100,0,3513.96542005392,102.537108238958,4,0.998367081796509,0.998367081796509,332.341923305734,331.799236129385
12.94,100,0,3514.71926092279,102.565163443093,4,0.998372360751534,0.998372360751534,332.342460144699,331.801526512636
12.95,100,0,3515.47285770604,102.593212148561,4,0.998377637986683,0.998377637986683,332.34299686632,331.803816212812
12.96,100,0,3516.2262104578,102.621254354989,4,0.998382913502461,0.998382913502461,332.343533467436,331.806105226921
12.97,100,0,3516.97931923337,102.649290062007,4,0.998388187299342,0.998388187299342,332.344069945935,331.808393553008
12.98,100,0,3517.73218408884,102.677319269244,4,0.998393459377781,0.998393459377781,332.34460630041,331.810681189813
12.99,100,0,3518.48480508086,102.705341976334,4,0.998398729738217,0.998398729738217,332.345142529918,331.812968136537
13,100,0,3519.23718226639,102.733358182907,4,0.998403998381081,0.998403998381081,332.345678633837,331.815254392697
13.01,100,0,3519.98931570263,102.761367888599,4,0.998409265306799,0.998409265306799,332.346214611752,331.817539958014
13.02,100,0,3520.74120544697,102.789371093044,4,0.998414530515789,0.998414530515789,332.346750463389,331.819824832353
13.03,100,0,3521.49285155685,102.81736779588,4,0.998419794008471,0.998419794008471,332.34728618857,331.822109015667
13.04,100,0,3522.24425408981,102.845357996746,4,0.99842505578526,0.99842505578526,332.347821787179,331.824392507974
13.05,100,0,3522.99541310342,102.87334169528,4,0.99843031584657,0.99843031584657,332.348357259143,331.826675309334
13.06,100,0,3523.74632865529,102.901318891124,4,0.998435574192816,0.998435574192816,332.348892604417,331.828957419838
13.07,100,0,3524.49700080302,102.929289583919,4,0.99844083082441,0.99844083082441,332.349427822976,331.831238839589
13.08,100,0,3525.24742960424,102.957253773311,4,0.998446085741765,0.998446085741765,332.349962914806,331.833519568709
13.09,100,0,3525.99761511658,102.985211458944,4,0.998451338945293,0.998451338945293,332.350497879904,331.835799607325
13.1,100,0,3526.74755739767,103.013162640465,4,0.998456590435407,0.998456590435407,332.351032718269,331.83807895557
13.11,100,0,3527.49725650513,103.041107317521,4,0.998461840212519,0.998461840212519,332.351567429909,331.840357613582
13.12,100,0,3528.24671249658,103.069045489762,4,0.99846708827704,0.99846708827704,332.352102014829,331.8426355815
13.13,100,0,3528.99592542965,103.096977156839,4,0.998472334629383,0.998472334629383,332.35263647304,331.844912859467
13.14,100,0,3529.74489536195,103.124902318404,4,0.998477579269958,0.998477579269958,332.353170804552,331.847189447624
13.15,100,0,3530.49362235109,103.152820974111,4,0.998482822199178,0.998482822199178,332.353705009375,331.849465346114
13.16,100,0,3531.24210645468,103.180733123614,4,0.998488063417455,0.998488063417455,332.354239087523,331.851740555082
13.17,100,0,3531.99034773031,103.20863876657,4,0.998493302925199,0.998493302925199,332.354773039006,331.854015074672
13.18,100,0,3532.73834623559,103.236537902636,4,0.998498540722823,0.998498540722823,332.355306863839,331.856288905029
13.19,100,0,3533.48610202809,103.264430531472,4,0.998503776810737,0.998503776810737,332.355840562031,331.858562046296
13.2,100,0,3534.2336151654,103.292316652737,4,0.998509011189354,0.998509011189354,332.356374133599,331.860834498618
13.21,100,0,3534.9808857051,103.320196266095,4,0.998514243859083,0.998514243859083,332.35690757855,331.86310626214
13.22,100,0,3535.72791370476,103.348069371208,4,0.998519474820338,0.998519474820338,332.357440896902,331.865377337006
13.23,100,0,3536.47469922194,103.37593596774,4,0.998524704073529,0.998524704073529,332.357974088665,331.867647723361
13.24,100,0,3537.2212423142,103.403796055359,4,0.998529931619067,0.998529931619067,332.358507153852,331.869917421351
13.25,100,0,3537.96754303911,103.43164963373,4,0.998535157457363,0.998535157457363,332.359040092476,331.872186431118
13.26,100,0,3538.7136014542,103.459496702524,4,0.998540381588829,0.998540381588829,332.35957290455,331.874454752809
13.27,100,0,3539.45941761701,103.48733726141,4,0.998545604013875,0.998545604013875,332.360105590085,331.876722386567
13.28,100,0,3540.20499158509,103.51517131006,4,0.998550824732913,0.998550824732913,332.360638149096,331.878989332538
13.29,100,0,3540.95032341597,103.542998848146,4,0.998556043746354,0.998556043746354,332.361170581595,331.881255590865
13.3,100,0,3541.69541316717,103.570819875344,4,0.998561261054608,0.998561261054608,332.361702887594,331.883521161693
13.31,100,0,3542.4402608962,103.598634391328,4,0.998566476658087,0.998566476658087,332.362235067106,331.885786045167
13.32,100,0,3543.18486666059,103.626442395776,4,0.998571690557201,0.998571690557201,332.362767120144,331.888050241431
13.33,100,0,3543.92923051784,103.654243888367,4,0.998576902752361,0.998576902752361,332.363299046719,331.89031375063
13.34,100,0,3544.67335252545,103.682038868779,4,0.998582113243978,0.998582113243978,332.363830846846,331.892576572908
13.35,100,0,3545.41723274092,103.709827336695,4,0.998587322032463,0.998587322032463,332.364362520536,331.894838708409
13.36,100,0,3546.16087122174,103.737609291797,4,0.998592529118226,0.998592529118226,332.364894067803,331.897100157279
13.37,100,0,3546.90426802539,103.76538473377,4,0.998597734501678,0.998597734501678,332.365425488659,331.899360919661
13.38,100,0,3547.64742320936,103.793153662297,4,0.99860293818323,0.99860293818323,332.365956783116,331.9016209957
13.39,100,0,3548.39033683111,103.820916077067,4,0.998608140163291,0.998608140163291,332.366487951187,331.90388038554
13.4,100,0,3549.13300894811,103.848671977767,4,0.998613340442274,0.998613340442274,332.367018992885,331.906139089325
13.41,100,0,3549.87543961783,103.876421364086,4,0.998618539020587,0.998618539020587,332.367549908221,331.9083971072
13.42,100,0,3550.61762889773,103.904164235717,4,0.998623735898642,0.998623735898642,332.368080697209,331.910654439308
13.43,100,0,3551.35957684524,103.93190059235,4,0.998628931076849,0.998628931076849,332.368611359862,331.912911085795
13.44,100,0,3552.10128351782,103.959630433679,4,0.998634124555618,0.998634124555618,332.369141896191,331.915167046804
13.45,100,0,3552.84274897291,103.9873537594,4,0.998639316335359,0.998639316335359,332.36967230621,331.91742232248
13.46,100,0,3553.58397326794,104.015070569209,4,0.998644506416483,0.998644506416483,332.370202589929,331.919676912967
13.47,100,0,3554.32495646033,104.042780862804,4,0.998649694799401,0.998649694799401,332.370732747364,331.921930818408
13.48,100,0,3555.06569860751,104.070484639883,4,0.998654881484521,0.998654881484521,332.371262778525,331.924184038949
13.49,100,0,3555.8061997669,104.098181900147,4,0.998660066472254,0.998660066472254,332.371792683425,331.926436574732
13.5,100,0,3556.5464599959,104.125872643299,4,0.998665249763011,0.998665249763011,332.372322462078,331.928688425903
13.51,100,0,3557.28647935193,104.15355686904,4,0.998670431357202,0.998670431357202,332.372852114494,331.930939592605
13.52,100,0,3558.02625789237,104.181234577077,4,0.998675611255235,0.998675611255235,332.373381640687,331.933190074983
13.53,100,0,3558.76579567463,104.208905767114,4,0.998680789457522,0.998680789457522,332.373911040669,331.935439873179
13.54,100,0,3559.50509275609,104.236570438859,4,0.998685965964473,0.998685965964473,332.374440314452,331.93768898734
13.55,100,0,3560.24414919413,104.264228592022,4,0.998691140776496,0.998691140776496,332.374969462049,331.939937417607
13.56,100,0,3560.98296504614,104.291880226311,4,0.998696313894002,0.998696313894002,332.375498483472,331.942185164125
13.57,100,0,3561.72154036947,104.319525341438,4,0.998701485317401,0.998701485317401,332.376027378734,331.944432227039
13.58,100,0,3562.45987522151,104.347163937117,4,0.998706655047102,0.998706655047102,332.376556147846,331.946678606491
13.59,100,0,3563.1979696596,104.374796013061,4,0.998711823083515,0.998711823083515,332.377084790823,331.948924302627
13.6,100,0,3563.9358237411,104.402421568986,4,0.99871698942705,0.99871698942705,332.377613307675,331.951169315589
13.61,100,0,3564.67343752337,104.430040604609,4,0.998722154078117,0.998722154078117,332.378141698415,331.953413645522
13.62,100,0,3565.41081106373,104.457653119647,4,0.998727317037124,0.998727317037124,332.378669963055,331.95565729257
13.63,100,0,3566.14794441954,104.485259113821,4,0.998732478304481,0.998732478304481,332.379198101609,331.957900256876
13.64,100,0,3566.88483764812,104.512858586852,4,0.998737637880599,0.998737637880599,332.379726114087,331.960142538584
13.65,100,0,3567.62149080679,104.540451538462,4,0.998742795765886,0.998742795765886,332.380254000502,331.962384137837
13.66,100,0,3568.35790395289,104.568037968374,4,0.998747951960752,0.998747951960752,332.380781760868,331.96462505478
13.67,100,0,3569.09407714372,104.595617876315,4,0.998753106465605,0.998753106465605,332.381309395195,331.966865289557
13.68,100,0,3569.83001043659,104.623191262009,4,0.998758259280856,0.998758259280856,332.381836903497,331.96910484231
13.69,100,0,3570.56570388881,104.650758125185,4,0.998763410406914,0.998763410406914,332.382364285785,331.971343713184
13.7,100,0,3571.30115755768,104.678318465573,4,0.998768559844188,0.998768559844188,332.382891542072,331.973581902322
13.71,100,0,3572.03637150048,104.705872282902,4,0.998773707593086,0.998773707593086,332.38341867237,331.975819409868
13.72,100,0,3572.77134577451,104.733419576905,4,0.998778853654019,0.998778853654019,332.383945676692,331.978056235966
13.73,100,0,3573.50608043704,104.760960347314,4,0.998783998027395,0.998783998027395,332.384472555048,331.980292380758
13.74,100,0,3574.24057554536,104.788494593865,4,0.998789140713624,0.998789140713624,332.384999307453,331.982527844389
13.75,100,0,3574.97483115673,104.816022316293,4,0.998794281713113,0.998794281713113,332.385525933918,331.984762627003
13.76,100,0,3575.70884732842,104.843543514336,4,0.998799421026273,0.998799421026273,332.386052434454,331.986996728742
13.77,100,0,3576.44262411768,104.871058187731,4,0.998804558653513,0.998804558653513,332.386578809076,331.98923014975
13.78,100,0,3577.17616158178,104.898566336221,4,0.99880969459524,0.99880969459524,332.387105057793,331.99146289017
13.79,100,0,3577.90945977795,104.926067959544,4,0.998814828851864,0.998814828851864,332.387631180619,331.993694950147
13.8,100,0,3578.64251876345,104.953563057445,4,0.998819961423794,0.998819961423794,332.388157177567,331.995926329823
13.81,100,0,3579.37533859551,104.981051629668,4,0.998825092311439,0.998825092311439,332.388683048647,331.998157029343
13.82,100,0,3580.10791933135,105.008533675957,4,0.998830221515207,0.998830221515207,332.389208793873,332.000387048849
13.83,100,0,3580.84026102821,105.03600919606,4,0.998835349035507,0.998835349035507,332.389734413256,332.002616388484
13.84,100,0,3581.57236374331,105.063478189724,4,0.998840474872747,0.998840474872747,332.390259906809,332.004845048392
13.85,100,0,3582.30422753386,105.0909406567,4,0.998845599027336,0.998845599027336,332.390785274543,332.007073028717
13.86,100,0,3583.03585245708,105.118396596738,4,0.998850721499683,0.998850721499683,332.39131051647,332.009300329602
13.87,100,0,3583.76723857015,105.145846009589,4,0.998855842290197,0.998855842290197,332.391835632605,332.01152695119
13.88,100,0,3584.4983859303,105.173288895009,4,0.998860961399284,0.998860961399284,332.392360622956,332.013752893623
13.89,100,0,3585.2292945947,105.200725252751,4,0.998866078827355,0.998866078827355,332.392885487538,332.015978157047
13.9,100,0,3585.95996462054,105.228155082573,4,0.998871194574818,0.998871194574818,332.393410226361,332.018202741603
13.91,100,0,3586.69039606502,105.25557838423,4,0.99887630864208,0.99887630864208,332.393934839439,332.020426647434
13.92,100,0,3587.42058898529,105.282995157483,4,0.99888142102955,0.99888142102955,332.394459326783,332.022649874686
13.93,100,0,3588.15054343854,105.310405402092,4,0.998886531737636,0.998886531737636,332.394983688405,332.024872423499
13.94,100,0,3588.88025948193,105.337809117817,4,0.998891640766747,0.998891640766747,332.395507924318,332.027094294018
13.95,100,0,3589.60973717262,105.365206304423,4,0.998896748117291,0.998896748117291,332.396032034533,332.029315486386
13.96,100,0,3590.33897656777,105.392596961673,4,0.998901853789675,0.998901853789675,332.396556019062,332.031536000745
13.97,100,0,3591.06797772452,105.419981089334,4,0.998906957784309,0.998906957784309,332.397079877918,332.033755837239
13.98,100,0,3591.79674070002,105.447358687171,4,0.998912060101599,0.998912060101599,332.397603611111,332.03597499601
13.99,100,0,3592.5252655514,105.474729754954,4,0.998917160741954,0.998917160741954,332.398127218656,332.038193477203
14,100,0,3593.25355233581,105.502094292453,4,0.998922259705783,0.998922259705783,332.398650700563,332.040411280959
14.01,100,0,3593.98160111036,105.529452299437,4,0.998927356993492,0.998927356993492,332.399174056844,332.042628407423
14.02,100,0,3594.70941193218,105.556803775679,4,0.99893245260549,0.99893245260549,332.399697287512,332.044844856737
14.03,100,0,3595.43698485838,105.584148720954,4,0.998937546542184,0.998937546542184,332.400220392577,332.047060629043
14.04,100,0,3596.16431994608,105.611487135037,4,0.998942638803983,0.998942638803983,332.400743372054,332.049275724485
14.05,100,0,3596.89141725239,105.638819017702,4,0.998947729391294,0.998947729391294,332.401266225952,332.051490143206
14.06,100,0,3597.61827683439,105.666144368729,4,0.998952818304524,0.998952818304524,332.401788954284,332.053703885348
14.07,100,0,3598.34489874919,105.693463187897,4,0.998957905544082,0.998957905544082,332.402311557063,332.055916951056
14.08,100,0,3599.07128305388,105.720775474985,4,0.998962991110376,0.998962991110376,332.4028340343,332.05812934047
14.09,100,0,3599.79742980553,105.748081229776,4,0.998968075003812,0.998968075003812,332.403356386006,332.060341053734
14.1,100,0,3600.52053426025,105.775380386125,4,0.998973227257696,0.998973227257696,332.401520957354,332.060220136134
14.11,100,0,3601.2343292975,105.802672206275,4,0.998978603803298,0.998978603803298,332.392076939343,332.052572936143
14.12,100,0,3601.94158185916,105.829955863151,4,0.998984134721595,0.998984134721595,332.377376242712,332.03972560686
14.13,100,0,3602.64435102155,105.857230804871,4,0.998989768049341,0.998989768049341,332.35916684895,332.023406999505
14.14,100,0,3603.34401287573,105.884496663332,4,0.998995469066146,0.998995469066146,332.338616572144,332.004772151283
14.15,100,0,3604.04152773565,105.911753181868,4,0.999001213547969,0.999001213547969,332.311233942717,331.979325984397
14.16,100,0,3604.74431875478,105.938998249638,4,0.999006814337443,0.999006814337443,332.269430739108,331.939425504392
14.17,100,0,3605.45269373284,105.966231742485,4,0.999012263704139,0.999012263704139,332.233311734708,331.905152834014
14.18,100,0,3606.16449736642,105.993454246068,4,0.999017616010336,0.999017616010336,332.200811873218,331.874463114281
14.19,100,0,3606.878358965,106.020666133665,4,0.999022905825793,0.999022905825793,332.170618513881,331.846056537688
14.2,100,0,3607.59340664541,106.047867643538,4,0.999028155138823,0.999028155138823,332.141897058598,331.81910666276
14.21,100,0,3608.30908571486,106.075058928096,4,0.999033377938204,0.999033377938204,332.114116728959,331.793087896695
14.22,100,0,3609.02504322718,106.10224008514,4,0.999038583125324,0.999038583125324,332.086939891677,331.767665903806
14.23,100,0,3609.74105458291,106.129411177734,4,0.99904377636552,0.99904377636552,332.060151729815,331.742627964662
14.24,100,0,3610.4569768504,106.156572246835,4,0.999048961265291,0.999048961265291,332.033615539634,331.71783871003
14.25,100,0,3611.17271907388,106.183723319335,4,0.999054140121012,0.999054140121012,332.007244308963,331.693211977038
14.26,100,0,3611.88822338295,106.210864413173,4,0.999059314395208,0.999059314395208,331.980982643126,331.668692911689
14.27,100,0,3612.60345297177,106.237995540586,4,0.99906448501959,0.99906448501959,331.954795268754,331.644246584961
14.28,100,0,3613.31838444818,106.26511671018,4,0.999069652587901,0.999069652587901,331.928659720077,331.619850750504
14.29,100,0,3614.03300296329,106.292227928251,4,0.999074817478655,0.999074817478655,331.902561685131,331.595491236271
14.3,100,0,3614.74729911052,106.319329199623,4,0.999079979933283,0.999079979933283,331.876492043952,331.5711590116
14.31,100,0,3615.46126695079,106.346420528181,4,0.999085140105883,0.999085140105883,331.850444983227,331.546848320267
14.32,100,0,3616.17490275468,106.373501917214,4,0.999090298094908,0.999090298094908,331.824416795956,331.522555491841
14.33,100,0,3616.88820420116,106.40057336963,4,0.999095453963349,0.999095453963349,331.798405117097,331.498278184781
14.34,100,0,3617.601169867,106.427634888094,4,0.999100607751595,0.999100607751595,331.772408436735,331.474014904353
14.35,100,0,3618.31379890139,106.454686475117,4,0.999105759485623,0.999105759485623,331.746425789967,331.449764695526
14.36,100,0,3619.02609081856,106.481728133112,4,0.999110909182222,0.999110909182222,331.720456559314,331.425526947317
14.37,100,0,3619.73804536551,106.50875986443,4,0.999116056852319,0.999116056852319,331.694500348808,331.401301268101
14.38,100,0,3620.44966243776,106.535781671383,4,0.999121202503107,0.999121202503107,331.668556903738,331.377087406132
14.39,100,0,3621.16094202555,106.562793556256,4,0.99912634613939,0.99912634613939,331.642626059486,331.352885198886
14.4,100,0,3621.87188417953,106.58979552132,4,0.999131487764453,0.999131487764453,331.616707708913,331.328694540756
14.41,100,0,3622.5824889889,106.616787568835,4,0.999136627380608,0.999136627380608,331.590801781549,331.304515362449
14.42,100,0,3623.29275656744,106.643769701057,4,0.999141764989548,0.999141764989548,331.564908230331,331.28034761785
14.43,100,0,3624.00268704459,106.670741920236,4,0.99914690059257,0.99914690059257,331.53902702313,331.256191275637
14.44,100,0,3624.71228055978,106.697704228621,4,0.999152034190718,0.999152034190718,331.51315813736,331.232046313933
14.45,100,0,3625.42153725878,106.724656628461,4,0.999157165784875,0.999157165784875,331.487301556524,331.207912716893
14.46,100,0,3626.13045729139,106.751599122003,4,0.99916229537582,0.99916229537582,331.461457268015,331.183790472524
14.47,100,0,3626.83904080996,106.778531711494,4,0.999167422964266,0.999167422964266,331.435625261713,331.159679571296
14.48,100,0,3627.54728796844,106.805454399182,4,0.999172548550884,0.999172548550884,331.409805529086,331.135580005249
14.49,100,0,3628.25519892178,106.832367187315,4,0.99917767213632,0.99917767213632,331.383998062619,331.111491767434
14.5,100,0,3628.96277382552,106.859270078141,4,0.9991827937212,0.9991827937212,331.358202855449,331.087414851544
14.51,100,0,3629.6700128356,106.88616307391,4,0.999187913306139,0.999187913306139,331.33241990113,331.063349251684
14.52,100,0,3630.37691610813,106.913046176871,4,0.999193030891747,0.999193030891747,331.30664919348,331.039294962222
14.53,100,0,3631.08348379935,106.939919389275,4,0.999198146478628,0.999198146478628,331.280890726492,331.0152519777
14.54,100,0,3631.78971606552,106.966782713371,4,0.999203260067384,0.999203260067384,331.255144494269,330.991220292766
14.55,100,0,3632.49561306293,106.993636151412,4,0.999208371658614,0.999208371658614,331.229410490984,330.967199902139
14.56,100,0,3633.20117494781,107.020479705649,4,0.999213481252916,0.999213481252916,331.203688710862,330.943190800587
14.57,100,0,3633.90640187636,107.047313378336,4,0.999218588850887,0.999218588850887,331.177979148155,330.919192982907
14.58,100,0,3634.61129400472,107.074137171726,4,0.999223694453125,0.999223694453125,331.152281797135,330.895206443915
14.59,100,0,3635.31585148898,107.100951088072,4,0.999228798060225,0.999228798060225,331.126596652093,330.871231178444
14.6,100,0,3636.02007448515,107.127755129629,4,0.999233899672785,0.999233899672785,331.100923707325,330.847267181332
14.61,100,0,3636.72396314919,107.154549298653,4,0.9992389992914,0.9992389992914,331.075262957139,330.823314447428
14.62,100,0,3637.42751763696,107.1813335974,4,0.999244096916666,0.999244096916666,331.049614395845,330.799372971586
14.63,100,0,3638.13073810428,107.208108028125,4,0.999249192549178,0.999249192549178,331.023978017758,330.775442748661
14.64,100,0,3638.83362470687,107.234872593087,4,0.999254286189533,0.999254286189533,330.9983538172,330.751523773517
14.65,100,0,3639.5361776004,107.261627294542,4,0.999259377838326,0.999259377838326,330.972741788493,330.727616041015
14.66,100,0,3640.23839694044,107.288372134751,4,0.999264467496153,0.999264467496153,330.947141925965,330.703719546024
14.67,100,0,3640.94028288253,107.31510711597,4,0.999269555163608,0.999269555163608,330.921554223944,330.67983428341
14.68,100,0,3641.64183558208,107.341832240461,4,0.999274640841288,0.999274640841288,330.895978676764,330.65596024805
14.69,100,0,3642.34305519448,107.368547510484,4,0.999279724529788,0.999279724529788,330.870415278759,330.632097434815
14.7,100,0,3643.04394187501,107.395252928299,4,0.999284806229702,0.999284806229702,330.844864024268,330.608245838583
14.71,100,0,3643.7444957789,107.421948496169,4,0.999289885941627,0.999289885941627,330.819324907631,330.584405454232
14.72,100,0,3644.44471706128,107.448634216355,4,0.999294963666156,0.999294963666156,330.793797923192,330.560576276646
14.73,100,0,3645.14460587724,107.47531009112,4,0.999300039403886,0.999300039403886,330.768283065298,330.536758300708
14.74,100,0,3645.84416238176,107.501976122728,4,0.999305113155411,0.999305113155411,330.742780328296,330.512951521304
14.75,100,0,3646.54338672979,107.528632313443,4,0.999310184921326,0.999310184921326,330.717289706539,330.489155933321
14.76,100,0,3647.24227907616,107.55527866553,4,0.999315254702226,0.999315254702226,330.69181119438,330.465371531653
14.77,100,0,3647.94083957566,107.581915181254,4,0.999320322498706,0.999320322498706,330.666344786178,330.441598311191
14.78,100,0,3648.63906838299,107.608541862881,4,0.99932538831136,0.99932538831136,330.640890476289,330.417836266831
14.79,100,0,3649.33696565279,107.635158712678,4,0.999330452140783,0.999330452140783,330.615448259078,330.394085393472
14.8,100,0,3650.03453153962,107.661765732912,4,0.99933551398757,0.99933551398757,330.590018128909,330.370345686013
14.81,100,0,3650.73176619797,107.68836292585,4,0.999340573852315,0.999340573852315,330.564600080149,330.346617139357
14.82,100,0,3651.42866978224,107.714950293762,4,0.999345631735613,0.999345631735613,330.539194107168,330.322899748408
14.83,100,0,3652.12524244678,107.741527838916,4,0.999350687638057,0.999350687638057,330.513800204339,330.299193508074
14.84,100,0,3652.82148434585,107.768095563582,4,0.999355741560244,0.999355741560244,330.488418366038,330.275498413264
14.85,100,0,3653.51739563366,107.794653470031,4,0.999360793502765,0.999360793502765,330.463048586642,330.25181445889
14.86,100,0,3654.21297646432,107.821201560532,4,0.999365843466217,0.999365843466217,330.437690860533,330.228141639865
14.87,100,0,3654.90822699188,107.847739837359,4,0.999370891451193,0.999370891451193,330.412345182092,330.204479951107
14.88,100,0,3655.60314737031,107.874268302783,4,0.999375937458286,0.999375937458286,330.387011545708,330.180829387533
14.89,100,0,3656.29773775353,107.900786959076,4,0.999380981488092,0.999380981488092,330.361689945766,330.157189944064
14.9,100,0,3656.99199829537,107.927295808512,4,0.999386023541204,0.999386023541204,330.33638037666,330.133561615625
14.91,100,0,3657.68592914957,107.953794853366,4,0.999391063618215,0.999391063618215,330.311082832782,330.109944397139
14.92,100,0,3658.37953046983,107.980284095911,4,0.99939610171972,0.99939610171972,330.285797308531,330.086338283535
14.93,100,0,3659.07280240976,108.006763538423,4,0.999401137846313,0.999401137846313,330.260523798303,330.062743269744
14.94,100,0,3659.7657451229,108.033233183178,4,0.999406171998587,0.999406171998587,330.235262296502,330.039159350696
14.95,100,0,3660.45835876271,108.059693032451,4,0.999411204177136,0.999411204177136,330.210012797531,330.015586521328
14.96,100,0,3661.1506434826,108.086143088521,4,0.999416234382553,0.999416234382553,330.184775295798,329.992024776576
14.97,100,0,3661.84259943588,108.112583353664,4,0.999421262615432,0.999421262615432,330.159549785713,329.96847411138
14.98,100,0,3662.53422677581,108.139013830159,4,0.999426288876366,0.999426288876366,330.134336261686,329.94493452068
14.99,100,0,3663.22552565557,108.165434520285,4,0.999431313165949,0.999431313165949,330.109134718134,329.92140599942
15,60,0,3663.91649622825,108.191845426321,4,0.999436335484774,0.999436335484774,330.083945149473,329.897888542547
15.01,60,0,3635.33028867008,108.21647163459,4,1.00016822296585,1.00016822296585,304.498786135026,304.550009823927
15.02,60,0,3616.49377082234,108.238513173541,4,1.0006617387762,1.0006617387762,288.761456053059,288.952540705601
15.03,60,0,3603.83883164043,108.258918944147,4,1.00100047588752,1.00100047588752,278.587055256075,278.865774887433
15.04,60,0,3595.83284409423,108.278071830956,4,1.00111105063358,1.00111105063358,269.397545428726,269.696859742261
15.05,60,0,3591.1127401402,108.296301751862,4,1.00117943185327,1.00117943185327,263.954871851852,264.26618863554
15.06,60,0,3588.35729575581,108.313975255872,4,1.00122243440618,1.00122243440618,260.64004882019,260.958664183496
15.07,60,0,3586.80721914873,108.331305548744,4,1.00124980872905,1.00124980872905,258.589151567912,258.912338546778
15.08,60,0,3586.00587891789,108.34842082628,4,1.00126745250413,1.00126745250413,257.30752368933,257.633648754562
15.09,60,0,3585.67319983545,108.365399708023,4,1.00127899627721,1.00127899627721,256.501249822554,256.829313966178
15.1,60,0,3585.63527288439,108.382291008123,4,1.00128669953991,1.00128669953991,255.991522264275,256.320906438192
15.11,60,0,3585.7832720145,108.39912527144,4,1.00129197820159,1.00129197820159,255.667912332082,255.99822970166
15.12,60,0,3586.04876217763,108.415921705687,4,1.00129572341977,1.00129572341977,255.461563330543,255.792570861001
15.13,60,0,3586.38857261604,108.432692427647,4,1.00129849764683,1.00129849764683,255.329276046553,255.660820510668
15.14,60,0,3586.77541469152,108.44944509662,4,1.00130065651482,1.00130065651482,255.243841306832,255.575825871895
15.15,60,0,3587.19201613081,108.46618456077,4,1.00130242515186,1.00130242515186,255.188077742534,255.520441113441
15.16,60,0,3587.62743486902,108.482913891691,4,1.00130394618498,1.00130394618498,255.151118151646,255.483821478753
15.17,60,0,3588.07473491087,108.499635036682,4,1.00130531002262,1.00130531002262,255.126081547571,255.459100178847
15.18,60,0,3588.52951779964,108.516349230898,4,1.00130657399494,1.00130657399494,255.108607779873,255.441926052683
15.19,60,0,3588.98899340522,108.533057258123,4,1.00130777446669,1.00130777446669,255.095932635332,255.42954058259
15.2,60,0,3589.45139141669,108.54975961594,4,1.00130893450931,1.00130893450931,255.086303047361,255.420194312271
15.21,60,0,3589.91558838061,108.566456620395,4,1.00131006876298,1.00131006876298,255.078606919578,255.412777434608
15.22,60,0,3590.38087123503,108.583148472362,4,1.00131118651923,1.00131118651923,255.072138619746,255.406585769336
15.23,60,0,3590.84678733642,108.599835299631,4,1.00131229367585,1.00131229367585,255.06645034136,255.401172431065
15.24,60,0,3591.3130493196,108.61651718361,4,1.00131339397694,1.00131339397694,255.06125785552,255.396253775338
15.25,60,0,3591.77947473081,108.633194176264,4,1.00131448979967,1.00131448979967,255.056380733566,255.39164974438
15.26,60,0,3592.24594771811,108.649866310866,4,1.00131558265351,1.00131558265351,255.05170442468,255.387246022769
15.27,60,0,3592.71239471634,108.666533608825,4,1.0013166734971,1.0013166734971,255.047156193804,255.382970024874
15.28,60,0,3593.17876901216,108.683196084011,4,1.00131776293931,1.00131776293931,255.042689851704,255.378775656332
15.29,60,0,3593.64504094492,108.699853745512,4,1.00131885136692,1.00131885136692,255.038276063234,255.374633642238
15.3,60,0,3594.11119168484,108.716506599375,4,1.00131993902568,1.00131993902568,255.033896195245,255.370525387704
15.31,60,0,3594.57720928201,108.733154649717,4,1.00132102607173,1.00132102607173,255.029538410926,255.366439080229
15.32,60,0,3595.04308615717,108.749797899428,4,1.00132211260433,1.00132211260433,255.025195189987,255.362367214971
15.33,60,0,3595.50881750802,108.766436350621,4,1.00132319868658,1.00132319868658,255.020861753975,255.358305023297
15.34,60,0,3595.97440029671,108.783070004913,4,1.00132428435859,1.00132428435859,255.016535066233,255.354249474803
15.35,60,0,3596.43983260677,108.799698863606,4,1.00132536964591,1.00132536964591,255.012213196732,255.350198643439
15.36,60,0,3596.90511323439,108.816322927802,4,1.0013264545648,1.0013264545648,255.007894918603,255.346151304877
15.37,60,0,3597.37024142877,108.832942198479,4,1.00132753912562,1.00132753912562,255.003579451822,255.342106680716
15.38,60,0,3597.83521672707,108.849556676531,4,1.00132862333498,1.00132862333498,254.999266300349,255.33806427596
15.39,60,0,3598.30003884954,108.866166362803,4,1.00132970719714,1.00132970719714,254.994955148658,255.334023775752
15.4,60,0,3598.76470763285,108.882771258108,4,1.00133079071479,1.00133079071479,254.990645795966,255.32998497975
15.41,60,0,3599.2292229877,108.899371363236,4,1.00133187388972,1.00133187388972,254.986338114445,255.325947760413
15.42,60,0,3599.69358487184,108.915966678967,4,1.00133295672305,1.00133295672305,254.982032022648,255.321912036489
15.43,60,0,3600.1572472414,108.932557194934,4,1.00133404623824,1.00133404623824,254.977195621236,255.317346989891
15.44,60,0,3600.61483964963,108.949142528091,4,1.00133521138097,1.00133521138097,254.966607242258,255.307041558015
15.45,60,0,3601.0671018818,108.965721916708,4,1.00133644228526,1.00133644228526,254.951013108086,255.291740422672
15.46,60,0,3601.51595446932,108.982294848017,4,1.00133771400387,1.00133771400387,254.932301819458,255.273328329641
15.47,60,0,3601.96259521372,108.998861003274,4,1.00133901098002,1.00133901098002,254.911650982041,255.252980481639
15.48,60,0,3602.40777125527,109.015420184717,4,1.00134032351162,1.00134032351162,254.88979490865,255.231429693639
15.49,60,0,3602.85194870228,109.03197227003,4,1.00134164554723,1.00134164554723,254.86719153018,255.209132962832
15.5,60,0,3603.29541839398,109.048517183945,4,1.00134297331187,1.00134297331187,254.844126451838,255.186375312349
15.51,60,0,3603.73836184767,109.065054880542,4,1.00134430445036,1.00134430445036,254.820777823366,255.163334529039
15.52,60,0,3604.18089238348,109.081585332206,4,1.00134563749316,1.00134563749316,254.797256782066,255.140121523947
15.53,60,0,3604.62308077289,109.098108522745,4,1.00134697152318,1.00134697152318,254.773632668992,255.116805497055
15.54,60,0,3605.06497123714,109.11462444309,4,1.00134830596806,1.00134830596806,254.749948752983,255.093429629251
15.55,60,0,3605.50659142784,109.131133088623,4,1.00134964047055,1.00134964047055,254.726232036908,255.070020868577
15.56,60,0,3605.94795865413,109.147634457499,4,1.00135097480766,1.00135097480766,254.70249937413,255.046596034232
15.57,60,0,3606.38908376865,109.164128549606,4,1.00135230884018,1.00135230884018,254.678761284081,255.023165624371
15.58,60,0,3606.82997359278,109.180615365913,4,1.00135364248124,1.00135364248124,254.655024332836,254.999736191835
15.59,60,0,3607.27063243054,109.197094908066,4,1.00135497567665,1.00135497567665,254.631292618586,254.976311826598
15.6,60,0,3607.7110630137,109.21356717813,4,1.00135630839259,1.00135630839259,254.607568698727,254.952895080971
15.61,60,0,3608.15126709191,109.230032178433,4,1.001357640608,1.001357640608,254.583854168526,254.929487547087
15.62,60,0,3608.59124580125,109.246489911469,4,1.00135897230978,1.00135897230978,254.560150022374,254.906090217429
15.63,60,0,3609.03099989437,109.262940379833,4,1.0013603034898,1.0013603034898,254.536456879343,254.882703709918
15.64,60,0,3609.47052988432,109.279383586184,4,1.00136163414304,1.00136163414304,254.512775124038,254.859328408487
15.65,60,0,3609.90983613433,109.295819533219,4,1.00136296426641,1.00136296426641,254.489104994571,254.835964550869
15.66,60,0,3610.348918914,109.312248223662,4,1.00136429385805,1.00136429385805,254.465446637506,254.81261228344
15.67,60,0,3610.78777843435,109.32866966025,4,1.00136562291686,1.00136562291686,254.441800142195,254.789271695476
15.68,60,0,3611.22641486974,109.34508384573,4,1.00136695144219,1.00136695144219,254.41816556223,254.765942840563
15.69,60,0,3611.6648283716,109.361490782856,4,1.00136827943371,1.00136827943371,254.394542928841,254.742625749978
15.7,60,0,3612.10301907698,109.377890474382,4,1.00136960689127,1.00136960689127,254.370932259282,254.719320441044
15.71,60,0,3612.54098711394,109.394282923066,4,1.00137093381484,1.00137093381484,254.347333562071,254.696026922366
15.72,60,0,3612.97873260485,109.410668131666,4,1.00137226020446,1.00137226020446,254.323746840252,254.67274519709
15.73,60,0,3613.41625566856,109.427046102941,4,1.0013735860602,1.0013735860602,254.30017209346,254.649475264953
15.74,60,0,3613.85355642163,109.44341683965,4,1.00137491138218,1.00137491138218,254.276609319186,254.62621712356
15.75,60,0,3614.29063497922,109.459780344551,4,1.00137623617052,1.00137623617052,254.253058513587,254.60297076918
15.76,60,0,3614.72749145556,109.476136620401,4,1.00137756042538,1.00137756042538,254.229519671987,254.579736197251
15.77,60,0,3615.16412596428,109.492485669959,4,1.00137888414689,1.00137888414689,254.205992789184,254.556513402686
15.78,60,0,3615.60053861864,109.50882749598,4,1.00138020733521,1.00138020733521,254.182477859654,254.533302380079
15.79,60,0,3616.03672953162,109.525162101222,4,1.0013815299905,1.0013815299905,254.158974877671,254.510103123818
15.8,60,0,3616.472698816,109.54148948844,4,1.0013828521129,1.0013828521129,254.135483837379,254.486915628166
15.81,60,0,3616.90844658444,109.557809660388,4,1.00138417370258,1.00138417370258,254.112004732849,254.463739887309
15.82,60,0,3617.34397294949,109.574122619821,4,1.00138549475969,1.00138549475969,254.0885375581,254.440575895385
15.83,60,0,3617.77927802361,109.590428369493,4,1.0013868152844,1.0013868152844,254.065082307128,254.417423646504
15.84,60,0,3618.21436191917,109.606726912157,4,1.00138813527686,1.00138813527686,254.041638973908,254.394283134758
15.85,60,0,3618.64922474849,109.623018250566,4,1.00138945473723,1.00138945473723,254.018207552405,254.37115435423
15.86,60,0,3619.08386662383,109.639302387471,4,1.00139077366567,1.00139077366567,253.994788036582,254.348037299
15.87,60,0,3619.51828765737,109.655579325623,4,1.00139209206234,1.00139209206234,253.971380420398,254.324931963141
15.88,60,0,3619.95248796124,109.671849067773,4,1.00139340992739,1.00139340992739,253.947984697813,254.301838340733
15.89,60,0,3620.38646764753,109.68811161667,4,1.001394727261,1.001394727261,253.924600862789,254.27875642585
15.9,60,0,3620.82022682825,109.704366975065,4,1.00139604406331,1.00139604406331,253.901228909289,254.255686212574
15.91,60,0,3621.25376561536,109.720615145705,4,1.00139736033449,1.00139736033449,253.877868831275,254.232627694984
15.92,60,0,3621.68708412077,109.736856131339,4,1.00139867607469,1.00139867607469,253.854520622717,254.209580867164
15.93,60,0,3622.12018245633,109.753089934713,4,1.00139999128408,1.00139999128408,253.831184277585,254.1865457232
15.94,60,0,3622.55306073383,109.769316558574,4,1.00140130596281,1.00140130596281,253.80785978985,254.163522257181
15.95,60,0,3622.98571906502,109.785536005669,4,1.00140262011104,1.00140262011104,253.784547153489,254.140510463198
15.96,60,0,3623.41815756158,109.801748278742,4,1.00140393372894,1.00140393372894,253.761246362481,254.117510335347
15.97,60,0,3623.85037633514,109.817953380539,4,1.00140524681665,1.00140524681665,253.737957410807,254.094521867723
15.98,60,0,3624.28237549728,109.834151313803,4,1.00140655937435,1.00140655937435,253.714680292451,254.071545054428
15.99,60,0,3624.71415515952,109.850342081277,4,1.00140787140219,1.00140787140219,253.691415001402,254.048579889564
16,60,0,3625.14571543332,109.866525685705,4,1.00140918290033,1.00140918290033,253.66816153165,254.025626367238
16.01,60,0,3625.57705643009,109.882702129829,4,1.00141049386892,1.00141049386892,253.644919877187,254.002684481557
16.02,60,0,3626.00817826119,109.898871416389,4,1.00141180430814,1.00141180430814,253.621690032011,253.979754226635
16.03,60,0,3626.43908103791,109.915033548127,4,1.00141311421813,1.00141311421813,253.598471990119,253.956835596584
16.04,60,0,3626.8697648715,109.931188527782,4,1.00141442359905,1.00141442359905,253.575265745516,253.933928585523
16.05,60,0,3627.30022987316,109.947336358095,4,1.00141573245107,1.00141573245107,253.552071292206,253.911033187572
16.06,60,0,3627.73047615402,109.963477041804,4,1.00141704077435,1.00141704077435,253.528888624198,253.888149396855
16.07,60,0,3628.16050382515,109.979610581647,4,1.00141834856904,1.00141834856904,253.505717735503,253.865277207497
16.08,60,0,3628.59031299758,109.995736980362,4,1.0014196558353,1.0014196558353,253.482558620134,253.842416613627
16.09,60,0,3629.01990378229,110.011856240685,4,1.0014209625733,1.0014209625733,253.45941127211,253.819567609378
16.1,60,0,3629.44927629019,110.027968365353,4,1.00142226878319,1.00142226878319,253.43627568545,253.796730188884
16.11,60,0,3629.87843063214,110.044073357101,4,1.00142357446512,1.00142357446512,253.413151854177,253.773904346283
16.12,60,0,3630.30736691895,110.060171218664,4,1.00142487961927,1.00142487961927,253.390039772317,253.751090075715
16.13,60,0,3630.73608526136,110.076261952777,4,1.00142618424579,1.00142618424579,253.3669394339,253.728287371324
16.14,60,0,3631.16458577008,110.092345562173,4,1.00142748834483,1.00142748834483,253.343850832956,253.705496227255
16.15,60,0,3631.59286855576,110.108422049585,4,1.00142879191657,1.00142879191657,253.320773963521,253.682716637659
16.16,60,0,3632.02093372896,110.124491417745,4,1.00143009496115,1.00143009496115,253.297708819633,253.659948596686
16.17,60,0,3632.44878140024,110.140553669384,4,1.00143139747874,1.00143139747874,253.274655395332,253.637192098493
16.18,60,0,3632.87641168006,110.156608807235,4,1.00143269946949,1.00143269946949,253.251613684663,253.614447137236
16.19,60,0,3633.30382467886,110.172656834027,4,1.00143400093356,1.00143400093356,253.228583681672,253.591713707077
16.2,60,0,3633.73102050699,110.188697752489,4,1.00143530187113,1.00143530187113,253.205565380409,253.568991802178
16.21,60,0,3634.15799927478,110.204731565352,4,1.00143660228233,1.00143660228233,253.182558774926,253.546281416708
16.22,60,0,3634.58476109249,110.220758275342,4,1.00143790216734,1.00143790216734,253.159563859279,253.523582544834
16.23,60,0,3635.01130607032,110.236777885189,4,1.0014392015263,1.0014392015263,253.136580627525,253.500895180727
16.24,60,0,3635.43763431842,110.252790397618,4,1.00144050035939,1.00144050035939,253.113609073728,253.478219318565
16.25,60,0,3635.86374594689,110.268795815356,4,1.00144179866676,1.00144179866676,253.09064919195,253.455554952525
16.26,60,0,3636.28964106578,110.28479414113,4,1.00144309644857,1.00144309644857,253.06770097626,253.432902076786
16.27,60,0,3636.71531978506,110.300785377663,4,1.00144439370498,1.00144439370498,253.044764420728,253.410260685534
16.28,60,0,3637.14078221468,110.316769527681,4,1.00144569043614,1.00144569043614,253.021839519426,253.387630772954
16.29,60,0,3637.56602846451,110.332746593908,4,1.00144698664222,1.00144698664222,252.998926266431,253.365012333234
16.3,60,0,3637.99105864439,110.348716579065,4,1.00144828232338,1.00144828232338,252.976024655822,253.34240536057
16.31,60,0,3638.41587286407,110.364679485877,4,1.00144957747977,1.00144957747977,252.953134681681,253.319809849154
16.32,60,0,3638.84047123327,110.380635317063,4,1.00145087211156,1.00145087211156,252.930256338093,253.297225793183
16.33,60,0,3639.26485386167,110.396584075347,4,1.0014521662189,1.0014521662189,252.907389619146,253.274653186861
16.34,60,0,3639.68902085886,110.412525763448,4,1.00145345980196,1.00145345980196,252.884534518929,253.252092024389
16.35,60,0,3640.1129723344,110.428460384085,4,1.00145475286088,1.00145475286088,252.861691031538,253.229542299974
16.36,60,0,3640.53670839779,110.444387939979,4,1.00145604539584,1.00145604539584,252.838859151069,253.207004007826
16.37,60,0,3640.96022915848,110.460308433847,4,1.00145733740699,1.00145733740699,252.816038871622,253.184477142156
16.38,60,0,3641.38353472585,110.476221868408,4,1.00145862889449,1.00145862889449,252.793230187298,253.16196169718
16.39,60,0,3641.80662520924,110.492128246378,4,1.0014599198585,1.0014599198585,252.770433092202,253.139457667114
16.4,60,0,3642.22950071795,110.508027570474,4,1.00146121029917,1.00146121029917,252.747647580446,253.116965046182
16.41,60,0,3642.65216136119,110.523919843412,4,1.00146250021668,1.00146250021668,252.724873646138,253.094483828605
16.42,60,0,3643.07460724814,110.539805067908,4,1.00146378961117,1.00146378961117,252.702111283393,253.07201400861
16.43,60,0,3643.49683848792,110.555683246674,4,1.0014650784828,1.0014650784828,252.679360486329,253.049555580426
16.44,60,0,3643.9188551896,110.571554382427,4,1.00146636683174,1.00146636683174,252.656621249063,253.027108538283
16.45,60,0,3644.34065746219,110.587418477878,4,1.00146765465815,1.00146765465815,252.633893565721,253.004672876419
16.46,60,0,3644.76224541466,110.60327553574,4,1.00146894196218,1.00146894196218,252.611177430428,252.982248589071
16.47,60,0,3645.1836191559,110.619125558726,4,1.00147022874399,1.00147022874399,252.588472837314,252.95983567048
16.48,60,0,3645.60477879477,110.634968549546,4,1.00147151500374,1.00147151500374,252.565779780508,252.937434114887
16.49,60,0,3646.02572444007,110.650804510911,4,1.0014728007416,1.0014728007416,252.543098254146,252.915043916541
16.5,60,0,3646.44645620053,110.66663344553,4,1.00147408595771,1.00147408595771,252.520428252365,252.892665069688
16.51,60,0,3646.86697418486,110.682455356114,4,1.00147537065225,1.00147537065225,252.497769769307,252.870297568582
16.52,60,0,3647.28727850168,110.698270245371,4,1.00147665482536,1.00147665482536,252.475122799114,252.847941407478
16.53,60,0,3647.70736925957,110.714078116008,4,1.00147793847721,1.00147793847721,252.452487335931,252.825596580632
16.54,60,0,3648.12724656708,110.729878970732,4,1.00147922160796,1.00147922160796,252.42986337391,252.803263082306
16.55,60,0,3648.54691053266,110.745672812252,4,1.00148050421776,1.00148050421776,252.4072509072,252.780940906762
16.56,60,0,3648.96636126474,110.761459643271,4,1.00148178630678,1.00148178630678,252.384649929958,252.758630048265
16.57,60,0,3649.3855988717,110.777239466496,4,1.00148306787517,1.00148306787517,252.362060436342,252.736330501087
16.58,60,0,3649.80462346184,110.793012284631,4,1.0014843489231,1.0014843489231,252.339482420512,252.714042259497
16.59,60,0,3650.22343514341,110.808778100381,4,1.00148562945071,1.00148562945071,252.316915876631,252.691765317771
16.6,60,0,3650.64203402464,110.824536916448,4,1.00148690945819,1.00148690945819,252.294360798867,252.669499670186
16.61,60,0,3651.06042021367,110.840288735534,4,1.00148818894567,1.00148818894567,252.271817181387,252.647245311019
16.62,60,0,3651.47859381861,110.856033560343,4,1.00148946791332,1.00148946791332,252.249285018365,252.625002234557
16.63,60,0,3651.89655494748,110.871771393575,4,1.0014907463613,1.0014907463613,252.226764303977,252.602770435085
16.64,60,0,3652.3143037083,110.887502237931,4,1.00149202428977,1.00149202428977,252.204255032399,252.58054990689
16.65,60,0,3652.731840209,110.90322609611,4,1.00149330169889,1.00149330169889,252.181757197813,252.558340644265
16.66,60,0,3653.14916455746,110.918942970813,4,1.00149457858881,1.00149457858881,252.159270794404,252.536142641503
16.67,60,0,3653.56627686152,110.934652864737,4,1.0014958549597,1.0014958549597,252.136795816358,252.513955892902
16.68,60,0,3653.98317722895,110.950355780581,4,1.00149713081171,1.00149713081171,252.114332257864,252.491780392761
16.69,60,0,3654.39986576748,110.966051721041,4,1.00149840614501,1.00149840614501,252.091880113115,252.469616135383
16.7,60,0,3654.81634258477,110.981740688815,4,1.00149968095975,1.00149968095975,252.069439376305,252.447463115073
16.71,60,0,3655.23260778846,110.997422686599,4,1.0015009552561,1.0015009552561,252.047010041635,252.42532132614
16.72,60,0,3655.6486614861,111.013097717088,4,1.0015022290342,1.0015022290342,252.024592103304,252.403190762895
16.73,60,0,3656.06450378521,111.028765782975,4,1.00150350229423,1.00150350229423,252.002185555518,252.381071419651
16.74,60,0,3656.48013479324,111.044426886956,4,1.00150477503633,1.00150477503633,251.979790392482,252.358963290725
16.75,60,0,3656.8955546176,111.060081031724,4,1.00150604726068,1.00150604726068,251.957406608407,252.336866370437
16.76,60,0,3657.31076336564,111.075728219971,4,1.00150731896742,1.00150731896742,251.935034197504,252.314780653107
16.77,60,0,3657.72576114466,111.091368454389,4,1.00150859015672,1.00150859015672,251.912673153992,252.292706133064
16.78,60,0,3658.1405480619,111.10700173767,4,1.00150986082873,1.00150986082873,251.890323472086,252.270642804633
16.79,60,0,3658.55512422456,111.122628072503,4,1.00151113098362,1.00151113098362,251.867985146009,252.248590662146
16.8,60,0,3658.96948973978,111.13824746158,4,1.00151240062154,1.00151240062154,251.845658169985,252.226549699934
16.81,60,0,3659.38364471464,111.153859907589,4,1.00151366974266,1.00151366974266,251.82334253824,252.204519912337
16.82,60,0,3659.79758925618,111.169465413219,4,1.00151493834713,1.00151493834713,251.801038245006,252.182501293691
16.83,60,0,3660.21132347137,111.185063981157,4,1.00151620643511,1.00151620643511,251.778745284515,252.16049383834
16.84,60,0,3660.62484746714,111.200655614092,4,1.00151747400676,1.00151747400676,251.756463651001,252.138497540626
16.85,60,0,3661.03816135037,111.216240314709,4,1.00151874106224,1.00151874106224,251.734193338704,252.116512394899
16.86,60,0,3661.45126522787,111.231818085695,4,1.00152000760171,1.00152000760171,251.711934341867,252.094538395508
16.87,60,0,3661.86415920642,111.247388929735,4,1.00152127362533,1.00152127362533,251.689686654731,252.072575536807
16.88,60,0,3662.27684339273,111.262952849514,4,1.00152253913326,1.00152253913326,251.667450271545,252.05062381315
16.89,60,0,3662.68931789346,111.278509847715,4,1.00152380412565,1.00152380412565,251.645225186557,252.028683218896
16.9,60,0,3663.10158281522,111.294059927021,4,1.00152506860266,1.00152506860266,251.623011394023,252.006753748407
16.91,60,0,3663.51363826456,111.309603090116,4,1.00152633256446,1.00152633256446,251.600808888197,251.984835396047
16.92,60,0,3663.925484348,111.325139339681,4,1.0015275960112,1.0015275960112,251.578617663338,251.962928156183
16.93,60,0,3664.33712117197,111.340668678397,4,1.00152885894304,1.00152885894304,251.556437713706,251.941032023184
16.94,60,0,3664.74854884289,111.356191108945,4,1.00153012136015,1.00153012136015,251.534269033567,251.919146991424
16.95,60,0,3665.15976746708,111.371706634005,4,1.00153138326267,1.00153138326267,251.512111617187,251.897273055276
16.96,60,0,3665.57077715085,111.387215256257,4,1.00153264465077,1.00153264465077,251.489965458836,251.87541020912
16.97,60,0,3665.98157800044,111.402716978377,4,1.00153390552461,1.00153390552461,251.467830552788,251.853558447335
16.98,60,0,3666.39217012202,111.418211803046,4,1.00153516588435,1.00153516588435,251.445706893317,251.831717764307
16.99,60,0,3666.80255362174,111.433699732939,4,1.00153642573015,1.00153642573015,251.423594474704,251.80988815442
17,60,0,3667.21272860567,111.449180770733,4,1.00153768506215,1.00153768506215,251.401493291227,251.788069612064
17.01,60,0,3667.62269517985,111.464654919105,4,1.00153894388054,1.00153894388054,251.379403337172,251.766262131631
17.02,60,0,3668.03245345025,111.480122180729,4,1.00154020218545,1.00154020218545,251.357324606826,251.744465707515
17.03,60,0,3668.44200352279,111.495582558279,4,1.00154145997706,1.00154145997706,251.335257094479,251.722680334115
17.04,60,0,3668.85134550335,111.511036054431,4,1.00154271725552,1.00154271725552,251.313200794424,251.70090600583
17.05,60,0,3669.26047949773,111.526482671856,4,1.00154397402099,1.00154397402099,251.291155700956,251.679142717062
17.06,60,0,3669.66940561172,111.541922413228,4,1.00154523027363,1.00154523027363,251.269121808373,251.657390462219
17.07,60,0,3670.07812395101,111.557355281218,4,1.00154648601359,1.00154648601359,251.247099110978,251.635649235708
17.08,60,0,3670.48663462128,111.572781278497,4,1.00154774124104,1.00154774124104,251.225087603072,251.61391903194
17.09,60,0,3670.89493772813,111.588200407736,4,1.00154899595614,1.00154899595614,251.203087278964,251.592199845329
17.1,60,0,3671.30303337711,111.603612671605,4,1.00155025015904,1.00155025015904,251.181098132963,251.570491670293
17.11,60,0,3671.71092167373,111.619018072773,4,1.00155150384991,1.00155150384991,251.159120159383,251.54879450125
17.12,60,0,3672.11860272345,111.634416613908,4,1.0015527570289,1.0015527570289,251.137153352539,251.527108332624
17.13,60,0,3672.52607663165,111.649808297677,4,1.00155400969617,1.00155400969617,251.115197706748,251.50543315884
17.14,60,0,3672.93334350368,111.66519312675,4,1.00155526185188,1.00155526185188,251.093253216331,251.483768974323
17.15,60,0,3673.34040344484,111.68057110379,4,1.00155651349619,1.00155651349619,251.071319875614,251.462115773506
17.16,60,0,3673.74725656037,111.695942231465,4,1.00155776462926,1.00155776462926,251.049397678921,251.440473550822
17.17,60,0,3674.15390295547,111.711306512439,4,1.00155901525124,1.00155901525124,251.027486620583,251.418842300706
17.18,60,0,3674.56034273525,111.726663949378,4,1.00156026536231,1.00156026536231,251.005586694933,251.397222017598
17.19,60,0,3674.96657600482,111.742014544943,4,1.0015615149626,1.0015615149626,250.983697896305,251.375612695939
17.2,60,0,3675.3726028692,111.7573583018,4,1.00156276405229,1.00156276405229,250.961820219037,251.354014330174
17.21,60,0,3675.77842343338,111.772695222609,4,1.00156401263154,1.00156401263154,250.939953657471,251.332426914749
17.22,60,0,3676.18403780228,111.788025310033,4,1.00156526070049,1.00156526070049,250.91809820595,251.310850444114
17.23,60,0,3676.58944608077,111.803348566733,4,1.00156650825932,1.00156650825932,250.896253858819,251.289284912721
17.24,60,0,3676.99464837369,111.818664995369,4,1.00156775530817,1.00156775530817,250.87442061043,251.267730315026
17.25,60,0,3677.3996447858,111.8339745986,4,1.00156900184722,1.00156900184722,250.852598455133,251.246186645488
17.26,60,0,3677.80443542183,111.849277379087,4,1.00157024787661,1.00157024787661,250.830787387283,251.224653898565
17.27,60,0,3678.20902038644,111.864573339486,4,1.0015714933965,1.0015714933965,250.808987401238,251.203132068723
17.28,60,0,3678.61339978424,111.879862482456,4,1.00157273840707,1.00157273840707,250.78719849136,251.181621150428
17.29,60,0,3679.01757371981,111.895144810654,4,1.00157398290845,1.00157398290845,250.765420652011,251.160121138148
17.3,60,0,3679.42154229764,111.910420326736,4,1.00157522690082,1.00157522690082,250.743653877558,251.138632026356
17.31,60,0,3679.82530562221,111.925689033357,4,1.00157647038433,1.00157647038433,250.721898162369,251.117153809524
17.32,60,0,3680.22886379793,111.940950933173,4,1.00157771335914,1.00157771335914,250.700153500815,251.095686482131
17.33,60,0,3680.63221692913,111.956206028838,4,1.00157895582541,1.00157895582541,250.678419887272,251.074230038657
17.34,60,0,3681.03536512014,111.971454323005,4,1.00158019778329,1.00158019778329,250.656697316117,251.052784473584
17.35,60,0,3681.4383084752,111.986695818327,4,1.00158143923296,1.00158143923296,250.63498578173,251.031349781397
17.36,60,0,3681.84104709851,112.001930517456,4,1.00158268017455,1.00158268017455,250.613285278495,251.009925956585
17.37,60,0,3682.24358109422,112.017158423045,4,1.00158392060825,1.00158392060825,250.591595800795,250.988512993638
17.38,60,0,3682.64591056643,112.032379537743,4,1.00158516053419,1.00158516053419,250.569917343022,250.96711088705
17.39,60,0,3683.04803561919,112.047593864202,4,1.00158639995255,1.00158639995255,250.548249899565,250.945719631318
17.4,60,0,3683.44995635648,112.062801405069,4,1.00158763886348,1.00158763886348,250.526593464819,250.924339220939
17.41,60,0,3683.85167288224,112.078002162996,4,1.00158887726714,1.00158887726714,250.504948033181,250.902969650416
17.42,60,0,3684.25318530038,112.093196140628,4,1.00159011516368,1.00159011516368,250.48331359905,250.881610914254
17.43,60,0,3684.65449371472,112.108383340615,4,1.00159135255327,1.00159135255327,250.461690156831,250.860263006959
17.44,60,0,3685.05559822905,112.123563765602,4,1.00159258943607,1.00159258943607,250.440077700926,250.838925923041
17.45,60,0,3685.45649894711,112.138737418236,4,1.00159382581224,1.00159382581224,250.418476225745,250.817599657014
17.46,60,0,3685.85719597257,112.153904301163,4,1.00159506168192,1.00159506168192,250.396885725697,250.79628420339
17.47,60,0,3686.25768940908,112.169064417026,4,1.00159629704529,1.00159629704529,250.375306195198,250.774979556691
17.48,60,0,3686.65797936021,112.18421776847,4,1.0015975319025,1.0015975319025,250.353737628664,250.753685711435
17.49,60,0,3687.05806592949,112.199364358139,4,1.0015987662537,1.0015987662537,250.332180020514,250.732402662147
17.5,60,0,3687.4579492204,112.214504188675,4,1.00160000009907,1.00160000009907,250.31063336517,250.711130403352
17.51,60,0,3687.85762933636,112.22963726272,4,1.00160123343875,1.00160123343875,250.289097657056,250.68986892958
17.52,60,0,3688.25710638074,112.244763582915,4,1.00160246627291,1.00160246627291,250.267572890601,250.668618235361
17.53,60,0,3688.65638045687,112.259883151901,4,1.0016036986017,1.0016036986017,250.246059060235,250.647378315231
17.54,60,0,3689.05545166803,112.274995972319,4,1.00160493042528,1.00160493042528,250.22455616039,250.626149163725
17.55,60,0,3689.45432011742,112.290102046807,4,1.00160616174382,1.00160616174382,250.203064185504,250.604930775385
17.56,60,0,3689.85298590822,112.305201378003,4,1.00160739255747,1.00160739255747,250.181583130013,250.583723144751
17.57,60,0,3690.25144914355,112.320293968547,4,1.00160862286638,1.00160862286638,250.160112988361,250.56252626637
17.58,60,0,3690.64970992646,112.335379821074,4,1.00160985267072,1.00160985267072,250.138653754991,250.541340134789
17.59,60,0,3691.04776835998,112.350458938223,4,1.00161108197065,1.00161108197065,250.11720542435,250.520164744559
17.6,60,0,3691.44562454707,112.365531322628,4,1.00161231076632,1.00161231076632,250.095767990889,250.499000090232
17.61,60,0,3691.84327859064,112.380596976924,4,1.0016135390579,1.0016135390579,250.074341449059,250.477846166365
17.62,60,0,3692.24073059355,112.395655903747,4,1.00161476684554,1.00161476684554,250.052925793316,250.456702967517
17.63,60,0,3692.6379806586,112.41070810573,4,1.00161599412939,1.00161599412939,250.031521018119,250.435570488247
17.64,60,0,3693.03502888857,112.425753585505,4,1.00161722090963,1.00161722090963,250.010127117927,250.414448723122
17.65,60,0,3693.43187538615,112.440792345707,4,1.00161844718641,1.00161844718641,249.988744087205,250.393337666706
17.66,60,0,3693.828520254,112.455824388966,4,1.00161967295988,1.00161967295988,249.967371920419,250.37223731357
17.67,60,0,3694.22496359472,112.470849717913,4,1.00162089823021,1.00162089823021,249.946010612038,250.351147658286
17.68,60,0,3694.62120551087,112.48586833518,4,1.00162212299755,1.00162212299755,249.924660156535,250.330068695429
17.69,60,0,3695.01724610496,112.500880243395,4,1.00162334726206,1.00162334726206,249.903320548383,250.309000419574
17.7,60,0,3695.41308547942,112.515885445187,4,1.0016245710239,1.0016245710239,249.881991782061,250.287942825304
17.71,60,0,3695.80872373667,112.530883943186,4,1.00162579428323,1.00162579428323,249.860673852048,250.266895907201
17.72,60,0,3696.20416097905,112.545875740018,4,1.00162701704021,1.00162701704021,249.839366752827,250.24585965985
17.73,60,0,3696.59939730886,112.560860838311,4,1.001628239295,1.001628239295,249.818070478884,250.224834077839
17.74,60,0,3696.99443282835,112.57583924069,4,1.00162946104775,1.00162946104775,249.796785024709,250.203819155759
17.75,60,0,3697.38926763971,112.590810949783,4,1.00163068229862,1.00163068229862,249.775510384791,250.182814888205
17.76,60,0,3697.78390184509,112.605775968212,4,1.00163190304778,1.00163190304778,249.754246553625,250.161821269772
17.77,60,0,3698.17833554659,112.620734298604,4,1.00163312329538,1.00163312329538,249.732993525707,250.140838295058
17.78,60,0,3698.57256884624,112.63568594358,4,1.00163434304157,1.00163434304157,249.711751295536,250.119865958665
17.79,60,0,3698.96660184605,112.650630905765,4,1.00163556228652,1.00163556228652,249.690519857616,250.098904255198
17.8,60,0,3699.36043464794,112.66556918778,4,1.00163678103039,1.00163678103039,249.669299206452,250.077953179264
17.81,60,0,3699.75406735382,112.680500792247,4,1.00163799927334,1.00163799927334,249.648089336549,250.057012725472
17.82,60,0,3700.14750006553,112.695425721786,4,1.00163921701551,1.00163921701551,249.62689024242,250.036082888435
17.83,60,0,3700.54073288485,112.710343979018,4,1.00164043425708,1.00164043425708,249.605701918578,250.015163662767
17.84,60,0,3700.93376591352,112.725255566562,4,1.0016416509982,1.0016416509982,249.584524359538,249.994255043086
17.85,60,0,3701.32659925323,112.740160487037,4,1.00164286723902,1.00164286723902,249.563357559819,249.973357024014
17.86,60,0,3701.71923300562,112.755058743061,4,1.00164408297971,1.00164408297971,249.542201513941,249.95246960017
17.87,60,0,3702.11166727228,112.769950337251,4,1.00164529822043,1.00164529822043,249.521056216431,249.931592766183
17.88,60,0,3702.50390215474,112.784835272224,4,1.00164651296133,1.00164651296133,249.499921661814,249.91072651668
17.89,60,0,3702.89593775449,112.799713550596,4,1.00164772720257,1.00164772720257,249.47879784462,249.889870846293
17.9,60,0,3703.28777417296,112.814585174983,4,1.00164894094431,1.00164894094431,249.457684759381,249.869025749654
17.91,60,0,3703.67941151153,112.829450147998,4,1.00165015418671,1.00165015418671,249.436582400633,249.8481912214
17.92,60,0,3704.07084987155,112.844308472256,4,1.00165136692993,1.00165136692993,249.415490762913,249.827367256171
17.93,60,0,3704.46208935429,112.85916015037,4,1.00165257917412,1.00165257917412,249.394409840761,249.806553848607
17.94,60,0,3704.85313006099,112.874005184953,4,1.00165379091945,1.00165379091945,249.373339628722,249.785750993353
17.95,60,0,3705.24397209282,112.888843578616,4,1.00165500216607,1.00165500216607,249.35228012134,249.764958685055
17.96,60,0,3705.63461555093,112.903675333971,4,1.00165621291414,1.00165621291414,249.331231313165,249.744176918364
17.97,60,0,3706.02506053639,112.918500453628,4,1.00165742316382,1.00165742316382,249.310193198748,249.723405687931
17.98,60,0,3706.41530715023,112.933318940197,4,1.00165863291526,1.00165863291526,249.289165772644,249.702644988412
17.99,60,0,3706.80535549343,112.948130796287,4,1.00165984216863,1.00165984216863,249.268149029408,249.681894814464
18,60,0,3707.19520566693,112.962936024506,4,1.00166105092409,1.00166105092409,249.247142963602,249.661155160748
18.01,60,0,3707.5848577716,112.977734627463,4,1.00166225918178,1.00166225918178,249.226147569786,249.640426021924
18.02,60,0,3707.97431190828,112.992526607764,4,1.00166346694188,1.00166346694188,249.205162842527,249.619707392661
18.03,60,0,3708.36356817773,113.007311968015,4,1.00166467420453,1.00166467420453,249.184188776392,249.598999267626
18.04,60,0,3708.7526266807,113.022090710823,4,1.00166588096991,1.00166588096991,249.16322536595,249.578301641488
18.05,60,0,3709.14148751786,113.036862838792,4,1.00166708723815,1.00166708723815,249.142272605777,249.557614508923
18.06,60,0,3709.53015078984,113.051628354527,4,1.00166829300944,1.00166829300944,249.121330490447,249.536937864606
18.07,60,0,3709.91861659721,113.06638726063,4,1.00166949828391,1.00166949828391,249.100399014539,249.516271703215
18.08,60,0,3710.3068850405,113.081139559706,4,1.00167070306173,1.00167070306173,249.079478172635,249.495616019432
18.09,60,0,3710.6949562202,113.095885254356,4,1.00167190734306,1.00167190734306,249.058567959317,249.474970807941
18.1,60,0,3711.08283023673,113.110624347181,4,1.00167311112806,1.00167311112806,249.037668369175,249.454336063429
18.11,60,0,3711.47050719046,113.125356840783,4,1.00167431441688,1.00167431441688,249.016779396795,249.433711780584
18.12,60,0,3711.85798718173,113.140082737762,4,1.00167551720969,1.00167551720969,248.995901036771,249.4130979541
18.13,60,0,3712.24527031081,113.154802040717,4,1.00167671950663,1.00167671950663,248.975033283699,249.39249457867
18.14,60,0,3712.63235667793,113.169514752247,4,1.00167792130788,1.00167792130788,248.954176132175,249.371901648991
18.15,60,0,3713.01924638327,113.184220874949,4,1.00167912261358,1.00167912261358,248.933329576798,249.351319159764
18.16,60,0,3713.40593952695,113.198920411423,4,1.0016803234239,1.0016803234239,248.912493612174,249.330747105691
18.17,60,0,3713.79243620905,113.213613364263,4,1.00168152373899,1.00168152373899,248.891668232906,249.310185481476
18.18,60,0,3714.1787365296,113.228299736066,4,1.00168272355901,1.00168272355901,248.870853433604,249.289634281827
18.19,60,0,3714.56484058857,113.242979529427,4,1.00168392288412,1.00168392288412,248.850049208879,249.269093501457
18.2,60,0,3714.9507484859,113.257652746941,4,1.00168512171449,1.00168512171449,248.829255553343,249.248563135075
18.21,60,0,3715.33646032145,113.272319391202,4,1.00168632005025,1.00168632005025,248.808472461616,249.2280431774
18.22,60,0,3715.72197619507,113.286979464803,4,1.00168751789158,1.00168751789158,248.787699928313,249.207533623148
18.23,60,0,3716.10729620652,113.301632970337,4,1.00168871523864,1.00168871523864,248.766937948058,249.187034467041
18.24,60,0,3716.49242045553,113.316279910395,4,1.00168991209157,1.00168991209157,248.746186515476,249.166545703801
18.25,60,0,3716.87734904178,113.330920287568,4,1.00169110845055,1.00169110845055,248.725445625194,249.146067328157
18.26,60,0,3717.2620820649,113.345554104447,4,1.00169230431572,1.00169230431572,248.704715271841,249.125599334834
18.27,60,0,3717.64661962447,113.360181363622,4,1.00169349968724,1.00169349968724,248.683995450049,249.105141718566
18.28,60,0,3718.03096182002,113.374802067682,4,1.00169469456528,1.00169469456528,248.663286154456,249.084694474086
18.29,60,0,3718.41510875103,113.389416219215,4,1.00169588894999,1.00169588894999,248.642587379697,249.064257596131
18.3,60,0,3718.79906051691,113.404023820809,4,1.00169708284152,1.00169708284152,248.621899120415,249.043831079439
18.31,60,0,3719.18281721707,113.41862487505,4,1.00169827624005,1.00169827624005,248.601221371252,249.023414918753
18.32,60,0,3719.56637895082,113.433219384526,4,1.00169946914572,1.00169946914572,248.580554126854,249.003009108817
18.33,60,0,3719.94974581744,113.447807351821,4,1.00170066155869,1.00170066155869,248.55989738187,248.982613644379
18.34,60,0,3720.33291791617,113.462388779521,4,1.00170185347912,1.00170185347912,248.539251130952,248.962228520187
18.35,60,0,3720.71589534619,113.47696367021,4,1.00170304490717,1.00170304490717,248.518615368753,248.941853730995
18.36,60,0,3721.09867820662,113.49153202647,4,1.001704235843,1.001704235843,248.497990089931,248.921489271556
18.37,60,0,3721.48126659656,113.506093850886,4,1.00170542628676,1.00170542628676,248.477375289144,248.901135136628
18.38,60,0,3721.86366061503,113.520649146039,4,1.00170661623862,1.00170661623862,248.456770961055,248.880791320972
18.39,60,0,3722.24586036102,113.535197914511,4,1.00170780569872,1.00170780569872,248.436177100328,248.860457819349
18.4,60,0,3722.62786593346,113.549740158882,4,1.00170899466724,1.00170899466724,248.415593701631,248.840134626526
18.41,60,0,3723.00967743123,113.564275881732,4,1.00171018314432,1.00171018314432,248.395020759635,248.819821737271
18.42,60,0,3723.39129495317,113.578805085641,4,1.00171137113012,1.00171137113012,248.374458269011,248.799519146353
18.43,60,0,3723.77271859807,113.593327773188,4,1.00171255862481,1.00171255862481,248.353906224435,248.779226848546
18.44,60,0,3724.15394846465,113.607843946949,4,1.00171374562854,1.00171374562854,248.333364620586,248.758944838625
18.45,60,0,3724.53498465162,113.622353609504,4,1.00171493214146,1.00171493214146,248.312833452145,248.73867311137
18.46,60,0,3724.91582725759,113.636856763427,4,1.00171611816375,1.00171611816375,248.292312713793,248.71841166156
18.47,60,0,3725.29647638117,113.651353411295,4,1.00171730369554,1.00171730369554,248.271802400218,248.698160483979
18.48,60,0,3725.67693212089,113.665843555684,4,1.00171848873701,1.00171848873701,248.251302506109,248.677919573413
18.49,60,0,3726.05719457524,113.680327199167,4,1.0017196732883,1.0017196732883,248.230813026156,248.657688924651
18.5,60,0,3726.43726384266,113.694804344318,4,1.00172085734959,1.00172085734959,248.210333955055,248.637468532484
18.51,60,0,3726.81714002154,113.709274993711,4,1.00172204092101,1.00172204092101,248.1898652875,248.617258391706
18.52,60,0,3727.19682321022,113.723739149918,4,1.00172322400275,1.00172322400275,248.169407018193,248.597058497114
18.53,60,0,3727.576313507,113.73819681551,4,1.00172440659494,1.00172440659494,248.148959141836,248.576868843507
18.54,60,0,3727.95561101011,113.752647993059,4,1.00172558869775,1.00172558869775,248.128521653132,248.556689425686
18.55,60,0,3728.33471581776,113.767092685134,4,1.00172677031133,1.00172677031133,248.10809454679,248.536520238455
18.56,60,0,3728.71362802809,113.781530894306,4,1.00172795143585,1.00172795143585,248.087677817518,248.51636127662
18.57,60,0,3729.09234773918,113.795962623143,4,1.00172913207146,1.00172913207146,248.06727146003,248.496212534992
18.58,60,0,3729.4708750491,113.810387874213,4,1.00173031221832,1.00173031221832,248.046875469042,248.476074008383
18.59,60,0,3729.84921005584,113.824806650084,4,1.00173149187659,1.00173149187659,248.026489839271,248.455945691607
18.6,60,0,3730.22735285734,113.839218953323,4,1.00173267104642,1.00173267104642,248.006114565437,248.435827579481
18.61,60,0,3730.60530355151,113.853624786496,4,1.00173384972798,1.00173384972798,247.985749642265,248.415719666824
18.62,60,0,3730.9830622362,113.868024152169,4,1.00173502792141,1.00173502792141,247.965395064479,248.39562194846
18.63,60,0,3731.3606290092,113.882417052905,4,1.00173620562689,1.00173620562689,247.94505082681,248.375534419213
18.64,60,0,3731.73800396828,113.896803491269,4,1.00173738284455,1.00173738284455,247.924716923986,248.355457073911
18.65,60,0,3732.11518721113,113.911183469824,4,1.00173855957457,1.00173855957457,247.904393350743,248.335389907382
18.66,60,0,3732.49217883541,113.925556991133,4,1.00173973581711,1.00173973581711,247.884080101817,248.315332914461
18.67,60,0,3732.86897893873,113.939924057758,4,1.00174091157231,1.00174091157231,247.863777171947,248.295286089981
18.68,60,0,3733.24558761865,113.95428467226,4,1.00174208684033,1.00174208684033,247.843484555876,248.275249428783
18.69,60,0,3733.62200497267,113.9686388372,4,1.00174326162134,1.00174326162134,247.823202248346,248.255222925704
18.7,60,0,3733.99823109825,113.982986555137,4,1.00174443591549,1.00174443591549,247.802930244106,248.235206575588
18.71,60,0,3734.37426609281,113.99732782863,4,1.00174560972294,1.00174560972294,247.782668537904,248.21520037328
18.72,60,0,3734.7501100537,114.011662660238,4,1.00174678304385,1.00174678304385,247.762417124494,248.19520431363
18.73,60,0,3735.12576307824,114.025991052519,4,1.00174795587837,1.00174795587837,247.742175998629,248.175218391486
18.74,60,0,3735.50122526369,114.04031300803,4,1.00174912822666,1.00174912822666,247.721945155069,248.155242601703
18.75,60,0,3735.87649670728,114.054628529326,4,1.00175030008888,1.00175030008888,247.701724588572,248.135276939135
18.76,60,0,3736.25157750616,114.068937618964,4,1.00175147146519,1.00175147146519,247.681514293902,248.115321398642
18.77,60,0,3736.62646775746,114.083240279498,4,1.00175264235574,1.00175264235574,247.661314265824,248.095375975083
18.78,60,0,3737.00116755825,114.097536513483,4,1.00175381276069,1.00175381276069,247.641124499106,248.075440663323
18.79,60,0,3737.37567700554,114.111826323473,4,1.0017549826802,1.0017549826802,247.620944988519,248.055515458228
18.8,60,0,3737.74999619631,114.126109712019,4,1.00175615211443,1.00175615211443,247.600775728836,248.035600354666
18.81,60,0,3738.12412522749,114.140386681674,4,1.00175732106353,1.00175732106353,247.580616714834,248.015695347508
18.82,60,0,3738.49806419595,114.154657234991,4,1.00175848952766,1.00175848952766,247.560467941289,247.995800431627
18.83,60,0,3738.87181319852,114.168921374518,4,1.00175965750698,1.00175965750698,247.540329402984,247.975915601899
18.84,60,0,3739.24537233197,114.183179102807,4,1.00176082500165,1.00176082500165,247.520201094703,247.956040853204
18.85,60,0,3739.61874169304,114.197430422406,4,1.00176199201182,1.00176199201182,247.500083011232,247.936176180423
18.86,60,0,3739.99192137842,114.211675335865,4,1.00176315853765,1.00176315853765,247.479975147361,247.91632157844
18.87,60,0,3740.36491148472,114.225913845731,4,1.0017643245793,1.0017643245793,247.459877497879,247.89647704214
18.88,60,0,3740.73771210854,114.240145954551,4,1.00176549013693,1.00176549013693,247.439790057583,247.876642566414
18.89,60,0,3741.11032334641,114.254371664872,4,1.00176665521069,1.00176665521069,247.419712821269,247.856818146151
18.9,60,0,3741.48274529483,114.26859097924,4,1.00176781980074,1.00176781980074,247.399645783735,247.837003776247
18.91,60,0,3741.85497805023,114.282803900199,4,1.00176898390724,1.00176898390724,247.379588939785,247.817199451598
18.92,60,0,3742.22702170901,114.297010430295,4,1.00177014753034,1.00177014753034,247.359542284223,247.797405167103
18.93,60,0,3742.5988763675,114.311210572071,4,1.0017713106702,1.0017713106702,247.339505811856,247.777620917663
18.94,60,0,3742.970542122,114.32540432807,4,1.00177247332699,1.00177247332699,247.319479517494,247.757846698184
18.95,60,0,3743.34201906876,114.339591700834,4,1.00177363550085,1.00177363550085,247.299463395951,247.738082503571
18.96,60,0,3743.71330730398,114.353772692906,4,1.00177479719195,1.00177479719195,247.27945744204,247.718328328734
18.97,60,0,3744.08440692381,114.367947306824,4,1.00177595840043,1.00177595840043,247.25946165058,247.698584168585
18.98,60,0,3744.45531802435,114.382115545131,4,1.00177711912647,1.00177711912647,247.23947601639,247.678850018037
18.99,60,0,3744.82604070166,114.396277410365,4,1.00177827937021,1.00177827937021,247.219500534294,247.659125872009
19,60,0,3745.19657505173,114.410432905066,4,1.00177943913182,1.00177943913182,247.199535199118,247.639411725419
19.01,60,0,3745.56692117053,114.424582031771,4,1.00178059841145,1.00178059841145,247.179580005689,247.619707573189
19.02,60,0,3745.93707915397,114.438724793018,4,1.00178175720925,1.00178175720925,247.159634948838,247.600013410244
19.03,60,0,3746.30704909791,114.452861191343,4,1.00178291552539,1.00178291552539,247.139700023399,247.580329231511
19.04,60,0,3746.67683109816,114.466991229283,4,1.00178407336002,1.00178407336002,247.119775224207,247.560655031919
19.05,60,0,3747.04642525049,114.481114909372,4,1.0017852307133,1.0017852307133,247.099860546101,247.5409908064
19.06,60,0,3747.41583165062,114.495232234146,4,1.00178638758539,1.00178638758539,247.079955983922,247.52133654989
19.07,60,0,3747.78505039421,114.509343206137,4,1.00178754397644,1.00178754397644,247.060061532514,247.501692257324
19.08,60,0,3748.15408157688,114.523447827881,4,1.00178869988661,1.00178869988661,247.040177186722,247.482057923643
19.09,60,0,3748.52292529422,114.537546101908,4,1.00178985531605,1.00178985531605,247.020302941398,247.462433543791
19.1,60,0,3748.89158164175,114.55163803075,4,1.00179101026494,1.00179101026494,247.000438791389,247.442819112709
19.11,60,0,3749.26005071494,114.565723616939,4,1.00179216473341,1.00179216473341,246.980584731552,247.423214625346
19.12,60,0,3749.62833260922,114.579802863006,4,1.00179331872164,1.00179331872164,246.960740756743,247.403620076652
19.13,60,0,3749.99642741998,114.593875771478,4,1.00179447222977,1.00179447222977,246.940906861821,247.384035461578
19.14,60,0,3750.36433524254,114.607942344887,4,1.00179562525796,1.00179562525796,246.921083041648,247.36446077508
19.15,60,0,3750.73205617221,114.622002585759,4,1.00179677780637,1.00179677780637,246.901269291088,247.344896012115
19.16,60,0,3751.09959030421,114.636056496623,4,1.00179792987516,1.00179792987516,246.881465605008,247.325341167643
19.17,60,0,3751.46693773373,114.650104080005,4,1.00179908146449,1.00179908146449,246.861671978278,247.305796236626
19.18,60,0,3751.83409855593,114.664145338432,4,1.0018002325745,1.0018002325745,246.841888405771,247.28626121403
19.19,60,0,3752.20107286589,114.678180274428,4,1.00180138320536,1.00180138320536,246.822114882359,247.26673609482
19.2,60,0,3752.56786075866,114.692208890519,4,1.00180253335723,1.00180253335723,246.802351402921,247.247220873968
19.21,60,0,3752.93446232924,114.706231189228,4,1.00180368303026,1.00180368303026,246.782597962337,247.227715546446
19.22,60,0,3753.30087767259,114.720247173079,4,1.00180483222461,1.00180483222461,246.762854555488,247.208220107227
19.23,60,0,3753.6671068836,114.734256844595,4,1.00180598094044,1.00180598094044,246.743121177261,247.188734551291
19.24,60,0,3754.03315005715,114.748260206297,4,1.00180712917789,1.00180712917789,246.723397822542,247.169258873617
19.25,60,0,3754.39900728803,114.762257260707,4,1.00180827693714,1.00180827693714,246.703684486222,247.149793069186
19.26,60,0,3754.764678671,114.776248010344,4,1.00180942421834,1.00180942421834,246.683981163194,247.130337132986
19.27,60,0,3755.13016430079,114.79023245773,4,1.00181057102163,1.00181057102163,246.664287848351,247.110891060001
19.28,60,0,3755.49546427206,114.804210605383,4,1.00181171734719,1.00181171734719,246.644604536594,247.091454845223
19.29,60,0,3755.86057867942,114.818182455821,4,1.00181286319516,1.00181286319516,246.624931222821,247.072028483645
19.3,60,0,3756.22550761746,114.832148011562,4,1.00181400856571,1.00181400856571,246.605267901936,247.052611970259
19.31,60,0,3756.59025118069,114.846107275123,4,1.00181515345899,1.00181515345899,246.585614568844,247.033205300066
19.32,60,0,3756.95480946359,114.86006024902,4,1.00181629787516,1.00181629787516,246.565971218454,247.013808468064
19.33,60,0,3757.31918256059,114.874006935769,4,1.00181744181437,1.00181744181437,246.546337845674,246.994421469254
19.34,60,0,3757.68337056608,114.887947337885,4,1.00181858527678,1.00181858527678,246.526714445421,246.975044298643
19.35,60,0,3758.04737357438,114.901881457882,4,1.00181972826255,1.00181972826255,246.507101012608,246.955676951239
19.36,60,0,3758.41119167979,114.915809298273,4,1.00182087077183,1.00182087077183,246.487497542154,246.936319422051
19.37,60,0,3758.77482497655,114.929730861571,4,1.00182201280479,1.00182201280479,246.467904028981,246.91697170609
19.38,60,0,3759.13827355884,114.943646150288,4,1.00182315436157,1.00182315436157,246.44832046801,246.897633798373
19.39,60,0,3759.50153752082,114.957555166935,4,1.00182429544234,1.00182429544234,246.42874685417,246.878305693916
19.4,60,0,3759.86461695658,114.971457914023,4,1.00182543604724,1.00182543604724,246.409183182387,246.85898738774
19.41,60,0,3760.22751196017,114.985354394062,4,1.00182657617645,1.00182657617645,246.389629447593,246.839678874866
19.42,60,0,3760.5902226256,114.999244609562,4,1.00182771583011,1.00182771583011,246.370085644721,246.82038015032
19.43,60,0,3760.95274904682,115.013128563029,4,1.00182885500839,1.00182885500839,246.350551768708,246.801091209129
19.44,60,0,3761.31509131775,115.027006256974,4,1.00182999371143,1.00182999371143,246.331027814493,246.781812046323
19.45,60,0,3761.67724953224,115.040877693901,4,1.00183113193939,1.00183113193939,246.311513777017,246.762542656934
19.46,60,0,3762.03922378411,115.054742876319,4,1.00183226969244,1.00183226969244,246.292009651223,246.743283035996
19.47,60,0,3762.40101416713,115.068601806731,4,1.00183340697072,1.00183340697072,246.272515432057,246.724033178547
19.48,60,0,3762.76262077501,115.082454487645,4,1.0018345437744,1.0018345437744,246.25303111447,246.704793079628
19.49,60,0,3763.12404370145,115.096300921563,4,1.00183568010363,1.00183568010363,246.233556693412,246.68556273428
19.5,60,0,3763.48528304005,115.110141110989,4,1.00183681595856,1.00183681595856,246.214092163837,246.666342137547
19.51,60,0,3763.8463388844,115.123975058427,4,1.00183795133936,1.00183795133936,246.194637520702,246.647131284477
19.52,60,0,3764.20721132803,115.137802766377,4,1.00183908624618,1.00183908624618,246.175192758964,246.627930170119
19.53,60,0,3764.56790046443,115.151624237342,4,1.00184022067918,1.00184022067918,246.155757873588,246.608738789527
19.54,60,0,3764.92840638704,115.165439473823,4,1.00184135463851,1.00184135463851,246.136332859536,246.589557137754
19.55,60,0,3765.28872918924,115.179248478319,4,1.00184248812433,1.00184248812433,246.116917711774,246.570385209856
19.56,60,0,3765.64886896439,115.193051253329,4,1.0018436211368,1.0018436211368,246.097512425274,246.551223000895
19.57,60,0,3766.00882580578,115.206847801353,4,1.00184475367607,1.00184475367607,246.078116995005,246.532070505932
19.58,60,0,3766.36859980667,115.220638124888,4,1.0018458857423,1.0018458857423,246.058731415942,246.512927720031
19.59,60,0,3766.72819106025,115.234422226432,4,1.00184701733564,1.00184701733564,246.039355683062,246.493794638259
19.6,60,0,3767.08759965968,115.24820010848,4,1.00184814845626,1.00184814845626,246.019989791344,246.474671255686
19.61,60,0,3767.44682569809,115.261971773528,4,1.0018492791043,1.0018492791043,246.00063373577,246.455557567383
19.62,60,0,3767.80586926852,115.275737224072,4,1.00185040927993,1.00185040927993,245.981287511325,246.436453568426
19.63,60,0,3768.164730464,115.289496462606,4,1.0018515389833,1.0018515389833,245.961951112995,246.41735925389
19.64,60,0,3768.52340937749,115.303249491624,4,1.00185266821457,1.00185266821457,245.94262453577,246.398274618855
19.65,60,0,3768.88190610193,115.316996313618,4,1.00185379697389,1.00185379697389,245.92330777464,246.379199658402
19.66,60,0,3769.24022073018,115.330736931081,4,1.00185492526142,1.00185492526142,245.904000824603,246.360134367617
19.67,60,0,3769.59835335508,115.344471346504,4,1.00185605307732,1.00185605307732,245.884703680653,246.341078741585
19.68,60,0,3769.95630406941,115.358199562378,4,1.00185718042174,1.00185718042174,245.865416337791,246.322032775396
19.69,60,0,3770.31407296592,115.371921581193,4,1.00185830729484,1.00185830729484,245.846138791018,246.302996464141
19.7,60,0,3770.67166013728,115.385637405439,4,1.00185943369677,1.00185943369677,245.826871035339,246.283969802914
19.71,60,0,3771.02906567614,115.399347037603,4,1.00186055962769,1.00186055962769,245.807613065761,246.264952786811
19.72,60,0,3771.3862896751,115.413050480175,4,1.00186168508777,1.00186168508777,245.788364877294,246.245945410933
19.73,60,0,3771.74333222672,115.426747735641,4,1.00186281007714,1.00186281007714,245.76912646495,246.22694767038
19.74,60,0,3772.10019342349,115.440438806488,4,1.00186393459598,1.00186393459598,245.749897823743,246.207959560255
19.75,60,0,3772.45687335787,115.454123695202,4,1.00186505864443,1.00186505864443,245.73067894869,246.188981075665
19.76,60,0,3772.81337212228,115.467802404267,4,1.00186618222265,1.00186618222265,245.711469834811,246.170012211718
19.77,60,0,3773.16968980907,115.481474936169,4,1.0018673053308,1.0018673053308,245.692270477128,246.151052963527
19.78,60,0,3773.52582651057,115.495141293391,4,1.00186842796904,1.00186842796904,245.673080870665,246.132103326204
19.79,60,0,3773.88178231905,115.508801478416,4,1.00186955013752,1.00186955013752,245.65390101045,246.113163294866
19.8,60,0,3774.23755732674,115.522455493725,4,1.00187067183639,1.00187067183639,245.634730891512,246.09423286463
19.81,60,0,3774.5931516258,115.536103341802,4,1.00187179306582,1.00187179306582,245.615570508884,246.075312030619
19.82,60,0,3774.94856530839,115.549745025127,4,1.00187291382595,1.00187291382595,245.5964198576,246.056400787955
19.83,60,0,3775.30379846657,115.563380546179,4,1.00187403411695,1.00187403411695,245.577278932697,246.037499131764
19.84,60,0,3775.6588511924,115.577009907438,4,1.00187515393897,1.00187515393897,245.558147729215,246.018607057176
19.85,60,0,3776.01372357786,115.590633111383,4,1.00187627329217,1.00187627329217,245.539026242195,245.999724559317
19.86,60,0,3776.36841571491,115.604250160493,4,1.0018773921767,1.0018773921767,245.519914466684,245.980851633326
19.87,60,0,3776.72292769544,115.617861057244,4,1.00187851059271,1.00187851059271,245.500812397726,245.961988274335
19.88,60,0,3777.07725961131,115.631465804112,4,1.00187962854038,1.00187962854038,245.481720030373,245.943134477483
19.89,60,0,3777.43141155433,115.645064403575,4,1.00188074601984,1.00188074601984,245.462637359676,245.92429023791
19.9,60,0,3777.78538361627,115.658656858106,4,1.00188186303126,1.00188186303126,245.443564380691,245.90545555076
19.91,60,0,3778.13917588883,115.672243170181,4,1.00188297957479,1.00188297957479,245.424501088473,245.886630411176
19.92,60,0,3778.49278846368,115.685823342273,4,1.00188409565059,1.00188409565059,245.405447478083,245.867814814308
19.93,60,0,3778.84622143246,115.699397376855,4,1.00188521125882,1.00188521125882,245.386403544583,245.849008755306
19.94,60,0,3779.19947488674,115.7129652764,4,1.00188632639962,1.00188632639962,245.367369283036,245.830212229321
19.95,60,0,3779.55254891806,115.726527043379,4,1.00188744107316,1.00188744107316,245.348344688512,245.811425231509
19.96,60,0,3779.90544361789,115.740082680263,4,1.0018885552796,1.0018885552796,245.329329756077,245.792647757028
19.97,60,0,3780.25815907768,115.753632189523,4,1.00188966901908,1.00188966901908,245.310324480806,245.773879801037
19.98,60,0,3780.61069538882,115.767175573627,4,1.00189078229176,1.00189078229176,245.291328857772,245.755121358699
19.99,60,0,3780.96305264266,115.780712835045,4,1.0018918950978,1.0018918950978,245.272342882053,245.736372425177
20,60,0,3781.31523093051,115.794243976245,4,1.00189300743736,1.00189300743736,245.253366548727,245.717632995641
20.01,60,0,3781.66723034361,115.807768999693,4,1.00189411931059,1.00189411931059,245.234399852876,245.698903065258
20.02,60,0,3782.01905097318,115.821287907857,4,1.00189523071764,1.00189523071764,245.215442789587,245.680182629202
20.03,60,0,3782.37069291038,115.834800703203,4,1.00189634165868,1.00189634165868,245.196495353944,245.661471682645
20.04,60,0,3782.72215624634,115.848307388195,4,1.00189745213385,1.00189745213385,245.177557541037,245.642770220766
20.05,60,0,3783.07344107212,115.861807965299,4,1.00189856214332,1.00189856214332,245.158629345959,245.624078238744
20.06,60,0,3783.42454747875,115.875302436978,4,1.00189967168724,1.00189967168724,245.139710763803,245.605395731759
20.07,60,0,3783.77547555721,115.888790805695,4,1.00190078076576,1.00190078076576,245.120801789667,245.586722694997
20.08,60,0,3784.12622539843,115.902273073913,4,1.00190188937904,1.00190188937904,245.101902418649,245.568059123642
20.09,60,0,3784.47679709331,115.915749244093,4,1.00190299752724,1.00190299752724,245.083012645852,245.549405012886
20.1,60,0,3784.82719073269,115.929219318696,4,1.00190410521051,1.00190410521051,245.064132466379,245.530760357918
20.11,60,0,3785.17740640736,115.942683300182,4,1.00190521242901,1.00190521242901,245.045261875338,245.512125153932
20.12,60,0,3785.52744420809,115.956141191011,4,1.00190631918289,1.00190631918289,245.026400867837,245.493499396126
20.13,60,0,3785.87730422556,115.969592993642,4,1.00190742547231,1.00190742547231,245.007549438989,245.474883079696
20.14,60,0,3786.22698655045,115.983038710533,4,1.00190853129742,1.00190853129742,244.988707583906,245.456276199844
20.15,60,0,3786.57649127338,115.996478344141,4,1.00190963665838,1.00190963665838,244.969875297706,245.437678751773
20.16,60,0,3786.9258184849,116.009911896923,4,1.00191074155535,1.00191074155535,244.951052575507,245.419090730689
20.17,60,0,3787.27496827554,116.023339371335,4,1.00191184598847,1.00191184598847,244.932239412432,245.400512131801
20.18,60,0,3787.62394073579,116.036760769831,4,1.00191294995792,1.00191294995792,244.913435803603,245.381942950317
20.19,60,0,3787.97273595607,116.050176094868,4,1.00191405346383,1.00191405346383,244.894641744149,245.363383181453
20.2,60,0,3788.32135402677,116.063585348897,4,1.00191515650637,1.00191515650637,244.875857229196,245.344832820422
20.21,60,0,3788.66979503823,116.076988534374,4,1.0019162590857,1.0019162590857,244.857082253878,245.326291862444
20.22,60,0,3789.01805908076,116.090385653749,4,1.00191736120196,1.00191736120196,244.838316813326,245.307760302736
20.23,60,0,3789.36614624459,116.103776709475,4,1.00191846285531,1.00191846285531,244.819560902678,245.289238136523
20.24,60,0,3789.71405661993,116.117161704002,4,1.00191956404591,1.00191956404591,244.800814517073,245.27072535903
20.25,60,0,3790.06179029695,116.130540639781,4,1.00192066477392,1.00192066477392,244.782077651651,245.252221965483
20.26,60,0,3790.40934736576,116.143913519262,4,1.00192176503948,1.00192176503948,244.763350301556,245.233727951112
20.27,60,0,3790.75672791642,116.157280344892,4,1.00192286484276,1.00192286484276,244.744632461933,245.215243311149
20.28,60,0,3791.10393203897,116.170641119121,4,1.00192396418391,1.00192396418391,244.725924127932,245.196768040829
20.29,60,0,3791.45095982337,116.183995844396,4,1.00192506306308,1.00192506306308,244.707225294704,245.178302135388
20.3,60,0,3791.79781135957,116.197344523163,4,1.00192616148044,1.00192616148044,244.688535957401,245.159845590067
20.31,60,0,3792.14448673744,116.210687157869,4,1.00192725943613,1.00192725943613,244.66985611118,245.141398400106
20.32,60,0,3792.49098604684,116.224023750958,4,1.0019283569303,1.0019283569303,244.651185751199,245.122960560749
20.33,60,0,3792.83730937755,116.237354304875,4,1.00192945396313,1.00192945396313,244.632524872618,245.104532067244
20.34,60,0,3793.18345681933,116.250678822064,4,1.00193055053476,1.00193055053476,244.6138734706,245.086112914838
20.35,60,0,3793.52942846189,116.263997304968,4,1.00193164664534,1.00193164664534,244.595231540312,245.067703098783
20.36,60,0,3793.87522439489,116.27730975603,4,1.00193274229503,1.00193274229503,244.576599076921,245.049302614332
20.37,60,0,3794.22084470793,116.290616177691,4,1.00193383748399,1.00193383748399,244.557976075599,245.030911456743
20.38,60,0,3794.56628949061,116.303916572392,4,1.00193493221237,1.00193493221237,244.539362531515,245.012529621271
20.39,60,0,3794.91155883243,116.317210942574,4,1.00193602648033,1.00193602648033,244.520758439849,244.99415710318
20.4,60,0,3795.25665282288,116.330499290675,4,1.00193712028802,1.00193712028802,244.502163795777,244.975793897731
20.41,60,0,3795.6015715514,116.343781619136,4,1.0019382136356,1.0019382136356,244.483578594477,244.957440000189
20.42,60,0,3795.94631510738,116.357057930393,4,1.00193930652322,1.00193930652322,244.465002831135,244.939095405824
20.43,60,0,3796.29088358016,116.370328226885,4,1.00194039895103,1.00194039895103,244.446436500934,244.920760109905
20.44,60,0,3796.63527705904,116.383592511048,4,1.0019414909192,1.0019414909192,244.427879599061,244.902434107703
20.45,60,0,3796.97949563328,116.396850785317,4,1.00194258242788,1.00194258242788,244.409332120709,244.884117394496
20.46,60,0,3797.32353939209,116.410103052129,4,1.00194367347721,1.00194367347721,244.390794061067,244.865809965559
20.47,60,0,3797.66740842463,116.423349313918,4,1.00194476406737,1.00194476406737,244.372265415332,244.847511816173
20.48,60,0,3798.01110282002,116.436589573117,4,1.00194585419849,1.00194585419849,244.3537461787,244.829222941619
20.49,60,0,3798.35462266734,116.44982383216,4,1.00194694387075,1.00194694387075,244.335236346372,244.810943337184
20.5,60,0,3798.69796805563,116.463052093479,4,1.00194803308428,1.00194803308428,244.316735913547,244.79267299815
20.51,60,0,3799.04113907385,116.476274359506,4,1.00194912183925,1.00194912183925,244.298244875433,244.77441191981
20.52,60,0,3799.38413581097,116.489490632672,4,1.00195021013581,1.00195021013581,244.279763227235,244.756160097454
20.53,60,0,3799.72695835587,116.502700915407,4,1.00195129797412,1.00195129797412,244.261290964163,244.737917526377
20.54,60,0,3800.0696067974,116.515905210141,4,1.00195238535433,1.00195238535433,244.242828081428,244.719684201874
20.55,60,0,3800.41208122437,116.529103519302,4,1.0019534722766,1.0019534722766,244.224374574246,244.701460119245
20.56,60,0,3800.75438172554,116.542295845318,4,1.00195455874107,1.00195455874107,244.205930437831,244.68324527379
20.57,60,0,3801.09650838963,116.555482190617,4,1.00195564474791,1.00195564474791,244.187495667404,244.665039660812
20.58,60,0,3801.43846130531,116.568662557626,4,1.00195673029727,1.00195673029727,244.169070258185,244.646843275617
20.59,60,0,3801.78024056121,116.581836948771,4,1.00195781538931,1.00195781538931,244.150654205399,244.628656113513
20.6,60,0,3802.12184624591,116.595005366476,4,1.00195890002418,1.00195890002418,244.132247504271,244.61047816981
20.61,60,0,3802.46327844795,116.608167813167,4,1.00195998420203,1.00195998420203,244.113850150031,244.592309439822
20.62,60,0,3802.80453725582,116.621324291267,4,1.00196106792302,1.00196106792302,244.095462137909,244.574149918862
20.63,60,0,3803.14562275797,116.634474803199,4,1.0019621511873,1.0019621511873,244.077083463139,244.55599960225
20.64,60,0,3803.4865350428,116.647619351386,4,1.00196323399504,1.00196323399504,244.058714120957,244.537858485305
20.65,60,0,3803.82727419868,116.660757938249,4,1.00196431634637,1.00196431634637,244.040354106601,244.519726563347
20.66,60,0,3804.16784031391,116.67389056621,4,1.00196539824147,1.00196539824147,244.022003415311,244.501603831703
20.67,60,0,3804.50823347678,116.687017237687,4,1.00196647968047,1.00196647968047,244.003662042332,244.483490285699
20.68,60,0,3804.8484537755,116.700137955103,4,1.00196756066355,1.00196756066355,243.985329982907,244.465385920663
20.69,60,0,3805.18850129825,116.713252720873,4,1.00196864119084,1.00196864119084,243.967007232286,244.447290731929
20.7,60,0,3805.52837613318,116.726361537418,4,1.00196972126251,1.00196972126251,243.948693785718,244.429204714829
20.71,60,0,3805.86807836838,116.739464407154,4,1.00197080087871,1.00197080087871,243.930389638456,244.4111278647
20.72,60,0,3806.20760809188,116.752561332498,4,1.0019718800396,1.0019718800396,243.912094785756,244.39306017688
20.73,60,0,3806.54696539171,116.765652315867,4,1.00197295874532,1.00197295874532,243.893809222875,244.375001646711
20.74,60,0,3806.88615035581,116.778737359674,4,1.00197403699604,1.00197403699604,243.875532945072,244.356952269535
20.75,60,0,3807.2251630721,116.791816466335,4,1.00197511479191,1.00197511479191,243.857265947609,244.338912040697
20.76,60,0,3807.56400362844,116.804889638263,4,1.00197619213308,1.00197619213308,243.839008225753,244.320880955547
20.77,60,0,3807.90267211268,116.817956877872,4,1.00197726901971,1.00197726901971,243.82075977477,244.302859009435
20.78,60,0,3808.24116861258,116.831018187574,4,1.00197834545195,1.00197834545195,243.802520589928,244.284846197711
20.79,60,0,3808.57949321589,116.84407356978,4,1.00197942142996,1.00197942142996,243.784290666501,244.266842515733
20.8,60,0,3808.9176460103,116.857123026902,4,1.00198049695388,1.00198049695388,243.766069999761,244.248847958856
20.81,60,0,3809.25562708346,116.870166561349,4,1.00198157202389,1.00198157202389,243.747858584987,244.230862522441
20.82,60,0,3809.59343652296,116.883204175532,4,1.00198264664012,1.00198264664012,243.729656417456,244.212886201849
20.83,60,0,3809.93107441638,116.896235871859,4,1.00198372080273,1.00198372080273,243.711463492452,244.194918992446
20.84,60,0,3810.26854085123,116.909261652737,4,1.00198479451188,1.00198479451188,243.693279805255,244.176960889595
20.85,60,0,3810.60583591497,116.922281520575,4,1.00198586776773,1.00198586776773,243.675105351154,244.159011888668
20.86,60,0,3810.94295969505,116.93529547778,4,1.00198694057042,1.00198694057042,243.656940125437,244.141071985035
20.87,60,0,3811.27991227883,116.948303526756,4,1.00198801292011,1.00198801292011,243.638784123395,244.123141174071
20.88,60,0,3811.61669375367,116.961305669909,4,1.00198908481695,1.00198908481695,243.62063734032,244.10521945115
20.89,60,0,3811.95330420685,116.974301909644,4,1.00199015626111,1.00199015626111,243.60249977151,244.087306811651
20.9,60,0,3812.28974372563,116.987292248364,4,1.00199122725272,1.00199122725272,243.584371412262,244.069403250955
20.91,60,0,3812.62601239722,117.000276688472,4,1.00199229779196,1.00199229779196,243.566252257875,244.051508764444
20.92,60,0,3812.96211030877,117.013255232372,4,1.00199336787896,1.00199336787896,243.548142303654,244.033623347503
20.93,60,0,3813.29803754741,117.026227882463,4,1.00199443751389,1.00199443751389,243.530041544904,244.01574699552
20.94,60,0,3813.63379420022,117.039194641148,4,1.0019955066969,1.0019955066969,243.511949976931,243.997879703885
20.95,60,0,3813.96938035422,117.052155510826,4,1.00199657542815,1.00199657542815,243.493867595046,243.98002146799
20.96,60,0,3814.3047960964,117.065110493898,4,1.00199764370778,1.00199764370778,243.475794394561,243.962172283229
20.97,60,0,3814.6400415137,117.078059592761,4,1.00199871153595,1.00199871153595,243.457730370791,243.944332144999
20.98,60,0,3814.97511669303,117.091002809813,4,1.00199977891282,1.00199977891282,243.439675519053,243.926501048699
20.99,60,0,3815.31002172124,117.103940147453,4,1.00200084583854,1.00200084583854,243.421629834667,243.908678989731
21,60,0,3815.64475668514,117.116871608076,4,1.00200191231326,1.00200191231326,243.403593312954,243.890865963498
21.01,60,0,3815.9793216715,117.129797194078,4,1.00200297833714,1.00200297833714,243.385565949238,243.873061965406
21.02,60,0,3816.31371676704,117.142716907855,4,1.00200404391033,1.00200404391033,243.367547738846,243.855266990863
21.03,60,0,3816.64794205845,117.155630751802,4,1.00200510903298,1.00200510903298,243.349538677107,243.837481035281
21.04,60,0,3816.98199763236,117.16853872831,4,1.00200617370526,1.00200617370526,243.331538759352,243.819704094071
21.05,60,0,3817.31588357536,117.181440839775,4,1.00200723792731,1.00200723792731,243.313547980915,243.80193616265
21.06,60,0,3817.649599974,117.194337088588,4,1.00200830169928,1.00200830169928,243.295566337132,243.784177236435
21.07,60,0,3817.98314691479,117.20722747714,4,1.00200936502134,1.00200936502134,243.27759382334,243.766427310844
21.08,60,0,3818.31652448419,117.220112007823,4,1.00201042789363,1.00201042789363,243.259630434881,243.748686381302
21.09,60,0,3818.64973276862,117.232990683027,4,1.00201149031631,1.00201149031631,243.241676167098,243.730954443231
21.1,60,0,3818.98277185445,117.24586350514,4,1.00201255228953,1.00201255228953,243.223731015336,243.71323149206
21.11,60,0,3819.315641828,117.258730476552,4,1.00201361381345,1.00201361381345,243.205794974944,243.695517523216
21.12,60,0,3819.64834277558,117.271591599651,4,1.00201467488822,1.00201467488822,243.18786804127,243.677812532131
21.13,60,0,3819.98087478342,117.284446876824,4,1.00201573551399,1.00201573551399,243.169950209667,243.660116514239
21.14,60,0,3820.31323793772,117.297296310457,4,1.00201679569092,1.00201679569092,243.152041475492,243.642429464977
21.15,60,0,3820.64543232464,117.310139902937,4,1.00201785541916,1.00201785541916,243.134141834099,243.624751379781
21.16,60,0,3820.97745803029,117.322977656648,4,1.00201891469886,1.00201891469886,243.11625128085,243.607082254093
21.17,60,0,3821.30931514074,117.335809573976,4,1.00201997353018,1.00201997353018,243.098369811106,243.589422083355
21.18,60,0,3821.64100374201,117.348635657302,4,1.00202103191327,1.00202103191327,243.080497420231,243.571770863012
21.19,60,0,3821.9725239201,117.361455909011,4,1.00202208984829,1.00202208984829,243.062634103592,243.554128588512
21.2,60,0,3822.30387576092,117.374270331485,4,1.00202314733539,1.00202314733539,243.044779856557,243.536495255304
21.21,60,0,3822.63505935039,117.387078927105,4,1.00202420437472,1.00202420437472,243.026934674498,243.518870858841
21.22,60,0,3822.96607477436,117.399881698252,4,1.00202526096644,1.00202526096644,243.009098552789,243.501255394577
21.23,60,0,3823.29692211862,117.412678647306,4,1.00202631711069,1.00202631711069,242.991271486805,243.483648857968
21.24,60,0,3823.62760146896,117.425469776647,4,1.00202737280764,1.00202737280764,242.973453471925,243.466051244473
21.25,60,0,3823.95811291108,117.438255088653,4,1.00202842805744,1.00202842805744,242.95564450353,243.448462549553
21.26,60,0,3824.28845653067,117.451034585702,4,1.00202948286023,1.00202948286023,242.937844577001,243.430882768672
21.27,60,0,3824.61863241336,117.463808270171,4,1.00203053721618,1.00203053721618,242.920053687726,243.413311897295
21.28,60,0,3824.94864064474,117.476576144437,4,1.00203159112544,1.00203159112544,242.902271831089,243.39574993089
21.29,60,0,3825.27848131037,117.489338210875,4,1.00203264458815,1.00203264458815,242.884499002484,243.378196864928
21.3,60,0,3825.60815449575,117.502094471861,4,1.00203369760448,1.00203369760448,242.866735197302,243.360652694881
21.31,60,0,3825.93766028633,117.514844929769,4,1.00203475017458,1.00203475017458,242.848980410935,243.343117416223
21.32,60,0,3826.26699876755,117.527589586973,4,1.00203580229859,1.00203580229859,242.831234638784,243.325591024432
21.33,60,0,3826.59617002477,117.540328445845,4,1.00203685397668,1.00203685397668,242.813497876246,243.308073514988
21.34,60,0,3826.92517414332,117.553061508758,4,1.002037905209,1.002037905209,242.795770118723,243.290564883371
21.35,60,0,3827.25401120851,117.565788778082,4,1.0020389559957,1.0020389559957,242.778051361619,243.273065125067
21.36,60,0,3827.58268130557,117.57851025619,4,1.00204000633693,1.00204000633693,242.760341600339,243.255574235559
21.37,60,0,3827.9111845197,117.59122594545,4,1.00204105623285,1.00204105623285,242.742640830294,243.238092210339
21.38,60,0,3828.23952093607,117.603935848233,4,1.00204210568361,1.00204210568361,242.724949046894,243.220619044895
21.39,60,0,3828.56769063979,117.616639966906,4,1.00204315468936,1.00204315468936,242.707266245551,243.203154734722
21.4,60,0,3828.89569371594,117.629338303838,4,1.00204420325025,1.00204420325025,242.689592421682,243.185699275313
21.41,60,0,3829.22353024954,117.642030861396,4,1.00204525136645,1.00204525136645,242.671927570705,243.168252662168
21.42,60,0,3829.55120032559,117.654717641946,4,1.0020462990381,1.0020462990381,242.654271688039,243.150814890785
21.43,60,0,3829.87870402904,117.667398647854,4,1.00204734626535,1.00204734626535,242.636624769108,243.133385956667
21.44,60,0,3830.20604144477,117.680073881485,4,1.00204839304836,1.00204839304836,242.618986809336,243.115965855317
21.45,60,0,3830.53321265766,117.692743345203,4,1.00204943938729,1.00204943938729,242.60135780415,243.098554582243
21.46,60,0,3830.86021775251,117.705407041372,4,1.00205048528228,1.00205048528228,242.58373774898,243.081152132954
21.47,60,0,3831.18705681411,117.718064972355,4,1.00205153073349,1.00205153073349,242.566126639257,243.06375850296
21.48,60,0,3831.51372992718,117.730717140513,4,1.00205257574106,1.00205257574106,242.548524470416,243.046373687775
21.49,60,0,3831.8402371764,117.743363548208,4,1.00205362030517,1.00205362030517,242.530931237893,243.028997682914
21.5,60,0,3832.16657864643,117.756004197802,4,1.00205466442594,1.00205466442594,242.513346937128,243.011630483896
21.51,60,0,3832.49275442186,117.768639091653,4,1.00205570810355,1.00205570810355,242.49577156356,242.99427208624
21.52,60,0,3832.81876458726,117.78126823212,4,1.00205675133815,1.00205675133815,242.478205112633,242.976922485469
21.53,60,0,3833.14460922714,117.793891621564,4,1.00205779412987,1.00205779412987,242.460647579793,242.959581677108
21.54,60,0,3833.47028842597,117.806509262341,4,1.00205883647889,1.00205883647889,242.443098960489,242.942249656683
21.55,60,0,3833.79580226818,117.819121156808,4,1.00205987838534,1.00205987838534,242.425559250169,242.924926419723
21.56,60,0,3834.12115083817,117.831727307322,4,1.00206091984939,1.00206091984939,242.408028444287,242.907611961761
21.57,60,0,3834.44633422027,117.844327716238,4,1.00206196087119,1.00206196087119,242.390506538298,242.890306278329
21.58,60,0,3834.7713524988,117.856922385912,4,1.00206300145089,1.00206300145089,242.372993527659,242.873009364963
21.59,60,0,3835.096205758,117.869511318698,4,1.00206404158864,1.00206404158864,242.355489407829,242.855721217202
21.6,60,0,3835.4208940821,117.882094516948,4,1.0020650812846,1.0020650812846,242.337994174271,242.838441830587
21.61,60,0,3835.74541755527,117.894671983016,4,1.00206612053891,1.00206612053891,242.320507822447,242.821171200658
21.62,60,0,3836.06977626165,117.907243719255,4,1.00206715935173,1.00206715935173,242.303030347825,242.803909322962
21.63,60,0,3836.39397028532,117.919809728014,4,1.00206819772322,1.00206819772322,242.285561745875,242.786656193047
21.64,60,0,3836.71799971033,117.932370011645,4,1.00206923565352,1.00206923565352,242.268102012064,242.769411806459
21.65,60,0,3837.04186462069,117.944924572498,4,1.0020702731428,1.0020702731428,242.250651141869,242.752176158753
21.66,60,0,3837.36556510035,117.957473412922,4,1.00207131019119,1.00207131019119,242.233209130763,242.734949245481
21.67,60,0,3837.68910123324,117.970016535266,4,1.00207234679886,1.00207234679886,242.215775974227,242.7177310622
21.68,60,0,3838.01247310323,117.982553941876,4,1.00207338296595,1.00207338296595,242.198351667738,242.700521604467
21.69,60,0,3838.33568079415,117.9950856351,4,1.00207441869263,1.00207441869263,242.18093620678,242.683320867845
21.7,60,0,3838.65872438981,118.007611617285,4,1.00207545397903,1.00207545397903,242.163529586837,242.666128847895
21.71,60,0,3838.98160397395,118.020131890776,4,1.00207648882532,1.00207648882532,242.146131803397,242.648945540182
21.72,60,0,3839.30431963027,118.032646457918,4,1.00207752323165,1.00207752323165,242.128742851949,242.631770940273
21.73,60,0,3839.62687144244,118.045155321055,4,1.00207855719816,1.00207855719816,242.111362727985,242.61460504374
21.74,60,0,3839.94925949409,118.05765848253,4,1.00207959072502,1.00207959072502,242.093991426997,242.597447846151
21.75,60,0,3840.27148386879,118.070155944686,4,1.00208062381237,1.00208062381237,242.076628944483,242.580299343083
21.76,60,0,3840.59354465008,118.082647709865,4,1.00208165646036,1.00208165646036,242.059275275942,242.563159530111
21.77,60,0,3840.91544192146,118.095133780409,4,1.00208268866916,1.00208268866916,242.041930416873,242.546028402814
21.78,60,0,3841.23717576638,118.107614158658,4,1.00208372043891,1.00208372043891,242.024594362778,242.52890595677
21.79,60,0,3841.55874626825,118.120088846951,4,1.00208475176976,1.00208475176976,242.007267109166,242.511792187566
21.8,60,0,3841.88015351043,118.132557847628,4,1.00208578266186,1.00208578266186,241.989948651542,242.494687090785
21.81,60,0,3842.20139757627,118.145021163027,4,1.00208681311538,1.00208681311538,241.972638985416,242.477590662014
21.82,60,0,3842.52247854903,118.157478795487,4,1.00208784313045,1.00208784313045,241.955338106301,242.460502896843
21.83,60,0,3842.84339651197,118.169930747342,4,1.00208887270724,1.00208887270724,241.938046009711,242.443423790864
21.84,60,0,3843.16415154828,118.182377020931,4,1.00208990184589,1.00208990184589,241.920762691163,242.426353339671
21.85,60,0,3843.48474374112,118.194817618589,4,1.00209093054656,1.00209093054656,241.903488146176,242.409291538861
21.86,60,0,3843.80517317361,118.20725254265,4,1.0020919588094,1.0020919588094,241.88622237027,242.39223838403
21.87,60,0,3844.12543992882,118.219681795448,4,1.00209298663456,1.00209298663456,241.868965358969,242.375193870781
21.88,60,0,3844.44554408977,118.232105379317,4,1.0020940140222,1.0020940140222,241.851717107799,242.358157994715
21.89,60,0,3844.76548573947,118.244523296589,4,1.00209504097246,1.00209504097246,241.83447761229,242.34113075144
21.9,60,0,3845.08526496086,118.256935549597,4,1.00209606748549,1.00209606748549,241.817246867969,242.324112136561
21.91,60,0,3845.40488183684,118.269342140671,4,1.00209709356146,1.00209709356146,241.80002487037,242.307102145687
21.92,60,0,3845.72433645028,118.281743072141,4,1.00209811920051,1.00209811920051,241.782811615029,242.290100774432
21.93,60,0,3846.043628884,118.294138346339,4,1.0020991444028,1.0020991444028,241.765607097481,242.273108018408
21.94,60,0,3846.36275922077,118.306527965592,4,1.00210016916847,1.00210016916847,241.748411313267,242.256123873233
21.95,60,0,3846.68172754335,118.318911932229,4,1.00210119349767,1.00210119349767,241.731224257928,242.239148334523
21.96,60,0,3847.00053393441,118.331290248578,4,1.00210221739057,1.00210221739057,241.714045927008,242.222181397901
21.97,60,0,3847.31917847662,118.343662916965,4,1.00210324084731,1.00210324084731,241.696876316052,242.205223058987
21.98,60,0,3847.63766125258,118.356029939717,4,1.00210426386804,1.00210426386804,241.679715420611,242.18827331341
21.99,60,0,3847.95598234488,118.368391319158,4,1.00210528645292,1.00210528645292,241.662563236232,242.171332156793
22,60,0,3848.27414183603,118.380747057615,4,1.0021063086021,1.0021063086021,241.645419758472,242.154399584768
22.01,60,0,3848.59213980852,118.39309715741,4,1.00210733031573,1.00210733031573,241.628284982884,242.137475592966
22.02,60,0,3848.9099763448,118.405441620867,4,1.00210835159396,1.00210835159396,241.611158905026,242.120560177021
22.03,60,0,3849.22765152726,118.417780450308,4,1.00210937243694,1.00210937243694,241.594041520456,242.103653332568
22.04,60,0,3849.54516543828,118.430113648056,4,1.00211039284482,1.00211039284482,241.576932824738,242.086755055246
22.05,60,0,3849.86251816017,118.442441216431,4,1.00211141281777,1.00211141281777,241.559832813437,242.069865340697
22.06,60,0,3850.17970977521,118.454763157754,4,1.00211243235592,1.00211243235592,241.542741482116,242.052984184561
22.07,60,0,3850.49674036562,118.467079474345,4,1.00211345145943,1.00211345145943,241.525658826346,242.036111582483
22.08,60,0,3850.81361001362,118.479390168522,4,1.00211447012845,1.00211447012845,241.508584841699,242.019247530112
22.09,60,0,3851.13031880135,118.491695242604,4,1.00211548836314,1.00211548836314,241.491519523746,242.002392023096
22.1,60,0,3851.44686681092,118.503994698908,4,1.00211650616365,1.00211650616365,241.474462868062,241.985545057086
22.11,60,0,3851.7632541244,118.516288539751,4,1.00211752353011,1.00211752353011,241.457414870228,241.968706627736
22.12,60,0,3852.07948082381,118.528576767449,4,1.0021185404627,1.0021185404627,241.44037552582,241.951876730702
22.13,60,0,3852.39554699116,118.540859384317,4,1.00211955696156,1.00211955696156,241.423344830423,241.935055361642
22.14,60,0,3852.71145270837,118.55313639267,4,1.00212057302684,1.00212057302684,241.406322779621,241.918242516216
22.15,60,0,3853.02719805735,118.565407794822,4,1.00212158865869,1.00212158865869,241.389309369,241.901438190087
22.16,60,0,3853.34278311997,118.577673593087,4,1.00212260385727,1.00212260385727,241.372304594148,241.884642378918
22.17,60,0,3853.65820797804,118.589933789775,4,1.00212361862273,1.00212361862273,241.355308450657,241.867855078377
22.18,60,0,3853.97347271334,118.602188387201,4,1.00212463295521,1.00212463295521,241.338320934121,241.851076284133
22.19,60,0,3854.28857740762,118.614437387673,4,1.00212564685487,1.00212564685487,241.321342040136,241.834305991856
22.2,60,0,3854.60352214256,118.626680793503,4,1.00212666032186,1.00212666032186,241.304371764297,241.81754419722
22.21,60,0,3854.91830699982,118.638918607001,4,1.00212767335634,1.00212767335634,241.287410102208,241.800790895902
22.22,60,0,3855.23293206101,118.651150830474,4,1.00212868595844,1.00212868595844,241.270457049469,241.784046083577
22.23,60,0,3855.5473974077,118.663377466232,4,1.00212969812833,1.00212969812833,241.253512601684,241.767309755926
22.24,60,0,3855.86170312143,118.675598516581,4,1.00213070986616,1.00213070986616,241.236576754461,241.750581908631
22.25,60,0,3856.17584928368,118.687813983829,4,1.00213172117208,1.00213172117208,241.219649503409,241.733862537377
22.26,60,0,3856.48983597591,118.700023870281,4,1.00213273204623,1.00213273204623,241.202730844139,241.717151637849
22.27,60,0,3856.80366327951,118.712228178243,4,1.00213374248878,1.00213374248878,241.185820772264,241.700449205736
22.28,60,0,3857.11733127585,118.724426910018,4,1.00213475249986,1.00213475249986,241.1689192834,241.683755236729
22.29,60,0,3857.43084004626,118.736620067912,4,1.00213576207964,1.00213576207964,241.152026373165,241.667069726521
22.3,60,0,3857.74418967201,118.748807654227,4,1.00213677122826,1.00213677122826,241.135142037179,241.650392670807
22.31,60,0,3858.05738023435,118.760989671266,4,1.00213777994588,1.00213777994588,241.118266271065,241.633724065284
22.32,60,0,3858.37041181448,118.773166121329,4,1.00213878823264,1.00213878823264,241.101399070446,241.617063905651
22.33,60,0,3858.68328449356,118.785337006719,4,1.0021397960887,1.0021397960887,241.084540430951,241.600412187611
22.34,60,0,3858.99599835271,118.797502329735,4,1.00214080351421,1.00214080351421,241.067690348207,241.583768906866
22.35,60,0,3859.30855347299,118.809662092677,4,1.00214181050931,1.00214181050931,241.050848817847,241.567134059124
22.36,60,0,3859.62094993546,118.821816297843,4,1.00214281707417,1.00214281707417,241.034015835502,241.550507640091
22.37,60,0,3859.93318782109,118.833964947533,4,1.00214382320893,1.00214382320893,241.017191396811,241.533889645479
22.38,60,0,3860.24526721085,118.846108044042,4,1.00214482891374,1.00214482891374,241.000375497409,241.517280070998
22.39,60,0,3860.55718818565,118.858245589668,4,1.00214583418876,1.00214583418876,240.983568132938,241.500678912366
22.4,60,0,3860.86895082635,118.870377586706,4,1.00214683903413,1.00214683903413,240.966769299039,241.484086165297
22.41,60,0,3861.1805552138,118.882504037452,4,1.00214784345,1.00214784345,240.949978991357,241.467501825512
22.42,60,0,3861.49200142877,118.894624944201,4,1.00214884743653,1.00214884743653,240.93319720554,241.45092588873
22.43,60,0,3861.80328955201,118.906740309245,4,1.00214985099387,1.00214985099387,240.916423937236,241.434358350676
22.44,60,0,3862.11441966424,118.918850134878,4,1.00215085412216,1.00215085412216,240.899659182095,241.417799207074
22.45,60,0,3862.42539184611,118.930954423393,4,1.00215185682157,1.00215185682157,240.882902935771,241.401248453653
22.46,60,0,3862.73620617826,118.94305317708,4,1.00215285909223,1.00215285909223,240.866155193921,241.384706086141
22.47,60,0,3863.04686274127,118.955146398231,4,1.00215386093431,1.00215386093431,240.849415952201,241.368172100271
22.48,60,0,3863.35736161568,118.967234089136,4,1.00215486234794,1.00215486234794,240.832685206272,241.351646491778
22.49,60,0,3863.66770288199,118.979316252084,4,1.00215586333329,1.00215586333329,240.815962951796,241.335129256396
22.5,60,0,3863.97788662067,118.991392889364,4,1.0021568638905,1.0021568638905,240.799249184438,241.318620389865
22.51,60,0,3864.28791291213,119.003464003265,4,1.00215786401973,1.00215786401973,240.782543899863,241.302119887924
22.52,60,0,3864.59778183676,119.015529596072,4,1.00215886372112,1.00215886372112,240.765847093742,241.285627746317
22.53,60,0,3864.9074934749,119.027589670073,4,1.00215986299482,1.00215986299482,240.749158761744,241.269143960788
22.54,60,0,3865.21704790685,119.039644227554,4,1.00216086184099,1.00216086184099,240.732478899543,241.252668527084
22.55,60,0,3865.52644521285,119.0516932708,4,1.00216186025978,1.00216186025978,240.715807502816,241.236201440956
22.56,60,0,3865.83568547314,119.063736802094,4,1.00216285825133,1.00216285825133,240.699144567238,241.219742698153
22.57,60,0,3866.14476876788,119.075774823721,4,1.0021638558158,1.0021638558158,240.682490088489,241.203292294428
22.58,60,0,3866.45369517721,119.087807337965,4,1.00216485295333,1.00216485295333,240.665844062253,241.186850225538
22.59,60,0,3866.76246478123,119.099834347106,4,1.00216584966409,1.00216584966409,240.649206484213,241.17041648724
22.6,60,0,3867.07107765999,119.111855853426,4,1.00216684594821,1.00216684594821,240.632577350055,241.153991075295
22.61,60,0,3867.37953389351,119.123871859206,4,1.00216784180586,1.00216784180586,240.615956655469,241.137573985463
22.62,60,0,3867.68783356175,119.135882366727,4,1.00216883723717,1.00216883723717,240.599344396143,241.121165213509
22.63,60,0,3867.99597674466,119.147887378268,4,1.00216983224231,1.00216983224231,240.582740567773,241.104764755199
22.64,60,0,3868.30396352212,119.159886896106,4,1.00217082682141,1.00217082682141,240.566145166053,241.088372606303
22.65,60,0,3868.61179397398,119.171880922521,4,1.00217182097463,1.00217182097463,240.54955818668,241.071988762589
22.66,60,0,3868.91946818005,119.183869459789,4,1.00217281470213,1.00217281470213,240.532979625354,241.055613219831
22.67,60,0,3869.22698622011,119.195852510187,4,1.00217380800405,1.00217380800405,240.516409477776,241.039245973804
22.68,60,0,3869.53434817389,119.207830075991,4,1.00217480088054,1.00217480088054,240.499847739651,241.022887020284
22.69,60,0,3869.84155412107,119.219802159474,4,1.00217579333175,1.00217579333175,240.483294406684,241.006536355052
22.7,60,0,3870.1486041413,119.231768762913,4,1.00217678535784,1.00217678535784,240.466749474583,240.990193973886
22.71,60,0,3870.4554983142,119.24372988858,4,1.00217777695894,1.00217777695894,240.45021293906,240.973859872572
22.72,60,0,3870.76223671932,119.255685538749,4,1.00217876813522,1.00217876813522,240.433684795826,240.957534046894
22.73,60,0,3871.0688194362,119.267635715691,4,1.00217975888683,1.00217975888683,240.417165040598,240.941216492641
22.74,60,0,3871.37524654433,119.279580421677,4,1.0021807492139,1.0021807492139,240.40065366909,240.924907205601
22.75,60,0,3871.68151812315,119.29151965898,4,1.0021817391166,1.0021817391166,240.384150677024,240.908606181567
22.76,60,0,3871.98763425207,119.303453429868,4,1.00218272859508,1.00218272859508,240.367656060119,240.892313416333
22.77,60,0,3872.29359501045,119.31538173661,4,1.00218371764948,1.00218371764948,240.3511698141,240.876028905695
22.78,60,0,3872.59940047762,119.327304581476,4,1.00218470627995,1.00218470627995,240.334691934692,240.85975264545
22.79,60,0,3872.90505073287,119.339221966733,4,1.00218569448664,1.00218569448664,240.318222417623,240.8434846314
22.8,60,0,3873.21054585544,119.351133894648,4,1.00218668226971,1.00218668226971,240.301761258622,240.827224859346
22.81,60,0,3873.51588592454,119.363040367488,4,1.0021876696293,1.0021876696293,240.285308453423,240.810973325094
22.82,60,0,3873.82107101933,119.374941387519,4,1.00218865656557,1.00218865656557,240.26886399776,240.79473002445
22.83,60,0,3874.12610121894,119.386836957004,4,1.00218964307866,1.00218964307866,240.252427887369,240.778494953223
22.84,60,0,3874.43097660244,119.398727078209,4,1.00219062916872,1.00219062916872,240.236000117988,240.762268107223
22.85,60,0,3874.7356972489,119.410611753397,4,1.00219161483591,1.00219161483591,240.21958068536,240.746049482265
22.86,60,0,3875.0402632373,119.422490984831,4,1.00219260008037,1.00219260008037,240.203169585226,240.729839074163
22.87,60,0,3875.34467464662,119.434364774772,4,1.00219358490225,1.00219358490225,240.186766813332,240.713636878734
22.88,60,0,3875.64893155578,119.446233125483,4,1.00219456930171,1.00219456930171,240.170372365425,240.697442891798
22.89,60,0,3875.95303404365,119.458096039224,4,1.00219555327889,1.00219555327889,240.153986237255,240.681257109176
22.9,60,0,3876.2569821891,119.469953518254,4,1.00219653683394,1.00219653683394,240.137608424574,240.665079526692
22.91,60,0,3876.56077607091,119.481805564833,4,1.00219751996701,1.00219751996701,240.121238923135,240.648910140171
22.92,60,0,3876.86441576786,119.493652181219,4,1.00219850267826,1.00219850267826,240.104877728694,240.632748945442
22.93,60,0,3877.16790135867,119.505493369671,4,1.00219948496782,1.00219948496782,240.088524837009,240.616595938335
22.94,60,0,3877.47123292201,119.517329132444,4,1.00220046683586,1.00220046683586,240.072180243842,240.600451114681
22.95,60,0,3877.77441053655,119.529159471796,4,1.00220144828252,1.00220144828252,240.055843944953,240.584314470315
22.96,60,0,3878.07743428087,119.540984389982,4,1.00220242930795,1.00220242930795,240.039515936109,240.568186001073
22.97,60,0,3878.38030423354,119.552803889257,4,1.0022034099123,1.0022034099123,240.023196213075,240.552065702793
22.98,60,0,3878.68302047309,119.564617971875,4,1.00220439009572,1.00220439009572,240.00688477162,240.535953571316
22.99,60,0,3878.985583078,119.576426640089,4,1.00220536985836,1.00220536985836,239.990581607517,240.519849602485
23,60,0,3879.28799212672,119.588229896152,4,1.00220634920037,1.00220634920037,239.974286716537,240.503753792144
23.01,60,0,3879.59024769765,119.600027742317,4,1.0022073281219,1.0022073281219,239.958000094456,240.487666136139
23.02,60,0,3879.89234986915,119.611820180834,4,1.00220830662309,1.00220830662309,239.941721737052,240.471586630321
23.03,60,0,3880.19429871955,119.623607213954,4,1.00220928470411,1.00220928470411,239.925451640105,240.455515270539
23.04,60,0,3880.49609432714,119.635388843926,4,1.00221026236508,1.00221026236508,239.909189799397,240.439452052648
23.05,60,0,3880.79773677015,119.647165073001,4,1.00221123960618,1.00221123960618,239.89293621071,240.423396972502
23.06,60,0,3881.0992261268,119.658935903425,4,1.00221221642754,1.00221221642754,239.876690869832,240.407350025958
23.07,60,0,3881.40056247525,119.670701337448,4,1.00221319282932,1.00221319282932,239.860453772551,240.391311208877
23.08,60,0,3881.70174589363,119.682461377316,4,1.00221416881166,1.00221416881166,239.844224914657,240.375280517118
23.09,60,0,3882.00277646002,119.694216025274,4,1.00221514437471,1.00221514437471,239.828004291942,240.359257946547
23.1,60,0,3882.30365425247,119.70596528357,4,1.00221611951862,1.00221611951862,239.811791900202,240.343243493028
23.11,60,0,3882.60437934898,119.717709154446,4,1.00221709424355,1.00221709424355,239.795587735233,240.32723715243
23.12,60,0,3882.90495182753,119.729447640149,4,1.00221806854964,1.00221806854964,239.779391792833,240.311238920621
23.13,60,0,3883.20537176604,119.74118074292,4,1.00221904243704,1.00221904243704,239.763204068806,240.295248793476
23.14,60,0,3883.5056392424,119.752908465002,4,1.0022200159059,1.0022200159059,239.747024558953,240.279266766866
23.15,60,0,3883.80575433446,119.764630808638,4,1.00222098895637,1.00222098895637,239.730853259079,240.263292836668
23.16,60,0,3884.10571712002,119.776347776069,4,1.00222196158859,1.00222196158859,239.714690164994,240.247326998762
23.17,60,0,3884.40552767686,119.788059369534,4,1.00222293380273,1.00222293380273,239.698535272505,240.231369249026
23.18,60,0,3884.7051860827,119.799765591275,4,1.00222390559892,1.00222390559892,239.682388577424,240.215419583343
23.19,60,0,3885.00469241524,119.811466443529,4,1.00222487697731,1.00222487697731,239.666250075567,240.199477997598
23.2,60,0,3885.30404675212,119.823161928535,4,1.00222584793806,1.00222584793806,239.650119762747,240.183544487677
23.21,60,0,3885.60324917097,119.834852048531,4,1.00222681848131,1.00222681848131,239.633997634785,240.167619049468
23.22,60,0,3885.90229974934,119.846536805754,4,1.00222778860721,1.00222778860721,239.6178836875,240.151701678864
23.23,60,0,3886.20119856478,119.85821620244,4,1.00222875831592,1.00222875831592,239.601777916715,240.135792371756
23.24,60,0,3886.49994569477,119.869890240823,4,1.00222972760757,1.00222972760757,239.585680318254,240.119891124038
23.25,60,0,3886.79854121677,119.88155892314,4,1.00223069648232,1.00223069648232,239.569590887944,240.103997931609
23.26,60,0,3887.09698520819,119.893222251624,4,1.00223166494032,1.00223166494032,239.553509621613,240.088112790367
23.27,60,0,3887.39527774641,119.904880228508,4,1.00223263298172,1.00223263298172,239.537436515092,240.072235696213
23.28,60,0,3887.69341890877,119.916532856025,4,1.00223360060667,1.00223360060667,239.521371564215,240.05636664505
23.29,60,0,3887.99140877255,119.928180136406,4,1.0022345678153,1.0022345678153,239.505314764817,240.040505632785
23.3,60,0,3888.28924741502,119.939822071884,4,1.00223553460778,1.00223553460778,239.489266112735,240.024652655322
23.31,60,0,3888.5869349134,119.951458664687,4,1.00223650098425,1.00223650098425,239.473225603808,240.008807708574
23.32,60,0,3888.88447134485,119.963089917046,4,1.00223746694487,1.00223746694487,239.457193233879,239.99297078845
23.33,60,0,3889.18185678653,119.97471583119,4,1.00223843248977,1.00223843248977,239.441168998789,239.977141890864
23.34,60,0,3889.47909131553,119.986336409348,4,1.00223939761911,1.00223939761911,239.425152894386,239.961321011732
23.35,60,0,3889.77617500892,119.997951653745,4,1.00224036233303,1.00224036233303,239.409144916517,239.945508146971
23.36,60,0,3890.0731079437,120.009561566611,4,1.00224132663169,1.00224132663169,239.393145061032,239.929703292502
23.37,60,0,3890.36989019688,120.021166150169,4,1.00224229051524,1.00224229051524,239.377153323784,239.913906444246
23.38,60,0,3890.66652184538,120.032765406647,4,1.00224325398381,1.00224325398381,239.361169700625,239.898117598126
23.39,60,0,3890.96300296612,120.044359338268,4,1.00224421703757,1.00224421703757,239.345194187413,239.882336750069
23.4,60,0,3891.25933363595,120.055947947257,4,1.00224517967665,1.00224517967665,239.329226780007,239.866563896003
23.41,60,0,3891.55551393171,120.067531235837,4,1.00224614190122,1.00224614190122,239.313267474266,239.850799031858
23.42,60,0,3891.85154393018,120.079109206229,4,1.00224710371141,1.00224710371141,239.297316266053,239.835042153565
23.43,60,0,3892.14742370811,120.090681860657,4,1.00224806510737,1.00224806510737,239.281373151234,239.81929325706
23.44,60,0,3892.4431533422,120.10224920134,4,1.00224902608926,1.00224902608926,239.265438125675,239.803552338278
23.45,60,0,3892.73873290914,120.1138112305,4,1.00224998665722,1.00224998665722,239.249511185244,239.787819393157
23.46,60,0,3893.03416248554,120.125367950356,4,1.0022509468114,1.0022509468114,239.233592325813,239.772094417638
23.47,60,0,3893.329442148,120.136919363127,4,1.00225190655195,1.00225190655195,239.217681543255,239.756377407663
23.48,60,0,3893.62457197307,120.148465471031,4,1.00225286587901,1.00225286587901,239.201778833445,239.740668359178
23.49,60,0,3893.91955203727,120.160006276286,4,1.00225382479274,1.00225382479274,239.185884192261,239.724967268126
23.5,60,0,3894.21438241707,120.171541781108,4,1.00225478329328,1.00225478329328,239.169997615583,239.70927413046
23.51,60,0,3894.50906318891,120.183071987713,4,1.00225574138078,1.00225574138078,239.154119099291,239.693588942127
23.52,60,0,3894.80359442918,120.194596898317,4,1.00225669905539,1.00225669905539,239.138248639269,239.677911699081
23.53,60,0,3895.09797621424,120.206116515134,4,1.00225765631726,1.00225765631726,239.122386231403,239.662242397277
23.54,60,0,3895.39220862041,120.217630840378,4,1.00225861316654,1.00225861316654,239.106531871581,239.646581032671
23.55,60,0,3895.68629172398,120.229139876263,4,1.00225956960336,1.00225956960336,239.090685555693,239.630927601222
23.56,60,0,3895.98022560118,120.240643625,4,1.00226052562789,1.00226052562789,239.074847279631,239.615282098892
23.57,60,0,3896.27401032821,120.252142088802,4,1.00226148124028,1.00226148124028,239.059017039289,239.599644521642
23.58,60,0,3896.56764598125,120.263635269879,4,1.00226243644065,1.00226243644065,239.043194830563,239.584014865438
23.59,60,0,3896.86113263642,120.275123170442,4,1.00226339122918,1.00226339122918,239.027380649352,239.568393126247
23.6,60,0,3897.15447036979,120.2866057927,4,1.002264345606,1.002264345606,239.011574491555,239.552779300038
23.61,60,0,3897.44765925743,120.298083138862,4,1.00226529957126,1.00226529957126,238.995776353077,239.537173382782
23.62,60,0,3897.74069937534,120.309555211137,4,1.00226625312511,1.00226625312511,238.97998622982,239.521575370451
23.63,60,0,3898.03359079948,120.321022011731,4,1.0022672062677,1.0022672062677,238.964204117691,239.505985259022
23.64,60,0,3898.32633360581,120.332483542852,4,1.00226815899917,1.00226815899917,238.948430012601,239.490403044472
23.65,60,0,3898.61892787019,120.343939806704,4,1.00226911131968,1.00226911131968,238.932663910458,239.474828722778
23.66,60,0,3898.9113736685,120.355390805495,4,1.00227006322937,1.00227006322937,238.916905807177,239.459262289924
23.67,60,0,3899.20367107655,120.366836541427,4,1.00227101472839,1.00227101472839,238.901155698671,239.443703741892
23.68,60,0,3899.4958201701,120.378277016706,4,1.00227196581688,1.00227196581688,238.885413580859,239.428153074666
23.69,60,0,3899.78782102492,120.389712233534,4,1.002272916495,1.002272916495,238.869679449658,239.412610284235
23.7,60,0,3900.07967371668,120.401142194113,4,1.0022738667629,1.0022738667629,238.853953300992,239.397075366589
23.71,60,0,3900.37137832106,120.412566900645,4,1.00227481662071,1.00227481662071,238.838235130782,239.381548317719
23.72,60,0,3900.66293491368,120.423986355331,4,1.00227576606859,1.00227576606859,238.822524934955,239.366029133617
23.73,60,0,3900.95434357013,120.435400560371,4,1.00227671510669,1.00227671510669,238.806822709438,239.35051781028
23.74,60,0,3901.24560436594,120.446809517966,4,1.00227766373515,1.00227766373515,238.791128450159,239.335014343705
23.75,60,0,3901.53671737663,120.458213230312,4,1.00227861195412,1.00227861195412,238.775442153052,239.319518729891
23.76,60,0,3901.82768267767,120.46961169961,4,1.00227955976375,1.00227955976375,238.759763814049,239.304030964841
23.77,60,0,3902.11850034448,120.481004928055,4,1.00228050716418,1.00228050716418,238.744093429086,239.288551044557
23.78,60,0,3902.40917045247,120.492392917846,4,1.00228145415557,1.00228145415557,238.728430994101,239.273078965045
23.79,60,0,3902.69969307698,120.503775671176,4,1.00228240073806,1.00228240073806,238.712776505035,239.257614722314
23.8,60,0,3902.99006829334,120.515153190243,4,1.0022833469118,1.0022833469118,238.697129957828,239.242158312372
23.81,60,0,3903.28029617681,120.52652547724,4,1.00228429267693,1.00228429267693,238.681491348425,239.226709731231
23.82,60,0,3903.57037680264,120.53789253436,4,1.00228523803361,1.00228523803361,238.665860672773,239.211268974906
23.83,60,0,3903.86031024603,120.549254363798,4,1.00228618298197,1.00228618298197,238.650237926819,239.195836039411
23.84,60,0,3904.15009658214,120.560610967746,4,1.00228712752218,1.00228712752218,238.634623106512,239.180410920764
23.85,60,0,3904.4397358861,120.571962348394,4,1.00228807165437,1.00228807165437,238.619016207807,239.164993614986
23.86,60,0,3904.72922823299,120.583308507934,4,1.00228901537869,1.00228901537869,238.603417226657,239.149584118098
23.87,60,0,3905.01857369786,120.594649448557,4,1.0022899586953,1.0022899586953,238.587826159019,239.134182426124
23.88,60,0,3905.30777235572,120.605985172451,4,1.00229090160433,1.00229090160433,238.57224300085,239.118788535089
23.89,60,0,3905.59682428154,120.617315681806,4,1.00229184410593,1.00229184410593,238.556667748112,239.103402441022
23.9,60,0,3905.88572955026,120.628640978808,4,1.00229278620026,1.00229278620026,238.541100396767,239.088024139951
23.91,60,0,3906.17448823676,120.639961065647,4,1.00229372788745,1.00229372788745,238.525540942781,239.072653627911
23.92,60,0,3906.46310041592,120.651275944508,4,1.00229466916767,1.00229466916767,238.509989382118,239.057290900933
23.93,60,0,3906.75156616254,120.662585617577,4,1.00229561004104,1.00229561004104,238.494445710749,239.041935955054
23.94,60,0,3907.0398855514,120.673890087039,4,1.00229655050772,1.00229655050772,238.478909924644,239.026588786313
23.95,60,0,3907.32805865726,120.685189355079,4,1.00229749056786,1.00229749056786,238.463382019775,239.011249390747
23.96,60,0,3907.61608555481,120.696483423881,4,1.00229843022161,1.00229843022161,238.447861992119,238.9959177644
23.97,60,0,3907.90396631872,120.707772295627,4,1.00229936946911,1.00229936946911,238.432349837652,238.980593903316
23.98,60,0,3908.19170102362,120.7190559725,4,1.0023003083105,1.0023003083105,238.416845552352,238.96527780354
23.99,60,0,3908.4792897441,120.730334456681,4,1.00230124674594,1.00230124674594,238.401349132201,238.94996946112
24,60,0,3908.76673255472,120.741607750352,4,1.00230218477557,1.00230218477557,238.385860573183,238.934668872107
24.01,60,0,3909.05402952998,120.752875855692,4,1.00230312239955,1.00230312239955,238.370379871282,238.919376032551
24.02,60,0,3909.34118074437,120.764138774881,4,1.002304059618,1.002304059618,238.354907022485,238.904090938508
24.03,60,0,3909.62818627232,120.775396510097,4,1.00230499643109,1.00230499643109,238.339442022782,238.888813586033
24.04,60,0,3909.91504618823,120.786649063519,4,1.00230593283896,1.00230593283896,238.323984868164,238.873543971184
24.05,60,0,3910.20176056647,120.797896437324,4,1.00230686884176,1.00230686884176,238.308535554625,238.858282090021
24.06,60,0,3910.48832948136,120.809138633688,4,1.00230780443963,1.00230780443963,238.293094078159,238.843027938605
24.07,60,0,3910.7747530072,120.820375654787,4,1.00230873963271,1.00230873963271,238.277660434764,238.827781513001
24.08,60,0,3911.06103121822,120.831607502797,4,1.00230967442117,1.00230967442117,238.262234620441,238.812542809275
24.09,60,0,3911.34716418864,120.842834179891,4,1.00231060880514,1.00231060880514,238.246816631189,238.797311823493
24.1,60,0,3911.63315199263,120.854055688244,4,1.00231154278477,1.00231154278477,238.231406463014,238.782088551728
24.11,60,0,3911.91899470434,120.865272030029,4,1.0023124763602,1.0023124763602,238.216004111919,238.76687299005
24.12,60,0,3912.20469239785,120.876483207417,4,1.00231340953159,1.00231340953159,238.200609573914,238.751665134533
24.13,60,0,3912.49024514723,120.88768922258,4,1.00231434229908,1.00231434229908,238.185222845008,238.736464981253
24.14,60,0,3912.77565302651,120.898890077689,4,1.00231527466281,1.00231527466281,238.169843921211,238.721272526288
24.15,60,0,3913.06091610966,120.910085774914,4,1.00231620662294,1.00231620662294,238.15447279854,238.706087765718
24.16,60,0,3913.34603447063,120.921276316425,4,1.0023171381796,1.0023171381796,238.139109473008,238.690910695624
24.17,60,0,3913.63100818334,120.932461704391,4,1.00231806933295,1.00231806933295,238.123753940633,238.675741312091
24.18,60,0,3913.91583732165,120.943641940978,4,1.00231900008314,1.00231900008314,238.108406197436,238.660579611204
24.19,60,0,3914.2005219594,120.954817028355,4,1.0023199304303,1.0023199304303,238.093066239439,238.645425589051
24.2,60,0,3914.48506217039,120.965986968688,4,1.00232086037459,1.00232086037459,238.077734062664,238.630279241722
24.21,60,0,3914.76945802838,120.977151764143,4,1.00232178991615,1.00232178991615,238.06240966314,238.61514056531
24.22,60,0,3915.05370960708,120.988311416884,4,1.00232271905512,1.00232271905512,238.047093036892,238.600009555906
24.23,60,0,3915.33781698019,120.999465929077,4,1.00232364779166,1.00232364779166,238.031784179951,238.584886209607
24.24,60,0,3915.62178022134,121.010615302885,4,1.00232457612591,1.00232457612591,238.01648308835,238.569770522512
24.25,60,0,3915.90559940415,121.021759540471,4,1.00232550405802,1.00232550405802,238.001189758122,238.554662490719
24.26,60,0,3916.18927460218,121.032898643997,4,1.00232643158813,1.00232643158813,237.985904185303,238.53956211033
24.27,60,0,3916.47280588898,121.044032615624,4,1.00232735871639,1.00232735871639,237.970626365931,238.524469377448
24.28,60,0,3916.75619333804,121.055161457515,4,1.00232828544294,1.00232828544294,237.955356296047,238.509384288181
24.29,60,0,3917.03943702282,121.066285171827,4,1.00232921176794,1.00232921176794,237.940093971691,238.494306838635
24.3,60,0,3917.32253701673,121.077403760722,4,1.00233013769152,1.00233013769152,237.92483938891,238.479237024919
24.31,60,0,3917.60549339317,121.088517226357,4,1.00233106321384,1.00233106321384,237.909592543748,238.464174843145
24.32,60,0,3917.88830622548,121.099625570891,4,1.00233198833503,1.00233198833503,237.894353432253,238.449120289427
24.33,60,0,3918.17097558697,121.11072879648,4,1.00233291305525,1.00233291305525,237.879122050477,238.43407335988
24.34,60,0,3918.45350155091,121.121826905282,4,1.00233383737464,1.00233383737464,237.863898394471,238.419034050622
24.35,60,0,3918.73588419053,121.132919899452,4,1.00233476129335,1.00233476129335,237.848682460289,238.404002357773
24.36,60,0,3919.01812357904,121.144007781145,4,1.00233568481153,1.00233568481153,237.833474243988,238.388978277452
24.37,60,0,3919.30021978959,121.155090552515,4,1.00233660792931,1.00233660792931,237.818273741626,238.373961805785
24.38,60,0,3919.58217289531,121.166168215717,4,1.00233753064685,1.00233753064685,237.803080949263,238.358952938897
24.39,60,0,3919.86398296928,121.177240772903,4,1.00233845296428,1.00233845296428,237.787895862962,238.343951672913
24.4,60,0,3920.14565008455,121.188308226225,4,1.00233937488177,1.00233937488177,237.772718478785,238.328958003965
24.41,60,0,3920.42717431413,121.199370577835,4,1.00234029639945,1.00234029639945,237.757548792801,238.313971928182
24.42,60,0,3920.70855573099,121.210427829884,4,1.00234121751746,1.00234121751746,237.742386801077,238.298993441699
24.43,60,0,3920.98979440808,121.221479984521,4,1.00234213823596,1.00234213823596,237.727232499683,238.28402254065
24.44,60,0,3921.27089041829,121.232527043897,4,1.0023430585551,1.0023430585551,237.712085884692,238.269059221174
24.45,60,0,3921.55184383448,121.243569010159,4,1.002343978475,1.002343978475,237.696946952178,238.254103479407
24.46,60,0,3921.83265472947,121.254605885455,4,1.00234489799583,1.00234489799583,237.681815698216,238.239155311492
24.47,60,0,3922.11332317607,121.265637671934,4,1.00234581711772,1.00234581711772,237.666692118887,238.224214713572
24.48,60,0,3922.39384924701,121.276664371741,4,1.00234673584083,1.00234673584083,237.65157621027,238.209281681792
24.49,60,0,3922.67423301501,121.287685987022,4,1.0023476541653,1.0023476541653,237.636467968446,238.194356212298
24.5,60,0,3922.95447455274,121.298702519923,4,1.00234857209127,1.00234857209127,237.621367389501,238.17943830124
24.51,60,0,3923.23457393286,121.309713972586,4,1.00234948961888,1.00234948961888,237.606274469521,238.164527944768
24.52,60,0,3923.51453122795,121.320720347158,4,1.0023504067483,1.0023504067483,237.591189204593,238.149625139035
24.53,60,0,3923.79434651059,121.331721645779,4,1.00235132347965,1.00235132347965,237.576111590809,238.134729880196
24.54,60,0,3924.0740198533,121.342717870592,4,1.00235223981309,1.00235223981309,237.56104162426,238.119842164407
24.55,60,0,3924.35355132857,121.35370902374,4,1.00235315574876,1.00235315574876,237.545979301042,238.104961987828
24.56,60,0,3924.63294100887,121.364695107362,4,1.0023540712868,1.0023540712868,237.530924617248,238.090089346618
24.57,60,0,3924.9121889666,121.375676123599,4,1.00235498642737,1.00235498642737,237.51587756898,238.07522423694
24.58,60,0,3925.19129527415,121.38665207459,4,1.00235590117061,1.00235590117061,237.500838152336,238.060366654959
24.59,60,0,3925.47026000386,121.397622962474,4,1.00235681551665,1.00235681551665,237.485806363419,238.045516596841
24.6,60,0,3925.74908322804,121.408588789388,4,1.00235772946566,1.00235772946566,237.470782198333,238.030674058754
24.61,60,0,3926.02776501896,121.41954955747,4,1.00235864301777,1.00235864301777,237.455765653184,238.01583903687
24.62,60,0,3926.30630544886,121.430505268857,4,1.00235955617312,1.00235955617312,237.440756724081,238.00101152736
24.63,60,0,3926.58470458992,121.441455925683,4,1.00236046893187,1.00236046893187,237.425755407133,237.986191526397
24.64,60,0,3926.8629625143,121.452401530085,4,1.00236138129416,1.00236138129416,237.410761698452,237.971379030159
24.65,60,0,3927.14107929414,121.463342084197,4,1.00236229326013,1.00236229326013,237.395775594154,237.956574034824
24.66,60,0,3927.41905500152,121.474277590151,4,1.00236320482993,1.00236320482993,237.380797090354,237.941776536571
24.67,60,0,3927.69688970848,121.485208050082,4,1.0023641160037,1.0023641160037,237.365826183171,237.926986531583
24.68,60,0,3927.97458348704,121.496133466121,4,1.0023650267816,1.0023650267816,237.350862868724,237.912204016043
24.69,60,0,3928.25213640918,121.507053840401,4,1.00236593716375,1.00236593716375,237.335907143135,237.897428986138
24.7,60,0,3928.52954854682,121.51796917505,4,1.00236684715032,1.00236684715032,237.320959002528,237.882661438054
24.71,60,0,3928.80681997189,121.528879472201,4,1.00236775674144,1.00236775674144,237.30601844303,237.867901367982
24.72,60,0,3929.08395075623,121.539784733982,4,1.00236866593726,1.00236866593726,237.291085460768,237.853148772114
24.73,60,0,3929.36094097169,121.550684962521,4,1.00236957473792,1.00236957473792,237.276160051874,237.838403646643
24.74,60,0,3929.63779069004,121.561580159947,4,1.00237048314357,1.00237048314357,237.261242212477,237.823665987764
24.75,60,0,3929.91449998306,121.572470328387,4,1.00237139115435,1.00237139115435,237.246331938714,237.808935791675
24.76,60,0,3930.19106892245,121.583355469968,4,1.00237229877041,1.00237229877041,237.231429226718,237.794213054576
24.77,60,0,3930.4674975799,121.594235586814,4,1.0023732059919,1.0023732059919,237.216534072629,237.779497772667
24.78,60,0,3930.74378602706,121.605110681052,4,1.00237411281895,1.00237411281895,237.201646472586,237.764789942152
24.79,60,0,3931.01993433554,121.615980754806,4,1.00237501925171,1.00237501925171,237.186766422731,237.750089559237
24.8,60,0,3931.2959425769,121.626845810199,4,1.00237592529034,1.00237592529034,237.171893919208,237.735396620128
24.81,60,0,3931.57181082269,121.637705849354,4,1.00237683093496,1.00237683093496,237.157028958162,237.720711121033
24.82,60,0,3931.8475391444,121.648560874394,4,1.00237773618573,1.00237773618573,237.142171535742,237.706033058165
24.83,60,0,3932.1231276135,121.65941088744,4,1.00237864104279,1.00237864104279,237.127321648097,237.691362427736
24.84,60,0,3932.39857630142,121.670255890613,4,1.00237954550629,1.00237954550629,237.112479291378,237.67669922596
24.85,60,0,3932.67388527954,121.681095886032,4,1.00238044957637,1.00238044957637,237.09764446174,237.662043449056
24.86,60,0,3932.94905461922,121.691930875818,4,1.00238135325317,1.00238135325317,237.082817155338,237.647395093241
24.87,60,0,3933.22408439178,121.702760862089,4,1.00238225653684,1.00238225653684,237.067997368329,237.632754154735
24.88,60,0,3933.4989746685,121.713585846963,4,1.00238315942752,1.00238315942752,237.053185096873,237.618120629761
24.89,60,0,3933.77372552062,121.724405832557,4,1.00238406192537,1.00238406192537,237.038380337132,237.603494514544
24.9,60,0,3934.04833701935,121.735220820988,4,1.00238496403051,1.00238496403051,237.023583085269,237.588875805311
24.91,60,0,3934.32280923587,121.746030814371,4,1.00238586574311,1.00238586574311,237.008793337448,237.574264498287
24.92,60,0,3934.59714224131,121.756835814822,4,1.00238676706329,1.00238676706329,236.994011089839,237.559660589706
24.93,60,0,3934.87133610677,121.767635824455,4,1.00238766799121,1.00238766799121,236.97923633861,237.545064075798
24.94,60,0,3935.14539090331,121.778430845384,4,1.00238856852701,1.00238856852701,236.964469079933,237.530474952797
24.95,60,0,3935.41930670196,121.789220879722,4,1.00238946867084,1.00238946867084,236.94970930998,237.51589321694
24.96,60,0,3935.69308357372,121.80000592958,4,1.00239036842283,1.00239036842283,236.934957024927,237.501318864464
24.97,60,0,3935.96672158953,121.810785997071,4,1.00239126778314,1.00239126778314,236.920212220951,237.486751891608
24.98,60,0,3936.24022082031,121.821561084305,4,1.0023921667519,1.0023921667519,236.90547489423,237.472192294615
24.99,60,0,3936.51358133695,121.832331193393,4,1.00239306532926,1.00239306532926,236.890745040948,237.457640069728
25,60,0,3936.7868032103,121.843096326443,4,1.00239396351537,1.00239396351537,236.876022657285,237.443095213192
25.01,60,0,3937.05988651116,121.853856485565,4,1.00239486131037,1.00239486131037,236.861307739427,237.428557721256
25.02,60,0,3937.3328313103,121.864611672867,4,1.0023957587144,1.0023957587144,236.846600283561,237.414027590167
25.03,60,0,3937.60563767847,121.875361890455,4,1.00239665572761,1.00239665572761,236.831900285876,237.399504816177
25.04,60,0,3937.87830568636,121.886107140437,4,1.00239755235014,1.00239755235014,236.817207742563,237.38498939554
25.05,60,0,3938.15083540464,121.896847424918,4,1.00239844858214,1.00239844858214,236.802522649813,237.370481324509
25.06,60,0,3938.42322690395,121.907582746003,4,1.00239934442374,1.00239934442374,236.787845003823,237.355980599343
25.07,60,0,3938.69548025487,121.918313105798,4,1.0024002398751,1.0024002398751,236.773174800788,237.3414872163
25.08,60,0,3938.96759552796,121.929038506404,4,1.00240113493636,1.00240113493636,236.758512036908,237.32700117164
25.09,60,0,3939.23957279374,121.939758949927,4,1.00240202960765,1.00240202960765,236.743856708382,237.312522461626
25.1,60,0,3939.5114121227,121.950474438467,4,1.00240292388914,1.00240292388914,236.729208811414,237.298051082524
25.11,60,0,3939.78311358528,121.961184974126,4,1.00240381778095,1.00240381778095,236.714568342207,237.283587030597
25.12,60,0,3940.05467725191,121.971890559006,4,1.00240471128323,1.00240471128323,236.699935296967,237.269130302116
25.13,60,0,3940.32610319295,121.982591195206,4,1.00240560439613,1.00240560439613,236.685309671905,237.254680893351
25.14,60,0,3940.59739147876,121.993286884826,4,1.00240649711979,1.00240649711979,236.670691463228,237.240238800573
25.15,60,0,3940.86854217963,122.003977629965,4,1.00240738945435,1.00240738945435,236.65608066715,237.225804020057
25.16,60,0,3941.13955536583,122.01466343272,4,1.00240828139996,1.00240828139996,236.641477279884,237.211376548077
25.17,60,0,3941.4104311076,122.025344295189,4,1.00240917295677,1.00240917295677,236.626881297647,237.196956380913
25.18,60,0,3941.68116947514,122.036020219469,4,1.0024100641249,1.0024100641249,236.612292716657,237.182543514844
25.19,60,0,3941.9517705386,122.046691207656,4,1.00241095490452,1.00241095490452,236.597711533133,237.168137946151
25.2,60,0,3942.22223436812,122.057357261844,4,1.00241184529575,1.00241184529575,236.583137743296,237.153739671117
25.21,60,0,3942.49256103379,122.068018384128,4,1.00241273529875,1.00241273529875,236.568571343373,237.139348686029
25.22,60,0,3942.76275060565,122.078674576602,4,1.00241362491367,1.00241362491367,236.554012329586,237.124964987173
25.23,60,0,3943.03280315374,122.089325841359,4,1.00241451414063,1.00241451414063,236.539460698166,237.110588570838
25.24,60,0,3943.30271874802,122.099972180491,4,1.00241540297979,1.00241540297979,236.524916445339,237.096219433315
25.25,60,0,3943.57249745846,122.110613596091,4,1.00241629143128,1.00241629143128,236.510379567339,237.081857570897
25.26,60,0,3943.84213935495,122.121250090248,4,1.00241717949526,1.00241717949526,236.495850060398,237.067502979879
25.27,60,0,3944.11164450739,122.131881665053,4,1.00241806717187,1.00241806717187,236.481327920752,237.053155656557
25.28,60,0,3944.3810129856,122.142508322596,4,1.00241895446124,1.00241895446124,236.466813144639,237.03881559723
25.29,60,0,3944.65024485939,122.153130064965,4,1.00241984136353,1.00241984136353,236.452305728297,237.024482798199
25.3,60,0,3944.91934019853,122.163746894249,4,1.00242072787887,1.00242072787887,236.437805667966,237.010157255766
25.31,60,0,3945.18829907276,122.174358812534,4,1.00242161400741,1.00242161400741,236.423312959892,236.995838966234
25.32,60,0,3945.45712155178,122.184965821908,4,1.00242249974929,1.00242249974929,236.408827600317,236.981527925909
25.33,60,0,3945.72580770523,122.195567924457,4,1.00242338510466,1.00242338510466,236.394349585489,236.967224131101
25.34,60,0,3945.99435760276,122.206165122265,4,1.00242427007366,1.00242427007366,236.379878911657,236.952927578117
25.35,60,0,3946.26277131395,122.216757417417,4,1.00242515465643,1.00242515465643,236.365415575072,236.938638263272
25.36,60,0,3946.53104890836,122.227344811998,4,1.00242603885311,1.00242603885311,236.350959571985,236.924356182876
25.37,60,0,3946.79919045551,122.23792730809,4,1.00242692266385,1.00242692266385,236.336510898652,236.910081333247
25.38,60,0,3947.06719602488,122.248504907775,4,1.00242780608879,1.00242780608879,236.322069551329,236.8958137107
25.39,60,0,3947.33506568592,122.259077613135,4,1.00242868912807,1.00242868912807,236.307635526274,236.881553311557
25.4,60,0,3947.60279950805,122.269645426252,4,1.00242957178184,1.00242957178184,236.293208819747,236.867300132137
25.41,60,0,3947.87039756064,122.280208349205,4,1.00243045405024,1.00243045405024,236.278789428012,236.853054168763
25.42,60,0,3948.13785991304,122.290766384075,4,1.00243133593341,1.00243133593341,236.26437734733,236.838815417761
25.43,60,0,3948.40518663455,122.301319532939,4,1.0024322174315,1.0024322174315,236.24997257397,236.824583875456
25.44,60,0,3948.67237779445,122.311867797877,4,1.00243309854465,1.00243309854465,236.235575104198,236.810359538178
25.45,60,0,3948.93943346197,122.322411180965,4,1.00243397927299,1.00243397927299,236.221184934284,236.796142402256
25.46,60,0,3949.20635370631,122.332949684281,4,1.00243485961668,1.00243485961668,236.206802060501,236.781932464023
25.47,60,0,3949.47313859664,122.343483309899,4,1.00243573957586,1.00243573957586,236.192426479121,236.767729719814
25.48,60,0,3949.73978820209,122.354012059897,4,1.00243661915066,1.00243661915066,236.17805818642,236.753534165963
25.49,60,0,3950.00630259176,122.364535936348,4,1.00243749834124,1.00243749834124,236.163697178675,236.739345798809
25.5,60,0,3950.2726818347,122.375054941325,4,1.00243837714773,1.00243837714773,236.149343452166,236.725164614692
25.51,60,0,3950.53892599993,122.385569076904,4,1.00243925557028,1.00243925557028,236.134997003174,236.710990609952
25.52,60,0,3950.80503515646,122.396078345155,4,1.00244013360903,1.00244013360903,236.120657827981,236.696823780933
25.53,60,0,3951.07100937323,122.406582748151,4,1.00244101126412,1.00244101126412,236.106325922875,236.682664123982
25.54,60,0,3951.33684871916,122.417082287962,4,1.00244188853569,1.00244188853569,236.092001284141,236.668511635445
25.55,60,0,3951.60255326314,122.427576966659,4,1.0024427654239,1.0024427654239,236.077683908067,236.654366311671
25.56,60,0,3951.86812307401,122.438066786313,4,1.00244364192887,1.00244364192887,236.063373790944,236.640228149009
25.57,60,0,3952.13355822059,122.44855174899,4,1.00244451805075,1.00244451805075,236.049070929065,236.626097143815
25.58,60,0,3952.39885877165,122.459031856761,4,1.00244539378969,1.00244539378969,236.034775318726,236.611973292442
25.59,60,0,3952.66402479594,122.469507111692,4,1.00244626914583,1.00244626914583,236.020486956221,236.597856591245
25.6,60,0,3952.92905636216,122.47997751585,4,1.0024471441193,1.0024471441193,236.006205837849,236.583747036585
25.61,60,0,3953.193953539,122.490443071302,4,1.00244801871026,1.00244801871026,235.991931959912,236.569644624821
25.62,60,0,3953.45871639508,122.500903780112,4,1.00244889291884,1.00244889291884,235.977665318709,236.555549352313
25.63,60,0,3953.72334499901,122.511359644346,4,1.00244976674519,1.00244976674519,235.963405910546,236.541461215428
25.64,60,0,3953.98783941935,122.521810666067,4,1.00245064018945,1.00245064018945,235.949153731728,236.527380210529
25.65,60,0,3954.25219972465,122.532256847339,4,1.00245151325176,1.00245151325176,235.934908778563,236.513306333985
25.66,60,0,3954.51642598339,122.542698190224,4,1.00245238593226,1.00245238593226,235.920671047361,236.499239582166
25.67,60,0,3954.78051826404,122.553134696784,4,1.00245325823109,1.00245325823109,235.906440534433,236.485179951441
25.68,60,0,3955.04447663503,122.563566369081,4,1.0024541301484,1.0024541301484,235.892217236093,236.471127438186
25.69,60,0,3955.30830116474,122.573993209174,4,1.00245500168433,1.00245500168433,235.878001148656,236.457082038773
25.7,60,0,3955.57199192155,122.584415219124,4,1.00245587283903,1.00245587283903,235.863792268438,236.44304374958
25.71,60,0,3955.83554897376,122.594832400989,4,1.00245674361262,1.00245674361262,235.84959059176,236.429012566986
25.72,60,0,3956.09897238967,122.605244756828,4,1.00245761400527,1.00245761400527,235.835396114941,236.41498848737
25.73,60,0,3956.36226223753,122.615652288699,4,1.0024584840171,1.0024584840171,235.821208834305,236.400971507117
25.74,60,0,3956.62541858556,122.626054998657,4,1.00245935364825,1.00245935364825,235.807028746177,236.386961622608
25.75,60,0,3956.88844150194,122.636452888761,4,1.00246022289888,1.00246022289888,235.792855846883,236.372958830231
25.76,60,0,3957.15133105482,122.646845961065,4,1.00246109176913,1.00246109176913,235.778690132752,236.358963126373
25.77,60,0,3957.41408731231,122.657234217623,4,1.00246196025913,1.00246196025913,235.764531600113,236.344974507424
25.78,60,0,3957.6767103425,122.667617660491,4,1.00246282836902,1.00246282836902,235.750380245299,236.330992969774
25.79,60,0,3957.93920021342,122.677996291721,4,1.00246369609895,1.00246369609895,235.736236064645,236.317018509819
25.8,60,0,3958.20155699309,122.688370113366,4,1.00246456344907,1.00246456344907,235.722099054486,236.303051123953
25.81,60,0,3958.46378074947,122.698739127478,4,1.0024654304195,1.0024654304195,235.707969211159,236.289090808572
25.82,60,0,3958.72587155052,122.709103336108,4,1.0024662970104,1.0024662970104,235.693846531005,236.275137560075
25.83,60,0,3958.98782946413,122.719462741307,4,1.00246716322191,1.00246716322191,235.679731010365,236.261191374863
25.84,60,0,3959.24965455817,122.729817345125,4,1.00246802905416,1.00246802905416,235.665622645583,236.247252249339
25.85,60,0,3959.51134690048,122.740167149611,4,1.0024688945073,1.0024688945073,235.651521433004,236.233320179907
25.86,60,0,3959.77290655887,122.750512156813,4,1.00246975958147,1.00246975958147,235.637427368975,236.219395162973
25.87,60,0,3960.03433360108,122.760852368779,4,1.00247062427682,1.00247062427682,235.623340449846,236.205477194946
25.88,60,0,3960.29562809487,122.771187787556,4,1.00247148859347,1.00247148859347,235.609260671965,236.191566272233
25.89,60,0,3960.55679010792,122.781518415191,4,1.00247235253158,1.00247235253158,235.595188031689,236.177662391248
25.9,60,0,3960.8178197079,122.791844253728,4,1.00247321609129,1.00247321609129,235.58112252537,236.163765548404
25.91,60,0,3961.07871696244,122.802165305213,4,1.00247407927274,1.00247407927274,235.567064149364,236.149875740115
25.92,60,0,3961.33948193912,122.812481571691,4,1.00247494207606,1.00247494207606,235.553012900032,236.135992962801
25.93,60,0,3961.60011470551,122.822793055204,4,1.00247580450141,1.00247580450141,235.538968773732,236.122117212878
25.94,60,0,3961.86061532913,122.833099757796,4,1.00247666654891,1.00247666654891,235.524931766826,236.108248486768
25.95,60,0,3962.12098387747,122.843401681508,4,1.00247752821872,1.00247752821872,235.51090187568,236.094386780894
25.96,60,0,3962.38122041799,122.853698828382,4,1.00247838951098,1.00247838951098,235.496879096658,236.080532091679
25.97,60,0,3962.6413250181,122.863991200458,4,1.00247925042582,1.00247925042582,235.482863426128,236.06668441555
25.98,60,0,3962.90129774519,122.874278799777,4,1.00248011096338,1.00248011096338,235.46885486046,236.052843748935
25.99,60,0,3963.16113866662,122.884561628378,4,1.00248097112382,1.00248097112382,235.454853396026,236.039010088264
26,60,0,3963.4208478497,122.894839688299,4,1.00248183090726,1.00248183090726,235.440859029197,236.025183429968
26.01,60,0,3963.68042536171,122.905112981579,4,1.00248269031385,1.00248269031385,235.426871756351,236.011363770482
26.02,60,0,3963.93987126991,122.915381510254,4,1.00248354934374,1.00248354934374,235.412891573863,235.997551106239
26.03,60,0,3964.1991856415,122.925645276361,4,1.00248440799706,1.00248440799706,235.398918478112,235.983745433678
26.04,60,0,3964.45836854367,122.935904281935,4,1.00248526627395,1.00248526627395,235.38495246548,235.969946749237
26.05,60,0,3964.71742004356,122.946158529012,4,1.00248612417456,1.00248612417456,235.370993532347,235.956155049357
26.06,60,0,3964.97634020828,122.956408019626,4,1.00248698169902,1.00248698169902,235.3570416751,235.942370330481
26.07,60,0,3965.23512910491,122.966652755811,4,1.00248783884747,1.00248783884747,235.343096890124,235.928592589052
26.08,60,0,3965.49378680049,122.976892739599,4,1.00248869562007,1.00248869562007,235.329159173807,235.914821821517
26.09,60,0,3965.75231336203,122.987127973023,4,1.00248955201694,1.00248955201694,235.315228522539,235.901058024324
26.1,60,0,3966.0107088565,122.997358458115,4,1.00249040803823,1.00249040803823,235.301304932712,235.887301193923
26.11,60,0,3966.26897335085,123.007584196904,4,1.00249126368409,1.00249126368409,235.287388400719,235.873551326766
26.12,60,0,3966.52710691197,123.017805191422,4,1.00249211895464,1.00249211895464,235.273478922957,235.859808419305
26.13,60,0,3966.78510960674,123.028021443698,4,1.00249297385003,1.00249297385003,235.259576495822,235.846072467996
26.14,60,0,3967.042981502,123.038232955759,4,1.00249382837041,1.00249382837041,235.245681115713,235.832343469296
26.15,60,0,3967.30072266455,123.048439729636,4,1.00249468251591,1.00249468251591,235.231792779032,235.818621419663
26.16,60,0,3967.55833316116,123.058641767353,4,1.00249553628667,1.00249553628667,235.217911482181,235.80490631556
26.17,60,0,3967.81581305856,123.06883907094,4,1.00249638968284,1.00249638968284,235.204037221564,235.791198153446
26.18,60,0,3968.07316242345,123.07903164242,4,1.00249724270455,1.00249724270455,235.19016999359,235.777496929788
26.19,60,0,3968.3303813225,123.08921948382,4,1.00249809535194,1.00249809535194,235.176309794665,235.76380264105
26.2,60,0,3968.58746982234,123.099402597163,4,1.00249894762517,1.00249894762517,235.1624566212,235.750115283702
26.21,60,0,3968.84442798957,123.109580984474,4,1.00249979952435,1.00249979952435,235.148610469607,235.736434854212
26.22,60,0,3969.10125589075,123.119754647776,4,1.00250065104965,1.00250065104965,235.134771336301,235.722761349052
26.23,60,0,3969.35795359241,123.129923589091,4,1.00250150220119,1.00250150220119,235.120939217695,235.709094764694
26.24,60,0,3969.61452116106,123.140087810441,4,1.00250235297912,1.00250235297912,235.107114110208,235.695435097615
26.25,60,0,3969.87095866314,123.150247313847,4,1.00250320338358,1.00250320338358,235.09329601026,235.68178234429
26.26,60,0,3970.1272661651,123.160402101328,4,1.00250405341471,1.00250405341471,235.079484914272,235.668136501199
26.27,60,0,3970.38344373331,123.170552174905,4,1.00250490307264,1.00250490307264,235.065680818666,235.654497564821
26.28,60,0,3970.63949143415,123.180697536597,4,1.00250575235753,1.00250575235753,235.051883719868,235.64086553164
26.29,60,0,3970.89540933394,123.190838188421,4,1.0025066012695,1.0025066012695,235.038093614304,235.627240398138
26.3,60,0,3971.15119749897,123.200974132395,4,1.0025074498087,1.0025074498087,235.024310498403,235.613622160802
26.31,60,0,3971.4068559955,123.211105370536,4,1.00250829797527,1.00250829797527,235.010534368594,235.600010816119
26.32,60,0,3971.66238488975,123.22123190486,4,1.00250914576936,1.00250914576936,234.996765221311,235.586406360578
26.33,60,0,3971.91778424792,123.231353737383,4,1.00250999319109,1.00250999319109,234.983003052987,235.572808790672
26.34,60,0,3972.17305413615,123.241470870118,4,1.00251084024061,1.00251084024061,234.969247860059,235.559218102891
26.35,60,0,3972.42819462058,123.25158330508,4,1.00251168691806,1.00251168691806,234.955499638963,235.545634293733
26.36,60,0,3972.68320576729,123.261691044282,4,1.00251253322358,1.00251253322358,234.941758386139,235.532057359691
26.37,60,0,3972.93808764234,123.271794089737,4,1.00251337915732,1.00251337915732,234.928024098029,235.518487297266
26.38,60,0,3973.19284031175,123.281892443456,4,1.0025142247194,1.0025142247194,234.914296771075,235.504924102957
26.39,60,0,3973.44746384151,123.291986107451,4,1.00251506990997,1.00251506990997,234.900576401723,235.491367773266
26.4,60,0,3973.70195829756,123.302075083732,4,1.00251591472918,1.00251591472918,234.886862986419,235.477818304696
26.41,60,0,3973.95632374584,123.312159374309,4,1.00251675917715,1.00251675917715,234.873156521612,235.464275693753
26.42,60,0,3974.21056025222,123.322238981191,4,1.00251760325403,1.00251760325403,234.859457003752,235.450739936945
26.43,60,0,3974.46466788257,123.332313906386,4,1.00251844695996,1.00251844695996,234.845764429292,235.437211030779
26.44,60,0,3974.71864670269,123.342384151902,4,1.00251929029508,1.00251929029508,234.832078794684,235.423688971766
26.45,60,0,3974.97249677837,123.352449719745,4,1.00252013325953,1.00252013325953,234.818400096387,235.41017375642
26.46,60,0,3975.22621817537,123.362510611923,4,1.00252097585345,1.00252097585345,234.804728330856,235.396665381255
26.47,60,0,3975.47981095941,123.37256683044,4,1.00252181807698,1.00252181807698,234.791063494552,235.383163842787
26.48,60,0,3975.73327519616,123.382618377301,4,1.00252265993026,1.00252265993026,234.777405583936,235.369669137532
26.49,60,0,3975.98661095128,123.392665254511,4,1.00252350141342,1.00252350141342,234.76375459547,235.356181262012
26.5,60,0,3976.23981829039,123.402707464073,4,1.00252434252661,1.00252434252661,234.75011052562,235.342700212747
26.51,60,0,3976.49289727906,123.41274500799,4,1.00252518326997,1.00252518326997,234.736473370852,235.329225986261
26.52,60,0,3976.74584798286,123.422777888264,4,1.00252602364364,1.00252602364364,234.722843127635,235.315758579078
26.53,60,0,3976.99867046729,123.432806106895,4,1.00252686364775,1.00252686364775,234.70921979244,235.302297987725
26.54,60,0,3977.25136479784,123.442829665885,4,1.00252770328245,1.00252770328245,234.695603361738,235.288844208731
26.55,60,0,3977.50393103996,123.452848567234,4,1.00252854254787,1.00252854254787,234.681993832004,235.275397238627
26.56,60,0,3977.75636925907,123.462862812941,4,1.00252938144416,1.00252938144416,234.668391199712,235.261957073942
26.57,60,0,3978.00867952054,123.472872405004,4,1.00253021997145,1.00253021997145,234.654795461341,235.248523711212
26.58,60,0,3978.26086188972,123.482877345421,4,1.00253105812988,1.00253105812988,234.641206613369,235.235097146972
26.59,60,0,3978.51291643195,123.49287763619,4,1.0025318959196,1.0025318959196,234.62762465228,235.221677377761
26.6,60,0,3978.76484321248,123.502873279306,4,1.00253273334073,1.00253273334073,234.614049574554,235.208264400115
26.61,60,0,3979.01664229658,123.512864276766,4,1.00253357039343,1.00253357039343,234.600481376677,235.194858210577
26.62,60,0,3979.26831374945,123.522850630564,4,1.00253440707783,1.00253440707783,234.586920055135,235.18145880569
26.63,60,0,3979.51985763629,123.532832342695,4,1.00253524339407,1.00253524339407,234.573365606418,235.168066181996
26.64,60,0,3979.77127402224,123.542809415153,4,1.00253607934229,1.00253607934229,234.559818027014,235.154680336043
26.65,60,0,3980.02256297241,123.552781849931,4,1.00253691492262,1.00253691492262,234.546277313416,235.141301264378
26.66,60,0,3980.27372455188,123.56274964902,4,1.00253775013521,1.00253775013521,234.532743462118,235.127928963551
26.67,60,0,3980.52475882572,123.572712814412,4,1.0025385849802,1.0025385849802,234.519216469614,235.114563430113
26.68,60,0,3980.77566585892,123.582671348098,4,1.00253941945772,1.00253941945772,234.505696332404,235.101204660618
26.69,60,0,3981.02644571648,123.592625252068,4,1.00254025356792,1.00254025356792,234.492183046985,235.08785265162
26.7,60,0,3981.27709846334,123.602574528312,4,1.00254108731093,1.00254108731093,234.478676609859,235.074507399676
26.71,60,0,3981.52762416441,123.612519178819,4,1.00254192068689,1.00254192068689,234.465177017527,235.061168901344
26.72,60,0,3981.77802288459,123.622459205576,4,1.00254275369595,1.00254275369595,234.451684266496,235.047837153185
26.73,60,0,3982.02829468872,123.63239461057,4,1.00254358633823,1.00254358633823,234.438198353271,235.034512151762
26.74,60,0,3982.27843964161,123.64232539579,4,1.00254441861388,1.00254441861388,234.42471927436,235.021193893635
26.75,60,0,3982.52845780805,123.652251563219,4,1.00254525052304,1.00254525052304,234.411247026273,235.007882375373
26.76,60,0,3982.77834925279,123.662173114844,4,1.00254608206584,1.00254608206584,234.397781605522,234.994577593541
26.77,60,0,3983.02811404054,123.672090052649,4,1.00254691324243,1.00254691324243,234.38432300862,234.981279544709
26.78,60,0,3983.27775223599,123.682002378619,4,1.00254774405295,1.00254774405295,234.370871232082,234.967988225448
26.79,60,0,3983.52726390379,123.691910094735,4,1.00254857449752,1.00254857449752,234.357426272425,234.954703632328
26.8,60,0,3983.77664910856,123.701813202981,4,1.0025494045763,1.0025494045763,234.343988126169,234.941425761926
26.81,60,0,3984.02590791488,123.711711705339,4,1.00255023428941,1.00255023428941,234.330556789834,234.928154610817
26.82,60,0,3984.2750403873,123.721605603788,4,1.00255106363701,1.00255106363701,234.317132259942,234.914890175578
26.83,60,0,3984.52404659033,123.731494900311,4,1.00255189261922,1.00255189261922,234.303714533017,234.90163245279
26.84,60,0,3984.77292658848,123.741379596886,4,1.00255272123619,1.00255272123619,234.290303605586,234.888381439032
26.85,60,0,3985.02168044617,123.751259695493,4,1.00255354948805,1.00255354948805,234.276899474175,234.875137130888
26.86,60,0,3985.27030822785,123.76113519811,4,1.00255437737494,1.00255437737494,234.263502135315,234.861899524943
26.87,60,0,3985.51880999789,123.771006106713,4,1.002555204897,1.002555204897,234.250111585536,234.848668617783
26.88,60,0,3985.76718582064,123.780872423281,4,1.00255603205437,1.00255603205437,234.236727821373,234.835444405996
26.89,60,0,3986.01543576042,123.79073414979,4,1.00255685884719,1.00255685884719,234.223350839359,234.822226886172
26.9,60,0,3986.26355988153,123.800591288214,4,1.0025576852756,1.0025576852756,234.209980636031,234.809016054902
26.91,60,0,3986.51155824822,123.810443840528,4,1.00255851133973,1.00255851133973,234.196617207928,234.795811908781
26.92,60,0,3986.7594309247,123.820291808708,4,1.00255933703972,1.00255933703972,234.183260551589,234.782614444402
26.93,60,0,3987.00717797517,123.830135194726,4,1.00256016237572,1.00256016237572,234.169910663556,234.769423658362
26.94,60,0,3987.25479946379,123.839974000554,4,1.00256098734785,1.00256098734785,234.156567540374,234.756239547261
26.95,60,0,3987.50229545467,123.849808228165,4,1.00256181195626,1.00256181195626,234.143231178588,234.743062107698
26.96,60,0,3987.7496660119,123.859637879531,4,1.00256263620108,1.00256263620108,234.129901574744,234.729891336275
26.97,60,0,3987.99691119955,123.869462956621,4,1.00256346008246,1.00256346008246,234.116578725393,234.716727229598
26.98,60,0,3988.24403108163,123.879283461406,4,1.00256428360053,1.00256428360053,234.103262627085,234.70356978427
26.99,60,0,3988.49102572215,123.889099395855,4,1.00256510675543,1.00256510675543,234.089953276371,234.690418996898
27,60,0,3988.73789518505,123.898910761936,4,1.00256592954729,1.00256592954729,234.076650669807,234.677274864092
27.01,60,0,3988.98463953427,123.908717561617,4,1.00256675197627,1.00256675197627,234.063354803948,234.664137382463
27.02,60,0,3989.23125883369,123.918519796866,4,1.00256757404248,1.00256757404248,234.050065675353,234.651006548622
27.03,60,0,3989.47775314718,123.928317469648,4,1.00256839574608,1.00256839574608,234.036783280581,234.637882359185
27.04,60,0,3989.72412253857,123.93811058193,4,1.00256921708719,1.00256921708719,234.023507616193,234.624764810765
27.05,60,0,3989.97036707165,123.947899135677,4,1.00257003806597,1.00257003806597,234.010238678752,234.611653899983
27.06,60,0,3990.21648681018,123.957683132852,4,1.00257085868254,1.00257085868254,233.996976464824,234.598549623456
27.07,60,0,3990.4624818179,123.96746257542,4,1.00257167893704,1.00257167893704,233.983720970975,234.585451977806
27.08,60,0,3990.7083521585,123.977237465343,4,1.00257249882961,1.00257249882961,233.970472193773,234.572360959655
27.09,60,0,3990.95409789565,123.987007804585,4,1.00257331836039,1.00257331836039,233.957230129788,234.559276565627
27.1,60,0,3991.19971909298,123.996773595105,4,1.00257413752951,1.00257413752951,233.943994775593,234.546198792349
27.11,60,0,3991.44521581408,124.006534838866,4,1.00257495633712,1.00257495633712,233.93076612776,234.533127636449
27.12,60,0,3991.69058812253,124.016291537827,4,1.00257577478336,1.00257577478336,233.917544182866,234.520063094557
27.13,60,0,3991.93583608186,124.026043693948,4,1.00257659286834,1.00257659286834,233.904328937488,234.507005163303
27.14,60,0,3992.18095975558,124.035791309188,4,1.00257741059223,1.00257741059223,233.891120388204,234.493953839321
27.15,60,0,3992.42595920714,124.045534385504,4,1.00257822795515,1.00257822795515,233.877918531595,234.480909119246
27.16,60,0,3992.67083449999,124.055272924855,4,1.00257904495724,1.00257904495724,233.864723364244,234.467870999714
27.17,60,0,3992.91558569754,124.065006929196,4,1.00257986159864,1.00257986159864,233.851534882735,234.454839477363
27.18,60,0,3993.16021286315,124.074736400485,4,1.00258067787949,1.00258067787949,233.838353083653,234.441814548833
27.19,60,0,3993.40471606016,124.084461340675,4,1.00258149379992,1.00258149379992,233.825177963587,234.428796210766
27.2,60,0,3993.64909535188,124.094181751723,4,1.00258230936008,1.00258230936008,233.812009519125,234.415784459804
27.21,60,0,3993.8933508016,124.103897635581,4,1.00258312456009,1.00258312456009,233.79884774686,234.402779292595
27.22,60,0,3994.13748247254,124.113608994203,4,1.00258393940009,1.00258393940009,233.785692643383,234.389780705782
27.23,60,0,3994.38149042791,124.123315829541,4,1.00258475388023,1.00258475388023,233.77254420529,234.376788696017
27.24,60,0,3994.62537473091,124.133018143548,4,1.00258556800065,1.00258556800065,233.759402429176,234.363803259947
27.25,60,0,3994.86913544466,124.142715938174,4,1.00258638176146,1.00258638176146,233.746267311642,234.350824394227
27.26,60,0,3995.11277263229,124.152409215371,4,1.00258719516283,1.00258719516283,233.733138849284,234.337852095508
27.27,60,0,3995.35628635687,124.162097977087,4,1.00258800820487,1.00258800820487,233.720017038707,234.324886360446
27.28,60,0,3995.59967668146,124.171782225272,4,1.00258882088774,1.00258882088774,233.706901876513,234.311927185699
27.29,60,0,3995.84294366906,124.181461961874,4,1.00258963321156,1.00258963321156,233.693793359307,234.298974567925
27.3,60,0,3996.08608738267,124.191137188841,4,1.00259044517647,1.00259044517647,233.680691483695,234.286028503784
27.31,60,0,3996.32910788523,124.20080790812,4,1.00259125678262,1.00259125678262,233.667596246288,234.273088989939
27.32,60,0,3996.57200523966,124.210474121657,4,1.00259206803013,1.00259206803013,233.654507643694,234.260156023053
27.33,60,0,3996.81477950885,124.220135831397,4,1.00259287891914,1.00259287891914,233.641425672527,234.247229599793
27.34,60,0,3997.05743075565,124.229793039287,4,1.0025936894498,1.0025936894498,233.6283503294,234.234309716824
27.35,60,0,3997.29995904289,124.239445747269,4,1.00259449962224,1.00259449962224,233.615281610927,234.221396370816
27.36,60,0,3997.54236443336,124.249093957288,4,1.00259530943659,1.00259530943659,233.602219513727,234.208489558439
27.37,60,0,3997.78464698981,124.258737671286,4,1.00259611889299,1.00259611889299,233.58916403442,234.195589276368
27.38,60,0,3998.02680677497,124.268376891206,4,1.00259692799158,1.00259692799158,233.576115169624,234.182695521273
27.39,60,0,3998.26884385154,124.278011618988,4,1.0025977367325,1.0025977367325,233.563072915963,234.169808289832
27.4,60,0,3998.51075828218,124.287641856574,4,1.00259854511588,1.00259854511588,233.550037270062,234.156927578723
27.41,60,0,3998.75255012951,124.297267605904,4,1.00259935314185,1.00259935314185,233.537008228546,234.144053384624
27.42,60,0,3998.99421945613,124.306888868917,4,1.00260016081057,1.00260016081057,233.523985788043,234.131185704216
27.43,60,0,3999.23576632461,124.316505647552,4,1.00260096812215,1.00260096812215,233.510969945181,234.118324534181
27.44,60,0,3999.47719079749,124.326117943746,4,1.00260177507675,1.00260177507675,233.497960696593,234.105469871204
27.45,60,0,3999.71849293726,124.335725759438,4,1.00260258167448,1.00260258167448,233.48495803891,234.09262171197
27.46,60,0,3999.95967280639,124.345329096563,4,1.0026033879155,1.0026033879155,233.471961968769,234.079780053168
27.47,60,0,4000.20073046733,124.354927957058,4,1.00260419379994,1.00260419379994,233.458972482805,234.066944891486
27.48,60,0,4000.44166598247,124.364522342858,4,1.00260499932794,1.00260499932794,233.445989577655,234.054116223615
27.49,60,0,4000.68247941419,124.374112255897,4,1.00260580449962,1.00260580449962,233.43301324996,234.041294046248
27.5,60,0,4000.92317082483,124.383697698109,4,1.00260660931514,1.00260660931514,233.420043496362,234.028478356079
27.51,60,0,4001.16374027671,124.393278671428,4,1.00260741377461,1.00260741377461,233.407080313503,234.015669149805
27.52,60,0,4001.40418783209,124.402855177786,4,1.00260821787819,1.00260821787819,233.394123698029,234.002866424122
27.53,60,0,4001.64451355322,124.412427219114,4,1.00260902162601,1.00260902162601,233.381173646585,233.990070175732
27.54,60,0,4001.88471750233,124.421994797344,4,1.00260982501819,1.00260982501819,233.368230155821,233.977280401333
27.55,60,0,4002.12479974158,124.431557914407,4,1.00261062805489,1.00261062805489,233.355293222386,233.96449709763
27.56,60,0,4002.36476033313,124.441116572231,4,1.00261143073623,1.00261143073623,233.342362842932,233.951720261325
27.57,60,0,4002.6045993391,124.450670772746,4,1.00261223306235,1.00261223306235,233.329439014114,233.938949889127
27.58,60,0,4002.84431682158,124.46022051788,4,1.0026130350334,1.0026130350334,233.316521732584,233.926185977741
27.59,60,0,4003.08391284261,124.469765809561,4,1.00261383664949,1.00261383664949,233.303610995002,233.913428523879
27.6,60,0,4003.32338746423,124.479306649715,4,1.00261463791078,1.00261463791078,233.290706798025,233.900677524251
27.61,60,0,4003.56274074842,124.48884304027,4,1.00261543881739,1.00261543881739,233.277809138315,233.88793297557
27.62,60,0,4003.80197275715,124.49837498315,4,1.00261623936946,1.00261623936946,233.264918012531,233.87519487455
27.63,60,0,4004.04108355233,124.507902480281,4,1.00261703956713,1.00261703956713,233.25203341734,233.862463217908
27.64,60,0,4004.28007319587,124.517425533586,4,1.00261783941054,1.00261783941054,233.239155349406,233.849738002361
27.65,60,0,4004.51894174963,124.52694414499,4,1.00261863889981,1.00261863889981,233.226283805397,233.837019224629
27.66,60,0,4004.75768927544,124.536458316414,4,1.0026194380351,1.0026194380351,233.213418781981,233.824306881434
27.67,60,0,4004.99631583511,124.545968049782,4,1.00262023681652,1.00262023681652,233.200560275829,233.811600969497
27.68,60,0,4005.23482149039,124.555473347014,4,1.00262103524422,1.00262103524422,233.187708283613,233.798901485543
27.69,60,0,4005.47320630304,124.564974210031,4,1.00262183331833,1.00262183331833,233.174862802007,233.786208426299
27.7,60,0,4005.71147033475,124.574470640754,4,1.002622631039,1.002622631039,233.162023827687,233.773521788493
27.71,60,0,4005.9496136472,124.583962641101,4,1.00262342840634,1.00262342840634,233.149191357332,233.760841568855
27.72,60,0,4006.18763630203,124.593450212991,4,1.00262422542051,1.00262422542051,233.136365387618,233.748167764114
27.73,60,0,4006.42553836086,124.602933358343,4,1.00262502208164,1.00262502208164,233.123545915228,233.735500371005
27.74,60,0,4006.66331988526,124.612412079074,4,1.00262581838985,1.00262581838985,233.110732936843,233.722839386261
27.75,60,0,4006.90098093677,124.621886377099,4,1.00262661434529,1.00262661434529,233.09792644915,233.71018480662
27.76,60,0,4007.13852157693,124.631356254336,4,1.0026274099481,1.0026274099481,233.085126448833,233.697536628819
27.77,60,0,4007.3759418672,124.640821712699,4,1.00262820519841,1.00262820519841,233.07233293258,233.684894849598
27.78,60,0,4007.61324186905,124.650282754103,4,1.00262900009634,1.00262900009634,233.059545897079,233.672259465697
27.79,60,0,4007.8504216439,124.659739380462,4,1.00262979464205,1.00262979464205,233.046765339023,233.659630473859
27.8,60,0,4008.08748125313,124.669191593689,4,1.00263058883566,1.00263058883566,233.033991255104,233.64700787083
27.81,60,0,4008.32442075811,124.678639395696,4,1.00263138267732,1.00263138267732,233.021223642016,233.634391653355
27.82,60,0,4008.56124022016,124.688082788395,4,1.00263217616715,1.00263217616715,233.008462496456,233.621781818183
27.83,60,0,4008.79793970057,124.697521773698,4,1.00263296930529,1.00263296930529,232.995707815122,233.609178362062
27.84,60,0,4009.03451926062,124.706956353515,4,1.00263376209187,1.00263376209187,232.982959594712,233.596581281745
27.85,60,0,4009.27097896154,124.716386529754,4,1.00263455452704,1.00263455452704,232.970217831928,233.583990573982
27.86,60,0,4009.50731886453,124.725812304327,4,1.00263534661092,1.00263534661092,232.957482523474,233.571406235531
27.87,60,0,4009.74353903075,124.73523367914,4,1.00263613834366,1.00263613834366,232.944753666053,233.558828263146
27.88,60,0,4009.97963952135,124.744650656102,4,1.00263692972538,1.00263692972538,232.932031256372,233.546256653585
27.89,60,0,4010.21562039743,124.754063237119,4,1.00263772075622,1.00263772075622,232.919315291139,233.533691403608
27.9,60,0,4010.45148172008,124.763471424099,4,1.00263851143633,1.00263851143633,232.906605767064,233.521132509976
27.91,60,0,4010.68722355033,124.772875218945,4,1.00263930176582,1.00263930176582,232.893902680857,233.508579969451
27.92,60,0,4010.9228459492,124.782274623564,4,1.00264009174484,1.00264009174484,232.881206029233,233.4960337788
27.93,60,0,4011.15834897767,124.79166963986,4,1.00264088137353,1.00264088137353,232.868515808905,233.483493934785
27.94,60,0,4011.3937326967,124.801060269736,4,1.00264167065201,1.00264167065201,232.85583201659,233.470960434177
27.95,60,0,4011.6289971672,124.810446515095,4,1.00264245958042,1.00264245958042,232.843154649006,233.458433273744
27.96,60,0,4011.86414245007,124.819828377839,4,1.0026432481589,1.0026432481589,232.830483702873,233.445912450258
27.97,60,0,4012.09916860615,124.829205859869,4,1.00264403638759,1.00264403638759,232.817819174913,233.433397960491
27.98,60,0,4012.33407569628,124.838578963087,4,1.00264482426661,1.00264482426661,232.805161061848,233.420889801216
27.99,60,0,4012.56886378126,124.847947689393,4,1.0026456117961,1.0026456117961,232.792509360404,233.408387969211
28,60,0,4012.80353292183,124.857312040686,4,1.0026463989762,1.0026463989762,232.779864067306,233.395892461253
28.01,60,0,4013.03808317875,124.866672018865,4,1.00264718580704,1.00264718580704,232.767225179283,233.38340327412
28.02,60,0,4013.27251461271,124.876027625827,4,1.00264797228875,1.00264797228875,232.754592693065,233.370920404596
28.03,60,0,4013.50682728438,124.885378863471,4,1.00264875842148,1.00264875842148,232.741966605383,233.358443849461
28.04,60,0,4013.74102125439,124.894725733693,4,1.00264954420535,1.00264954420535,232.729346912972,233.3459736055
28.05,60,0,4013.97509658337,124.904068238388,4,1.0026503296405,1.0026503296405,232.716733612564,233.333509669498
28.06,60,0,4014.20905333188,124.913406379453,4,1.00265111472706,1.00265111472706,232.704126700897,233.321052038243
28.07,60,0,4014.44289156048,124.922740158782,4,1.00265189946518,1.00265189946518,232.69152617471,233.308600708525
28.08,60,0,4014.67661132967,124.932069578269,4,1.00265268385498,1.00265268385498,232.678932030742,233.296155677133
28.09,60,0,4014.91021269995,124.941394639807,4,1.00265346789659,1.00265346789659,232.666344265735,233.283716940861
28.1,60,0,4015.14369573176,124.950715345289,4,1.00265425159016,1.00265425159016,232.653762876431,233.271284496503
28.11,60,0,4015.37706048552,124.960031696606,4,1.00265503493581,1.00265503493581,232.641187859577,233.258858340853
28.12,60,0,4015.61030702164,124.96934369565,4,1.00265581793369,1.00265581793369,232.628619211917,233.24643847071
28.13,60,0,4015.84343540047,124.978651344312,4,1.00265660058392,1.00265660058392,232.616056930202,233.234024882872
28.14,60,0,4016.07644568233,124.987954644481,4,1.00265738288664,1.00265738288664,232.60350101118,233.221617574141
28.15,60,0,4016.30933792753,124.997253598046,4,1.00265816484199,1.00265816484199,232.590951451604,233.209216541317
28.16,60,0,4016.54211219634,125.006548206896,4,1.00265894645009,1.00265894645009,232.578408248226,233.196821781205
28.17,60,0,4016.77476854899,125.015838472919,4,1.00265972771109,1.00265972771109,232.565871397802,233.184433290611
28.18,60,0,4017.00730704568,125.025124398001,4,1.00266050862511,1.00266050862511,232.553340897087,233.172051066341
28.19,60,0,4017.2397277466,125.03440598403,4,1.00266128919229,1.00266128919229,232.54081674284,233.159675105205
28.2,60,0,4017.47203071188,125.043683232891,4,1.00266206941277,1.00266206941277,232.528298931822,233.147305404011
28.21,60,0,4017.70421600164,125.052956146469,4,1.00266284928667,1.00266284928667,232.515787460793,233.134941959574
28.22,60,0,4017.93628367596,125.062224726648,4,1.00266362881414,1.00266362881414,232.503282326517,233.122584768705
28.23,60,0,4018.16823379489,125.071488975312,4,1.00266440799531,1.00266440799531,232.490783525759,233.110233828221
28.24,60,0,4018.40006641846,125.080748894345,4,1.00266518683031,1.00266518683031,232.478291055286,233.097889134939
28.25,60,0,4018.63178160665,125.090004485628,4,1.00266596531927,1.00266596531927,232.465804911865,233.085550685676
28.26,60,0,4018.86337941943,125.099255751043,4,1.00266674346233,1.00266674346233,232.453325092266,233.073218477253
28.27,60,0,4019.09485991671,125.108502692471,4,1.00266752125963,1.00266752125963,232.440851593262,233.060892506493
28.28,60,0,4019.32622315841,125.117745311793,4,1.00266829871129,1.00266829871129,232.428384411624,233.048572770216
28.29,60,0,4019.55746920438,125.126983610887,4,1.00266907581745,1.00266907581745,232.415923544129,233.03625926525
28.3,60,0,4019.78859811446,125.136217591634,4,1.00266985257824,1.00266985257824,232.403468987552,233.023951988421
28.31,60,0,4020.01960994847,125.145447255911,4,1.00267062899381,1.00267062899381,232.391020738671,233.011650936556
28.32,60,0,4020.25050476616,125.154672605595,4,1.00267140506427,1.00267140506427,232.378578794268,232.999356106487
28.33,60,0,4020.48128262729,125.163893642564,4,1.00267218078977,1.00267218078977,232.366143151122,232.987067495043
28.34,60,0,4020.71194359158,125.173110368694,4,1.00267295617044,1.00267295617044,232.353713806017,232.974785099059
28.35,60,0,4020.9424877187,125.18232278586,4,1.00267373120641,1.00267373120641,232.341290755738,232.962508915368
28.36,60,0,4021.1729150683,125.191530895937,4,1.00267450589782,1.00267450589782,232.328873997071,232.950238940809
28.37,60,0,4021.40322570002,125.200734700799,4,1.00267528024479,1.00267528024479,232.316463526804,232.937975172217
28.38,60,0,4021.63341967343,125.20993420232,4,1.00267605424747,1.00267605424747,232.304059341727,232.925717606433
28.39,60,0,4021.86349704811,125.219129402373,4,1.00267682790599,1.00267682790599,232.291661438631,232.913466240298
28.4,60,0,4022.09345788358,125.228320302829,4,1.00267760122047,1.00267760122047,232.279269814309,232.901221070655
28.41,60,0,4022.32330223934,125.23750690556,4,1.00267837419106,1.00267837419106,232.266884465556,232.888982094348
28.42,60,0,4022.55303017485,125.246689212437,4,1.00267914681789,1.00267914681789,232.254505389169,232.876749308223
28.43,60,0,4022.78264174957,125.25586722533,4,1.00267991910108,1.00267991910108,232.242132581944,232.864522709127
28.44,60,0,4023.01213702289,125.265040946108,4,1.00268069104078,1.00268069104078,232.229766040682,232.852302293911
28.45,60,0,4023.2415160542,125.27421037664,4,1.00268146263712,1.00268146263712,232.217405762184,232.840088059425
28.46,60,0,4023.47077890284,125.283375518794,4,1.00268223389023,1.00268223389023,232.205051743253,232.82788000252
28.47,60,0,4023.69992562813,125.292536374437,4,1.00268300480024,1.00268300480024,232.192703980692,232.815678120052
28.48,60,0,4023.92895628936,125.301692945436,4,1.00268377536728,1.00268377536728,232.180362471309,232.803482408876
28.49,60,0,4024.15787094578,125.310845233657,4,1.0026845455915,1.0026845455915,232.168027211911,232.791292865849
28.5,60,0,4024.38666965661,125.319993240966,4,1.00268531547301,1.00268531547301,232.155698199307,232.77910948783
28.51,60,0,4024.61535248106,125.329136969226,4,1.00268608501197,1.00268608501197,232.143375430309,232.76693227168
28.52,60,0,4024.84391947828,125.338276420302,4,1.00268685420849,1.00268685420849,232.13105890173,232.75476121426
28.53,60,0,4025.07237070742,125.347411596057,4,1.00268762306271,1.00268762306271,232.118748610382,232.742596312434
28.54,60,0,4025.30070622757,125.356542498354,4,1.00268839157477,1.00268839157477,232.106444553083,232.730437563069
28.55,60,0,4025.52892609781,125.365669129054,4,1.00268915974479,1.00268915974479,232.09414672665,232.718284963029
28.56,60,0,4025.75703037718,125.374791490019,4,1.00268992757292,1.00268992757292,232.081855127902,232.706138509185
28.57,60,0,4025.98501912471,125.383909583109,4,1.00269069505928,1.00269069505928,232.069569753661,232.693998198405
28.58,60,0,4026.21289239936,125.393023410185,4,1.002691462204,1.002691462204,232.057290600748,232.681864027563
28.59,60,0,4026.44065026009,125.402132973105,4,1.00269222900722,1.00269222900722,232.045017665987,232.669735993529
28.6,60,0,4026.66829276583,125.411238273727,4,1.00269299546908,1.00269299546908,232.032750946205,232.657614093181
28.61,60,0,4026.89581997547,125.420339313911,4,1.0026937615897,1.0026937615897,232.020490438229,232.645498323395
28.62,60,0,4027.12323194787,125.429436095512,4,1.00269452736922,1.00269452736922,232.008236138888,232.633388681047
28.63,60,0,4027.35052874186,125.438528620388,4,1.00269529280776,1.00269529280776,231.995988045011,232.621285163019
28.64,60,0,4027.57771041624,125.447616890394,4,1.00269605790547,1.00269605790547,231.983746153433,232.60918776619
28.65,60,0,4027.80477702979,125.456700907385,4,1.00269682266247,1.00269682266247,231.971510460986,232.597096487446
28.66,60,0,4028.03172864125,125.465780673215,4,1.00269758707891,1.00269758707891,231.959280964506,232.585011323668
28.67,60,0,4028.25856530932,125.474856189739,4,1.0026983511549,1.0026983511549,231.94705766083,232.572932271745
28.68,60,0,4028.4852870927,125.48392745881,4,1.00269911489058,1.00269911489058,231.934840546797,232.560859328562
28.69,60,0,4028.71189405002,125.492994482279,4,1.00269987828609,1.00269987828609,231.922629619247,232.548792491009
28.7,60,0,4028.93838623992,125.502057262,4,1.00270064134156,1.00270064134156,231.910424875023,232.536731755978
28.71,60,0,4029.16476372097,125.511115799822,4,1.00270140405711,1.00270140405711,231.898226310967,232.524677120361
28.72,60,0,4029.39102655176,125.520170097595,4,1.00270216643289,1.00270216643289,231.886033923925,232.512628581051
28.73,60,0,4029.61717479079,125.529220157171,4,1.00270292846902,1.00270292846902,231.873847710745,232.500586134945
28.74,60,0,4029.84320849658,125.538265980398,4,1.00270369016564,1.00270369016564,231.861667668274,232.488549778938
28.75,60,0,4030.0691277276,125.547307569123,4,1.00270445152288,1.00270445152288,231.849493793362,232.476519509931
28.76,60,0,4030.29493254229,125.556344925196,4,1.00270521254087,1.00270521254087,231.837326082861,232.464495324823
28.77,60,0,4030.52062299905,125.565378050462,4,1.00270597321975,1.00270597321975,231.825164533625,232.452477220516
28.78,60,0,4030.74619915627,125.574406946769,4,1.00270673355964,1.00270673355964,231.813009142507,232.440465193914
28.79,60,0,4030.9716610723,125.583431615961,4,1.00270749356067,1.00270749356067,231.800859906367,232.428459241922
28.8,60,0,4031.19700880546,125.592452059883,4,1.00270825322299,1.00270825322299,231.78871682206,232.416459361446
28.81,60,0,4031.42224241404,125.601468280381,4,1.00270901254672,1.00270901254672,231.776579886447,232.404465549395
28.82,60,0,4031.64736195631,125.610480279297,4,1.00270977153199,1.00270977153199,231.764449096389,232.392477802679
28.83,60,0,4031.87236749049,125.619488058475,4,1.00271053017894,1.00271053017894,231.75232444875,232.380496118208
28.84,60,0,4032.09725907479,125.628491619757,4,1.0027112884877,1.0027112884877,231.740205940393,232.368520492896
28.85,60,0,4032.32203676737,125.637490964984,4,1.0027120464584,1.0027120464584,231.728093568186,232.356550923658
28.86,60,0,4032.54670062638,125.646486095997,4,1.00271280409116,1.00271280409116,231.715987328995,232.344587407409
28.87,60,0,4032.77125070994,125.655477014637,4,1.00271356138614,1.00271356138614,231.70388721969,232.332629941067
28.88,60,0,4032.99568707611,125.664463722743,4,1.00271431834344,1.00271431834344,231.691793237143,232.320678521552
28.89,60,0,4033.22000978297,125.673446222153,4,1.00271507496322,1.00271507496322,231.679705378226,232.308733145784
28.9,60,0,4033.44421888852,125.682424514707,4,1.00271583124559,1.00271583124559,231.667623639813,232.296793810686
28.91,60,0,4033.66831445076,125.691398602241,4,1.00271658719069,1.00271658719069,231.65554801878,232.284860513181
28.92,60,0,4033.89229652765,125.700368486593,4,1.00271734279866,1.00271734279866,231.643478512005,232.272933250196
28.93,60,0,4034.11616517713,125.709334169599,4,1.00271809806962,1.00271809806962,231.631415116366,232.261012018657
28.94,60,0,4034.3399204571,125.718295653094,4,1.00271885300371,1.00271885300371,231.619357828744,232.249096815494
28.95,60,0,4034.56356242544,125.727252938912,4,1.00271960760105,1.00271960760105,231.607306646022,232.237187637636
28.96,60,0,4034.78709113998,125.736206028889,4,1.00272036186178,1.00272036186178,231.595261565084,232.225284482015
28.97,60,0,4035.01050665855,125.745154924858,4,1.00272111578603,1.00272111578603,231.583222582814,232.213387345564
28.98,60,0,4035.23380903892,125.754099628651,4,1.00272186937394,1.00272186937394,231.5711896961,232.20149622522
28.99,60,0,4035.45699833886,125.7630401421,4,1.00272262262562,1.00272262262562,231.55916290183,232.189611117917
29,60,0,4035.68007461609,125.771976467038,4,1.00272337554122,1.00272337554122,231.547142196895,232.177732020595
29.01,60,0,4035.9030379283,125.780908605294,4,1.00272412812087,1.00272412812087,231.535127578187,232.165858930193
29.02,60,0,4036.12588833316,125.7898365587,4,1.0027248803647,1.0027248803647,231.523119042599,232.153991843651
29.03,60,0,4036.3486258883,125.798760329083,4,1.00272563227283,1.00272563227283,231.511116587026,232.142130757914
29.04,60,0,4036.57125065135,125.807679918274,4,1.0027263838454,1.0027263838454,231.499120208365,232.130275669925
29.05,60,0,4036.79376267986,125.8165953281,4,1.00272713508255,1.00272713508255,231.487129903513,232.118426576631
29.06,60,0,4037.01616203139,125.825506560389,4,1.00272788598439,1.00272788598439,231.475145669371,232.106583474978
29.07,60,0,4037.23844876346,125.834413616967,4,1.00272863655107,1.00272863655107,231.463167502841,232.094746361916
29.08,60,0,4037.46062293356,125.843316499661,4,1.00272938678272,1.00272938678272,231.451195400824,232.082915234395
29.09,60,0,4037.68268459915,125.852215210295,4,1.00273013667946,1.00273013667946,231.439229360227,232.071090089369
29.1,60,0,4037.90463381765,125.861109750695,4,1.00273088624142,1.00273088624142,231.427269377954,232.059270923788
29.11,60,0,4038.12647064647,125.870000122684,4,1.00273163546875,1.00273163546875,231.415315450914,232.047457734611
29.12,60,0,4038.34819514297,125.878886328087,4,1.00273238436156,1.00273238436156,231.403367576016,232.035650518794
29.13,60,0,4038.56980736451,125.887768368725,4,1.00273313292,1.00273313292,231.391425750171,232.023849273293
29.14,60,0,4038.79130736839,125.896646246421,4,1.00273388114418,1.00273388114418,231.379489970291,232.012053995071
29.15,60,0,4039.01269521189,125.905519962997,4,1.00273462903425,1.00273462903425,231.367560233291,232.000264681087
29.16,60,0,4039.23397095227,125.914389520272,4,1.00273537659032,1.00273537659032,231.355636536086,231.988481328306
29.17,60,0,4039.45513464676,125.923254920067,4,1.00273612381255,1.00273612381255,231.343718875594,231.976703933692
29.18,60,0,4039.67618635254,125.932116164201,4,1.00273687070104,1.00273687070104,231.331807248734,231.964932494211
29.19,60,0,4039.89712612678,125.940973254492,4,1.00273761725594,1.00273761725594,231.319901652425,231.953167006831
29.2,60,0,4040.11795402662,125.94982619276,4,1.00273836347738,1.00273836347738,231.30800208359,231.941407468521
29.21,60,0,4040.33867010917,125.958674980821,4,1.00273910936548,1.00273910936548,231.296108539152,231.929653876251
29.22,60,0,4040.5592744315,125.967519620492,4,1.00273985492038,1.00273985492038,231.284221016038,231.917906226995
29.23,60,0,4040.77976705065,125.976360113589,4,1.00274060014221,1.00274060014221,231.272339511172,231.906164517725
29.24,60,0,4041.00014802366,125.985196461927,4,1.00274134503109,1.00274134503109,231.260464021484,231.894428745418
29.25,60,0,4041.22041740751,125.99402866732,4,1.00274208958717,1.00274208958717,231.248594543904,231.88269890705
29.26,60,0,4041.44057525915,126.002856731584,4,1.00274283381056,1.00274283381056,231.236731075363,231.8709749996
29.27,60,0,4041.66062163552,126.011680656531,4,1.0027435777014,1.0027435777014,231.224873612794,231.859257020048
29.28,60,0,4041.88055659353,126.020500443973,4,1.00274432125983,1.00274432125983,231.213022153133,231.847544965376
29.29,60,0,4042.10038019004,126.029316095723,4,1.00274506448596,1.00274506448596,231.201176693314,231.835838832567
29.3,60,0,4042.3200924819,126.038127613592,4,1.00274580737994,1.00274580737994,231.189337230276,231.824138618606
29.31,60,0,4042.53969352591,126.046934999391,4,1.00274654994188,1.00274654994188,231.177503760959,231.812444320478
29.32,60,0,4042.75918337888,126.05573825493,4,1.00274729217193,1.00274729217193,231.165676282302,231.800755935172
29.33,60,0,4042.97856209755,126.064537382017,4,1.00274803407021,1.00274803407021,231.153854791249,231.789073459676
29.34,60,0,4043.19782973864,126.073332382462,4,1.00274877563685,1.00274877563685,231.142039284744,231.777396890983
29.35,60,0,4043.41698635887,126.082123258073,4,1.00274951687199,1.00274951687199,231.130229759732,231.765726226083
29.36,60,0,4043.63603201489,126.090910010656,4,1.00275025777575,1.00275025777575,231.118426213161,231.754061461972
29.37,60,0,4043.85496676334,126.099692642018,4,1.00275099834826,1.00275099834826,231.106628641979,231.742402595644
29.38,60,0,4044.07379066084,126.108471153966,4,1.00275173858965,1.00275173858965,231.094837043137,231.730749624097
29.39,60,0,4044.29250376397,126.117245548305,4,1.00275247850006,1.00275247850006,231.083051413587,231.71910254433
29.4,60,0,4044.51110612928,126.126015826838,4,1.0027532180796,1.0027532180796,231.071271750281,231.707461353341
29.41,60,0,4044.72959781329,126.134781991371,4,1.00275395732843,1.00275395732843,231.059498050175,231.695826048133
29.42,60,0,4044.9479788725,126.143544043706,4,1.00275469624665,1.00275469624665,231.047730310227,231.68419662571
29.43,60,0,4045.16624936337,126.152301985647,4,1.00275543483441,1.00275543483441,231.035968527393,231.672573083075
29.44,60,0,4045.38440934233,126.161055818994,4,1.00275617309183,1.00275617309183,231.024212698633,231.660955417235
29.45,60,0,4045.60245886581,126.169805545549,4,1.00275691101905,1.00275691101905,231.01246282091,231.649343625198
29.46,60,0,4045.82039799017,126.178551167113,4,1.00275764861618,1.00275764861618,231.000718891185,231.637737703972
29.47,60,0,4046.03822677176,126.187292685486,4,1.00275838588337,1.00275838588337,230.988980906423,231.62613765057
29.48,60,0,4046.25594526691,126.196030102467,4,1.00275912282074,1.00275912282074,230.977248863591,231.614543462002
29.49,60,0,4046.4735535319,126.204763419854,4,1.00275985942842,1.00275985942842,230.965522759655,231.602955135284
29.5,60,0,4046.691051623,126.213492639446,4,1.00276059570655,1.00276059570655,230.953802591584,231.59137266743
29.51,60,0,4046.90843959645,126.22221776304,4,1.00276133165525,1.00276133165525,230.94208835635,231.579796055457
29.52,60,0,4047.12571750844,126.230938792432,4,1.00276206727464,1.00276206727464,230.930380050924,231.568225296384
29.53,60,0,4047.34288541515,126.239655729418,4,1.00276280256487,1.00276280256487,230.918677672281,231.55666038723
29.54,60,0,4047.55994337274,126.248368575794,4,1.00276353752606,1.00276353752606,230.906981217395,231.545101325018
29.55,60,0,4047.77689143731,126.257077333354,4,1.00276427215833,1.00276427215833,230.895290683243,231.533548106769
29.56,60,0,4047.99372966497,126.265782003891,4,1.00276500646183,1.00276500646183,230.883606066805,231.52200072951
29.57,60,0,4048.21045811176,126.2744825892,4,1.00276574043667,1.00276574043667,230.871927365059,231.510459190265
29.58,60,0,4048.42707683373,126.283179091073,4,1.00276647408299,1.00276647408299,230.860254574987,231.498923486062
29.59,60,0,4048.64358588687,126.291871511302,4,1.00276720740092,1.00276720740092,230.848587693573,231.487393613931
29.6,60,0,4048.85998532717,126.300559851678,4,1.00276794039059,1.00276794039059,230.8369267178,231.475869570902
29.61,60,0,4049.07627521056,126.309244113991,4,1.00276867305212,1.00276867305212,230.825271644655,231.464351354006
29.62,60,0,4049.29245559296,126.317924300032,4,1.00276940538565,1.00276940538565,230.813622471126,231.452838960279
29.63,60,0,4049.50852653026,126.32660041159,4,1.0027701373913,1.0027701373913,230.801979194203,231.441332386755
29.64,60,0,4049.72448807833,126.335272450453,4,1.00277086906921,1.00277086906921,230.790341810875,231.429831630471
29.65,60,0,4049.94034029298,126.343940418409,4,1.0027716004195,1.0027716004195,230.778710318135,231.418336688463
29.66,60,0,4050.15608323003,126.352604317246,4,1.0027723314423,1.0027723314423,230.767084712977,231.406847557774
29.67,60,0,4050.37171694525,126.36126414875,4,1.00277306213774,1.00277306213774,230.755464992396,231.395364235443
29.68,60,0,4050.58724149439,126.369919914707,4,1.00277379250595,1.00277379250595,230.74385115339,231.383886718514
29.69,60,0,4050.80265693315,126.378571616903,4,1.00277452254707,1.00277452254707,230.732243192957,231.372415004031
29.7,60,0,4051.01796331723,126.387219257122,4,1.00277525226121,1.00277525226121,230.720641108097,231.360949089039
29.71,60,0,4051.23316070229,126.395862837147,4,1.0027759816485,1.0027759816485,230.709044895811,231.349488970586
29.72,60,0,4051.44824914396,126.404502358763,4,1.00277671070909,1.00277671070909,230.697454553103,231.33803464572
29.73,60,0,4051.66322869784,126.413137823751,4,1.00277743944309,1.00277743944309,230.685870076978,231.326586111492
29.74,60,0,4051.8780994195,126.421769233894,4,1.00277816785063,1.00277816785063,230.674291464441,231.315143364954
29.75,60,0,4052.09286136449,126.430396590973,4,1.00277889593185,1.00277889593185,230.662718712501,231.303706403159
29.76,60,0,4052.30751458832,126.439019896769,4,1.00277962368686,1.00277962368686,230.651151818166,231.292275223162
29.77,60,0,4052.52205914649,126.447639153061,4,1.00278035111581,1.00278035111581,230.639590778447,231.280849822018
29.78,60,0,4052.73649509445,126.456254361629,4,1.00278107821882,1.00278107821882,230.628035590357,231.269430196787
29.79,60,0,4052.95082248764,126.464865524251,4,1.00278180499601,1.00278180499601,230.61648625091,231.258016344526
29.8,60,0,4053.16504138145,126.473472642706,4,1.00278253144753,1.00278253144753,230.604942757121,231.246608262298
29.81,60,0,4053.37915183127,126.48207571877,4,1.00278325757348,1.00278325757348,230.593405106007,231.235205947164
29.82,60,0,4053.59315389243,126.490674754221,4,1.00278398337401,1.00278398337401,230.581873294587,231.223809396188
29.83,60,0,4053.80704762025,126.499269750834,4,1.00278470884925,1.00278470884925,230.57034731988,231.212418606436
29.84,60,0,4054.02083307003,126.507860710385,4,1.00278543399931,1.00278543399931,230.558827178908,231.201033574974
29.85,60,0,4054.23451029703,126.516447634648,4,1.00278615882434,1.00278615882434,230.547312868695,231.189654298871
29.86,60,0,4054.44807935647,126.525030525397,4,1.00278688332445,1.00278688332445,230.535804386264,231.178280775196
29.87,60,0,4054.66154030355,126.533609384405,4,1.00278760749978,1.00278760749978,230.524301728642,231.166913001022
29.88,60,0,4054.87489319347,126.542184213446,4,1.00278833135045,1.00278833135045,230.512804892857,231.155550973419
29.89,60,0,4055.08813808136,126.550755014291,4,1.00278905487659,1.00278905487659,230.501313875938,231.144194689465
29.9,60,0,4055.30127502233,126.559321788711,4,1.00278977807834,1.00278977807834,230.489828674915,231.132844146233
29.91,60,0,4055.5143040715,126.567884538478,4,1.00279050095582,1.00279050095582,230.478349286821,231.121499340801
29.92,60,0,4055.7272252839,126.57644326536,4,1.00279122350915,1.00279122350915,230.46687570869,231.110160270248
29.93,60,0,4055.94003871458,126.584997971128,4,1.00279194573847,1.00279194573847,230.455407937556,231.098826931655
29.94,60,0,4056.15274441855,126.593548657551,4,1.00279266764391,1.00279266764391,230.443945970457,231.087499322102
29.95,60,0,4056.36534245078,126.602095326395,4,1.00279338922558,1.00279338922558,230.43248980443,231.076177438674
29.96,60,0,4056.57783286622,126.610637979429,4,1.00279411048363,1.00279411048363,230.421039436517,231.064861278455
29.97,60,0,4056.79021571979,126.619176618419,4,1.00279483141818,1.00279483141818,230.409594863758,231.053550838532
29.98,60,0,4057.00249106639,126.627711245132,4,1.00279555202935,1.00279555202935,230.398156083196,231.042246115992
29.99,60,0,4057.21465896087,126.636241861332,4,1.00279627231728,1.00279627231728,230.386723091875,231.030947107925
30,60,0,4057.42671945809,126.644768468784,4,1.00279699228209,1.00279699228209,230.375295886842,231.019653811422
