TimeSeconds,ThrottlePercent,Brake,RPM,SpeedMPH,Gear,TorqueRatioBefore,TorqueRatioAfter,ImpellerTorque,TurbineTorque
0,100,0,1000,0,1,2.232,2.232,52.9193384795879,118.11596348644
0.01,100,0,1104.48889403316,0.0574796856898863,1,2.22315494152199,2.22315494152199,64.5772554486182,143.565244560523
0.02,100,0,1207.43738671318,0.126808552117413,1,2.21415027202683,2.21415027202683,77.2024673272837,170.937864033848
0.03,100,0,1306.92015534301,0.208939130569908,1,2.20482820029014,2.20482820029014,90.4795136674712,199.491783282577
0.04,100,0,1401.49737650773,0.304214701368952,1,2.19510771238295,2.19510771238295,104.086253252924,228.480537268539
0.05,100,0,1490.99657303805,0.412738924187929,1,2.18495142655893,2.18495142655893,117.848970390366,257.49427597293
0.06,100,0,1575.31960670478,0.534436437202697,1,2.17433994412162,2.17433994412162,131.607589112682,286.15963795725
0.07,100,0,1654.35708213101,0.669068473518559,1,2.16326325085915,2.16326325085915,145.204707829223,314.116008298699
0.08,100,0,1727.90056477408,0.816218890641855,1,2.1517147854187,2.1517147854187,158.469591196803,340.981362417419
0.09,100,0,1796.0719435795,0.975334164134925,1,2.13970516763325,2.13970516763325,171.296953449113,366.5249764949
0.1,100,0,1859.04752225567,1.1457695352317,1,2.12724989761073,2.12724989761073,183.60484469047,390.573387068636
0.11,100,0,1917.03775484589,1.32681255567668,1,2.11436770135024,2.11436770135024,195.331549363903,413.002719029738
0.12,100,0,1970.27866461485,1.51770466462616,1,2.10107960965433,2.10107960965433,206.433836674488,433.73392497948
0.13,100,0,2019.02888384457,1.71766059935022,1,2.08740858797392,2.08740858797392,216.885934684869,452.729562671947
0.14,100,0,2063.58718580403,1.92590023099981,1,2.07396799130718,2.07396799130718,226.710117547558,470.189527099124
0.15,100,0,2104.16135494643,2.14209485129267,1,2.06479338023519,2.06479338023519,236.092229231738,487.48167204266
0.16,100,0,2140.96818879264,2.36582191085773,1,2.05537557591481,2.05537557591481,244.828230069312,503.213964378915
0.17,100,0,2174.2657778319,2.59637831826764,1,2.04572832733278,2.04572832733278,252.93088872155,517.42788391513
0.18,100,0,2204.30718919075,2.83308326826743,1,2.03586536697229,2.03586536697229,260.419487715618,530.179015924892
0.19,100,0,2231.33780896558,3.07528383222082,1,2.02580031530547,2.02580031530547,267.318260226178,541.533415853101
0.2,100,0,2255.59333029583,3.32235899736241,1,2.0155466010051,2.0155466010051,273.655021159531,551.564447746071
0.21,100,0,2277.2983036002,3.5737223715893,1,2.00511739458348,2.00511739458348,279.459993963471,560.350094986349
0.22,100,0,2296.66516610729,3.82882376502004,1,1.99452555364687,1.99452555364687,284.764825809588,567.970721857022
0.23,100,0,2313.89367185274,4.08714984651129,1,1.98378357828885,1.98378357828885,289.601777923512,574.507251287917
0.24,100,0,2329.17057151594,4.34822445958192,1,1.97229557929428,1.97229557929428,293.912285092329,579.681900587882
0.25,100,0,2342.81481509543,4.61102671280557,1,1.95814894295278,1.95814894295278,297.46191790652,582.47474011736
0.26,100,0,2355.04075400522,4.87491911907352,1,1.94392753710983,1.94392753710983,300.672264440764,584.485094491571
0.27,100,0,2365.9838064589,5.13956130076211,1,1.92964439927924,1.92964439927924,303.572026289831,585.786060308023
0.28,100,0,2375.76790317448,5.4046451409777,1,1.91531192828622,1.91531192828622,306.188198239675,586.445908388917
0.29,100,0,2384.50617684227,5.66989256612735,1,1.90094187356225,1.90094187356225,308.546012167052,586.528034448996
0.3,100,0,2392.30167269002,5.93505333058669,1,1.88654533230087,1.88654533230087,310.66892647273,586.091013128049
0.31,100,0,2399.24806205318,6.19990284448315,1,1.87213275312889,1.87213275312889,312.578650335165,585.188729221285
0.32,100,0,2405.42763151317,6.46423987226848,1,1.85771353351216,1.85771353351216,314.294487688061,583.869123286381
0.33,100,0,2410.91434677828,6.72788340295027,1,1.84335928116625,1.84335928116625,315.629089784623,581.817812060539
0.34,100,0,2416.10578858056,6.99011087751236,1,1.82937309752338,1.82937309752338,316.006382811839,578.093575361652
0.35,100,0,2421.17207254478,7.25063170849737,1,1.81552191635513,1.81552191635513,316.359490111594,574.357587744534
0.36,100,0,2426.12266383937,7.50944163090603,1,1.80180463518512,1.80180463518512,316.690892719104,570.615118422196
0.37,100,0,2430.9660337606,7.76653863475596,1,1.78822010885378,1.78822010885378,317.00279972482,566.870781030872
0.38,100,0,2435.70976904815,8.02192268343951,1,1.77476715273718,1.77476715273718,317.297177974603,563.128609125527
0.39,100,0,2440.36066924419,8.27559546458193,1,1.76144454628574,1.76144454628574,317.575778623889,559.392123289496
0.4,100,0,2444.92483336532,8.52756016977703,1,1.74825103674503,1.74825103674503,317.84016085601,555.664390735726
0.41,100,0,2449.4077370305,8.77782129995938,1,1.73518534294991,1.73518534294991,318.091713049444,551.948078197223
0.42,100,0,2453.81430107334,9.02638449351878,1,1.72224615910769,1.72224615910769,318.331671654248,548.245498828858
0.43,100,0,2458.21238548678,9.27299765220027,1,1.70695021948172,1.70695021948172,318.231324352454,543.205028949379
0.44,100,0,2462.71142231598,9.5172192966019,1,1.69136678206352,1.69136678206352,318.103962346916,538.030475156358
0.45,100,0,2467.29474884919,9.75910913516452,1,1.67602260872067,1.67602260872067,318.018618752172,533.00639502276
0.46,100,0,2471.94512557932,9.99873250384172,1,1.66090871074051,1.66090871074051,317.969842757808,528.118881589232
0.47,100,0,2476.64750681771,10.2361487903336,1,1.64601672875386,1.64601672875386,317.952856872175,523.355721366681
0.48,100,0,2481.38877053188,10.4714121557642,1,1.63133888271295,1.63133888271295,317.96347247087,518.706175924157
0.49,100,0,2486.15748200069,10.7045721635939,1,1.61686792515615,1.61686792515615,317.998016379659,514.160792947549
0.5,100,0,2490.943686881,10.9356743282231,1,1.60259709773193,1.60259709773193,318.053266950486,509.711242539006
0.51,100,0,2495.73872989222,11.1647605939657,1,1.58852009090344,1.58852009090344,318.126398325487,505.350175186786
0.52,100,0,2500.53509584517,11.3918697535722,1,1.57463100671887,1.57463100671887,318.214931779813,501.071098381423
0.53,100,0,2505.32981739055,11.6170323573336,1,1.56094550747404,1.56094550747404,318.130087084582,496.583730227003
0.54,100,0,2510.36906463886,11.8399062178926,1,1.54761026849997,1.54761026849997,317.50158226362,491.368708976167
0.55,100,0,2515.70685254046,12.0604644336151,1,1.53457840211819,1.53457840211819,316.9957146893,486.45477732622
0.56,100,0,2521.29355590147,12.2788354293095,1,1.52182798041897,1.52182798041897,316.595463440842,481.803834737983
0.57,100,0,2527.08636798134,12.4951315129659,1,1.50933939398567,1.50933939398567,316.286181986772,477.383194245955
0.58,100,0,2533.04835273572,12.7094511539762,1,1.49709509599373,1.49709509599373,316.055249704349,473.164764395454
0.59,100,0,2539.14763554684,12.9218809195344,1,1.48507937306431,1.48507937306431,315.891778762441,469.124364760696
0.6,100,0,2545.35671057592,13.1324971244899,1,1.47327814052513,1.47327814052513,315.786366625336,465.241151024962
0.61,100,0,2551.65184668965,13.3413672401038,1,1.46167875981955,1.46167875981955,315.730886352665,461.497130400691
0.62,100,0,2558.01257698559,13.5485510992756,1,1.45026987592659,1.45026987592659,315.718308369058,457.876751906145
0.63,100,0,2564.4212594305,13.7541019294383,1,1.4390412727944,1.4390412727944,315.742548556473,454.366558950054
0.64,100,0,2570.86269815438,13.9580672391433,1,1.42798374493931,1.42798374493931,315.79833845663,450.954893994911
0.65,100,0,2577.3238166065,14.1604895801261,1,1.41708898351408,1.41708898351408,315.881114116475,447.631646914609
0.66,100,0,2583.80053990448,14.3613971227537,1,1.40635271612747,1.40635271612747,315.788620316866,444.110183904769
0.67,100,0,2590.52637923802,14.5604911254366,1,1.39587832102777,1.39587832102777,315.203067692495,439.985128913404
0.68,100,0,2597.54199261183,14.7577626709977,1,1.38568227572078,1.38568227572078,314.751070420851,436.144979546316
0.69,100,0,2604.79349158997,14.9533321606579,1,1.37573805037137,1.37573805037137,314.412277392563,432.548933512867
0.7,100,0,2612.23511403814,15.1473028776324,1,1.3660225628226,1.3660225628226,314.169465078787,429.16257784753
0.71,100,0,2619.82798034331,15.3397636527452,1,1.3565157093369,1.3565157093369,314.008031304919,425.956827323074
0.72,100,0,2627.53904989985,15.5307910906447,1,1.34719995950883,1.34719995950883,313.915577525443,422.907053331469
0.73,100,0,2635.34024310615,15.7204514346139,1,1.33806000667684,1.33806000667684,313.881562541306,419.992365669757
0.74,100,0,2643.20770075335,15.9088021327853,1,1.32908246629289,1.32908246629289,313.897014261401,417.195017876517
0.75,100,0,2651.12115791545,16.0958931566639,1,1.32025561570587,1.32025561570587,313.954288900181,414.499912995406
0.76,100,0,2659.06341359983,16.2817681134411,1,1.31156916968793,1.31156916968793,314.046869149506,411.894191413512
0.77,100,0,2667.01988073552,16.466465186088,1,1.30301408679664,1.30301408679664,314.169194527373,409.36688610672
0.78,100,0,2674.97820374765,16.6500179292,1,1.29458240233056,1.29458240233056,314.316518407679,406.908633492391
0.79,100,0,2682.92793313101,16.8324559437172,1,1.28626708421431,1.28626708421431,314.484787260726,404.511430339612
0.8,100,0,2690.86024819917,17.0138054497048,1,1.27806190865026,1.27806190865026,314.670538448224,402.168428965143
0.81,100,0,2698.76772063042,17.194089773169,1,1.26996135280878,1.26996135280878,314.870813567206,399.873764357812
0.82,100,0,2706.64411262172,17.373329760248,1,1.26196050220436,1.26196050220436,315.083084860794,397.622408007028
0.83,100,0,2714.48420444532,17.5515441299512,1,1.25405497072986,1.25405497072986,315.305192637442,395.41004412392
0.84,100,0,2722.39455637334,17.7286030387878,1,1.24614525355475,1.24614525355475,315.060355345268,392.610966396779
0.85,100,0,2730.46100846554,17.9044152630345,1,1.23842253535573,1.23842253535573,314.898812220152,389.97778541019
0.86,100,0,2738.6485397218,18.0790525726268,1,1.23086861772599,1.23086861772599,314.81020740852,387.490004838957
0.87,100,0,2746.92758970966,18.2525762753187,1,1.2234669423512,1.2234669423512,314.78272797522,385.126261700812
0.88,100,0,2755.27331304915,18.4250387395123,1,1.2162033095355,1.2162033095355,314.806442257878,382.868636937127
0.89,100,0,2763.66483103193,18.5964848296713,1,1.20906552284968,1.20906552284968,314.872990363339,380.702076724893
0.9,100,0,2772.08460590511,18.766953101878,1,1.2020430883766,1.2020430883766,314.975328312642,378.613916407363
0.91,100,0,2780.51791667277,18.9364768017287,1,1.19512696003012,1.19512696003012,315.107515843813,376.593487493058
0.92,100,0,2788.95241917621,19.1050846988111,1,1.18830932377822,1.18830932377822,315.264539916243,374.631792239123
0.93,100,0,2797.37777633441,19.2728017856858,1,1.18158341473576,1.18158341473576,315.442167537601,372.721233470727
0.94,100,0,2805.77092225088,19.4396491904582,1,1.17493731065106,1.17493731065106,315.632030415149,370.84784897131
0.95,100,0,2814.08101714096,19.6056364619154,1,1.16834796062581,1.16834796062581,315.816767766576,368.983876551515
0.96,100,0,2822.30833736042,19.7707675197188,1,1.16181416140495,1.16181416140495,315.996184562617,367.12884217478
0.97,100,0,2830.45519000848,19.9350465562875,1,1.15533558392264,1.15533558392264,316.170762400608,365.283332397374
0.98,100,0,2838.52367895168,20.0984780059403,1,1.14891183216737,1.14891183216737,316.340915449564,363.447820758662
0.99,100,0,2846.51573305003,20.2610664976225,1,1.14254245622301,1.14254245622301,316.507000859594,361.622686173899
1,100,0,2854.43313003651,20.4228168153253,1,1.1362269631801,1.1362269631801,316.669327518886,359.80822833907
1.01,100,0,2862.27751673897,20.5837338649491,1,1.12996482625864,1.12996482625864,316.828163424097,358.004680637352
1.02,100,0,2870.05042622298,20.7438226465666,1,1.12375549242882,1.12375549242882,316.983741886871,356.21222095601
1.03,100,0,2877.75329234098,20.9030882312128,1,1.11759838877026,1.11759838877026,317.136266763093,354.430980755049
1.04,100,0,2885.38746209574,21.0615357414694,1,1.1114929277714,1.1114929277714,317.28591686126,352.661052672754
1.05,100,0,2892.95420616054,21.219170335234,1,1.1054385117386,1.1054385117386,317.432849661084,350.902496906289
1.06,100,0,2900.45472784407,21.3759971921601,1,1.09943453645745,1.09943453645745,317.577204452228,349.155346566388
1.07,100,0,2907.9090298454,21.5319999420133,1,1.09345810263663,1.09345810263663,317.546120863381,347.223378818895
1.08,100,0,2915.44330000647,21.68704515038,1,1.08756120968832,1.08756120968832,317.326728411169,345.112240617289
1.09,100,0,2923.06346779427,21.8411439719368,1,1.08178882984961,1.08178882984961,317.166444068275,343.107116396181
1.1,100,0,2930.82391730341,21.9942231936323,1,1.07545062374819,1.07545062374819,316.532136095359,340.414683200102
1.11,100,0,2938.93131269497,22.145984044036,1,1.06908753053998,1.06908753053998,315.839928211102,337.660528897132
1.12,100,0,2947.31441969678,22.2965436292345,1,1.06298886148981,1.06298886148981,315.31323925334,335.174461206571
1.13,100,0,2955.89505618731,22.446032493824,1,1.05730874889087,1.05730874889087,314.991257485433,333.043012363485
1.14,100,0,2964.58707101935,22.5946027948941,1,1.0518817650869,1.0518817650869,314.790673630946,331.122569411813
1.15,100,0,2973.3550359625,22.7423147006769,1,1.04658083955326,1.04658083955326,314.654868415135,329.311756355431
1.16,100,0,2982.17946871787,22.8892124254215,1,1.04166050486426,1.04166050486426,314.473776871875,327.57491318293
1.17,100,0,2991.13297723723,23.0353259208301,1,1.03745903111671,1.03745903111671,314.162314749014,325.930530672895
1.18,100,0,3000.20748581787,23.1807116473576,1,1.03337262831769,1.03337262831769,313.9382435139,324.415187829397
1.19,100,0,3009.36748080254,23.3254224803486,1,1.02938304254936,1.02938304254936,313.783673243568,323.003592265776
1.2,100,0,3018.63552939628,23.4694418229706,1,1.02533340017831,1.02533340017831,313.339594615044,321.277551957137
1.21,100,0,3028.14545075756,23.6126271914908,1,1.02137250679001,1.02137250679001,312.858506226636,319.545076775276
1.22,100,0,3037.84206011848,23.7550588876331,1,1.01756262950452,1.01756262950452,312.512638098992,318.001181777404
1.23,100,0,3047.67119137699,23.8968129248749,1,1.01387456957466,1.01387456957466,312.271151686223,316.603779506452
1.24,100,0,3057.58661143593,24.0379770154976,1,1.01092629569768,1.01092629569768,312.146036528881,315.556636424854
1.25,100,0,3067.53460047471,24.178755013241,1,1.00871818616829,1.00871818616829,312.105342335677,314.826334814278
1.26,100,0,3077.49404915627,24.3192010279791,1,1.00653921558491,1.00653921558491,312.094400495834,314.135253063521
1.27,100,0,3087.45298192638,24.4593310087926,1,1.00438524051821,1.00438524051821,312.106647618549,313.47531033569
1.28,100,0,3097.40206905317,24.5991576363674,1,1.00225298595062,1.00225298595062,312.136950162956,312.840190326344
1.29,100,0,3107.53044662327,24.73861152364,1,1.002,1.002,311.251160131573,311.873662451836
1.3,100,0,3118.05225142702,24.8776583944384,1,1.002,1.002,310.512339143003,311.133363821289
1.31,100,0,3128.85891324084,25.016410677085,1,1.002,1.002,309.986843643526,310.606817330813
1.32,100,0,3139.86744996387,25.154951780798,1,1.002,1.002,309.616229125762,310.235461584013
1.33,100,0,3151.01751508726,25.2933423503133,1,1.002,1.002,309.35843922272,309.977156101166
1.34,100,0,3162.26129840858,25.4316286299823,1,1.00193884090135,1.00193884090135,309.222792812572,309.822326610907
1.35,100,0,3173.53532564187,25.5698578935576,1,1.00177660189361,1.00177660189361,309.194906700759,309.744222957499
1.36,100,0,3184.81679821814,25.7080485446113,1,1.00161584704972,1.00161584704972,309.188944476359,309.688546520097
1.37,100,0,3196.09711092009,25.8462093799008,1,1.0014562962782,1.0014562962782,309.199193502307,309.649479137026
1.38,100,0,3207.36990155493,25.984346903363,1,1.00129774078247,1.00129774078247,309.221425167529,309.622714421784
1.39,100,0,3218.63046962655,26.1224659204694,1,1.0011400245201,1.0011400245201,309.252504032154,309.605059469655
1.4,100,0,3229.88316442811,26.2605614985471,1,1.0009498159319,1.0009498159319,309.165241179145,309.458891250806
1.41,100,0,3241.39939228449,26.3983370537068,1,1.0005075358607,1.0005075358607,308.247349616323,308.403796200218
1.42,100,0,3253.2557943051,26.5357028780727,1,1.00010017999543,1.00010017999543,307.647548034555,307.67836816451
1.43,100,0,3265.33342201039,26.6727826568654,1,0.999716601815851,0.999716601815851,307.260175968965,307.173098993035
1.44,100,0,3277.55263775921,26.8096591906746,1,0.999349341111185,0.999349341111185,307.015404446634,306.815642144728
1.45,100,0,3289.85987724164,26.9463881717227,1,0.998993382761443,0.998993382761443,306.866744140816,306.557846786224
1.46,100,0,3302.21898284656,27.08300719969,1,0.998645342667618,0.998645342667618,306.783067678957,306.367481746876
1.47,100,0,3314.6054775184,27.2195417365793,1,0.998302929681328,0.998302929681328,306.74343822494,306.222873040481
1.48,100,0,3327.0061731346,27.3560065126587,1,0.998011704297087,0.998011704297087,306.679664670858,306.069894811422
1.49,100,0,3339.53054006684,27.4923283362735,1,0.998119784416887,0.998119784416887,306.267580271393,305.691731194365
1.5,100,0,3352.20302636753,27.6285076716726,1,0.998222654186551,0.998222654186551,306.016248226382,305.47235152875
1.51,100,0,3364.964651232,27.7646029440384,1,0.998322112447896,0.998322112447896,305.867942036256,305.354730023726
1.52,100,0,3377.77754248932,27.900651649188,1,0.998419312735532,0.998419312735532,305.785924338623,305.302572422367
1.53,100,0,3390.61729554155,28.0366779287174,1,0.998514997612911,0.998514997612911,305.746692383922,305.292657815887
1.54,100,0,3403.46813938405,28.1726973626949,1,0.998609646752604,0.998609646752604,305.735145559546,305.310065707075
1.55,100,0,3416.31985980841,28.3087200204154,1,0.998703571025408,0.998703571025408,305.741545991805,305.345173792845
1.56,100,0,3429.16583150593,28.4447524117812,1,0.998796972551802,0.998796972551802,305.759593605536,305.391756421878
1.57,100,0,3442.00175430675,28.5807987405415,1,0.998889983175327,0.998889983175327,305.785200367462,305.445773650318
1.58,100,0,3454.82483874673,28.7168617119975,1,0.998982689194496,0.998982689194496,305.815706285611,305.504596663114
1.59,100,0,3467.68268731816,28.8528934655557,1,0.999073709103075,0.999073709103075,305.597122957663,305.314051124541
1.6,100,0,3480.64013543057,28.9888285304677,1,0.99916117572587,0.99916117572587,305.428028863767,305.171828419156
1.61,100,0,3493.65579682259,29.1247079405613,1,0.999246317320186,0.999246317320186,305.335143976863,305.10501816731
1.62,100,0,3506.70199766336,29.260559133707,1,0.999329953088259,0.999329953088259,305.290011235303,305.08545260609
1.63,100,0,3519.76137327486,29.3963993058567,1,0.999412596532194,0.999412596532194,305.274887575448,305.095568047852
1.64,100,0,3532.82299902697,29.5322392545474,1,0.999494570655978,0.999494570655978,305.278665554131,305.124368758456
1.65,100,0,3545.8799885628,29.668085764933,1,0.99957607931997,0.99957607931997,305.294367166983,305.164946571244
1.66,100,0,3558.9279962867,29.8039430975672,1,0.999657251621475,0.999657251621475,305.31759459389,305.212947483408
1.67,100,0,3571.96428011858,29.9398139196139,1,0.99973816959891,0.99973816959891,305.345567901761,305.265619149246
1.68,100,0,3584.98711291341,30.0756998896679,1,0.99981888558294,0.99981888558294,305.376524915459,305.321216824165
1.69,100,0,3597.99541168522,30.2116020261838,1,0.999899433096891,0.999899433096891,305.409345625313,305.378631553243
1.7,100,0,3610.91720105081,30.3475129130781,1,0.999981606175417,0.999981606175417,305.383550111188,305.377932939737
1.71,100,0,3623.66551999769,30.4833834150345,1,1.00006743191951,1.00006743191951,305.230807181128,305.251389480351
1.72,100,0,3636.28707748636,30.6191664593854,1,1.00015557312422,1.00015557312422,304.996211364515,305.043660577993
1.73,100,0,3648.81358012766,30.7548323033042,1,1.00024513381645,1.00024513381645,304.709946488602,304.784641200694
1.74,100,0,3661.26528392559,30.8903621539672,1,1.0003355455177,1.0003355455177,304.391123053111,304.493260130079
1.75,100,0,3673.65518656212,31.0257441573759,1,1.00042644669064,1.00042644669064,304.051862396945,304.181524307448
1.76,100,0,3685.99167501121,31.1609708654556,1,1.00051760686081,1.00051760686081,303.699869838858,303.857066975113
1.77,100,0,3698.28020006854,31.2960376343387,1,1.00060887877274,1.00060887877274,303.340055483553,303.52475280426
1.78,100,0,3710.52433760201,31.4309416094457,1,1.00070016815499,1.00070016815499,302.975556176424,303.1876900126
1.79,100,0,3722.72646274362,31.5656810808559,1,1.00079141456448,1.00079141456448,302.608380993907,302.847869673958
1.8,100,0,3734.88817930939,31.7002550728039,1,1.00088257921759,1.00088257921759,302.239819849346,302.506570433073
1.81,100,0,3747.01059406255,31.834663081559,1,1.00097363723802,1.00097363723802,301.870702789761,302.164615347064
1.82,100,0,3759.22056651322,31.9687762754718,1,1.00103055734089,1.00103055734089,300.725411005305,301.035325785209
1.83,100,0,3771.77841372645,32.1023233559299,1,1.00106895099453,1.00106895099453,299.692683364264,300.0130401562
1.84,100,0,3784.51970743283,32.235464187302,1,1.00110427386511,1.00110427386511,298.940884274338,299.270996880056
1.85,100,0,3797.34621941191,32.3682948747694,1,1.00113788217343,1.00113788217343,298.343419909513,298.682899568588
1.86,100,0,3810.20401930688,32.5008684293823,1,1.00117051978294,1.00117051978294,297.831562118235,298.180179853679
1.87,100,0,3823.06333234628,32.6332143690385,1,1.00120259730998,1.00120259730998,297.36767246382,297.725286026799
1.88,100,0,3835.90765709176,32.7653493046248,1,1.00123434268004,1.00123434268004,296.930998098586,297.297512702566
1.89,100,0,3848.72783086914,32.8972827114692,1,1.00126588306036,1.00126588306036,296.510030617448,296.885377642435
1.9,100,0,3861.51877018836,33.0290200985455,1,1.00129728975433,1.00129728975433,296.098355061675,296.48248042397
1.91,100,0,3874.27766982744,33.1605647590624,1,1.00132860294275,1.00132860294275,295.692378168025,296.085235931808
1.92,100,0,3887.00300266683,33.2919187424725,1,1.00135984538842,1.00135984538842,295.290077553679,295.691626403887
1.93,100,0,3899.69396158981,33.423083396751,1,1.00139103006313,1.00139103006313,294.890309394108,295.300510679801
1.94,100,0,3912.3501466596,33.554059672293,1,1.00142216441138,1.00142216441138,294.492423384595,294.911240028554
1.95,100,0,3924.97138902041,33.6848482929579,1,1.00145325274424,1.00145325274424,294.096047631923,294.523443520213
1.96,100,0,3937.55765134918,33.8154498527457,1,1.00148429758898,1.00148429758898,293.700967959821,294.136907598446
1.97,100,0,3950.10897135058,33.9458648706659,1,1.00151530045326,1.00151530045326,293.307059903956,293.751508224772
1.98,100,0,3962.62542955546,34.0760938220056,1,1.0015462622594,1.0015462622594,292.914250237116,293.367172487498
1.99,100,0,3975.10713089731,34.2061371562203,1,1.00157718359233,1.00157718359233,292.522495113647,292.983856793328
2,100,0,3987.55419413141,34.3359953072116,1,1.00160806484161,1.00160806484161,292.131767605059,292.601534429661
2.01,100,0,3999.96674573545,34.4656686992561,1,1.0016389062831,1.0016389062831,291.742050563646,292.220188443359
2.02,100,0,4012.35097486271,34.5951586649008,1,1.00166963889052,1.00166963889052,291.359123392156,291.84558791568
2.03,100,0,4024.71013940375,34.7244694017123,1,1.00170023216,1.00170023216,290.985509110856,291.48025203154
2.04,100,0,4037.04127671771,34.8536042669834,1,1.00173072673644,1.00173072673644,290.617789932588,291.120769911711
2.05,100,0,4049.34266797289,34.9825654053196,1,1.00176114687014,1.00176114687014,290.253938632755,290.765118448325
2.06,100,0,4061.61333408356,35.1113542415049,1,1.00179150708409,1.00179150708409,289.892749118041,290.412094031713
2.07,100,0,4073.85273619006,35.2399717713261,1,1.00182181612297,1.00182181612297,289.53350082912,290.06097762907
2.08,100,0,4086.06059822579,35.3684187338249,1,1.00185207928683,1.00185207928683,289.175761339047,289.711337776877
2.09,100,0,4098.2368014342,35.4966957136848,1,1.00188229981511,1.00188229981511,288.819269810674,289.362914268838
2.1,100,0,4110.38132144237,35.6248032023025,1,1.00191247971025,1.00191247971025,288.463867946101,289.01554924069
2.11,100,0,4122.49419059466,35.7527416343405,1,1.00194262022961,1.00194262022961,288.109458932294,288.669146195559
2.12,100,0,4134.57547533142,35.8805114096788,1,1.00197272218012,1.00197272218012,287.755982948649,288.323645558674
2.13,100,0,4146.62526255913,36.0081129066429,1,1.00200278609549,1.00200278609549,287.403402506118,287.979010044454
2.14,100,0,4158.64365141188,36.1355464900009,1,1.00203281234304,1.00203281234304,287.051693642342,287.635215868269
2.15,100,0,4170.63074825632,36.262812515815,1,1.00206280118841,1.00206280118841,286.700840616443,287.292247451183
2.16,100,0,4182.58666365407,36.389911334395,1,1.00209275283474,1.00209275283474,286.350832702176,286.950094219045
2.17,100,0,4194.5115105094,36.5168432921019,1,1.00212266744667,1.00212266744667,286.001662243291,286.608748661428
2.18,100,0,4206.4054029368,36.6436087324544,1,1.00215254516485,1.00215254516485,285.653323470567,286.268205150826
2.19,100,0,4218.26845556718,36.7702079968098,1,1.00218238611494,1.00218238611494,285.305811779957,285.928459222098
2.2,100,0,4230.10078312207,36.8966414247849,1,1.00221219041312,1.00221219041312,284.959123290743,285.589507131419
2.21,100,0,4241.90250015219,37.0229093545181,1,1.00224195816947,1.00224195816947,284.613254574227,285.251345585459
2.22,100,0,4253.67372087705,37.1490121228335,1,1.00227168949004,1.00227168949004,284.268202486664,284.913971574606
2.23,100,0,4265.41455908683,37.2749500653444,1,1.00230138447822,1.00230138447822,283.923964066038,284.577382269934
2.24,100,0,4277.12512808277,37.4007235165192,1,1.00233104323548,1.00233104323548,283.580536468109,284.241574959358
2.25,100,0,4288.80554064149,37.5263328097252,1,1.00236066586195,1.00236066586195,283.237916926652,283.90654700795
2.26,100,0,4300.45590899406,37.6517782772565,1,1.00239025245666,1.00239025245666,282.896102728666,283.572295833194
2.27,100,0,4312.07634481447,37.7770602503539,1,1.00241980311783,1.00241980311783,282.555091198864,283.238818889505
2.28,100,0,4323.66695921368,37.9021790592192,1,1.00244931794291,1.00244931794291,282.214879689921,282.906113658503
2.29,100,0,4335.22786273749,38.027135033025,1,1.00247879702874,1.00247879702874,281.875465576341,282.574177642886
2.3,100,0,4346.75916536651,38.1519284999233,1,1.00250824047154,1.00250824047154,281.536846250554,282.243008362551
2.31,100,0,4358.26097651758,38.2765597870521,1,1.002537648367,1.002537648367,281.19901912044,281.912603352114
2.32,100,0,4369.73340504616,38.4010292205415,1,1.00256702081026,1.00256702081026,280.861981607733,281.582960159331
2.33,100,0,4381.17655924912,38.5253371255186,1,1.00259635789594,1.00259635789594,280.525731146984,281.254076344062
2.34,100,0,4392.59054686799,38.6494838261125,1,1.00262565971817,1.00262565971817,280.190265184884,280.925949477604
2.35,100,0,4403.96259919455,38.7734688844035,1,1.00265506476425,1.00265506476425,279.845525725411,280.588533720199
2.36,100,0,4415.17144866696,38.897268103785,1,1.00268585312025,1.00268585312025,279.398776450875,280.1492005264
2.37,100,0,4426.22588939321,39.020833478629,1,1.00271786417039,1.00271786417039,278.862258564971,279.620168305999
2.38,100,0,4437.16329070483,39.1441321150994,1,1.00275064983719,1.00275064983719,278.268883371073,279.034303629813
2.39,100,0,4448.00789361091,39.2671432422669,1,1.00278392130134,1.00278392130134,277.639801507626,278.412728865142
2.4,100,0,4458.77549057423,39.3898538843753,1,1.00281749197894,1.00281749197894,276.988622373823,277.76903559562
2.41,100,0,4469.47642751565,39.5122560855475,1,1.00285124104163,1.00285124104163,276.324117986171,277.111984652166
2.42,100,0,4480.1175313236,39.634345128564,1,1.00288509005009,1.00288509005009,275.651953388516,276.447234096525
2.43,100,0,4490.70334949367,39.7561183898432,1,1.0029189879595,1.0029189879595,274.975794336806,275.778445369629
2.44,100,0,4501.23694905139,39.8775746018793,1,1.00295290147582,1.00295290147582,274.298017210185,275.107992230018
2.45,100,0,4511.72043266712,39.9987133770312,1,1.00298680883814,1.00298680883814,273.62016481224,274.437415938794
2.46,100,0,4522.1552729236,40.1195348992826,1,1.00302069579947,1.00302069579947,272.943239659556,273.767718157088
2.47,100,0,4532.54252938205,40.2400397242058,1,1.00305455302159,1.00305455302159,272.267893156805,273.09954987253
2.48,100,0,4542.88298992181,40.3602286488017,1,1.00308837438198,1.00308837438198,271.594547929509,272.433333573619
2.49,100,0,4553.17726302356,40.4801026265827,1,1.0031221558703,1.0031221558703,270.923477140997,271.769342465555
2.5,100,0,4563.42583818843,40.5996627120272,1,1.00315589486736,1.00315589486736,270.254856056961,271.10775197007
2.51,100,0,4573.6291256042,40.7189100241517,1,1.00318958967254,1.00318958967254,269.588795658306,270.44867329677
2.52,100,0,4583.78748225871,40.8378457225623,1,1.00322323919332,1.00322323919332,268.925364610997,269.792175386289
2.53,100,0,4593.90122917871,40.9564709916724,1,1.00325684274074,1.00325684274074,268.264603664372,269.138299291414
2.54,100,0,4603.97066284189,41.0747870302795,1,1.00329039989424,1.00329039989424,267.606535112407,268.487067627238
2.55,100,0,4613.9960627529,41.1927950446671,1,1.00332391041219,1.00332391041219,266.95116902718,267.838490797455
2.56,100,0,4623.97769648752,41.310496244033,2,1.43065734682341,1.43065734682341,1022.80156745618,1463.27857682368
2.57,100,0,4333.08282048228,41.6686126727309,2,1.36127419485166,1.36127419485166,861.711088788682,1173.02506858556
2.58,100,0,4110.739389954,41.958793966081,2,1.30121335243445,1.30121335243445,745.488940165578,970.04016303566
2.59,100,0,3936.71278278315,42.2014880515652,2,1.24897341849654,1.24897341849654,660.364939461784,824.778255894842
2.6,100,0,3799.99294225813,42.4087743504465,2,1.20334631322613,1.20334631322613,592.506015456217,712.989929263543
2.61,100,0,3692.03221765702,42.5895303047601,2,1.16444989015686,1.16444989015686,541.909255561211,631.026173113239
2.62,100,0,3605.83675969616,42.7505870464752,2,1.13124177962626,1.13124177962626,503.330978035574,569.389031333991
2.63,100,0,3535.94517788009,42.8966486404788,2,1.10267295879781,1.10267295879781,473.188498791017,521.772162030987
2.64,100,0,3478.65525953235,43.0307375742393,2,1.07731968207427,1.07731968207427,446.938394765739,481.495529355811
2.65,100,0,3433.1074504661,43.1539935379159,2,1.05284441966369,1.05284441966369,422.638471743407,444.972556510237
2.66,100,0,3397.25610546,43.2685146661302,2,1.03483491452555,1.03483491452555,403.505528419738,417.561609012828
2.67,100,0,3369.44564814677,43.3762335623143,2,1.02090248720943,1.02090248720943,386.998163689225,395.087387855812
2.68,100,0,3348.53384182837,43.4782878077948,2,1.01029132850823,1.01029132850823,373.663852417863,377.509349874746
2.69,100,0,3332.86925231459,43.576302390404,2,1.00435921112078,1.00435921112078,363.668107081667,365.253413138329
2.7,100,0,3321.4158372898,43.6712646579173,2,1.002,1.002,354.436076840996,355.144948994678
2.71,100,0,3313.99748495448,43.7637014921886,2,1.002,1.002,346.618054530409,347.31129063947
2.72,100,0,3309.61620018366,43.8542784593177,2,1.002,1.002,340.950050545805,341.631950646897
2.73,100,0,3307.43188199356,43.9435029387501,2,1.00184805307097,1.00184805307097,336.902865980932,337.525480357027
2.74,100,0,3306.81911310622,44.0317420976675,2,1.00165686867374,1.00165686867374,333.936234765999,334.489523252408
2.75,100,0,3307.37727601386,44.1192428425108,2,1.00149806826442,1.00149806826442,331.715001326072,332.211933042392
2.76,100,0,3308.8138057379,44.2061861995952,2,1.00136369708044,1.00136369708044,330.045647583319,330.495729869341
2.77,100,0,3310.91137726458,44.2927066162717,2,1.00124780432376,1.00124780432376,328.787613263097,329.197875868527
2.78,100,0,3313.50760460037,44.3789045363818,2,1.00114592015068,1.00114592015068,327.837709918065,328.213385756013
2.79,100,0,3316.48059920206,44.4648553432383,2,1.00105467644572,1.00105467644572,327.119556292442,327.464561583398
2.8,100,0,3319.75777342101,44.5506031431355,2,1.00091619146282,1.00091619146282,326.359191765839,326.658199271149
2.81,100,0,3323.44150472294,44.6360768999438,2,1.00070280074449,1.00070280074449,325.493701816295,325.722459032258
2.82,100,0,3327.45233477072,44.7213247437222,2,1.00051722075856,1.00051722075856,324.902969369007,325.071015929283
2.83,100,0,3331.68645475019,44.8064119876926,2,1.00035077427228,1.00035077427228,324.49975097649,324.613577140494
2.84,100,0,3336.07290181563,44.891383271146,2,1.00019752595415,1.00019752595415,324.224932429502,324.288975268638
2.85,100,0,3340.563024114,44.9762691930434,2,1.0000534059101,1.0000534059101,324.038257527616,324.055563085668
2.86,100,0,3345.12339115582,45.0610907750246,2,0.999915617944307,0.999915617944307,323.912210289336,323.884877911168
2.87,100,0,3349.7309909074,45.1458624842804,2,0.999782237889323,0.999782237889323,323.827930144542,323.757412690977
2.88,100,0,3354.36996016788,45.230594291058,2,0.999651939868985,0.999651939868985,323.772461112999,323.659768827765
2.89,100,0,3359.02935068311,45.3152930742019,2,0.999523809188345,0.999523809188345,323.736887742503,323.582727211166
2.9,100,0,3363.701598704,45.3999635839765,2,0.999397214140845,0.999397214140845,323.715066136576,323.519935272314
2.91,100,0,3368.38147422889,45.4846091030406,2,0.999271718019192,0.999271718019192,323.702757119932,323.467010234783
2.92,100,0,3373.06535833975,45.569231900991,2,0.999147018629887,0.999147018629887,323.697032546293,323.42092500797
2.93,100,0,3377.7507454749,45.6538335473954,2,0.999022906660799,0.999022906660799,323.695867840893,323.379586764498
2.94,100,0,3382.43590020336,45.7384151276358,2,0.998899236993044,0.998899236993044,323.697861890694,323.341547258894
2.95,100,0,3387.11962028385,45.8229773919006,2,0.998775908912403,0.998775908912403,323.702044211978,323.305803424621
2.96,100,0,3391.80107293445,45.9075208581319,2,0.998652852446637,0.998652852446637,323.707742041335,323.271659948639
2.97,100,0,3396.47968158803,45.9920458832235,2,0.998530018923969,0.998530018923969,323.714488630596,323.238634458271
2.98,100,0,3401.15504749844,46.0765527123039,2,0.998407374443044,0.998407374443044,323.721959910053,323.206392043352
2.99,100,0,3405.82689542685,46.1610415128784,2,0.998284895352849,0.998284895352849,323.729930704661,323.174699996088
3,100,0,3410.49503598118,46.245512398501,2,0.998162565121431,0.998162565121431,323.738244440812,323.14339649895
3.01,100,0,3415.15933948212,46.3299654451995,2,0.998040372164989,0.998040372164989,323.746792169624,323.112368944193
3.02,100,0,3419.83836950014,46.4143924820978,2,0.998026729233025,0.998026729233025,323.633171493322,322.994555616791
3.03,100,0,3424.58171875926,46.4987741059081,2,0.99806504623213,0.99806504623213,323.513023089679,322.887040346696
3.04,100,0,3429.36912653744,46.5831230924977,2,0.998102050059918,0.998102050059918,323.436343871169,322.822477881698
3.05,100,0,3434.18445962874,46.6674491212795,2,0.998138182026135,0.998138182026135,323.388206365033,322.786116389887
3.06,100,0,3439.01711851996,46.7517585455366,2,0.998173731875664,0.998173731875664,323.358833318849,322.768293388836
3.07,100,0,3443.86013099059,46.8360555382397,2,0.998208890077103,0.998208890077103,323.341810427993,322.762669702848
3.08,100,0,3448.70890604787,46.9203428410023,2,0.998243781981402,0.998243781981402,323.33292382021,322.765080713391
3.09,100,0,3453.56041795057,47.0046222545422,2,0.998278490174541,0.998278490174541,323.329401811842,322.772787069763
3.1,100,0,3458.41267104733,47.0888949603622,2,0.998313069125618,0.998313069125618,323.329419286193,322.783984906203
3.11,100,0,3463.26434832032,47.1731617320125,2,0.998347554798063,0.998347554798063,323.33177317218,322.797485134968
3.12,100,0,3468.11458029878,47.2574230740015,2,0.99838197096317,0.99838197096317,323.335669645798,322.812503143669
3.13,100,0,3472.96279295031,47.3416793132341,2,0.998416333351836,0.998416333351836,323.34058441385,322.828520714316
3.14,100,0,3477.80860745457,47.4259306592623,2,0.998450652387466,0.998450652387466,323.346170875313,322.845195257446
3.15,100,0,3482.65177409754,47.5101772440263,2,0.998484934986704,0.998484934986704,323.352199689181,322.86230008446
3.16,100,0,3487.4921286287,47.5944191480912,2,0.998519185747056,0.998519185747056,323.358518968202,322.879685064503
3.17,100,0,3492.32956342116,47.6786564179855,2,0.998553407730905,0.998553407730905,323.365028033177,322.897250683528
3.18,100,0,3497.16400839615,47.7628890776696,2,0.998587602983543,0.998587602983543,323.371660091784,322.914930923863
3.19,100,0,3501.9954183946,47.8471171361283,2,0.998621772875784,0.998621772875784,323.378370796612,322.932681954596
3.2,100,0,3506.8237648091,47.9313405924017,2,0.998655918330747,0.998655918330747,323.385130679939,322.950474653683
3.21,100,0,3511.64903003419,48.0155594389223,2,0.99869003997412,0.99869003997412,323.391920147196,322.96828965911
3.22,100,0,3516.47120378231,48.0997736637299,2,0.998724138233798,0.998724138233798,323.398726160773,322.986114090826
3.23,100,0,3521.29028063625,48.1839832519434,2,0.998758213406023,0.998758213406023,323.405540041482,323.003939377441
3.24,100,0,3526.10625842152,48.2681881867393,2,0.998792265699314,0.998792265699314,323.412356009711,323.021759814092
3.25,100,0,3530.91913712314,48.3523884500033,2,0.998826295263678,0.998826295263678,323.419170216557,323.039571604656
3.26,100,0,3535.72891816405,48.4365840227641,2,0.998860302210056,0.998860302210056,323.425980099791,323.057372225061
3.27,100,0,3540.53560392403,48.5207748854827,2,0.998894286623261,0.998894286623261,323.432783955392,323.075159999697
3.28,100,0,3545.33919741872,48.6049610182453,2,0.998928248570619,0.998928248570619,323.439580652237,323.092933819355
3.29,100,0,3550.13970208527,48.6891424008925,2,0.99896218810772,0.99896218810772,323.446369441956,323.110692953235
3.3,100,0,3554.93712163903,48.7733190131052,2,0.998996105282272,0.998996105282272,323.453149832103,323.128436923554
3.31,100,0,3559.75425496737,48.8574769710038,2,0.999029398080828,0.999029398080828,323.354474905645,323.040626431729
3.32,100,0,3564.61268820095,48.9416030528993,2,0.999061498765525,0.999061498765525,323.282477406358,322.979076402228
3.33,100,0,3569.49699990762,49.0257065244438,2,0.999092817346655,0.999092817346655,323.238570795287,322.94533437097
3.34,100,0,3574.39688365957,49.1097935747522,2,0.999123627570053,0.999123627570053,323.212656535372,322.929401874174
3.35,100,0,3579.30573447689,49.1938681639467,2,0.999154104742012,0.999154104742012,323.198279937133,322.924888044744
3.36,100,0,3584.21931484117,49.277932826446,2,0.999184361262701,0.999184361262701,323.19130945618,322.927702104629
3.37,100,0,3589.13490351332,49.3619891835359,2,0.999214469281288,0.999214469281288,323.18909720801,322.9352222442
3.38,100,0,3594.05075155838,49.446038270952,2,0.999244475161647,0.999244475161647,323.189944209217,322.945766178861
3.39,100,0,3598.96573422658,49.5300807485217,2,0.999274408731009,0.999274408731009,323.192759139308,322.958253295076
3.4,100,0,3603.85595186657,49.6141154787035,2,0.999304867106126,0.999304867106126,323.175718865995,322.95106879331
3.41,100,0,3608.68513152493,49.6981308773766,2,0.999336735741156,0.999336735741156,323.106462332511,322.892157364244
3.42,100,0,3613.47216001327,49.7821151153832,2,0.999369516779527,0.999369516779527,323.003185017544,322.799536929231
3.43,100,0,3618.23005699859,49.8660606960913,2,0.999402868852129,0.999402868852129,322.87835762467,322.685556900359
3.44,100,0,3622.96710722334,49.9499628672065,2,0.999436575105112,0.999436575105112,322.739894773461,322.558055082172
3.45,100,0,3627.68858915398,50.0338186187154,2,0.999470497650171,0.999470497650171,322.592822970944,322.422009313143
3.46,100,0,3632.39787100406,50.1176260475785,2,0.999504548721228,0.999504548721228,322.440337260569,322.280583783145
3.47,100,0,3637.09710602432,50.2013839547315,2,0.999538672398026,0.999538672398026,322.284470500548,322.135791778619
3.48,100,0,3641.78767392061,50.2850915892516,2,0.99957283301547,0.99957283301547,322.126517428271,321.988915615184
3.49,100,0,3646.47046135689,50.3687484857971,2,0.999607007805789,0.999607007805789,321.967303529486,321.840772892408
3.5,100,0,3651.14604038543,50.4523543612102,2,0.999641182222782,0.999641182222782,321.807355654092,321.691885454044
3.51,100,0,3655.81478207044,50.5359090486783,2,0.9996753469672,0.9996753469672,321.647010388701,321.542586711288
3.52,100,0,3660.47692892368,50.6194124557656,2,0.999709496092225,0.999709496092225,321.486482965365,321.393089885767
3.53,100,0,3665.13264113494,50.7028645376298,2,0.999743625795466,0.999743625795466,321.325911125127,321.243531450267
3.54,100,0,3669.78202611144,50.7862652799095,2,0.99977773364782,0.99977773364782,321.165383070482,321.09399881234
3.55,100,0,3674.42515737399,50.8696146877796,2,0.999811818100631,0.999811818100631,321.004955298578,320.944547976383
3.56,100,0,3679.06208665876,50.9529127789411,2,0.999845878170363,0.999845878170363,320.844663991523,320.79521482488
3.57,100,0,3683.69285167646,51.0361595791286,2,0.999879913236596,0.999879913236596,320.684532299872,320.646022332314
3.58,100,0,3688.31748109304,51.1193551192252,2,0.999913922912488,0.999913922912488,320.524575005352,320.496985183459
3.59,100,0,3692.93599773051,51.2024994334101,2,0.999947906961603,0.999947906961603,320.364801509273,320.348112733367
3.6,100,0,3697.54842062628,51.2855925579658,2,0.999981865244449,0.999981865244449,320.205217750006,320.199410906656
3.61,100,0,3702.15476635956,51.3686345305111,2,1.00001579768408,1.00001579768408,320.045827434728,320.0508834176
3.62,100,0,3706.75504990679,51.4516253895054,2,1.00004970424392,1.00004970424392,319.88663283155,319.902532554776
3.63,100,0,3711.34928519381,51.5345651739302,2,1.00008358491349,1.00008358491349,319.727635279513,319.754359686249
3.64,100,0,3715.93748545284,51.617453923082,2,1.00011743969916,1.00011743969916,319.568835517293,319.606365585198
3.65,100,0,3720.51966345342,51.7002916764394,2,1.0001512686182,1.0001512686182,319.410233895317,319.458550640037
3.66,100,0,3725.0958316521,51.7830784735764,2,1.00018507169489,1.00018507169489,319.251830512773,319.310914990143
3.67,100,0,3729.66600228952,51.8658143541069,2,1.00021884895806,1.00021884895806,319.093625306221,319.163458613644
3.68,100,0,3734.23018745348,51.9484993576483,2,1.00025260043944,1.00025260043944,318.93561810695,319.016181384238
3.69,100,0,3738.78839911996,52.0311335237978,2,1.00028632617262,1.00028632617262,318.777808678165,318.86908310804
3.7,100,0,3743.34064917989,52.1137168921175,2,1.00032002619234,1.00032002619234,318.620196739099,318.722163547465
3.71,100,0,3747.88694945664,52.1962495021247,2,1.00035370053411,1.00035370053411,318.462781980679,318.575422436759
3.72,100,0,3752.42731171738,52.2787313932851,2,1.00038734923383,1.00038734923383,318.30556407572,318.428859492087
3.73,100,0,3756.96174768068,52.3611626050091,2,1.00042097232767,1.00042097232767,318.14854268554,318.282474418099
3.74,100,0,3761.49026902141,52.4435431766492,2,1.00045456985193,1.00045456985193,317.99171746429,318.136266912214
3.75,100,0,3766.01288737405,52.525873147498,2,1.00048814184295,1.00048814184295,317.835088061762,317.990236667403
3.76,100,0,3770.5296143349,52.6081525567878,2,1.00052168833706,1.00052168833706,317.678654125228,317.844383374018
3.77,100,0,3775.04046146356,52.6903814436894,2,1.00055520937055,1.00055520937055,317.522415300642,317.698706720976
3.78,100,0,3779.54544028395,52.7725598473123,2,1.00058870497964,1.00058870497964,317.366371233421,317.553206396537
3.79,100,0,3784.04456228506,52.8546878067041,2,1.00062217520049,1.00062217520049,317.210521568958,317.407882088813
3.8,100,0,3788.53783892142,52.9367653608509,2,1.00065562006915,1.00065562006915,317.05486595296,317.2627334861
3.81,100,0,3793.02528161355,53.0187925486768,2,1.00068903962159,1.00068903962159,316.899404031659,317.117760277096
3.82,100,0,3797.50690174821,53.1007694090446,2,1.00072243389369,1.00072243389369,316.744135451962,316.97296215104
3.83,100,0,3801.98271067868,53.1826959807557,2,1.00075580292121,1.00075580292121,316.589059861541,316.828338797807
3.84,100,0,3806.45271972494,53.2645723025497,2,1.00078914673982,1.00078914673982,316.43417690889,316.683889907965
3.85,100,0,3810.91694017388,53.3463984131057,2,1.00082246538509,1.00082246538509,316.279486243366,316.539615172816
3.86,100,0,3815.37538327944,53.4281743510412,2,1.0008557588925,1.0008557588925,316.124987515212,316.395514284418
3.87,100,0,3819.82806026279,53.5099001549133,2,1.00088902729739,1.00088902729739,315.970680375574,316.251586935603
3.88,100,0,3824.27498231243,53.5915758632183,2,1.00092227063504,1.00092227063504,315.816564476504,316.10783281998
3.89,100,0,3828.71616058439,53.6732015143919,2,1.00095548894061,1.00095548894061,315.662639470971,315.964251631948
3.9,100,0,3833.15160620233,53.7547771468097,2,1.00098868224915,1.00098868224915,315.508905012858,315.820843066692
3.91,100,0,3837.62419672045,53.8362763080744,2,1.00101038871347,1.00101038871347,315.075629738655,315.393978598832
3.92,100,0,3842.240026821,53.9176321202808,2,1.00102456070169,1.00102456070169,314.652568565847,314.974949222285
3.93,100,0,3846.94110604298,53.9988784736624,2,1.00103758513083,1.00103758513083,314.340416595044,314.66657153732
3.94,100,0,3851.68794731968,54.0800386612794,2,1.00104995726618,1.00104995726618,314.090892604384,314.420674619314
3.95,100,0,3856.45825732068,54.1611258540297,2,1.00106195654968,1.00106195654968,313.876863621691,314.210187212807
3.96,100,0,3861.23942131803,54.2421475255562,2,1.00107374101572,1.00107374101572,313.683032157817,314.01984649538
3.97,100,0,3866.02428836649,54.3231079335777,2,1.00108540021763,1.00108540021763,313.500751775791,313.841025559995
3.98,100,0,3870.80879904053,54.4040095163164,2,1.00109698499555,1.00109698499555,313.325124986628,313.668837947467
3.99,100,0,3875.59064662712,54.4848536805071,2,1.0011085242621,1.0011085242621,313.153372518759,313.500510629955
4,100,0,3880.36851988616,54.56564124706,2,1.00112003448786,1.00112003448786,312.983914372314,313.334467150555
4.01,100,0,3885.14167392204,54.6463727035976,2,1.00113152507169,1.00113152507169,312.815850784743,313.169809762727
4.02,100,0,3889.90968656559,54.7270483478086,2,1.00114300138658,1.00114300138658,312.648668490847,313.006026352443
4.03,100,0,3894.67231983938,54.8076683689609,2,1.00115446650996,1.00115446650996,312.482074185799,312.84282427541
4.04,100,0,3899.42944105183,54.8882328943255,2,1.0011659222083,1.0011659222083,312.315899946739,312.680035990492
4.05,100,0,3904.1809777834,54.9687420156579,2,1.0011773694982,1.0011773694982,312.150049433189,312.517565380254
4.06,100,0,3908.92689216733,55.0491958043279,2,1.00118880896672,1.00118880896672,311.984467235442,312.355357167567
4.07,100,0,3913.66716617194,55.1295943199767,2,1.00120024095444,1.00120024095444,311.819121383947,312.193379463808
4.08,100,0,3918.40179316578,55.209937615478,2,1.00121166566035,1.00121166566035,311.653993353352,312.031613795009
4.09,100,0,3923.13077307607,55.2902257397857,2,1.00122308320194,1.00122308320194,311.489072341044,311.870049393011
4.1,100,0,3927.85410960555,55.3704587395702,2,1.0012344936497,1.0012344936497,311.324351987343,311.708679922869
4.11,100,0,3932.57180863025,55.4506366601613,2,1.00124589704704,1.00124589704704,311.159828492546,311.547501604022
4.12,100,0,3937.28387727567,55.5307595460914,2,1.00125729342165,1.00125729342165,310.995499534274,311.386512130002
4.13,100,0,3941.99032338338,55.610827441409,2,1.00126868279217,1.00126868279217,310.831363644066,311.225710046387
4.14,100,0,3946.69115520258,55.6908403898601,2,1.00128006517194,1.00128006517194,310.667419847857,311.065094392061
4.15,100,0,3951.38638121151,55.7707984349937,2,1.00129144057126,1.00129144057126,310.503667458363,310.904664492044
4.16,100,0,3956.07601001387,55.8507016202227,2,1.00130280899863,1.00130280899863,310.340105954976,310.74441983765
4.17,100,0,3960.76005027871,55.9305499888591,2,1.00131417046151,1.00131417046151,310.176734914218,310.58436001709
4.18,100,0,3965.43851070546,56.0103435841349,2,1.00132552496674,1.00132552496674,310.013553969385,310.424484675199
4.19,100,0,3970.1114000036,56.0900824492144,2,1.0013368725208,1.0013368725208,309.850562787112,310.264793490056
4.2,100,0,3974.77872688084,56.1697666272007,2,1.00134821312995,1.00134821312995,309.687761053734,310.10528615937
4.21,100,0,3979.44050003617,56.2493961611405,2,1.00135954680031,1.00135954680031,309.525148467339,309.945962392553
4.22,100,0,3984.09672815592,56.3289710940263,2,1.00137087353794,1.00137087353794,309.362724733136,309.786821906097
4.23,100,0,3988.74741991136,56.408491468798,2,1.00138219334882,1.00138219334882,309.200489560746,309.627864420869
4.24,100,0,3993.39258395741,56.4879573283435,2,1.00139350623892,1.00139350623892,309.038442662615,309.469089660531
4.25,100,0,3998.03222893186,56.5673687154999,2,1.00140481221415,1.00140481221415,308.876583753083,309.310497350606
4.26,100,0,4002.66718067584,56.6467257194034,2,1.00141610184169,1.00141610184169,308.715770597462,309.152943568763
4.27,100,0,4007.30014150229,56.7260290735858,2,1.00142734451008,1.00142734451008,308.558782709749,308.999202394286
4.28,100,0,4011.93011516846,56.8052796990081,2,1.00143855268326,1.00143855268326,308.404482378129,308.848138473784
4.29,100,0,4016.55618675595,56.8844781753743,2,1.00144973755953,1.00144973755953,308.251850560908,308.698734846461
4.3,100,0,4021.17781400338,56.9636248631016,2,1.00146090581114,1.00146090581114,308.100281268117,308.550386759434
4.31,100,0,4025.79467637085,57.0427199921266,2,1.00147206141982,1.00147206141982,307.949413606374,308.4027340574
4.32,100,0,4030.40658541335,57.1217637146354,2,1.0014832067658,1.0014832067658,307.799032320269,308.255561927513
4.33,100,0,4035.0134314865,57.2007561364159,2,1.0014943432747,1.0014943432747,307.649008811248,308.108742038533
4.34,100,0,4039.61515201368,57.2796973355248,2,1.00150547180241,1.00150547180241,307.499266112072,307.962197586465
4.35,100,0,4044.21171256624,57.3585873734158,2,1.00151659286432,1.00151659286432,307.34975805894,307.815882508862
4.36,100,0,4048.80309556826,57.4374263015835,2,1.00152770677206,1.00152770677206,307.200456889699,307.66976910807
4.37,100,0,4053.38929354445,57.5162141655342,2,1.00153881371519,1.00153881371519,307.051345849543,307.523840671805
4.38,100,0,4057.97030507851,57.5949510071628,2,1.00154991381001,1.00154991381001,306.902414776566,307.378087067552
4.39,100,0,4062.54613239092,57.6736368661777,2,1.00156100712879,1.00156100712879,306.753657462854,307.232502108936
4.4,100,0,4067.11677988531,57.7522717809548,2,1.00157209371736,1.00157209371736,306.605070074969,307.087081979344
4.41,100,0,4071.68225327503,57.8308557890519,2,1.00158317360557,1.00158317360557,306.456650207287,306.941824287147
4.42,100,0,4076.24255905773,57.9093889275172,2,1.00159424681368,1.00159424681368,306.308396313922,306.796727498748
4.43,100,0,4080.79770419877,57.9878712330756,2,1.0016053133561,1.0016053133561,306.160307367386,306.651790597911
4.44,100,0,4085.34769594037,58.0663027422414,2,1.00161637324375,1.00161637324375,306.012382653243,306.507012880821
4.45,100,0,4089.89254168629,58.1446834913854,2,1.00162742648541,1.00162742648541,305.864621646399,306.362393832617
4.46,100,0,4094.43224893221,58.2230135167769,2,1.00163847308856,1.00163847308856,305.717023936504,306.217933052938
4.47,100,0,4098.96682522348,58.3012928546076,2,1.00164951305988,1.00164951305988,305.569589182892,306.07363021095
4.48,100,0,4103.49627812964,58.3795215410075,2,1.00166054640557,1.00166054640557,305.422317087335,305.929485018155
4.49,100,0,4108.02061522889,58.4576996120538,2,1.00167157313154,1.00167157313154,305.275207377559,305.785497211938
4.5,100,0,4112.53984409873,58.5358271037764,2,1.00168259324351,1.00168259324351,305.128259797242,305.641666545582
4.51,100,0,4117.0539723102,58.6139040521616,2,1.00169360674708,1.00169360674708,304.981474099945,305.497992782216
4.52,100,0,4121.5630074245,58.6919304931541,2,1.00170461364778,1.00170461364778,304.834850045429,305.354475691134
4.53,100,0,4126.06695699084,58.7699064626582,2,1.00171561395107,1.00171561395107,304.688387397407,305.211115045554
4.54,100,0,4130.56582854523,58.8478319965391,2,1.00172660766239,1.00172660766239,304.542085922183,305.067910621257
4.55,100,0,4135.05962960966,58.9257071306228,2,1.00173759478717,1.00173759478717,304.395945387812,304.924862195753
4.56,100,0,4139.54836769171,59.003531900697,2,1.00174857533079,1.00174857533079,304.249965563592,304.781969547771
4.57,100,0,4144.0320502843,59.0813063425111,2,1.00175954929864,1.00175954929864,304.104146219757,304.639232456951
4.58,100,0,4148.51068486548,59.1590304917764,2,1.00177051669608,1.00177051669608,303.958487127278,304.496650703651
4.59,100,0,4152.98427889843,59.2367043841664,2,1.00178147752846,1.00178147752846,303.81298805775,304.354224068829
4.6,100,0,4157.45283983139,59.3143280553166,2,1.00179243180113,1.00179243180113,303.667648783317,304.21195233397
4.61,100,0,4161.91637509769,59.3919015408249,2,1.00180337951941,1.00180337951941,303.522469076632,304.069835281046
4.62,100,0,4166.37489211572,59.4694248762516,2,1.00181432068863,1.00181432068863,303.377448710818,303.927872692479
4.63,100,0,4170.82839828902,59.5468980971194,2,1.00182525531411,1.00182525531411,303.232587459464,303.786064351134
4.64,100,0,4175.27690100623,59.6243212389138,2,1.00183618340112,1.00183618340112,303.087885096604,303.644410040301
4.65,100,0,4179.72040764119,59.7016943370824,2,1.00184710495498,1.00184710495498,302.943341396714,303.502909543686
4.66,100,0,4184.15892555297,59.7790174270361,2,1.00185801998096,1.00185801998096,302.798956134704,303.361562645415
4.67,100,0,4188.59246208585,59.8562905441482,2,1.00186892848432,1.00186892848432,302.654729085916,303.22036913002
4.68,100,0,4193.02102456943,59.9335137237549,2,1.00187983047034,1.00187983047034,302.510660026122,303.079328782442
4.69,100,0,4197.44462031863,60.0106870011555,2,1.00189072594425,1.00189072594425,302.366748731522,302.938441388029
4.7,100,0,4201.86325663373,60.0878104116121,2,1.00190161491131,1.00190161491131,302.222994978741,302.797706732534
4.71,100,0,4206.27694080044,60.1648839903501,2,1.00191249737674,1.00191249737674,302.079398544829,302.657124602113
4.72,100,0,4210.68568008988,60.2419077725578,2,1.00192337334577,1.00192337334577,301.935959207256,302.516694783324
4.73,100,0,4215.0894817587,60.3188817933869,2,1.0019342428236,1.0019342428236,301.792676743919,302.376417063125
4.74,100,0,4219.48835304904,60.3958060879523,2,1.00194510581544,1.00194510581544,301.64955093313,302.236291228875
4.75,100,0,4223.88230118862,60.4726806913324,2,1.00195596232648,1.00195596232648,301.506581553628,302.096317068332
4.76,100,0,4228.27133339076,60.5495056385688,2,1.0019668123619,1.0019668123619,301.363768384563,301.956494369652
4.77,100,0,4232.65545685441,60.6262809646669,2,1.00197765592689,1.00197765592689,301.221111205505,301.816822921384
4.78,100,0,4237.03467876422,60.7030067045955,2,1.0019884930266,1.0019884930266,301.07860979644,301.677302512477
4.79,100,0,4241.40900629055,60.7796828932871,2,1.00199932366618,1.00199932366618,300.936263937772,301.537932932275
4.8,100,0,4245.77844658951,60.856309565638,2,1.00201014785079,1.00201014785079,300.794073410316,301.39871397051
4.81,100,0,4250.14300680301,60.9328867565081,2,1.00202096558555,1.00202096558555,300.652037995301,301.259645417315
4.82,100,0,4254.50269405881,61.0094145007214,2,1.0020317768756,1.0020317768756,300.510157474366,301.120727063205
4.83,100,0,4258.85751547052,61.0858928330657,2,1.00204258172605,1.00204258172605,300.368431629568,300.981958699097
4.84,100,0,4263.20747813767,61.1623217882929,2,1.00205338014201,1.00205338014201,300.226860243365,300.843340116287
4.85,100,0,4267.55258914573,61.238701401119,2,1.00206417212858,1.00206417212858,300.085443098629,300.704871106466
4.86,100,0,4271.89285556616,61.3150317062239,2,1.00207495769084,1.00207495769084,299.944179978641,300.566551461711
4.87,100,0,4276.22828445644,61.3913127382521,2,1.00208573683388,1.00208573683388,299.803070667083,300.428380974485
4.88,100,0,4280.55888286012,61.4675445318121,2,1.00209650956277,1.00209650956277,299.662114948051,300.290359437641
4.89,100,0,4284.88465780683,61.5437271214769,2,1.00210727588257,1.00210727588257,299.52131260604,300.152486644411
4.9,100,0,4289.20561631235,61.6198605417839,2,1.00211803579833,1.00211803579833,299.380663425951,300.014762388416
4.91,100,0,4293.52176537861,61.6959448272351,2,1.0021287893151,1.0021287893151,299.240167193086,299.877186463655
4.92,100,0,4297.83311199378,61.7719800122968,2,1.0021395364379,1.0021395364379,299.099823693152,299.739758664514
4.93,100,0,4302.13966313225,61.8479661314001,2,1.00215027717177,1.00215027717177,298.959632712255,299.602478785758
4.94,100,0,4306.44142575469,61.923903218941,2,1.00216101152172,1.00216101152172,298.819594036901,299.465346622531
4.95,100,0,4310.7384068081,61.99979130928,2,1.00217173949276,1.00217173949276,298.679707453993,299.328361970356
4.96,100,0,4315.03061322582,62.0756304367425,2,1.00218246108988,1.00218246108988,298.539972750835,299.191524625138
4.97,100,0,4319.31805192761,62.1514206356188,2,1.00219317631808,1.00219317631808,298.400389715126,299.054834383155
4.98,100,0,4323.60072981963,62.2271619401643,2,1.00220388518233,1.00220388518233,298.260958134963,298.918291041065
4.99,100,0,4327.87865379449,62.3028543845995,2,1.00221458768761,1.00221458768761,298.121677798835,298.781894395898
5,100,0,4332.15183073134,62.3784980031096,2,1.00222528383887,1.00222528383887,297.982548495626,298.64564424506
5.01,100,0,4336.42026749582,62.4540928298455,2,1.00223597364108,1.00223597364108,297.843570014613,298.509540386331
5.02,100,0,4340.68397094017,62.529638898923,2,1.00224665709918,1.00224665709918,297.704742145464,298.373582617863
5.03,100,0,4344.94294790323,62.6051362444234,2,1.00225733421809,1.00225733421809,297.566064678241,298.237770738182
5.04,100,0,4349.19720521046,62.6805849003932,2,1.00226800500276,1.00226800500276,297.427537403391,298.102104546181
5.05,100,0,4353.44674967402,62.7559849008446,2,1.0022786694581,1.0022786694581,297.289160111755,297.966583841125
5.06,100,0,4357.69158809277,62.8313362797552,2,1.00228932758901,1.00228932758901,297.150932594561,297.831208422649
5.07,100,0,4361.93172725231,62.906639071068,2,1.0022999794004,1.0022999794004,297.012854643419,297.695978090754
5.08,100,0,4366.16717392504,62.9818933086918,2,1.00231062489717,1.00231062489717,296.874926050333,297.560892645809
5.09,100,0,4370.39793487014,63.0570990265013,2,1.00232126408419,1.00232126408419,296.737146607685,297.425951888549
5.1,100,0,4374.62401683368,63.1322562583367,2,1.00233189696634,1.00233189696634,296.599516108247,297.291155620077
5.11,100,0,4378.84542654859,63.2073650380041,2,1.00234252354848,1.00234252354848,296.462034345172,297.156503641857
5.12,100,0,4383.06217073473,63.2824253992755,2,1.00235314383549,1.00235314383549,296.324701111993,297.021995755717
5.13,100,0,4387.27425609889,63.3574373758891,2,1.00236375783219,1.00236375783219,296.187516202629,296.88763176385
5.14,100,0,4391.48168933489,63.4324010015488,2,1.00237436554344,1.00237436554344,296.050479411373,296.753411468808
5.15,100,0,4395.68447712353,63.5073163099248,2,1.00238496697408,1.00238496697408,295.913590532906,296.619334673508
5.16,100,0,4399.88262613268,63.5821833346534,2,1.00239556212891,1.00239556212891,295.776849362282,296.485401181222
5.17,100,0,4404.04441180515,63.6569996151462,2,1.00240649071739,1.00240649071739,295.613558641857,296.324949926662
5.18,100,0,4408.15006093635,63.7317540113956,2,1.00241795647428,1.00241795647428,295.40777605302,296.122059197679
5.19,100,0,4412.21664934739,63.8064370062744,2,1.00242976770346,1.00242976770346,295.174639019902,295.891844824673
5.2,100,0,4416.25533713554,63.8810425041899,2,1.00244179934893,1.00244179934893,294.924012964959,295.6441582278
5.21,100,0,4420.27334431748,63.9555666154109,2,1.00245397063741,1.00245397063741,294.662261095216,295.385353631895
5.22,100,0,4424.27534819529,64.0300068733993,2,1.00246622934973,1.00246622934973,294.393490234682,295.119532100668
5.23,100,0,4428.26438389387,64.1043617304854,2,1.00247854169378,1.00247854169378,294.120352969693,294.849342527516
5.24,100,0,4432.24242501478,64.1786302327405,2,1.00249088578003,1.00249088578003,293.844564044023,294.57649729014
5.25,100,0,4436.21075830769,64.252811810224,2,1.00250324741491,1.00250324741491,293.567232898858,294.302104315716
5.26,100,0,4440.17022564035,64.3269061415465,2,1.00251561738597,1.00251561738597,293.289077944178,294.026881047768
5.27,100,0,4444.12138041679,64.4009130663368,2,1.00252798970817,1.00252798970817,293.010564731905,293.751292423932
5.28,100,0,4448.06458879415,64.474832528611,2,1.0025403604899,1.0025403604899,292.731995137124,293.475639931698
5.29,100,0,4452.00009524742,64.548664540098,2,1.00255272719884,1.00255272719884,292.453564974413,293.20011914412
5.3,100,0,4455.92806508539,64.6224091564614,2,1.00256508818628,1.00256508818628,292.175401259387,292.924856929479
5.31,100,0,4459.84861204996,64.6960664618686,2,1.00257744237852,1.00257744237852,291.897586331675,292.649935540872
5.32,100,0,4463.76181625175,64.7696365589646,2,1.00258978907641,1.00258978907641,291.62017348867,292.375408228431
5.33,100,0,4467.66773583829,64.8431195623516,2,1.00260212782511,1.00260212782511,291.343197128423,292.101309368326
5.34,100,0,4471.56641459307,64.9165155943431,2,1.00261445832924,1.00261445832924,291.066679337252,291.82766104141
5.35,100,0,4475.45788688995,64.9898247821966,2,1.00262678039767,1.00262678039767,290.79063417289,291.55447731056
5.36,100,0,4479.34218092676,65.0630472563088,2,1.00263909390742,1.00263909390742,290.515070452298,291.281767004744
5.37,100,0,4483.21932083806,65.1361831490362,2,1.00265139878021,1.00265139878021,290.239993568159,291.009535533074
5.38,100,0,4487.08932807709,65.2092325939242,2,1.00266369496701,1.00266369496701,289.965406673741,290.737786068104
5.39,100,0,4490.95222232065,65.2821957252031,2,1.00267598243798,1.00267598243798,289.691311456574,290.466520318468
5.4,100,0,4494.80802206226,65.3550726774575,2,1.00268826117595,1.00268826117595,289.417708644182,290.195739033963
5.41,100,0,4498.65674500142,65.4278635854104,2,1.00270053117199,1.00270053117199,289.144598335015,289.925442336033
5.42,100,0,4502.49840829934,65.5005685837807,2,1.00271279242267,1.00271279242267,288.87198021522,289.65562993427
5.43,100,0,4506.33302874709,65.5731878071909,2,1.00272504492812,1.00272504492812,288.599853700783,289.386301268368
5.44,100,0,4510.16062287641,65.6457213901054,2,1.00273728869086,1.00273728869086,288.328218030836,289.117455601308
5.45,100,0,4513.98120703269,65.7181694667912,2,1.00274952371495,1.00274952371495,288.057072328965,288.849092080591
5.46,100,0,4517.7947974232,65.7905321712915,2,1.00276175000547,1.00276175000547,287.786415643529,288.581209778508
5.47,100,0,4521.60141014895,65.8628096374087,2,1.00277396756821,1.00277396756821,287.516246974217,288.313807718657
5.48,100,0,4525.40106122585,65.9350019986935,2,1.00278617640937,1.00278617640937,287.246565289535,288.046884893416
5.49,100,0,4529.19376659869,66.007109388438,2,1.00279837653544,1.00279837653544,286.977369538356,287.780440275474
5.5,100,0,4532.97954215049,66.079131939671,2,1.00281056795311,1.00281056795311,286.708658657534,287.514472825435
5.51,100,0,4536.75840370874,66.1510697851555,2,1.00282275066918,1.00282275066918,286.44043157694,287.248981496855
5.52,100,0,4540.53036704956,66.2229230573869,2,1.00283492469055,1.00283492469055,286.172687222791,286.98396523956
5.53,100,0,4544.29544790055,66.2946918885927,2,1.00284709002413,1.00284709002413,285.905424519854,286.719423001849
5.54,100,0,4548.05366194272,66.3663764107317,2,1.00285924667688,1.00285924667688,285.638642392899,286.455353731949
5.55,100,0,4551.80502481178,66.4379767554941,2,1.00287139465576,1.00287139465576,285.37233976767,286.191756378981
5.56,100,0,4555.54955209914,66.509493054302,2,1.00288353396776,1.00288353396776,285.106515571512,285.928629893592
5.57,100,0,4559.28725935248,66.5809254383096,2,1.00289566461984,1.00289566461984,284.841168733803,285.665973228379
5.58,100,0,4563.01816207636,66.6522740384036,2,1.00290778661896,1.00290778661896,284.576298186226,285.403785338165
5.59,100,0,4566.74227573247,66.7235389852039,2,1.00291989997209,1.00291989997209,284.31190286295,285.142065180185
5.6,100,0,4570.45961574002,66.7947204090643,2,1.00293200468618,1.00293200468618,284.047981700751,284.880811714198
5.61,100,0,4574.17019747595,66.8658184400728,2,1.00294410076817,1.00294410076817,283.784533639084,284.620023902566
5.62,100,0,4577.87403627511,66.9368332080524,2,1.00295618822499,1.00295618822499,283.521557620138,284.359700710304
5.63,100,0,4581.57114743049,67.0077648425617,2,1.00296826706355,1.00296826706355,283.259052588854,284.099841105106
5.64,100,0,4585.26154619334,67.0786134728957,2,1.00298033729077,1.00298033729077,282.997017492952,283.840444057363
5.65,100,0,4588.94524777339,67.1493792280863,2,1.00299239891354,1.00299239891354,282.735451282934,283.581508540172
5.66,100,0,4592.62226733891,67.2200622369029,2,1.00300445193874,1.00300445193874,282.474352912087,283.323033529338
5.67,100,0,4596.29262001694,67.2906626278533,2,1.00301649637325,1.00301649637325,282.213721336481,283.065018003373
5.68,100,0,4599.95632089339,67.3611805291841,2,1.00302853222392,1.00302853222392,281.953555514969,282.807460943495
5.69,100,0,4603.61338501315,67.4316160688814,2,1.00304055949761,1.00304055949761,281.693854409176,282.550361333617
5.7,100,0,4607.26382738028,67.5019693746717,2,1.00305257820114,1.00305257820114,281.434616983498,282.293718160349
5.71,100,0,4610.90766295812,67.5722405740222,2,1.00306458834135,1.00306458834135,281.175842205092,282.037530412983
5.72,100,0,4614.54490666942,67.6424297941416,2,1.00307658992505,1.00307658992505,280.917529043868,281.781797083493
5.73,100,0,4618.17557339645,67.7125371619809,2,1.00308858295903,1.00308858295903,280.659676472483,281.526517166521
5.74,100,0,4621.79967798118,67.7825628042339,2,1.00310056745008,1.00310056745008,280.402283466329,281.271689659373
5.75,100,0,4625.41723522537,67.8525068473376,2,1.00311254340499,1.00311254340499,280.145349003531,281.017313562011
5.76,100,0,4629.02825989072,67.9223694174734,2,1.00312451083052,1.00312451083052,279.888872064933,280.763387877042
5.77,100,0,4632.63276669899,67.9921506405674,2,1.00313646973342,1.00313646973342,279.632851634092,280.509911609712
5.78,100,0,4636.23077033213,68.0618506422908,2,1.00314842012043,1.00314842012043,279.377286697268,280.256883767898
5.79,100,0,4639.8222854324,68.1314695480611,2,1.00316036199829,1.00316036199829,279.122176243419,280.0043033621
5.8,100,0,4643.40732660252,68.2010074830424,2,1.00317229537372,1.00317229537372,278.867519264189,279.75216940543
5.81,100,0,4646.98590840576,68.270464572146,2,1.00318422025341,1.00318422025341,278.6133147539,279.50048091361
5.82,100,0,4650.55804536612,68.3398409400311,2,1.00319613664408,1.00319613664408,278.359561709547,279.249236904957
5.83,100,0,4654.12375196839,68.4091367111056,2,1.0032080445524,1.0032080445524,278.106259130783,278.998436400377
5.84,100,0,4657.68304265834,68.4783520095264,2,1.00321994398506,1.00321994398506,277.85340601992,278.748078423362
5.85,100,0,4661.23593184279,68.5474869592003,2,1.0032318349487,1.0032318349487,277.601001381913,278.498161999973
5.86,100,0,4664.78243388977,68.6165416837845,2,1.00324371744999,1.00324371744999,277.349044224353,278.24868615884
5.87,100,0,4668.32256312863,68.6855163066873,2,1.00325559149556,1.00325559149556,277.097533557462,277.999649931151
5.88,100,0,4671.85633385016,68.7544109510685,2,1.00326745709204,1.00326745709204,276.84646839408,277.751052350642
5.89,100,0,4675.38376030673,68.8232257398403,2,1.00327931424606,1.00327931424606,276.595847749666,277.502892453593
5.9,100,0,4678.9048567124,68.8919607956678,2,1.00329116296422,1.00329116296422,276.345670642276,277.255169278816
5.91,100,0,4682.41963724303,68.9606162409697,2,1.00330300325311,1.00330300325311,276.095936092569,277.007881867653
5.92,100,0,4685.92811603642,69.0291921979186,2,1.00331483511932,1.00331483511932,275.846643123785,276.761029263959
5.93,100,0,4689.43030719243,69.097688788442,2,1.00332665856943,1.00332665856943,275.597790761749,276.514610514104
5.94,100,0,4692.92622477309,69.1661061342227,2,1.00333847361,1.00333847361,275.349378034859,276.268624666959
5.95,100,0,4696.41588280274,69.2344443566995,2,1.00335028024759,1.00335028024759,275.101403974074,276.023070773891
5.96,100,0,4699.89929526811,69.3027035770678,2,1.00336207848872,1.00336207848872,274.853867612909,275.777947888753
5.97,100,0,4703.37647611849,69.3708839162801,2,1.00337386833995,1.00337386833995,274.606767987432,275.53325506788
5.98,100,0,4706.8474392658,69.4389854950465,2,1.00338564980778,1.00338564980778,274.360104136246,275.288991370077
5.99,100,0,4710.31219858476,69.5070084338358,2,1.00339742289873,1.00339742289873,274.113875100489,275.045155856615
6,100,0,4713.77076791296,69.5749528528756,2,1.0034091876193,1.0034091876193,273.868079923824,274.801747591222
6.01,100,0,4717.223161051,69.6428188721531,2,1.00342094397597,1.00342094397597,273.622717652429,274.558765640071
6.02,100,0,4720.66939176261,69.7106066114155,2,1.00343269197524,1.00343269197524,273.377787334991,274.316209071784
6.03,100,0,4724.10947377475,69.7783161901709,2,1.00344443162355,1.00344443162355,273.133288022701,274.074076957411
6.04,100,0,4727.54342077774,69.8459477276888,2,1.00345616292738,1.00345616292738,272.889218769239,273.832368370431
6.05,100,0,4730.9712464254,69.9135013430006,2,1.00346788589317,1.00346788589317,272.645578630774,273.591082386742
6.06,100,0,4734.39296433508,69.9809771549,2,1.00347960052735,1.00347960052735,272.402366665954,273.350218084656
6.07,100,0,4737.8085880879,70.0483752819442,2,1.00349130683636,1.00349130683636,272.159581935891,273.109774544884
6.08,100,0,4741.21813122873,70.1156958424537,2,1.00350300482661,1.00350300482661,271.917223504169,272.869750850542
6.09,100,0,4744.62160726643,70.1829389545135,2,1.0035146945045,1.0035146945045,271.675290436819,272.630146087127
6.1,100,0,4748.01902967387,70.2501047359735,2,1.00352637587644,1.00352637587644,271.433781802324,272.390959342524
6.11,100,0,4751.41041188808,70.3171933044489,2,1.00353804894881,1.00353804894881,271.192696671606,272.152189706992
6.12,100,0,4754.79576731036,70.3842047773208,2,1.00354971372799,1.00354971372799,270.952034118019,271.913836273155
6.13,100,0,4758.17510930642,70.4511392717373,2,1.00356137022034,1.00356137022034,270.711793217343,271.675898136002
6.14,100,0,4761.54845120642,70.5179969046132,2,1.00357301843222,1.00357301843222,270.471973047774,271.438374392872
6.15,100,0,4764.91580630515,70.5847777926314,2,1.00358465836997,1.00358465836997,270.232572689919,271.201264143451
6.16,100,0,4768.27718786212,70.6514820522428,3,1.30004483362893,1.30004483362893,1002.29061246864,1303.02273253463
6.17,100,0,4481.80833201368,70.8648269038471,3,1.22984017719363,1.22984017719363,842.389050158249,1036.0038987126
6.18,100,0,4265.62709441147,71.0351919107723,3,1.1697091780073,1.1697091780073,726.449479451809,849.734623473406
6.19,100,0,4097.40383385068,71.1757791809112,3,1.1183880786929,1.1183880786929,643.321157896498,719.482713762353
6.2,100,0,3964.52049594836,71.2949844720682,3,1.07329276971376,1.07329276971376,577.673069827823,620.012329104554
6.21,100,0,3862.05910969131,71.396488647736,3,1.03354663167353,1.03354663167353,520.360718383158,537.817067740133
6.22,100,0,3784.68406236174,71.4844777690554,3,1.00754844680333,1.00754844680333,473.435428741847,477.009130890517
6.23,100,0,3727.60117240918,71.5628539321578,3,1.002,1.002,433.907712026046,434.775527450098
6.24,100,0,3687.28207644455,71.634404810526,3,1.0011138134295,1.0011138134295,405.402161616674,405.85370398863
6.25,100,0,3659.48356575974,71.7008186864776,3,0.999092311846542,0.999092311846542,380.536626315317,380.191217727654
6.26,100,0,3641.55316729488,71.7631200752437,3,0.998149719994794,0.998149719994794,363.279440345169,362.607271660395
6.27,100,0,3630.59813044387,71.8225887235365,3,0.998492821569151,0.998492821569151,351.185118519341,350.655819883473
6.28,100,0,3624.1875005003,71.8802243940309,3,0.998723063179545,0.998723063179545,343.544307689189,343.105623313243
6.29,100,0,3620.67138970858,71.9366853855369,3,0.998880739902352,0.998880739902352,338.603051257946,338.224066373731
6.3,100,0,3619.03114193104,71.9923775937827,3,0.998991092148414,0.998991092148414,335.354473473724,335.016131712371
6.31,100,0,3618.67853769536,72.0475338035566,3,0.999068813340801,0.999068813340801,332.939838069832,332.629808934306
6.32,100,0,3619.22222976132,72.1023083880509,3,0.999123747979962,0.999123747979962,331.366442642514,331.076082127775
6.33,100,0,3620.33211796414,72.1568333628522,3,0.999164250864127,0.999164250864127,330.343202794999,330.067118748721
6.34,100,0,3621.80039776799,72.2111918299955,3,0.999195594827173,0.999195594827173,329.665949626972,329.400764631787
6.35,100,0,3623.49600312927,72.2654361946598,3,0.999221110410212,0.999221110410212,329.207482346919,328.951066066039
6.36,100,0,3625.33589673422,72.3195996558504,3,0.999242909358704,0.999242909358704,328.887880044345,328.638882108327
6.37,100,0,3627.26730972637,72.3737033112349,3,0.999262334140569,0.999262334140569,328.656646325424,328.414207537955
6.38,100,0,3629.2566369664,72.4277605980179,3,0.999280239768933,0.999280239768933,328.481755666141,328.245327561781
6.39,100,0,3631.28244442901,72.4817800887001,3,0.999297171548645,0.999297171548645,328.342844164774,328.112075472096
6.4,100,0,3633.33104509294,72.5357672596274,3,0.99931347763328,0.99931347763328,328.226939116833,328.001603981769
6.41,100,0,3635.39369082575,72.5897256134114,3,0.99932938049861,0.99932938049861,328.125764957071,327.905717420183
6.42,100,0,3637.4647859573,72.6436573929115,3,0.999345022417206,0.999345022417206,328.034036868647,327.819181928104
6.43,100,0,3639.54074895409,72.69756403616,3,0.999360494433261,0.999360494433261,327.948376983848,327.738652171164
6.44,100,0,3641.61928616984,72.7514464665849,3,0.99937585484494,0.99937585484494,327.866624666414,327.661988301122
6.45,100,0,3643.69892804446,72.8053052783457,3,0.999391141004484,0.999391141004484,327.787396946771,327.587820641523
6.46,100,0,3645.77873266649,72.8591408547844,3,0.999406376857821,0.999406376857821,327.70980806917,327.515271943181
6.47,100,0,3647.85809617067,72.9129534441841,3,0.999421577765215,0.999421577765215,327.63329039392,327.4437800139
6.48,100,0,3649.93663138936,72.9667432082539,3,0.999436753585424,0.999436753585424,327.557479937256,327.372984361113
6.49,100,0,3652.01409014086,73.0205102531772,3,0.999451910650022,0.999451910650022,327.482143170845,327.302653695865
6.5,100,0,3654.09031343449,73.0742546495058,3,0.999467053027992,0.999467053027992,327.407130178798,327.232639540155
6.51,100,0,3656.16519954591,73.1279764449141,3,0.999482183336148,0.999482183336148,327.332344663974,327.16284652129
6.52,100,0,3658.2386835386,73.1816756723801,3,0.999497303258796,0.999497303258796,327.257724732132,327.093213340376
6.53,100,0,3660.31072412057,73.2353523554355,3,0.999512413881117,0.999512413881117,327.183230574316,327.023700572756
6.54,100,0,3662.38129520438,73.2890065115374,3,0.999527515903158,0.999527515903158,327.108836566862,326.954282843648
6.55,100,0,3664.45038048475,73.3426381542342,3,0.999542609777271,0.999542609777271,327.034526202022,326.884943807242
6.56,100,0,3666.51796995284,73.3962472945581,3,0.999557695796414,0.999557695796414,326.960288833245,326.815672923088
6.57,100,0,3668.58405765452,73.44983394192,3,0.999572774150927,0.999572774150927,326.886117584469,326.746463385334
6.58,100,0,3670.64864024784,73.5033981046862,3,0.999587844965045,0.999587844965045,326.81200800643,326.677310791846
6.59,100,0,3672.71171607433,73.5569397905489,3,0.999602908320403,0.999602908320403,326.73795721262,326.608212288402
6.6,100,0,3674.77328456077,73.6104590067656,3,0.999617964271159,0.999617964271159,326.663963323411,326.539166018097
6.61,100,0,3676.83334583372,73.6639557603123,3,0.999633012853751,0.999633012853751,326.590025108238,326.47017076693
6.62,100,0,3678.89190047085,73.7174300579837,3,0.999648054093173,0.999648054093173,326.516141755161,326.401225735557
6.63,100,0,3680.94894934069,73.7708819064566,3,0.999663088007028,0.999663088007028,326.442312722383,326.332330392214
6.64,100,0,3683.00449349905,73.8243113123313,3,0.999678114608143,0.999678114608143,326.368537642533,326.263484377904
6.65,100,0,3685.05853412219,73.8777182821585,3,0.999693133906253,0.999693133906253,326.294816260924,326.194687445248
6.66,100,0,3687.11107246369,73.9311028224565,3,0.999708145909098,0.999708145909098,326.22114839571,326.125939419012
6.67,100,0,3689.16210982648,73.9844649397224,3,0.999723150623116,0.999723150623116,326.147533912163,326.057240170627
6.68,100,0,3691.21164754482,74.0378046404388,3,0.999738148053911,0.999738148053911,326.07397270606,325.988589601738
6.69,100,0,3693.25968697259,74.0911219310795,3,0.999753138206535,0.999753138206535,326.00046469294,325.919987633555
6.7,100,0,3695.3062294758,74.1444168181114,3,0.999768121085689,0.999768121085689,325.92700980116,325.851434199982
6.71,100,0,3697.35127642761,74.1976893079971,3,0.99978309669584,0.99978309669584,325.853607967402,325.782929243161
6.72,100,0,3699.39482920522,74.2509394071963,3,0.999798065041301,0.999798065041301,325.780259133769,325.714472710596
6.73,100,0,3701.43688918777,74.3041671221659,3,0.999813026126288,0.999813026126288,325.706963245897,325.646064553284
6.74,100,0,3703.47745775506,74.3573724593615,3,0.999827979954948,0.999827979954948,325.633720251739,325.577704724511
6.75,100,0,3705.51653628665,74.4105554252368,3,0.999842926531383,0.999842926531383,325.560530100771,325.509393179063
6.76,100,0,3707.5541261613,74.4637160262446,3,0.999857865859664,0.999857865859664,325.487392743481,325.441129872724
6.77,100,0,3709.59022875664,74.5168542688365,3,0.999872797943843,0.999872797943843,325.414308131035,325.372914761938
6.78,100,0,3711.62484544889,74.569970159463,3,0.999887722787951,0.999887722787951,325.34127621506,325.304747803602
6.79,100,0,3713.65797761275,74.623063704574,3,0.999902640396012,0.999902640396012,325.268296947506,325.236628954925
6.8,100,0,3715.68962662129,74.6761349106182,3,0.999917550772038,0.999917550772038,325.195370280553,325.168558173337
6.81,100,0,3717.71979384586,74.7291837840438,3,0.999932453920035,0.999932453920035,325.122496166553,325.100535416428
6.82,100,0,3719.74848065611,74.7822103312978,3,0.999947349844001,0.999947349844001,325.049674557989,325.032560641916
6.83,100,0,3721.7756884199,74.8352145588267,3,0.999962238547929,0.999962238547929,324.976905407452,324.964633807614
6.84,100,0,3723.80141850334,74.8881964730761,3,0.999977120035805,0.999977120035805,324.904188667624,324.89675487142
6.85,100,0,3725.82567227075,74.9411560804908,3,0.999991994311612,0.999991994311612,324.831524291266,324.828923791304
6.86,100,0,3727.84845108467,74.9940933875149,3,1.00000686137933,1.00000686137933,324.758912231213,324.7611405253
6.87,100,0,3729.86975630583,75.0470084005916,3,1.00002172124292,1.00002172124292,324.686352440368,324.693405031503
6.88,100,0,3731.88958929321,75.0999011261634,3,1.00003657390637,1.00003657390637,324.613844871698,324.625717268066
6.89,100,0,3733.90795140397,75.1527715706721,3,1.00005141937362,1.00005141937362,324.541389478235,324.558077193197
6.9,100,0,3735.9248439935,75.2056197405587,3,1.00006625764865,1.00006625764865,324.468986213074,324.49048476516
6.91,100,0,3737.94026841541,75.2584456422634,3,1.0000810887354,1.0000810887354,324.396635029366,324.422939942268
6.92,100,0,3739.95422602154,75.3112492822256,3,1.00009591263782,1.00009591263782,324.324335880327,324.355442682891
6.93,100,0,3741.96671816194,75.3640306668842,3,1.00011072935986,1.00011072935986,324.252088719232,324.287992945449
6.94,100,0,3743.97774618488,75.416789802677,3,1.00012553890546,1.00012553890546,324.179893499414,324.220590688416
6.95,100,0,3745.98731143689,75.4695266960414,3,1.00014034127855,1.00014034127855,324.107750174264,324.153235870313
6.96,100,0,3747.9954152627,75.5222413534138,3,1.00015513648307,1.00015513648307,324.035658697238,324.085928449718
6.97,100,0,3750.00205900531,75.5749337812299,3,1.00016992452295,1.00016992452295,323.963619021845,324.018668385259
6.98,100,0,3752.00724400594,75.6276039859249,3,1.00018470540209,1.00018470540209,323.891631101653,323.951455635611
6.99,100,0,3754.01097160406,75.6802519739331,3,1.00019947912444,1.00019947912444,323.819694890292,323.884290159504
7,100,0,3756.01324313738,75.7328777516879,3,1.00021424569389,1.00021424569389,323.747810341448,323.817171915719
7.01,100,0,3758.01405994187,75.7854813256223,3,1.00022900511435,1.00022900511435,323.675977408866,323.750100863086
7.02,100,0,3760.01342335176,75.8380627021684,3,1.00024375738974,1.00024375738974,323.60419604635,323.683076960488
7.03,100,0,3762.01133469951,75.8906218877577,3,1.00025850252395,1.00025850252395,323.53246620776,323.616100166856
7.04,100,0,3764.00779531587,75.9431588888208,3,1.00027324052088,1.00027324052088,323.460787847016,323.549170441173
7.05,100,0,3766.00280652984,75.9956737117877,3,1.00028797138443,1.00028797138443,323.389160918094,323.482287742472
7.06,100,0,3767.99636966868,76.0481663630877,3,1.00030269511847,1.00030269511847,323.31758537503,323.415452029837
7.07,100,0,3769.98848605795,76.1006368491495,3,1.00031741172689,1.00031741172689,323.246061171917,323.348663262402
7.08,100,0,3771.97915702144,76.1530851764008,3,1.00033212121357,1.00033212121357,323.174588262903,323.281921399352
7.09,100,0,3773.96838388125,76.2055113512689,3,1.00034682358238,1.00034682358238,323.103166602198,323.215226399919
7.1,100,0,3775.95616795775,76.2579153801802,3,1.00036151883721,1.00036151883721,323.031796144066,323.148578223389
7.11,100,0,3777.94251056959,76.3102972695606,3,1.0003762069819,1.0003762069819,322.960476842829,323.081976829095
7.12,100,0,3779.92741303372,76.3626570258352,3,1.00039088802032,1.00039088802032,322.889208652867,323.015422176421
7.13,100,0,3781.91087666535,76.4149946554284,3,1.00040556195634,1.00040556195634,322.817991528615,322.9489142248
7.14,100,0,3783.89290277802,76.4673101647639,3,1.00042022879379,1.00042022879379,322.746825424568,322.882452933718
7.15,100,0,3785.87349268354,76.5196035602648,3,1.00043488853654,1.00043488853654,322.675710295276,322.816038262705
7.16,100,0,3787.85264769202,76.5718748483534,3,1.00044954118843,1.00044954118843,322.604646095346,322.749670171344
7.17,100,0,3789.8303691119,76.6241240354516,3,1.00046418675329,1.00046418675329,322.533632779441,322.683348619267
7.18,100,0,3791.80665824989,76.6763511279802,3,1.00047882523496,1.00047882523496,322.462670302281,322.617073566156
7.19,100,0,3793.78151641103,76.7285561323597,3,1.00049345663728,1.00049345663728,322.391758618643,322.550844971739
7.2,100,0,3795.75494489867,76.7807390550098,3,1.00050808096407,1.00050808096407,322.320897683361,322.484662795797
7.21,100,0,3797.72694501447,76.8328999023495,3,1.00052269821916,1.00052269821916,322.250087451323,322.418526998157
7.22,100,0,3799.69751805841,76.8850386807972,3,1.00053730840636,1.00053730840636,322.179327877474,322.352437538697
7.23,100,0,3801.66666532879,76.9371553967706,3,1.00055191152948,1.00055191152948,322.108618916816,322.286394377343
7.24,100,0,3803.63438812224,76.9892500566868,3,1.00056650759235,1.00056650759235,322.037960524406,322.220397474069
7.25,100,0,3805.60068773372,77.0413226669621,3,1.00058109659877,1.00058109659877,321.967352655358,322.1544467889
7.26,100,0,3807.56556545651,77.0933732340124,3,1.00059567855253,1.00059567855253,321.89679526484,322.088542281908
7.27,100,0,3809.52902258223,77.1454017642528,3,1.00061025345744,1.00061025345744,321.826288308076,322.022683913212
7.28,100,0,3811.49106040084,77.1974082640977,3,1.0006248213173,1.0006248213173,321.755831740347,321.956871642983
7.29,100,0,3813.45168020063,77.249392739961,3,1.00063938213588,1.00063938213588,321.685425516987,321.891105431437
7.3,100,0,3815.41088326825,77.3013551982558,3,1.00065393591699,1.00065393591699,321.615069593389,321.82538523884
7.31,100,0,3817.36867088868,77.3532956453948,3,1.00066848266439,1.00066848266439,321.544763924997,321.759711025505
7.32,100,0,3819.32504434526,77.4052140877899,3,1.00068302238187,1.00068302238187,321.474508467314,321.694082751796
7.33,100,0,3821.28000491969,77.4571105318522,3,1.0006975550732,1.0006975550732,321.404303175895,321.628500378122
7.34,100,0,3823.23355389199,77.5089849839926,3,1.00071208074214,1.00071208074214,321.33414800635,321.562963864939
7.35,100,0,3825.18569254058,77.5608374506211,3,1.00072659939248,1.00072659939248,321.264042914347,321.497473172754
7.36,100,0,3827.13642214223,77.6126679381471,3,1.00074111102796,1.00074111102796,321.193987855607,321.432028262121
7.37,100,0,3829.08574397206,77.6644764529794,3,1.00075561565235,1.00075561565235,321.123982785903,321.36662909364
7.38,100,0,3831.03365930357,77.7162630015261,3,1.00077011326939,1.00077011326939,321.054027661067,321.30127562796
7.39,100,0,3832.98016940864,77.7680275901949,3,1.00078460388284,1.00078460388284,320.984122436983,321.235967825776
7.4,100,0,3834.92527555749,77.8197702253928,3,1.00079908749644,1.00079908749644,320.914267069589,321.170705647833
7.41,100,0,3836.86897901876,77.871490913526,3,1.00081356411393,1.00081356411393,320.844461514878,321.10548905492
7.42,100,0,3838.81128105944,77.9231896610004,3,1.00082803373906,1.00082803373906,320.774705728898,321.040318007878
7.43,100,0,3840.75218294491,77.974866474221,3,1.00084249637554,1.00084249637554,320.704999667751,320.975192467589
7.44,100,0,3842.69168593894,78.0265213595924,3,1.00085695202712,1.00085695202712,320.63534328759,320.910112394987
7.45,100,0,3844.6297913037,78.0781543235186,3,1.00087140069751,1.00087140069751,320.565736544625,320.845077751049
7.46,100,0,3846.56650029972,78.1297653724029,3,1.00088584239045,1.00088584239045,320.49617939512,320.780088496804
7.47,100,0,3848.50181418595,78.1813545126481,3,1.00090027710963,1.00090027710963,320.42667179539,320.715144593324
7.48,100,0,3850.43573421973,78.2329217506563,3,1.00091470485879,1.00091470485879,320.357213701807,320.650246001729
7.49,100,0,3852.36826165681,78.2844670928291,3,1.00092912564163,1.00092912564163,320.287805070792,320.585392683183
7.5,100,0,3854.29939775133,78.3359905455675,3,1.00094353946184,1.00094353946184,320.218445858824,320.520584598902
7.51,100,0,3856.22914375584,78.3874921152719,3,1.00095794632314,1.00095794632314,320.149136022433,320.455821710143
7.52,100,0,3858.15750092129,78.4389718083421,3,1.00097234622923,1.00097234622923,320.079875518202,320.391103978213
7.53,100,0,3860.08447049708,78.4904296311775,3,1.00098673918378,1.00098673918378,320.010664302768,320.326431364465
7.54,100,0,3862.0110855109,78.5418651525749,3,1.00100055004939,1.00100055004939,319.925389443758,320.245490807967
7.55,100,0,3863.98301361079,78.5932588180185,3,1.00100715931011,1.00100715931011,319.691920782439,320.013901476823
7.56,100,0,3866.0100682498,78.6446058574615,3,1.0010130784253,1.0010130784253,319.526397963702,319.850103263793
7.57,100,0,3868.06792268242,78.6959161521474,3,1.00101860341977,1.00101860341977,319.399544526812,319.724885995141
7.58,100,0,3870.14273098216,78.747195329377,3,1.00102390273494,1.00102390273494,319.294737286805,319.621664041565
7.59,100,0,3872.22660344935,78.7984465990908,3,1.0010290723235,1.0010290723235,319.202521680262,319.531004160915
7.6,100,0,3874.31504022938,78.849671795514,3,1.00103416689606,1.00103416689606,319.117513598966,319.447534367482
7.61,100,0,3876.40547288701,78.900871969069,3,1.00103921767351,1.00103921767351,319.036643845167,319.368192363948
7.62,100,0,3878.49643447254,78.9520477231942,3,1.00104424248593,1.00104424248593,318.958161305041,319.291230968309
7.63,100,0,3880.58708672983,79.003199406213,3,1.00104925152349,1.00104925152349,318.881066097278,319.215652541691
7.64,100,0,3882.6769505146,79.0543272207312,3,1.00105425061425,1.00105425061425,318.804786862963,319.140887005339
7.65,100,0,3884.76575195718,79.1054312860626,3,1.00105924309389,1.00105924309389,318.72899687278,319.066608361539
7.66,100,0,3886.85333460871,79.1565116738783,3,1.00106423087298,1.00106423087298,318.653509150854,318.992630053075
7.67,100,0,3888.93960923352,79.2075684285784,3,1.00106921504671,1.00106921504671,318.578216616998,318.91884523976
7.68,100,0,3891.0245250956,79.2586015789431,3,1.00107419624342,1.00107419624342,318.503057898273,318.845192686584
7.69,100,0,3893.10805352636,79.3096111447993,3,1.00107917482394,1.00107917482394,318.427997788122,318.771637266573
7.7,100,0,3895.19017851424,79.3605971408388,3,1.00108415099576,1.00108415099576,318.353016069827,318.698158809202
7.71,100,0,3897.27089131194,79.4115595788062,3,1.00108912487837,1.00108912487837,318.278101119628,318.624745717798
7.72,100,0,3899.35018734399,79.4624984687533,3,1.00109409654077,1.00109409654077,318.203246243012,318.551391313987
7.73,100,0,3901.42806443219,79.5134138197591,3,1.00109906602291,1.00109906602291,318.128447574966,318.478091742616
7.74,100,0,3903.50452177664,79.5643056403433,3,1.00110403334809,1.00110403334809,318.053702875756,318.404844770213
7.75,100,0,3905.57955937022,79.6151739387035,3,1.00110899852999,1.00110899852999,317.979010839852,318.33164909544
7.76,100,0,3907.65317766198,79.6660187228519,3,1.00111396157677,1.00111396157677,317.904370699056,318.258503953103
7.77,100,0,3909.72537736341,79.7168400006941,3,1.00111892249343,1.00111892249343,317.829781994447,318.185408886603
7.78,100,0,3911.79615933693,79.7676377800738,3,1.00112388128311,1.00112388128311,317.755244445233,318.112363617075
7.79,100,0,3913.86552453168,79.8184120687995,3,1.0011288379479,1.0011288379479,317.680757873295,318.039367968101
7.8,100,0,3915.93347394642,79.8691628746589,3,1.00113379248928,1.00113379248928,317.606322159739,317.966421822352
7.81,100,0,3918.00000860821,79.919890205428,3,1.00113874490838,1.00113874490838,317.531937219862,317.89352509662
7.82,100,0,3920.06512956007,79.970594068876,3,1.00114369520613,1.00114369520613,317.457602988711,317.820677727398
7.83,100,0,3922.12883785384,80.0212744727681,3,1.00114864338332,1.00114864338332,317.383319412768,317.747879662588
7.84,100,0,3924.19113454608,80.0719314248671,3,1.0011535894407,1.0011535894407,317.309086445138,317.675130856698
7.85,100,0,3926.25202069568,80.1225649329346,3,1.00115853337896,1.00115853337896,317.234904042769,317.602431268074
7.86,100,0,3928.31149736248,80.1731750047313,3,1.00116347519878,1.00116347519878,317.160772164847,317.529780857288
7.87,100,0,3930.36956560651,80.2237616480177,3,1.00116841490082,1.00116841490082,317.086690771874,317.457179586225
7.88,100,0,3932.42622648745,80.2743248705539,3,1.00117335248574,1.00117335248574,317.012659825123,317.384627417539
7.89,100,0,3934.48148106444,80.3248646800998,3,1.00117828795418,1.00117828795418,316.938679286331,317.312124314346
7.9,100,0,3936.5353303959,80.3753810844151,3,1.00118322130678,1.00118322130678,316.864749117516,317.23967024004
7.91,100,0,3938.58777553941,80.4258740912598,3,1.0011881525442,1.0011881525442,316.790869280878,317.167265158194
7.92,100,0,3940.6388175517,80.4763437083936,3,1.00119308166708,1.00119308166708,316.717039738729,317.094909032491
7.93,100,0,3942.68845748862,80.5267899435762,3,1.00119800867605,1.00119800867605,316.643260453464,317.0226018267
7.94,100,0,3944.73669640507,80.5772128045673,3,1.00120293357176,1.00120293357176,316.569531387542,316.950343504646
7.95,100,0,3946.78353535507,80.6276122991266,3,1.00120785635486,1.00120785635486,316.495852503468,316.878134030202
7.96,100,0,3948.8289753917,80.6779884350138,3,1.00121277702599,1.00121277702599,316.422223763791,316.805973367284
7.97,100,0,3950.87301756709,80.7283412199886,3,1.00121769558578,1.00121769558578,316.348645131098,316.733861479841
7.98,100,0,3952.91566293248,80.7786706618105,3,1.00122261203487,1.00122261203487,316.27511656801,316.661798331857
7.99,100,0,3954.95691253815,80.8289767682393,3,1.00122752637392,1.00122752637392,316.201638037187,316.589783887354
8,100,0,3956.99676743346,80.8792595470345,3,1.00123243860355,1.00123243860355,316.128209501316,316.517818110378
8.01,100,0,3959.03522866685,80.9295190059558,3,1.00123734872442,1.00123734872442,316.054830923124,316.445900965014
8.02,100,0,3961.07229728583,80.9797551527626,3,1.00124225673716,1.00124225673716,315.981502265367,316.374032415373
8.03,100,0,3963.10797433697,81.0299679952144,3,1.0012471626424,1.0012471626424,315.908223490834,316.3022124256
8.04,100,0,3965.14226086593,81.080157541071,3,1.0012520664408,1.0012520664408,315.834994562345,316.230440959868
8.05,100,0,3967.17515791744,81.1303237980916,3,1.001256968133,1.001256968133,315.761815442755,316.158717982384
8.06,100,0,3969.20666653531,81.1804667740357,3,1.00126186771962,1.00126186771962,315.688686094953,316.087043457385
8.07,100,0,3971.23678776243,81.2305864766629,3,1.00126676520131,1.00126676520131,315.615606481855,316.015417349138
8.08,100,0,3973.26552264076,81.2806829137323,3,1.00127166057872,1.00127166057872,315.542576566412,315.943839621939
8.09,100,0,3975.29287221133,81.3307560930035,3,1.00127655385248,1.00127655385248,315.469596311607,315.872310240117
8.1,100,0,3977.31883751429,81.3808060222357,3,1.00128144502322,1.00128144502322,315.396665680456,315.800829168033
8.11,100,0,3979.34341958883,81.4308327091882,3,1.0012863340916,1.0012863340916,315.323784636005,315.729396370074
8.12,100,0,3981.36661947325,81.4808361616202,3,1.00129122105824,1.00129122105824,315.250953141335,315.658011810662
8.13,100,0,3983.38843820492,81.530816387291,3,1.00129610592379,1.00129610592379,315.178171159556,315.586675454246
8.14,100,0,3985.4088768203,81.5807733939597,3,1.00130098868889,1.00130098868889,315.105438653812,315.515387265309
8.15,100,0,3987.42793635494,81.6307071893853,3,1.00130586935417,1.00130586935417,315.032755587278,315.444147208361
8.16,100,0,3989.44561784347,81.6806177813271,3,1.00131074792028,1.00131074792028,314.960121923162,315.372955247944
8.17,100,0,3991.46192231961,81.7305051775439,3,1.00131562438784,1.00131562438784,314.887537624702,315.301811348629
8.18,100,0,3993.47685081618,81.7803693857947,3,1.00132049875751,1.00132049875751,314.815002655168,315.23071547502
8.19,100,0,3995.49040436507,81.8302104138386,3,1.00132537102991,1.00132537102991,314.742516977865,315.15966759175
8.2,100,0,3997.50258399728,81.8800282694342,3,1.00133024120569,1.00133024120569,314.670080556126,315.088667663481
8.21,100,0,3999.5133907429,81.9298229603405,3,1.00133510928549,1.00133510928549,314.597693353319,315.017715654907
8.22,100,0,4001.52339335095,81.979594523427,3,1.00133996871186,1.00133996871186,314.525967743127,314.94742269897
8.23,100,0,4003.53356283455,82.0293432191798,3,1.00134480840751,1.00134480840751,314.455937534518,314.878820523106
8.24,100,0,4005.54332612812,82.0790693076661,3,1.00134963517956,1.00134963517956,314.386966451798,314.811274161716
8.25,100,0,4007.55231268499,82.1287729463106,3,1.0013544534238,1.0013544534238,314.318643961888,314.744373925365
8.26,100,0,4009.56030216612,82.1784542315859,3,1.00135926575787,1.00135926575787,314.250725796453,314.677876047413
8.27,100,0,4011.567163629,82.22811322369,3,1.00136407374155,1.00136407374155,314.183066523564,314.611635394649
8.28,100,0,4013.57281936707,82.2777499612204,3,1.00136887830493,1.00136887830493,314.115579500315,314.545565502334
8.29,100,0,4015.57722339434,82.3273644699043,3,1.00137368000302,1.00137368000302,314.048213072952,314.479614823234
8.3,100,0,4017.58034863633,82.3769567677961,3,1.00137847916729,1.00137847916729,313.980936424225,314.413752604013
8.31,100,0,4019.58217929984,82.4265268683739,3,1.00138327599596,1.00138327599596,313.913731152522,314.347960481626
8.32,100,0,4021.58270632495,82.476074782384,3,1.00138807060768,1.00138807060768,313.846586258485,314.28222748019
8.33,100,0,4023.58192467278,82.5256005189421,3,1.00139286307364,1.00139286307364,313.779495158559,314.216547030632
8.34,100,0,4025.57983170699,82.5751040861895,3,1.00139765343669,1.00139765343669,313.712453904937,314.150915194268
8.35,100,0,4027.57642622739,82.6245854916854,3,1.00140244172269,1.00140244172269,313.645460123969,314.08532960338
8.36,100,0,4029.57170789269,82.6740447426408,3,1.0014072279474,1.0014072279474,313.578512382687,314.019788829015
8.37,100,0,4031.56567687539,82.723481846059,3,1.00141201212049,1.00141201212049,313.511609810574,313.95429200354
8.38,100,0,4033.5583336554,82.7728968088186,3,1.00141679424801,1.00141679424801,313.444751873607,313.888838595131
8.39,100,0,4035.54967889654,82.8222896377243,3,1.00142157433384,1.00142157433384,313.377938239203,313.823428272994
8.4,100,0,4037.53971337259,82.8716603395365,3,1.00142635238054,1.00142635238054,313.311168695423,313.758060826741
8.41,100,0,4039.52843792297,82.9210089209895,3,1.0014311283899,1.0014311283899,313.244443102649,313.692736118152
8.42,100,0,4041.51585342619,82.9703353888018,3,1.00143590236324,1.00143590236324,313.17776136463,313.627454052288
8.43,100,0,4043.50196078395,83.0196397496833,3,1.0014406743016,1.0014406743016,313.111123411143,313.562214560186
8.44,100,0,4045.48676091152,83.0689220103385,3,1.00144544420584,1.00144544420584,313.044529187601,313.497017588483
8.45,100,0,4047.47025473207,83.1181821774693,3,1.00145021207672,1.00145021207672,312.977978648816,313.4318630932
8.46,100,0,4049.45244317318,83.1674202577758,3,1.00145497791495,1.00145497791495,312.911471755263,313.366751036002
8.47,100,0,4051.43332716477,83.2166362579581,3,1.00145974172121,1.00145974172121,312.845008470827,313.301681381963
8.48,100,0,4053.4129076379,83.2658301847159,3,1.00146450349612,1.00146450349612,312.778588761457,313.236654098209
8.49,100,0,4055.39118552393,83.3150020447491,3,1.00146926324032,1.00146926324032,312.712212594354,313.17166915312
8.5,100,0,4057.36816175416,83.3641518447582,3,1.00147402095444,1.00147402095444,312.645879937485,313.106726515833
8.51,100,0,4059.34383725951,83.413279591444,3,1.0014787766391,1.0014787766391,312.579590759285,313.041826155958
8.52,100,0,4061.31821297039,83.4623852915082,3,1.0014835302949,1.0014835302949,312.513345028485,312.976968043395
8.53,100,0,4063.29128981654,83.5114689516529,3,1.00148828192246,1.00148828192246,312.447142714003,312.912152148228
8.54,100,0,4065.26306872705,83.5605305785808,3,1.00149303152239,1.00149303152239,312.380983784879,312.847378440665
8.55,100,0,4067.23355063026,83.6095701789956,3,1.00149777909531,1.00149777909531,312.314868210238,312.782646890996
8.56,100,0,4069.20273645378,83.6585877596013,3,1.00150252464181,1.00150252464181,312.248795959266,312.717957469572
8.57,100,0,4071.17062712447,83.7075833271027,3,1.00150726816253,1.00150726816253,312.182767001198,312.653310146788
8.58,100,0,4073.13722356841,83.7565568882054,3,1.00151200965805,1.00151200965805,312.116781305303,312.588704893076
8.59,100,0,4075.10252671092,83.8055084496155,3,1.001516749129,1.001516749129,312.050838840887,312.524141678901
8.6,100,0,4077.06653747655,83.8544380180399,3,1.00152148657598,1.00152148657598,311.984939577283,312.459620474756
8.61,100,0,4079.02925678909,83.9033456001861,3,1.0015262219996,1.0015262219996,311.919083483854,312.395141251161
8.62,100,0,4080.99068557154,83.9522312027624,3,1.00153095540046,1.00153095540046,311.853270529989,312.33070397866
8.63,100,0,4082.95082474614,84.0010948324775,3,1.00153568677919,1.00153568677919,311.787500685104,312.266308627824
8.64,100,0,4084.90967523435,84.0499364960411,3,1.00154041613639,1.00154041613639,311.721773918641,312.201955169249
8.65,100,0,4086.86723795689,84.0987562001633,3,1.00154514347266,1.00154514347266,311.656090200064,312.137643573552
8.66,100,0,4088.82351383368,84.147553951555,3,1.00154986878862,1.00154986878862,311.590449498869,312.073373811379
8.67,100,0,4090.77850378388,84.1963297569277,3,1.00155459208487,1.00155459208487,311.52485178457,312.009145853394
8.68,100,0,4092.73220872588,84.2450836229937,3,1.00155931336202,1.00155931336202,311.459297026712,311.94495967029
8.69,100,0,4094.68462957733,84.2938155564657,3,1.00156403262068,1.00156403262068,311.393785194859,311.88081523278
8.7,100,0,4096.63576725508,84.3425255640573,3,1.00156874986145,1.00156874986145,311.328316258606,311.816712511604
8.71,100,0,4098.58562267523,84.3912136524827,3,1.00157346508496,1.00157346508496,311.262890187569,311.752651477522
8.72,100,0,4100.53419675312,84.4398798284565,3,1.00157817829179,1.00157817829179,311.19750695139,311.688632101321
8.73,100,0,4102.48149040332,84.4885240986945,3,1.00158288948257,1.00158288948257,311.132166519737,311.624654353811
8.74,100,0,4104.42750453964,84.5371464699125,3,1.0015875986579,1.0015875986579,311.066868862301,311.560718205823
8.75,100,0,4106.37224007513,84.5857469488274,3,1.00159230581838,1.00159230581838,311.001613948798,311.496823628214
8.76,100,0,4108.31569792207,84.6343255421565,3,1.00159701096462,1.00159701096462,310.936401748971,311.432970591864
8.77,100,0,4110.25787899201,84.682882256618,3,1.00160171409724,1.00160171409724,310.871232232585,311.369159067676
8.78,100,0,4112.1987841957,84.7314170989305,3,1.00160641521683,1.00160641521683,310.80610536943,311.305389026578
8.79,100,0,4114.13841444316,84.7799300758132,3,1.001611114324,1.001611114324,310.741021129324,311.241660439521
8.8,100,0,4116.07677064365,84.8284211939863,3,1.00161581141937,1.00161581141937,310.675979482104,311.177973277476
8.81,100,0,4118.01385370567,84.8768904601701,3,1.00162050650353,1.00162050650353,310.610980397638,311.114327511442
8.82,100,0,4119.94966453695,84.925337881086,3,1.0016251995771,1.0016251995771,310.546023845814,311.050723112439
8.83,100,0,4121.88420404448,84.9737634634558,3,1.00162989064068,1.00162989064068,310.481109796546,310.987160051512
8.84,100,0,4123.81747313451,85.0221672140019,3,1.00163457969488,1.00163457969488,310.416238219773,310.923638299728
8.85,100,0,4125.74947271251,85.0705491394475,3,1.0016392667403,1.0016392667403,310.351409085458,310.860157828178
8.86,100,0,4127.68020368321,85.1189092465162,3,1.00164395177755,1.00164395177755,310.286622363588,310.796718607973
8.87,100,0,4129.60966695059,85.1672475419324,3,1.00164863480724,1.00164863480724,310.221878024177,310.733320610254
8.88,100,0,4131.53786341789,85.2155640324211,3,1.00165331582996,1.00165331582996,310.157176037261,310.66996380618
8.89,100,0,4133.46479398757,85.2638587247078,3,1.00165799484634,1.00165799484634,310.092516372901,310.606648166935
8.9,100,0,4135.39045956136,85.3121316255186,3,1.00166267185697,1.00166267185697,310.027899001181,310.543373663724
8.91,100,0,4137.31486104025,85.3603827415804,3,1.00166734686245,1.00166734686245,309.963323892214,310.48014026778
8.92,100,0,4139.23799932448,85.4086120796206,3,1.0016720198634,1.0016720198634,309.898791016131,310.416947950354
8.93,100,0,4141.15987531352,85.4568196463672,3,1.00167669086042,1.00167669086042,309.834300343092,310.353796682722
8.94,100,0,4143.08048990612,85.5050054485488,3,1.00168135985411,1.00168135985411,309.769851843281,310.290686436185
8.95,100,0,4144.99984400028,85.5531694928946,3,1.00168602684509,1.00168602684509,309.705445486903,310.227617182063
8.96,100,0,4146.91793849325,85.6013117861345,3,1.00169069183394,1.00169069183394,309.641081244192,310.164588891705
8.97,100,0,4148.83477428154,85.6494323349987,3,1.00169535482129,1.00169535482129,309.576759085401,310.101601536477
8.98,100,0,4150.75035226091,85.6975311462185,3,1.00170001580773,1.00170001580773,309.512478980812,310.03865508777
8.99,100,0,4152.6646733264,85.7456082265253,3,1.00170467479387,1.00170467479387,309.448240900728,309.975749517001
9,100,0,4154.57773837229,85.7936635826513,3,1.00170933178032,1.00170933178032,309.384044815477,309.912884795604
9.01,100,0,4156.48954829212,85.8416972213294,3,1.00171398676767,1.00171398676767,309.319890695414,309.850060895043
9.02,100,0,4158.4001039787,85.889709149293,3,1.00171863975654,1.00171863975654,309.255778510911,309.787277786798
9.03,100,0,4160.30940632409,85.9376993732759,3,1.00172329074752,1.00172329074752,309.191708232372,309.724535442378
9.04,100,0,4162.21745621963,85.9856679000127,3,1.00172793974122,1.00172793974122,309.127679830221,309.66183383331
9.05,100,0,4164.12425455591,86.0336147362386,3,1.00173258673824,1.00173258673824,309.063693274906,309.599172931147
9.06,100,0,4166.02980222279,86.0815398886892,3,1.0017372317392,1.0017372317392,308.9997485369,309.536552707462
9.07,100,0,4167.93410010938,86.1294433641009,3,1.00174187474469,1.00174187474469,308.9358455867,309.473973133856
9.08,100,0,4169.83714910408,86.1773251692104,3,1.00174651575531,1.00174651575531,308.871984394826,309.411434181945
9.09,100,0,4171.73895009454,86.2251853107553,3,1.00175115477167,1.00175115477167,308.808164931822,309.348935823373
9.1,100,0,4173.63950396768,86.2730237954735,3,1.00175579179438,1.00175579179438,308.744387168257,309.286478029806
9.11,100,0,4175.53881160969,86.3208406301036,3,1.00176042682403,1.00176042682403,308.680651074724,309.224060772934
9.12,100,0,4177.43687390603,86.3686358213847,3,1.00176505986123,1.00176505986123,308.616956621838,309.161684024466
9.13,100,0,4179.33369174142,86.4164093760565,3,1.00176969090658,1.00176969090658,308.55330378024,309.099347756136
9.14,100,0,4181.22926599986,86.4641613008593,3,1.00177431996069,1.00177431996069,308.489692520593,309.037051939701
9.15,100,0,4183.12359756463,86.511891602534,3,1.00177894702416,1.00177894702416,308.426122813585,308.974796546939
9.16,100,0,4185.01668731826,86.5596002878218,3,1.00178357209759,1.00178357209759,308.362594629928,308.912581549651
9.17,100,0,4186.90853614257,86.6072873634646,3,1.00178819518159,1.00178819518159,308.299107940355,308.850406919662
9.18,100,0,4188.79914491864,86.6549528362052,3,1.00179281627675,1.00179281627675,308.235662715626,308.788272628817
9.19,100,0,4190.68851452684,86.7025967127863,3,1.00179743538368,1.00179743538368,308.172258926524,308.726178648987
9.2,100,0,4192.5766458468,86.7502189999517,3,1.00180205250298,1.00180205250298,308.108896543854,308.664124952062
9.21,100,0,4194.46353975743,86.7978197044454,3,1.00180666763526,1.00180666763526,308.045575538446,308.602111509956
9.22,100,0,4196.34919713693,86.8453988330121,3,1.00181128078111,1.00181128078111,307.982295881154,308.540138294607
9.23,100,0,4198.23361886276,86.8929563923971,3,1.00181589194114,1.00181589194114,307.919057542855,308.478205277972
9.24,100,0,4200.11680581166,86.9404923893461,3,1.00182050111596,1.00182050111596,307.855860494448,308.416312432032
9.25,100,0,4201.99875885966,86.9880068306055,3,1.00182510830615,1.00182510830615,307.792704706859,308.354459728792
9.26,100,0,4203.87947888206,87.035499722922,3,1.00182971351233,1.00182971351233,307.729590151034,308.292647140277
9.27,100,0,4205.75896675345,87.082971073043,3,1.00183431673509,1.00183431673509,307.666516797945,308.230874638536
9.28,100,0,4207.63722334769,87.1304208877164,3,1.00183891797505,1.00183891797505,307.603484618585,308.169142195637
9.29,100,0,4209.51424953792,87.1778491736907,3,1.00184351723279,1.00184351723279,307.540493583973,308.107449783675
9.3,100,0,4211.39004619658,87.2252559377147,3,1.00184811450892,1.00184811450892,307.477543665151,308.045797374765
9.31,100,0,4213.26461419539,87.2726411865381,3,1.00185270980404,1.00185270980404,307.414634833184,307.984184941044
9.32,100,0,4215.13795440533,87.3200049269107,3,1.00185730311875,1.00185730311875,307.351767059157,307.922612454671
9.33,100,0,4217.01006769669,87.3673471655832,3,1.00186189445366,1.00186189445366,307.288940314184,307.861079887827
9.34,100,0,4218.88095493905,87.4146679093065,3,1.00186648380937,1.00186648380937,307.226154569399,307.799587212717
9.35,100,0,4220.75061700125,87.4619671648322,3,1.00187107118647,1.00187107118647,307.163409795961,307.738134401567
9.36,100,0,4222.61905475144,87.5092449389124,3,1.00187565658556,1.00187565658556,307.10070596505,307.676721426624
9.37,100,0,4224.48626905705,87.5565012382997,3,1.00188024000725,1.00188024000725,307.038043047871,307.615348260158
9.38,100,0,4226.3522607848,87.6037360697472,3,1.00188482145214,1.00188482145214,306.975421015651,307.554014874463
9.39,100,0,4228.2170308007,87.6509494400085,3,1.00188940092083,1.00188940092083,306.912839839643,307.492721241851
9.4,100,0,4230.08057997005,87.6981413558376,3,1.00189397841392,1.00189397841392,306.850299491118,307.431467334659
9.41,100,0,4231.94290915744,87.7453118239892,3,1.00189855393201,1.00189855393201,306.787799941377,307.370253125247
9.42,100,0,4233.80401922676,87.7924608512185,3,1.00190312747569,1.00190312747569,306.725341161736,307.309078585992
9.43,100,0,4235.66391104117,87.839588444281,3,1.00190769904558,1.00190769904558,306.662923123542,307.247943689298
9.44,100,0,4237.52258546316,87.8866946099328,3,1.00191226864226,1.00191226864226,306.60054579816,307.186848407589
9.45,100,0,4239.38004335447,87.9337793549306,3,1.00191683626634,1.00191683626634,306.53820915698,307.125792713312
9.46,100,0,4241.23628557618,87.9808426860314,3,1.00192140191842,1.00192140191842,306.475913171415,307.064776578933
9.47,100,0,4243.09131298864,88.0278846099929,3,1.0019259655991,1.0019259655991,306.413657812899,307.003799976942
9.48,100,0,4244.94512645149,88.074905133573,3,1.00193052730898,1.00193052730898,306.351443052893,306.942862879852
9.49,100,0,4246.79772682369,88.1219042635305,3,1.00193508704866,1.00193508704866,306.289268862877,306.881965260196
9.5,100,0,4248.64911496348,88.1688820066242,3,1.00193964481873,1.00193964481873,306.227135214356,306.821107090529
9.51,100,0,4250.4992917284,88.2158383696137,3,1.0019442006198,1.0019442006198,306.165042078857,306.760288343427
9.52,100,0,4252.3482579753,88.2627733592591,3,1.00194875445246,1.00194875445246,306.102989427931,306.699508991491
9.53,100,0,4254.19601456033,88.3096869823208,3,1.00195330631732,1.00195330631732,306.040977233151,306.63876900734
9.54,100,0,4256.04256233892,88.3565792455598,3,1.00195785621498,1.00195785621498,305.979005466112,306.578068363616
9.55,100,0,4257.88790216583,88.4034501557374,3,1.00196240414602,1.00196240414602,305.917074098435,306.517407032984
9.56,100,0,4259.7320348951,88.4502997196157,3,1.00196695011106,1.00196695011106,305.855183101759,306.456784988129
9.57,100,0,4261.57496138009,88.497127943957,3,1.00197149411069,1.00197149411069,305.793332447749,306.396202201757
9.58,100,0,4263.41668247345,88.5439348355241,3,1.0019760361455,1.0019760361455,305.731522108093,306.335658646599
9.59,100,0,4265.25719902714,88.5907204010803,3,1.00198057621611,1.00198057621611,305.669752054501,306.275154295404
9.6,100,0,4267.09651189243,88.6374846473893,3,1.0019851143231,1.0019851143231,305.608022258704,306.214689120944
9.61,100,0,4268.9346219199,88.6842275812155,3,1.00198965046708,1.00198965046708,305.546332692459,306.154263096014
9.62,100,0,4270.77152995941,88.7309492093234,3,1.00199418464863,1.00199418464863,305.484683327543,306.093876193428
9.63,100,0,4272.60723686016,88.7776495384782,3,1.00199871686837,1.00199871686837,305.423074135757,306.033528386022
9.64,100,0,4274.44174347065,88.8243285754455,3,1.00200324712689,1.00200324712689,305.361505088923,305.973219646655
9.65,100,0,4276.27505063867,88.8709863269913,3,1.00200777542479,1.00200777542479,305.299976158888,305.912949948207
9.66,100,0,4278.10715921134,88.9176227998821,3,1.00201230176266,1.00201230176266,305.23848731752,305.852719263579
9.67,100,0,4279.93807003508,88.9642380008849,3,1.0020168261411,1.0020168261411,305.177038536708,305.792527565692
9.68,100,0,4281.76778395563,89.0108319367669,3,1.00202134856071,1.00202134856071,305.115629788368,305.732374827492
9.69,100,0,4283.59630181803,89.0574046142961,3,1.00202586902209,1.00202586902209,305.054261044435,305.672261021942
9.7,100,0,4285.42362446665,89.1039560402407,3,1.00203038752584,1.00203038752584,304.992932276865,305.61218612203
9.71,100,0,4287.24975274516,89.1504862213693,3,1.00203490407255,1.00203490407255,304.931643457642,305.552150100764
9.72,100,0,4289.07468749654,89.1969951644512,3,1.00203941866282,1.00203941866282,304.870394558767,305.492152931173
9.73,100,0,4290.8984295631,89.2434828762558,3,1.00204393129725,1.00204393129725,304.809185552266,305.432194586307
9.74,100,0,4292.72097978645,89.2899493635532,3,1.00204844197644,1.00204844197644,304.748016410188,305.372275039239
9.75,100,0,4294.54233900753,89.3363946331138,3,1.00205295070098,1.00205295070098,304.686887104601,305.312394263061
9.76,100,0,4296.36250806659,89.3828186917084,3,1.00205745747146,1.00205745747146,304.625797607599,305.252552230887
9.77,100,0,4298.18148780319,89.4292215461084,3,1.0020619622885,1.0020619622885,304.564747891297,305.192748915854
9.78,100,0,4299.99927905623,89.4756032030853,3,1.00206646515267,1.00206646515267,304.503737927832,305.132984291118
9.79,100,0,4301.81588266391,89.5219636694114,3,1.00207096606459,1.00207096606459,304.442767689364,305.073258329857
9.8,100,0,4303.63129946375,89.5683029518591,3,1.00207546502484,1.00207546502484,304.381837148073,305.01357100527
9.81,100,0,4305.4455302926,89.6146210572014,3,1.00207996203402,1.00207996203402,304.320946276165,304.953922290578
9.82,100,0,4307.25857598663,89.6609179922118,3,1.00208445709274,1.00208445709274,304.260095045865,304.894312159021
9.83,100,0,4309.07043738132,89.7071937636638,3,1.00208895020158,1.00208895020158,304.199283429421,304.834740583861
9.84,100,0,4310.8811153115,89.7534483783318,3,1.00209344136114,1.00209344136114,304.138511399103,304.775207538383
9.85,100,0,4312.69061061128,89.7996818429903,3,1.00209793057203,1.00209793057203,304.077778927206,304.715712995891
9.86,100,0,4314.49892411414,89.8458941644143,3,1.00210241783482,1.00210241783482,304.017085986041,304.656256929709
9.87,100,0,4316.30605665286,89.8920853493792,3,1.00210690315013,1.00210690315013,303.956432547948,304.596839313186
9.88,100,0,4318.11200905954,89.9382554046608,3,1.00211138651855,1.00211138651855,303.895818585285,304.537460119688
9.89,100,0,4319.91678216562,89.9844043370353,3,1.00211586794066,1.00211586794066,303.835244070431,304.478119322603
9.9,100,0,4321.72037680187,90.0305321532793,3,1.00212034741708,1.00212034741708,303.774708975792,304.418816895343
9.91,100,0,4323.52279379837,90.0766388601698,3,1.00212482494839,1.00212482494839,303.71421327379,304.359552811334
9.92,100,0,4325.32403398455,90.1227244644841,3,1.00212930053519,1.00212930053519,303.653756936874,304.300327044031
9.93,100,0,4327.12409818914,90.168788973,3,1.00213377417807,1.00213377417807,303.593339937509,304.241139566903
9.94,100,0,4328.92298724023,90.2148323924957,3,1.00213824587764,1.00213824587764,303.532962248191,304.181990353446
9.95,100,0,4330.72070196523,90.2608547297497,3,1.00214271563448,1.00214271563448,303.472623841428,304.12287937717
9.96,100,0,4332.51724319086,90.3068559915409,3,1.0021471834492,1.0021471834492,303.412324689758,304.063806611614
9.97,100,0,4334.31261174321,90.3528361846486,3,1.00215164932238,1.00215164932238,303.352064765735,304.00477203033
9.98,100,0,4336.10680844768,90.3987953158525,3,1.00215611325462,1.00215611325462,303.291844041938,303.945775606895
9.99,100,0,4337.89983412899,90.4447333919327,3,1.00216057524652,1.00216057524652,303.231662490967,303.886817314907
10,100,0,4339.69168961123,90.4906504196695,3,1.00216503529867,1.00216503529867,303.171520085445,303.827897127982
10.01,100,0,4341.48237571779,90.5365464058438,3,1.00216949341167,1.00216949341167,303.111416798014,303.76901501976
10.02,100,0,4343.27189327141,90.5824213572367,3,1.00217394958611,1.00217394958611,303.051352601339,303.710170963898
10.03,100,0,4345.06024309417,90.6282752806298,3,1.00217840382259,1.00217840382259,302.991327468109,303.651364934076
10.04,100,0,4346.84742600749,90.6741081828049,3,1.0021828561217,1.0021828561217,302.93134137103,303.592596903996
10.05,100,0,4348.6334428321,90.7199200705444,3,1.00218730648403,1.00218730648403,302.871394282835,303.533866847378
10.06,100,0,4350.4182943881,90.7657109506308,3,1.00219175491018,1.00219175491018,302.811486176275,303.475174737962
10.07,100,0,4352.20198149491,90.8114808298471,3,1.00219620140075,1.00219620140075,302.751617024124,303.416520549512
10.08,100,0,4353.9845049713,90.8572297149767,3,1.00220064595633,1.00220064595633,302.691786799176,303.35790425581
10.09,100,0,4355.76586563537,90.9029576128033,3,1.00220508857751,1.00220508857751,302.631995474251,303.299325830661
10.1,100,0,4357.54606430457,90.9486645301108,3,1.00220952926489,1.00220952926489,302.572243022185,303.240785247885
10.11,100,0,4359.32510179568,90.9943504736838,3,1.00221396801905,1.00221396801905,302.512529415839,303.182282481329
10.12,100,0,4361.10297892484,91.0400154503068,3,1.00221840484061,1.00221840484061,302.452854628094,303.123817504856
10.13,100,0,4362.87969650752,91.085659466765,3,1.00222283973014,1.00222283973014,302.393218631855,303.065390292355
10.14,100,0,4364.65525535853,91.1312825298439,3,1.00222727268825,1.00222727268825,302.333621400045,303.007000817728
10.15,100,0,4366.42965629203,91.1768846463291,3,1.00223170371552,1.00223170371552,302.274062905609,302.948649054901
10.16,100,0,4368.20290012152,91.2224658230069,3,1.00223613281255,1.00223613281255,302.214543121518,302.890334977823
10.17,100,0,4369.97498765986,91.2680260666635,3,1.00224055997994,1.00224055997994,302.155062020759,302.832058560458
10.18,100,0,4371.74591971924,91.3135653840859,3,1.00224498521827,1.00224498521827,302.095619576341,302.773819776795
10.19,100,0,4373.5156971112,91.3590837820611,3,1.00224940852815,1.00224940852815,302.036215761299,302.715618600842
10.2,100,0,4375.28432064664,91.4045812673765,3,1.00225382991016,1.00225382991016,301.976850548684,302.657455006626
10.21,100,0,4377.05179113578,91.4500578468199,3,1.0022582493649,1.0022582493649,301.91752391157,302.599328968194
10.22,100,0,4378.81810938823,91.4955135271795,3,1.00226266689295,1.00226266689295,301.858235823055,302.541240459617
10.23,100,0,4380.58327621291,91.5409483152435,3,1.00226708249493,1.00226708249493,301.798986256253,302.483189454981
10.24,100,0,4382.34729241811,91.5863622178007,3,1.0022714961714,1.0022714961714,301.739775184306,302.425175928397
10.25,100,0,4384.11015881147,91.6317552416402,3,1.00227590792298,1.00227590792298,301.680602580371,302.367199853994
10.26,100,0,4385.87187619997,91.6771273935514,3,1.00228031775025,1.00228031775025,301.621468417631,302.309261205921
10.27,100,0,4387.63244538997,91.7224786803238,3,1.00228472565381,1.00228472565381,301.562372669285,302.251359958347
10.28,100,0,4389.39186718714,91.7678091087476,3,1.00228913163425,1.00228913163425,301.503315308561,302.193496085463
10.29,100,0,4391.15014239655,91.813118685613,3,1.00229353569215,1.00229353569215,301.444296308698,302.135669561477
10.3,100,0,4392.90727182258,91.8584074177106,3,1.00229793782812,1.00229793782812,301.385315642965,302.077880360621
10.31,100,0,4394.663256269,91.9036753118313,3,1.00230233804275,1.00230233804275,301.326373284648,302.020128457144
10.32,100,0,4396.41809653892,91.9489223747663,3,1.00230673633662,1.00230673633662,301.267469207054,301.962413825316
10.33,100,0,4398.1717934348,91.9941486133072,3,1.00231113271034,1.00231113271034,301.208603383514,301.904736439428
10.34,100,0,4399.92434775847,92.0393540342458,3,1.00231552716448,1.00231552716448,301.149775787376,301.84709627379
10.35,100,0,4401.66291658042,92.0845379370599,3,1.00232005741225,1.00232005741225,301.079875399046,301.778397995646
10.36,100,0,4403.37895893542,92.1296970545984,3,1.00232481345058,1.00232481345058,300.991650841648,301.691400280038
10.37,100,0,4405.07976590449,92.1748285485161,3,1.00232971529308,1.00232971529308,300.891565820848,301.592557503299
10.38,100,0,4406.77012808601,92.2199305947385,3,1.00233471042789,1.00233471042789,300.783862074008,301.486105293333
10.39,100,0,4408.45314160143,92.2650020236456,3,1.00233976493566,1.00233976493566,300.671277911133,301.374778024351
10.4,100,0,4410.13080844827,92.310042088162,3,1.00234485689811,1.00234485689811,300.555581551128,301.260341379794
10.41,100,0,4411.80442392406,92.3550503141068,3,1.00234997214604,1.00234997214604,300.437915169458,301.143935901721
10.42,100,0,4413.4748266949,92.4000264036071,3,1.00235510151578,1.00235510151578,300.319016822186,301.026298593923
10.43,100,0,4415.14256025511,92.4449701727396,3,1.00236023907834,1.00236023907834,300.19936361298,300.907905882273
10.44,100,0,4416.80797721398,92.4898815112574,3,1.00236538099594,1.00236538099594,300.07926407548,300.789065864
10.45,100,0,4418.4713066816,92.5347603565689,3,1.00237052478341,1.00237052478341,299.958917805059,300.669977853721
10.46,100,0,4420.13269782963,92.5796066769185,3,1.00237566883083,1.00237566883083,299.838453965093,300.550770834463
10.47,100,0,4421.79224806305,92.6244204605093,3,1.00238081209492,1.00238081209492,299.717956162022,300.431528297117
10.48,100,0,4423.45002124787,92.6692017084673,3,1.00238595389939,1.00238595389939,299.597478521646,300.312304293772
10.49,100,0,4425.10605951017,92.7139504302858,3,1.00239109380578,1.00239109380578,299.477056083569,300.193133817343
10.5,100,0,4426.76039087733,92.7586666408768,3,1.0023962315298,1.0023962315298,299.356711525011,300.074039515823
10.51,100,0,4428.41303422893,92.8033503586598,3,1.00240136688715,1.00240136688715,299.236459512196,299.955036037497
10.52,100,0,4430.06400250603,92.8480016043236,3,1.00240649975844,1.00240649975844,299.116309517726,299.836132844327
10.53,100,0,4431.71330479241,92.8926204000227,3,1.0024116300664,1.0024116300664,298.996267645563,299.717336034359
10.54,100,0,4433.36094766498,92.9372067688572,3,1.00241675776111,1.00241675776111,298.876337813741,299.598649522764
10.55,100,0,4435.00693607033,92.9817607345335,3,1.00242188281043,1.00242188281043,298.756522521197,299.480075807594
10.56,100,0,4436.65127389398,93.0262823211457,3,1.00242700519379,1.00242700519379,298.636823345189,299.361616466505
10.57,100,0,4438.29396433028,93.0707715530323,3,1.00243212489814,1.00243212489814,298.517241264104,299.243272479108
10.58,100,0,4439.9350101228,93.1152284546838,3,1.00243724191532,1.00243724191532,298.397776867051,299.125044436269
10.59,100,0,4441.57441372073,93.1596530506824,3,1.00244235624033,1.00244235624033,298.278430490002,299.006932676066
10.6,100,0,4443.21217738058,93.2040453656627,3,1.00244746787029,1.00244746787029,298.159202304268,298.888937372139
10.61,100,0,4444.84830323239,93.248405424286,3,1.00245257680363,1.00245257680363,298.040092374029,298.771058591137
10.62,100,0,4446.48279332291,93.2927332512243,3,1.00245768303968,1.00245768303968,297.921100693746,298.653296330084
10.63,100,0,4448.11564964363,93.3370288711488,3,1.00246278657835,1.00246278657835,297.80222721251,298.535650540691
10.64,100,0,4449.74687414916,93.3812923087232,3,1.00246788741991,1.00246788741991,297.683471849899,298.418121145193
10.65,100,0,4451.37646876912,93.4255235885992,3,1.00247298556488,1.00247298556488,297.564834506309,298.30070804666
10.66,100,0,4453.00443541599,93.4697227354132,3,1.00247808101395,1.00247808101395,297.446315069671,298.183411135715
10.67,100,0,4454.63077599014,93.5138897737848,3,1.0024831737679,1.0024831737679,297.327913419848,298.066230294918
10.68,100,0,4456.25549238322,93.558024728315,3,1.00248826382759,1.00248826382759,297.209629431495,297.949165401622
10.69,100,0,4457.87858648027,93.6021276235859,3,1.00249335119392,1.00249335119392,297.09146297592,297.832216329834
10.7,100,0,4459.50006016119,93.6461984841599,3,1.00249843586781,1.00249843586781,296.973413922312,297.715382951441
10.71,100,0,4461.11991530165,93.6902373345793,3,1.00250351785021,1.00250351785021,296.855482138529,297.598665136996
10.72,100,0,4462.73815377368,93.7342441993663,3,1.00250859714209,1.00250859714209,296.737667491621,297.48206275624
10.73,100,0,4464.35477744613,93.7782191030228,3,1.0025136737444,1.0025136737444,296.619969848175,297.365575678447
10.74,100,0,4465.96978818486,93.8221620700302,3,1.00251874765813,1.00251874765813,296.502389074525,297.249203772636
10.75,100,0,4467.58318785297,93.8660731248494,3,1.00252381888425,1.00252381888425,296.384925036911,297.132946907726
10.76,100,0,4469.19497831089,93.909952291921,3,1.00252888742374,1.00252888742374,296.267577601565,297.016804952623
10.77,100,0,4470.80516141647,93.9537995956649,3,1.00253395327758,1.00253395327758,296.150346634775,296.900777776287
10.78,100,0,4472.41373902501,93.9976150604807,3,1.00253901644675,1.00253901644675,296.033232002929,296.784865247771
10.79,100,0,4474.02071298932,94.0413987107472,3,1.00254407693224,1.00254407693224,295.916233572536,296.669067236244
10.8,100,0,4475.62608515973,94.0851505708232,3,1.00254913473503,1.00254913473503,295.799351210248,296.553383611018
10.81,100,0,4477.22985738409,94.1288706650467,3,1.0025541898561,1.0025541898561,295.682584782869,296.437814241547
10.82,100,0,4478.83203150784,94.1725590177353,3,1.00255924229643,1.00255924229643,295.565934157363,296.322358997444
10.83,100,0,4480.43260937396,94.2162156531862,3,1.00256429205702,1.00256429205702,295.44939920086,296.207017748481
10.84,100,0,4482.031592823,94.2598405956762,3,1.00256933913883,1.00256933913883,295.332979780655,296.091790364593
10.85,100,0,4483.62898369309,94.3034338694619,3,1.00257438354286,1.00257438354286,295.216675764215,295.976676715879
10.86,100,0,4485.22478381994,94.3469954987791,3,1.00257942527008,1.00257942527008,295.100487019175,295.861676672606
10.87,100,0,4486.81899503685,94.3905255078438,3,1.00258446432149,1.00258446432149,294.984413413344,295.746790105206
10.88,100,0,4488.41161917469,94.4340239208512,3,1.00258950069806,1.00258950069806,294.8684548147,295.632016884279
10.89,100,0,4490.00265806195,94.4774907619763,3,1.00259453440079,1.00259453440079,294.752611091395,295.517356880593
10.9,100,0,4491.59211352471,94.5209260553741,3,1.00259956543064,1.00259956543064,294.636882111751,295.40280996508
10.91,100,0,4493.17998738664,94.564329825179,3,1.00260459378861,1.00260459378861,294.521267744266,295.288376008846
10.92,100,0,4494.76628146902,94.6077020955052,3,1.00260961947568,1.00260961947568,294.405767857603,295.174054883156
10.93,100,0,4496.35099759076,94.6510428904468,3,1.00261464249283,1.00261464249283,294.290382320601,295.059846459447
10.94,100,0,4497.93413756834,94.6943522340776,3,1.00261966284104,1.00261966284104,294.175111002269,294.945750609321
10.95,100,0,4499.5157032159,94.7376301504513,3,1.00262468052131,1.00262468052131,294.059953771787,294.831767204549
10.96,100,0,4501.09569634517,94.7808766636012,3,1.0026296955346,1.0026296955346,293.944910498507,294.717896117065
10.97,100,0,4502.67411876551,94.8240917975407,3,1.00263470788192,1.00263470788192,293.82998105195,294.604137218971
10.98,100,0,4504.25097228392,94.8672755762629,3,1.00263971756423,1.00263971756423,293.715165301808,294.490490382535
10.99,100,0,4505.826258705,94.9104280237409,3,1.00264472458252,1.00264472458252,293.600463117941,294.376955480188
11,100,0,4507.39997983103,94.9535491639276,3,1.00264972893778,1.00264972893778,293.485874370382,294.26353238453
11.01,100,0,4508.97213746187,94.9966390207559,3,1.00265473063098,1.00265473063098,293.371398929333,294.150220968325
11.02,100,0,4510.54273339507,95.0396976181386,3,1.00265972966312,1.00265972966312,293.257036665164,294.037021104502
11.03,100,0,4512.1117694258,95.0827249799684,3,1.00266472603518,1.00266472603518,293.142787448415,293.923932666153
11.04,100,0,4513.67924734688,95.1257211301182,3,1.00266971974813,1.00266971974813,293.028651149794,293.810955526536
11.05,100,0,4515.24516894877,95.1686860924407,3,1.00267471080296,1.00267471080296,292.91462764018,293.698089559073
11.06,100,0,4516.80953601961,95.2116198907686,3,1.00267969920065,1.00267969920065,292.800716790615,293.58533463735
11.07,100,0,4518.37235034518,95.2545225489147,3,1.0026846849422,1.0026846849422,292.686918472317,293.472690635117
11.08,100,0,4519.93361370891,95.297394090672,3,1.00268966802857,1.00268966802857,292.573232556663,293.360157426287
11.09,100,0,4521.49332789193,95.3402345398134,3,1.00269464846076,1.00269464846076,292.459658915207,293.247734884937
11.1,100,0,4523.05149467301,95.3830439200919,3,1.00269962623974,1.00269962623974,292.346197419661,293.135422885304
11.11,100,0,4524.6081158286,95.4258222552407,3,1.0027046013665,1.0027046013665,292.232847941911,293.023221301792
11.12,100,0,4526.16319313281,95.468569568973,3,1.00270957384203,1.00270957384203,292.119610354009,292.911130008968
11.13,100,0,4527.71672835745,95.5112858849823,3,1.0027145436673,1.0027145436673,292.006484528169,292.799148881556
11.14,100,0,4529.26872327201,95.5539712269423,3,1.0027195108433,1.0027195108433,291.893470336777,292.687277794446
11.15,100,0,4530.81917964364,95.5966256185066,3,1.00272447537101,1.00272447537101,291.780567652381,292.57551662269
11.16,100,0,4532.36809923722,95.6392490833095,3,1.00272943725142,1.00272943725142,291.667776347699,292.4638652415
11.17,100,0,4533.91548381527,95.681841644965,3,1.0027343964855,1.0027343964855,291.555096295611,292.35232352625
11.18,100,0,4535.46133513806,95.7244033270676,3,1.00273935307424,1.00273935307424,291.442527369164,292.240891352478
11.19,100,0,4537.00565496351,95.7669341531923,3,1.00274430701863,1.00274430701863,291.330069441569,292.129568595875
11.2,100,0,4538.54844504728,95.8094341468938,3,1.00274925831964,1.00274925831964,291.217722386205,292.018355132301
11.21,100,0,4540.0897071427,95.8519033317078,3,1.00275420697826,1.00275420697826,291.105486076612,291.907250837773
11.22,100,0,4541.62944300084,95.8943417311497,3,1.00275915299547,1.00275915299547,290.993360386497,291.79625558847
11.23,100,0,4543.16765437047,95.9367493687157,3,1.00276409637226,1.00276409637226,290.881345189731,291.685369260727
11.24,100,0,4544.70434299807,95.979126267882,3,1.0027690371096,1.0027690371096,290.769440360348,291.574591731043
11.25,100,0,4546.23951062784,96.0214724521055,3,1.00277397520848,1.00277397520848,290.657645772545,291.463922876074
11.26,100,0,4547.77315900171,96.0637879448232,3,1.00277891066989,1.00277891066989,290.545961300685,291.353362572637
11.27,100,0,4549.30528985933,96.1060727694529,3,1.0027838434948,1.0027838434948,290.434386819294,291.242910697706
11.28,100,0,4550.83590493807,96.1483269493924,3,1.0027887736842,1.0027887736842,290.322922203057,291.132567128417
11.29,100,0,4552.36500597306,96.1905505080203,3,1.00279370123907,1.00279370123907,290.211567326828,291.022331742061
11.3,100,0,4553.89259469712,96.2327434686955,3,1.00279862616039,1.00279862616039,290.100322065618,290.91220441609
11.31,100,0,4555.41867284086,96.2749058547573,3,1.00280354844915,1.00280354844915,289.989186294605,290.802185028113
11.32,100,0,4556.94324213259,96.3170376895258,3,1.00280846810633,1.00280846810633,289.878159889126,290.692273455897
11.33,100,0,4558.46630429838,96.3591389963014,3,1.00281338513292,1.00281338513292,289.767242724681,290.582469577368
11.34,100,0,4559.98786106206,96.4012097983652,3,1.00281829952988,1.00281829952988,289.65643467693,290.472773270607
11.35,100,0,4561.5079141452,96.4432501189786,3,1.00282321129821,1.00282321129821,289.545735621697,290.363184413854
11.36,100,0,4563.02646526712,96.4852599813839,3,1.0028281204389,1.0028281204389,289.435145434966,290.253702885506
11.37,100,0,4564.54351614491,96.5272394088039,3,1.00283302695291,1.00283302695291,289.324663992883,290.144328564117
11.38,100,0,4566.05906849341,96.5691884244419,3,1.00283793084124,1.00283793084124,289.214291171752,290.035061328395
11.39,100,0,4567.57312402525,96.6111070514819,3,1.00284283210487,1.00284283210487,289.104026848039,289.925901057208
11.4,100,0,4569.08568445078,96.6529953130887,3,1.00284773074477,1.00284773074477,288.993870898371,289.816847629579
11.41,100,0,4570.59675147818,96.6948532324077,3,1.00285262676194,1.00285262676194,288.883823199535,289.707900924686
11.42,100,0,4572.10632681335,96.7366808325648,3,1.00285752015735,1.00285752015735,288.773883628475,289.599060821861
11.43,100,0,4573.61441216001,96.7784781366669,3,1.002862410932,1.002862410932,288.664052062298,289.490327200595
11.44,100,0,4575.12100921964,96.8202451678016,3,1.00286729908685,1.00286729908685,288.554328378269,289.381699940533
11.45,100,0,4576.62611969151,96.8619819490369,3,1.00287218462289,1.00287218462289,288.444712453811,289.273178921475
11.46,100,0,4578.12974527267,96.9036885034221,3,1.00287706754111,1.00287706754111,288.335204166509,289.164764023375
11.47,100,0,4579.63188765797,96.9453648539868,3,1.00288194784248,1.00288194784248,288.225803394103,289.056455126343
11.48,100,0,4581.13254854005,96.9870110237418,3,1.002886825528,1.002886825528,288.116510014493,288.948252110641
11.49,100,0,4582.63172960934,97.0286270356784,3,1.00289170059864,1.00289170059864,288.007323905737,288.840154856687
11.5,100,0,4584.1294325541,97.0702129127691,3,1.00289657305538,1.00289657305538,287.898244946051,288.732163245053
11.51,100,0,4585.62565906035,97.1117686779668,3,1.00290144289921,1.00290144289921,287.789273013808,288.624277156464
11.52,100,0,4587.12041081195,97.1532943542057,3,1.00290631013111,1.00290631013111,287.68040798754,288.516496471797
11.53,100,0,4588.61368949055,97.1947899644007,3,1.00291117475206,1.00291117475206,287.571649745936,288.408821072085
11.54,100,0,4590.10549677563,97.2362555314477,3,1.00291603676305,1.00291603676305,287.462998167839,288.301250838513
11.55,100,0,4591.59583434447,97.2776910782233,3,1.00292089616505,1.00292089616505,287.354453132254,288.193785652418
11.56,100,0,4593.08470387218,97.3190966275855,3,1.00292575295905,1.00292575295905,287.246014518338,288.086425395291
11.57,100,0,4594.5721070317,97.3604722023727,3,1.00293060714604,1.00293060714604,287.137682205406,287.979169948774
11.58,100,0,4596.05804549377,97.4018178254048,3,1.00293545872698,1.00293545872698,287.029456072929,287.87201919466
11.59,100,0,4597.54252092698,97.4431335194825,3,1.00294030770287,1.00294030770287,286.921336000535,287.764973014897
11.6,100,0,4599.02553499776,97.4844193073874,3,1.00294515407469,1.00294515407469,286.813321868008,287.658031291584
11.61,100,0,4600.50708937034,97.5256752118823,3,1.00294999784343,1.00294999784343,286.705413555284,287.55119390697
11.62,100,0,4601.98718570682,97.5669012557111,3,1.00295483901005,1.00295483901005,286.597610942457,287.444460743456
11.63,100,0,4603.46582566714,97.6080974615986,3,1.00295967757555,1.00295967757555,286.489913909775,287.337831683594
11.64,100,0,4604.94301090907,97.6492638522508,3,1.0029645135409,1.0029645135409,286.38232233764,287.231306610086
11.65,100,0,4606.41874308824,97.6904004503549,3,1.0029693469071,1.0029693469071,286.274836106613,287.124885405786
11.66,100,0,4607.89302385811,97.731507278579,3,1.00297417767512,1.00297417767512,286.167455097403,287.018567953699
11.67,100,0,4609.36585487003,97.7725843595726,3,1.00297900584594,1.00297900584594,286.060179190878,286.912354136978
11.68,100,0,4610.83723777317,97.8136317159663,3,1.00298383142054,1.00298383142054,285.953008268057,286.806243838926
11.69,100,0,4612.30717421459,97.8546493703718,3,1.00298865439992,1.00298865439992,285.845942210113,286.700236942998
11.7,100,0,4613.7756658392,97.8956373453819,3,1.00299347478504,1.00299347478504,285.738980898375,286.594333332798
11.71,100,0,4615.24271428977,97.936595663571,3,1.0029982925769,1.0029982925769,285.63212421432,286.488532892077
11.72,100,0,4616.70832120694,97.9775243474944,3,1.00300310777648,1.00300310777648,285.525372039585,286.382835504738
11.73,100,0,4618.17248822925,98.0184234196888,3,1.00300792038475,1.00300792038475,285.418724255953,286.27724105483
11.74,100,0,4619.63521699308,98.0592929026721,3,1.00301273040269,1.00301273040269,285.312180745365,286.171749426555
11.75,100,0,4621.0965091327,98.1001328189435,3,1.0030175378313,1.0030175378313,285.205741389909,286.066360504258
11.76,100,0,4622.55636628028,98.1409431909836,3,1.00302234267156,1.00302234267156,285.099406071829,285.961074172436
11.77,100,0,4624.01479006586,98.1817240412544,3,1.00302714492443,1.00302714492443,284.993174673522,285.855890315733
11.78,100,0,4625.47178211736,98.2224753921988,3,1.00303194459092,1.00303194459092,284.887047077531,285.750808818941
11.79,100,0,4626.9273440606,98.2631972662417,3,1.00303674167199,1.00303674167199,284.781023166558,285.645829567001
11.8,100,0,4628.38147751929,98.3038896857889,3,1.00304153616864,1.00304153616864,284.675102823449,285.540952444998
11.81,100,0,4629.83418411506,98.3445526732278,3,1.00304632808184,1.00304632808184,284.569285931206,285.436177338167
11.82,100,0,4631.2854654674,98.3851862509271,3,1.00305111741257,1.00305111741257,284.463572372978,285.331504131888
11.83,100,0,4632.73532319374,98.4257904412372,3,1.00305590416183,1.00305590416183,284.357962032068,285.22693271169
11.84,100,0,4634.1837589094,98.4663652664895,3,1.00306068833058,1.00306068833058,284.252454791929,285.122462963249
11.85,100,0,4635.6307742276,98.5069107489974,3,1.00306546991981,1.00306546991981,284.147050536161,285.018094772383
11.86,100,0,4637.07637075948,98.5474269110553,3,1.00307024893051,1.00307024893051,284.041749148516,284.913828025059
11.87,100,0,4638.52055011412,98.5879137749395,3,1.00307502536365,1.00307502536365,283.936550512898,284.809662607392
11.88,100,0,4639.96331389847,98.6283713629075,3,1.00307979922022,1.00307979922022,283.831454513357,284.70559840564
11.89,100,0,4641.40466371745,98.6687996971985,3,1.0030845705012,1.0030845705012,283.726461034093,284.601635306208
11.9,100,0,4642.84460117387,98.7091988000333,3,1.00308933920757,1.00308933920757,283.621569959456,284.497773195643
11.91,100,0,4644.28312786849,98.7495686936143,3,1.00309410534031,1.00309410534031,283.516781173945,284.394011960642
11.92,100,0,4645.72024539997,98.7899094001252,3,1.00309886890041,1.00309886890041,283.412094562207,284.290351488045
11.93,100,0,4647.15595536494,98.8302209417316,3,1.00310362988884,1.00310362988884,283.307510009036,284.186791664833
11.94,100,0,4648.59025935795,98.8705033405807,3,1.00310838830659,1.00310838830659,283.203027399378,284.083332378138
11.95,100,0,4650.02315897148,98.9107566188012,3,1.00311314415465,1.00311314415465,283.098646618323,283.979973515232
11.96,100,0,4651.45465579596,98.9509807985036,3,1.00311789743398,1.00311789743398,282.994367551112,283.876714963531
11.97,100,0,4652.88475141978,98.99117590178,3,1.00312264814558,1.00312264814558,282.89019008313,283.773556610597
11.98,100,0,4654.31344742926,99.0313419507042,3,1.00312739629043,1.00312739629043,282.786114099915,283.670498344136
11.99,100,0,4655.74074540867,99.0714789673317,3,1.0031321418695,1.0031321418695,282.682139487145,283.567540051993
12,100,0,4657.16664694024,99.1115869736999,3,1.00313688488379,1.00313688488379,282.57826613065,283.464681622163
12.01,100,0,4658.59115360416,99.1516659918277,3,1.00314162533426,1.00314162533426,282.474493916407,283.361922942778
12.02,100,0,4660.01426697859,99.1917160437158,3,1.00314636322191,1.00314636322191,282.370822730535,283.259263902115
12.03,100,0,4661.43598863962,99.2317371513469,3,1.00315109854772,1.00315109854772,282.267252459304,283.156704388596
12.04,100,0,4662.85632016133,99.2717293366853,3,1.00315583131266,1.00315583131266,282.163782989128,283.054244290782
12.05,100,0,4664.27526311578,99.3116926216772,3,1.00316056151772,1.00316056151772,282.060414206567,282.951883497379
12.06,100,0,4665.69281907297,99.3516270282506,3,1.00316528916387,1.00316528916387,281.957145998326,282.849621897231
12.07,100,0,4667.10898960091,99.3915325783152,3,1.00317001425212,1.00317001425212,281.853978251257,282.747459379329
12.08,100,0,4668.52377626555,99.4314092937629,3,1.00317473678342,1.00317473678342,281.750910852357,282.645395832803
12.09,100,0,4669.93718063085,99.4712571964673,3,1.00317945675877,1.00317945675877,281.647943688768,282.543431146923
12.1,100,0,4671.34920425874,99.5110763082838,3,1.00318417417915,1.00318417417915,281.545076647776,282.441565211104
12.11,100,0,4672.75984870914,99.5508666510499,3,1.00318888904553,1.00318888904553,281.442309616811,282.339797914898
12.12,100,0,4674.16911553996,99.5906282465849,3,1.00319360135891,1.00319360135891,281.33964248345,282.238129148
12.13,100,0,4675.5770063071,99.6303611166902,3,1.00319831112026,1.00319831112026,281.237075135413,282.136558800248
12.14,100,0,4676.98352256446,99.670065283149,3,1.00320301833056,1.00320301833056,281.134607460563,282.035086761614
12.15,100,0,4678.38866586393,99.7097407677267,3,1.0032077229908,1.0032077229908,281.032239346907,281.933712922216
12.16,100,0,4679.79243775541,99.7493875921704,3,1.00321242510195,1.00321242510195,280.929970682598,281.83243717231
12.17,100,0,4681.19483978679,99.7890057782095,3,1.00321712466501,1.00321712466501,280.82780135593,281.731259402292
12.18,100,0,4682.59587350398,99.8285953475553,3,1.00322182168094,1.00322182168094,280.725731255341,281.630179502697
12.19,100,0,4683.99554045089,99.8681563219012,3,1.00322651615073,1.00322651615073,280.623760269412,281.529197364201
12.2,100,0,4685.39384216945,99.9076887229227,3,1.00323120807537,1.00323120807537,280.521888286865,281.428312877616
12.21,100,0,4686.79078019961,99.9471925722772,3,1.00323589745583,1.00323589745583,280.420115196569,281.327525933898
12.22,100,0,4688.18635607932,99.9866678916046,3,1.0032405842931,1.0032405842931,280.318440887531,281.226836424138
12.23,100,0,4689.58057134456,100.026114702526,3,1.00324526858816,1.00324526858816,280.216865248902,281.126244239567
12.24,100,0,4690.97342752934,100.065533026647,3,1.00324995034198,1.00324995034198,280.115388169975,281.025749271553
12.25,100,0,4692.36492616568,100.104922885552,3,1.00325462955556,1.00325462955556,280.014009540184,280.925351411605
12.26,100,0,4693.75506878366,100.144284300809,3,1.00325930622987,1.00325930622987,279.912729249106,280.825050551367
12.27,100,0,4695.14385691135,100.18361729397,3,1.00326398036589,1.00326398036589,279.811547186457,280.724846582624
12.28,100,0,4696.53129207489,100.222921886567,3,1.00326865196461,1.00326865196461,279.710463242099,280.624739397297
12.29,100,0,4697.91737579845,100.262198100114,3,1.003273321027,1.003273321027,279.609477306028,280.524728887444
12.3,100,0,4699.30210960422,100.301445956109,3,1.00327798755406,1.00327798755406,279.508589268386,280.42481494526
12.31,100,0,4700.68549501246,100.340665476031,3,1.00328265154675,1.00328265154675,279.407799019454,280.324997463079
12.32,100,0,4702.06753354146,100.379856681342,4,1.3255941619418,1.3255941619418,991.075235508677,1313.7635462354
12.33,100,0,4421.3791144654,100.517555681318,4,1.25978031883727,1.25978031883727,839.593907376132,1057.70388032813
12.34,100,0,4206.90368067497,100.627182035015,4,1.2025457767108,1.2025457767108,725.717355627853,872.708341096001
12.35,100,0,4039.79902572748,100.716605647351,4,1.15359701695735,1.15359701695735,643.164642828821,741.952813379768
12.36,100,0,3907.45739617145,100.791605819885,4,1.11180857487632,1.11180857487632,582.021824377479,647.096855108041
12.37,100,0,3801.72739388713,100.855889559472,4,1.07528228542736,1.07528228542736,532.490055525516,572.577123872821
12.38,100,0,3719.20076810643,100.911088622357,4,1.04155097466268,1.04155097466268,489.031568225604,509.351306526199
12.39,100,0,3655.51760659884,100.959300858886,4,1.01864593454943,1.01864593454943,453.48184608914,461.937438910674
12.4,100,0,3607.25014494403,101.002167227872,4,1.0044717662365,1.0044717662365,426.154132255129,428.059793915292
12.41,100,0,3570.89370151923,101.041311659848,4,1.002,1.002,401.754937571579,402.558447446722
12.42,100,0,3544.44437613671,101.077614759854,4,1.00166248830797,1.00166248830797,383.748730489633,384.386708267272
12.43,100,0,3524.86884620766,101.111929500074,4,1.00114764041547,1.00114764041547,371.023625153727,371.449426861047
12.44,100,0,3510.56739891587,101.144708252667,4,1.00028344632169,1.00028344632169,359.730022643434,359.831986795155
12.45,100,0,3500.92199414625,101.176113605693,4,0.999471703904674,0.999471703904674,351.253186109707,351.067620423014
12.46,100,0,3494.46543930276,101.206575620834,4,0.998901007373614,0.998901007373614,345.509000160708,345.129288317181
12.47,100,0,3490.18411941773,101.236391979399,4,0.99849609922442,0.99849609922442,341.564661791658,341.050982431879
12.48,100,0,3487.40325094612,101.265760735515,4,0.998206213372644,0.998206213372644,338.831540803459,338.22374931664
12.49,100,0,3485.66644643255,101.294815874836,4,0.998001102870164,0.998001102870164,336.920736266375,336.24726637367
12.5,100,0,3484.7158144077,101.323638269379,4,0.998050713664497,0.998050713664497,335.368158237519,334.714429669303
12.51,100,0,3484.34268341498,101.352291959927,4,0.998085435600843,0.998085435600843,334.343479811069,333.703357687533
12.52,100,0,3484.35125665654,101.380831920087,4,0.998110302060237,0.998110302060237,333.665213933254,333.034687465914
12.53,100,0,3484.6127350924,101.409294313943,4,0.998128630998303,0.998128630998303,333.215387574777,332.591818627581
12.54,100,0,3485.04204295275,101.437703029552,4,0.998142616957303,0.998142616957303,332.916703112741,332.298349273748
12.55,100,0,3485.58282889698,101.466073889745,4,0.99815371474715,0.99815371474715,332.718242769407,332.103949984427
12.56,100,0,3486.19769708482,101.494417394882,4,0.998162890296402,0.998162890296402,332.586344532134,331.97534693131
12.57,100,0,3486.86179856114,101.522740522231,4,0.998170785632283,0.998170785632283,332.498699624228,331.890488225628
12.58,100,0,3487.55860649876,101.551047912217,4,0.998177827820251,0.998177827820251,332.44049850994,331.834734682133
12.59,100,0,3488.27712185756,101.579342653052,4,0.998184301094916,0.998184301094916,332.401898499965,331.79835673681
12.6,100,0,3489.01002096227,101.60762680089,4,0.998190394708269,0.998190394708269,332.37635257131,331.77488256485
12.61,100,0,3489.75242558201,101.63590172519,4,0.998196234710846,0.998196234710846,332.359503273272,331.760004737747
12.62,100,0,3490.50108543403,101.664168338266,4,0.99820190508014,0.99820190508014,332.348449166577,331.750855108507
12.63,100,0,3491.2538343964,101.692427247995,4,0.998207461776105,0.998207461776105,332.34125764762,331.745523239909
12.64,100,0,3492.00922858534,101.720678859438,4,0.998212942095937,0.998212942095937,332.33664108671,331.742736265446
12.65,100,0,3492.76630537318,101.748923442519,4,0.998218370902538,0.998218370902538,332.333741382731,331.741645919015
12.66,100,0,3493.52442288091,101.777161177087,4,0.998223764772656,0.998223764772656,332.331986567138,331.741686785424
12.67,100,0,3494.28315304305,101.805392182956,4,0.998229134760192,0.998229134760192,332.330995325459,331.742481917726
12.68,100,0,3495.04221034837,101.833616539906,4,0.998234488237382,0.998234488237382,332.33051340473,331.743779974237
12.69,100,0,3495.80140434496,101.861834301025,4,0.998239830121789,0.998239830121789,332.330371247662,331.745413338578
12.7,100,0,3496.56060797894,101.8900455016,4,0.998245163694132,0.998245163694132,332.330455762238,331.747270212921
12.71,100,0,3497.31973648477,101.918250165043,4,0.998250491143471,0.998250491143471,332.330691506887,331.749276018799
12.72,100,0,3498.07873330858,101.946448306845,4,0.998255813930708,0.998255813930708,332.331028148752,331.751380999062
12.73,100,0,3498.83756071991,101.974639937212,4,0.998261133030979,0.998261133030979,332.331432102189,331.753551952139
12.74,100,0,3499.59619354941,102.002825062826,4,0.998266449095312,0.998266449095312,332.331880953347,331.755766720463
12.75,100,0,3500.35461501112,102.031003688014,4,0.998271762558456,0.998271762558456,332.332359741953,331.75801051481
12.76,100,0,3501.11281391499,102.059175815533,4,0.998277073710819,0.998277073710819,332.332858481295,331.760273462659
12.77,100,0,3501.87078280676,102.087341447094,4,0.998282382746462,0.998282382746462,332.333370503838,331.762548972734
12.78,100,0,3502.62851672647,102.115500583708,4,0.998287689795124,0.998287689795124,332.333891357453,331.764832643855
12.79,100,0,3503.38601237982,102.143653225918,4,0.998292994943604,0.998292994943604,332.334418068907,331.767121536849
12.8,100,0,3504.14326758493,102.171799373959,4,0.998298298250023,0.998298298250023,332.334948652333,331.769413688633
12.81,100,0,3504.90028090297,102.199939027857,4,0.998303599753348,0.998303599753348,332.335481781163,331.771707787898
12.82,100,0,3505.65705139151,102.228072187499,4,0.998308899479759,0.998308899479759,332.336016569124,331.774002958609
12.83,100,0,3506.41357843977,102.256198852684,4,0.998314197446885,0.998314197446885,332.336552424021,331.776298615451
12.84,100,0,3507.1698616586,102.284319023145,4,0.998319493666648,0.998319493666648,332.337088950106,331.778594367318
12.85,100,0,3507.92590080696,102.31243269858,4,0.998324788147155,0.998324788147155,332.337625882878,331.780889952853
12.86,100,0,3508.68169574281,102.340539878656,4,0.998330080893963,0.998330080893963,332.338163045532,331.783185197397
12.87,100,0,3509.4372463903,102.368640563027,4,0.998335371910924,0.998335371910924,332.338700319868,331.785479984229
12.88,100,0,3510.19255271781,102.396734751332,4,0.998340661200751,0.998340661200751,332.339237626858,331.787774235351
12.89,100,0,3510.94761472331,102.424822443205,4,0.998345948765395,0.998345948765395,332.339774913656,331.790067898651
12.9,100,0,3511.70243242455,102.452903638278,4,0.998351234606297,0.998351234606297,332.340312144923,331.792360939326
12.91,100,0,3512.45700585253,102.480978336176,4,0.998356518724561,0.998356518724561,332.340849297025,331.794653334141
12.92,100,0,3513.21133504707,102.509046536528,4,0.998361801121058,0.998361801121058,332.341386354152,331.796945067601
12.93,100,0,3513.96542005392,102.537108238958,4,0.998367081796509,0.998367081796509,332.341923305734,331.799236129385
12.94,100,0,3514.71926092279,102.565163443093,4,0.998372360751534,0.998372360751534,332.342460144699,331.801526512636
12.95,100,0,3515.47285770604,102.593212148561,4,0.998377637986683,0.998377637986683,332.34299686632,331.803816212812
12.96,100,0,3516.2262104578,102.621254354989,4,0.998382913502461,0.998382913502461,332.343533467436,331.806105226921
12.97,100,0,3516.97931923337,102.649290062007,4,0.998388187299342,0.998388187299342,332.344069945935,331.808393553008
12.98,100,0,3517.73218408884,102.677319269244,4,0.998393459377781,0.998393459377781,332.34460630041,331.810681189813
12.99,100,0,3518.48480508086,102.705341976334,4,0.998398729738217,0.998398729738217,332.345142529918,331.812968136537
13,100,0,3519.23718226639,102.733358182907,4,0.998403998381081,0.998403998381081,332.345678633837,331.815254392697
13.01,100,0,3519.98931570263,102.761367888599,4,0.998409265306799,0.998409265306799,332.346214611752,331.817539958014
13.02,100,0,3520.74120544697,102.789371093044,4,0.998414530515789,0.998414530515789,332.346750463389,331.819824832353
13.03,100,0,3521.49285155685,102.81736779588,4,0.998419794008471,0.998419794008471,332.34728618857,331.822109015667
13.04,100,0,3522.24425408981,102.845357996746,4,0.99842505578526,0.99842505578526,332.347821787179,331.824392507974
13.05,100,0,3522.99541310342,102.87334169528,4,0.99843031584657,0.99843031584657,332.348357259143,331.826675309334
13.06,100,0,3523.74632865529,102.901318891124,4,0.998435574192816,0.998435574192816,332.348892604417,331.828957419838
13.07,100,0,3524.49700080302,102.929289583919,4,0.99844083082441,0.99844083082441,332.349427822976,331.831238839589
13.08,100,0,3525.24742960424,102.957253773311,4,0.998446085741765,0.998446085741765,332.349962914806,331.833519568709
13.09,100,0,3525.99761511658,102.985211458944,4,0.998451338945293,0.998451338945293,332.350497879904,331.835799607325
13.1,100,0,3526.74755739767,103.013162640465,4,0.998456590435407,0.998456590435407,332.351032718269,331.83807895557
13.11,100,0,3527.49725650513,103.041107317521,4,0.998461840212519,0.998461840212519,332.351567429909,331.840357613582
13.12,100,0,3528.24671249658,103.069045489762,4,0.99846708827704,0.99846708827704,332.352102014829,331.8426355815
13.13,100,0,3528.99592542965,103.096977156839,4,0.998472334629383,0.998472334629383,332.35263647304,331.844912859467
13.14,100,0,3529.74489536195,103.124902318404,4,0.998477579269958,0.998477579269958,332.353170804552,331.847189447624
13.15,100,0,3530.49362235109,103.152820974111,4,0.998482822199178,0.998482822199178,332.353705009375,331.849465346114
13.16,100,0,3531.24210645468,103.180733123614,4,0.998488063417455,0.998488063417455,332.354239087523,331.851740555082
13.17,100,0,3531.99034773031,103.20863876657,4,0.998493302925199,0.998493302925199,332.354773039006,331.854015074672
13.18,100,0,3532.73834623559,103.236537902636,4,0.998498540722823,0.998498540722823,332.355306863839,331.856288905029
13.19,100,0,3533.48610202809,103.264430531472,4,0.998503776810737,0.998503776810737,332.355840562031,331.858562046296
13.2,100,0,3534.2336151654,103.292316652737,4,0.998509011189354,0.998509011189354,332.356374133599,331.860834498618
13.21,100,0,3534.9808857051,103.320196266095,4,0.998514243859083,0.998514243859083,332.35690757855,331.86310626214
13.22,100,0,3535.72791370476,103.348069371208,4,0.998519474820338,0.998519474820338,332.357440896902,331.865377337006
13.23,100,0,3536.47469922194,103.37593596774,4,0.998524704073529,0.998524704073529,332.357974088665,331.867647723361
13.24,100,0,3537.2212423142,103.403796055359,4,0.998529931619067,0.998529931619067,332.358507153852,331.869917421351
13.25,100,0,3537.96754303911,103.43164963373,4,0.998535157457363,0.998535157457363,332.359040092476,331.872186431118
13.26,100,0,3538.7136014542,103.459496702524,4,0.998540381588829,0.998540381588829,332.35957290455,331.874454752809
13.27,100,0,3539.45941761701,103.48733726141,4,0.998545604013875,0.998545604013875,332.360105590085,331.876722386567
13.28,100,0,3540.20499158509,103.51517131006,4,0.998550824732913,0.998550824732913,332.360638149096,331.878989332538
13.29,100,0,3540.95032341597,103.542998848146,4,0.998556043746354,0.998556043746354,332.361170581595,331.881255590865
13.3,100,0,3541.69541316717,103.570819875344,4,0.998561261054608,0.998561261054608,332.361702887594,331.883521161693
13.31,100,0,3542.4402608962,103.598634391328,4,0.998566476658087,0.998566476658087,332.362235067106,331.885786045167
13.32,100,0,3543.18486666059,103.626442395776,4,0.998571690557201,0.998571690557201,332.362767120144,331.888050241431
13.33,100,0,3543.92923051784,103.654243888367,4,0.998576902752361,0.998576902752361,332.363299046719,331.89031375063
13.34,100,0,3544.67335252545,103.682038868779,4,0.998582113243978,0.998582113243978,332.363830846846,331.892576572908
13.35,100,0,3545.41723274092,103.709827336695,4,0.998587322032463,0.998587322032463,332.364362520536,331.894838708409
13.36,100,0,3546.16087122174,103.737609291797,4,0.998592529118226,0.998592529118226,332.364894067803,331.897100157279
13.37,100,0,3546.90426802539,103.76538473377,4,0.998597734501678,0.998597734501678,332.365425488659,331.899360919661
13.38,100,0,3547.64742320936,103.793153662297,4,0.99860293818323,0.99860293818323,332.365956783116,331.9016209957
13.39,100,0,3548.39033683111,103.820916077067,4,0.998608140163291,0.998608140163291,332.366487951187,331.90388038554
13.4,100,0,3549.13300894811,103.848671977767,4,0.998613340442274,0.998613340442274,332.367018992885,331.906139089325
13.41,100,0,3549.87543961783,103.876421364086,4,0.998618539020587,0.998618539020587,332.367549908221,331.9083971072
13.42,100,0,3550.61762889773,103.904164235717,4,0.998623735898642,0.998623735898642,332.368080697209,331.910654439308
13.43,100,0,3551.35957684524,103.93190059235,4,0.998628931076849,0.998628931076849,332.368611359862,331.912911085795
13.44,100,0,3552.10128351782,103.959630433679,4,0.998634124555618,0.998634124555618,332.369141896191,331.915167046804
13.45,100,0,3552.84274897291,103.9873537594,4,0.998639316335359,0.998639316335359,332.36967230621,331.91742232248
13.46,100,0,3553.58397326794,104.015070569209,4,0.998644506416483,0.998644506416483,332.370202589929,331.919676912967
13.47,100,0,3554.32495646033,104.042780862804,4,0.998649694799401,0.998649694799401,332.370732747364,331.921930818408
13.48,100,0,3555.06569860751,104.070484639883,4,0.998654881484521,0.998654881484521,332.371262778525,331.924184038949
13.49,100,0,3555.8061997669,104.098181900147,4,0.998660066472254,0.998660066472254,332.371792683425,331.926436574732
13.5,100,0,3556.5464599959,104.125872643299,4,0.998665249763011,0.998665249763011,332.372322462078,331.928688425903
13.51,100,0,3557.28647935193,104.15355686904,4,0.998670431357202,0.998670431357202,332.372852114494,331.930939592605
13.52,100,0,3558.02625789237,104.181234577077,4,0.998675611255235,0.998675611255235,332.373381640687,331.933190074983
13.53,100,0,3558.76579567463,104.208905767114,4,0.998680789457522,0.998680789457522,332.373911040669,331.935439873179
13.54,100,0,3559.50509275609,104.236570438859,4,0.998685965964473,0.998685965964473,332.374440314452,331.93768898734
13.55,100,0,3560.24414919413,104.264228592022,4,0.998691140776496,0.998691140776496,332.374969462049,331.939937417607
13.56,100,0,3560.98296504614,104.291880226311,4,0.998696313894002,0.998696313894002,332.375498483472,331.942185164125
13.57,100,0,3561.72154036947,104.319525341438,4,0.998701485317401,0.998701485317401,332.376027378734,331.944432227039
13.58,100,0,3562.45987522151,104.347163937117,4,0.998706655047102,0.998706655047102,332.376556147846,331.946678606491
13.59,100,0,3563.1979696596,104.374796013061,4,0.998711823083515,0.998711823083515,332.377084790823,331.948924302627
13.6,100,0,3563.9358237411,104.402421568986,4,0.99871698942705,0.99871698942705,332.377613307675,331.951169315589
13.61,100,0,3564.67343752337,104.430040604609,4,0.998722154078117,0.998722154078117,332.378141698415,331.953413645522
13.62,100,0,3565.41081106373,104.457653119647,4,0.998727317037124,0.998727317037124,332.378669963055,331.95565729257
13.63,100,0,3566.14794441954,104.485259113821,4,0.998732478304481,0.998732478304481,332.379198101609,331.957900256876
13.64,100,0,3566.88483764812,104.512858586852,4,0.998737637880599,0.998737637880599,332.379726114087,331.960142538584
13.65,100,0,3567.62149080679,104.540451538462,4,0.998742795765886,0.998742795765886,332.380254000502,331.962384137837
13.66,100,0,3568.35790395289,104.568037968374,4,0.998747951960752,0.998747951960752,332.380781760868,331.96462505478
13.67,100,0,3569.09407714372,104.595617876315,4,0.998753106465605,0.998753106465605,332.381309395195,331.966865289557
13.68,100,0,3569.83001043659,104.623191262009,4,0.998758259280856,0.998758259280856,332.381836903497,331.96910484231
13.69,100,0,3570.56570388881,104.650758125185,4,0.998763410406914,0.998763410406914,332.382364285785,331.971343713184
13.7,100,0,3571.30115755768,104.678318465573,4,0.998768559844188,0.998768559844188,332.382891542072,331.973581902322
13.71,100,0,3572.03637150048,104.705872282902,4,0.998773707593086,0.998773707593086,332.38341867237,331.975819409868
13.72,100,0,3572.77134577451,104.733419576905,4,0.998778853654019,0.998778853654019,332.383945676692,331.978056235966
13.73,100,0,3573.50608043704,104.760960347314,4,0.998783998027395,0.998783998027395,332.384472555048,331.980292380758
13.74,100,0,3574.24057554536,104.788494593865,4,0.998789140713624,0.998789140713624,332.384999307453,331.982527844389
13.75,100,0,3574.97483115673,104.816022316293,4,0.998794281713113,0.998794281713113,332.385525933918,331.984762627003
13.76,100,0,3575.70884732842,104.843543514336,4,0.998799421026273,0.998799421026273,332.386052434454,331.986996728742
13.77,100,0,3576.44262411768,104.871058187731,4,0.998804558653513,0.998804558653513,332.386578809076,331.98923014975
13.78,100,0,3577.17616158178,104.898566336221,4,0.99880969459524,0.99880969459524,332.387105057793,331.99146289017
13.79,100,0,3577.90945977795,104.926067959544,4,0.998814828851864,0.998814828851864,332.387631180619,331.993694950147
13.8,100,0,3578.64251876345,104.953563057445,4,0.998819961423794,0.998819961423794,332.388157177567,331.995926329823
13.81,100,0,3579.37533859551,104.981051629668,4,0.998825092311439,0.998825092311439,332.388683048647,331.998157029343
13.82,100,0,3580.10791933135,105.008533675957,4,0.998830221515207,0.998830221515207,332.389208793873,332.000387048849
13.83,100,0,3580.84026102821,105.03600919606,4,0.998835349035507,0.998835349035507,332.389734413256,332.002616388484
13.84,100,0,3581.57236374331,105.063478189724,4,0.998840474872747,0.998840474872747,332.390259906809,332.004845048392
13.85,100,0,3582.30422753386,105.0909406567,4,0.998845599027336,0.998845599027336,332.390785274543,332.007073028717
13.86,100,0,3583.03585245708,105.118396596738,4,0.998850721499683,0.998850721499683,332.39131051647,332.009300329602
13.87,100,0,3583.76723857015,105.145846009589,4,0.998855842290197,0.998855842290197,332.391835632605,332.01152695119
13.88,100,0,3584.4983859303,105.173288895009,4,0.998860961399284,0.998860961399284,332.392360622956,332.013752893623
13.89,100,0,3585.2292945947,105.200725252751,4,0.998866078827355,0.998866078827355,332.392885487538,332.015978157047
13.9,100,0,3585.95996462054,105.228155082573,4,0.998871194574818,0.998871194574818,332.393410226361,332.018202741603
13.91,100,0,3586.69039606502,105.25557838423,4,0.99887630864208,0.99887630864208,332.393934839439,332.020426647434
13.92,100,0,3587.42058898529,105.282995157483,4,0.99888142102955,0.99888142102955,332.394459326783,332.022649874686
13.93,100,0,3588.15054343854,105.310405402092,4,0.998886531737636,0.998886531737636,332.394983688405,332.024872423499
13.94,100,0,3588.88025948193,105.337809117817,4,0.998891640766747,0.998891640766747,332.395507924318,332.027094294018
13.95,100,0,3589.60973717262,105.365206304423,4,0.998896748117291,0.998896748117291,332.396032034533,332.029315486386
13.96,100,0,3590.33897656777,105.392596961673,4,0.998901853789675,0.998901853789675,332.396556019062,332.031536000745
13.97,100,0,3591.06797772452,105.419981089334,4,0.998906957784309,0.998906957784309,332.397079877918,332.033755837239
13.98,100,0,3591.79674070002,105.447358687171,4,0.998912060101599,0.998912060101599,332.397603611111,332.03597499601
13.99,100,0,3592.5252655514,105.474729754954,4,0.998917160741954,0.998917160741954,332.398127218656,332.038193477203
14,100,0,3593.25355233581,105.502094292453,4,0.998922259705783,0.998922259705783,332.398650700563,332.040411280959
14.01,100,0,3593.98160111036,105.529452299437,4,0.998927356993492,0.998927356993492,332.399174056844,332.042628407423
14.02,100,0,3594.70941193218,105.556803775679,4,0.99893245260549,0.99893245260549,332.399697287512,332.044844856737
14.03,100,0,3595.43698485838,105.584148720954,4,0.998937546542184,0.998937546542184,332.400220392577,332.047060629043
14.04,100,0,3596.16431994608,105.611487135037,4,0.998942638803983,0.998942638803983,332.400743372054,332.049275724485
14.05,100,0,3596.89141725239,105.638819017702,4,0.998947729391294,0.998947729391294,332.401266225952,332.051490143206
14.06,100,0,3597.61827683439,105.666144368729,4,0.998952818304524,0.998952818304524,332.401788954284,332.053703885348
14.07,100,0,3598.34489874919,105.693463187897,4,0.998957905544082,0.998957905544082,332.402311557063,332.055916951056
14.08,100,0,3599.07128305388,105.720775474985,4,0.998962991110376,0.998962991110376,332.4028340343,332.05812934047
14.09,100,0,3599.79742980553,105.748081229776,4,0.998968075003812,0.998968075003812,332.403356386006,332.060341053734
14.1,100,0,3600.52053426025,105.775380386125,4,0.998973227257696,0.998973227257696,332.401520957354,332.060220136134
14.11,100,0,3601.2343292975,105.802672206275,4,0.998978603803298,0.998978603803298,332.392076939343,332.052572936143
14.12,100,0,3601.94158185916,105.829955863151,4,0.998984134721595,0.998984134721595,332.377376242712,332.03972560686
14.13,100,0,3602.64435102155,105.857230804871,4,0.998989768049341,0.998989768049341,332.35916684895,332.023406999505
14.14,100,0,3603.34401287573,105.884496663332,4,0.998995469066146,0.998995469066146,332.338616572144,332.004772151283
14.15,100,0,3604.04152773565,105.911753181868,4,0.999001213547969,0.999001213547969,332.311233942717,331.979325984397
14.16,100,0,3604.74431875478,105.938998249638,4,0.999006814337443,0.999006814337443,332.269430739108,331.939425504392
14.17,100,0,3605.45269373284,105.966231742485,4,0.999012263704139,0.999012263704139,332.233311734708,331.905152834014
14.18,100,0,3606.16449736642,105.993454246068,4,0.999017616010336,0.999017616010336,332.200811873218,331.874463114281
14.19,100,0,3606.878358965,106.020666133665,4,0.999022905825793,0.999022905825793,332.170618513881,331.846056537688
14.2,100,0,3607.59340664541,106.047867643538,4,0.999028155138823,0.999028155138823,332.141897058598,331.81910666276
14.21,100,0,3608.30908571486,106.075058928096,4,0.999033377938204,0.999033377938204,332.114116728959,331.793087896695
14.22,100,0,3609.02504322718,106.10224008514,4,0.999038583125324,0.999038583125324,332.086939891677,331.767665903806
14.23,100,0,3609.74105458291,106.129411177734,4,0.99904377636552,0.99904377636552,332.060151729815,331.742627964662
14.24,100,0,3610.4569768504,106.156572246835,4,0.999048961265291,0.999048961265291,332.033615539634,331.71783871003
14.25,100,0,3611.17271907388,106.183723319335,4,0.999054140121012,0.999054140121012,332.007244308963,331.693211977038
14.26,100,0,3611.88822338295,106.210864413173,4,0.999059314395208,0.999059314395208,331.980982643126,331.668692911689
14.27,100,0,3612.60345297177,106.237995540586,4,0.99906448501959,0.99906448501959,331.954795268754,331.644246584961
14.28,100,0,3613.31838444818,106.26511671018,4,0.999069652587901,0.999069652587901,331.928659720077,331.619850750504
14.29,100,0,3614.03300296329,106.292227928251,4,0.999074817478655,0.999074817478655,331.902561685131,331.595491236271
14.3,100,0,3614.74729911052,106.319329199623,4,0.999079979933283,0.999079979933283,331.876492043952,331.5711590116
14.31,100,0,3615.46126695079,106.346420528181,4,0.999085140105883,0.999085140105883,331.850444983227,331.546848320267
14.32,100,0,3616.17490275468,106.373501917214,4,0.999090298094908,0.999090298094908,331.824416795956,331.522555491841
14.33,100,0,3616.88820420116,106.40057336963,4,0.999095453963349,0.999095453963349,331.798405117097,331.498278184781
14.34,100,0,3617.601169867,106.427634888094,4,0.999100607751595,0.999100607751595,331.772408436735,331.474014904353
14.35,100,0,3618.31379890139,106.454686475117,4,0.999105759485623,0.999105759485623,331.746425789967,331.449764695526
14.36,100,0,3619.02609081856,106.481728133112,4,0.999110909182222,0.999110909182222,331.720456559314,331.425526947317
14.37,100,0,3619.73804536551,106.50875986443,4,0.999116056852319,0.999116056852319,331.694500348808,331.401301268101
14.38,100,0,3620.44966243776,106.535781671383,4,0.999121202503107,0.999121202503107,331.668556903738,331.377087406132
14.39,100,0,3621.16094202555,106.562793556256,4,0.99912634613939,0.99912634613939,331.642626059486,331.352885198886
14.4,100,0,3621.87188417953,106.58979552132,4,0.999131487764453,0.999131487764453,331.616707708913,331.328694540756
14.41,100,0,3622.5824889889,106.616787568835,4,0.999136627380608,0.999136627380608,331.590801781549,331.304515362449
14.42,100,0,3623.29275656744,106.643769701057,4,0.999141764989548,0.999141764989548,331.564908230331,331.28034761785
14.43,100,0,3624.00268704459,106.670741920236,4,0.99914690059257,0.99914690059257,331.53902702313,331.256191275637
14.44,100,0,3624.71228055978,106.697704228621,4,0.999152034190718,0.999152034190718,331.51315813736,331.232046313933
14.45,100,0,3625.42153725878,106.724656628461,4,0.999157165784875,0.999157165784875,331.487301556524,331.207912716893
14.46,100,0,3626.13045729139,106.751599122003,4,0.99916229537582,0.99916229537582,331.461457268015,331.183790472524
14.47,100,0,3626.83904080996,106.778531711494,4,0.999167422964266,0.999167422964266,331.435625261713,331.159679571296
14.48,100,0,3627.54728796844,106.805454399182,4,0.999172548550884,0.999172548550884,331.409805529086,331.135580005249
14.49,100,0,3628.25519892178,106.832367187315,4,0.99917767213632,0.99917767213632,331.383998062619,331.111491767434
14.5,100,0,3628.96277382552,106.859270078141,4,0.9991827937212,0.9991827937212,331.358202855449,331.087414851544
14.51,100,0,3629.6700128356,106.88616307391,4,0.999187913306139,0.999187913306139,331.33241990113,331.063349251684
14.52,100,0,3630.37691610813,106.913046176871,4,0.999193030891747,0.999193030891747,331.30664919348,331.039294962222
14.53,100,0,3631.08348379935,106.939919389275,4,0.999198146478628,0.999198146478628,331.280890726492,331.0152519777
14.54,100,0,3631.78971606552,106.966782713371,4,0.999203260067384,0.999203260067384,331.255144494269,330.991220292766
14.55,100,0,3632.49561306293,106.993636151412,4,0.999208371658614,0.999208371658614,331.229410490984,330.967199902139
14.56,100,0,3633.20117494781,107.020479705649,4,0.999213481252916,0.999213481252916,331.203688710862,330.943190800587
14.57,100,0,3633.90640187636,107.047313378336,4,0.999218588850887,0.999218588850887,331.177979148155,330.919192982907
14.58,100,0,3634.61129400472,107.074137171726,4,0.999223694453125,0.999223694453125,331.152281797135,330.895206443915
14.59,100,0,3635.31585148898,107.100951088072,4,0.999228798060225,0.999228798060225,331.126596652093,330.871231178444
14.6,100,0,3636.02007448515,107.127755129629,4,0.999233899672785,0.999233899672785,331.100923707325,330.847267181332
14.61,100,0,3636.72396314919,107.154549298653,4,0.9992389992914,0.9992389992914,331.075262957139,330.823314447428
14.62,100,0,3637.42751763696,107.1813335974,4,0.999244096916666,0.999244096916666,331.049614395845,330.799372971586
14.63,100,0,3638.13073810428,107.208108028125,4,0.999249192549178,0.999249192549178,331.023978017758,330.775442748661
14.64,100,0,3638.83362470687,107.234872593087,4,0.999254286189533,0.999254286189533,330.9983538172,330.751523773517
14.65,100,0,3639.5361776004,107.261627294542,4,0.999259377838326,0.999259377838326,330.972741788493,330.727616041015
14.66,100,0,3640.23839694044,107.288372134751,4,0.999264467496153,0.999264467496153,330.947141925965,330.703719546024
14.67,100,0,3640.94028288253,107.31510711597,4,0.999269555163608,0.999269555163608,330.921554223944,330.67983428341
14.68,100,0,3641.64183558208,107.341832240461,4,0.999274640841288,0.999274640841288,330.895978676764,330.65596024805
14.69,100,0,3642.34305519448,107.368547510484,4,0.999279724529788,0.999279724529788,330.870415278759,330.632097434815
14.7,100,0,3643.04394187501,107.395252928299,4,0.999284806229702,0.999284806229702,330.844864024268,330.608245838583
14.71,100,0,3643.7444957789,107.421948496169,4,0.999289885941627,0.999289885941627,330.819324907631,330.584405454232
14.72,100,0,3644.44471706128,107.448634216355,4,0.999294963666156,0.999294963666156,330.793797923192,330.560576276646
14.73,100,0,3645.14460587724,107.47531009112,4,0.999300039403886,0.999300039403886,330.768283065298,330.536758300708
14.74,100,0,3645.84416238176,107.501976122728,4,0.999305113155411,0.999305113155411,330.742780328296,330.512951521304
14.75,100,0,3646.54338672979,107.528632313443,4,0.999310184921326,0.999310184921326,330.717289706539,330.489155933321
14.76,100,0,3647.24227907616,107.55527866553,4,0.999315254702226,0.999315254702226,330.69181119438,330.465371531653
14.77,100,0,3647.94083957566,107.581915181254,4,0.999320322498706,0.999320322498706,330.666344786178,330.441598311191
14.78,100,0,3648.63906838299,107.608541862881,4,0.99932538831136,0.99932538831136,330.640890476289,330.417836266831
14.79,100,0,3649.33696565279,107.635158712678,4,0.999330452140783,0.999330452140783,330.615448259078,330.394085393472
14.8,100,0,3650.03453153962,107.661765732912,4,0.99933551398757,0.99933551398757,330.590018128909,330.370345686013
14.81,100,0,3650.73176619797,107.68836292585,4,0.999340573852315,0.999340573852315,330.564600080149,330.346617139357
14.82,100,0,3651.42866978224,107.714950293762,4,0.999345631735613,0.999345631735613,330.539194107168,330.322899748408
14.83,100,0,3652.12524244678,107.741527838916,4,0.999350687638057,0.999350687638057,330.513800204339,330.299193508074
14.84,100,0,3652.82148434585,107.768095563582,4,0.999355741560244,0.999355741560244,330.488418366038,330.275498413264
14.85,100,0,3653.51739563366,107.794653470031,4,0.999360793502765,0.999360793502765,330.463048586642,330.25181445889
14.86,100,0,3654.21297646432,107.821201560532,4,0.999365843466217,0.999365843466217,330.437690860533,330.228141639865
14.87,100,0,3654.90822699188,107.847739837359,4,0.999370891451193,0.999370891451193,330.412345182092,330.204479951107
14.88,100,0,3655.60314737031,107.874268302783,4,0.999375937458286,0.999375937458286,330.387011545708,330.180829387533
14.89,100,0,3656.29773775353,107.900786959076,4,0.999380981488092,0.999380981488092,330.361689945766,330.157189944064
14.9,100,0,3656.99199829537,107.927295808512,4,0.999386023541204,0.999386023541204,330.33638037666,330.133561615625
14.91,100,0,3657.68592914957,107.953794853366,4,0.999391063618215,0.999391063618215,330.311082832782,330.109944397139
14.92,100,0,3658.37953046983,107.980284095911,4,0.99939610171972,0.99939610171972,330.285797308531,330.086338283535
14.93,100,0,3659.07280240976,108.006763538423,4,0.999401137846313,0.999401137846313,330.260523798303,330.062743269744
14.94,100,0,3659.7657451229,108.033233183178,4,0.999406171998587,0.999406171998587,330.235262296502,330.039159350696
14.95,100,0,3660.45835876271,108.059693032451,4,0.999411204177136,0.999411204177136,330.210012797531,330.015586521328
14.96,100,0,3661.1506434826,108.086143088521,4,0.999416234382553,0.999416234382553,330.184775295798,329.992024776576
14.97,100,0,3661.84259943588,108.112583353664,4,0.999421262615432,0.999421262615432,330.159549785713,329.96847411138
14.98,100,0,3662.53422677581,108.139013830159,4,0.999426288876366,0.999426288876366,330.134336261686,329.94493452068
14.99,100,0,3663.22552565557,108.165434520285,4,0.999431313165949,0.999431313165949,330.109134718134,329.92140599942
15,100,0,3663.91649622825,108.191845426321,4,0.999436335484774,0.999436335484774,330.083945149473,329.897888542547
15.01,100,0,3664.6071386469,108.218246550547,4,0.999441355833433,0.999441355833433,330.058767550124,329.874382145008
15.02,100,0,3665.29745306448,108.244637895243,4,0.999446374212522,0.999446374212522,330.03360191451,329.850886801756
15.03,100,0,3665.98743963387,108.271019462692,4,0.999451390622631,0.999451390622631,330.008448237055,329.827402507741
15.04,100,0,3666.67709850789,108.297391255173,4,0.999456405064355,0.999456405064355,329.983306512187,329.80392925792
15.05,100,0,3667.36642983929,108.323753274971,4,0.999461417538287,0.999461417538287,329.958176734339,329.780467047251
15.06,100,0,3668.05543378074,108.350105524368,4,0.999466428045019,0.999466428045019,329.933058897942,329.757015870693
15.07,100,0,3668.74411048484,108.376448005646,4,0.999471436585144,0.999471436585144,329.907952997433,329.733575723208
15.08,100,0,3669.43246010413,108.402780721092,4,0.999476443159255,0.999476443159255,329.882859027248,329.71014659976
15.09,100,0,3670.12048279105,108.429103672989,4,0.999481447767945,0.999481447767945,329.857776981829,329.686728495315
15.1,100,0,3670.80817869799,108.455416863622,4,0.999486450411806,0.999486450411806,329.832706855622,329.663321404843
15.11,100,0,3671.49554797728,108.481720295278,4,0.999491451091432,0.999491451091432,329.807648643071,329.639925323316
15.12,100,0,3672.18259078114,108.508013970243,4,0.999496449807413,0.999496449807413,329.782602338625,329.616540245706
15.13,100,0,3672.86930726175,108.534297890803,4,0.999501446560344,0.999501446560344,329.757567936735,329.593166166988
15.14,100,0,3673.5556975712,108.560572059248,4,0.999506441350816,0.999506441350816,329.732545431857,329.569803082141
15.15,100,0,3674.24176186153,108.586836477864,4,0.999511434179421,0.999511434179421,329.707534818446,329.546450986146
15.16,100,0,3674.92750028469,108.613091148941,4,0.999516425046753,0.999516425046753,329.68253609096,329.523109873983
15.17,100,0,3675.61291299255,108.639336074768,4,0.999521413953402,0.999521413953402,329.657549243863,329.499779740639
15.18,100,0,3676.29800013694,108.665571257635,4,0.999526400899962,0.999526400899962,329.632574271618,329.476460581099
15.19,100,0,3676.98276186959,108.691796699833,4,0.999531385887024,0.999531385887024,329.607611168693,329.453152390355
15.2,100,0,3677.66719834218,108.718012403652,4,0.99953636891518,0.99953636891518,329.582659929557,329.429855163396
15.21,100,0,3678.35130970629,108.744218371385,4,0.999541349985023,0.999541349985023,329.557720548682,329.406568895216
15.22,100,0,3679.03509611346,108.770414605323,4,0.999546329097143,0.999546329097143,329.532793020544,329.383293580813
15.23,100,0,3679.71855771514,108.79660110776,4,0.999551306252134,0.999551306252134,329.507877339619,329.360029215184
15.24,100,0,3680.4016946627,108.822777880988,4,0.999556281450586,0.999556281450586,329.482973500387,329.336775793329
15.25,100,0,3681.08450710748,108.848944927303,4,0.999561254693092,0.999561254693092,329.458081497331,329.313533310251
15.26,100,0,3681.76699520069,108.875102248997,4,0.999566225980242,0.999566225980242,329.433201324936,329.290301760955
15.27,100,0,3682.44915909353,108.901249848368,4,0.999571195312629,0.999571195312629,329.408332977689,329.267081140449
15.28,100,0,3683.13099893707,108.927387727709,4,0.999576162690844,0.999576162690844,329.383476450082,329.243871443743
15.29,100,0,3683.81251488236,108.953515889318,4,0.999581128115478,0.999581128115478,329.358631736606,329.220672665847
15.3,100,0,3684.49370708033,108.979634335491,4,0.999586091587123,0.999586091587123,329.333798831757,329.197484801775
15.31,100,0,3685.1745756819,109.005743068525,4,0.999591053106369,0.999591053106369,329.308977730033,329.174307846546
15.32,100,0,3685.85512083785,109.031842090719,4,0.999596012673809,0.999596012673809,329.284168425935,329.151141795175
15.33,100,0,3686.53534269894,109.057931404372,4,0.999600970290034,0.999600970290034,329.259370913965,329.127986642686
15.34,100,0,3687.21524141585,109.084011011781,4,0.999605925955633,0.999605925955633,329.23458518863,329.104842384099
15.35,100,0,3687.89481713916,109.110080915247,4,0.999610879671199,0.999610879671199,329.209811244438,329.081709014442
15.36,100,0,3688.57407001942,109.136141117069,4,0.999615831437323,0.999615831437323,329.1850490759,329.058586528741
15.37,100,0,3689.25300020708,109.162191619549,4,0.999620781254595,0.999620781254595,329.160298677528,329.035474922026
15.38,100,0,3689.93160785253,109.188232424989,4,0.999625729123605,0.999625729123605,329.13556004384,329.01237418933
15.39,100,0,3690.60989310609,109.214263535688,4,0.999630675044946,0.999630675044946,329.110833169352,328.989284325684
15.4,100,0,3691.287856118,109.240284953951,4,0.999635619019207,0.999635619019207,329.086118048587,328.966205326128
15.41,100,0,3691.96549703845,109.26629668208,4,0.99964056104698,0.99964056104698,329.06141467607,328.943137185699
15.42,100,0,3692.64281601754,109.292298722379,4,0.999645501128854,0.999645501128854,329.036723046324,328.920079899438
15.43,100,0,3693.3198132053,109.318291077151,4,0.99965043926542,0.99965043926542,329.01204315388,328.897033462389
15.44,100,0,3693.9964887517,109.344273748701,4,0.999655375457268,0.999655375457268,328.987374993268,328.873997869597
15.45,100,0,3694.67284280664,109.370246739334,4,0.99966030970499,0.99966030970499,328.962718559023,328.850973116109
15.46,100,0,3695.34887551994,109.396210051357,4,0.999665242009175,0.999665242009175,328.938073845681,328.827959196975
15.47,100,0,3696.02458704135,109.422163687075,4,0.999670172370414,0.999670172370414,328.913440847781,328.804956107247
15.48,100,0,3696.69997752056,109.448107648795,4,0.999675100789296,0.999675100789296,328.888819559865,328.78196384198
15.49,100,0,3697.37504710718,109.474041938824,4,0.999680027266411,0.999680027266411,328.864209976476,328.75898239623
15.5,100,0,3698.04979595075,109.49996655947,4,0.999684951802351,0.999684951802351,328.839612092161,328.736011765056
15.51,100,0,3698.72422420074,109.525881513042,4,0.999689874397704,0.999689874397704,328.81502590147,328.713051943519
15.52,100,0,3699.39833200657,109.551786801849,4,0.999694795053061,0.999694795053061,328.790451398955,328.690102926682
15.53,100,0,3700.07211951755,109.5776824282,4,0.999699713769011,0.999699713769011,328.765888579169,328.66716470961
15.54,100,0,3700.74558688296,109.603568394405,4,0.999704630546145,0.999704630546145,328.741337436669,328.64423728737
15.55,100,0,3701.41873425199,109.629444702774,4,0.999709545385051,0.999709545385051,328.716797966016,328.621320655035
15.56,100,0,3702.09156177375,109.65531135562,4,0.99971445828632,0.99971445828632,328.692270161769,328.598414807674
15.57,100,0,3702.76406959729,109.681168355253,4,0.999719369250541,0.999719369250541,328.667754018495,328.575519740362
15.58,100,0,3703.43625787161,109.707015703985,4,0.999724278278303,0.999724278278303,328.643249530761,328.552635448176
15.59,100,0,3704.10812674562,109.73285340413,4,0.999729185370197,0.999729185370197,328.618756693135,328.529761926195
15.6,100,0,3704.77967636815,109.758681458,4,0.99973409052681,0.99973409052681,328.594275500191,328.506899169499
15.61,100,0,3705.45090688797,109.78449986791,4,0.999738993748734,0.999738993748734,328.569805946501,328.484047173171
15.62,100,0,3706.1218184538,109.810308636173,4,0.999743895036556,0.999743895036556,328.545348026644,328.461205932298
15.63,100,0,3706.79241121426,109.836107765104,4,0.999748794390866,0.999748794390866,328.520901735199,328.438375441965
15.64,100,0,3707.46268531791,109.86189725702,4,0.999753691812254,0.999753691812254,328.496467066749,328.415555697265
15.65,100,0,3708.13264091326,109.887677114235,4,0.999758587301307,0.999758587301307,328.472044015878,328.392746693287
15.66,100,0,3708.80227814872,109.913447339066,4,0.999763480858616,0.999763480858616,328.447632577174,328.369948425127
15.67,100,0,3709.47159717264,109.939207933831,4,0.999768372484769,0.999768372484769,328.423232745226,328.347160887881
15.68,100,0,3710.14059813332,109.964958900846,4,0.999773262180354,0.999773262180354,328.398844514626,328.324384076647
15.69,100,0,3710.80928117897,109.990700242429,4,0.999778149945961,0.999778149945961,328.37446787997,328.301617986526
15.7,100,0,3711.47764645772,110.016431960899,4,0.999783035782179,0.999783035782179,328.350102835855,328.278862612621
15.71,100,0,3712.14569411767,110.042154058575,4,0.999787919689595,0.999787919689595,328.325749376879,328.256117950038
15.72,100,0,3712.81342430681,110.067866537777,4,0.999792801668799,0.999792801668799,328.301407497647,328.233383993883
15.73,100,0,3713.48083717308,110.093569400825,4,0.999797681720378,0.999797681720378,328.277077192764,328.210660739267
15.74,100,0,3714.14793286436,110.119262650038,4,0.999802559844922,0.999802559844922,328.252758456834,328.1879481813
15.75,100,0,3714.81471152843,110.144946287739,4,0.999807436043019,0.999807436043019,328.228451284471,328.165246315098
15.76,100,0,3715.48117331303,110.170620316248,4,0.999812310315257,0.999812310315257,328.204155670285,328.142555135776
15.77,100,0,3716.14731836581,110.196284737889,4,0.999817182662224,0.999817182662224,328.179871608892,328.119874638453
15.78,100,0,3716.81314683438,110.221939554983,4,0.999822053084509,0.999822053084509,328.155599094908,328.097204818248
15.79,100,0,3717.47865886625,110.247584769854,4,0.999826921582699,0.999826921582699,328.131338122957,328.074545670287
15.8,100,0,3718.14385460887,110.273220384826,4,0.999831788157382,0.999831788157382,328.107088687656,328.051897189692
15.81,100,0,3718.80873420962,110.298846402222,4,0.999836652809147,0.999836652809147,328.082850783634,328.029259371591
15.82,100,0,3719.47329781583,110.324462824367,4,0.999841515538581,0.999841515538581,328.058624405516,328.006632211113
15.83,100,0,3720.13754557473,110.350069653587,4,0.999846376346273,0.999846376346273,328.034409547934,327.984015703391
15.84,100,0,3720.8014776335,110.375666892207,4,0.999851235232809,0.999851235232809,328.010206205519,327.961409843557
15.85,100,0,3721.46509413926,110.401254542553,4,0.999856092198778,0.999856092198778,327.986014372907,327.938814626747
15.86,100,0,3722.12839523903,110.426832606952,4,0.999860947244768,0.999860947244768,327.961834044735,327.9162300481
15.87,100,0,3722.79138107979,110.452401087731,4,0.999865800371365,0.999865800371365,327.937665215644,327.893656102757
15.88,100,0,3723.45405180845,110.477959987218,4,0.999870651579157,0.999870651579157,327.913507880275,327.871092785858
15.89,100,0,3724.11640757182,110.503509307742,4,0.999875500868732,0.999875500868732,327.889362033274,327.848540092549
15.9,100,0,3724.77844851668,110.52904905163,4,0.999880348240677,0.999880348240677,327.865227669288,327.825998017976
15.91,100,0,3725.44017478971,110.554579221212,4,0.999885193695579,0.999885193695579,327.841104782967,327.80346655729
15.92,100,0,3726.10158653756,110.580099818818,4,0.999890037234026,0.999890037234026,327.816993368964,327.78094570564
15.93,100,0,3726.76268390677,110.605610846778,4,0.999894878856604,0.999894878856604,327.792893421934,327.75843545818
15.94,100,0,3727.42346704382,110.631112307422,4,0.999899718563901,0.999899718563901,327.768804936533,327.735935810066
15.95,100,0,3728.08393609516,110.656604203082,4,0.999904556356504,0.999904556356504,327.744727907423,327.713446756455
15.96,100,0,3728.74409120711,110.68208653609,4,0.999909392235,0.999909392235,327.720662329266,327.690968292508
15.97,100,0,3729.40393252598,110.707559308777,4,0.999914226199975,0.999914226199975,327.696608196725,327.668500413385
15.98,100,0,3730.06346019796,110.733022523477,4,0.999919058252016,0.999919058252016,327.67256550447,327.646043114251
15.99,100,0,3730.72267436922,110.758476182522,4,0.999923888391711,0.999923888391711,327.648534247169,327.623596390274
16,100,0,3731.38157518582,110.783920288246,4,0.999928716619645,0.999928716619645,327.624514419495,327.60116023662
16.01,100,0,3732.04016279378,110.809354842984,4,0.999933542936405,0.999933542936405,327.600506016123,327.578734648461
16.02,100,0,3732.69843733904,110.834779849069,4,0.999938367342579,0.999938367342579,327.576509031731,327.556319620971
16.03,100,0,3733.35639896747,110.860195308837,4,0.999943189838752,0.999943189838752,327.552523460997,327.533915149322
16.04,100,0,3734.01404782487,110.885601224624,4,0.99994801042551,0.99994801042551,327.528549298605,327.511521228694
16.05,100,0,3734.671384057,110.910997598766,4,0.999952829103441,0.999952829103441,327.504586539239,327.489137854265
16.06,100,0,3735.3284078095,110.936384433598,4,0.99995764587313,0.99995764587313,327.480635177586,327.466765021216
16.07,100,0,3735.98511922798,110.961761731459,4,0.999962460735163,0.999962460735163,327.456695208337,327.444402724733
16.08,100,0,3736.64151845798,110.987129494686,4,0.999967273690127,0.999967273690127,327.432766626182,327.422050959999
16.09,100,0,3737.29760564497,111.012487725616,4,0.999972084738608,0.999972084738608,327.408849425817,327.399709722203
16.1,100,0,3737.95338093432,111.037836426589,4,0.999976893881191,0.999976893881191,327.384943601939,327.377379006536
16.11,100,0,3738.60884447139,111.063175599943,4,0.999981701118463,0.999981701118463,327.361049149248,327.35505880819
16.12,100,0,3739.26399640142,111.088505248017,4,0.999986506451009,0.999986506451009,327.337166062446,327.332749122359
16.13,100,0,3739.9188368696,111.113825373152,4,0.999991309879416,0.999991309879416,327.313294336236,327.310449944239
16.14,100,0,3740.57336602108,111.139135977688,4,0.999996111404268,0.999996111404268,327.289433965326,327.28816126903
16.15,100,0,3741.22758400089,111.164437063966,4,1.00000091102615,1.00000091102615,327.265584944425,327.265883091932
16.16,100,0,3741.88149095403,111.189728634327,4,1.00000570874565,1.00000570874565,327.241747268246,327.243615408149
16.17,100,0,3742.53508702543,111.215010691112,4,1.00001050456336,1.00001050456336,327.217920931503,327.221358212885
16.18,100,0,3743.18837235993,111.240283236665,4,1.00001529847985,1.00001529847985,327.194105928912,327.199111501349
16.19,100,0,3743.84134710232,111.265546273328,4,1.00002009049572,1.00002009049572,327.170302255193,327.176875268748
16.2,100,0,3744.49401139732,111.290799803444,4,1.00002488061154,1.00002488061154,327.146509905067,327.154649510296
16.21,100,0,3745.14636538959,111.316043829357,4,1.00002966882791,1.00002966882791,327.122728873259,327.132434221206
16.22,100,0,3745.7984092237,111.341278353411,4,1.0000344551454,1.0000344551454,327.098959154495,327.110229396694
16.23,100,0,3746.45014304418,111.36650337795,4,1.00003923956462,1.00003923956462,327.075200743504,327.088035031978
16.24,100,0,3747.10156699546,111.39171890532,4,1.00004402208613,1.00004402208613,327.051453635018,327.065851122278
16.25,100,0,3747.75268122194,111.416924937866,4,1.00004880271052,1.00004880271052,327.027717823771,327.043677662817
16.26,100,0,3748.40348586792,111.442121477935,4,1.00005358143839,1.00005358143839,327.003993304499,327.021514648819
16.27,100,0,3749.05398107765,111.467308527872,4,1.0000583582703,1.0000583582703,326.980280071942,326.99936207551
16.28,100,0,3749.70416699531,111.492486090025,4,1.00006313320686,1.00006313320686,326.956578120839,326.97721993812
16.29,100,0,3750.35404376502,111.51765416674,4,1.00006790624864,1.00006790624864,326.932887445935,326.955088231879
16.3,100,0,3751.00361153081,111.542812760367,4,1.00007267739623,1.00007267739623,326.909208041977,326.93296695202
16.31,100,0,3751.65287043667,111.567961873252,4,1.00007744665021,1.00007744665021,326.885539903713,326.91085609378
16.32,100,0,3752.3018206265,111.593101507746,4,1.00008221401117,1.00008221401117,326.861883025893,326.888755652394
16.33,100,0,3752.95046224415,111.618231666196,4,1.00008697947968,1.00008697947968,326.838237403272,326.866665623102
16.34,100,0,3753.5987954334,111.643352350953,4,1.00009174305635,1.00009174305635,326.814603030605,326.844586001146
16.35,100,0,3754.24682033794,111.668463564367,4,1.00009650474174,1.00009650474174,326.790979902651,326.822516781771
16.36,100,0,3754.89453710143,111.693565308788,4,1.00010126453645,1.00010126453645,326.767368014171,326.800457960221
16.37,100,0,3755.54194586744,111.718657586568,4,1.00010602244106,1.00010602244106,326.743767359928,326.778409531744
16.38,100,0,3756.18904677948,111.743740400058,4,1.00011077845615,1.00011077845615,326.720177934687,326.756371491591
16.39,100,0,3756.83583998098,111.768813751609,4,1.0001155325823,1.0001155325823,326.696599733216,326.734343835013
16.4,100,0,3757.48232561532,111.793877643574,4,1.00012028482011,1.00012028482011,326.673032750288,326.712326557266
16.41,100,0,3758.12850382582,111.818932078307,4,1.00012503517015,1.00012503517015,326.649476980673,326.690319653606
16.42,100,0,3758.7743747557,111.843977058159,4,1.00012978363301,1.00012978363301,326.625932419147,326.66832311929
16.43,100,0,3759.41993854815,111.869012585486,4,1.00013453020927,1.00013453020927,326.602399060489,326.646336949581
16.44,100,0,3760.06519534626,111.89403866264,4,1.00013927489951,1.00013927489951,326.578876899478,326.62436113974
16.45,100,0,3760.71014529309,111.919055291977,4,1.00014401770432,1.00014401770432,326.555365930898,326.602395685033
16.46,100,0,3761.35478853159,111.944062475852,4,1.00014875862429,1.00014875862429,326.531866149532,326.580440580726
16.47,100,0,3761.99912520469,111.96906021662,4,1.00015349765999,1.00015349765999,326.508377550169,326.55849582209
16.48,100,0,3762.64315545522,111.994048516637,4,1.00015823481201,1.00015823481201,326.4849001276,326.536561404395
16.49,100,0,3763.28687942595,112.019027378259,4,1.00016297008093,1.00016297008093,326.461433876614,326.514637322914
16.5,100,0,3763.9302972596,112.043996803843,4,1.00016770346734,1.00016770346734,326.437978792009,326.492723572924
16.51,100,0,3764.57340909879,112.068956795747,4,1.00017243497182,1.00017243497182,326.414534868582,326.470820149702
16.52,100,0,3765.21621508611,112.093907356328,4,1.00017716459494,1.00017716459494,326.39110210113,326.448927048527
16.53,100,0,3765.85871536407,112.118848487943,4,1.00018189233731,1.00018189233731,326.367680484457,326.427044264681
16.54,100,0,3766.50091007509,112.143780192953,4,1.00018661819949,1.00018661819949,326.344270013366,326.405171793449
16.55,100,0,3767.14279936157,112.168702473714,4,1.00019134218207,1.00019134218207,326.320870682665,326.383309630116
16.56,100,0,3767.78438336581,112.193615332588,4,1.00019606428563,1.00019606428563,326.297482487163,326.361457769971
16.57,100,0,3768.42566223005,112.218518771934,4,1.00020078451076,1.00020078451076,326.274105421672,326.339616208304
16.58,100,0,3769.06663609647,112.243412794111,4,1.00020550285804,1.00020550285804,326.250739481006,326.317784940408
16.59,100,0,3769.70730510717,112.268297401481,4,1.00021021932805,1.00021021932805,326.22738465998,326.295963961577
16.6,100,0,3770.3476694042,112.293172596405,4,1.00021493392138,1.00021493392138,326.204040953415,326.274153267107
16.61,100,0,3770.98772912954,112.318038381244,4,1.0002196466386,1.0002196466386,326.18070835613,326.252352852297
16.62,100,0,3771.62748442511,112.342894758361,4,1.0002243574803,1.0002243574803,326.15738686295,326.230562712448
16.63,100,0,3772.26693543274,112.367741730116,4,1.00022906644706,1.00022906644706,326.1340764687,326.208782842863
16.64,100,0,3772.90608229421,112.392579298875,4,1.00023377353947,1.00023377353947,326.11077716821,326.187013238847
16.65,100,0,3773.54492515124,112.417407466999,4,1.00023847875809,1.00023847875809,326.08748895631,326.165253895707
16.66,100,0,3774.18346414548,112.442226236852,4,1.00024318210353,1.00024318210353,326.064211827834,326.143504808752
16.67,100,0,3774.82169941851,112.467035610798,4,1.00024788357636,1.00024788357636,326.040945777616,326.121765973294
16.68,100,0,3775.45963111184,112.491835591202,4,1.00025258317716,1.00025258317716,326.017690800495,326.100037384646
16.69,100,0,3776.09725936692,112.516626180429,4,1.00025728090651,1.00025728090651,325.994446891311,326.078319038123
16.7,100,0,3776.73458432514,112.541407380843,4,1.00026197676499,1.00026197676499,325.971214044907,326.056610929044
16.71,100,0,3777.37160612782,112.566179194812,4,1.0002666707532,1.0002666707532,325.947992256129,326.034913052727
16.72,100,0,3778.00832491621,112.5909416247,4,1.0002713628717,1.0002713628717,325.924781519824,326.013225404494
16.73,100,0,3778.64474083149,112.615694672874,4,1.00027605312108,1.00027605312108,325.901581830841,325.99154797967
16.74,100,0,3779.28085401478,112.640438341702,4,1.00028074150192,1.00028074150192,325.878393184034,325.96988077358
16.75,100,0,3779.91666460715,112.665172633551,4,1.00028542801481,1.00028542801481,325.855215574256,325.948223781553
16.76,100,0,3780.55217274958,112.689897550788,4,1.00029011266032,1.00029011266032,325.832048996366,325.926576998918
16.77,100,0,3781.187378583,112.714613095781,4,1.00029479543904,1.00029479543904,325.808893445221,325.904940421007
16.78,100,0,3781.82228224826,112.7393192709,4,1.00029947635154,1.00029947635154,325.785748915686,325.883314043156
16.79,100,0,3782.45688388616,112.764016078514,4,1.00030415539841,1.00030415539841,325.762615402624,325.8616978607
16.8,100,0,3783.09118363742,112.788703520991,4,1.00030883258024,1.00030883258024,325.7394929009,325.840091868977
16.81,100,0,3783.72518164271,112.813381600702,4,1.00031350789759,1.00031350789759,325.716381405385,325.818496063329
16.82,100,0,3784.35887804263,112.838050320016,4,1.00031818135105,1.00031818135105,325.69328091095,325.796910439098
16.83,100,0,3784.99227297771,112.862709681305,4,1.00032285294121,1.00032285294121,325.670191412468,325.775334991629
16.84,100,0,3785.6253665884,112.887359686939,4,1.00032752266863,1.00032752266863,325.647112904815,325.753769716267
16.85,100,0,3786.25815901513,112.91200033929,4,1.00033219053392,1.00033219053392,325.624045382871,325.732214608363
16.86,100,0,3786.89065039821,112.93663164073,4,1.00033685653763,1.00033685653763,325.600988841516,325.710669663268
16.87,100,0,3787.52284087792,112.961253593631,4,1.00034152068037,1.00034152068037,325.577943275634,325.689134876333
16.88,100,0,3788.15473059447,112.985866200366,4,1.00034618296269,1.00034618296269,325.554908680109,325.667610242915
16.89,100,0,3788.78631968799,113.010469463307,4,1.0003508433852,1.0003508433852,325.53188504983,325.64609575837
16.9,100,0,3789.41760829857,113.035063384828,4,1.00035550194846,1.00035550194846,325.508872379687,325.624591418058
16.91,100,0,3790.0485965662,113.059647967303,4,1.00036015865305,1.00036015865305,325.485870664573,325.60309721734
16.92,100,0,3790.67928463084,113.084223213106,4,1.00036481349957,1.00036481349957,325.462879899384,325.581613151579
16.93,100,0,3791.30967263237,113.108789124612,4,1.00036946648858,1.00036946648858,325.439900079016,325.560139216141
16.94,100,0,3791.9397607106,113.133345704196,4,1.00037411762067,1.00037411762067,325.416931198368,325.538675406392
16.95,100,0,3792.56954900528,113.157892954233,4,1.00037876689641,1.00037876689641,325.393973252344,325.517221717704
16.96,100,0,3793.19903765609,113.182430877099,4,1.00038341431639,1.00038341431639,325.371026235849,325.495778145448
16.97,100,0,3793.82822680266,113.20695947517,4,1.00038805988119,1.00038805988119,325.348090143788,325.474344684995
16.98,100,0,3794.45711658454,113.231478750822,4,1.00039270359139,1.00039270359139,325.325164971072,325.452921331725
16.99,100,0,3795.08570714123,113.255988706433,4,1.00039734544756,1.00039734544756,325.30225071261,325.431508081013
17,100,0,3795.71399861214,113.28048934438,4,1.00040198545029,1.00040198545029,325.279347363319,325.410104928239
17.01,100,0,3796.34199113664,113.304980667041,4,1.00040662360016,1.00040662360016,325.256454918113,325.388711868787
17.02,100,0,3796.96968485402,113.329462676794,4,1.00041125989774,1.00041125989774,325.233573371912,325.367328898038
17.03,100,0,3797.59707990353,113.353935376017,4,1.00041589434361,1.00041589434361,325.210702719636,325.34595601138
17.04,100,0,3798.22417642431,113.378398767089,4,1.00042052693836,1.00042052693836,325.18784295621,325.324593204202
17.05,100,0,3798.85097455549,113.40285285239,4,1.00042515768257,1.00042515768257,325.164994076558,325.303240471892
17.06,100,0,3799.47747443608,113.427297634298,4,1.0004297865768,1.0004297865768,325.142156075608,325.281897809843
17.07,100,0,3800.10367620508,113.451733115195,4,1.00043441362165,1.00043441362165,325.119328948292,325.260565213449
17.08,100,0,3800.72958000138,113.47615929746,4,1.00043903881769,1.00043903881769,325.096512689541,325.239242678108
17.09,100,0,3801.35518596383,113.500576183474,4,1.0004436621655,1.0004436621655,325.07370729429,325.217930199216
17.1,100,0,3801.98049423121,113.524983775619,4,1.00044828366566,1.00044828366566,325.050912757479,325.196627772177
17.11,100,0,3802.60550494224,113.549382076276,4,1.00045290331875,1.00045290331875,325.028129074045,325.175335392389
17.12,100,0,3803.23021823556,113.573771087826,4,1.00045752112534,1.00045752112534,325.005356238931,325.15405305526
17.13,100,0,3803.85463424977,113.598150812653,4,1.00046213708602,1.00046213708602,324.982594247082,325.132780756195
17.14,100,0,3804.47875312339,113.622521253138,4,1.00046675120136,1.00046675120136,324.959843093443,325.111518490602
17.15,100,0,3805.10257499487,113.646882411665,4,1.00047136347195,1.00047136347195,324.937102772966,325.090266253894
17.16,100,0,3805.72610000261,113.671234290618,4,1.00047597389836,1.00047597389836,324.914373280599,325.069024041482
17.17,100,0,3806.34932828494,113.695576892379,4,1.00048058248116,1.00048058248116,324.891654611299,325.047791848781
17.18,100,0,3806.97225998012,113.719910219333,4,1.00048518922095,1.00048518922095,324.868946760019,325.026569671208
17.19,100,0,3807.59489522636,113.744234273865,4,1.00048979411829,1.00048979411829,324.84624972172,325.005357504182
17.2,100,0,3808.2172341618,113.768549058359,4,1.00049439717376,1.00049439717376,324.823563491362,324.984155343124
17.21,100,0,3808.8392769245,113.7928545752,4,1.00049899838795,1.00049899838795,324.800888063907,324.962963183457
17.22,100,0,3809.46102365247,113.817150826775,4,1.00050359776143,1.00050359776143,324.778223434322,324.941781020606
17.23,100,0,3810.08247448367,113.841437815469,4,1.00050819529478,1.00050819529478,324.755569597573,324.920608849996
17.24,100,0,3810.70362955598,113.865715543669,4,1.00051279098857,1.00051279098857,324.732926548633,324.89944666706
17.25,100,0,3811.3244890072,113.88998401376,4,1.00051738484339,1.00051738484339,324.710294282472,324.878294467227
17.26,100,0,3811.9450529751,113.914243228131,4,1.00052197685981,1.00052197685981,324.687672794064,324.857152245929
17.27,100,0,3812.56532159736,113.938493189168,4,1.00052656703842,1.00052656703842,324.665062078388,324.836019998603
17.28,100,0,3813.18529501161,113.96273389926,4,1.00053115537977,1.00053115537977,324.642462130422,324.814897720685
17.29,100,0,3813.80497335542,113.986965360794,4,1.00053574188447,1.00053574188447,324.619872945149,324.793785407616
17.3,100,0,3814.42435676627,114.011187576159,4,1.00054032655308,1.00054032655308,324.597294517551,324.772683054835
17.31,100,0,3815.04344538162,114.035400547743,4,1.00054490938617,1.00054490938617,324.574726842617,324.751590657787
17.32,100,0,3815.66223933881,114.059604277937,4,1.00054949038434,1.00054949038434,324.552169915332,324.730508211916
17.33,100,0,3816.28073877518,114.083798769129,4,1.00055406954815,1.00055406954815,324.529623730691,324.709435712672
17.34,100,0,3816.89894382795,114.107984023709,4,1.00055864687818,1.00055864687818,324.507088283684,324.6883731555
17.35,100,0,3817.5168546343,114.132160044068,4,1.00056322237501,1.00056322237501,324.484563569308,324.667320535855
17.36,100,0,3818.13447133137,114.156326832596,4,1.00056779603921,1.00056779603921,324.462049582561,324.646277849189
17.37,100,0,3818.75179405619,114.180484391684,4,1.00057236787137,1.00057236787137,324.439546318443,324.625245090958
17.38,100,0,3819.36882294575,114.204632723723,4,1.00057693787206,1.00057693787206,324.417053771956,324.60422225662
17.39,100,0,3819.98555813699,114.228771831106,4,1.00058150604186,1.00058150604186,324.394571938105,324.583209341633
17.4,100,0,3820.60199976677,114.252901716223,4,1.00058607238134,1.00058607238134,324.372100811898,324.56220634146
17.41,100,0,3821.21814797188,114.277022381468,4,1.00059063689108,1.00059063689108,324.349640388342,324.541213251563
17.42,100,0,3821.83400288906,114.301133829232,4,1.00059519957165,1.00059519957165,324.327190662452,324.52023006741
17.43,100,0,3822.44956465499,114.32523606191,4,1.00059976042364,1.00059976042364,324.304751629239,324.499256784466
17.44,100,0,3823.06483340627,114.349329081894,4,1.00060431944762,1.00060431944762,324.282323283722,324.478293398203
17.45,100,0,3823.67980927944,114.373412891578,4,1.00060887664417,1.00060887664417,324.259905620917,324.45733990409
17.46,100,0,3824.294492411,114.397487493356,4,1.00061343201386,1.00061343201386,324.237498635847,324.436396297603
17.47,100,0,3824.90888293736,114.421552889623,4,1.00061798555727,1.00061798555727,324.215102323534,324.415462574217
17.48,100,0,3825.52298099488,114.445609082773,4,1.00062253727497,1.00062253727497,324.192716679003,324.394538729409
17.49,100,0,3826.13678671985,114.469656075201,4,1.00062708716754,1.00062708716754,324.170341697283,324.373624758659
17.5,100,0,3826.75030024851,114.493693869302,4,1.00063163523556,1.00063163523556,324.147977373404,324.352720657449
17.51,100,0,3827.36352171701,114.517722467473,4,1.00063618147961,1.00063618147961,324.125623702397,324.331826421262
17.52,100,0,3827.97645126146,114.54174187211,4,1.00064072590025,1.00064072590025,324.103280679298,324.310942045584
17.53,100,0,3828.58908901791,114.565752085608,4,1.00064526849806,1.00064526849806,324.080948299144,324.290067525904
17.54,100,0,3829.20143512233,114.589753110365,4,1.00064980927363,1.00064980927363,324.058626556974,324.269202857711
17.55,100,0,3829.81348971064,114.613744948777,4,1.00065434822752,1.00065434822752,324.036315447828,324.248348036495
17.56,100,0,3830.42525291869,114.637727603243,4,1.00065888536032,1.00065888536032,324.014014966753,324.227503057753
17.57,100,0,3831.03672488227,114.661701076159,4,1.00066342067259,1.00066342067259,323.991725108793,324.206667916979
17.58,100,0,3831.6479057371,114.685665369924,4,1.00066795416492,1.00066795416492,323.969445868996,324.18584260967
17.59,100,0,3832.25879561886,114.709620486937,4,1.00067248583787,1.00067248583787,323.947177242413,324.165027131326
17.6,100,0,3832.86939466314,114.733566429595,4,1.00067701569202,1.00067701569202,323.924919224099,324.14422147745
17.61,100,0,3833.47970300548,114.757503200298,4,1.00068154372796,1.00068154372796,323.902671809106,324.123425643546
17.62,100,0,3834.08972078135,114.781430801445,4,1.00068606994624,1.00068606994624,323.880434992493,324.102639625118
17.63,100,0,3834.69944812617,114.805349235437,4,1.00069059434746,1.00069059434746,323.85820876932,324.081863417674
17.64,100,0,3835.3088851753,114.829258504672,4,1.00069511693218,1.00069511693218,323.835993134649,324.061097016726
17.65,100,0,3835.918032064,114.853158611552,4,1.00069963770097,1.00069963770097,323.813788083545,324.040340417783
17.66,100,0,3836.52688892753,114.877049558477,4,1.00070415665442,1.00070415665442,323.791593611073,324.019593616361
17.67,100,0,3837.13545590102,114.900931347847,4,1.0007086737931,1.0007086737931,323.769409712303,323.998856607975
17.68,100,0,3837.74373311959,114.924803982065,4,1.00071318911758,1.00071318911758,323.747236382306,323.978129388141
17.69,100,0,3838.35172071828,114.948667463532,4,1.00071770262844,1.00071770262844,323.725073616155,323.957411952381
17.7,100,0,3838.95941883205,114.972521794649,4,1.00072221432625,1.00072221432625,323.702921408926,323.936704296216
17.71,100,0,3839.56682759583,114.99636697782,4,1.00072672421158,1.00072672421158,323.680779755698,323.916006415171
17.72,100,0,3840.17394714445,115.020203015446,4,1.00073123228502,1.00073123228502,323.658648651549,323.895318304769
17.73,100,0,3840.78077761272,115.044029909931,4,1.00073573854713,1.00073573854713,323.636528091563,323.87463996054
17.74,100,0,3841.38731913535,115.067847663677,4,1.00074024299849,1.00074024299849,323.614418070825,323.853971378013
17.75,100,0,3841.99357184701,115.091656279089,4,1.00074474563967,1.00074474563967,323.592318584422,323.83331255272
17.76,100,0,3842.5995358823,115.115455758569,4,1.00074924647125,1.00074924647125,323.570229627441,323.812663480193
17.77,100,0,3843.20521137576,115.139246104522,4,1.00075374549381,1.00075374549381,323.548151194977,323.79202415597
17.78,100,0,3843.81059846187,115.163027319354,4,1.0007582427079,1.0007582427079,323.526083282122,323.771394575587
17.79,100,0,3844.41569727504,115.186799405467,4,1.00076273811412,1.00076273811412,323.504025883973,323.750774734586
17.8,100,0,3845.02050794962,115.210562365268,4,1.00076723171303,1.00076723171303,323.481978995626,323.730164628504
17.81,100,0,3845.62503061991,115.234316201161,4,1.0007717235052,1.0007717235052,323.459942612184,323.709564252889
17.82,100,0,3846.22926542014,115.258060915553,4,1.00077621349122,1.00077621349122,323.43791672875,323.688973603286
17.83,100,0,3846.83321248446,115.281796510849,4,1.00078070167164,1.00078070167164,323.415901340428,323.668392675241
17.84,100,0,3847.43687194699,115.305522989456,4,1.00078518804706,1.00078518804706,323.393896442325,323.647821464304
17.85,100,0,3848.04024394176,115.329240353779,4,1.00078967261804,1.00078967261804,323.371902029552,323.627259966027
17.86,100,0,3848.64332860276,115.352948606227,4,1.00079415538515,1.00079415538515,323.34991809722,323.606708175963
17.87,100,0,3849.24612606391,115.376647749207,4,1.00079863634896,1.00079863634896,323.327944640442,323.586166089668
17.88,100,0,3849.84863645906,115.400337785124,4,1.00080311551006,1.00080311551006,323.305981654337,323.565633702699
17.89,100,0,3850.45085992201,115.424018716389,4,1.00080759286901,1.00080759286901,323.284029134022,323.545111010615
17.9,100,0,3851.05279658649,115.447690545408,4,1.00081206842639,1.00081206842639,323.262087074618,323.524598008979
17.91,100,0,3851.65444658618,115.47135327459,4,1.00081654218276,1.00081654218276,323.240155471248,323.504094693353
17.92,100,0,3852.25581005467,115.495006906343,4,1.00082101413871,1.00082101413871,323.218234319038,323.483601059303
17.93,100,0,3852.85688712553,115.518651443078,4,1.0008254842948,1.0008254842948,323.196323613115,323.463117102396
17.94,100,0,3853.45767793224,115.542286887202,4,1.00082995265161,1.00082995265161,323.174423348609,323.442642818201
17.95,100,0,3854.05818260822,115.565913241125,4,1.00083441920971,1.00083441920971,323.152533520653,323.42217820229
17.96,100,0,3854.65840128683,115.589530507258,4,1.00083888396968,1.00083888396968,323.130654124379,323.401723250236
17.97,100,0,3855.25833410138,115.61313868801,4,1.00084334693208,1.00084334693208,323.108785154926,323.381277957613
17.98,100,0,3855.85798118511,115.636737785792,4,1.00084780809748,1.00084780809748,323.086926607431,323.360842319999
17.99,100,0,3856.45734267119,115.660327803015,4,1.00085226746647,1.00085226746647,323.065078477037,323.340416332975
18,100,0,3857.05641869274,115.683908742089,4,1.00085672503961,1.00085672503961,323.043240758885,323.319999992119
18.01,100,0,3857.65520938283,115.707480605426,4,1.00086118081747,1.00086118081747,323.021413448123,323.299593293016
18.02,100,0,3858.25371487443,115.731043395438,4,1.00086563480063,1.00086563480063,322.999596539896,323.27919623125
18.03,100,0,3858.85193530049,115.754597114535,4,1.00087008698966,1.00087008698966,322.977790029357,323.258808802409
18.04,100,0,3859.44987079388,115.778141765132,4,1.00087453738512,1.00087453738512,322.955993911656,323.238431002082
18.05,100,0,3860.0475214874,115.801677349639,4,1.00087898598761,1.00087898598761,322.934208181948,323.218062825858
18.06,100,0,3860.64488751381,115.82520387047,4,1.00088343279767,1.00088343279767,322.912432835389,323.197704269331
18.07,100,0,3861.24196900579,115.848721330038,4,1.00088787781589,1.00088787781589,322.890667867139,323.177355328097
18.08,100,0,3861.83876609597,115.872229730755,4,1.00089232104284,1.00089232104284,322.868913272359,323.15701599775
18.09,100,0,3862.43527891692,115.895729075037,4,1.00089676247909,1.00089676247909,322.847169046213,323.136686273892
18.1,100,0,3863.03150760113,115.919219365295,4,1.0009012021252,1.0009012021252,322.825435183864,323.116366152121
18.11,100,0,3863.62745228106,115.942700603945,4,1.00090563998176,1.00090563998176,322.803711680483,323.096055628042
18.12,100,0,3864.22311308908,115.966172793401,4,1.00091007604934,1.00091007604934,322.781998531238,323.075754697258
18.13,100,0,3864.81849015751,115.989635936078,4,1.00091451032849,1.00091451032849,322.760295731301,323.055463355375
18.14,100,0,3865.41358361861,116.01309003439,4,1.00091894281981,1.00091894281981,322.738603275848,323.035181598002
18.15,100,0,3866.00839360459,116.036535090752,4,1.00092337352384,1.00092337352384,322.716921160055,323.014909420751
18.16,100,0,3866.60292024758,116.059971107582,4,1.00092780244118,1.00092780244118,322.695249379101,322.994646819233
18.17,100,0,3867.19716367965,116.083398087293,4,1.00093222957239,1.00093222957239,322.673587928166,322.974393789062
18.18,100,0,3867.79112403283,116.106816032302,4,1.00093665491803,1.00093665491803,322.651936802436,322.954150325855
18.19,100,0,3868.38480143906,116.130224945026,4,1.00094107847869,1.00094107847869,322.630295997094,322.93391642523
18.2,100,0,3868.97819603024,116.153624827881,4,1.00094550025493,1.00094550025493,322.608665507328,322.913692082807
18.21,100,0,3869.57130793821,116.177015683283,4,1.00094992024732,1.00094992024732,322.587045328329,322.893477294209
18.22,100,0,3870.16413729473,116.200397513651,4,1.00095433845643,1.00095433845643,322.565435455288,322.873272055058
18.23,100,0,3870.75668423152,116.223770321401,4,1.00095875488283,1.00095875488283,322.543835883402,322.853076360982
18.24,100,0,3871.34894888023,116.247134108951,4,1.0009631695271,1.0009631695271,322.522246607865,322.832890207609
18.25,100,0,3871.94093137245,116.270488878719,4,1.0009675823898,1.0009675823898,322.500667623876,322.812713590568
18.26,100,0,3872.53263183971,116.293834633123,4,1.00097199347151,1.00097199347151,322.479098926637,322.792546505491
18.27,100,0,3873.12405041347,116.317171374582,4,1.00097640277278,1.00097640277278,322.457540511351,322.772388948012
18.28,100,0,3873.71518722516,116.340499105515,4,1.00098081029421,1.00098081029421,322.435992373223,322.752240913766
18.29,100,0,3874.3060424061,116.363817828339,4,1.00098521603634,1.00098521603634,322.414454507462,322.732102398391
18.3,100,0,3874.8966160876,116.387127545476,4,1.00098961999976,1.00098961999976,322.392926909275,322.711973397527
18.31,100,0,3875.48690840088,116.410428259343,4,1.00099402218504,1.00099402218504,322.371409573878,322.691853906816
18.32,100,0,3876.07691947709,116.433719972361,4,1.00099842259274,1.00099842259274,322.349902496481,322.6717439219
18.33,100,0,3876.67225302634,116.457001070277,4,1.00100134347987,1.00100134347987,322.29125620244,322.613980450456
18.34,100,0,3877.28757220336,116.480267242132,4,1.00100323198695,1.00100323198695,322.232284066147,322.555557800751
18.35,100,0,3877.91532797654,116.503520542069,4,1.00100496727199,1.00100496727199,322.188489328959,322.512278216147
18.36,100,0,3878.55007070151,116.526762470096,4,1.00100661462746,1.00100661462746,322.153379942997,322.477664247534
18.37,100,0,3879.18868298627,116.549993885429,4,1.00100821139987,1.00100821139987,322.123244568904,322.448012896242
18.38,100,0,3879.82938102716,116.573215280889,4,1.00100977895753,1.00100977895753,322.095960611077,322.421206334408
18.39,100,0,3880.47114386058,116.59642693971,4,1.00101132952987,1.00101132952987,322.070313701927,322.396032920869
18.4,100,0,3881.11338701735,116.619629025206,4,1.0010128701177,1.0010128701177,322.045608887778,322.371799261557
18.41,100,0,3881.75577585498,116.642821632052,4,1.00101440472961,1.00101440472961,322.021448362826,322.348108443082
18.42,100,0,3882.39811875315,116.666004815634,4,1.00101593566141,1.00101593566141,321.997604361115,322.324733210275
18.43,100,0,3883.04030598826,116.689178608835,4,1.00101746422827,1.00101746422827,321.973946444186,322.301543417127
18.44,100,0,3883.68227474222,116.712343031653,4,1.00101899118378,1.00101899118378,321.950399894724,322.278464513831
18.45,100,0,3884.32398906737,116.735498096707,4,1.00102051695987,1.00102051695987,321.926921903458,322.255453787101
18.46,100,0,3884.96542841232,116.758643812384,4,1.0010220418042,1.0010220418042,321.9034879368,322.232486758388
18.47,100,0,3885.60658104935,116.781780184645,4,1.00102356585879,1.00102356585879,321.880083930971,322.209549395509
18.48,100,0,3886.24744030862,116.804907218067,4,1.00102508920519,1.00102508920519,321.856701821413,322.186633652068
18.49,100,0,3886.88800242017,116.828024916426,4,1.00102661189021,1.00102661189021,321.833336981853,322.163734912263
18.5,100,0,3887.528265277,116.851133283043,4,1.00102813394077,1.00102813394077,321.809986756984,322.14085052685
18.51,100,0,3888.16822772593,116.874232320978,4,1.00102965537242,1.00102965537242,321.786649621565,322.117978974121
18.52,100,0,3888.80788916093,116.89732203314,4,1.00103117619411,1.00103117619411,321.76332469843,322.095119378999
18.53,100,0,3889.44724928997,116.920402422351,4,1.00103269641108,1.00103269641108,321.740011482143,322.072271237303
18.54,100,0,3890.08630800116,116.943473491385,4,1.00103421602639,1.00103421602639,321.716709680537,322.049434257648
18.55,100,0,3890.72506528605,116.966535242988,4,1.00103573504187,1.00103573504187,321.693419123827,322.026608270754
18.56,100,0,3891.3635211955,116.989587679888,4,1.00103725345865,1.00103725345865,321.670139712468,322.003793177428
18.57,100,0,3892.00167581449,117.012630804806,4,1.00103877127742,1.00103877127742,321.646871387238,321.980988918707
18.58,100,0,3892.63952924752,117.035664620456,4,1.00104028849868,1.00104028849868,321.62361411207,321.958195458735
18.59,100,0,3893.27708161029,117.058689129551,4,1.00104180512276,1.00104180512276,321.600367864197,321.935412774921
18.6,100,0,3893.91433302496,117.0817043348,4,1.00104332114994,1.00104332114994,321.577132628491,321.9126408523
18.61,100,0,3894.55128361733,117.104710238912,4,1.00104483658044,1.00104483658044,321.553908394211,321.889879680283
18.62,100,0,3895.18793351531,117.127706844598,4,1.00104635141444,1.00104635141444,321.530695153142,321.867129250802
18.63,100,0,3895.82428284799,117.150694154565,4,1.00104786565214,1.00104786565214,321.507492898521,321.844389557235
18.64,100,0,3896.46033174511,117.173672171522,4,1.00104937929371,1.00104937929371,321.484301624418,321.821660593795
18.65,100,0,3897.09608033678,117.196640898178,4,1.00105089233931,1.00105089233931,321.461121325384,321.798942355171
18.66,100,0,3897.73152875331,117.219600337243,4,1.00105240478912,1.00105240478912,321.437951996249,321.776234836334
18.67,100,0,3898.36667712507,117.242550491425,4,1.00105391664329,1.00105391664329,321.414793632002,321.753538032412
18.68,100,0,3899.0015255825,117.265491363432,4,1.001055427902,1.001055427902,321.391646227724,321.730851938622
18.69,100,0,3899.636074256,117.288422955976,4,1.0010569385654,1.0010569385654,321.368509778551,321.70817655024
18.7,100,0,3900.27032327597,117.311345271764,4,1.00105844863366,1.00105844863366,321.345384279651,321.685511862573
18.71,100,0,3900.90427277279,117.334258313507,4,1.00105995810693,1.00105995810693,321.322269726211,321.662857870945
18.72,100,0,3901.53792287677,117.357162083914,4,1.00106146698539,1.00106146698539,321.299166113431,321.640214570694
18.73,100,0,3902.17127371822,117.380056585696,4,1.00106297526919,1.00106297526919,321.276073436515,321.617581957162
18.74,100,0,3902.80432542738,117.402941821562,4,1.0010644829585,1.0010644829585,321.252991690677,321.5949600257
18.75,100,0,3903.43707813445,117.425817794223,4,1.00106599005348,1.00106599005348,321.22992087113,321.57234877166
18.76,100,0,3904.06953196959,117.448684506388,4,1.0010674965543,1.0010674965543,321.206860973093,321.549748190398
18.77,100,0,3904.70168706291,117.471541960769,4,1.0010690024611,1.0010690024611,321.183811991785,321.527158277271
18.78,100,0,3905.33354354448,117.494390160076,4,1.00107050777407,1.00107050777407,321.160773922427,321.504579027637
18.79,100,0,3905.96510154433,117.51722910702,4,1.00107201249335,1.00107201249335,321.137746760246,321.482010436859
18.8,100,0,3906.59636119242,117.540058804312,4,1.00107351661912,1.00107351661912,321.114730500466,321.459452500301
18.81,100,0,3907.2273226187,117.562879254663,4,1.00107502015153,1.00107502015153,321.091725138313,321.436905213326
18.82,100,0,3907.85798595305,117.585690460784,4,1.00107652309075,1.00107652309075,321.06873066902,321.414368571302
18.83,100,0,3908.48835132531,117.608492425387,4,1.00107802543694,1.00107802543694,321.045747087815,321.391842569596
18.84,100,0,3909.11841886527,117.631285151183,4,1.00107952719026,1.00107952719026,321.022774389932,321.369327203577
18.85,100,0,3909.74818870269,117.654068640884,4,1.00108102835087,1.00108102835087,320.999812570605,321.346822468619
18.86,100,0,3910.37766096727,117.676842897202,4,1.00108252891895,1.00108252891895,320.976861625071,321.324328360093
18.87,100,0,3911.00683578867,117.699607922848,4,1.00108402889464,1.00108402889464,320.953921548566,321.301844873374
18.88,100,0,3911.63571329649,117.722363720535,4,1.00108552827812,1.00108552827812,320.930992336332,321.27937200384
18.89,100,0,3912.26429362032,117.745110292975,4,1.00108702706955,1.00108702706955,320.908073983609,321.256909746866
18.9,100,0,3912.89257688967,117.767847642881,4,1.00108852526908,1.00108852526908,320.88516648564,321.234458097833
18.91,100,0,3913.52056323402,117.790575772964,4,1.00109002287689,1.00109002287689,320.86226983767,321.212017052123
18.92,100,0,3914.1482527828,117.813294685937,4,1.00109151989313,1.00109151989313,320.839384034944,321.189586605117
18.93,100,0,3914.77564566539,117.836004384514,4,1.00109301631796,1.00109301631796,320.816509072712,321.1671667522
18.94,100,0,3915.40274201114,117.858704871408,4,1.00109451215156,1.00109451215156,320.793644946222,321.144757488759
18.95,100,0,3916.02954194935,117.88139614933,4,1.00109600739408,1.00109600739408,320.770791650726,321.122358810179
18.96,100,0,3916.65604560925,117.904078220995,4,1.00109750204568,1.00109750204568,320.747949181477,321.099970711852
18.97,100,0,3917.28225312006,117.926751089115,4,1.00109899610654,1.00109899610654,320.72511753373,321.077593189167
18.98,100,0,3917.90816461093,117.949414756404,4,1.0011004895768,1.0011004895768,320.702296702742,321.055226237519
18.99,100,0,3918.53378021098,117.972069225576,4,1.00110198245664,1.00110198245664,320.67948668377,321.032869852299
19,100,0,3919.15910004927,117.994714499345,4,1.00110347474621,1.00110347474621,320.656687472076,321.010524028905
19.01,100,0,3919.78412425483,118.017350580423,4,1.00110496644569,1.00110496644569,320.633899062919,320.988188762733
19.02,100,0,3920.40885295663,118.039977471526,4,1.00110645755522,1.00110645755522,320.611121451563,320.965864049181
19.03,100,0,3921.03328628361,118.062595175367,4,1.00110794807498,1.00110794807498,320.588354633274,320.943549883652
19.04,100,0,3921.65742436465,118.08520369466,4,1.00110943800514,1.00110943800514,320.565598603319,320.921246261548
19.05,100,0,3922.2812673286,118.107803032119,4,1.00111092734584,1.00111092734584,320.542853356963,320.898953178271
19.06,100,0,3922.90481530424,118.13039319046,4,1.00111241609725,1.00111241609725,320.52011888948,320.876670629226
19.07,100,0,3923.52806842032,118.152974172395,4,1.00111390425955,1.00111390425955,320.49739519614,320.854398609823
19.08,100,0,3924.15102680556,118.175545980642,4,1.00111539183288,1.00111539183288,320.474682272215,320.832137115467
19.09,100,0,3924.77369058861,118.198108617913,4,1.00111687881742,1.00111687881742,320.451980112983,320.809886141572
19.1,100,0,3925.39605989809,118.220662086923,4,1.00111836521333,1.00111836521333,320.429288713718,320.787645683547
19.11,100,0,3926.01813486255,118.243206390389,4,1.00111985102076,1.00111985102076,320.406608069701,320.765415736807
19.12,100,0,3926.63991561054,118.265741531025,4,1.00112133623989,1.00112133623989,320.383938176211,320.743196296766
19.13,100,0,3927.26140227051,118.288267511545,4,1.00112282087087,1.00112282087087,320.36127902853,320.720987358842
19.14,100,0,3927.88259497091,118.310784334667,4,1.00112430491387,1.00112430491387,320.338630621941,320.698788918452
19.15,100,0,3928.50349384012,118.333292003104,4,1.00112578836905,1.00112578836905,320.31599295173,320.676600971017
19.16,100,0,3929.12409900649,118.355790519572,4,1.00112727123658,1.00112727123658,320.293366013183,320.654423511958
19.17,100,0,3929.7444105983,118.378279886788,4,1.00112875351662,1.00112875351662,320.270749801589,320.632256536698
19.18,100,0,3930.36442874382,118.400760107467,4,1.00113023520933,1.00113023520933,320.24814431224,320.610100040663
19.19,100,0,3930.98415357124,118.423231184324,4,1.00113171631487,1.00113171631487,320.225549540425,320.587954019277
19.2,100,0,3931.60358520873,118.445693120077,4,1.00113319683341,1.00113319683341,320.202965481441,320.565818467972
19.21,100,0,3932.2227237844,118.46814591744,4,1.00113467676511,1.00113467676511,320.18039213058,320.543693382173
19.22,100,0,3932.84156942632,118.490589579131,4,1.00113615611013,1.00113615611013,320.157829483141,320.521578757315
19.23,100,0,3933.46012226251,118.513024107864,4,1.00113763486864,1.00113763486864,320.135277534422,320.499474588828
19.24,100,0,3934.07838242095,118.535449506358,4,1.0011391130408,1.0011391130408,320.112736279726,320.477380872149
19.25,100,0,3934.69635002959,118.557865777328,4,1.00114059062678,1.00114059062678,320.090205714351,320.455297602712
19.26,100,0,3935.31402521629,118.580272923491,4,1.00114206762673,1.00114206762673,320.067685833603,320.433224775956
19.27,100,0,3935.93140810892,118.602670947563,4,1.00114354404082,1.00114354404082,320.045176632788,320.41116238732
19.28,100,0,3936.54849883526,118.625059852262,4,1.00114501986922,1.00114501986922,320.022678107212,320.389110432246
19.29,100,0,3937.16529752307,118.647439640305,4,1.00114649511208,1.00114649511208,320.000190252185,320.367068906175
19.3,100,0,3937.78180430005,118.669810314407,4,1.00114796976958,1.00114796976958,319.977713063016,320.34503780455
19.31,100,0,3938.39801929387,118.692171877288,4,1.00114944384186,1.00114944384186,319.955246535019,320.32301712282
19.32,100,0,3939.01394263214,118.714524331662,4,1.0011509173291,1.0011509173291,319.932790663507,320.301006856431
19.33,100,0,3939.62957444243,118.736867680249,4,1.00115239023147,1.00115239023147,319.910345443795,320.279007000831
19.34,100,0,3940.24491485228,118.759201925765,4,1.00115386254912,1.00115386254912,319.887910871202,320.257017551471
19.35,100,0,3940.85996398915,118.781527070928,4,1.00115533428221,1.00115533428221,319.865486941045,320.235038503804
19.36,100,0,3941.47472198049,118.803843118455,4,1.00115680543091,1.00115680543091,319.843073648646,320.213069853283
19.37,100,0,3942.08918895369,118.826150071064,4,1.00115827599539,1.00115827599539,319.820670989327,320.191111595364
19.38,100,0,3942.70336503609,118.848447931472,4,1.00115974597581,1.00115974597581,319.798278958413,320.169163725505
19.39,100,0,3943.31725035499,118.870736702399,4,1.00116121537232,1.00116121537232,319.775897551228,320.147226239163
19.4,100,0,3943.93084503765,118.89301638656,4,1.0011626841851,1.0011626841851,319.753526763101,320.125299131799
19.41,100,0,3944.54414921127,118.915286986675,4,1.00116415241431,1.00116415241431,319.731166589359,320.103382398874
19.42,100,0,3945.15716300302,118.937548505462,4,1.00116562006011,1.00116562006011,319.708817025336,320.081476035853
19.43,100,0,3945.76988654002,118.959800945638,4,1.00116708712266,1.00116708712266,319.68647806636,320.0595800382
19.44,100,0,3946.38231994934,118.982044309922,4,1.00116855360213,1.00116855360213,319.664149707769,320.037694401382
19.45,100,0,3946.99446335801,119.004278601033,4,1.00117001949868,1.00117001949868,319.641831944898,320.015819120868
19.46,100,0,3947.60631689302,119.026503821688,4,1.00117148481248,1.00117148481248,319.619524773084,319.993954192127
19.47,100,0,3948.21788068129,119.048719974606,4,1.00117294954368,1.00117294954368,319.597228187666,319.972099610632
19.48,100,0,3948.82915484973,119.070927062506,4,1.00117441369246,1.00117441369246,319.574942183985,319.950255371854
19.49,100,0,3949.44013952518,119.093125088106,4,1.00117587725898,1.00117587725898,319.552666757383,319.928421471268
19.5,100,0,3950.05083483445,119.115314054125,4,1.00117734024339,1.00117734024339,319.530401903206,319.906597904353
19.51,100,0,3950.66124090429,119.137493963282,4,1.00117880264586,1.00117880264586,319.508147616799,319.884784666585
19.52,100,0,3951.27135786141,119.159664818296,4,1.00118026446657,1.00118026446657,319.485903893508,319.862981753443
19.53,100,0,3951.88118583248,119.181826621885,4,1.00118172570566,1.00118172570566,319.463670728686,319.84118916041
19.54,100,0,3952.49072494413,119.203979376769,4,1.00118318636331,1.00118318636331,319.44144811768,319.819406882967
19.55,100,0,3953.09997532293,119.226123085667,4,1.00118464643967,1.00118464643967,319.419236055844,319.7976349166
19.56,100,0,3953.70893709541,119.248257751298,4,1.00118610593491,1.00118610593491,319.397034538534,319.775873256794
19.57,100,0,3954.31761038805,119.270383376381,4,1.0011875648492,1.0011875648492,319.374843561104,319.754121899036
19.58,100,0,3954.92599532731,119.292499963636,4,1.0011890231827,1.0011890231827,319.352663118912,319.732380838817
19.59,100,0,3955.53409203957,119.314607515782,4,1.00119048093557,1.00119048093557,319.330493207318,319.710650071627
19.6,100,0,3956.14190065119,119.336706035537,4,1.00119193810797,1.00119193810797,319.308333821683,319.688929592958
19.61,100,0,3956.74942128847,119.358795525623,4,1.00119339470008,1.00119339470008,319.286184957369,319.667219398305
19.62,100,0,3957.35665407767,119.380875988758,4,1.00119485071205,1.00119485071205,319.26404660974,319.645519483163
19.63,100,0,3957.96359914502,119.402947427662,4,1.00119630614404,1.00119630614404,319.241918774165,319.62382984303
19.64,100,0,3958.57025661667,119.425009845054,4,1.00119776099623,1.00119776099623,319.219801446009,319.602150473404
19.65,100,0,3959.17662661877,119.447063243655,4,1.00119921526877,1.00119921526877,319.197694620641,319.580481369785
19.66,100,0,3959.78270927737,119.469107626185,4,1.00120066896182,1.00120066896182,319.175598293435,319.558822527677
19.67,100,0,3960.38850471853,119.491142995362,4,1.00120212207556,1.00120212207556,319.153512459761,319.537173942583
19.68,100,0,3960.99401306824,119.513169353908,4,1.00120357461015,1.00120357461015,319.131437114995,319.515535610007
19.69,100,0,3961.59923445243,119.535186704541,4,1.00120502656575,1.00120502656575,319.109372254512,319.493907525457
19.7,100,0,3962.204168997,119.557195049983,4,1.00120647794251,1.00120647794251,319.08731787369,319.472289684441
19.71,100,0,3962.80881682783,119.579194392953,4,1.00120792874062,1.00120792874062,319.065273967912,319.450682082471
19.72,100,0,3963.4131780707,119.601184736172,4,1.00120937896023,1.00120937896023,319.043240532553,319.429084715056
19.73,100,0,3964.01725285139,119.623166082359,4,1.0012108286015,1.0012108286015,319.021217563,319.407497577711
19.74,100,0,3964.62104129563,119.645138434235,4,1.0012122776646,1.0012122776646,318.999205054636,319.38592066595
19.75,100,0,3965.22454352907,119.667101794521,4,1.00121372614969,1.00121372614969,318.977203002849,319.36435397529
19.76,100,0,3965.82775967736,119.689056165936,4,1.00121517405695,1.00121517405695,318.955211403025,319.34279750125
19.77,100,0,3966.43068986608,119.711001551201,4,1.00121662138652,1.00121662138652,318.933230250554,319.321251239347
19.78,100,0,3967.03333422077,119.732937953037,4,1.00121806813857,1.00121806813857,318.911259540828,319.299715185106
19.79,100,0,3967.63569286692,119.754865374163,4,1.00121951431327,1.00121951431327,318.889299269238,319.278189334047
19.8,100,0,3968.23776592999,119.776783817302,4,1.00122095991079,1.00122095991079,318.867349431181,319.256673681696
19.81,100,0,3968.83955353538,119.798693285173,4,1.00122240493128,1.00122240493128,318.845410022052,319.23516822358
19.82,100,0,3969.44105580844,119.820593780497,4,1.00122384937491,1.00122384937491,318.823481037249,319.213672955224
19.83,100,0,3970.0422728745,119.842485305994,4,1.00122529324185,1.00122529324185,318.801562472171,319.19218787216
19.84,100,0,3970.64320485882,119.864367864387,4,1.00122673653225,1.00122673653225,318.779654322221,319.170712969917
19.85,100,0,3971.24385188664,119.886241458394,4,1.00122817924629,1.00122817924629,318.757756582801,319.149248244031
19.86,100,0,3971.84421408312,119.908106090738,4,1.00122962138412,1.00122962138412,318.735869249315,319.127793690031
19.87,100,0,3972.44429157341,119.929961764138,4,1.00123106294592,1.00123106294592,318.71399231717,319.106349303456
19.88,100,0,3973.04408448259,119.951808481317,4,1.00123250393183,1.00123250393183,318.692125781773,319.084915079843
19.89,100,0,3973.64359293571,119.973646244994,4,1.00123394434204,1.00123394434204,318.670269638534,319.06349101473
19.9,100,0,3974.24281705777,119.995475057892,4,1.00123538417669,1.00123538417669,318.648423882867,319.04207710366
19.91,100,0,3974.84175697373,120.017294922731,4,1.00123682343597,1.00123682343597,318.626588510181,319.020673342172
19.92,100,0,3975.4404128085,120.039105842231,4,1.00123826212002,1.00123826212002,318.604763515893,318.999279725812
19.93,100,0,3976.03878468694,120.060907819115,4,1.00123970022902,1.00123970022902,318.582948895419,318.977896250125
19.94,100,0,3976.63687273387,120.082700856104,4,1.00124113776312,1.00124113776312,318.561144644177,318.956522910658
19.95,100,0,3977.23467707407,120.104484955917,4,1.0012425747225,1.0012425747225,318.539350757585,318.935159702958
19.96,100,0,3977.83219783227,120.126260121278,4,1.00124401110731,1.00124401110731,318.517567231066,318.913806622577
19.97,100,0,3978.42943513315,120.148026354907,4,1.00124544691773,1.00124544691773,318.495794060043,318.892463665065
19.98,100,0,3979.02638910136,120.169783659525,4,1.00124688215391,1.00124688215391,318.474031239941,318.871130825977
19.99,100,0,3979.62305986149,120.191532037854,4,1.00124831681602,1.00124831681602,318.452278766185,318.849808100868
20,100,0,3980.2194475381,120.213271492615,4,1.00124975090422,1.00124975090422,318.430536634203,318.828495485293
20.01,100,0,3980.81555225568,120.23500202653,4,1.00125118441868,1.00125118441868,318.408804839427,318.807192974813
20.02,100,0,3981.41137413871,120.256723642319,4,1.00125261735956,1.00125261735956,318.387083377286,318.785900564984
20.03,100,0,3982.0069133116,120.278436342704,4,1.00125404972703,1.00125404972703,318.365372243214,318.764618251371
20.04,100,0,3982.60216989872,120.300140130408,4,1.00125548152124,1.00125548152124,318.343671432646,318.743346029534
20.05,100,0,3983.19714402439,120.32183500815,4,1.00125691274237,1.00125691274237,318.321980941018,318.722083895039
20.06,100,0,3983.7918358129,120.343520978653,4,1.00125834339058,1.00125834339058,318.300300763767,318.700831843453
20.07,100,0,3984.38624538849,120.365198044639,4,1.00125977346603,1.00125977346603,318.278630896334,318.679589870341
20.08,100,0,3984.98037287535,120.386866208828,4,1.00126120296889,1.00126120296889,318.25697133416,318.658357971275
20.09,100,0,3985.57421839763,120.408525473943,4,1.00126263189931,1.00126263189931,318.235322072688,318.637136141825
20.1,100,0,3986.16778207943,120.430175842704,4,1.00126406025747,1.00126406025747,318.213683107363,318.615924377563
20.11,100,0,3986.7610640448,120.451817317835,4,1.00126548804354,1.00126548804354,318.19205443363,318.594722674064
20.12,100,0,3987.35406441776,120.473449902055,4,1.00126691525766,1.00126691525766,318.170436046939,318.573531026903
20.13,100,0,3987.94678332228,120.495073598088,4,1.00126834190001,1.00126834190001,318.148827942739,318.552349431658
20.14,100,0,3988.53922088229,120.516688408654,4,1.00126976797076,1.00126976797076,318.12723011648,318.531177883907
20.15,100,0,3989.13137722166,120.538294336475,4,1.00127119347006,1.00127119347006,318.105642563619,318.510016379234
20.16,100,0,3989.72325246422,120.559891384273,4,1.00127261839808,1.00127261839808,318.084065279605,318.488864913215
20.17,100,0,3990.31484673377,120.58147955477,4,1.00127404275498,1.00127404275498,318.062498259899,318.467723481438
20.18,100,0,3990.90616015404,120.603058850687,4,1.00127546654094,1.00127546654094,318.040941499957,318.446592079488
20.19,100,0,3991.49719284875,120.624629274747,4,1.0012768897561,1.0012768897561,318.019394995239,318.425470702951
20.2,100,0,3992.08794494154,120.64619082967,4,1.00127831240065,1.00127831240065,317.997858741205,318.404359347414
20.21,100,0,3992.67841655602,120.667743518179,4,1.00127973447474,1.00127973447474,317.976332733321,318.38325800847
20.22,100,0,3993.26860781576,120.689287342996,4,1.00128115597853,1.00128115597853,317.954816967049,318.362166681709
20.23,100,0,3993.85851884429,120.710822306841,4,1.0012825769122,1.0012825769122,317.933311437857,318.341085362725
20.24,100,0,3994.44814976507,120.732348412438,4,1.0012839972759,1.0012839972759,317.911816141212,318.320014047112
20.25,100,0,3995.03750070154,120.753865662507,4,1.00128541706979,1.00128541706979,317.890331072586,318.298952730469
20.26,100,0,3995.62657177708,120.775374059771,4,1.00128683629406,1.00128683629406,317.868856227446,318.27790140839
20.27,100,0,3996.21536311504,120.796873606951,4,1.00128825494885,1.00128825494885,317.847391601268,318.256860076476
20.28,100,0,3996.80387483871,120.81836430677,4,1.00128967303433,1.00128967303433,317.825937189526,318.23582873033
20.29,100,0,3997.39210707134,120.839846161948,4,1.00129109055067,1.00129109055067,317.804492987698,318.214807365555
20.3,100,0,3997.98005993616,120.861319175208,4,1.00129250749803,1.00129250749803,317.783058991259,318.193795977753
20.31,100,0,3998.5677335563,120.882783349272,4,1.00129392387658,1.00129392387658,317.761635195689,318.17279456253
20.32,100,0,3999.15512805491,120.904238686862,4,1.00129533968648,1.00129533968648,317.740221596472,318.151803115496
20.33,100,0,3999.74224355504,120.925685190698,4,1.00129675492789,1.00129675492789,317.718818189089,318.130821632259
20.34,100,0,4000.329179238,120.94712286623,4,1.00129816845557,1.00129816845557,317.697533490726,318.109958407114
20.35,100,0,4000.91627291193,120.968551757865,4,1.00129957637825,1.00129957637825,317.676736201202,318.089581383488
20.36,100,0,4001.50339486252,120.989971922641,4,1.00130098022097,1.00130098022097,317.65628189188,318.069546431689
20.37,100,0,4002.0904231045,121.011383396666,4,1.00130238141064,1.00130238141064,317.636035445284,318.049718713197
20.38,100,0,4002.67728508935,121.032786202467,4,1.00130378079638,1.00130378079638,317.615916476415,318.030018008942
20.39,100,0,4003.26393768188,121.054180354486,4,1.00130517888364,1.00130517888364,317.595877153064,318.010396585456
20.4,100,0,4003.85035524987,121.075565862359,4,1.00130657597334,1.00130657597334,317.575889007638,317.990826033926
20.41,100,0,4004.43652257849,121.096942732857,4,1.00130797224469,1.00130797224469,317.55593509394,317.971289443179
20.42,100,0,4005.02243065403,121.118310971048,4,1.00130936780448,1.00130936780448,317.536005321861,317.951776743992
20.43,100,0,4005.60807415485,121.139670580987,4,1.00131076271637,1.00131076271637,317.516093681873,317.932281939319
20.44,100,0,4006.19344995777,121.161021566123,4,1.00131215701834,1.00131215701834,317.496196593529,317.912801456186
20.45,100,0,4006.778556249,121.182363929546,4,1.00131355073309,1.00131355073309,317.476311922601,317.893333164865
20.46,100,0,4007.3633919947,121.203697674133,4,1.0013149438742,1.0013149438742,317.45643839606,317.873875795054
20.47,100,0,4007.94795662567,121.225022802631,4,1.00131633644983,1.00131633644983,317.436575253786,317.854428588301
20.48,100,0,4008.5322498496,121.246339317712,4,1.00131772846491,1.00131772846491,317.416722041195,317.834991091067
20.49,100,0,4009.11627153914,121.267647222004,4,1.00131911992244,1.00131911992244,317.39687848573,317.815563031462
20.5,100,0,4009.7000216653,121.288946518107,4,1.00132051082428,1.00132051082428,317.377044423304,317.796144245844
20.51,100,0,4010.28350025769,121.310237208604,4,1.0013219011716,1.0013219011716,317.357219754477,317.776734635087
20.52,100,0,4010.86670738084,121.331519296071,4,1.00132329096516,1.00132329096516,317.337404418344,317.757334138519
20.53,100,0,4011.44964312011,121.352792783075,4,1.00132468020548,1.00132468020548,317.317598376973,317.737942718393
20.54,100,0,4012.03230757325,121.374057672183,4,1.00132606889292,1.00132606889292,317.297801606134,317.718560350637
20.55,100,0,4012.61470084539,121.395313965957,4,1.00132745702779,1.00132745702779,317.278014089768,317.699187019334
20.56,100,0,4013.19682304606,121.41656166696,4,1.00132884461031,1.00132884461031,317.258235816688,317.679822713428
20.57,100,0,4013.77867428739,121.437800777754,4,1.00133023164068,1.00133023164068,317.238466778615,317.660467424765
20.58,100,0,4014.36025468303,121.4590313009,4,1.0013316181191,1.0013316181191,317.218706969009,317.641121146928
20.59,100,0,4014.94156434756,121.480253238959,4,1.00133300404574,1.00133300404574,317.198956382365,317.621783874528
20.6,100,0,4015.52260339606,121.501466594491,4,1.00133438942077,1.00133438942077,317.1792150138,317.602455602802
20.61,100,0,4016.10337194392,121.522671370058,4,1.00133577424435,1.00133577424435,317.159482858794,317.583136327348
20.62,100,0,4016.68387010668,121.543867568221,4,1.00133715851664,1.00133715851664,317.139759913057,317.563826043991
20.63,100,0,4017.26409799996,121.565055191541,4,1.00133854223781,1.00133854223781,317.120046172426,317.544524748685
20.64,100,0,4017.84405573943,121.586234242578,4,1.00133992540802,1.00133992540802,317.100341632821,317.525232437467
20.65,100,0,4018.42374344074,121.607404723894,4,1.00134130802742,1.00134130802742,317.080646290209,317.505949106418
20.66,100,0,4019.00316121954,121.62856663805,4,1.00134269009618,1.00134269009618,317.060960140587,317.486674751653
20.67,100,0,4019.58230919145,121.649719987606,4,1.00134407161445,1.00134407161445,317.041283179972,317.467409369303
20.68,100,0,4020.16118747206,121.670864775124,4,1.00134545258239,1.00134545258239,317.021615404387,317.448152955507
20.69,100,0,4020.73979617693,121.692001003166,4,1.00134683300017,1.00134683300017,317.001956809868,317.428905506418
20.7,100,0,4021.31813542157,121.713128674292,4,1.00134821286794,1.00134821286794,316.982307392453,317.409667018189
20.71,100,0,4021.89620532146,121.734247791064,4,1.00134959218586,1.00134959218586,316.962667148186,317.390437486977
20.72,100,0,4022.47400599206,121.755358356043,4,1.00135097095408,1.00135097095408,316.943036073109,317.371216908942
20.73,100,0,4023.05153754877,121.776460371791,4,1.00135234917278,1.00135234917278,316.923414163271,317.352005280248
20.74,100,0,4023.62880010694,121.797553840869,4,1.0013537268421,1.0013537268421,316.903801414721,317.33280259706
20.75,100,0,4024.2057937819,121.818638765838,4,1.00135510396221,1.00135510396221,316.884197823508,317.31360885554
20.76,100,0,4024.78251868895,121.83971514926,4,1.00135648053326,1.00135648053326,316.864603385685,317.294424051857
20.77,100,0,4025.35897494333,121.860782993697,4,1.00135785655542,1.00135785655542,316.845018097307,317.275248182182
20.78,100,0,4025.93516266024,121.881842301711,4,1.00135923202884,1.00135923202884,316.825441954427,317.256081242682
20.79,100,0,4026.51108195484,121.902893075862,4,1.00136060695368,1.00136060695368,316.805874953102,317.23692322953
20.8,100,0,4027.08673294228,121.923935318713,4,1.0013619813301,1.0013619813301,316.78631708939,317.217774138898
20.81,100,0,4027.66211573763,121.944969032826,4,1.00136335515827,1.00136335515827,316.76676835935,317.19863396696
20.82,100,0,4028.23723045594,121.965994220762,4,1.00136472843833,1.00136472843833,316.747228759044,317.179502709893
20.83,100,0,4028.81207721222,121.987010885083,4,1.00136610117045,1.00136610117045,316.727698284532,317.160380363872
20.84,100,0,4029.38665612145,122.008019028351,4,1.00136747335478,1.00136747335478,316.708176931879,317.141266925075
20.85,100,0,4029.96096729853,122.029018653128,4,1.0013688449915,1.0013688449915,316.688664697149,317.122162389683
20.86,100,0,4030.53501085838,122.050009761975,4,1.00137021608074,1.00137021608074,316.669161576407,317.103066753875
20.87,100,0,4031.10878691583,122.070992357456,4,1.00137158662269,1.00137158662269,316.649667565723,317.083980013834
20.88,100,0,4031.6822955857,122.091966442132,4,1.00137295661748,1.00137295661748,316.630182661165,317.064902165744
20.89,100,0,4032.25553698275,122.112932018564,4,1.00137432606529,1.00137432606529,316.610706858803,317.045833205788
20.9,100,0,4032.82851122171,122.133889089315,4,1.00137569496626,1.00137569496626,316.591240154708,317.026773130152
20.91,100,0,4033.40121841729,122.154837656948,4,1.00137706332057,1.00137706332057,316.571782544954,317.007721935025
20.92,100,0,4033.97365868411,122.175777724024,4,1.00137843112837,1.00137843112837,316.552334025615,316.988679616594
20.93,100,0,4034.54583213681,122.196709293105,4,1.00137979838982,1.00137979838982,316.532894592768,316.969646171051
20.94,100,0,4035.11773888995,122.217632366754,4,1.00138116510507,1.00138116510507,316.513464242489,316.950621594584
20.95,100,0,4035.68937905805,122.238546947533,4,1.00138253127429,1.00138253127429,316.494042970856,316.931605883389
20.96,100,0,4036.26075275563,122.259453038004,4,1.00138389689763,1.00138389689763,316.47463077395,316.912599033658
20.97,100,0,4036.83186009711,122.280350640729,4,1.00138526197526,1.00138526197526,316.455227647853,316.893601041586
20.98,100,0,4037.40270119693,122.301239758272,4,1.00138662650733,1.00138662650733,316.435833588645,316.874611903369
20.99,100,0,4037.97327616945,122.322120393193,4,1.00138799049401,1.00138799049401,316.416448592413,316.855631615207
21,100,0,4038.54358512901,122.342992548056,4,1.00138935393545,1.00138935393545,316.397072655241,316.836660173299
21.01,100,0,4039.11362818989,122.363856225423,4,1.0013907168318,1.0013907168318,316.377705773218,316.817697573844
21.02,100,0,4039.68340546636,122.384711427856,4,1.00139207918324,1.00139207918324,316.358347942428,316.798743813044
21.03,100,0,4040.25291707264,122.405558157918,4,1.00139344098992,1.00139344098992,316.338999158964,316.779798887103
21.04,100,0,4040.82216312288,122.426396418171,4,1.00139480225199,1.00139480225199,316.319659418917,316.760862792224
21.05,100,0,4041.39114373124,122.447226211177,4,1.00139616296963,1.00139616296963,316.300328718377,316.741935524614
21.06,100,0,4041.95985901181,122.4680475395,4,1.00139752314298,1.00139752314298,316.281007053439,316.72301708048
21.07,100,0,4042.52830907864,122.488860405702,4,1.0013988827722,1.0013988827722,316.261694420198,316.704107456029
21.08,100,0,4043.09649404574,122.509664812344,4,1.00140024185746,1.00140024185746,316.242390814752,316.685206647474
21.09,100,0,4043.66441402711,122.530460761991,4,1.00140160039891,1.00140160039891,316.223096233196,316.666314651022
21.1,100,0,4044.23206913667,122.551248257204,4,1.00140295839672,1.00140295839672,316.203810671632,316.647431462887
21.11,100,0,4044.79945948833,122.572027300546,4,1.00140431585103,1.00140431585103,316.184534126158,316.628557079284
21.12,100,0,4045.36658519594,122.592797894579,4,1.00140567276202,1.00140567276202,316.165266592879,316.609691496426
21.13,100,0,4045.93344637331,122.613560041866,4,1.00140702912984,1.00140702912984,316.146008067895,316.590834710529
21.14,100,0,4046.50004313424,122.63431374497,4,1.00140838495465,1.00140838495465,316.126758547314,316.571986717814
21.15,100,0,4047.06637559246,122.655059006454,4,1.00140974023661,1.00140974023661,316.107518027239,316.553147514496
21.16,100,0,4047.63244386167,122.675795828879,4,1.00141109497587,1.00141109497587,316.088286503779,316.534317096796
21.17,100,0,4048.19824805553,122.696524214809,4,1.0014124491726,1.0014124491726,316.069063973043,316.515495460937
21.18,100,0,4048.76378828767,122.717244166806,4,1.00141380282696,1.00141380282696,316.049850431142,316.496682603142
21.19,100,0,4049.32906467165,122.737955687434,4,1.0014151559391,1.0014151559391,316.030645874186,316.477878519633
21.2,100,0,4049.89407732104,122.758658779254,4,1.00141650850919,1.00141650850919,316.011450298288,316.459083206636
21.21,100,0,4050.45882634932,122.779353444829,4,1.00141786053738,1.00141786053738,315.992263699563,316.440296660379
21.22,100,0,4051.02331186996,122.800039686722,4,1.00141921202383,1.00141921202383,315.973086074127,316.42151887709
21.23,100,0,4051.58753399639,122.820717507496,4,1.0014205629687,1.0014205629687,315.953917418097,316.402749852998
21.24,100,0,4052.15149284199,122.841386909714,4,1.00142191337216,1.00142191337216,315.934757727591,316.383989584334
21.25,100,0,4052.7151885201,122.862047895937,4,1.00142326323436,1.00142326323436,315.915606998728,316.365238067329
21.26,100,0,4053.27862114404,122.882700468729,4,1.00142461255545,1.00142461255545,315.896465227632,316.346495298218
21.27,100,0,4053.84179082705,122.903344630653,4,1.0014259613356,1.0014259613356,315.877332410423,316.327761273234
21.28,100,0,4054.40469768238,122.923980384271,4,1.00142730957497,1.00142730957497,315.858208543226,316.309035988614
21.29,100,0,4054.9673418232,122.944607732146,4,1.00142865727372,1.00142865727372,315.839093622166,316.290319440595
21.3,100,0,4055.52972336267,122.965226676841,4,1.00143000443201,1.00143000443201,315.81998764337,316.271611625416
21.31,100,0,4056.09184241389,122.985837220918,4,1.00143135104999,1.00143135104999,315.800890602966,316.252912539317
21.32,100,0,4056.65369908992,123.00643936694,4,1.00143269712782,1.00143269712782,315.781802497084,316.234222178539
21.33,100,0,4057.21529350381,123.027033117469,4,1.00143404266567,1.00143404266567,315.762723321853,316.215540539323
21.34,100,0,4057.77662576853,123.047618475069,4,1.00143538766369,1.00143538766369,315.743653073407,316.196867617916
21.35,100,0,4058.33769599704,123.068195442303,4,1.00143673212204,1.00143673212204,315.724591747879,316.178203410561
21.36,100,0,4058.89850430224,123.088764021731,4,1.00143807604088,1.00143807604088,315.705539341404,316.159547913504
21.37,100,0,4059.45905079701,123.109324215919,4,1.00143941942038,1.00143941942038,315.686495850117,316.140901122994
21.38,100,0,4060.01933559418,123.129876027427,4,1.00144076226068,1.00144076226068,315.667461270158,316.12226303528
21.39,100,0,4060.57935880654,123.15041945882,4,1.00144210456195,1.00144210456195,315.648435597664,316.103633646613
21.4,100,0,4061.13912054684,123.170954512658,4,1.00144344632435,1.00144344632435,315.629418828777,316.085012953243
21.41,100,0,4061.6986209278,123.191481191506,4,1.00144478754804,1.00144478754804,315.610410959637,316.066400951423
21.42,100,0,4062.25786006209,123.211999497925,4,1.00144612823318,1.00144612823318,315.591411986389,316.04779763741
21.43,100,0,4062.81683806234,123.232509434479,4,1.00144746837992,1.00144746837992,315.572421905176,316.029203007457
21.44,100,0,4063.37555504114,123.25301100373,4,1.00144880798842,1.00144880798842,315.553440712146,316.010617057823
21.45,100,0,4063.93401111106,123.27350420824,4,1.00145014705885,1.00145014705885,315.534468403444,315.992039784765
21.46,100,0,4064.49220638461,123.293989050572,4,1.00145148559136,1.00145148559136,315.51550497522,315.973471184543
21.47,100,0,4065.05014097426,123.314465533289,4,1.00145282358612,1.00145282358612,315.496550423623,315.954911253418
21.48,100,0,4065.60781499245,123.334933658953,4,1.00145416104328,1.00145416104328,315.477604744805,315.936359987651
21.49,100,0,4066.16522855158,123.355393430127,4,1.00145549796299,1.00145549796299,315.458667934918,315.917817383507
21.5,100,0,4066.72238176401,123.375844849373,4,1.00145683434543,1.00145683434543,315.439739990118,315.89928343725
21.51,100,0,4067.27927474206,123.396287919253,4,1.00145817019075,1.00145817019075,315.420820906558,315.880758145147
21.52,100,0,4067.83590759799,123.416722642331,4,1.00145950549911,1.00145950549911,315.401910680396,315.862241503464
21.53,100,0,4068.39228044407,123.437149021168,4,1.00146084027067,1.00146084027067,315.383009307791,315.843733508471
21.54,100,0,4068.94839339248,123.457567058328,4,1.00146217450558,1.00146217450558,315.364116784901,315.825234156438
21.55,100,0,4069.50424655539,123.477976756372,4,1.00146350820401,1.00146350820401,315.345233107889,315.806743443637
21.56,100,0,4070.05984004491,123.498378117863,4,1.00146484136611,1.00146484136611,315.326358272914,315.788261366338
21.57,100,0,4070.61517397314,123.518771145363,4,1.00146617399205,1.00146617399205,315.307492276143,315.769787920818
21.58,100,0,4071.17024845211,123.539155841434,4,1.00146750608199,1.00146750608199,315.28863511374,315.751323103351
21.59,100,0,4071.72506359383,123.55953220864,4,1.00146883763608,1.00146883763608,315.26978678187,315.732866910214
21.6,100,0,4072.27961951026,123.579900249542,4,1.00147016865448,1.00147016865448,315.250947276703,315.714419337684
21.61,100,0,4072.83391631333,123.600259966702,4,1.00147149913735,1.00147149913735,315.232116594407,315.695980382041
21.62,100,0,4073.38795411492,123.620611362683,4,1.00147282908486,1.00147282908486,315.213294731151,315.677550039565
21.63,100,0,4073.94173302688,123.640954440046,4,1.00147415849715,1.00147415849715,315.194481683109,315.659128306538
21.64,100,0,4074.49525316102,123.661289201355,4,1.0014754873744,1.0014754873744,315.175677446455,315.640715179244
21.65,100,0,4075.0485146291,123.681615649171,4,1.00147681571675,1.00147681571675,315.156882017361,315.622310653967
21.66,100,0,4075.60151754286,123.701933786057,4,1.00147814352437,1.00147814352437,315.138095392005,315.603914726992
21.67,100,0,4076.15426201397,123.722243614573,4,1.00147947079742,1.00147947079742,315.119317566563,315.585527394607
21.68,100,0,4076.7067481541,123.742545137284,4,1.00148079753606,1.00148079753606,315.100548537214,315.567148653099
21.69,100,0,4077.25897607485,123.76283835675,4,1.00148212374044,1.00148212374044,315.081788300139,315.54877849876
21.7,100,0,4077.8109458878,123.783123275533,4,1.00148344941073,1.00148344941073,315.063036851519,315.53041692788
21.71,100,0,4078.36265770447,123.803399896196,4,1.00148477454709,1.00148477454709,315.044294187536,315.51206393675
21.72,100,0,4078.91411163636,123.8236682213,4,1.00148609914966,1.00148609914966,315.025560304374,315.493719521665
21.73,100,0,4079.46530779492,123.843928253407,4,1.00148742321862,1.00148742321862,315.00683519822,315.475383678919
21.74,100,0,4080.01624629156,123.86417999508,4,1.00148874675413,1.00148874675413,314.98811886526,315.457056404809
21.75,100,0,4080.56692723767,123.88442344888,4,1.00149006975633,1.00149006975633,314.969411301683,315.438737695633
21.76,100,0,4081.11735074457,123.904658617368,4,1.0014913922254,1.0014913922254,314.950712503677,315.420427547689
21.77,100,0,4081.66751692356,123.924885503107,4,1.00149271416148,1.00149271416148,314.932022467434,315.402125957276
21.78,100,0,4082.21742588591,123.945104108658,4,1.00149403556475,1.00149403556475,314.913341189146,315.383832920697
21.79,100,0,4082.76707774282,123.965314436582,4,1.00149535643535,1.00149535643535,314.894668665008,315.365548434255
21.8,100,0,4083.31647260547,123.985516489442,4,1.00149667677346,1.00149667677346,314.876004891213,315.347272494253
21.81,100,0,4083.86561058501,124.005710269799,4,1.00149799657922,1.00149799657922,314.857349863958,315.329005096995
21.82,100,0,4084.41449179253,124.025895780215,4,1.00149931585279,1.00149931585279,314.838703579442,315.310746238792
21.83,100,0,4084.9631163391,124.04607302325,4,1.00150063459434,1.00150063459434,314.820066033863,315.292495915947
21.84,100,0,4085.51148433574,124.066242001467,4,1.00150195280403,1.00150195280403,314.801437223422,315.274254124773
21.85,100,0,4086.05959589342,124.086402717427,4,1.00150327048201,1.00150327048201,314.782817144321,315.256020861579
21.86,100,0,4086.6074511231,124.106555173691,4,1.00150458762845,1.00150458762845,314.764205792762,315.237796122677
21.87,100,0,4087.15505013567,124.126699372821,4,1.0015059042435,1.0015059042435,314.745603164952,315.21957990438
21.88,100,0,4087.70239304201,124.146835317377,4,1.00150722032732,1.00150722032732,314.727009257094,315.201372203002
21.89,100,0,4088.24947995293,124.166963009921,4,1.00150853588007,1.00150853588007,314.708424065397,315.183173014861
21.9,100,0,4088.79631097922,124.187082453014,4,1.00150985090191,1.00150985090191,314.689847586069,315.16498233627
21.91,100,0,4089.34288623164,124.207193649217,4,1.00151116539301,1.00151116539301,314.671279815323,315.146800163553
21.92,100,0,4089.88920582088,124.227296601092,4,1.00151247935351,1.00151247935351,314.652720749366,315.128626493025
21.93,100,0,4090.43526985762,124.247391311199,4,1.00151379278358,1.00151379278358,314.634170384412,315.110461321008
21.94,100,0,4090.98107845249,124.267477782098,4,1.00151510568338,1.00151510568338,314.615628716677,315.092304643826
21.95,100,0,4091.52663171607,124.287556016352,4,1.00151641805307,1.00151641805307,314.597095742374,315.0741564578
21.96,100,0,4092.07192975892,124.307626016521,4,1.0015177298928,1.0015177298928,314.578571457723,315.056016759258
21.97,100,0,4092.61697269155,124.327687785166,4,1.00151904120274,1.00151904120274,314.560055858939,315.037885544524
21.98,100,0,4093.16176062443,124.347741324847,4,1.00152035198304,1.00152035198304,314.541548942242,315.019762809925
21.99,100,0,4093.706293668,124.367786638125,4,1.00152166223387,1.00152166223387,314.523050703855,315.001648551791
22,100,0,4094.25057193265,124.387823727561,4,1.00152297195538,1.00152297195538,314.504561139999,314.983542766453
22.01,100,0,4094.79459552874,124.407852595715,4,1.00152428114773,1.00152428114773,314.486080246897,314.96544545024
22.02,100,0,4095.33836456658,124.427873245147,4,1.00152558981108,1.00152558981108,314.467608020774,314.947356599486
22.03,100,0,4095.88187915645,124.447885678419,4,1.0015268979456,1.0015268979456,314.449144457857,314.929276210525
22.04,100,0,4096.42513940859,124.467889898091,4,1.00152820555144,1.00152820555144,314.430689554373,314.911204279692
22.05,100,0,4096.96814543319,124.487885906722,4,1.00152951262875,1.00152951262875,314.412243306553,314.893140803325
22.06,100,0,4097.51089734043,124.507873706874,4,1.00153081917771,1.00153081917771,314.393805710625,314.87508577776
22.07,100,0,4098.05339524041,124.527853301106,4,1.00153212519846,1.00153212519846,314.375376762822,314.857039199337
22.08,100,0,4098.59563924322,124.547824691978,4,1.00153343069118,1.00153343069118,314.356956459377,314.839001064396
22.09,100,0,4099.13762945891,124.567787882051,4,1.001534735656,1.001534735656,314.338544796524,314.82097136928
22.1,100,0,4099.67936599747,124.587742873885,4,1.00153604009311,1.00153604009311,314.320141770501,314.802950110332
22.11,100,0,4100.22084896887,124.607689670038,4,1.00153734400265,1.00153734400265,314.301747377543,314.784937283895
22.12,100,0,4100.76207848304,124.627628273073,4,1.00153864738478,1.00153864738478,314.283361613888,314.766932886315
22.13,100,0,4101.30305464986,124.647558685547,4,1.00153995023967,1.00153995023967,314.264984475776,314.74893691394
22.14,100,0,4101.84377757918,124.667480910021,4,1.00154125256747,1.00154125256747,314.246615959451,314.730949363117
22.15,100,0,4102.3842473808,124.687394949055,4,1.00154255436834,1.00154255436834,314.228256061152,314.712970230196
22.16,100,0,4102.92446416451,124.707300805208,4,1.00154385564245,1.00154385564245,314.209904777126,314.69499951153
22.17,100,0,4103.46442804002,124.727198481039,4,1.00154515638995,1.00154515638995,314.191562103617,314.677037203468
22.18,100,0,4104.00413911703,124.747087979109,4,1.00154645661099,1.00154645661099,314.173228036872,314.659083302366
22.19,100,0,4104.54359750518,124.766969301976,4,1.00154775630575,1.00154775630575,314.154902573138,314.641137804577
22.2,100,0,4105.0828033141,124.7868424522,4,1.00154905547437,1.00154905547437,314.136585708665,314.623200706458
22.21,100,0,4105.62175665336,124.806707432339,4,1.00155035411702,1.00155035411702,314.118277439704,314.605272004365
22.22,100,0,4106.16045763248,124.826564244954,4,1.00155165223386,1.00155165223386,314.099977762508,314.58735169466
22.23,100,0,4106.69890636098,124.846412892603,4,1.00155294982505,1.00155294982505,314.081686673328,314.569439773698
22.24,100,0,4107.23710294829,124.866253377846,4,1.00155424689074,1.00155424689074,314.06340416842,314.551536237844
22.25,100,0,4107.77504750385,124.886085703241,4,1.00155554343109,1.00155554343109,314.045130244042,314.533641083459
22.26,100,0,4108.31274013703,124.905909871346,4,1.00155683944627,1.00155683944627,314.026864896449,314.515754306909
22.27,100,0,4108.85018095717,124.925725884722,4,1.00155813493643,1.00155813493643,314.0086081219,314.497875904556
22.28,100,0,4109.38737007357,124.945533745926,4,1.00155942990174,1.00155942990174,313.990359916658,314.48000587277
22.29,100,0,4109.92430759549,124.965333457517,4,1.00156072434235,1.00156072434235,313.972120276981,314.462144207915
22.3,100,0,4110.46099363216,124.985125022053,4,1.00156201825841,1.00156201825841,313.953889199133,314.444290906363
22.31,100,0,4110.99742829276,125.004908442094,4,1.0015633116501,1.0015633116501,313.935666679379,314.426445964482
22.32,100,0,4111.53361168643,125.024683720198,4,1.00156460451757,1.00156460451757,313.917452713985,314.408609378645
22.33,100,0,4112.06954392228,125.044450858922,4,1.00156589686098,1.00156589686098,313.899247299217,314.390781145226
22.34,100,0,4112.60522510938,125.064209860825,4,1.00156718868048,1.00156718868048,313.881050431343,314.372961260596
22.35,100,0,4113.14065535676,125.083960728465,4,1.00156847997624,1.00156847997624,313.862862106635,314.355149721135
22.36,100,0,4113.6758347734,125.103703464401,4,1.00156977074842,1.00156977074842,313.844682321361,314.337346523215
22.37,100,0,4114.21076346825,125.123438071189,4,1.00157106099717,1.00157106099717,313.826511071795,314.319551663218
22.38,100,0,4114.74544155023,125.143164551388,4,1.00157235072266,1.00157235072266,313.808348354211,314.301765137521
22.39,100,0,4115.27986912821,125.162882907557,4,1.00157363992504,1.00157363992504,313.790194164883,314.283986942506
22.4,100,0,4115.81404631102,125.182593142251,4,1.00157492860447,1.00157492860447,313.772048500088,314.266217074555
22.41,100,0,4116.34797320746,125.20229525803,4,1.00157621676112,1.00157621676112,313.753911356104,314.24845553005
22.42,100,0,4116.88164992628,125.22198925745,4,1.00157750439514,1.00157750439514,313.735782729209,314.230702305376
22.43,100,0,4117.41507657619,125.241675143069,4,1.00157879150668,1.00157879150668,313.717662615685,314.212957396919
22.44,100,0,4117.94825326588,125.261352917445,4,1.00158007809592,1.00158007809592,313.699551011813,314.195220801067
22.45,100,0,4118.48118010399,125.281022583134,4,1.00158136416301,1.00158136416301,313.681447913876,314.177492514208
22.46,100,0,4119.01385719911,125.300684142694,4,1.00158264970811,1.00158264970811,313.663353318158,314.159772532731
22.47,100,0,4119.54628465981,125.320337598681,4,1.00158393473137,1.00158393473137,313.645267220947,314.142060853027
22.48,100,0,4120.0784625946,125.339982953653,4,1.00158521923296,1.00158521923296,313.627189618529,314.124357471491
22.49,100,0,4120.61039111198,125.359620210167,4,1.00158650321303,1.00158650321303,313.609120507192,314.106662384514
22.5,100,0,4121.14207032038,125.379249370779,4,1.00158778667175,1.00158778667175,313.591059883226,314.08897558849
22.51,100,0,4121.67350032821,125.398870438047,4,1.00158906960928,1.00158906960928,313.573007742924,314.071297079819
22.52,100,0,4122.20468124384,125.418483414525,4,1.00159035202577,1.00159035202577,313.554964082576,314.053626854894
22.53,100,0,4122.73561317559,125.438088302772,4,1.00159163392138,1.00159163392138,313.536928898478,314.035964910117
22.54,100,0,4123.26629623176,125.457685105344,4,1.00159291529627,1.00159291529627,313.518902186924,314.018311241888
22.55,100,0,4123.79673052059,125.477273824796,4,1.0015941961506,1.0015941961506,313.500883944211,314.000665846606
22.56,100,0,4124.32691615031,125.496854463685,4,1.00159547648454,1.00159547648454,313.482874166639,313.983028720676
22.57,100,0,4124.85685322906,125.516427024567,4,1.00159675629823,1.00159675629823,313.464872850504,313.965399860501
22.58,100,0,4125.38654186501,125.535991509998,4,1.00159803559184,1.00159803559184,313.446879992108,313.947779262486
22.59,100,0,4125.91598216622,125.555547922534,4,1.00159931436553,1.00159931436553,313.428895587754,313.930166923039
22.6,100,0,4126.44517424078,125.57509626473,4,1.00160059261945,1.00160059261945,313.410919633744,313.912562838565
22.61,100,0,4126.97411819668,125.594636539143,4,1.00160187035377,1.00160187035377,313.392952126384,313.894967005476
22.62,100,0,4127.50281414191,125.614168748328,4,1.00160314756865,1.00160314756865,313.374993061979,313.877379420181
22.63,100,0,4128.03126218441,125.63369289484,4,1.00160442426424,1.00160442426424,313.357042436837,313.859800079092
22.64,100,0,4128.55946243208,125.653208981235,4,1.0016057004407,1.0016057004407,313.339100247267,313.842228978622
22.65,100,0,4129.08741499278,125.672717010068,4,1.00160697609819,1.00160697609819,313.321166489578,313.824666115185
22.66,100,0,4129.61511997434,125.692216983893,4,1.00160825123688,1.00160825123688,313.303241160083,313.807111485197
22.67,100,0,4130.14257748453,125.711708905267,4,1.00160952585692,1.00160952585692,313.285324255092,313.789565085073
22.68,100,0,4130.66978763111,125.731192776745,4,1.00161079995846,1.00161079995846,313.267415770923,313.772026911234
22.69,100,0,4131.19675052178,125.75066860088,4,1.00161207354168,1.00161207354168,313.249515703889,313.754496960098
22.7,100,0,4131.72346626422,125.770136380227,4,1.00161334660672,1.00161334660672,313.231624050308,313.736975228087
22.71,100,0,4132.24993496604,125.789596117342,4,1.00161461915375,1.00161461915375,313.213740806496,313.71946171162
22.72,100,0,4132.77615673485,125.809047814778,4,1.00161589118293,1.00161589118293,313.195865968777,313.701956407124
22.73,100,0,4133.30213167818,125.828491475091,4,1.00161716269441,1.00161716269441,313.177999533466,313.684459311021
22.74,100,0,4133.82785990357,125.847927100834,4,1.00161843368835,1.00161843368835,313.16014149689,313.666970419738
22.75,100,0,4134.35334151847,125.867354694561,4,1.00161970416492,1.00161970416492,313.142291855369,313.6494897297
22.76,100,0,4134.87857663033,125.886774258827,4,1.00162097412427,1.00162097412427,313.12445060523,313.632017237338
22.77,100,0,4135.40356534655,125.906185796185,4,1.00162224356657,1.00162224356657,313.106617742799,313.614552939082
22.78,100,0,4135.92830777448,125.925589309189,4,1.00162351249196,1.00162351249196,313.088793264404,313.597096831361
22.79,100,0,4136.45280402144,125.944984800394,4,1.00162478090061,1.00162478090061,313.070977166373,313.579648910609
22.8,100,0,4136.97705419471,125.964372272351,4,1.00162604879269,1.00162604879269,313.053169445036,313.562209173259
22.81,100,0,4137.50105840154,125.983751727616,4,1.00162731616834,1.00162731616834,313.035370096725,313.544777615744
22.82,100,0,4138.02481674913,126.003123168741,4,1.00162858302772,1.00162858302772,313.017579117773,313.527354234503
22.83,100,0,4138.54832934465,126.022486598279,4,1.001629849371,1.001629849371,312.999796504515,313.509939025973
22.84,100,0,4139.07159629521,126.041842018784,4,1.00163111519834,1.00163111519834,312.982022253286,313.492531986591
22.85,100,0,4139.59461770791,126.061189432808,4,1.00163238050989,1.00163238050989,312.964256360422,313.475133112798
22.86,100,0,4140.1173936898,126.080528842905,4,1.00163364530582,1.00163364530582,312.946498822262,313.457742401036
22.87,100,0,4140.63992434789,126.099860251627,4,1.00163490958628,1.00163490958628,312.928749635146,313.440359847746
22.88,100,0,4141.16220978915,126.119183661526,4,1.00163617335143,1.00163617335143,312.911008795415,313.422985449373
22.89,100,0,4141.68425012051,126.138499075156,4,1.00163743660142,1.00163743660142,312.89327629941,313.405619202363
22.9,100,0,4142.20604544887,126.157806495068,4,1.00163869933643,1.00163869933643,312.875552143476,313.388261103159
22.91,100,0,4142.72759588108,126.177105923815,4,1.00163996155661,1.00163996155661,312.857836323958,313.370911148213
22.92,100,0,4143.24890152397,126.196397363948,4,1.00164122326211,1.00164122326211,312.840128837202,313.353569333972
22.93,100,0,4143.7699624843,126.215680818021,4,1.0016424844531,1.0016424844531,312.822429679556,313.336235656886
22.94,100,0,4144.29077886882,126.234956288584,4,1.00164374512974,1.00164374512974,312.804738847368,313.318910113407
22.95,100,0,4144.81135078423,126.254223778189,4,1.00164500529218,1.00164500529218,312.78705633699,313.301592699989
22.96,100,0,4145.3316783372,126.273483289389,4,1.00164626494058,1.00164626494058,312.769382144772,313.284283413084
22.97,100,0,4145.85176163434,126.292734824734,4,1.0016475240751,1.0016475240751,312.751716267067,313.266982249147
22.98,100,0,4146.37160078225,126.311978386775,4,1.00164878269591,1.00164878269591,312.734058700231,313.249689204638
22.99,100,0,4146.89119588747,126.331213978065,4,1.00165004080316,1.00165004080316,312.716409440618,313.232404276012
23,100,0,4147.4105470565,126.350441601154,4,1.001651298397,1.001651298397,312.698768484586,313.21512745973
23.01,100,0,4147.92965439583,126.369661258592,4,1.00165255547761,1.00165255547761,312.681135828493,313.197858752251
23.02,100,0,4148.44851801188,126.388872952932,4,1.00165381204513,1.00165381204513,312.663511468699,313.180598150038
23.03,100,0,4148.96713801103,126.408076686722,4,1.00165506809973,1.00165506809973,312.645895401565,313.163345649554
23.04,100,0,4149.48551449966,126.427272462515,4,1.00165632364156,1.00165632364156,312.628287623452,313.146101247263
23.05,100,0,4150.00364758407,126.44646028286,4,1.00165757867079,1.00165757867079,312.610688130726,313.128864939631
23.06,100,0,4150.52153737054,126.465640150308,4,1.00165883318757,1.00165883318757,312.59309691975,313.111636723124
23.07,100,0,4151.03918396531,126.484812067409,4,1.00166008719206,1.00166008719206,312.575513986891,313.094416594212
23.08,100,0,4151.55658747457,126.503976036712,4,1.00166134068442,1.00166134068442,312.557939328517,313.077204549363
23.09,100,0,4152.0737480045,126.523132060768,4,1.00166259366481,1.00166259366481,312.540372940999,313.060000585049
23.1,100,0,4152.59066566121,126.542280142126,4,1.00166384613339,1.00166384613339,312.522814820704,313.042804697741
23.11,100,0,4153.10734055079,126.561420283336,4,1.00166509809032,1.00166509809032,312.505264964005,313.025616883912
23.12,100,0,4153.62377277929,126.580552486947,4,1.00166634953576,1.00166634953576,312.487723367275,313.008437140039
23.13,100,0,4154.1399624527,126.599676755509,4,1.00166760046986,1.00166760046986,312.470190026889,312.991265462595
23.14,100,0,4154.65590967701,126.618793091571,4,1.00166885089279,1.00166885089279,312.452664939221,312.974101848059
23.15,100,0,4155.17161455814,126.637901497681,4,1.00167010080469,1.00167010080469,312.435148100651,312.956946292908
23.16,100,0,4155.68707720199,126.657001976389,4,1.00167135020575,1.00167135020575,312.417639507554,312.939798793623
23.17,100,0,4156.2022977144,126.676094530244,4,1.0016725990961,1.0016725990961,312.400139156312,312.922659346685
23.18,100,0,4156.71727620119,126.695179161793,4,1.00167384747591,1.00167384747591,312.382647043306,312.905527948577
23.19,100,0,4157.23201276815,126.714255873586,4,1.00167509534534,1.00167509534534,312.365163164917,312.888404595782
23.2,100,0,4157.746507521,126.73332466817,4,1.00167634270455,1.00167634270455,312.347687517531,312.871289284784
23.21,100,0,4158.26076056545,126.752385548094,4,1.00167758955369,1.00167758955369,312.330220097529,312.854182012068
23.22,100,0,4158.77477200716,126.771438515906,4,1.00167883589293,1.00167883589293,312.312760901302,312.837082774124
23.23,100,0,4159.28854195176,126.790483574153,4,1.00168008172243,1.00168008172243,312.295309925235,312.81999156744
23.24,100,0,4159.80207050482,126.809520725384,4,1.00168132704234,1.00168132704234,312.277867165716,312.802908388506
23.25,100,0,4160.31535777189,126.828549972145,4,1.00168257185282,1.00168257185282,312.260432619138,312.785833233812
23.26,100,0,4160.82840385849,126.847571316985,4,1.00168381615403,1.00168381615403,312.243006281892,312.768766099852
23.27,100,0,4161.34120887007,126.866584762451,4,1.00168505994613,1.00168505994613,312.225588150371,312.751706983119
23.28,100,0,4161.85377291208,126.885590311089,4,1.00168630322928,1.00168630322928,312.208178220968,312.734655880109
23.29,100,0,4162.3660960899,126.904587965446,4,1.00168754600363,1.00168754600363,312.19077649008,312.717612787317
23.3,100,0,4162.87817850889,126.92357772807,4,1.00168878826936,1.00168878826936,312.173382954104,312.700577701242
23.31,100,0,4163.39002027437,126.942559601507,4,1.0016900300266,1.0016900300266,312.155997609438,312.683550618382
23.32,100,0,4163.90162149161,126.961533588303,4,1.00169127127553,1.00169127127553,312.138620452483,312.666531535238
23.33,100,0,4164.41298226584,126.980499691005,4,1.00169251201631,1.00169251201631,312.121251479637,312.649520448311
23.34,100,0,4164.92410270228,126.999457912159,4,1.00169375224908,1.00169375224908,312.103890687304,312.632517354103
23.35,100,0,4165.43498290608,127.01840825431,4,1.00169499197401,1.00169499197401,312.086538071888,312.615522249117
23.36,100,0,4165.94562298237,127.037350720006,4,1.00169623119127,1.00169623119127,312.069193629794,312.598535129862
23.37,100,0,4166.45602303624,127.056285311791,4,1.001697469901,1.001697469901,312.051857357428,312.581555992842
23.38,100,0,4166.96618317273,127.075212032211,4,1.00169870810336,1.00169870810336,312.034529251198,312.564584834567
23.39,100,0,4167.47610349684,127.094130883812,4,1.00169994579853,1.00169994579853,312.017209307512,312.547621651542
23.4,100,0,4167.98578411356,127.113041869138,4,1.00170118298664,1.00170118298664,311.999897522781,312.530666440281
23.41,100,0,4168.49522512781,127.131944990736,4,1.00170241966787,1.00170241966787,311.982593893416,312.513719197293
23.42,100,0,4169.00442664448,127.150840251148,4,1.00170365584237,1.00170365584237,311.965298415832,312.496779919094
23.43,100,0,4169.51338876844,127.169727652921,4,1.0017048915103,1.0017048915103,311.94801108644,312.479848602196
23.44,100,0,4170.0221116045,127.1886071986,4,1.00170612667182,1.00170612667182,311.930731901658,312.462925243114
23.45,100,0,4170.53059525744,127.207478890727,4,1.00170736132708,1.00170736132708,311.913460857903,312.446009838368
23.46,100,0,4171.038839832,127.226342731848,4,1.00170859547625,1.00170859547625,311.896197951591,312.429102384471
23.47,100,0,4171.54684543289,127.245198724507,4,1.00170982911949,1.00170982911949,311.878943179145,312.412202877947
23.48,100,0,4172.05461216476,127.264046871247,4,1.00171106225695,1.00171106225695,311.861696536982,312.395311315314
23.49,100,0,4172.56214013224,127.282887174613,4,1.00171229488879,1.00171229488879,311.844458021527,312.378427693095
23.5,100,0,4173.06942943993,127.301719637148,4,1.00171352701517,1.00171352701517,311.827227629203,312.361552007811
23.51,100,0,4173.57648019237,127.320544261396,4,1.00171475863625,1.00171475863625,311.810005356435,312.344684255989
23.52,100,0,4174.08329249407,127.339361049899,4,1.00171598975219,1.00171598975219,311.792791199648,312.327824434154
23.53,100,0,4174.5898664495,127.358170005201,4,1.00171722036315,1.00171722036315,311.775585155271,312.310972538832
23.54,100,0,4175.09620216311,127.376971129844,4,1.00171845046928,1.00171845046928,311.758387219732,312.294128566551
23.55,100,0,4175.60229973928,127.395764426372,4,1.00171968007075,1.00171968007075,311.741197389461,312.277292513842
23.56,100,0,4176.10815928238,127.414549897327,4,1.0017209091677,1.0017209091677,311.724015660891,312.260464377235
23.57,100,0,4176.61378089672,127.433327545252,4,1.00172213776031,1.00172213776031,311.706842030453,312.243644153262
23.58,100,0,4177.11916468659,127.452097372688,4,1.00172336584873,1.00172336584873,311.689676494582,312.226831838455
23.59,100,0,4177.62431075623,127.470859382178,4,1.00172459343312,1.00172459343312,311.672519049713,312.210027429351
23.6,100,0,4178.12921920986,127.489613576263,4,1.00172582051364,1.00172582051364,311.655369692284,312.193230922483
23.61,100,0,4178.63389015162,127.508359957486,4,1.00172704709044,1.00172704709044,311.638228418732,312.176442314391
23.62,100,0,4179.13832368566,127.527098528388,4,1.00172827316368,1.00172827316368,311.621095225496,312.159661601611
23.63,100,0,4179.64251991606,127.54582929151,4,1.00172949873353,1.00172949873353,311.603970109017,312.142888780683
23.64,100,0,4180.14647894688,127.564552249393,4,1.00173072380014,1.00173072380014,311.586853065739,312.12612384815
23.65,100,0,4180.65020088214,127.583267404579,4,1.00173194836367,1.00173194836367,311.569744092103,312.109366800552
23.66,100,0,4181.1536858258,127.601974759609,4,1.00173317242428,1.00173317242428,311.552643184554,312.092617634432
23.67,100,0,4181.65693388181,127.620674317022,4,1.00173439598212,1.00173439598212,311.53555033954,312.075876346336
23.68,100,0,4182.15994515407,127.63936607936,4,1.00173561903736,1.00173561903736,311.518465553506,312.05914293281
23.69,100,0,4182.66271974644,127.658050049163,4,1.00173684159015,1.00173684159015,311.501388822902,312.042417390401
23.7,100,0,4183.16525776274,127.67672622897,4,1.00173806364066,1.00173806364066,311.484320144178,312.025699715657
23.71,100,0,4183.66755930677,127.695394621323,4,1.00173928518904,1.00173928518904,311.467259513785,312.008989905128
23.72,100,0,4184.16962448226,127.71405522876,4,1.00174050623545,1.00174050623545,311.450206928175,311.992287955365
23.73,100,0,4184.67145339293,127.732708053821,4,1.00174172678004,1.00174172678004,311.433162383803,311.97559386292
23.74,100,0,4185.17304614244,127.751353099046,4,1.00174294682299,1.00174294682299,311.416125877123,311.958907624347
23.75,100,0,4185.67440283445,127.769990366973,4,1.00174416636443,1.00174416636443,311.399097404594,311.942229236202
23.76,100,0,4186.17552357253,127.788619860143,4,1.00174538540454,1.00174538540454,311.382076962671,311.925558695038
23.77,100,0,4186.67640846024,127.807241581093,4,1.00174660394348,1.00174660394348,311.365064547815,311.908895997415
23.78,100,0,4187.17705760111,127.825855532363,4,1.00174782198139,1.00174782198139,311.348060156486,311.89224113989
23.79,100,0,4187.67747109862,127.84446171649,4,1.00174903951844,1.00174903951844,311.331063785147,311.875594119026
23.8,100,0,4188.1776490562,127.863060136014,4,1.00175025655479,1.00175025655479,311.31407543026,311.85895493138
23.81,100,0,4188.67759157727,127.881650793472,4,1.0017514730906,1.0017514730906,311.297095088288,311.842323573516
23.82,100,0,4189.17729876519,127.900233691402,4,1.00175268912602,1.00175268912602,311.2801227557,311.825700041998
23.83,100,0,4189.67677072329,127.918808832342,4,1.00175390466121,1.00175390466121,311.263158428961,311.809084333392
23.84,100,0,4190.17600755486,127.937376218829,4,1.00175511969633,1.00175511969633,311.24620210454,311.792476444262
23.85,100,0,4190.67500936316,127.955935853402,4,1.00175633423154,1.00175633423154,311.229253778906,311.775876371176
23.86,100,0,4191.1737762514,127.974487738596,4,1.001757548267,1.001757548267,311.212313448532,311.759284110704
23.87,100,0,4191.67230832275,127.993031876949,4,1.00175876180287,1.00175876180287,311.19538110989,311.742699659416
23.88,100,0,4192.17060568036,128.011568270998,4,1.0017599748393,1.0017599748393,311.178456759452,311.726123013881
23.89,100,0,4192.66866842732,128.030096923279,4,1.00176118737646,1.00176118737646,311.161540393695,311.709554170675
23.9,100,0,4193.1664966667,128.048617836329,4,1.00176239941449,1.00176239941449,311.144632009094,311.692993126368
23.91,100,0,4193.66409050153,128.067131012684,4,1.00176361095356,1.00176361095356,311.127731602127,311.676439877539
23.92,100,0,4194.16145003479,128.085636454879,4,1.00176482199384,1.00176482199384,311.110839169273,311.65989442076
23.93,100,0,4194.65857536942,128.104134165452,4,1.00176603253547,1.00176603253547,311.093954707013,311.643356752612
23.94,100,0,4195.15546660835,128.122624146936,4,1.00176724257861,1.00176724257861,311.077078211826,311.626826869671
23.95,100,0,4195.65212385444,128.141106401869,4,1.00176845212342,1.00176845212342,311.060209680198,311.61030476852
23.96,100,0,4196.14854721053,128.159580932785,4,1.00176966117007,1.00176966117007,311.043349108613,311.593790445739
23.97,100,0,4196.64473677942,128.178047742218,4,1.00177086971871,1.00177086971871,311.026496493554,311.57728389791
23.98,100,0,4197.14069266386,128.196506832704,4,1.00177207776949,1.00177207776949,311.009651831511,311.560785121619
23.99,100,0,4197.63641496658,128.214958206778,4,1.00177328532258,1.00177328532258,310.992815118969,311.544294113448
24,100,0,4198.13190379025,128.233401866974,4,1.00177449237814,1.00177449237814,310.97598635242,311.527810869986
24.01,100,0,4198.62715923754,128.251837815826,4,1.00177569893631,1.00177569893631,310.959165528354,311.511335387819
24.02,100,0,4199.12218141103,128.270266055868,4,1.00177690499727,1.00177690499727,310.942352643263,311.494867663538
24.03,100,0,4199.61697041331,128.288686589634,4,1.00177811056117,1.00177811056117,310.92554769364,311.47840769373
24.04,100,0,4200.1115263469,128.307099419658,4,1.00177931562816,1.00177931562816,310.90875067598,311.46195547499
24.05,100,0,4200.6058493143,128.325504548473,4,1.00178052019841,1.00178052019841,310.89196158678,311.445511003908
24.06,100,0,4201.09993941797,128.343901978612,4,1.00178172427207,1.00178172427207,310.875180422536,311.429074277079
24.07,100,0,4201.59379676032,128.362291712609,4,1.00178292784931,1.00178292784931,310.858407179747,311.412645291099
24.08,100,0,4202.08742144373,128.380673752995,4,1.00178413093027,1.00178413093027,310.841641854915,311.396224042564
24.09,100,0,4202.58081357054,128.399048102305,4,1.00178533351512,1.00178533351512,310.824884444538,311.37981052807
24.1,100,0,4203.07397324306,128.417414763069,4,1.00178653560402,1.00178653560402,310.80813494512,311.363404744219
24.11,100,0,4203.56690056356,128.435773737821,4,1.00178773719712,1.00178773719712,310.791393353164,311.347006687608
24.12,100,0,4204.05959563426,128.454125029092,4,1.00178893829459,1.00178893829459,310.774659665178,311.330616354841
24.13,100,0,4204.55205855736,128.472468639415,4,1.00179013889658,1.00179013889658,310.757933877667,311.31423374252
24.14,100,0,4205.04428943501,128.49080457132,4,1.00179133900324,1.00179133900324,310.741215987136,311.297858847248
24.15,100,0,4205.53628836932,128.509132827339,4,1.00179253861474,1.00179253861474,310.724505990099,311.281491665632
24.16,100,0,4206.02805546237,128.527453410003,4,1.00179373773124,1.00179373773124,310.707803883061,311.265132194277
24.17,100,0,4206.5195908162,128.545766321844,4,1.00179493635289,1.00179493635289,310.69110966254,311.248780429792
24.18,100,0,4207.01089453282,128.564071565392,4,1.00179613447985,1.00179613447985,310.674423325044,311.232436368786
24.19,100,0,4207.50196671418,128.582369143176,4,1.00179733211228,1.00179733211228,310.65774486709,311.216100007868
24.2,100,0,4207.99280746222,128.600659057729,4,1.00179852925034,1.00179852925034,310.641074285193,311.199771343652
24.21,100,0,4208.48341687882,128.61894131158,4,1.00179972589418,1.00179972589418,310.624411575869,311.183450372748
24.22,100,0,4208.97379506583,128.637215907258,4,1.00180092204397,1.00180092204397,310.607756735637,311.167137091771
24.23,100,0,4209.46394212506,128.655482847294,4,1.00180211769986,1.00180211769986,310.591109761018,311.150831497337
24.24,100,0,4209.9538581583,128.673742134217,4,1.00180331286201,1.00180331286201,310.574470648532,311.134533586064
24.25,100,0,4210.44354326727,128.691993770555,4,1.00180450753057,1.00180450753057,310.557839394701,311.118243354566
24.26,100,0,4210.93299755368,128.71023775884,4,1.00180570170571,1.00180570170571,310.541215996047,311.101960799466
24.27,100,0,4211.4222211192,128.728474101598,4,1.00180689538759,1.00180689538759,310.524600449098,311.085685917382
24.28,100,0,4211.91121406543,128.746702801358,4,1.00180808857635,1.00180808857635,310.507992750376,311.069418704935
24.29,100,0,4212.39997649398,128.76492386065,4,1.00180928127217,1.00180928127217,310.491392896412,311.05315915875
24.3,100,0,4212.88850850638,128.783137282001,4,1.00181047347519,1.00181047347519,310.474800883734,311.03690727545
24.31,100,0,4213.37681020416,128.801343067938,4,1.00181166518558,1.00181166518558,310.458216708871,311.02066305166
24.32,100,0,4213.86488168877,128.819541220991,4,1.00181285640349,1.00181285640349,310.441640368354,311.004426484007
24.33,100,0,4214.35272306167,128.837731743686,4,1.00181404712909,1.00181404712909,310.425071858717,310.988197569119
24.34,100,0,4214.84033442425,128.855914638551,4,1.00181523736252,1.00181523736252,310.408511176494,310.971976303626
24.35,100,0,4215.32771587786,128.874089908112,4,1.00181642710395,1.00181642710395,310.39195831822,310.955762684157
24.36,100,0,4215.81486752383,128.892257554896,4,1.00181761635353,1.00181761635353,310.375413280432,310.939556707345
24.37,100,0,4216.30178946345,128.910417581431,4,1.00181880511143,1.00181880511143,310.358876059666,310.923358369821
24.38,100,0,4216.78848179796,128.928569990243,4,1.0018199933778,1.0018199933778,310.342346652462,310.90716766822
24.39,100,0,4217.27494462857,128.946714783857,4,1.0018211811528,1.0018211811528,310.32582505536,310.890984599177
24.4,100,0,4217.76117805646,128.964851964799,4,1.00182236843658,1.00182236843658,310.309311264905,310.874809159331
24.41,100,0,4218.24718218276,128.982981535596,4,1.00182355522931,1.00182355522931,310.292805277636,310.858641345317
24.42,100,0,4218.73295710856,129.001103498773,4,1.00182474153114,1.00182474153114,310.276307090099,310.842481153775
24.43,100,0,4219.21850293492,129.019217856855,4,1.00182592734223,1.00182592734223,310.259816698841,310.826328581346
24.44,100,0,4219.70381976287,129.037324612368,4,1.00182711266274,1.00182711266274,310.243334100406,310.81018362467
24.45,100,0,4220.18890769339,129.055423767835,4,1.00182829749282,1.00182829749282,310.226859291344,310.794046280392
24.46,100,0,4220.67376682743,129.073515325782,4,1.00182948183264,1.00182948183264,310.210392268204,310.777916545155
24.47,100,0,4221.15839726589,129.091599288732,4,1.00183066568235,1.00183066568235,310.19393302754,310.761794415605
24.48,100,0,4221.64279910964,129.109675659211,4,1.0018318490421,1.0018318490421,310.177481565899,310.745679888388
24.49,100,0,4222.12697245952,129.127744439742,4,1.00183303191207,1.00183303191207,310.161037879838,310.729572960152
24.5,100,0,4222.61091741633,129.145805632848,4,1.0018342142924,1.0018342142924,310.14460196591,310.713473627546
24.51,100,0,4223.09463408083,129.163859241054,4,1.00183539618325,1.00183539618325,310.128173820673,310.697381887221
24.52,100,0,4223.57812255372,129.181905266882,4,1.00183657758478,1.00183657758478,310.111753440682,310.681297735828
24.53,100,0,4224.06138293571,129.199943712855,4,1.00183775849715,1.00183775849715,310.095340822498,310.66522117002
24.54,100,0,4224.54441532742,129.217974581496,4,1.00183893892051,1.00183893892051,310.078935962679,310.649152186451
24.55,100,0,4225.02721982948,129.235997875328,4,1.00184011885503,1.00184011885503,310.062538857788,310.633090781778
24.56,100,0,4225.50979654245,129.254013596872,4,1.00184129830085,1.00184129830085,310.046149504386,310.617036952655
24.57,100,0,4225.99214556686,129.272021748652,4,1.00184247725815,1.00184247725815,310.029767899037,310.600990695741
24.58,100,0,4226.47426700321,129.290022333188,4,1.00184365572707,1.00184365572707,310.013394038308,310.584952007696
24.59,100,0,4226.95616095196,129.308015353002,4,1.00184483370778,1.00184483370778,309.997027918763,310.568920885179
24.6,100,0,4227.43782751353,129.326000810616,4,1.00184601120043,1.00184601120043,309.980669536971,310.552897324852
24.61,100,0,4227.9192667883,129.34397870855,4,1.00184718820517,1.00184718820517,309.964318889502,310.536881323379
24.62,100,0,4228.40047887662,129.361949049326,4,1.00184836472217,1.00184836472217,309.947975972924,310.520872877422
24.63,100,0,4228.88146387879,129.379911835464,4,1.00184954075159,1.00184954075159,309.931640783812,310.504871983649
24.64,100,0,4229.36222189509,129.397867069485,4,1.00185071629358,1.00185071629358,309.915313318735,310.488878638724
24.65,100,0,4229.84275302575,129.415814753908,4,1.0018518913483,1.0018518913483,309.89899357427,310.472892839317
24.66,100,0,4230.32305737096,129.433754891254,4,1.0018530659159,1.0018530659159,309.882681546992,310.456914582095
24.67,100,0,4230.80313503089,129.451687484043,4,1.00185423999655,1.00185423999655,309.866377233476,310.44094386373
24.68,100,0,4231.28298610565,129.469612534792,4,1.0018554135904,1.0018554135904,309.850080630303,310.424980680892
24.69,100,0,4231.76261069532,129.487530046023,4,1.00185658669762,1.00185658669762,309.83379173405,310.409025030256
24.7,100,0,4232.24200889996,129.505440020254,4,1.00185775931834,1.00185775931834,309.8175105413,310.393076908494
24.71,100,0,4232.72118081957,129.523342460003,4,1.00185893145275,1.00185893145275,309.801237048633,310.377136312282
24.72,100,0,4233.20012655412,129.541237367788,4,1.00186010310098,1.00186010310098,309.784971252633,310.361203238297
24.73,100,0,4233.67884620354,129.559124746129,4,1.0018612742632,1.0018612742632,309.768713149885,310.345277683217
24.74,100,0,4234.15733986774,129.577004597544,4,1.00186244493957,1.00186244493957,309.752462736974,310.32935964372
24.75,100,0,4234.63560764657,129.594876924548,4,1.00186361513025,1.00186361513025,309.736220010488,310.313449116486
24.76,100,0,4235.11364963985,129.612741729662,4,1.00186478483539,1.00186478483539,309.719984967016,310.297546098199
24.77,100,0,4235.59146594737,129.6305990154,4,1.00186595405514,1.00186595405514,309.703757603146,310.281650585539
24.78,100,0,4236.06905666887,129.648448784282,4,1.00186712278968,1.00186712278968,309.687537915469,310.265762575191
24.79,100,0,4236.54642190406,129.666291038822,4,1.00186829103915,1.00186829103915,309.67132590058,310.24988206384
24.8,100,0,4237.02356175261,129.684125781538,4,1.0018694588037,1.0018694588037,309.655121555069,310.234009048173
24.81,100,0,4237.50047631416,129.701953014946,4,1.00187062608351,1.00187062608351,309.638924875534,310.218143524877
24.82,100,0,4237.97716568831,129.719772741562,4,1.00187179287873,1.00187179287873,309.622735858571,310.202285490643
24.83,100,0,4238.45362997462,129.737584963902,4,1.0018729591895,1.0018729591895,309.606554500776,310.186434942159
24.84,100,0,4238.9298692726,129.75538968448,4,1.001874125016,1.001874125016,309.590380798748,310.170591876117
24.85,100,0,4239.40588368174,129.773186905814,4,1.00187529035838,1.00187529035838,309.574214749088,310.15475628921
24.86,100,0,4239.8816733015,129.790976630416,4,1.00187645521679,1.00187645521679,309.558056348396,310.138928178131
24.87,100,0,4240.35723823128,129.808758860803,4,1.0018776195914,1.0018776195914,309.541905593276,310.123107539577
24.88,100,0,4240.83257857045,129.826533599488,4,1.00187878348236,1.00187878348236,309.525762480332,310.107294370243
24.89,100,0,4241.30769441835,129.844300848985,4,1.00187994688982,1.00187994688982,309.509627006168,310.091488666827
24.9,100,0,4241.78258587429,129.86206061181,4,1.00188110981395,1.00188110981395,309.493499167392,310.075690426029
24.91,100,0,4242.25725303751,129.879812890475,4,1.0018822722549,1.0018822722549,309.477378960611,310.059899644547
24.92,100,0,4242.73169600725,129.897557687494,4,1.00188343421283,1.00188343421283,309.461266382433,310.044116319082
24.93,100,0,4243.2059148827,129.91529500538,4,1.00188459568789,1.00188459568789,309.445161429472,310.028340446341
24.94,100,0,4243.67990976299,129.933024846646,4,1.00188575668025,1.00188575668025,309.429064098335,310.012572023024
24.95,100,0,4244.15368074725,129.950747213804,4,1.00188691719007,1.00188691719007,309.412974385639,309.996811045836
24.96,100,0,4244.62722793455,129.968462109368,4,1.00188807721748,1.00188807721748,309.396892287996,309.981057511485
24.97,100,0,4245.10055142392,129.98616953585,4,1.00188923676267,1.00188923676267,309.380817802022,309.965311416678
24.98,100,0,4245.57365131438,130.00386949576,4,1.00189039582578,1.00189039582578,309.364750924334,309.949572758123
24.99,100,0,4246.04652770487,130.021561991611,4,1.00189155440696,1.00189155440696,309.34869165155,309.933841532532
25,100,0,4246.51918069434,130.039247025915,4,1.00189271250639,1.00189271250639,309.33263998029,309.918117736614
25.01,100,0,4246.99161038166,130.056924601182,4,1.0018938701242,1.0018938701242,309.316595907175,309.902401367084
25.02,100,0,4247.46381686568,130.074594719923,4,1.00189502726057,1.00189502726057,309.300559428825,309.886692420653
25.03,100,0,4247.93580024523,130.092257384649,4,1.00189618391565,1.00189618391565,309.284530541864,309.870990894037
25.04,100,0,4248.40756061909,130.109912597871,4,1.00189734008959,1.00189734008959,309.268509242917,309.855296783952
25.05,100,0,4248.87909808598,130.127560362098,4,1.00189849578255,1.00189849578255,309.252495528611,309.839610087116
25.06,100,0,4249.35041274462,130.14520067984,4,1.0018996509947,1.0018996509947,309.236489395572,309.823930800249
25.07,100,0,4249.82150469366,130.162833553606,4,1.00190080572618,1.00190080572618,309.220490840427,309.808258920068
25.08,100,0,4250.29237403175,130.180458985907,4,1.00190195997715,1.00190195997715,309.204499859809,309.792594443297
25.09,100,0,4250.76302085747,130.198076979251,4,1.00190311374777,1.00190311374777,309.188516450346,309.776937366657
25.1,100,0,4251.23344526937,130.215687536146,4,1.00190426703821,1.00190426703821,309.172540608671,309.76128768687
25.11,100,0,4251.70364736597,130.233290659102,4,1.0019054198486,1.0019054198486,309.156572331419,309.745645400664
25.12,100,0,4252.17362724576,130.250886350626,4,1.00190657217912,1.00190657217912,309.140611615221,309.730010504763
25.13,100,0,4252.64338500717,130.268474613227,4,1.00190772402991,1.00190772402991,309.124658456718,309.714382995895
25.14,100,0,4253.11292074861,130.286055449412,4,1.00190887540115,1.00190887540115,309.108712852544,309.698762870788
25.15,100,0,4253.58223456846,130.303628861688,4,1.00191002629297,1.00191002629297,309.09277479934,309.683150126173
25.16,100,0,4254.05132656504,130.321194852563,4,1.00191117670554,1.00191117670554,309.076844293744,309.66754475878
25.17,100,0,4254.52019683664,130.338753424544,4,1.00191232663902,1.00191232663902,309.060921332399,309.651946765343
25.18,100,0,4254.98884548153,130.356304580137,4,1.00191347609356,1.00191347609356,309.045005911946,309.636356142593
25.19,100,0,4255.45727259793,130.373848321849,4,1.00191462506932,1.00191462506932,309.029098029029,309.620772887266
25.2,100,0,4255.92547828401,130.391384652185,4,1.00191577356646,1.00191577356646,309.013197680293,309.605196996097
25.21,100,0,4256.39346263793,130.408913573652,4,1.00191692158513,1.00191692158513,308.997304862384,309.589628465824
25.22,100,0,4256.8612257578,130.426435088755,4,1.0019180691255,1.0019180691255,308.981419571952,309.574067293186
25.23,100,0,4257.32876774168,130.443949199999,4,1.00191921618771,1.00191921618771,308.965541805645,309.558513474922
25.24,100,0,4257.79608868762,130.46145590989,4,1.00192036277192,1.00192036277192,308.949671560112,309.542967007774
25.25,100,0,4258.2631886936,130.478955220931,4,1.0019215088783,1.0019215088783,308.933808832005,309.527427888482
25.26,100,0,4258.7300678576,130.496447135628,4,1.00192265450699,1.00192265450699,308.917953617976,309.51189611379
25.27,100,0,4259.19672627754,130.513931656484,4,1.00192379965816,1.00192379965816,308.90210591468,309.496371680443
25.28,100,0,4259.6631640513,130.531408786004,4,1.00192494433196,1.00192494433196,308.886265718772,309.480854585187
25.29,100,0,4260.12938127673,130.548878526691,4,1.00192608852854,1.00192608852854,308.87043302691,309.465344824769
25.3,100,0,4260.59537805165,130.566340881048,4,1.00192723224808,1.00192723224808,308.854607835749,309.449842395937
25.31,100,0,4261.06115447384,130.583795851578,4,1.00192837549071,1.00192837549071,308.838790141951,309.434347295441
25.32,100,0,4261.52671064103,130.601243440785,4,1.0019295182566,1.0019295182566,308.822979942174,309.41885952003
25.33,100,0,4261.99204665092,130.61868365117,4,1.00193066054591,1.00193066054591,308.807177233081,309.403379066459
25.34,100,0,4262.45716260119,130.636116485237,4,1.00193180235879,1.00193180235879,308.791382011336,309.387905931478
25.35,100,0,4262.92205858946,130.653541945486,4,1.00193294369539,1.00193294369539,308.7755942736,309.372440111842
25.36,100,0,4263.38673471331,130.67096003442,4,1.00193408455588,1.00193408455588,308.759814016542,309.356981604309
25.37,100,0,4263.85119107032,130.688370754539,4,1.00193522494042,1.00193522494042,308.744041236827,309.341530405634
25.38,100,0,4264.31542775798,130.705774108346,4,1.00193636484915,1.00193636484915,308.728275931124,309.326086512576
25.39,100,0,4264.77944487379,130.72317009834,4,1.00193750428223,1.00193750428223,308.712518096102,309.310649921893
25.4,100,0,4265.24324251519,130.740558727023,4,1.00193864323983,1.00193864323983,308.696767728432,309.295220630347
25.41,100,0,4265.70682077958,130.757939996894,4,1.0019397817221,1.0019397817221,308.681024824783,309.279798634697
25.42,100,0,4266.17017976434,130.775313910454,4,1.00194091972919,1.00194091972919,308.665289381833,309.264383931709
25.43,100,0,4266.6333195668,130.792680470202,4,1.00194205726126,1.00194205726126,308.649561396253,309.248976518146
25.44,100,0,4267.09624028425,130.810039678638,4,1.00194319431847,1.00194319431847,308.63384086472,309.233576390774
25.45,100,0,4267.55894201395,130.82739153826,4,1.00194433090097,1.00194433090097,308.61812778391,309.218183546359
25.46,100,0,4268.02142485314,130.844736051568,4,1.00194546700892,1.00194546700892,308.602422150503,309.20279798167
25.47,100,0,4268.48368889898,130.86207322106,4,1.00194660264248,1.00194660264248,308.586723961177,309.187419693475
25.48,100,0,4268.94573424863,130.879403049234,4,1.0019477378018,1.0019477378018,308.571033212614,309.172048678544
25.49,100,0,4269.40756099921,130.896725538589,4,1.00194887248705,1.00194887248705,308.555349901496,309.156684933651
25.5,100,0,4269.86916924778,130.914040691622,4,1.00195000669837,1.00195000669837,308.539674024505,309.141328455565
25.51,100,0,4270.33055909139,130.93134851083,4,1.00195114043592,1.00195114043592,308.524005578328,309.125979241064
25.52,100,0,4270.79173062704,130.94864899871,4,1.00195227369986,1.00195227369986,308.508344559648,309.11063728692
25.53,100,0,4271.25268395169,130.96594215776,4,1.00195340649035,1.00195340649035,308.492690965153,309.095302589911
25.54,100,0,4271.71341916227,130.983227990476,4,1.00195453880754,1.00195453880754,308.477044791533,309.079975146814
25.55,100,0,4272.17393635568,131.000506499353,4,1.00195567065159,1.00195567065159,308.461406035477,309.064654954409
25.56,100,0,4272.63423562875,131.017777686889,4,1.00195680202265,1.00195680202265,308.445774693676,309.049342009476
25.57,100,0,4273.09431707832,131.035041555578,4,1.00195793292089,1.00195793292089,308.430150762822,309.034036308795
25.58,100,0,4273.55418080117,131.052298107916,4,1.00195906334645,1.00195906334645,308.414534239608,309.01873784915
25.59,100,0,4274.01382689403,131.069547346398,4,1.0019601932995,1.0019601932995,308.39892512073,309.003446627323
25.6,100,0,4274.47325545362,131.086789273519,4,1.00196132278018,1.00196132278018,308.383323402883,308.988162640101
25.61,100,0,4274.9324665766,131.104023891774,4,1.00196245178866,1.00196245178866,308.367729082764,308.972885884269
25.62,100,0,4275.39146035961,131.121251203655,4,1.0019635803251,1.0019635803251,308.352142157074,308.957616356616
25.63,100,0,4275.85023689925,131.138471211658,4,1.00196470838964,1.00196470838964,308.336562622512,308.94235405393
25.64,100,0,4276.30879629207,131.155683918276,4,1.00196583598245,1.00196583598245,308.320990475778,308.927098973
25.65,100,0,4276.76713863461,131.172889326003,4,1.00196696310368,1.00196696310368,308.305425713575,308.911851110618
25.66,100,0,4277.22526402334,131.19008743733,4,1.00196808975349,1.00196808975349,308.289868332605,308.896610463576
25.67,100,0,4277.68317255471,131.207278254751,4,1.00196921593203,1.00196921593203,308.274318329576,308.881377028667
25.68,100,0,4278.14086432515,131.224461780759,4,1.00197034163946,1.00197034163946,308.258775701193,308.866150802687
25.69,100,0,4278.59833943102,131.241638017845,4,1.00197146687594,1.00197146687594,308.243240444162,308.850931782431
25.7,100,0,4279.05559796868,131.258806968501,4,1.00197259164162,1.00197259164162,308.227712555195,308.835719964697
25.71,100,0,4279.51264003441,131.275968635219,4,1.00197371593666,1.00197371593666,308.212192030999,308.820515346283
25.72,100,0,4279.96946572448,131.29312302049,4,1.00197483976121,1.00197483976121,308.196678868286,308.805317923988
25.73,100,0,4280.42607513514,131.310270126805,4,1.00197596311543,1.00197596311543,308.181173063769,308.790127694615
25.74,100,0,4280.88246836256,131.327409956655,4,1.00197708599948,1.00197708599948,308.165674614163,308.774944654964
25.75,100,0,4281.33864550292,131.344542512529,4,1.00197820841352,1.00197820841352,308.150183516181,308.75976880184
25.76,100,0,4281.79460665232,131.361667796917,4,1.00197933035769,1.00197933035769,308.134699766541,308.744600132046
25.77,100,0,4282.25035190685,131.378785812311,4,1.00198045183215,1.00198045183215,308.119223361959,308.729438642388
25.78,100,0,4282.70588136255,131.395896561198,4,1.00198157283707,1.00198157283707,308.103754299154,308.714284329672
25.79,100,0,4283.16119511545,131.413000046068,4,1.00198269337259,1.00198269337259,308.088292574848,308.69913719071
25.8,100,0,4283.6162932615,131.43009626941,4,1.00198381343888,1.00198381343888,308.07283818576,308.683997222307
25.81,100,0,4284.07117589666,131.447185233712,4,1.00198493303609,1.00198493303609,308.057391128615,308.668864421276
25.82,100,0,4284.52584311681,131.464266941462,4,1.00198605216437,1.00198605216437,308.041951400135,308.653738784429
25.83,100,0,4284.98029501783,131.481341395149,4,1.00198717082388,1.00198717082388,308.026518997048,308.638620308579
25.84,100,0,4285.43453169554,131.49840859726,4,1.00198828901477,1.00198828901477,308.011093916077,308.623508990539
25.85,100,0,4285.88855324572,131.515468550282,4,1.00198940673721,1.00198940673721,307.995676153951,308.608404827124
25.86,100,0,4286.34235976414,131.532521256702,4,1.00199052399135,1.00199052399135,307.9802657074,308.593307815152
25.87,100,0,4286.79595134652,131.549566719006,4,1.00199164077734,1.00199164077734,307.964862573153,308.578217951442
25.88,100,0,4287.24932808853,131.566604939682,4,1.00199275709534,1.00199275709534,307.949466747943,308.563135232812
25.89,100,0,4287.70249008582,131.583635921215,4,1.00199387294551,1.00199387294551,307.9340782285,308.548059656081
25.9,100,0,4288.15543743399,131.60065966609,4,1.001994988328,1.001994988328,307.918697011561,308.532991218072
25.91,100,0,4288.60817022862,131.617676176794,4,1.00199610324297,1.00199610324297,307.90332309386,308.517929915608
25.92,100,0,4289.06068856525,131.634685455811,4,1.00199721769057,1.00199721769057,307.887956472134,308.502875745513
25.93,100,0,4289.51299253936,131.651687505627,4,1.00199833167096,1.00199833167096,307.872597143119,308.48782870461
25.94,100,0,4289.96508224643,131.668682328724,4,1.00199944518429,1.00199944518429,307.857245103557,308.472788789729
25.95,100,0,4290.41695778188,131.685669927589,4,1.00200055823073,1.00200055823073,307.841900350185,308.457755997694
25.96,100,0,4290.8686192411,131.702650304705,4,1.00200167081042,1.00200167081042,307.826562879749,308.442730325337
25.97,100,0,4291.32006671944,131.719623462554,4,1.00200278292352,1.00200278292352,307.811232688988,308.427711769486
25.98,100,0,4291.77130031221,131.736589403621,4,1.00200389457019,1.00200389457019,307.795909774648,308.412700326973
25.99,100,0,4292.2223201147,131.753548130388,4,1.00200500575059,1.00200500575059,307.780594133473,308.39769599463
26,100,0,4292.67312622215,131.770499645338,4,1.00200611646486,1.00200611646486,307.76528576221,308.382698769291
26.01,100,0,4293.12371872977,131.787443950954,4,1.00200722671317,1.00200722671317,307.749984657609,308.367708647792
26.02,100,0,4293.57409773272,131.804381049717,4,1.00200833649567,1.00200833649567,307.734690816417,308.352725626967
26.03,100,0,4294.02426332615,131.821310944108,4,1.00200944581251,1.00200944581251,307.719404235384,308.337749703654
26.04,100,0,4294.47421560514,131.83823363661,4,1.00201055466386,1.00201055466386,307.704124911262,308.322780874692
26.05,100,0,4294.92395466477,131.855149129703,4,1.00201166304986,1.00201166304986,307.688852840806,308.307819136921
26.06,100,0,4295.37348060004,131.872057425867,4,1.00201277097068,1.00201277097068,307.673588020768,308.292864487182
26.07,100,0,4295.82279350596,131.888958527585,4,1.00201387842647,1.00201387842647,307.658330447904,308.277916922316
26.08,100,0,4296.27189347748,131.905852437334,4,1.00201498541737,1.00201498541737,307.643080118971,308.262976439167
26.09,100,0,4296.7207806095,131.922739157596,4,1.00201609194356,1.00201609194356,307.627837030726,308.248043034579
26.1,100,0,4297.16945499692,131.939618690849,4,1.00201719800519,1.00201719800519,307.612601179929,308.233116705399
26.11,100,0,4297.61791673456,131.956491039573,4,1.0020183036024,1.0020183036024,307.597372563341,308.218197448474
26.12,100,0,4298.06616591725,131.973356206246,4,1.00201940873536,1.00201940873536,307.582151177723,308.203285260651
26.13,100,0,4298.51420263974,131.990214193348,4,1.00202051340422,1.00202051340422,307.566937019837,308.18838013878
26.14,100,0,4298.96202699678,132.007065003355,4,1.00202161760913,1.00202161760913,307.551730086448,308.17348207971
26.15,100,0,4299.40963908305,132.023908638746,4,1.00202272135026,1.00202272135026,307.536530374323,308.158591080297
26.16,100,0,4299.85703899323,132.040745101999,4,1.00202382462776,1.00202382462776,307.521337880227,308.14370713739
26.17,100,0,4300.30422682194,132.057574395591,4,1.00202492744178,1.00202492744178,307.506152600927,308.128830247844
26.18,100,0,4300.75120266375,132.074396521997,4,1.00202602979247,1.00202602979247,307.490974533194,308.113960408515
26.19,100,0,4301.19796661324,132.091211483696,4,1.00202713168,1.00202713168,307.475803673798,308.09909761626
26.2,100,0,4301.64451876491,132.108019283163,4,1.00202823310452,1.00202823310452,307.460640019512,308.084241867938
26.21,100,0,4302.09085921324,132.124819922874,4,1.00202933406619,1.00202933406619,307.445483567106,308.069393160404
26.22,100,0,4302.53698805268,132.141613405305,4,1.00203043456515,1.00203043456515,307.430334313358,308.054551490523
26.23,100,0,4302.98290537763,132.158399732931,4,1.00203153460157,1.00203153460157,307.41519225504,308.039716855153
26.24,100,0,4303.42861128247,132.175178908227,4,1.00203263417559,1.00203263417559,307.40005738893,308.024889251158
26.25,100,0,4303.87410586152,132.191950933667,4,1.00203373328739,1.00203373328739,307.384929711807,308.010068675403
26.26,100,0,4304.3193892091,132.208715811725,4,1.0020348319371,1.0020348319371,307.369809220449,307.995255124751
26.27,100,0,4304.76446141945,132.225473544876,4,1.00203593012489,1.00203593012489,307.354695911637,307.980448596069
26.28,100,0,4305.20932258681,132.242224135593,4,1.00203702785091,1.00203702785091,307.339589782153,307.965649086226
26.29,100,0,4305.65397280536,132.25896758635,4,1.00203812511531,1.00203812511531,307.324490828779,307.950856592088
26.3,100,0,4306.09841216927,132.275703899619,4,1.00203922191826,1.00203922191826,307.3093990483,307.936071110527
26.31,100,0,4306.54264077264,132.292433077873,4,1.0020403182599,1.0020403182599,307.294314437501,307.921292638412
26.32,100,0,4306.98665870955,132.309155123585,4,1.0020414141404,1.0020414141404,307.27923699317,307.906521172619
26.33,100,0,4307.43046607406,132.325870039225,4,1.0020425095599,1.0020425095599,307.264166712093,307.891756710017
26.34,100,0,4307.87406296017,132.342577827267,4,1.00204360451856,1.00204360451856,307.249103591061,307.876999247484
26.35,100,0,4308.31744946186,132.35927849018,4,1.00204469901654,1.00204469901654,307.234047626863,307.862248781894
26.36,100,0,4308.76062567306,132.375972030437,4,1.00204579305399,1.00204579305399,307.218998816292,307.847505310125
26.37,100,0,4309.20359168766,132.392658450507,4,1.00204688663107,1.00204688663107,307.203957156141,307.832768829055
26.38,100,0,4309.64634759955,132.409337752861,4,1.00204797974793,1.00204797974793,307.188922643203,307.818039335565
26.39,100,0,4310.08889350253,132.426009939969,4,1.00204907240473,1.00204907240473,307.173895274275,307.803316826534
26.4,100,0,4310.53122949041,132.442675014301,4,1.00205016460161,1.00205016460161,307.158875046152,307.788601298842
26.41,100,0,4310.97335565695,132.459332978325,4,1.00205125633875,1.00205125633875,307.143861955632,307.773892749376
26.42,100,0,4311.41527209585,132.475983834512,4,1.00205234761628,1.00205234761628,307.128855999517,307.759191175019
26.43,100,0,4311.85697890081,132.492627585328,4,1.00205343843438,1.00205343843438,307.113857174604,307.744496572656
26.44,100,0,4312.29847616547,132.509264233244,4,1.00205452879318,1.00205452879318,307.098865477697,307.729808939174
26.45,100,0,4312.73976398344,132.525893780726,4,1.00205561869285,1.00205561869285,307.083880905598,307.71512827146
26.46,100,0,4313.1808424483,132.542516230242,4,1.00205670813354,1.00205670813354,307.068903455111,307.700454566405
26.47,100,0,4313.62171165359,132.559131584259,4,1.00205779711541,1.00205779711541,307.053933123042,307.685787820898
26.48,100,0,4314.06237169282,132.575739845245,4,1.00205888563861,1.00205888563861,307.038969906199,307.671128031832
26.49,100,0,4314.50282265944,132.592341015666,4,1.00205997370329,1.00205997370329,307.024013801386,307.656475196096
26.5,100,0,4314.94306464689,132.608935097988,4,1.00206106130962,1.00206106130962,307.009064805416,307.641829310588
26.51,100,0,4315.38309774857,132.625522094678,4,1.00206214845774,1.00206214845774,306.994122915097,307.627190372201
26.52,100,0,4315.82292205783,132.6421020082,4,1.00206323514781,1.00206323514781,306.979188127243,307.612558377832
26.53,100,0,4316.26253766799,132.65867484102,4,1.00206432137998,1.00206432137998,306.964260438664,307.597933324378
26.54,100,0,4316.70194467236,132.675240595603,4,1.00206540715442,1.00206540715442,306.949339846176,307.583315208738
26.55,100,0,4317.14114316416,132.691799274413,4,1.00206649247126,1.00206649247126,306.934426346595,307.568704027812
26.56,100,0,4317.58013323663,132.708350879915,4,1.00206757733068,1.00206757733068,306.919519936736,307.5540997785
26.57,100,0,4318.01891498294,132.724895414572,4,1.00206866173282,1.00206866173282,306.904620613417,307.539502457706
26.58,100,0,4318.45748849623,132.741432880848,4,1.00206974567784,1.00206974567784,306.889728373458,307.524912062332
26.59,100,0,4318.89585386961,132.757963281207,4,1.00207082916589,1.00207082916589,306.874843213679,307.510328589284
26.6,100,0,4319.33401119615,132.77448661811,4,1.00207191219713,1.00207191219713,306.859965130901,307.495752035467
26.61,100,0,4319.77196056889,132.791002894021,4,1.00207299477171,1.00207299477171,306.845094121948,307.481182397789
26.62,100,0,4320.20970208082,132.807512111401,4,1.00207407688979,1.00207407688979,306.830230183642,307.466619673156
26.63,100,0,4320.64723582491,132.824014272713,4,1.00207515855152,1.00207515855152,306.815373312811,307.452063858479
26.64,100,0,4321.08456189409,132.840509380418,4,1.00207623975706,1.00207623975706,306.80052350628,307.43751495067
26.65,100,0,4321.52168038124,132.856997436976,4,1.00207732050655,1.00207732050655,306.785680760878,307.422972946639
26.66,100,0,4321.95859137923,132.873478444849,4,1.00207840080016,1.00207840080016,306.770845073431,307.408437843298
26.67,100,0,4322.39529498088,132.889952406498,4,1.00207948063804,1.00207948063804,306.756016440773,307.393909637564
26.68,100,0,4322.83179127895,132.906419324381,4,1.00208056002034,1.00208056002034,306.741194859733,307.379388326351
26.69,100,0,4323.26808036622,132.92287920096,4,1.00208163894723,1.00208163894723,306.726380327144,307.364873906575
26.7,100,0,4323.70416233538,132.939332038692,4,1.00208271741884,1.00208271741884,306.711572839841,307.350366375155
26.71,100,0,4324.14003727911,132.955777840038,4,1.00208379543534,1.00208379543534,306.696772394659,307.335865729009
26.72,100,0,4324.57570529006,132.972216607456,4,1.00208487299688,1.00208487299688,306.681978988435,307.321371965058
26.73,100,0,4325.01116646082,132.988648343405,4,1.00208595010362,1.00208595010362,306.667192618005,307.306885080224
26.74,100,0,4325.44642088397,133.005073050341,4,1.00208702675571,1.00208702675571,306.652413280209,307.292405071427
26.75,100,0,4325.88146865204,133.021490730723,4,1.0020881029533,1.0020881029533,306.637640971887,307.277931935594
26.76,100,0,4326.31630985753,133.037901387009,4,1.00208917869655,1.00208917869655,306.622875689879,307.263465669647
26.77,100,0,4326.75094459289,133.054305021654,4,1.00209025398562,1.00209025398562,306.608117431031,307.249006270514
26.78,100,0,4327.18537295055,133.070701637116,4,1.00209132882065,1.00209132882065,306.593366192184,307.234553735122
26.79,100,0,4327.61959502291,133.087091235851,4,1.0020924032018,1.0020924032018,306.578621970185,307.220108060399
26.8,100,0,4328.05361090231,133.103473820314,4,1.00209347712923,1.00209347712923,306.563884761877,307.205669243275
26.81,100,0,4328.48742068108,133.119849392962,4,1.00209455060309,1.00209455060309,306.549154564112,307.191237280681
26.82,100,0,4328.92102445149,133.136217956248,4,1.00209562362354,1.00209562362354,306.534431373735,307.176812169549
26.83,100,0,4329.35442230579,133.152579512629,4,1.00209669619072,1.00209669619072,306.519715187599,307.162393906813
26.84,100,0,4329.78761433619,133.168934064559,4,1.00209776830479,1.00209776830479,306.505006002553,307.147982489406
26.85,100,0,4330.22060063488,133.185281614491,4,1.00209883996591,1.00209883996591,306.490303815451,307.133577914264
26.86,100,0,4330.65338129397,133.201622164879,4,1.00209991117424,1.00209991117424,306.475608623146,307.119180178324
26.87,100,0,4331.08595640559,133.217955718177,4,1.00210098192991,1.00210098192991,306.460920422493,307.104789278525
26.88,100,0,4331.5183260618,133.234282276838,4,1.0021020522331,1.0021020522331,306.446239210349,307.090405211806
26.89,100,0,4331.95049035462,133.250601843314,4,1.00210312208395,1.00210312208395,306.43156498357,307.076027975106
26.9,100,0,4332.38244937606,133.266914420057,4,1.00210419148262,1.00210419148262,306.416897739016,307.061657565368
26.91,100,0,4332.81420321807,133.283220009521,4,1.00210526042926,1.00210526042926,306.402237473546,307.047293979534
26.92,100,0,4333.24575197259,133.299518614155,4,1.00210632892402,1.00210632892402,306.387584184022,307.032937214549
26.93,100,0,4333.67709573149,133.315810236412,4,1.00210739696706,1.00210739696706,306.372937867305,307.018587267356
26.94,100,0,4334.10823458664,133.332094878742,4,1.00210846455854,1.00210846455854,306.35829852026,307.004244134904
26.95,100,0,4334.53916862985,133.348372543596,4,1.0021095316986,1.0021095316986,306.343666139751,306.989907814139
26.96,100,0,4334.9698979529,133.364643233423,4,1.00211059838741,1.00211059838741,306.329040722644,306.975578302009
26.97,100,0,4335.40042264754,133.380906950674,4,1.00211166462511,1.00211166462511,306.314422265807,306.961255595465
26.98,100,0,4335.83074280548,133.397163697799,4,1.00211273041185,1.00211273041185,306.299810766108,306.946939691459
26.99,100,0,4336.2608585184,133.413413477245,4,1.00211379574781,1.00211379574781,306.285206220417,306.932630586941
27,100,0,4336.69076987793,133.429656291462,4,1.00211486063311,1.00211486063311,306.270608625603,306.918328278865
27.01,100,0,4337.12047697567,133.445892142898,4,1.00211592506793,1.00211592506793,306.256017978542,306.904032764187
27.02,100,0,4337.54997990321,133.462121034002,4,1.00211698905241,1.00211698905241,306.241434276105,306.889744039863
27.03,100,0,4337.97927875206,133.47834296722,4,1.00211805258671,1.00211805258671,306.226857515167,306.875462102849
27.04,100,0,4338.40837361373,133.494557945,4,1.00211911567099,1.00211911567099,306.212287692604,306.861186950102
27.05,100,0,4338.83726457968,133.510765969789,4,1.00212017830538,1.00212017830538,306.197724805294,306.846918578584
27.06,100,0,4339.26595174134,133.526967044033,4,1.00212124049006,1.00212124049006,306.183168850113,306.832656985253
27.07,100,0,4339.69443519008,133.543161170178,4,1.00212230222517,1.00212230222517,306.168619823942,306.818402167072
27.08,100,0,4340.12271501728,133.559348350671,4,1.00212336351087,1.00212336351087,306.154077723661,306.804154121004
27.09,100,0,4340.55079131424,133.575528587956,4,1.00212442434731,1.00212442434731,306.139542546153,306.789912844012
27.1,100,0,4340.97866417225,133.591701884479,4,1.00212548473464,1.00212548473464,306.125014288302,306.775678333063
27.11,100,0,4341.40633368257,133.607868242685,4,1.00212654467302,1.00212654467302,306.110492946991,306.761450585123
27.12,100,0,4341.8337999364,133.624027665017,4,1.0021276041626,1.0021276041626,306.095978519106,306.747229597159
27.13,100,0,4342.26106302491,133.640180153919,4,1.00212866320354,1.00212866320354,306.081471001534,306.73301536614
27.14,100,0,4342.68812303926,133.656325711836,4,1.00212972179598,1.00212972179598,306.066970391163,306.718807889035
27.15,100,0,4343.11498007055,133.67246434121,4,1.00213077994009,1.00213077994009,306.052476684882,306.704607162816
27.16,100,0,4343.54163420984,133.688596044484,4,1.00213183763601,1.00213183763601,306.037989879583,306.690413184457
27.17,100,0,4343.96808554817,133.704720824101,4,1.0021328948839,1.0021328948839,306.023509972156,306.67622595093
27.18,100,0,4344.39433417655,133.720838682503,4,1.00213395168392,1.00213395168392,306.009036959495,306.662045459209
27.19,100,0,4344.82038018593,133.736949622131,4,1.00213500803621,1.00213500803621,305.994570838495,306.647871706271
27.2,100,0,4345.24622366725,133.753053645426,4,1.00213606394093,1.00213606394093,305.98011160605,306.633704689092
27.21,100,0,4345.6718647114,133.769150754831,4,1.00213711939823,1.00213711939823,305.965659259057,306.619544404652
27.22,100,0,4346.09730340923,133.785240952785,4,1.00213817440827,1.00213817440827,305.951213794415,306.605390849929
27.23,100,0,4346.52253985157,133.801324241728,4,1.0021392289712,1.0021392289712,305.936775209021,306.591244021903
27.24,100,0,4346.94757412921,133.817400624101,4,1.00214028308717,1.00214028308717,305.922343499779,306.577103917559
27.25,100,0,4347.37240633289,133.833470102343,4,1.00214133675634,1.00214133675634,305.907918663586,306.562970533876
27.26,100,0,4347.79703655334,133.849532678893,4,1.00214238997886,1.00214238997886,305.893500697349,306.548843867841
27.27,100,0,4348.22146488123,133.865588356189,4,1.00214344275488,1.00214344275488,305.879089597969,306.534723916437
27.28,100,0,4348.6456914072,133.881637136671,4,1.00214449508456,1.00214449508456,305.864685362352,306.520610676652
27.29,100,0,4349.06971622188,133.897679022776,4,1.00214554696805,1.00214554696805,305.850287987405,306.506504145473
27.3,100,0,4349.49353941583,133.913714016942,4,1.0021465984055,1.0021465984055,305.835897470037,306.49240431989
27.31,100,0,4349.91716107959,133.929742121605,4,1.00214764939707,1.00214764939707,305.821513807154,306.478311196892
27.32,100,0,4350.34058130367,133.945763339203,4,1.0021486999429,1.0021486999429,305.807136995669,306.464224773471
27.33,100,0,4350.76380017853,133.961777672173,4,1.00214975004316,1.00214975004316,305.79276703249,306.450145046617
27.34,100,0,4351.18681779461,133.97778512295,4,1.002150799698,1.002150799698,305.778403914532,306.436072013327
27.35,100,0,4351.6096342423,133.99378569397,4,1.00215184890757,1.00215184890757,305.764047638709,306.422005670593
27.36,100,0,4352.03224961197,134.009779387668,4,1.00215289767201,1.00215289767201,305.749698201935,306.407946015413
27.37,100,0,4352.45466399395,134.02576620648,4,1.00215394599149,1.00215394599149,305.735355601127,306.393893044782
27.38,100,0,4352.87687747852,134.04174615284,4,1.00215499386617,1.00215499386617,305.7210198332,306.379846755699
27.39,100,0,4353.29889015595,134.057719229182,4,1.00215604129618,1.00215604129618,305.706690895076,306.365807145164
27.4,100,0,4353.72070211645,134.07368543794,4,1.00215708828168,1.00215708828168,305.692368783672,306.351774210176
27.41,100,0,4354.14231345021,134.089644781547,4,1.00215813482284,1.00215813482284,305.678053495912,306.337747947739
27.42,100,0,4354.56372424738,134.105597262437,4,1.00215918091979,1.00215918091979,305.663745028716,306.323728354854
27.43,100,0,4354.98493459807,134.121542883042,4,1.0021602265727,1.0021602265727,305.649443379008,306.309715428527
27.44,100,0,4355.40594459238,134.137481645795,4,1.00216127178171,1.00216127178171,305.635148543714,306.295709165762
27.45,100,0,4355.82675432033,134.153413553127,4,1.00216231654699,1.00216231654699,305.620860519759,306.281709563566
27.46,100,0,4356.24736387194,134.16933860747,4,1.00216336086867,1.00216336086867,305.606579304069,306.267716618945
27.47,100,0,4356.66777333719,134.185256811255,4,1.00216440474693,1.00216440474693,305.592304893574,306.25373032891
27.48,100,0,4357.08798280602,134.201168166913,4,1.0021654481819,1.0021654481819,305.578037285202,306.239750690469
27.49,100,0,4357.50799236832,134.217072676874,4,1.00216649117374,1.00216649117374,305.563776475887,306.225777700635
27.5,100,0,4357.92780211397,134.232970343569,4,1.0021675337226,1.0021675337226,305.549522462558,306.21181135642
27.51,100,0,4358.34741213279,134.248861169426,4,1.00216857582864,1.00216857582864,305.535275242149,306.197851654836
27.52,100,0,4358.7668225146,134.264745156875,4,1.00216961749201,1.00216961749201,305.521034811594,306.183898592898
27.53,100,0,4359.18603334915,134.280622308346,4,1.00217065871286,1.00217065871286,305.506801167829,306.169952167623
27.54,100,0,4359.60504472617,134.296492626265,4,1.00217169949135,1.00217169949135,305.492574307792,306.156012376028
27.55,100,0,4360.02385673535,134.312356113063,4,1.00217273982763,1.00217273982763,305.478354228419,306.142079215129
27.56,100,0,4360.44246946635,134.328212771165,4,1.00217377972184,1.00217377972184,305.464140926651,306.128152681947
27.57,100,0,4360.8608830088,134.344062603,4,1.00217481917415,1.00217481917415,305.449934399427,306.114232773502
27.58,100,0,4361.27909745227,134.359905610994,4,1.0021758581847,1.0021758581847,305.435734643691,306.100319486817
27.59,100,0,4361.69711288633,134.375741797574,4,1.00217689675366,1.00217689675366,305.421541656384,306.086412818913
27.6,100,0,4362.11492940049,134.391571165166,4,1.00217793488116,1.00217793488116,305.40735543445,306.072512766814
27.61,100,0,4362.53254708422,134.407393716196,4,1.00217897256737,1.00217897256737,305.393175974836,306.058619327546
27.62,100,0,4362.94996602699,134.423209453089,4,1.00218000981243,1.00218000981243,305.379003274486,306.044732498135
27.63,100,0,4363.3671863182,134.43901837827,4,1.0021810466165,1.0021810466165,305.364837330351,306.030852275609
27.64,100,0,4363.78420804722,134.454820494164,4,1.00218208297974,1.00218208297974,305.350678139377,306.016978656996
27.65,100,0,4364.20103130341,134.470615803194,4,1.00218311890228,1.00218311890228,305.336525698516,306.003111639326
27.66,100,0,4364.61765617605,134.486404307786,4,1.0021841543843,1.0021841543843,305.322380004718,305.98925121963
27.67,100,0,4365.03408275444,134.502186010361,4,1.00218518942593,1.00218518942593,305.308241054937,305.97539739494
27.68,100,0,4365.4503111278,134.517960913343,4,1.00218622402733,1.00218622402733,305.294108846127,305.96155016229
27.69,100,0,4365.86634138533,134.533729019155,4,1.00218725818866,1.00218725818866,305.279983375241,305.947709518713
27.7,100,0,4366.28217361621,134.549490330218,4,1.00218829191007,1.00218829191007,305.265864639237,305.933875461246
27.71,100,0,4366.69780790956,134.565244848956,4,1.0021893251917,1.0021893251917,305.251752635072,305.920047986926
27.72,100,0,4367.11324435447,134.580992577788,4,1.00219035803371,1.00219035803371,305.237647359705,305.90622709279
27.73,100,0,4367.52848304002,134.596733519137,4,1.00219139043626,1.00219139043626,305.223548810093,305.892412775875
27.74,100,0,4367.94352405522,134.612467675422,4,1.00219242239949,1.00219242239949,305.209456983201,305.878605033227
27.75,100,0,4368.35836748907,134.628195049065,4,1.00219345392356,1.00219345392356,305.195371875989,305.864803861883
27.76,100,0,4368.77301343053,134.643915642484,4,1.00219448500862,1.00219448500862,305.181293485421,305.851009258886
27.77,100,0,4369.18746196851,134.6596294581,4,1.00219551565482,1.00219551565482,305.167221808462,305.83722122128
27.78,100,0,4369.6017131919,134.675336498331,4,1.00219654586232,1.00219654586232,305.153156842077,305.823439746112
27.79,100,0,4370.01576718956,134.691036765597,4,1.00219757563126,1.00219757563126,305.139098583235,305.809664830426
27.8,100,0,4370.4296240503,134.706730262315,4,1.0021986049618,1.0021986049618,305.125047028903,305.795896471271
27.81,100,0,4370.84328386289,134.722416990903,4,1.0021996338541,1.0021996338541,305.111002176049,305.782134665693
27.82,100,0,4371.2567467161,134.738096953778,4,1.00220066230829,1.00220066230829,305.096964021646,305.768379410744
27.83,100,0,4371.67001269863,134.753770153359,4,1.00220169032455,1.00220169032455,305.082932562664,305.754630703472
27.84,100,0,4372.08308189915,134.769436592061,4,1.00220271790301,1.00220271790301,305.068907796077,305.740888540931
27.85,100,0,4372.49595440631,134.785096272301,4,1.00220374504383,1.00220374504383,305.05488971886,305.727152920173
27.86,100,0,4372.90863030872,134.800749196495,4,1.00220477174716,1.00220477174716,305.040878327987,305.713423838254
27.87,100,0,4373.32110969494,134.816395367057,4,1.00220579801316,1.00220579801316,305.026873620437,305.699701292228
27.88,100,0,4373.73339265352,134.832034786404,4,1.00220682384197,1.00220682384197,305.012875593185,305.685985279151
27.89,100,0,4374.14547927296,134.84766745695,4,1.00220784923375,1.00220784923375,304.998884243212,305.672275796082
27.9,100,0,4374.55736964172,134.863293381109,4,1.00220887418865,1.00220887418865,304.984899567497,305.658572840079
27.91,100,0,4374.96906384824,134.878912561295,4,1.00220989870682,1.00220989870682,304.970921563023,305.644876408202
27.92,100,0,4375.38056198092,134.894524999922,4,1.00221092278841,1.00221092278841,304.956950226772,305.631186497513
27.93,100,0,4375.79186412811,134.910130699402,4,1.00221194643358,1.00221194643358,304.942985555727,305.617503105073
27.94,100,0,4376.20297037815,134.925729662149,4,1.00221296964248,1.00221296964248,304.929027546875,305.603826227947
27.95,100,0,4376.61388081933,134.941321890574,4,1.00221399241526,1.00221399241526,304.915076197201,305.5901558632
27.96,100,0,4377.02459553991,134.95690738709,4,1.00221501475207,1.00221501475207,304.901131503693,305.576492007895
27.97,100,0,4377.43511462811,134.972486154107,4,1.00221603665306,1.00221603665306,304.887193463338,305.5628346591
27.98,100,0,4377.84543817212,134.988058194038,4,1.00221705811838,1.00221705811838,304.873262073128,305.549183813886
27.99,100,0,4378.2555662601,135.003623509292,4,1.0022180791482,1.0022180791482,304.859337330055,305.535539469319
28,100,0,4378.66549898016,135.01918210228,4,1.00221909974265,1.00221909974265,304.845419231108,305.521901622471
28.01,100,0,4379.07523642038,135.034733975411,4,1.00222011990189,1.00222011990189,304.831507773283,305.508270270413
28.02,100,0,4379.48477866883,135.050279131096,4,1.00222113962607,1.00222113962607,304.817602953573,305.494645410217
28.03,100,0,4379.89412581351,135.065817571743,4,1.00222215891535,1.00222215891535,304.803704768976,305.481027038959
28.04,100,0,4380.30327794241,135.08134929976,4,1.00222317776987,1.00222317776987,304.789813216487,305.467415153713
28.05,100,0,4380.71223514346,135.096874317557,4,1.00222419618979,1.00222419618979,304.775928293106,305.453809751555
28.06,100,0,4381.12099750459,135.112392627541,4,1.00222521417525,1.00222521417525,304.762049995831,305.440210829561
28.07,100,0,4381.52956511366,135.127904232118,4,1.00222623172642,1.00222623172642,304.748178321663,305.426618384812
28.08,100,0,4381.93793805852,135.143409133697,4,1.00222724884344,1.00222724884344,304.734313267604,305.413032414385
28.09,100,0,4382.34611642698,135.158907334684,4,1.00222826552646,1.00222826552646,304.720454830658,305.399452915364
28.1,100,0,4382.7541003068,135.174398837485,4,1.00222928177564,1.00222928177564,304.706603007827,305.385879884829
28.11,100,0,4383.16188978573,135.189883644505,4,1.00223029759112,1.00223029759112,304.692757796119,305.372313319863
28.12,100,0,4383.56948495146,135.205361758151,4,1.00223131297306,1.00223131297306,304.678919192539,305.358753217551
28.13,100,0,4383.97688589168,135.220833180826,4,1.00223232792161,1.00223232792161,304.665087194096,305.345199574978
28.14,100,0,4384.38409269399,135.236297914937,4,1.00223334243692,1.00223334243692,304.651261797798,305.331652389231
28.15,100,0,4384.79110544602,135.251755962886,4,1.00223435651914,1.00223435651914,304.637443000655,305.318111657397
28.16,100,0,4385.19792423532,135.267207327077,4,1.00223537016842,1.00223537016842,304.623630799679,305.304577376566
28.17,100,0,4385.60454914942,135.282652009914,4,1.00223638338492,1.00223638338492,304.609825191883,305.291049543827
28.18,100,0,4386.01098027581,135.2980900138,4,1.00223739616879,1.00223739616879,304.596026174282,305.277528156272
28.19,100,0,4386.41721770196,135.313521341137,4,1.00223840852017,1.00223840852017,304.582233743887,305.264013210992
28.2,100,0,4386.8232615153,135.328945994327,4,1.00223942043922,1.00223942043922,304.568447897717,305.250504705082
28.21,100,0,4387.2291118032,135.344363975772,4,1.00224043192609,1.00224043192609,304.554668632789,305.237002635635
28.22,100,0,4387.63476865304,135.359775287873,4,1.00224144298094,1.00224144298094,304.540895946122,305.223506999748
28.23,100,0,4388.04023215213,135.37517993303,4,1.0022424536039,1.0022424536039,304.527129834736,305.21001779452
28.24,100,0,4388.44550238775,135.390577913646,4,1.00224346379514,1.00224346379514,304.513370295651,305.196535017045
28.25,100,0,4388.85057944717,135.405969232118,4,1.0022444735548,1.0022444735548,304.499617325889,305.183058664424
28.26,100,0,4389.2554634176,135.421353890847,4,1.00224548288304,1.00224548288304,304.485870922473,305.169588733758
28.27,100,0,4389.66015438622,135.436731892233,4,1.00224649178001,1.00224649178001,304.472131082428,305.156125222147
28.28,100,0,4390.06465244018,135.452103238673,4,1.00224750024585,1.00224750024585,304.458397802781,305.142668126695
28.29,100,0,4390.46895766661,135.467467932567,4,1.00224850828073,1.00224850828073,304.444671080558,305.129217444507
28.3,100,0,4390.87307015257,135.482825976311,4,1.00224951588478,1.00224951588478,304.430950912786,305.115773172684
28.31,100,0,4391.27698998511,135.498177372304,4,1.00225052305817,1.00225052305817,304.417237296496,305.102335308336
28.32,100,0,4391.68071725125,135.513522122943,4,1.00225152980104,1.00225152980104,304.403530228717,305.088903848568
28.33,100,0,4392.08425203796,135.528860230624,4,1.00225253611354,1.00225253611354,304.389829706481,305.07547879049
28.34,100,0,4392.48759443218,135.544191697743,4,1.00225354199583,1.00225354199583,304.376135726822,305.062060131209
28.35,100,0,4392.89074452082,135.559516526697,4,1.00225454744805,1.00225454744805,304.362448286772,305.048647867839
28.36,100,0,4393.29370239076,135.574834719881,4,1.00225555247036,1.00225555247036,304.348767383368,305.03524199749
28.37,100,0,4393.69646812883,135.59014627969,4,1.0022565570629,1.0022565570629,304.335093013647,305.021842517276
28.38,100,0,4394.09904182184,135.605451208518,4,1.00225756122584,1.00225756122584,304.321425174643,305.008449424309
28.39,100,0,4394.50142355655,135.620749508759,4,1.00225856495931,1.00225856495931,304.307763863398,304.995062715706
28.4,100,0,4394.90361341971,135.636041182808,4,1.00225956826347,1.00225956826347,304.294109076952,304.981682388584
28.41,100,0,4395.30561149802,135.651326233057,4,1.00226057113847,1.00226057113847,304.280460812345,304.968308440059
28.42,100,0,4395.70741787813,135.6666046619,4,1.00226157358447,1.00226157358447,304.266819066618,304.95494086725
28.43,100,0,4396.10903264669,135.681876471728,4,1.00226257560161,1.00226257560161,304.253183836817,304.941579667277
28.44,100,0,4396.51045589029,135.697141664935,4,1.00226357719004,1.00226357719004,304.239555119985,304.928224837261
28.45,100,0,4396.91168769549,135.712400243911,4,1.00226457834991,1.00226457834991,304.225932913169,304.914876374325
28.46,100,0,4397.31272814883,135.727652211048,4,1.00226557908138,1.00226557908138,304.212317213415,304.901534275591
28.47,100,0,4397.71357733679,135.742897568737,4,1.00226657938459,1.00226657938459,304.198708017772,304.888198538184
28.48,100,0,4398.11423534584,135.758136319367,4,1.0022675792597,1.0022675792597,304.18510532329,304.874869159231
28.49,100,0,4398.51470226241,135.77336846533,4,1.00226857870685,1.00226857870685,304.171509127019,304.861546135856
28.5,100,0,4398.91497817289,135.788594009013,4,1.0022695777262,1.0022695777262,304.15791942601,304.848229465188
28.51,100,0,4399.31506316363,135.803812952808,4,1.0022705763179,1.0022705763179,304.144336217317,304.834919144356
28.52,100,0,4399.71495732096,135.819025299101,4,1.0022715744821,1.0022715744821,304.130759497994,304.821615170491
28.53,100,0,4400.11440285825,135.834231046471,4,1.00227257498808,1.00227257498808,304.116962614976,304.808091217664
28.54,100,0,4400.50915295312,135.849429955123,4,1.00227362337461,1.00227362337461,304.09921814718,304.79062523776
28.55,100,0,4400.89948866239,135.864621479424,4,1.00227471642319,1.00227471642319,304.077788893767,304.76947963409
28.56,100,0,4401.28688915991,135.879805236921,4,1.0022758381038,1.0022758381038,304.053986358439,304.745964006206
28.57,100,0,4401.67230972904,135.89498098219,4,1.00227697806535,1.00227697806535,304.028657336167,304.720923920158
28.58,100,0,4402.05636738086,135.910148558288,4,1.00227812962326,1.00227812962326,304.002348598861,304.694905354746
28.59,100,0,4402.43946069343,135.925307865405,4,1.0022792884604,1.0022792884604,303.975413217791,304.668260869385
28.6,100,0,4402.82184718481,135.940458840623,4,1.00228045178834,1.00228045178834,303.948079202007,304.641218142787
28.61,100,0,4403.20369327099,135.955601444851,4,1.0022816178059,1.0022816178059,303.92049380917,304.613924219425
28.62,100,0,4403.58510652506,135.970735654387,4,1.00228278534952,1.00228278534952,303.892752152343,304.586474074782
28.63,100,0,4403.96615650954,135.985861455468,4,1.00228395366749,1.00228395366749,303.864915669516,304.558929058081
28.64,100,0,4404.34688823087,136.000978840751,4,1.00228512227415,1.00228512227415,303.837024049149,304.531328800516
28.65,100,0,4404.72733082974,136.01608780704,4,1.00228629085574,1.00228629085574,303.80910293101,304.503698904933
28.66,100,0,4405.1075031948,136.031188353821,4,1.00228745920956,1.00228745920956,303.781168879449,304.476055911892
28.67,100,0,4405.48741758944,136.046280482307,4,1.00228862720465,1.00228862720465,303.753232595492,304.44841050711
28.68,100,0,4405.86708199502,136.061364194833,4,1.00228979475647,1.00228979475647,303.725300991664,304.420769593282
28.69,100,0,4406.24650162506,136.076439494451,4,1.00229096181043,1.00229096181043,303.697378532349,304.393137628493
28.7,100,0,4406.62567990377,136.091506384683,4,1.00229212833133,1.00229212833133,303.669468099753,304.365517490944
28.71,100,0,4407.00461909852,136.10656486935,4,1.0022932942965,1.0022932942965,303.641571553457,304.33791103768
28.72,100,0,4407.38332072863,136.121614952467,4,1.00229445969136,1.00229445969136,303.613690092006,304.310319465665
28.73,100,0,4407.76178582963,136.136656638174,4,1.00229562450657,1.00229562450657,303.585824486592,304.282743545129
28.74,100,0,4408.14001512419,136.151689930689,4,1.00229678873618,1.00229678873618,303.557975232106,304.255183770396
28.75,100,0,4408.51800913255,136.166714834283,4,1.00229795237643,1.00229795237643,303.530142644778,304.227640457388
28.76,100,0,4408.89576824396,136.181731353259,4,1.00229911542498,1.00229911542498,303.502326925302,304.200113806654
28.77,100,0,4409.27329276293,136.196739491939,4,1.0023002778804,1.0023002778804,303.474528199647,304.172603944131
28.78,100,0,4409.65058293908,136.211739254659,4,1.00230143974186,1.00230143974186,303.446746545453,304.145110947491
28.79,100,0,4410.02763898648,136.226730645761,4,1.0023026010089,1.0023026010089,303.418982009096,304.11763486319
28.8,100,0,4410.40446109617,136.241713669592,4,1.00230376168132,1.00230376168132,303.39123461673,304.09017571749
28.81,100,0,4410.78104944424,136.256688330502,4,1.00230492175909,1.00230492175909,303.363504381425,304.062733523586
28.82,100,0,4411.15740419709,136.271654632838,4,1.00230608124226,1.00230608124226,303.335791307784,304.035308286224
28.83,100,0,4411.53352551478,136.28661258095,4,1.00230724013096,1.00230724013096,303.30809539494,304.007900004678
28.84,100,0,4411.90941355325,136.301562179187,4,1.00230839842536,1.00230839842536,303.280416638482,303.980508674694
28.85,100,0,4412.28506846574,136.316503431895,4,1.00230955612567,1.00230955612567,303.252755031711,303.953134289722
28.86,100,0,4412.6604904037,136.331436343419,4,1.00231071323211,1.00231071323211,303.225110566446,303.92577684174
28.87,100,0,4413.0356795174,136.346360918104,4,1.00231186974491,1.00231186974491,303.197483233551,303.89843632177
28.88,100,0,4413.41063595629,136.361277160292,4,1.0023130256643,1.0023130256643,303.169873023273,303.871112720218
28.89,100,0,4413.78535986927,136.376185074323,4,1.00231418099053,1.00231418099053,303.142279925465,303.843806027094
28.9,100,0,4414.15985140485,136.391084664536,4,1.00231533572385,1.00231533572385,303.114703929722,303.816516232154
28.91,100,0,4414.53411071125,136.405975935267,4,1.0023164898645,1.0023164898645,303.087145025481,303.789243324993
28.92,100,0,4414.90813793645,136.420858890852,4,1.00231764341274,1.00231764341274,303.059603202072,303.761987295102
28.93,100,0,4415.28193322829,136.435733535622,4,1.00231879636882,1.00231879636882,303.032078448765,303.734748131908
28.94,100,0,4415.65549673442,136.45059987391,4,1.00231994873299,1.00231994873299,303.004570754787,303.707525824798
28.95,100,0,4416.02882860239,136.465457910044,4,1.00232110050549,1.00232110050549,302.977080109346,303.68032036314
28.96,100,0,4416.40192897961,136.480307648352,4,1.00232225168659,1.00232225168659,302.949606501634,303.653131736284
28.97,100,0,4416.7747980134,136.495149093159,4,1.00232340227653,1.00232340227653,302.922149920841,303.625959933579
28.98,100,0,4417.14743585096,136.509982248788,4,1.00232455227557,1.00232455227557,302.894710356156,303.598804944372
28.99,100,0,4417.5198426394,136.524807119561,4,1.00232570168396,1.00232570168396,302.867287796766,303.571666758012
29,100,0,4417.89201852571,136.539623709798,4,1.00232685050195,1.00232685050195,302.839882231865,303.544545363847
29.01,100,0,4418.2639636568,136.554432023817,4,1.00232799872979,1.00232799872979,302.812493650651,303.517440751235
29.02,100,0,4418.63567817947,136.569232065933,4,1.00232914636774,1.00232914636774,302.785122042328,303.490352909539
29.03,100,0,4419.00716224044,136.584023840461,4,1.00233029341605,1.00233029341605,302.757767396104,303.463281828124
29.04,100,0,4419.37841598631,136.598807351712,4,1.00233143987496,1.00233143987496,302.730429701196,303.436227496366
29.05,100,0,4419.7494395636,136.613582603997,4,1.00233258574474,1.00233258574474,302.703108946826,303.409189903645
29.06,100,0,4420.12023311873,136.628349601624,4,1.00233373102563,1.00233373102563,302.675805122225,303.382169039348
29.07,100,0,4420.49079679803,136.643108348899,4,1.00233487571789,1.00233487571789,302.648518216628,303.355164892867
29.08,100,0,4420.86113074772,136.657858850128,4,1.00233601982176,1.00233601982176,302.621248219281,303.328177453608
29.09,100,0,4421.23123511394,136.672601109612,4,1.00233716333751,1.00233716333751,302.59399511943,303.301206710973
29.1,100,0,4421.60111004272,136.687335131652,4,1.00233830626537,1.00233830626537,302.566758906336,303.274252654381
29.11,100,0,4421.97075568,136.702060920547,4,1.00233944860561,1.00233944860561,302.53953956926,303.247315273248
29.12,100,0,4422.34017217164,136.716778480595,4,1.00234059035847,1.00234059035847,302.512337097478,303.220394557007
29.13,100,0,4422.70935966337,136.731487816089,4,1.00234173152421,1.00234173152421,302.485151480262,303.19349049509
29.14,100,0,4423.07831830087,136.746188931324,4,1.00234287210308,1.00234287210308,302.457982706903,303.166603076941
29.15,100,0,4423.44704822968,136.760881830591,4,1.00234401209532,1.00234401209532,302.430830766691,303.139732292006
29.16,100,0,4423.81554959527,136.775566518178,4,1.0023451515012,1.0023451515012,302.403695648923,303.112878129742
29.17,100,0,4424.18382254302,136.790242998374,4,1.00234629032096,1.00234629032096,302.376577342908,303.086040579612
29.18,100,0,4424.55186721819,136.804911275464,4,1.00234742855485,1.00234742855485,302.349475837958,303.059219631084
29.19,100,0,4424.91968376598,136.819571353731,4,1.00234856620312,1.00234856620312,302.322391123395,303.032415273635
29.2,100,0,4425.28727233145,136.834223237458,4,1.00234970326604,1.00234970326604,302.295323188544,303.005627496748
29.21,100,0,4425.65463305962,136.848866930925,4,1.00235083974383,1.00235083974383,302.268272022741,302.978856289912
29.22,100,0,4426.02176609536,136.863502438409,4,1.00235197563677,1.00235197563677,302.241237615325,302.952101642624
29.23,100,0,4426.38867158348,136.878129764186,4,1.0023531109451,1.0023531109451,302.214219955645,302.925363544387
29.24,100,0,4426.7553496687,136.892748912531,4,1.00235424566907,1.00235424566907,302.187219033058,302.898641984713
29.25,100,0,4427.12180049561,136.907359887717,4,1.00235537980892,1.00235537980892,302.160234836923,302.871936953117
29.26,100,0,4427.48802420874,136.921962694013,4,1.00235651336492,1.00235651336492,302.133267356611,302.845248439125
29.27,100,0,4427.85402095251,136.936557335688,4,1.00235764633732,1.00235764633732,302.106316581497,302.818576432265
29.28,100,0,4428.21979087125,136.95114381701,4,1.00235877872635,1.00235877872635,302.079382500964,302.791920922077
29.29,100,0,4428.58533410919,136.965722142242,4,1.00235991053229,1.00235991053229,302.052465104402,302.765281898105
29.3,100,0,4428.95065081047,136.980292315647,4,1.00236104175536,1.00236104175536,302.025564381207,302.738659349898
29.31,100,0,4429.31574111915,136.994854341488,4,1.00236217239584,1.00236217239584,301.998680320782,302.712053267015
29.32,100,0,4429.68060517916,137.009408224023,4,1.00236330245396,1.00236330245396,301.97181291254,302.685463639022
29.33,100,0,4430.04524313437,137.023953967508,4,1.00236443192997,1.00236443192997,301.944962145897,302.65889045549
29.34,100,0,4430.40965512855,137.0384915762,4,1.00236556082414,1.00236556082414,301.918128010278,302.632333705997
29.35,100,0,4430.77384130535,137.053021054353,4,1.0023666891367,1.0023666891367,301.891310495114,302.605793380128
29.36,100,0,4431.13780180837,137.067542406217,4,1.00236781686791,1.00236781686791,301.864509589842,302.579269467474
29.37,100,0,4431.50153678107,137.082055636042,4,1.00236894401803,1.00236894401803,301.83772528391,302.552761957635
29.38,100,0,4431.86504636685,137.096560748077,4,1.00237007058729,1.00237007058729,301.810957566767,302.526270840216
29.39,100,0,4432.228330709,137.111057746567,4,1.00237119657594,1.00237119657594,301.784206427875,302.49979610483
29.4,100,0,4432.59138995072,137.125546635757,4,1.00237232198425,1.00237232198425,301.757471856696,302.473337741094
29.41,100,0,4432.95422423513,137.140027419888,4,1.00237344681246,1.00237344681246,301.730753842706,302.446895738636
29.42,100,0,4433.31683370523,137.154500103201,4,1.00237457106082,1.00237457106082,301.704052375382,302.420470087085
29.43,100,0,4433.67921850394,137.168964689934,4,1.00237569472958,1.00237569472958,301.677367444212,302.394060776082
29.44,100,0,4434.04137877409,137.183421184325,4,1.00237681781899,1.00237681781899,301.65069903869,302.367667795275
29.45,100,0,4434.40331465842,137.197869590607,4,1.00237794032929,1.00237794032929,301.624047148315,302.341291134314
29.46,100,0,4434.76502629956,137.212309913014,4,1.00237906226075,1.00237906226075,301.597411762594,302.314930782858
29.47,100,0,4435.12651384006,137.226742155776,4,1.00238018361361,1.00238018361361,301.570792871041,302.288586730575
29.48,100,0,4435.48777742238,137.241166323122,4,1.00238130438811,1.00238130438811,301.544190463177,302.262258967137
29.49,100,0,4435.84881718888,137.255582419281,4,1.00238242458451,1.00238242458451,301.517604528529,302.235947482222
29.5,100,0,4436.20963328182,137.269990448476,4,1.00238354420307,1.00238354420307,301.491035056633,302.209652265519
29.51,100,0,4436.57022584338,137.284390414931,4,1.00238466324402,1.00238466324402,301.464482037028,302.183373306718
29.52,100,0,4436.93059501564,137.298782322869,4,1.00238578170761,1.00238578170761,301.437945459263,302.15711059552
29.53,100,0,4437.29074094059,137.313166176508,4,1.00238689959411,1.00238689959411,301.411425312894,302.130864121634
29.54,100,0,4437.65066376012,137.327541980067,4,1.00238801690375,1.00238801690375,301.384921587482,302.104633874768
29.55,100,0,4438.01036361605,137.341909737761,4,1.00238913363679,1.00238913363679,301.358434272595,302.078419844644
29.56,100,0,4438.36984065008,137.356269453805,4,1.00239024979347,1.00239024979347,301.331963357808,302.052222020989
29.57,100,0,4438.72909500382,137.37062113241,4,1.00239136537404,1.00239136537404,301.305508832705,302.026040393536
29.58,100,0,4439.08812681881,137.384964777787,4,1.00239248037876,1.00239248037876,301.279070686874,301.999874952024
29.59,100,0,4439.44693623648,137.399300394144,4,1.00239359480787,1.00239359480787,301.252648909912,301.9737256862
29.6,100,0,4439.80552339817,137.413627985688,4,1.00239470866163,1.00239470866163,301.226243491419,301.947592585817
29.61,100,0,4440.16388844513,137.427947556624,4,1.00239582194027,1.00239582194027,301.199854421006,301.921475640635
29.62,100,0,4440.52203151851,137.442259111155,4,1.00239693464405,1.00239693464405,301.17348168829,301.895374840419
29.63,100,0,4440.87995275938,137.45656265348,4,1.00239804677323,1.00239804677323,301.147125282892,301.869290174943
29.64,100,0,4441.23765230871,137.470858187801,4,1.00239915832804,1.00239915832804,301.120785194444,301.843221633988
29.65,100,0,4441.59513030738,137.485145718312,4,1.00240026930873,1.00240026930873,301.094461412581,301.817169207339
29.66,100,0,4441.95238689617,137.499425249211,4,1.00240137971556,1.00240137971556,301.068153926947,301.791132884789
29.67,100,0,4442.30942221579,137.51369678469,4,1.00240248954878,1.00240248954878,301.041862727191,301.765112656138
29.68,100,0,4442.66623640683,137.527960328942,4,1.00240359880862,1.00240359880862,301.01558780297,301.739108511191
29.69,100,0,4443.02282960981,137.542215886155,4,1.00240470749535,1.00240470749535,300.98932914395,301.713120439763
29.7,100,0,4443.37920196515,137.556463460517,4,1.00240581560921,1.00240581560921,300.963086739798,301.687148431672
29.71,100,0,4443.73535361318,137.570703056216,4,1.00240692315044,1.00240692315044,300.936860580193,301.661192476745
29.72,100,0,4444.09128469413,137.584934677434,4,1.00240803011931,1.00240803011931,300.910650654818,301.635252564815
29.73,100,0,4444.44699534815,137.599158328354,4,1.00240913651604,1.00240913651604,300.884456953364,301.60932868572
29.74,100,0,4444.80248571529,137.613374013156,4,1.0024102423409,1.0024102423409,300.85827946553,301.583420829308
29.75,100,0,4445.15775593551,137.627581736019,4,1.00241134759413,1.00241134759413,300.832118181017,301.55752898543
29.76,100,0,4445.51280614868,137.64178150112,4,1.00241245227598,1.00241245227598,300.805973089537,301.531653143946
29.77,100,0,4445.86763649459,137.655973312633,4,1.0024135563867,1.0024135563867,300.779844180808,301.505793294721
29.78,100,0,4446.22224711292,137.670157174732,4,1.00241465992653,1.00241465992653,300.753731444553,301.479949427628
29.79,100,0,4446.57663814327,137.684333091587,4,1.00241576289573,1.00241576289573,300.727634870504,301.454121532546
29.8,100,0,4446.93080972514,137.698501067367,4,1.00241686529454,1.00241686529454,300.701554448399,301.42830959936
29.81,100,0,4447.28476199794,137.71266110624,4,1.00241796712321,1.00241796712321,300.675490167981,301.402513617962
29.82,100,0,4447.63849510101,137.726813212372,4,1.00241906838199,1.00241906838199,300.649442019002,301.376733578252
29.83,100,0,4447.99200917356,137.740957389926,4,1.00242016907112,1.00242016907112,300.623409991219,301.350969470134
29.84,100,0,4448.34530435475,137.755093643063,4,1.00242126919085,1.00242126919085,300.597394074398,301.325221283521
29.85,100,0,4448.69838078362,137.769221975944,4,1.00242236874144,1.00242236874144,300.571394258308,301.29948900833
29.86,100,0,4449.05123859913,137.783342392727,4,1.00242346772312,1.00242346772312,300.545410532728,301.273772634486
29.87,100,0,4449.40387794015,137.797454897567,4,1.00242456613615,1.00242456613615,300.519442887442,301.248072151922
29.88,100,0,4449.75629894546,137.81155949462,4,1.00242566398078,1.00242566398078,300.493491312242,301.222387550575
29.89,100,0,4450.10850175374,137.825656188037,4,1.00242676125724,1.00242676125724,300.467555796923,301.196718820389
29.9,100,0,4450.4604865036,137.839744981969,4,1.00242785796579,1.00242785796579,300.441636331294,301.171065951317
29.91,100,0,4450.81225333353,137.853825880565,4,1.00242895410668,1.00242895410668,300.415732905164,301.145428933315
29.92,100,0,4451.16380238195,137.867898887972,4,1.00243004968015,1.00243004968015,300.389845508349,301.119807756347
29.93,100,0,4451.51513378719,137.881964008335,4,1.00243114468646,1.00243114468646,300.363974130675,301.094202410385
29.94,100,0,4451.86624768748,137.896021245796,4,1.00243223912584,1.00243223912584,300.338118761973,301.068612885406
29.95,100,0,4452.21714422097,137.910070604498,4,1.00243333299854,1.00243333299854,300.312279392082,301.043039171393
29.96,100,0,4452.56782352571,137.92411208858,4,1.00243442630482,1.00243442630482,300.286456010844,301.017481258337
29.97,100,0,4452.91828573966,137.938145702179,4,1.00243551904491,1.00243551904491,300.260648608112,300.991939136234
29.98,100,0,4453.2685310007,137.95217144943,4,1.00243661121907,1.00243661121907,300.234857173742,300.966412795088
29.99,100,0,4453.61855944661,137.966189334469,4,1.00243770282754,1.00243770282754,300.2090816976,300.940902224908
30,100,0,4453.96837121509,137.980199361427,4,1.00243879387058,1.00243879387058,300.183322169555,300.915407415712
