TimeSeconds,ThrottlePercent,Brake,RPM,SpeedMPH,Gear,TorqueRatioBefore,TorqueRatioAfter,ImpellerTorque,TurbineTorque
0,100,0,1000,0,1,2.232,2.232,52.9193384795879,118.11596348644
0.01,100,0,1104.48889403316,0.0574796856898863,1,2.22315494152199,2.22315494152199,64.5772554486182,143.565244560523
0.02,100,0,1207.43738671318,0.126808552117413,1,2.21415027202683,2.21415027202683,77.2024673272837,170.937864033848
0.03,100,0,1306.92015534301,0.208939130569908,1,2.20482820029014,2.20482820029014,90.4795136674712,199.491783282577
0.04,100,0,1401.49737650773,0.304214701368952,1,2.19510771238295,2.19510771238295,104.086253252924,228.480537268539
0.05,100,0,1490.99657303805,0.412738924187929,1,2.18495142655893,2.18495142655893,117.848970390366,257.49427597293
0.06,100,0,1575.31960670478,0.534436437202697,1,2.17433994412162,2.17433994412162,131.607589112682,286.15963795725
0.07,100,0,1654.35708213101,0.669068473518559,1,2.16326325085915,2.16326325085915,145.204707829223,314.116008298699
0.08,100,0,1727.90056477408,0.816218890641855,1,2.1517147854187,2.1517147854187,158.469591196803,340.981362417419
0.09,100,0,1796.0719435795,0.975334164134925,1,2.13970516763325,2.13970516763325,171.296953449113,366.5249764949
0.1,100,0,1859.04752225567,1.1457695352317,1,2.12724989761073,2.12724989761073,183.60484469047,390.573387068636
0.11,100,0,1917.03775484589,1.32681255567668,1,2.11436770135024,2.11436770135024,195.331549363903,413.002719029738
0.12,100,0,1970.27866461485,1.51770466462616,1,2.10107960965433,2.10107960965433,206.433836674488,433.73392497948
0.13,100,0,2019.02888384457,1.71766059935022,1,2.08740858797392,2.08740858797392,216.885934684869,452.729562671947
0.14,100,0,2063.58718580403,1.92590023099981,1,2.07396799130718,2.07396799130718,226.710117547558,470.189527099124
0.15,100,0,2104.16135494643,2.14209485129267,1,2.06479338023519,2.06479338023519,236.092229231738,487.48167204266
0.16,100,0,2140.96818879264,2.36582191085773,1,2.05537557591481,2.05537557591481,244.828230069312,503.213964378915
0.17,100,0,2174.2657778319,2.59637831826764,1,2.04572832733278,2.04572832733278,252.93088872155,517.42788391513
0.18,100,0,2204.30718919075,2.83308326826743,1,2.03586536697229,2.03586536697229,260.419487715618,530.179015924892
0.19,100,0,2231.33780896558,3.07528383222082,1,2.02580031530547,2.02580031530547,267.318260226178,541.533415853101
0.2,100,0,2255.59333029583,3.32235899736241,1,2.0155466010051,2.0155466010051,273.655021159531,551.564447746071
0.21,100,0,2277.2983036002,3.5737223715893,1,2.00511739458348,2.00511739458348,279.459993963471,560.350094986349
0.22,100,0,2296.66516610729,3.82882376502004,1,1.99452555364687,1.99452555364687,284.764825809588,567.970721857022
0.23,100,0,2313.89367185274,4.08714984651129,1,1.98378357828885,1.98378357828885,289.601777923512,574.507251287917
0.24,100,0,2329.17057151594,4.34822445958192,1,1.97229557929428,1.97229557929428,293.912285092329,579.681900587882
0.25,100,0,2342.81481509543,4.61102671280557,1,1.95814894295278,1.95814894295278,297.46191790652,582.47474011736
0.26,100,0,2355.04075400522,4.87491911907352,1,1.94392753710983,1.94392753710983,300.672264440764,584.485094491571
0.27,100,0,2365.9838064589,5.13956130076211,1,1.92964439927924,1.92964439927924,303.572026289831,585.786060308023
0.28,100,0,2375.76790317448,5.4046451409777,1,1.91531192828622,1.91531192828622,306.188198239675,586.445908388917
0.29,100,0,2384.50617684227,5.66989256612735,1,1.90094187356225,1.90094187356225,308.546012167052,586.528034448996
0.3,100,0,2392.30167269002,5.93505333058669,1,1.88654533230087,1.88654533230087,310.66892647273,586.091013128049
0.31,100,0,2399.24806205318,6.19990284448315,1,1.87213275312889,1.87213275312889,312.578650335165,585.188729221285
0.32,100,0,2405.42763151317,6.46423987226848,1,1.85771353351216,1.85771353351216,314.294487688061,583.869123286381
0.33,100,0,2410.91434677828,6.72788340295027,1,1.84335928116625,1.84335928116625,315.629089784623,581.817812060539
0.34,100,0,2416.10578858056,6.99011087751236,1,1.82937309752338,1.82937309752338,316.006382811839,578.093575361652
0.35,100,0,2421.17207254478,7.25063170849737,1,1.81552191635513,1.81552191635513,316.359490111594,574.357587744534
0.36,100,0,2426.12266383937,7.50944163090603,1,1.80180463518512,1.80180463518512,316.690892719104,570.615118422196
0.37,100,0,2430.9660337606,7.76653863475596,1,1.78822010885378,1.78822010885378,317.00279972482,566.870781030872
0.38,100,0,2435.70976904815,8.02192268343951,1,1.77476715273718,1.77476715273718,317.297177974603,563.128609125527
0.39,100,0,2440.36066924419,8.27559546458193,1,1.76144454628574,1.76144454628574,317.575778623889,559.392123289496
0.4,100,0,2444.92483336532,8.52756016977703,1,1.74825103674503,1.74825103674503,317.84016085601,555.664390735726
0.41,100,0,2449.4077370305,8.77782129995938,1,1.73518534294991,1.73518534294991,318.091713049444,551.948078197223
0.42,100,0,2453.81430107334,9.02638449351878,1,1.72224615910769,1.72224615910769,318.331671654248,548.245498828858
0.43,100,0,2458.21238548678,9.27299765220027,1,1.70695021948172,1.70695021948172,318.231324352454,543.205028949379
0.44,100,0,2462.71142231598,9.5172192966019,1,1.69136678206352,1.69136678206352,318.103962346916,538.030475156358
0.45,100,0,2467.29474884919,9.75910913516452,1,1.67602260872067,1.67602260872067,318.018618752172,533.00639502276
0.46,100,0,2471.94512557932,9.99873250384172,1,1.66090871074051,1.66090871074051,317.969842757808,528.118881589232
0.47,100,0,2476.64750681771,10.2361487903336,1,1.64601672875386,1.64601672875386,317.952856872175,523.355721366681
0.48,100,0,2481.38877053188,10.4714121557642,1,1.63133888271295,1.63133888271295,317.96347247087,518.706175924157
0.49,100,0,2486.15748200069,10.7045721635939,1,1.61686792515615,1.61686792515615,317.998016379659,514.160792947549
0.5,100,0,2490.943686881,10.9356743282231,1,1.60259709773193,1.60259709773193,318.053266950486,509.711242539006
0.51,100,0,2495.73872989222,11.1647605939657,1,1.58852009090344,1.58852009090344,318.126398325487,505.350175186786
0.52,100,0,2500.53509584517,11.3918697535722,1,1.57463100671887,1.57463100671887,318.214931779813,501.071098381423
0.53,100,0,2505.32981739055,11.6170323573336,1,1.56094550747404,1.56094550747404,318.130087084582,496.583730227003
0.54,100,0,2510.36906463886,11.8399062178926,1,1.54761026849997,1.54761026849997,317.50158226362,491.368708976167
0.55,100,0,2515.70685254046,12.0604644336151,1,1.53457840211819,1.53457840211819,316.9957146893,486.45477732622
0.56,100,0,2521.29355590147,12.2788354293095,1,1.52182798041897,1.52182798041897,316.595463440842,481.803834737983
0.57,100,0,2527.08636798134,12.4951315129659,1,1.50933939398567,1.50933939398567,316.286181986772,477.383194245955
0.58,100,0,2533.04835273572,12.7094511539762,1,1.49709509599373,1.49709509599373,316.055249704349,473.164764395454
0.59,100,0,2539.14763554684,12.9218809195344,1,1.48507937306431,1.48507937306431,315.891778762441,469.124364760696
0.6,100,0,2545.35671057592,13.1324971244899,1,1.47327814052513,1.47327814052513,315.786366625336,465.241151024962
0.61,100,0,2551.65184668965,13.3413672401038,1,1.46167875981955,1.46167875981955,315.730886352665,461.497130400691
0.62,100,0,2558.01257698559,13.5485510992756,1,1.45026987592659,1.45026987592659,315.718308369058,457.876751906145
0.63,100,0,2564.4212594305,13.7541019294383,1,1.4390412727944,1.4390412727944,315.742548556473,454.366558950054
0.64,100,0,2570.86269815438,13.9580672391433,1,1.42798374493931,1.42798374493931,315.79833845663,450.954893994911
0.65,100,0,2577.3238166065,14.1604895801261,1,1.41708898351408,1.41708898351408,315.881114116475,447.631646914609
0.66,100,0,2583.80053990448,14.3613971227537,1,1.40635271612747,1.40635271612747,315.788620316866,444.110183904769
0.67,100,0,2590.52637923802,14.5604911254366,1,1.39587832102777,1.39587832102777,315.203067692495,439.985128913404
0.68,100,0,2597.54199261183,14.7577626709977,1,1.38568227572078,1.38568227572078,314.751070420851,436.144979546316
0.69,100,0,2604.79349158997,14.9533321606579,1,1.37573805037137,1.37573805037137,314.412277392563,432.548933512867
0.7,100,0,2612.23511403814,15.1473028776324,1,1.3660225628226,1.3660225628226,314.169465078787,429.16257784753
0.71,100,0,2619.82798034331,15.3397636527452,1,1.3565157093369,1.3565157093369,314.008031304919,425.956827323074
0.72,100,0,2627.53904989985,15.5307910906447,1,1.34719995950883,1.34719995950883,313.915577525443,422.907053331469
0.73,100,0,2635.34024310615,15.7204514346139,1,1.33806000667684,1.33806000667684,313.881562541306,419.992365669757
0.74,100,0,2643.20770075335,15.9088021327853,1,1.32908246629289,1.32908246629289,313.897014261401,417.195017876517
0.75,100,0,2651.12115791545,16.0958931566639,1,1.32025561570587,1.32025561570587,313.954288900181,414.499912995406
0.76,100,0,2659.06341359983,16.2817681134411,1,1.31156916968793,1.31156916968793,314.046869149506,411.894191413512
0.77,100,0,2667.01988073552,16.466465186088,1,1.30301408679664,1.30301408679664,314.169194527373,409.36688610672
0.78,100,0,2674.97820374765,16.6500179292,1,1.29458240233056,1.29458240233056,314.316518407679,406.908633492391
0.79,100,0,2682.92793313101,16.8324559437172,1,1.28626708421431,1.28626708421431,314.484787260726,404.511430339612
0.8,100,0,2690.86024819917,17.0138054497048,1,1.27806190865026,1.27806190865026,314.670538448224,402.168428965143
0.81,100,0,2698.76772063042,17.194089773169,1,1.26996135280878,1.26996135280878,314.870813567206,399.873764357812
0.82,100,0,2706.64411262172,17.373329760248,1,1.26196050220436,1.26196050220436,315.083084860794,397.622408007028
0.83,100,0,2714.48420444532,17.5515441299512,1,1.25405497072986,1.25405497072986,315.305192637442,395.41004412392
0.84,100,0,2722.39455637334,17.7286030387878,1,1.24614525355475,1.24614525355475,315.060355345268,392.610966396779
0.85,100,0,2730.46100846554,17.9044152630345,1,1.23842253535573,1.23842253535573,314.898812220152,389.97778541019
0.86,100,0,2738.6485397218,18.0790525726268,1,1.23086861772599,1.23086861772599,314.81020740852,387.490004838957
0.87,100,0,2746.92758970966,18.2525762753187,1,1.2234669423512,1.2234669423512,314.78272797522,385.126261700812
0.88,100,0,2755.27331304915,18.4250387395123,1,1.2162033095355,1.2162033095355,314.806442257878,382.868636937127
0.89,100,0,2763.66483103193,18.5964848296713,1,1.20906552284968,1.20906552284968,314.872990363339,380.702076724893
0.9,100,0,2772.08460590511,18.766953101878,1,1.2020430883766,1.2020430883766,314.975328312642,378.613916407363
0.91,100,0,2780.51791667277,18.9364768017287,1,1.19512696003012,1.19512696003012,315.107515843813,376.593487493058
0.92,100,0,2788.95241917621,19.1050846988111,1,1.18830932377822,1.18830932377822,315.264539916243,374.631792239123
0.93,100,0,2797.37777633441,19.2728017856858,1,1.18158341473576,1.18158341473576,315.442167537601,372.721233470727
0.94,100,0,2805.77092225088,19.4396491904582,1,1.17493731065106,1.17493731065106,315.632030415149,370.84784897131
0.95,100,0,2814.08101714096,19.6056364619154,1,1.16834796062581,1.16834796062581,315.816767766576,368.983876551515
0.96,100,0,2822.30833736042,19.7707675197188,1,1.16181416140495,1.16181416140495,315.996184562617,367.12884217478
0.97,100,0,2830.45519000848,19.9350465562875,1,1.15533558392264,1.15533558392264,316.170762400608,365.283332397374
0.98,100,0,2838.52367895168,20.0984780059403,1,1.14891183216737,1.14891183216737,316.340915449564,363.447820758662
0.99,100,0,2846.51573305003,20.2610664976225,1,1.14254245622301,1.14254245622301,316.507000859594,361.622686173899
1,100,0,2854.43313003651,20.4228168153253,1,1.1362269631801,1.1362269631801,316.669327518886,359.80822833907
1.01,100,0,2862.27751673897,20.5837338649491,1,1.12996482625864,1.12996482625864,316.828163424097,358.004680637352
1.02,100,0,2870.05042622298,20.7438226465666,1,1.12375549242882,1.12375549242882,316.983741886871,356.21222095601
1.03,100,0,2877.75329234098,20.9030882312128,1,1.11759838877026,1.11759838877026,317.136266763093,354.430980755049
1.04,100,0,2885.38746209574,21.0615357414694,1,1.1114929277714,1.1114929277714,317.28591686126,352.661052672754
1.05,100,0,2892.95420616054,21.219170335234,1,1.1054385117386,1.1054385117386,317.432849661084,350.902496906289
1.06,100,0,2900.45472784407,21.3759971921601,1,1.09943453645745,1.09943453645745,317.577204452228,349.155346566388
1.07,100,0,2907.9090298454,21.5319999420133,1,1.09345810263663,1.09345810263663,317.546120863381,347.223378818895
1.08,100,0,2915.44330000647,21.68704515038,1,1.08756120968832,1.08756120968832,317.326728411169,345.112240617289
1.09,100,0,2923.06346779427,21.8411439719368,1,1.08178882984961,1.08178882984961,317.166444068275,343.107116396181
1.1,100,0,2930.82391730341,21.9942231936323,1,1.07545062374819,1.07545062374819,316.532136095359,340.414683200102
1.11,100,0,2938.93131269497,22.145984044036,1,1.06908753053998,1.06908753053998,315.839928211102,337.660528897132
1.12,100,0,2947.31441969678,22.2965436292345,1,1.06298886148981,1.06298886148981,315.31323925334,335.174461206571
1.13,100,0,2955.89505618731,22.446032493824,1,1.05730874889087,1.05730874889087,314.991257485433,333.043012363485
1.14,100,0,2964.58707101935,22.5946027948941,1,1.0518817650869,1.0518817650869,314.790673630946,331.122569411813
1.15,100,0,2973.3550359625,22.7423147006769,1,1.04658083955326,1.04658083955326,314.654868415135,329.311756355431
1.16,100,0,2982.17946871787,22.8892124254215,1,1.04166050486426,1.04166050486426,314.473776871875,327.57491318293
1.17,100,0,2991.13297723723,23.0353259208301,1,1.03745903111671,1.03745903111671,314.162314749014,325.930530672895
1.18,100,0,3000.20748581787,23.1807116473576,1,1.03337262831769,1.03337262831769,313.9382435139,324.415187829397
1.19,100,0,3009.36748080254,23.3254224803486,1,1.02938304254936,1.02938304254936,313.783673243568,323.003592265776
1.2,100,0,3018.63552939628,23.4694418229706,1,1.02533340017831,1.02533340017831,313.339594615044,321.277551957137
1.21,100,0,3028.14545075756,23.6126271914908,1,1.02137250679001,1.02137250679001,312.858506226636,319.545076775276
1.22,100,0,3037.84206011848,23.7550588876331,1,1.01756262950452,1.01756262950452,312.512638098992,318.001181777404
1.23,100,0,3047.67119137699,23.8968129248749,1,1.01387456957466,1.01387456957466,312.271151686223,316.603779506452
1.24,100,0,3057.58661143593,24.0379770154976,1,1.01092629569768,1.01092629569768,312.146036528881,315.556636424854
1.25,100,0,3067.53460047471,24.178755013241,1,1.00871818616829,1.00871818616829,312.105342335677,314.826334814278
1.26,100,0,3077.49404915627,24.3192010279791,1,1.00653921558491,1.00653921558491,312.094400495834,314.135253063521
1.27,100,0,3087.45298192638,24.4593310087926,1,1.00438524051821,1.00438524051821,312.106647618549,313.47531033569
1.28,100,0,3097.40206905317,24.5991576363674,1,1.00225298595062,1.00225298595062,312.136950162956,312.840190326344
1.29,100,0,3107.53044662327,24.73861152364,1,1.002,1.002,311.251160131573,311.873662451836
1.3,100,0,3118.05225142702,24.8776583944384,1,1.002,1.002,310.512339143003,311.133363821289
1.31,100,0,3128.85891324084,25.016410677085,1,1.002,1.002,309.986843643526,310.606817330813
1.32,100,0,3139.86744996387,25.154951780798,1,1.002,1.002,309.616229125762,310.235461584013
1.33,100,0,3151.01751508726,25.2933423503133,1,1.002,1.002,309.35843922272,309.977156101166
1.34,100,0,3162.26129840858,25.4316286299823,1,1.00193884090135,1.00193884090135,309.222792812572,309.822326610907
1.35,100,0,3173.53532564187,25.5698578935576,1,1.00177660189361,1.00177660189361,309.194906700759,309.744222957499
1.36,100,0,3184.81679821814,25.7080485446113,1,1.00161584704972,1.00161584704972,309.188944476359,309.688546520097
1.37,100,0,3196.09711092009,25.8462093799008,1,1.0014562962782,1.0014562962782,309.199193502307,309.649479137026
1.38,100,0,3207.36990155493,25.984346903363,1,1.00129774078247,1.00129774078247,309.221425167529,309.622714421784
1.39,100,0,3218.63046962655,26.1224659204694,1,1.0011400245201,1.0011400245201,309.252504032154,309.605059469655
1.4,100,0,3229.88316442811,26.2605614985471,1,1.0009498159319,1.0009498159319,309.165241179145,309.458891250806
1.41,100,0,3241.39939228449,26.3983370537068,1,1.0005075358607,1.0005075358607,308.247349616323,308.403796200218
1.42,100,0,3253.2557943051,26.5357028780727,1,1.00010017999543,1.00010017999543,307.647548034555,307.67836816451
1.43,100,0,3265.33342201039,26.6727826568654,1,0.999716601815851,0.999716601815851,307.260175968965,307.173098993035
1.44,100,0,3277.55263775921,26.8096591906746,1,0.999349341111185,0.999349341111185,307.015404446634,306.815642144728
1.45,100,0,3289.85987724164,26.9463881717227,1,0.998993382761443,0.998993382761443,306.866744140816,306.557846786224
1.46,100,0,3302.21898284656,27.08300719969,1,0.998645342667618,0.998645342667618,306.783067678957,306.367481746876
1.47,100,0,3314.6054775184,27.2195417365793,1,0.998302929681328,0.998302929681328,306.74343822494,306.222873040481
1.48,100,0,3327.0061731346,27.3560065126587,1,0.998011704297087,0.998011704297087,306.679664670858,306.069894811422
1.49,100,0,3339.53054006684,27.4923283362735,1,0.998119784416887,0.998119784416887,306.267580271393,305.691731194365
1.5,100,0,3352.20302636753,27.6285076716726,1,0.998222654186551,0.998222654186551,306.016248226382,305.47235152875
1.51,100,0,3364.964651232,27.7646029440384,1,0.998322112447896,0.998322112447896,305.867942036256,305.354730023726
1.52,100,0,3377.77754248932,27.900651649188,1,0.998419312735532,0.998419312735532,305.785924338623,305.302572422367
1.53,100,0,3390.61729554155,28.0366779287174,1,0.998514997612911,0.998514997612911,305.746692383922,305.292657815887
1.54,100,0,3403.46813938405,28.1726973626949,1,0.998609646752604,0.998609646752604,305.735145559546,305.310065707075
1.55,100,0,3416.31985980841,28.3087200204154,1,0.998703571025408,0.998703571025408,305.741545991805,305.345173792845
1.56,100,0,3429.16583150593,28.4447524117812,1,0.998796972551802,0.998796972551802,305.759593605536,305.391756421878
1.57,100,0,3442.00175430675,28.5807987405415,1,0.998889983175327,0.998889983175327,305.785200367462,305.445773650318
1.58,100,0,3454.82483874673,28.7168617119975,1,0.998982689194496,0.998982689194496,305.815706285611,305.504596663114
1.59,100,0,3467.68268731816,28.8528934655557,1,0.999073709103075,0.999073709103075,305.597122957663,305.314051124541
1.6,100,0,3480.64013543057,28.9888285304677,1,0.99916117572587,0.99916117572587,305.428028863767,305.171828419156
1.61,100,0,3493.65579682259,29.1247079405613,1,0.999246317320186,0.999246317320186,305.335143976863,305.10501816731
1.62,100,0,3506.70199766336,29.260559133707,1,0.999329953088259,0.999329953088259,305.290011235303,305.08545260609
1.63,100,0,3519.76137327486,29.3963993058567,1,0.999412596532194,0.999412596532194,305.274887575448,305.095568047852
1.64,100,0,3532.82299902697,29.5322392545474,1,0.999494570655978,0.999494570655978,305.278665554131,305.124368758456
1.65,100,0,3545.8799885628,29.668085764933,1,0.99957607931997,0.99957607931997,305.294367166983,305.164946571244
1.66,100,0,3558.9279962867,29.8039430975672,1,0.999657251621475,0.999657251621475,305.31759459389,305.212947483408
1.67,100,0,3571.96428011858,29.9398139196139,1,0.99973816959891,0.99973816959891,305.345567901761,305.265619149246
1.68,100,0,3584.98711291341,30.0756998896679,1,0.99981888558294,0.99981888558294,305.376524915459,305.321216824165
1.69,100,0,3597.99541168522,30.2116020261838,1,0.999899433096891,0.999899433096891,305.409345625313,305.378631553243
1.7,100,0,3610.91720105081,30.3475129130781,1,0.999981606175417,0.999981606175417,305.383550111188,305.377932939737
1.71,100,0,3623.66551999769,30.4833834150345,1,1.00006743191951,1.00006743191951,305.230807181128,305.251389480351
1.72,100,0,3636.28707748636,30.6191664593854,1,1.00015557312422,1.00015557312422,304.996211364515,305.043660577993
1.73,100,0,3648.81358012766,30.7548323033042,1,1.00024513381645,1.00024513381645,304.709946488602,304.784641200694
1.74,100,0,3661.26528392559,30.8903621539672,1,1.0003355455177,1.0003355455177,304.391123053111,304.493260130079
1.75,100,0,3673.65518656212,31.0257441573759,1,1.00042644669064,1.00042644669064,304.051862396945,304.181524307448
1.76,100,0,3685.99167501121,31.1609708654556,1,1.00051760686081,1.00051760686081,303.699869838858,303.857066975113
1.77,100,0,3698.28020006854,31.2960376343387,1,1.00060887877274,1.00060887877274,303.340055483553,303.52475280426
1.78,100,0,3710.52433760201,31.4309416094457,1,1.00070016815499,1.00070016815499,302.975556176424,303.1876900126
1.79,100,0,3722.72646274362,31.5656810808559,1,1.00079141456448,1.00079141456448,302.608380993907,302.847869673958
1.8,100,0,3734.88817930939,31.7002550728039,1,1.00088257921759,1.00088257921759,302.239819849346,302.506570433073
1.81,100,0,3747.01059406255,31.834663081559,1,1.00097363723802,1.00097363723802,301.870702789761,302.164615347064
1.82,100,0,3759.22056651322,31.9687762754718,1,1.00103055734089,1.00103055734089,300.725411005305,301.035325785209
1.83,100,0,3771.77841372645,32.1023233559299,1,1.00106895099453,1.00106895099453,299.692683364264,300.0130401562
1.84,100,0,3784.51970743283,32.235464187302,1,1.00110427386511,1.00110427386511,298.940884274338,299.270996880056
1.85,100,0,3797.34621941191,32.3682948747694,1,1.00113788217343,1.00113788217343,298.343419909513,298.682899568588
1.86,100,0,3810.20401930688,32.5008684293823,1,1.00117051978294,1.00117051978294,297.831562118235,298.180179853679
1.87,100,0,3823.06333234628,32.6332143690385,1,1.00120259730998,1.00120259730998,297.36767246382,297.725286026799
1.88,100,0,3835.90765709176,32.7653493046248,1,1.00123434268004,1.00123434268004,296.930998098586,297.297512702566
1.89,100,0,3848.72783086914,32.8972827114692,1,1.00126588306036,1.00126588306036,296.510030617448,296.885377642435
1.9,100,0,3861.51877018836,33.0290200985455,1,1.00129728975433,1.00129728975433,296.098355061675,296.48248042397
1.91,100,0,3874.27766982744,33.1605647590624,1,1.00132860294275,1.00132860294275,295.692378168025,296.085235931808
1.92,100,0,3887.00300266683,33.2919187424725,1,1.00135984538842,1.00135984538842,295.290077553679,295.691626403887
1.93,100,0,3899.69396158981,33.423083396751,1,1.00139103006313,1.00139103006313,294.890309394108,295.300510679801
1.94,100,0,3912.3501466596,33.554059672293,1,1.00142216441138,1.00142216441138,294.492423384595,294.911240028554
1.95,100,0,3924.97138902041,33.6848482929579,1,1.00145325274424,1.00145325274424,294.096047631923,294.523443520213
1.96,100,0,3937.55765134918,33.8154498527457,1,1.00148429758898,1.00148429758898,293.700967959821,294.136907598446
1.97,100,0,3950.10897135058,33.9458648706659,1,1.00151530045326,1.00151530045326,293.307059903956,293.751508224772
1.98,100,0,3962.62542955546,34.0760938220056,1,1.0015462622594,1.0015462622594,292.914250237116,293.367172487498
1.99,100,0,3975.10713089731,34.2061371562203,1,1.00157718359233,1.00157718359233,292.522495113647,292.983856793328
2,100,0,3987.55419413141,34.3359953072116,1,1.00160806484161,1.00160806484161,292.131767605059,292.601534429661
2.01,100,0,3999.96674573545,34.4656686992561,1,1.0016389062831,1.0016389062831,291.742050563646,292.220188443359
2.02,100,0,4012.35097486271,34.5951586649008,1,1.00166963889052,1.00166963889052,291.359123392156,291.84558791568
2.03,100,0,4024.71013940375,34.7244694017123,1,1.00170023216,1.00170023216,290.985509110856,291.48025203154
2.04,100,0,4037.04127671771,34.8536042669834,1,1.00173072673644,1.00173072673644,290.617789932588,291.120769911711
2.05,100,0,4049.34266797289,34.9825654053196,1,1.00176114687014,1.00176114687014,290.253938632755,290.765118448325
2.06,100,0,4061.61333408356,35.1113542415049,1,1.00179150708409,1.00179150708409,289.892749118041,290.412094031713
2.07,100,0,4073.85273619006,35.2399717713261,1,1.00182181612297,1.00182181612297,289.53350082912,290.06097762907
2.08,100,0,4086.06059822579,35.3684187338249,1,1.00185207928683,1.00185207928683,289.175761339047,289.711337776877
2.09,100,0,4098.2368014342,35.4966957136848,1,1.00188229981511,1.00188229981511,288.819269810674,289.362914268838
2.1,100,0,4110.38132144237,35.6248032023025,1,1.00191247971025,1.00191247971025,288.463867946101,289.01554924069
2.11,100,0,4122.49419059466,35.7527416343405,1,1.00194262022961,1.00194262022961,288.109458932294,288.669146195559
2.12,100,0,4134.57547533142,35.8805114096788,1,1.00197272218012,1.00197272218012,287.755982948649,288.323645558674
2.13,100,0,4146.62526255913,36.0081129066429,1,1.00200278609549,1.00200278609549,287.403402506118,287.979010044454
2.14,100,0,4158.64365141188,36.1355464900009,1,1.00203281234304,1.00203281234304,287.051693642342,287.635215868269
2.15,100,0,4170.63074825632,36.262812515815,1,1.00206280118841,1.00206280118841,286.700840616443,287.292247451183
2.16,100,0,4182.58666365407,36.389911334395,1,1.00209275283474,1.00209275283474,286.350832702176,286.950094219045
2.17,100,0,4194.5115105094,36.5168432921019,1,1.00212266744667,1.00212266744667,286.001662243291,286.608748661428
2.18,100,0,4206.4054029368,36.6436087324544,1,1.00215254516485,1.00215254516485,285.653323470567,286.268205150826
2.19,100,0,4218.26845556718,36.7702079968098,1,1.00218238611494,1.00218238611494,285.305811779957,285.928459222098
2.2,100,0,4230.10078312207,36.8966414247849,1,1.00221219041312,1.00221219041312,284.959123290743,285.589507131419
2.21,100,0,4241.90250015219,37.0229093545181,1,1.00224195816947,1.00224195816947,284.613254574227,285.251345585459
2.22,100,0,4253.67372087705,37.1490121228335,1,1.00227168949004,1.00227168949004,284.268202486664,284.913971574606
2.23,100,0,4265.41455908683,37.2749500653444,1,1.00230138447822,1.00230138447822,283.923964066038,284.577382269934
2.24,100,0,4277.12512808277,37.4007235165192,1,1.00233104323548,1.00233104323548,283.580536468109,284.241574959358
2.25,100,0,4288.80554064149,37.5263328097252,1,1.00236066586195,1.00236066586195,283.237916926652,283.90654700795
2.26,100,0,4300.45590899406,37.6517782772565,1,1.00239025245666,1.00239025245666,282.896102728666,283.572295833194
2.27,100,0,4312.07634481447,37.7770602503539,1,1.00241980311783,1.00241980311783,282.555091198864,283.238818889505
2.28,100,0,4323.66695921368,37.9021790592192,1,1.00244931794291,1.00244931794291,282.214879689921,282.906113658503
2.29,100,0,4335.22786273749,38.027135033025,1,1.00247879702874,1.00247879702874,281.875465576341,282.574177642886
2.3,100,0,4346.75916536651,38.1519284999233,1,1.00250824047154,1.00250824047154,281.536846250554,282.243008362551
2.31,100,0,4358.26097651758,38.2765597870521,1,1.002537648367,1.002537648367,281.19901912044,281.912603352114
2.32,100,0,4369.73340504616,38.4010292205415,1,1.00256702081026,1.00256702081026,280.861981607733,281.582960159331
2.33,100,0,4381.17655924912,38.5253371255186,1,1.00259635789594,1.00259635789594,280.525731146984,281.254076344062
2.34,100,0,4392.59054686799,38.6494838261125,1,1.00262565971817,1.00262565971817,280.190265184884,280.925949477604
2.35,100,0,4403.96259919455,38.7734688844035,1,1.00265506476425,1.00265506476425,279.845525725411,280.588533720199
2.36,100,0,4415.17144866696,38.897268103785,1,1.00268585312025,1.00268585312025,279.398776450875,280.1492005264
2.37,100,0,4426.22588939321,39.020833478629,1,1.00271786417039,1.00271786417039,278.862258564971,279.620168305999
2.38,100,0,4437.16329070483,39.1441321150994,1,1.00275064983719,1.00275064983719,278.268883371073,279.034303629813
2.39,100,0,4448.00789361091,39.2671432422669,1,1.00278392130134,1.00278392130134,277.639801507626,278.412728865142
2.4,100,0,4458.77549057423,39.3898538843753,1,1.00281749197894,1.00281749197894,276.988622373823,277.76903559562
2.41,100,0,4469.47642751565,39.5122560855475,1,1.00285124104163,1.00285124104163,276.324117986171,277.111984652166
2.42,100,0,4480.1175313236,39.634345128564,1,1.00288509005009,1.00288509005009,275.651953388516,276.447234096525
2.43,100,0,4490.70334949367,39.7561183898432,1,1.0029189879595,1.0029189879595,274.975794336806,275.778445369629
2.44,100,0,4501.23694905139,39.8775746018793,1,1.00295290147582,1.00295290147582,274.298017210185,275.107992230018
2.45,100,0,4511.72043266712,39.9987133770312,1,1.00298680883814,1.00298680883814,273.62016481224,274.437415938794
2.46,100,0,4522.1552729236,40.1195348992826,1,1.00302069579947,1.00302069579947,272.943239659556,273.767718157088
2.47,100,0,4532.54252938205,40.2400397242058,1,1.00305455302159,1.00305455302159,272.267893156805,273.09954987253
2.48,100,0,4542.88298992181,40.3602286488017,1,1.00308837438198,1.00308837438198,271.594547929509,272.433333573619
2.49,100,0,4553.17726302356,40.4801026265827,1,1.0031221558703,1.0031221558703,270.923477140997,271.769342465555
2.5,100,0,4563.42583818843,40.5996627120272,1,1.00315589486736,1.00315589486736,270.254856056961,271.10775197007
2.51,100,0,4573.6291256042,40.7189100241517,1,1.00318958967254,1.00318958967254,269.588795658306,270.44867329677
2.52,100,0,4583.78748225871,40.8378457225623,1,1.00322323919332,1.00322323919332,268.925364610997,269.792175386289
2.53,100,0,4593.90122917871,40.9564709916724,1,1.00325684274074,1.00325684274074,268.264603664372,269.138299291414
2.54,100,0,4603.97066284189,41.0747870302795,1,1.00329039989424,1.00329039989424,267.606535112407,268.487067627238
2.55,100,0,4613.9960627529,41.1927950446671,1,1.00332391041219,1.00332391041219,266.95116902718,267.838490797455
2.56,100,0,4623.97769648752,41.310496244033,2,1.43065734682341,1.43065734682341,1022.80156745618,1463.27857682368
2.57,100,0,4333.08282048228,41.6686126727309,2,1.36127419485166,1.36127419485166,861.711088788682,1173.02506858556
2.58,100,0,4110.739389954,41.958793966081,2,1.30121335243445,1.30121335243445,745.488940165578,970.04016303566
2.59,100,0,3936.71278278315,42.2014880515652,2,1.24897341849654,1.24897341849654,660.364939461784,824.778255894842
2.6,100,0,3799.99294225813,42.4087743504465,2,1.20334631322613,1.20334631322613,592.506015456217,712.989929263543
2.61,100,0,3692.03221765702,42.5895303047601,2,1.16444989015686,1.16444989015686,541.909255561211,631.026173113239
2.62,100,0,3605.83675969616,42.7505870464752,2,1.13124177962626,1.13124177962626,503.330978035574,569.389031333991
2.63,100,0,3535.94517788009,42.8966486404788,2,1.10267295879781,1.10267295879781,473.188498791017,521.772162030987
2.64,100,0,3478.65525953235,43.0307375742393,2,1.07731968207427,1.07731968207427,446.938394765739,481.495529355811
2.65,100,0,3433.1074504661,43.1539935379159,2,1.05284441966369,1.05284441966369,422.638471743407,444.972556510237
2.66,100,0,3397.25610546,43.2685146661302,2,1.03483491452555,1.03483491452555,403.505528419738,417.561609012828
2.67,100,0,3369.44564814677,43.3762335623143,2,1.02090248720943,1.02090248720943,386.998163689225,395.087387855812
2.68,100,0,3348.53384182837,43.4782878077948,2,1.01029132850823,1.01029132850823,373.663852417863,377.509349874746
2.69,100,0,3332.86925231459,43.576302390404,2,1.00435921112078,1.00435921112078,363.668107081667,365.253413138329
2.7,100,0,3321.4158372898,43.6712646579173,2,1.002,1.002,354.436076840996,355.144948994678
2.71,100,0,3313.99748495448,43.7637014921886,2,1.002,1.002,346.618054530409,347.31129063947
2.72,100,0,3309.61620018366,43.8542784593177,2,1.002,1.002,340.950050545805,341.631950646897
2.73,100,0,3307.43188199356,43.9435029387501,2,1.00184805307097,1.00184805307097,336.902865980932,337.525480357027
2.74,100,0,3306.81911310622,44.0317420976675,2,1.00165686867374,1.00165686867374,333.936234765999,334.489523252408
2.75,100,0,3307.37727601386,44.1192428425108,2,1.00149806826442,1.00149806826442,331.715001326072,332.211933042392
2.76,100,0,3308.8138057379,44.2061861995952,2,1.00136369708044,1.00136369708044,330.045647583319,330.495729869341
2.77,100,0,3310.91137726458,44.2927066162717,2,1.00124780432376,1.00124780432376,328.787613263097,329.197875868527
2.78,100,0,3313.50760460037,44.3789045363818,2,1.00114592015068,1.00114592015068,327.837709918065,328.213385756013
2.79,100,0,3316.48059920206,44.4648553432383,2,1.00105467644572,1.00105467644572,327.119556292442,327.464561583398
2.8,100,0,3319.75777342101,44.5506031431355,2,1.00091619146282,1.00091619146282,326.359191765839,326.658199271149
2.81,100,0,3323.44150472294,44.6360768999438,2,1.00070280074449,1.00070280074449,325.493701816295,325.722459032258
2.82,100,0,3327.45233477072,44.7213247437222,2,1.00051722075856,1.00051722075856,324.902969369007,325.071015929283
2.83,100,0,3331.68645475019,44.8064119876926,2,1.00035077427228,1.00035077427228,324.49975097649,324.613577140494
2.84,100,0,3336.07290181563,44.891383271146,2,1.00019752595415,1.00019752595415,324.224932429502,324.288975268638
2.85,100,0,3340.563024114,44.9762691930434,2,1.0000534059101,1.0000534059101,324.038257527616,324.055563085668
2.86,100,0,3345.12339115582,45.0610907750246,2,0.999915617944307,0.999915617944307,323.912210289336,323.884877911168
2.87,100,0,3349.7309909074,45.1458624842804,2,0.999782237889323,0.999782237889323,323.827930144542,323.757412690977
2.88,100,0,3354.36996016788,45.230594291058,2,0.999651939868985,0.999651939868985,323.772461112999,323.659768827765
2.89,100,0,3359.02935068311,45.3152930742019,2,0.999523809188345,0.999523809188345,323.736887742503,323.582727211166
2.9,100,0,3363.701598704,45.3999635839765,2,0.999397214140845,0.999397214140845,323.715066136576,323.519935272314
2.91,100,0,3368.38147422889,45.4846091030406,2,0.999271718019192,0.999271718019192,323.702757119932,323.467010234783
2.92,100,0,3373.06535833975,45.569231900991,2,0.999147018629887,0.999147018629887,323.697032546293,323.42092500797
2.93,100,0,3377.7507454749,45.6538335473954,2,0.999022906660799,0.999022906660799,323.695867840893,323.379586764498
2.94,100,0,3382.43590020336,45.7384151276358,2,0.998899236993044,0.998899236993044,323.697861890694,323.341547258894
2.95,100,0,3387.11962028385,45.8229773919006,2,0.998775908912403,0.998775908912403,323.702044211978,323.305803424621
2.96,100,0,3391.80107293445,45.9075208581319,2,0.998652852446637,0.998652852446637,323.707742041335,323.271659948639
2.97,100,0,3396.47968158803,45.9920458832235,2,0.998530018923969,0.998530018923969,323.714488630596,323.238634458271
2.98,100,0,3401.15504749844,46.0765527123039,2,0.998407374443044,0.998407374443044,323.721959910053,323.206392043352
2.99,100,0,3405.82689542685,46.1610415128784,2,0.998284895352849,0.998284895352849,323.729930704661,323.174699996088
3,100,0,3410.49503598118,46.245512398501,2,0.998162565121431,0.998162565121431,323.738244440812,323.14339649895
3.01,100,0,3415.15933948212,46.3299654451995,2,0.998040372164989,0.998040372164989,323.746792169624,323.112368944193
3.02,100,0,3419.83836950014,46.4143924820978,2,0.998026729233025,0.998026729233025,323.633171493322,322.994555616791
3.03,100,0,3424.58171875926,46.4987741059081,2,0.99806504623213,0.99806504623213,323.513023089679,322.887040346696
3.04,100,0,3429.36912653744,46.5831230924977,2,0.998102050059918,0.998102050059918,323.436343871169,322.822477881698
3.05,100,0,3434.18445962874,46.6674491212795,2,0.998138182026135,0.998138182026135,323.388206365033,322.786116389887
3.06,100,0,3439.01711851996,46.7517585455366,2,0.998173731875664,0.998173731875664,323.358833318849,322.768293388836
3.07,100,0,3443.86013099059,46.8360555382397,2,0.998208890077103,0.998208890077103,323.341810427993,322.762669702848
3.08,100,0,3448.70890604787,46.9203428410023,2,0.998243781981402,0.998243781981402,323.33292382021,322.765080713391
3.09,100,0,3453.56041795057,47.0046222545422,2,0.998278490174541,0.998278490174541,323.329401811842,322.772787069763
3.1,100,0,3458.41267104733,47.0888949603622,2,0.998313069125618,0.998313069125618,323.329419286193,322.783984906203
3.11,100,0,3463.26434832032,47.1731617320125,2,0.998347554798063,0.998347554798063,323.33177317218,322.797485134968
3.12,100,0,3468.11458029878,47.2574230740015,2,0.99838197096317,0.99838197096317,323.335669645798,322.812503143669
3.13,100,0,3472.96279295031,47.3416793132341,2,0.998416333351836,0.998416333351836,323.34058441385,322.828520714316
3.14,100,0,3477.80860745457,47.4259306592623,2,0.998450652387466,0.998450652387466,323.346170875313,322.845195257446
3.15,100,0,3482.65177409754,47.5101772440263,2,0.998484934986704,0.998484934986704,323.352199689181,322.86230008446
3.16,100,0,3487.4921286287,47.5944191480912,2,0.998519185747056,0.998519185747056,323.358518968202,322.879685064503
3.17,100,0,3492.32956342116,47.6786564179855,2,0.998553407730905,0.998553407730905,323.365028033177,322.897250683528
3.18,100,0,3497.16400839615,47.7628890776696,2,0.998587602983543,0.998587602983543,323.371660091784,322.914930923863
3.19,100,0,3501.9954183946,47.8471171361283,2,0.998621772875784,0.998621772875784,323.378370796612,322.932681954596
3.2,100,0,3506.8237648091,47.9313405924017,2,0.998655918330747,0.998655918330747,323.385130679939,322.950474653683
3.21,100,0,3511.64903003419,48.0155594389223,2,0.99869003997412,0.99869003997412,323.391920147196,322.96828965911
3.22,100,0,3516.47120378231,48.0997736637299,2,0.998724138233798,0.998724138233798,323.398726160773,322.986114090826
3.23,100,0,3521.29028063625,48.1839832519434,2,0.998758213406023,0.998758213406023,323.405540041482,323.003939377441
3.24,100,0,3526.10625842152,48.2681881867393,2,0.998792265699314,0.998792265699314,323.412356009711,323.021759814092
3.25,100,0,3530.91913712314,48.3523884500033,2,0.998826295263678,0.998826295263678,323.419170216557,323.039571604656
3.26,100,0,3535.72891816405,48.4365840227641,2,0.998860302210056,0.998860302210056,323.425980099791,323.057372225061
3.27,100,0,3540.53560392403,48.5207748854827,2,0.998894286623261,0.998894286623261,323.432783955392,323.075159999697
3.28,100,0,3545.33919741872,48.6049610182453,2,0.998928248570619,0.998928248570619,323.439580652237,323.092933819355
3.29,100,0,3550.13970208527,48.6891424008925,2,0.99896218810772,0.99896218810772,323.446369441956,323.110692953235
3.3,100,0,3554.93712163903,48.7733190131052,2,0.998996105282272,0.998996105282272,323.453149832103,323.128436923554
3.31,100,0,3559.75425496737,48.8574769710038,2,0.999029398080828,0.999029398080828,323.354474905645,323.040626431729
3.32,100,0,3564.61268820095,48.9416030528993,2,0.999061498765525,0.999061498765525,323.282477406358,322.979076402228
3.33,100,0,3569.49699990762,49.0257065244438,2,0.999092817346655,0.999092817346655,323.238570795287,322.94533437097
3.34,100,0,3574.39688365957,49.1097935747522,2,0.999123627570053,0.999123627570053,323.212656535372,322.929401874174
3.35,100,0,3579.30573447689,49.1938681639467,2,0.999154104742012,0.999154104742012,323.198279937133,322.924888044744
3.36,100,0,3584.21931484117,49.277932826446,2,0.999184361262701,0.999184361262701,323.19130945618,322.927702104629
3.37,100,0,3589.13490351332,49.3619891835359,2,0.999214469281288,0.999214469281288,323.18909720801,322.9352222442
3.38,100,0,3594.05075155838,49.446038270952,2,0.999244475161647,0.999244475161647,323.189944209217,322.945766178861
3.39,100,0,3598.96573422658,49.5300807485217,2,0.999274408731009,0.999274408731009,323.192759139308,322.958253295076
3.4,100,0,3603.85595186657,49.6141154787035,2,0.999304867106126,0.999304867106126,323.175718865995,322.95106879331
3.41,100,0,3608.68513152493,49.6981308773766,2,0.999336735741156,0.999336735741156,323.106462332511,322.892157364244
3.42,100,0,3613.47216001327,49.7821151153832,2,0.999369516779527,0.999369516779527,323.003185017544,322.799536929231
3.43,100,0,3618.23005699859,49.8660606960913,2,0.999402868852129,0.999402868852129,322.87835762467,322.685556900359
3.44,100,0,3622.96710722334,49.9499628672065,2,0.999436575105112,0.999436575105112,322.739894773461,322.558055082172
3.45,100,0,3627.68858915398,50.0338186187154,2,0.999470497650171,0.999470497650171,322.592822970944,322.422009313143
3.46,100,0,3632.39787100406,50.1176260475785,2,0.999504548721228,0.999504548721228,322.440337260569,322.280583783145
3.47,100,0,3637.09710602432,50.2013839547315,2,0.999538672398026,0.999538672398026,322.284470500548,322.135791778619
3.48,100,0,3641.78767392061,50.2850915892516,2,0.99957283301547,0.99957283301547,322.126517428271,321.988915615184
3.49,100,0,3646.47046135689,50.3687484857971,2,0.999607007805789,0.999607007805789,321.967303529486,321.840772892408
3.5,100,0,3651.14604038543,50.4523543612102,2,0.999641182222782,0.999641182222782,321.807355654092,321.691885454044
3.51,100,0,3655.81478207044,50.5359090486783,2,0.9996753469672,0.9996753469672,321.647010388701,321.542586711288
3.52,100,0,3660.47692892368,50.6194124557656,2,0.999709496092225,0.999709496092225,321.486482965365,321.393089885767
3.53,100,0,3665.13264113494,50.7028645376298,2,0.999743625795466,0.999743625795466,321.325911125127,321.243531450267
3.54,100,0,3669.78202611144,50.7862652799095,2,0.99977773364782,0.99977773364782,321.165383070482,321.09399881234
3.55,100,0,3674.42515737399,50.8696146877796,2,0.999811818100631,0.999811818100631,321.004955298578,320.944547976383
3.56,100,0,3679.06208665876,50.9529127789411,2,0.999845878170363,0.999845878170363,320.844663991523,320.79521482488
3.57,100,0,3683.69285167646,51.0361595791286,2,0.999879913236596,0.999879913236596,320.684532299872,320.646022332314
3.58,100,0,3688.31748109304,51.1193551192252,2,0.999913922912488,0.999913922912488,320.524575005352,320.496985183459
3.59,100,0,3692.93599773051,51.2024994334101,2,0.999947906961603,0.999947906961603,320.364801509273,320.348112733367
3.6,100,0,3697.54842062628,51.2855925579658,2,0.999981865244449,0.999981865244449,320.205217750006,320.199410906656
3.61,100,0,3702.15476635956,51.3686345305111,2,1.00001579768408,1.00001579768408,320.045827434728,320.0508834176
3.62,100,0,3706.75504990679,51.4516253895054,2,1.00004970424392,1.00004970424392,319.88663283155,319.902532554776
3.63,100,0,3711.34928519381,51.5345651739302,2,1.00008358491349,1.00008358491349,319.727635279513,319.754359686249
3.64,100,0,3715.93748545284,51.617453923082,2,1.00011743969916,1.00011743969916,319.568835517293,319.606365585198
3.65,100,0,3720.51966345342,51.7002916764394,2,1.0001512686182,1.0001512686182,319.410233895317,319.458550640037
3.66,100,0,3725.0958316521,51.7830784735764,2,1.00018507169489,1.00018507169489,319.251830512773,319.310914990143
3.67,100,0,3729.66600228952,51.8658143541069,2,1.00021884895806,1.00021884895806,319.093625306221,319.163458613644
3.68,100,0,3734.23018745348,51.9484993576483,2,1.00025260043944,1.00025260043944,318.93561810695,319.016181384238
3.69,100,0,3738.78839911996,52.0311335237978,2,1.00028632617262,1.00028632617262,318.777808678165,318.86908310804
3.7,100,0,3743.34064917989,52.1137168921175,2,1.00032002619234,1.00032002619234,318.620196739099,318.722163547465
3.71,100,0,3747.88694945664,52.1962495021247,2,1.00035370053411,1.00035370053411,318.462781980679,318.575422436759
3.72,100,0,3752.42731171738,52.2787313932851,2,1.00038734923383,1.00038734923383,318.30556407572,318.428859492087
3.73,100,0,3756.96174768068,52.3611626050091,2,1.00042097232767,1.00042097232767,318.14854268554,318.282474418099
3.74,100,0,3761.49026902141,52.4435431766492,2,1.00045456985193,1.00045456985193,317.99171746429,318.136266912214
3.75,100,0,3766.01288737405,52.525873147498,2,1.00048814184295,1.00048814184295,317.835088061762,317.990236667403
3.76,100,0,3770.5296143349,52.6081525567878,2,1.00052168833706,1.00052168833706,317.678654125228,317.844383374018
3.77,100,0,3775.04046146356,52.6903814436894,2,1.00055520937055,1.00055520937055,317.522415300642,317.698706720976
3.78,100,0,3779.54544028395,52.7725598473123,2,1.00058870497964,1.00058870497964,317.366371233421,317.553206396537
3.79,100,0,3784.04456228506,52.8546878067041,2,1.00062217520049,1.00062217520049,317.210521568958,317.407882088813
3.8,100,0,3788.53783892142,52.9367653608509,2,1.00065562006915,1.00065562006915,317.05486595296,317.2627334861
3.81,100,0,3793.02528161355,53.0187925486768,2,1.00068903962159,1.00068903962159,316.899404031659,317.117760277096
3.82,100,0,3797.50690174821,53.1007694090446,2,1.00072243389369,1.00072243389369,316.744135451962,316.97296215104
3.83,100,0,3801.98271067868,53.1826959807557,2,1.00075580292121,1.00075580292121,316.589059861541,316.828338797807
3.84,100,0,3806.45271972494,53.2645723025497,2,1.00078914673982,1.00078914673982,316.43417690889,316.683889907965
3.85,100,0,3810.91694017388,53.3463984131057,2,1.00082246538509,1.00082246538509,316.279486243366,316.539615172816
3.86,100,0,3815.37538327944,53.4281743510412,2,1.0008557588925,1.0008557588925,316.124987515212,316.395514284418
3.87,100,0,3819.82806026279,53.5099001549133,2,1.00088902729739,1.00088902729739,315.970680375574,316.251586935603
3.88,100,0,3824.27498231243,53.5915758632183,2,1.00092227063504,1.00092227063504,315.816564476504,316.10783281998
3.89,100,0,3828.71616058439,53.6732015143919,2,1.00095548894061,1.00095548894061,315.662639470971,315.964251631948
3.9,100,0,3833.15160620233,53.7547771468097,2,1.00098868224915,1.00098868224915,315.508905012858,315.820843066692
3.91,100,0,3837.62419672045,53.8362763080744,2,1.00101038871347,1.00101038871347,315.075629738655,315.393978598832
3.92,100,0,3842.240026821,53.9176321202808,2,1.00102456070169,1.00102456070169,314.652568565847,314.974949222285
3.93,100,0,3846.94110604298,53.9988784736624,2,1.00103758513083,1.00103758513083,314.340416595044,314.66657153732
3.94,100,0,3851.68794731968,54.0800386612794,2,1.00104995726618,1.00104995726618,314.090892604384,314.420674619314
3.95,100,0,3856.45825732068,54.1611258540297,2,1.00106195654968,1.00106195654968,313.876863621691,314.210187212807
3.96,100,0,3861.23942131803,54.2421475255562,2,1.00107374101572,1.00107374101572,313.683032157817,314.01984649538
3.97,100,0,3866.02428836649,54.3231079335777,2,1.00108540021763,1.00108540021763,313.500751775791,313.841025559995
3.98,100,0,3870.80879904053,54.4040095163164,2,1.00109698499555,1.00109698499555,313.325124986628,313.668837947467
3.99,100,0,3875.59064662712,54.4848536805071,2,1.0011085242621,1.0011085242621,313.153372518759,313.500510629955
4,100,0,3880.36851988616,54.56564124706,2,1.00112003448786,1.00112003448786,312.983914372314,313.334467150555
4.01,100,0,3885.14167392204,54.6463727035976,2,1.00113152507169,1.00113152507169,312.815850784743,313.169809762727
4.02,100,0,3889.90968656559,54.7270483478086,2,1.00114300138658,1.00114300138658,312.648668490847,313.006026352443
4.03,100,0,3894.67231983938,54.8076683689609,2,1.00115446650996,1.00115446650996,312.482074185799,312.84282427541
4.04,100,0,3899.42944105183,54.8882328943255,2,1.0011659222083,1.0011659222083,312.315899946739,312.680035990492
4.05,100,0,3904.1809777834,54.9687420156579,2,1.0011773694982,1.0011773694982,312.150049433189,312.517565380254
4.06,100,0,3908.92689216733,55.0491958043279,2,1.00118880896672,1.00118880896672,311.984467235442,312.355357167567
4.07,100,0,3913.66716617194,55.1295943199767,2,1.00120024095444,1.00120024095444,311.819121383947,312.193379463808
4.08,100,0,3918.40179316578,55.209937615478,2,1.00121166566035,1.00121166566035,311.653993353352,312.031613795009
4.09,100,0,3923.13077307607,55.2902257397857,2,1.00122308320194,1.00122308320194,311.489072341044,311.870049393011
4.1,100,0,3927.85410960555,55.3704587395702,2,1.0012344936497,1.0012344936497,311.324351987343,311.708679922869
4.11,100,0,3932.57180863025,55.4506366601613,2,1.00124589704704,1.00124589704704,311.159828492546,311.547501604022
4.12,100,0,3937.28387727567,55.5307595460914,2,1.00125729342165,1.00125729342165,310.995499534274,311.386512130002
4.13,100,0,3941.99032338338,55.610827441409,2,1.00126868279217,1.00126868279217,310.831363644066,311.225710046387
4.14,100,0,3946.69115520258,55.6908403898601,2,1.00128006517194,1.00128006517194,310.667419847857,311.065094392061
4.15,100,0,3951.38638121151,55.7707984349937,2,1.00129144057126,1.00129144057126,310.503667458363,310.904664492044
4.16,100,0,3956.07601001387,55.8507016202227,2,1.00130280899863,1.00130280899863,310.340105954976,310.74441983765
4.17,100,0,3960.76005027871,55.9305499888591,2,1.00131417046151,1.00131417046151,310.176734914218,310.58436001709
4.18,100,0,3965.43851070546,56.0103435841349,2,1.00132552496674,1.00132552496674,310.013553969385,310.424484675199
4.19,100,0,3970.1114000036,56.0900824492144,2,1.0013368725208,1.0013368725208,309.850562787112,310.264793490056
4.2,100,0,3974.77872688084,56.1697666272007,2,1.00134821312995,1.00134821312995,309.687761053734,310.10528615937
4.21,100,0,3979.44050003617,56.2493961611405,2,1.00135954680031,1.00135954680031,309.525148467339,309.945962392553
4.22,100,0,3984.09672815592,56.3289710940263,2,1.00137087353794,1.00137087353794,309.362724733136,309.786821906097
4.23,100,0,3988.74741991136,56.408491468798,2,1.00138219334882,1.00138219334882,309.200489560746,309.627864420869
4.24,100,0,3993.39258395741,56.4879573283435,2,1.00139350623892,1.00139350623892,309.038442662615,309.469089660531
4.25,100,0,3998.03222893186,56.5673687154999,2,1.00140481221415,1.00140481221415,308.876583753083,309.310497350606
4.26,100,0,4002.66718067584,56.6467257194034,2,1.00141610184169,1.00141610184169,308.715770597462,309.152943568763
4.27,100,0,4007.30014150229,56.7260290735858,2,1.00142734451008,1.00142734451008,308.558782709749,308.999202394286
4.28,100,0,4011.93011516846,56.8052796990081,2,1.00143855268326,1.00143855268326,308.404482378129,308.848138473784
4.29,100,0,4016.55618675595,56.8844781753743,2,1.00144973755953,1.00144973755953,308.251850560908,308.698734846461
4.3,100,0,4021.17781400338,56.9636248631016,2,1.00146090581114,1.00146090581114,308.100281268117,308.550386759434
4.31,100,0,4025.79467637085,57.0427199921266,2,1.00147206141982,1.00147206141982,307.949413606374,308.4027340574
4.32,100,0,4030.40658541335,57.1217637146354,2,1.0014832067658,1.0014832067658,307.799032320269,308.255561927513
4.33,100,0,4035.0134314865,57.2007561364159,2,1.0014943432747,1.0014943432747,307.649008811248,308.108742038533
4.34,100,0,4039.61515201368,57.2796973355248,2,1.00150547180241,1.00150547180241,307.499266112072,307.962197586465
4.35,100,0,4044.21171256624,57.3585873734158,2,1.00151659286432,1.00151659286432,307.34975805894,307.815882508862
4.36,100,0,4048.80309556826,57.4374263015835,2,1.00152770677206,1.00152770677206,307.200456889699,307.66976910807
4.37,100,0,4053.38929354445,57.5162141655342,2,1.00153881371519,1.00153881371519,307.051345849543,307.523840671805
4.38,100,0,4057.97030507851,57.5949510071628,2,1.00154991381001,1.00154991381001,306.902414776566,307.378087067552
4.39,100,0,4062.54613239092,57.6736368661777,2,1.00156100712879,1.00156100712879,306.753657462854,307.232502108936
4.4,100,0,4067.11677988531,57.7522717809548,2,1.00157209371736,1.00157209371736,306.605070074969,307.087081979344
4.41,100,0,4071.68225327503,57.8308557890519,2,1.00158317360557,1.00158317360557,306.456650207287,306.941824287147
4.42,100,0,4076.24255905773,57.9093889275172,2,1.00159424681368,1.00159424681368,306.308396313922,306.796727498748
4.43,100,0,4080.79770419877,57.9878712330756,2,1.0016053133561,1.0016053133561,306.160307367386,306.651790597911
4.44,100,0,4085.34769594037,58.0663027422414,2,1.00161637324375,1.00161637324375,306.012382653243,306.507012880821
4.45,100,0,4089.89254168629,58.1446834913854,2,1.00162742648541,1.00162742648541,305.864621646399,306.362393832617
4.46,100,0,4094.43224893221,58.2230135167769,2,1.00163847308856,1.00163847308856,305.717023936504,306.217933052938
4.47,100,0,4098.96682522348,58.3012928546076,2,1.00164951305988,1.00164951305988,305.569589182892,306.07363021095
4.48,100,0,4103.49627812964,58.3795215410075,2,1.00166054640557,1.00166054640557,305.422317087335,305.929485018155
4.49,100,0,4108.02061522889,58.4576996120538,2,1.00167157313154,1.00167157313154,305.275207377559,305.785497211938
4.5,100,0,4112.53984409873,58.5358271037764,2,1.00168259324351,1.00168259324351,305.128259797242,305.641666545582
4.51,100,0,4117.0539723102,58.6139040521616,2,1.00169360674708,1.00169360674708,304.981474099945,305.497992782216
4.52,100,0,4121.5630074245,58.6919304931541,2,1.00170461364778,1.00170461364778,304.834850045429,305.354475691134
4.53,100,0,4126.06695699084,58.7699064626582,2,1.00171561395107,1.00171561395107,304.688387397407,305.211115045554
4.54,100,0,4130.56582854523,58.8478319965391,2,1.00172660766239,1.00172660766239,304.542085922183,305.067910621257
4.55,100,0,4135.05962960966,58.9257071306228,2,1.00173759478717,1.00173759478717,304.395945387812,304.924862195753
4.56,100,0,4139.54836769171,59.003531900697,2,1.00174857533079,1.00174857533079,304.249965563592,304.781969547771
4.57,100,0,4144.0320502843,59.0813063425111,2,1.00175954929864,1.00175954929864,304.104146219757,304.639232456951
4.58,100,0,4148.51068486548,59.1590304917764,2,1.00177051669608,1.00177051669608,303.958487127278,304.496650703651
4.59,100,0,4152.98427889843,59.2367043841664,2,1.00178147752846,1.00178147752846,303.81298805775,304.354224068829
4.6,100,0,4157.45283983139,59.3143280553166,2,1.00179243180113,1.00179243180113,303.667648783317,304.21195233397
4.61,100,0,4161.91637509769,59.3919015408249,2,1.00180337951941,1.00180337951941,303.522469076632,304.069835281046
4.62,100,0,4166.37489211572,59.4694248762516,2,1.00181432068863,1.00181432068863,303.377448710818,303.927872692479
4.63,100,0,4170.82839828902,59.5468980971194,2,1.00182525531411,1.00182525531411,303.232587459464,303.786064351134
4.64,100,0,4175.27690100623,59.6243212389138,2,1.00183618340112,1.00183618340112,303.087885096604,303.644410040301
4.65,100,0,4179.72040764119,59.7016943370824,2,1.00184710495498,1.00184710495498,302.943341396714,303.502909543686
4.66,100,0,4184.15892555297,59.7790174270361,2,1.00185801998096,1.00185801998096,302.798956134704,303.361562645415
4.67,100,0,4188.59246208585,59.8562905441482,2,1.00186892848432,1.00186892848432,302.654729085916,303.22036913002
4.68,100,0,4193.02102456943,59.9335137237549,2,1.00187983047034,1.00187983047034,302.510660026122,303.079328782442
4.69,100,0,4197.44462031863,60.0106870011555,2,1.00189072594425,1.00189072594425,302.366748731522,302.938441388029
4.7,100,0,4201.86325663373,60.0878104116121,2,1.00190161491131,1.00190161491131,302.222994978741,302.797706732534
4.71,100,0,4206.27694080044,60.1648839903501,2,1.00191249737674,1.00191249737674,302.079398544829,302.657124602113
4.72,100,0,4210.68568008988,60.2419077725578,2,1.00192337334577,1.00192337334577,301.935959207256,302.516694783324
4.73,100,0,4215.0894817587,60.3188817933869,2,1.0019342428236,1.0019342428236,301.792676743919,302.376417063125
4.74,100,0,4219.48835304904,60.3958060879523,2,1.00194510581544,1.00194510581544,301.64955093313,302.236291228875
4.75,100,0,4223.88230118862,60.4726806913324,2,1.00195596232648,1.00195596232648,301.506581553628,302.096317068332
4.76,100,0,4228.27133339076,60.5495056385688,2,1.0019668123619,1.0019668123619,301.363768384563,301.956494369652
4.77,100,0,4232.65545685441,60.6262809646669,2,1.00197765592689,1.00197765592689,301.221111205505,301.816822921384
4.78,100,0,4237.03467876422,60.7030067045955,2,1.0019884930266,1.0019884930266,301.07860979644,301.677302512477
4.79,100,0,4241.40900629055,60.7796828932871,2,1.00199932366618,1.00199932366618,300.936263937772,301.537932932275
4.8,100,0,4245.77844658951,60.856309565638,2,1.00201014785079,1.00201014785079,300.794073410316,301.39871397051
4.81,100,0,4250.14300680301,60.9328867565081,2,1.00202096558555,1.00202096558555,300.652037995301,301.259645417315
4.82,100,0,4254.50269405881,61.0094145007214,2,1.0020317768756,1.0020317768756,300.510157474366,301.120727063205
4.83,100,0,4258.85751547052,61.0858928330657,2,1.00204258172605,1.00204258172605,300.368431629568,300.981958699097
4.84,100,0,4263.20747813767,61.1623217882929,2,1.00205338014201,1.00205338014201,300.226860243365,300.843340116287
4.85,100,0,4267.55258914573,61.238701401119,2,1.00206417212858,1.00206417212858,300.085443098629,300.704871106466
4.86,100,0,4271.89285556616,61.3150317062239,2,1.00207495769084,1.00207495769084,299.944179978641,300.566551461711
4.87,100,0,4276.22828445644,61.3913127382521,2,1.00208573683388,1.00208573683388,299.803070667083,300.428380974485
4.88,100,0,4280.55888286012,61.4675445318121,2,1.00209650956277,1.00209650956277,299.662114948051,300.290359437641
4.89,100,0,4284.88465780683,61.5437271214769,2,1.00210727588257,1.00210727588257,299.52131260604,300.152486644411
4.9,100,0,4289.20561631235,61.6198605417839,2,1.00211803579833,1.00211803579833,299.380663425951,300.014762388416
4.91,100,0,4293.52176537861,61.6959448272351,2,1.0021287893151,1.0021287893151,299.240167193086,299.877186463655
4.92,100,0,4297.83311199378,61.7719800122968,2,1.0021395364379,1.0021395364379,299.099823693152,299.739758664514
4.93,100,0,4302.13966313225,61.8479661314001,2,1.00215027717177,1.00215027717177,298.959632712255,299.602478785758
4.94,100,0,4306.44142575469,61.923903218941,2,1.00216101152172,1.00216101152172,298.819594036901,299.465346622531
4.95,100,0,4310.7384068081,61.99979130928,2,1.00217173949276,1.00217173949276,298.679707453993,299.328361970356
4.96,100,0,4315.03061322582,62.0756304367425,2,1.00218246108988,1.00218246108988,298.539972750835,299.191524625138
4.97,100,0,4319.31805192761,62.1514206356188,2,1.00219317631808,1.00219317631808,298.400389715126,299.054834383155
4.98,100,0,4323.60072981963,62.2271619401643,2,1.00220388518233,1.00220388518233,298.260958134963,298.918291041065
4.99,100,0,4327.87865379449,62.3028543845995,2,1.00221458768761,1.00221458768761,298.121677798835,298.781894395898
5,100,0,4332.15183073134,62.3784980031096,2,1.00222528383887,0.982225283838873,297.982548495626,292.685993275147
5.01,100,0,4336.40350813983,62.4524555204889,2,1.00223491784613,0.982234917846134,297.91289990282,292.62045276135
5.02,100,0,4340.62510513464,62.5263806421551,2,1.00224483590552,0.982244835905524,297.820035417383,292.532191817925
5.03,100,0,4344.82557725045,62.6002682702893,2,1.00225493614501,0.982254936145005,297.712173075205,292.429251553577
5.04,100,0,4349.01073399807,62.6741151106673,2,1.00226515256158,0.982265152561584,297.594633093194,292.316837676795
5.05,100,0,4353.18434757993,62.7479190369591,2,1.00227544235996,0.98227544235996,297.470861466868,292.198322036566
5.06,100,0,4357.34887007974,62.8216786795361,2,1.0022857777702,0.982285777770202,297.343091688427,292.075890083762
5.07,100,0,4361.50589756753,62.8953931593963,2,1.00229614075751,0.982296140757509,297.212772448154,291.950959359661
5.08,100,0,4365.65647060323,62.969061915894,2,1.00230651959971,0.98230651959971,297.080844138724,291.824450045654
5.09,100,0,4369.80126894608,63.0426845951259,2,1.00231690667145,0.982316906671452,296.947917695566,291.696959953237
5.1,100,0,4373.94073781351,63.1162609775603,2,1.00232729700848,0.982327297008484,296.814390341702,291.568877777585
5.11,100,0,4378.07516982123,63.1897909310735,2,1.00233768737662,0.98233768737662,296.680520552115,291.440456448857
5.12,100,0,4382.20475820658,63.2632743804463,2,1.00234807566745,0.982348075667445,296.546476644526,291.311860677711
5.13,100,0,4386.32963142966,63.3367112875352,2,1.00235846050576,0.982358460505759,296.41236830159,291.183197799616
5.14,100,0,4390.44987568783,63.4101016383717,2,1.00236884099433,0.982368840994327,296.278267037885,291.054537801814
5.15,100,0,4394.56554957869,63.4834454347599,2,1.00237921654777,0.982379216547774,296.14421950056,290.925926338112
5.16,100,0,4398.67669365817,63.5567426888011,2,1.00238958678438,0.982389586784384,296.010256120563,290.797393194219
5.17,100,0,4402.76836093565,63.629992738653,2,1.00240011217647,0.982400112176473,295.863752360281,290.656583507692
5.18,100,0,4406.80157625592,63.7031865939783,2,1.00241120505648,0.982411205056482,295.672313665875,290.47179397033
5.19,100,0,4410.79250334869,63.7763139182169,2,1.00242268283747,0.982422682837467,295.450382227682,290.257157153474
5.2,100,0,4414.75354626973,63.8493680494738,2,1.0024344065802,0.982434406580204,295.208931844079,290.023411773413
5.21,100,0,4418.69272681903,63.9223447302922,2,1.00244628656572,0.982446286565724,294.955039906279,289.777483659768
5.22,100,0,4422.61523917725,63.9952412543123,2,1.00245826480785,0.982458264807845,294.693273386059,289.523842021411
5.23,100,0,4426.52445175663,64.0680559164246,2,1.00247030379422,0.982470303794223,294.426581425726,289.265372898428
5.24,100,0,4430.42255309519,64.1407876583372,2,1.00248237923371,0.982482379233711,294.156869993348,289.003941499005
5.25,100,0,4434.31096854211,64.2134358399612,2,1.00249447538106,0.982494475381055,293.885371919772,288.740754306483
5.26,100,0,4438.19062929381,64.2860000918311,2,1.00250658202043,0.982506582020426,293.612885298487,288.476592371772
5.27,100,0,4442.0621462583,64.3584802197498,2,1.00251869251737,0.982518692517375,293.339927187632,288.211961723534
5.28,100,0,4445.92592252475,64.4308761431179,2,1.00253080255954,0.982530802559544,293.066832789778,287.947190424524
5.29,100,0,4449.78222619176,64.5031878550085,2,1.00254290934176,0.982542909341759,292.793819509876,287.682491258519
5.3,100,0,4453.63123757535,64.5754153962916,2,1.00255501103815,0.982555011038146,292.521028369691,287.418002258672
5.31,100,0,4457.47307984191,64.6475588388482,2,1.00256710645982,0.982567106459817,292.248550810206,287.153812936659
5.32,100,0,4461.30783890666,64.7196182746687,2,1.00257919483265,0.982579194832646,291.976446055485,286.889981275296
5.33,100,0,4465.13557637298,64.7915938087656,2,1.00259127565286,0.982591275652864,291.704752373645,286.626544748822
5.34,100,0,4468.95633795546,64.8634855545617,2,1.00260334859311,0.982603348593109,291.433494387616,286.363527477463
5.35,100,0,4472.77015896868,64.9352936308846,2,1.00261541344125,0.982615413441252,291.162687826401,286.100944877206
5.36,100,0,4476.57706790787,65.0070181600079,2,1.00262747006051,0.982627470060508,290.892342616178,285.83880668491
5.37,100,0,4480.37708878711,65.0786592663719,2,1.00263951836341,0.982639518363406,290.622464893441,285.577118928476
5.38,100,0,4484.1702426679,65.150217075748,2,1.00265155829479,0.982651558294789,290.353058317488,285.315885211337
5.39,100,0,4487.95654865953,65.221691714692,2,1.00266358982069,0.982663589820691,290.084124927,285.055107550759
5.4,100,0,4491.73602457433,65.2930833101864,2,1.00267561292105,0.982675612921052,289.815665699655,284.794786925532
5.41,100,0,4495.50868735751,65.3643919894061,2,1.00268762758496,0.982687627584956,289.54768091812,284.534923634153
5.42,100,0,4499.27455336927,65.4356178795649,2,1.00269963380749,0.982699633807492,289.280170409646,284.275517529328
5.43,100,0,4503.03363857024,65.5067611078149,2,1.00271163158771,0.982711631587706,289.013133703095,284.016568171644
5.44,100,0,4506.78595864357,65.5778218011803,2,1.00272362092725,0.982723620927245,288.746570131946,283.758074930388
5.45,100,0,4510.53152907525,65.6488000865145,2,1.00273560182947,0.982735601829471,288.480478901932,283.500037049745
5.46,100,0,4514.27036520717,65.7196960904715,2,1.00274757429887,0.982747574298872,288.214859135508,283.242453692312
5.47,100,0,4518.00248227217,65.7905099394876,2,1.00275953834068,0.98275953834068,287.9497099011,282.985323967738
5.48,100,0,4521.72789541719,65.8612417597698,2,1.00277149396061,0.982771493960614,287.685030232373,282.728646951573
5.49,100,0,4525.44661971864,65.9318916772875,2,1.00278344116471,0.98278344116471,287.420819140934,282.472421697707
5.5,100,0,4529.15867019266,66.0024598177679,2,1.00279537995921,0.982795379959213,287.157075624711,282.216647246564
5.51,100,0,4532.86406180185,66.0729463066934,2,1.0028073103505,0.982807310350502,286.893798673483,281.961322630524
5.52,100,0,4536.56280945989,66.143351269299,2,1.00281923234504,0.98281923234504,286.630987272539,281.706446877498
5.53,100,0,4540.25492803458,66.213674830572,2,1.00283114594934,0.982831145949343,286.368640405099,281.452019013299
5.54,100,0,4543.94043234995,66.2839171152513,2,1.00284305116996,0.982843051169959,286.106757053904,281.198038063201
5.55,100,0,4547.61933718762,66.3540782478271,2,1.00285494801345,0.982854948013452,285.845336202284,280.944503052984
5.56,100,0,4551.29165728788,66.4241583525415,2,1.00286683648639,0.982866836486394,285.58437683485,280.691413009607
5.57,100,0,4554.95740735033,66.4941575533886,2,1.00287871659536,0.982878716595357,285.323877937961,280.438766961673
5.58,100,0,4558.61660203439,66.5640759741147,2,1.00289058834691,0.982890588346912,285.063838500024,280.186563939718
5.59,100,0,4562.26925595973,66.6339137382191,2,1.00290245174762,0.982902451747622,284.804257511699,279.93480297641
5.6,100,0,4565.91538370651,66.7036709689545,2,1.00291430680405,0.982914306804045,284.545133966025,279.68348310668
5.61,100,0,4569.55499981566,66.7733477893273,2,1.00292615352273,0.982926153522728,284.286466858506,279.432603367798
5.62,100,0,4573.18811878906,66.8429443220988,2,1.00293799191021,0.982937991910209,284.028255187168,279.182162799435
5.63,100,0,4576.81475508972,66.9124606897849,2,1.00294982197302,0.982949821973016,283.770497952586,278.932160443688
5.64,100,0,4580.43492314194,66.9818970146576,2,1.00296164371767,0.982961643717666,283.513194157906,278.682595345102
5.65,100,0,4584.04863733145,67.0512534187448,2,1.00297345715067,0.982973457150667,283.25634280886,278.43346655068
5.66,100,0,4587.65591200556,67.1205300238315,2,1.00298526227852,0.982985262278515,282.999942913763,278.18477310989
5.67,100,0,4591.25676147327,67.18972695146,2,1.0029970591077,0.982997059107695,282.743993483516,277.936514074662
5.68,100,0,4594.85120000543,67.2588443229308,2,1.00300884764468,0.983008847644681,282.488493531607,277.688688499387
5.69,100,0,4598.43924183482,67.3278822593028,2,1.00302062789594,0.983020627895937,282.2334420741,277.441295440913
5.7,100,0,4602.02090115632,67.3968408813943,2,1.00303239986792,0.983032399867915,281.978838129633,277.194333958539
5.71,100,0,4605.59619212703,67.4657203097832,2,1.00304416356706,0.983044163567057,281.724680719416,276.947803114014
5.72,100,0,4609.16512886633,67.5345206648082,2,1.00305591899979,0.983055918999794,281.470968867216,276.701701971524
5.73,100,0,4612.72772545608,67.6032420665686,2,1.00306766617255,0.983067666172546,281.217701599357,276.456029597688
5.74,100,0,4616.28399594069,67.6718846349255,2,1.00307940509172,0.983079405091723,280.964877944706,276.21078506155
5.75,100,0,4619.83395432724,67.7404484895021,2,1.00309113576372,0.983091135763722,280.712496934672,275.965967434577
5.76,100,0,4623.37761458564,67.8089337496844,2,1.00310285819493,0.983102858194932,280.460557603193,275.721575790644
5.77,100,0,4626.91499064868,67.8773405346216,2,1.00311457239173,0.98311457239173,280.209058986733,275.477609206031
5.78,100,0,4630.44609641221,67.9456689632271,2,1.00312627836048,0.983126278360483,279.95800012427,275.234066759417
5.79,100,0,4633.97094573521,68.0139191541784,2,1.00313797610755,0.983137976107546,279.70738005729,274.990947531869
5.8,100,0,4637.48955243996,68.0820912259184,2,1.00314966563927,0.983149665639266,279.457197829784,274.748250606838
5.81,100,0,4641.00193031207,68.1501852966555,2,1.00316134696198,0.983161346961977,279.207452488231,274.505975070151
5.82,100,0,4644.50809310069,68.2182014843645,2,1.003173020082,0.983173020082004,278.958143081597,274.264120010001
5.83,100,0,4648.00805451856,68.2861399067866,2,1.00318468500566,0.983184685005662,278.709268661325,274.022684516943
5.84,100,0,4651.50182824215,68.3540006814309,2,1.00319634173925,0.983196341739253,278.460828281331,273.781667683887
5.85,100,0,4654.98942791177,68.4217839255739,2,1.00320799028907,0.983207990289072,278.212820997991,273.541068606088
5.86,100,0,4658.47086713167,68.4894897562611,2,1.0032196306614,0.983219630661403,277.965245870136,273.300886381141
5.87,100,0,4661.94615947019,68.5571182903067,2,1.00323126286252,0.983231262862517,277.718101959046,273.061120108974
5.88,100,0,4665.41531845982,68.6246696442947,2,1.00324288689868,0.983242886898679,277.47138832844,272.821768891839
5.89,100,0,4668.87835759736,68.6921439345792,2,1.00325450277614,0.98325450277614,277.225104044468,272.582831834307
5.9,100,0,4672.33529034399,68.7595412772853,2,1.00326611050114,0.983266110501144,276.979248175708,272.34430804326
5.91,100,0,4675.78613012542,68.826861788309,2,1.00327771007992,0.983277710079922,276.733819793155,272.106196627883
5.92,100,0,4679.23089033198,68.8941055833185,2,1.0032893015187,0.983289301518698,276.48881797021,271.868496699658
5.93,100,0,4682.66958431872,68.9612727777544,2,1.00330088482368,0.983300884823684,276.244241782682,271.631207372359
5.94,100,0,4686.10222540554,69.0283634868302,2,1.00331246000108,0.983312460001083,276.000090308775,271.394327762042
5.95,100,0,4689.52882687731,69.0953778255329,2,1.00332402705709,0.983324027057086,275.756362629077,271.157856987038
5.96,100,0,4692.94940198394,69.1623159086237,2,1.00333558599788,0.983335585997879,275.513057826562,270.92179416795
5.97,100,0,4696.3639639405,69.2291778506383,2,1.00334713682963,0.983347136829632,275.270174986575,270.68613842764
5.98,100,0,4699.77252592737,69.2959637658878,2,1.00335867955851,0.98335867955851,275.027713196827,270.450888891228
5.99,100,0,4703.1751010903,69.3626737684587,2,1.00337021419067,0.983370214190665,274.785671547389,270.216044686082
6,100,0,4706.57170254053,69.4293079722142,2,1.00338174073224,0.983381740732242,274.544049130684,269.98160494181
6.01,100,0,4709.96234335491,69.4958664907939,2,1.00339325918938,0.983393259189375,274.30284504148,269.747568790259
6.02,100,0,4713.34703657599,69.562349437615,2,1.00340476956819,0.983404769568188,274.062058376882,269.513935365501
6.03,100,0,4716.72579521213,69.6287569258725,2,1.0034162718748,0.983416271874796,273.821688236326,269.28070380383
6.04,100,0,4720.09863223763,69.6950890685399,2,1.0034277661153,0.983427766115304,273.581733721572,269.047873243757
6.05,100,0,4723.4655605928,69.7613459783698,2,1.00343925229581,0.983439252295808,273.342193936696,268.815442826
6.06,100,0,4726.82659318408,69.827527767894,2,1.00345073042239,0.983450730422395,273.103067988083,268.583411693477
6.07,100,0,4730.18174288415,69.8936345494245,2,1.00346220050114,0.98346220050114,272.864354984421,268.351778991303
6.08,100,0,4733.53102253202,69.959666435054,2,1.00347366253811,0.983473662538112,272.626054036694,268.120543866781
6.09,100,0,4736.87444493317,70.0256235366561,2,1.00348511653937,0.983485116539369,272.388164258172,267.889705469394
6.1,100,0,4740.21202285959,70.0915059658861,2,1.00349656251096,0.98349656251096,272.150684764411,267.659262950802
6.11,100,0,4743.54376904995,70.1573138341816,2,1.00350800045892,0.983508000458923,271.913614673236,267.429215464833
6.12,100,0,4746.86969620967,70.2230472527626,2,1.00351943038929,0.983519430389289,271.676953104744,267.199562167475
6.13,100,0,4750.189817011,70.2887063326326,2,1.00353085230808,0.983530852308079,271.440699181292,266.970302216877
6.14,100,0,4753.50414409318,70.3542911845788,2,1.00354226622131,0.983542266221305,271.20485202749,266.741434773332
6.15,100,0,4756.81269006249,70.4198019191724,2,1.00355367213497,0.98355367213497,270.969410770197,266.512958999277
6.16,100,0,4760.11546749238,70.4852386467696,2,1.00356507005507,0.983565070055066,270.734374538511,266.284874059285
6.17,100,0,4763.41248892355,70.5506014775118,2,1.00357645998758,0.983576459987579,270.499742463763,266.05717912006
6.18,100,0,4766.70376686409,70.6158905213264,2,1.00358784193848,0.983587841938483,270.265513679514,265.829873350429
6.19,100,0,4769.98931378952,70.6811058879269,2,1.00359921591375,0.983599215913745,270.031687321542,265.602955921335
6.2,100,0,4773.26914214294,70.7462476868137,3,1.29973928310412,1.27973928310412,1004.19044380258,1285.10195865192
6.21,100,0,4485.93629800075,70.9563808685775,3,1.22942138332516,1.20942138332516,843.648841522668,1020.32694895501
6.22,100,0,4269.16916911495,71.1239241977253,3,1.16921115097207,1.14921115097207,727.363634719067,835.894399830726
6.23,100,0,4100.529492185,71.2619957356146,3,1.11783166502702,1.09783166502702,644.019273631844,707.024751480736
6.24,100,0,3967.31894762264,71.3789195340783,3,1.07256460836671,1.05256460836671,577.97823859266,608.359438348767
6.25,100,0,3864.69039629456,71.4783058516271,3,1.03296416112557,1.01296416112557,520.568194580754,527.316924532144
6.26,100,0,3787.2284007065,71.564360106031,3,1.00716829561742,0.987168295617416,473.533629512023,467.457385962913
6.27,100,0,3730.11621143344,71.6409687824343,3,1.002,0.982,433.756148584695,425.94853791017
6.28,100,0,3689.79178959609,71.7108918446654,3,1.00107981572136,0.981079815721364,405.351689812439,397.682361143532
6.29,100,0,3662.07505462288,71.775738138228,3,0.999002835375329,0.979002835375329,380.313168161034,372.327669960226
6.3,100,0,3644.20713672693,71.8365634569326,3,0.998175965488298,0.978175965488298,363.030406212088,355.107618098118
6.31,100,0,3633.29210923267,71.8946257086369,3,0.998516158695842,0.978516158695842,351.046192757426,343.504372061796
6.32,100,0,3626.8834136989,71.9509073849813,3,0.998744533829752,0.978744533829752,343.466719642615,336.166174402645
6.33,100,0,3623.34795499951,72.0060468549674,3,0.99890094418356,0.97890094418356,338.561056012627,331.417737394544
6.34,100,0,3621.67712070171,72.0604378412853,3,0.999010358856663,0.979010358856663,335.28890834944,328.251314483844
6.35,100,0,3621.31479918428,72.114295181053,3,0.999086644300329,0.979086644300329,332.879924970977,325.918288694779
6.36,100,0,3621.83396915085,72.167784753807,3,0.999140541559576,0.979140541559576,331.335069867371,324.423599747617
6.37,100,0,3622.90949063514,72.221033987016,3,0.999180272572164,0.979180272572164,330.329743731309,323.452368505517
6.38,100,0,3624.33746734621,72.2741227684469,3,0.999211006125158,0.979211006125158,329.664041987754,322.810658238115
6.39,100,0,3625.98918374875,72.3271015213265,3,0.999236009881148,0.979236009881148,329.213283106259,322.377501748846
6.4,100,0,3627.78302611872,72.3800022148036,3,0.999257357365881,0.97925735736588,328.899054814532,322.076819257814
6.41,100,0,3629.66709154931,72.4328451801298,3,0.999276367732453,0.979276367732453,328.671772008573,321.860499068744
6.42,100,0,3631.60830302792,72.4856433754759,3,0.999293881740265,0.979293881740265,328.499962641811,321.698003567031
6.43,100,0,3633.58554910657,72.5384050732705,3,0.999310435968784,0.979310435968784,328.363600111143,321.569900381123
6.44,100,0,3635.58533994026,72.5911355615559,3,0.999326373226602,0.979326373226602,328.249917687605,321.463801400933
6.45,100,0,3637.59904794832,72.6438382245868,3,0.99934191271422,0.97934191271422,328.150765733825,321.3717985724
6.46,100,0,3639.62115115229,72.6965152307061,3,0.999357194697085,0.979357194697085,328.060936466979,321.288838428
6.47,100,0,3641.64811304227,72.7491679709394,3,0.999372308989535,0.979372308989535,327.977099152934,321.211688893099
6.48,100,0,3643.67766745616,72.801797338988,3,0.999387313136318,0.979387313136318,327.897121992518,321.138281293384
6.49,100,0,3645.70836158918,72.854403910147,3,0.999402244028273,0.979402244028273,327.819639654839,321.067290714489
6.5,100,0,3647.73926372472,72.9069880557277,3,0.999417125328846,0.979417125328846,327.743777169082,320.99786807936
6.51,100,0,3649.76977618266,72.9595500162849,3,0.999431972225424,0.979431972225424,327.668973486772,320.929468939229
6.52,100,0,3651.79951553133,73.0120899485097,3,0.999446794470989,0.979446794470989,327.594868650231,320.861743984614
6.53,100,0,3653.82823583009,73.0646079552762,3,0.999461598332408,0.979461598332408,327.521231588999,320.794468979959
6.54,100,0,3655.85577941748,73.1171041049049,3,0.999476387839065,0.979476387839065,327.447913886877,320.727499899355
6.55,100,0,3657.88204534291,73.1695784435193,3,0.99949116558353,0.97949116558353,327.374820161365,320.660744182554
6.56,100,0,3659.90696910542,73.2220310029762,3,0.99950593323524,0.97950593323524,327.301889075916,320.594142308962
6.57,100,0,3661.93050964297,73.2744618059582,3,0.999520691870223,0.979520691870223,327.229081161673,320.527655979539
6.58,100,0,3663.95264097333,73.3268708692451,3,0.999535442182868,0.979535442182868,327.15637100256,320.461260532935
6.59,100,0,3665.97334682072,73.3792582058171,3,0.999550184621989,0.979550184621989,327.083742217794,320.394940076292
6.6,100,0,3667.99261716008,73.4316238262069,3,0.999564919478301,0.9795649194783,327.011184238803,320.328684357387
6.61,100,0,3670.01044599345,73.4839677393703,3,0.999579646940685,0.979579646940685,326.938690237772,320.262486754366
6.62,100,0,3672.02682991846,73.5362899532458,3,0.999594367132397,0.979594367132397,326.866255795664,320.19634298309
6.63,100,0,3674.04176720626,73.5885904751162,3,0.99960908013438,0.97960908013438,326.7938780453,320.130250265503
6.64,100,0,3676.05525720736,73.6408693118404,3,0.999623786000278,0.979623786000278,326.721555119791,320.064206794348
6.65,100,0,3678.06729996854,73.6931264700037,3,0.999638484766117,0.979638484766117,326.649285797337,319.998211388438
6.66,100,0,3680.07789598572,73.7453619560143,3,0.999653176456546,0.979653176456546,326.577069272374,319.932263270551
6.67,100,0,3682.0870460445,73.797575776166,3,0.999667861088861,0.979667861088861,326.504905008045,319.866361924253
6.68,100,0,3684.09475111714,73.8497679366779,3,0.999682538675604,0.979682538675604,326.432792641056,319.800507001556
6.69,100,0,3686.10101229611,73.9019384437211,3,0.999697209226243,0.979697209226243,326.360731920279,319.734698263331
6.7,100,0,3688.10583075102,73.9540873034351,3,0.999711872748254,0.979711872748254,326.288722667123,319.668935540843
6.71,100,0,3690.10920770086,74.006214521939,3,0.999726529247823,0.979726529247823,326.216764749929,319.603218710902
6.72,100,0,3692.11114439601,74.0583201053381,3,0.999741178730298,0.979741178730298,326.14485806743,319.53754767981
6.73,100,0,3694.11164210658,74.1104040597288,3,0.999755821200484,0.979755821200484,326.073002538055,319.471922372979
6.74,100,0,3696.1107021149,74.1624663912015,3,0.999770456662831,0.979770456662831,326.00119809301,319.406342728218
6.75,100,0,3698.10832571063,74.2145071058425,3,0.999785085121559,0.979785085121559,325.9294446718,319.340808691382
6.76,100,0,3700.10451418757,74.2665262097351,3,0.999799706580735,0.979799706580735,325.857742219335,319.275320213565
6.77,100,0,3702.09926884167,74.3185237089606,3,0.999814321044328,0.979814321044328,325.786090684045,319.209877249273
6.78,100,0,3704.09259096961,74.3704996095987,3,0.999828928516239,0.979828928516239,325.714490016668,319.144479755245
6.79,100,0,3706.08448186804,74.4224539177279,3,0.999843529000325,0.979843529000325,325.642940169461,319.079127689686
6.8,100,0,3708.07494283294,74.4743866394259,3,0.999858122500412,0.979858122500412,325.571441095682,319.013821011768
6.81,100,0,3710.0639751593,74.5262977807693,3,0.999872709020307,0.979872709020307,325.499992749265,318.948559681312
6.82,100,0,3712.05158014087,74.5781873478339,3,0.999887288563799,0.979887288563799,325.4285950846,318.883343658575
6.83,100,0,3714.03775907002,74.6300553466951,3,0.999901861134666,0.979901861134666,325.357248056395,318.818172904115
6.84,100,0,3716.02251323764,74.6819017834275,3,0.999916426736679,0.979916426736679,325.285951619582,318.753047378701
6.85,100,0,3718.00584393305,74.7337266641051,3,0.9999309853736,0.9799309853736,325.214705729259,318.687967043258
6.86,100,0,3719.98775244403,74.7855299948013,3,0.999945537049185,0.979945537049185,325.143510340654,318.622931858829
6.87,100,0,3721.9682400567,74.8373117815889,3,0.999960081767185,0.979960081767185,325.072365409095,318.557941786549
6.88,100,0,3723.9473080556,74.8890720305401,3,0.999974619531346,0.979974619531346,325.001270889996,318.492996787627
6.89,100,0,3725.9249577236,74.9408107477267,3,0.999989150345408,0.979989150345408,324.930226738848,318.428096823345
6.9,100,0,3727.90119034195,74.9925279392198,3,1.00000367421311,0.980003674213108,324.859232911209,318.363241855037
6.91,100,0,3729.87600719026,75.0442236110899,3,1.00001819113818,0.98001819113818,324.7882893627,318.298431844097
6.92,100,0,3731.84940954651,75.095897769407,3,1.00003270112435,0.980032701124349,324.717396049005,318.233666751971
6.93,100,0,3733.82139868701,75.1475504202408,3,1.00004720417534,0.980047204175341,324.646552925863,318.168946540154
6.94,100,0,3735.79197588646,75.19918156966,3,1.00006170029487,0.980061700294874,324.575759949073,318.10427117019
6.95,100,0,3737.76114241792,75.2507912237331,3,1.00007618948666,0.980076189486664,324.50501707449,318.039640603671
6.96,100,0,3739.72889955281,75.302379388528,3,1.00009067175442,0.980090671754422,324.434324258022,317.975054802236
6.97,100,0,3741.69524856091,75.353946070112,3,1.00010514710186,0.980105147101856,324.363681455635,317.910513727574
6.98,100,0,3743.66019071041,75.4054912745519,3,1.00011961553267,0.980119615532668,324.293088623348,317.846017341417
6.99,100,0,3745.62372726783,75.4570150079139,3,1.00013407705056,0.980134077050557,324.222545717236,317.781565605545
7,100,0,3747.58585949809,75.5085172762639,3,1.00014853165922,0.980148531659219,324.152052693428,317.717158481785
7.01,100,0,3749.54658866451,75.559998085667,3,1.00016297936234,0.980162979362345,324.081609508106,317.652795932009
7.02,100,0,3751.50591602875,75.6114574421879,3,1.00017742016362,0.98017742016362,324.011216117508,317.588477918136
7.03,100,0,3753.4638428509,75.6628953518909,3,1.00019185406673,0.980191854066729,323.940872477924,317.52420440213
7.04,100,0,3755.42037038941,75.7143118208396,3,1.00020628107535,0.98020628107535,323.870578545699,317.459975346001
7.05,100,0,3757.37549990114,75.7657068550971,3,1.00022070119316,0.980220701193157,323.800334277232,317.395790711807
7.06,100,0,3759.32923264134,75.8170804607262,3,1.00023511442382,0.980235114423821,323.730139628974,317.331650461647
7.07,100,0,3761.28156986366,75.8684326437889,3,1.00024952077101,0.980249520771011,323.659994557432,317.26755455767
7.08,100,0,3763.23251282015,75.919763410347,3,1.00026392023839,0.980263920238387,323.589899019164,317.20350296207
7.09,100,0,3765.18206276127,75.9710727664615,3,1.00027831282961,0.980278312829609,323.519852970783,317.139495637083
7.1,100,0,3767.13022093588,76.0223607181931,3,1.00029269854833,0.980292698548333,323.449856368955,317.075532544993
7.11,100,0,3769.07698859126,76.073627271602,3,1.00030707739821,0.980307077398208,323.379909170398,317.011613648131
7.12,100,0,3771.0223669731,76.1248724327477,3,1.00032144938288,0.980321449382882,323.310011331885,316.947738908869
7.13,100,0,3772.9663573255,76.1760962076896,3,1.000335814506,0.980335814505999,323.240162810239,316.883908289627
7.14,100,0,3774.90896089099,76.2272986024861,3,1.0003501727712,0.980350172771197,323.170363562339,316.82012175287
7.15,100,0,3776.85017891052,76.2784796231956,3,1.00036452418211,0.980364524182111,323.100613545114,316.756379261104
7.16,100,0,3778.79001262346,76.3296392758757,3,1.00037886874237,0.980378868742373,323.03091271555,316.692680776887
7.17,100,0,3780.72846326761,76.3807775665837,3,1.00039320645561,0.98039320645561,322.961261030678,316.629026262814
7.18,100,0,3782.66553207921,76.4318945013763,3,1.00040753732545,0.980407537325446,322.891658447591,316.565415681532
7.19,100,0,3784.60122029292,76.4829900863097,3,1.0004218613555,0.9804218613555,322.822104923426,316.501848995726
7.2,100,0,3786.53552914184,76.5340643274398,3,1.00043617854939,0.980436178549388,322.752600415378,316.438326168131
7.21,100,0,3788.46845985753,76.5851172308218,3,1.00045048891072,0.980450488910723,322.68314488069,316.374847161522
7.22,100,0,3790.40001366996,76.6361488025107,3,1.00046479244311,0.980464792443111,322.61373827666,316.311411938722
7.23,100,0,3792.33019180758,76.6871590485608,3,1.00047908915016,0.980479089150158,322.544380560639,316.248020462597
7.24,100,0,3794.25899549725,76.7381479750261,3,1.00049337903546,0.980493379035464,322.475071690025,316.184672696056
7.25,100,0,3796.18642596432,76.7891155879599,3,1.00050766210262,0.980507662102624,322.405811622273,316.121368602054
7.26,100,0,3798.11248443256,76.8400618934154,3,1.00052193835523,0.980521938355233,322.336600314887,316.058108143588
7.27,100,0,3800.03717212422,76.890986897445,3,1.00053620779688,0.980536207796878,322.267437725423,315.994891283703
7.28,100,0,3801.96049026,76.9418906061008,3,1.00055047043114,0.980550470431145,322.198323811489,315.931717985482
7.29,100,0,3803.88244005908,76.9927730254345,3,1.00056472626161,0.980564726261614,322.129258530745,315.868588212057
7.3,100,0,3805.80302273906,77.0436341614972,3,1.00057897529186,0.980578975291865,322.060241840901,315.805501926601
7.31,100,0,3807.72223951607,77.0944740203398,3,1.00059321752547,0.980593217525469,321.991273699721,315.742459092333
7.32,100,0,3809.64009160466,77.1452926080124,3,1.000607452966,0.980607452965998,321.922354065014,315.679459672512
7.33,100,0,3811.55658021788,77.196089930565,3,1.00062168161702,0.980621681617017,321.853482894648,315.616503630444
7.34,100,0,3813.47170656724,77.2468659940468,3,1.00063590348209,0.980635903482088,321.784660146538,315.553590929477
7.35,100,0,3815.38547186275,77.297620804507,3,1.00065011856477,0.980650118564771,321.715885778649,315.490721533002
7.36,100,0,3817.29787731289,77.3483543679941,3,1.00066432686862,0.980664326868619,321.647159748999,315.427895404455
7.37,100,0,3819.20892412463,77.3990666905561,3,1.00067852839719,0.980678528397186,321.578482015656,315.365112507315
7.38,100,0,3821.11861350341,77.4497577782407,3,1.00069272315402,0.980692723154016,321.509852536739,315.3023728051
7.39,100,0,3823.02694665317,77.5004276370951,3,1.00070691114266,0.980706911142655,321.441271270416,315.239676261378
7.4,100,0,3824.93392477637,77.5510762731662,3,1.00072109236664,0.980721092366643,321.372738174907,315.177022839754
7.41,100,0,3826.83954907392,77.6017036925003,3,1.00073526682952,0.980735266829515,321.304253208483,315.11441250388
7.42,100,0,3828.74382074526,77.6523099011434,3,1.0007494345348,0.980749434534805,321.235816329464,315.051845217448
7.43,100,0,3830.64674098832,77.7028949051411,3,1.00076359548604,0.980763595486041,321.16742749622,314.989320944195
7.44,100,0,3832.54831099954,77.7534587105384,3,1.00077774968675,0.980777749686748,321.099086667173,314.9268396479
7.45,100,0,3834.44853197386,77.80400132338,3,1.00079189714045,0.980791897140449,321.030793800794,314.864401292384
7.46,100,0,3836.34740510473,77.8545227497104,3,1.00080603785066,0.98080603785066,320.962548855601,314.802005841511
7.47,100,0,3838.24493158411,77.9050229955732,3,1.0008201718209,0.980820171820897,320.894351790168,314.739653259188
7.48,100,0,3840.14111260248,77.955502067012,3,1.00083429905467,0.980834299054669,320.826202563114,314.677343509363
7.49,100,0,3842.03594934885,78.0059599700698,3,1.00084841955548,0.980848419555484,320.758101133109,314.615076556029
7.5,100,0,3843.92944301071,78.0563967107893,3,1.00086253332685,0.980862533326846,320.690047458874,314.552852363218
7.51,100,0,3845.82159477412,78.1068122952128,3,1.00087664037225,0.980876640372253,320.622041499178,314.490670895007
7.52,100,0,3847.71240582364,78.1572067293821,3,1.0008907406952,0.980890740695202,320.55408321284,314.428532115514
7.53,100,0,3849.60187734236,78.2075800193385,3,1.00090483429919,0.980904834299186,320.486172558727,314.366435988898
7.54,100,0,3851.4900105119,78.2579321711233,3,1.00091892118769,0.980918921187693,320.418309495758,314.304382479363
7.55,100,0,3853.37680651241,78.3082631907769,3,1.00093300136421,0.980933001364208,320.350493982898,314.242371551151
7.56,100,0,3855.2622665226,78.3585730843398,3,1.00094707483221,0.980947074832214,320.282725979164,314.180403168549
7.57,100,0,3857.14639171968,78.4088618578516,3,1.00096114159519,0.980961141595189,320.215005443622,314.118477295885
7.58,100,0,3859.02918327944,78.459129517352,3,1.00097520165661,0.980975201656607,320.147332335382,314.056593897526
7.59,100,0,3860.91064237618,78.50937606888,3,1.00098925501994,0.980989255019939,320.079706613612,313.994752937888
7.6,100,0,3862.79211977116,78.559600957476,3,1.0010016344437,0.981001634443697,319.962836061742,313.88406513781
7.61,100,0,3864.72919871886,78.609780827837,3,1.00100794628451,0.981007946284512,319.748767555771,313.676081786891
7.62,100,0,3866.71513451013,78.6599178761211,3,1.0010136453509,0.981013645350897,319.59501222493,313.527067978743
7.63,100,0,3868.72832977846,78.7100206995557,3,1.00101899429894,0.981018994298939,319.475598761443,313.411630600002
7.64,100,0,3870.75648737132,78.7600941963483,3,1.00102414263959,0.981024142639594,319.375772612477,313.315343507013
7.65,100,0,3872.79259795119,78.8101411616768,3,1.00102917556859,0.981029175568588,319.28713851655,313.229998268545
7.66,100,0,3874.83266274234,78.8601631934374,3,1.0010341416762,0.981034141676199,319.204913998104,313.150918822954
7.67,100,0,3876.87439881592,78.9101612071728,3,1.00103906869734,0.981039068697342,319.126372043496,313.075438826313
7.68,100,0,3878.91650204695,78.9601357291924,3,1.00104397247465,0.98104397247465,319.049956384884,313.002036629691
7.69,100,0,3880.95822711114,79.0100870635992,3,1.00104886206418,0.981048862064179,318.97477820197,312.929843182216
7.7,100,0,3882.99914793913,79.0600153875496,3,1.00105374264627,0.981053742646268,318.900329498558,312.858361785689
7.71,100,0,3885.03902098715,79.1099208056239,3,1.00105861718633,0.981058617186334,318.826319726982,312.787308353961
7.72,100,0,3887.07770713681,79.159803380882,3,1.00106348738314,0.981063487383138,318.752582589716,312.716520287848
7.73,100,0,3889.11512705306,79.2096631526141,3,1.00106835421058,0.98106835421058,318.679022834678,312.645904453853
7.74,100,0,3891.15123564922,79.2595001464937,3,1.00107321822748,0.981073218227478,318.605585860539,312.57540746545
7.75,100,0,3893.18600747152,79.3093143803889,3,1.0010780797548,0.981078079754796,318.532240341016,312.504998693757
7.76,100,0,3895.21942832794,79.3591058676903,3,1.00108293897712,0.981082938977118,318.458968285031,312.434660548699
7.77,100,0,3897.25149049055,79.4088746192185,3,1.00108779600077,0.981087796000774,318.385759346818,312.364382915603
7.78,100,0,3899.28218994385,79.4586206443184,3,1.00109265088716,0.981092650887164,318.312607566666,312.294159968386
7.79,100,0,3901.31152480582,79.5083439514863,3,1.00109750367188,0.98109750367188,318.239509502771,312.223988342933
7.8,100,0,3903.33949442104,79.5580445487309,3,1.00110235437567,0.981102354375669,318.166463159726,312.153866089387
7.81,100,0,3905.36609883965,79.6077224437802,3,1.00110720301074,0.981107203010744,318.093467373543,312.083792070846
7.82,100,0,3907.39133851774,79.6573776442005,3,1.00111204958441,0.981112049584405,318.020521458465,312.013765618016
7.83,100,0,3909.41521414497,79.7070101574652,3,1.00111689410112,0.981116894101119,317.947625004006,311.943786330757
7.84,100,0,3911.4377265453,79.7566199909943,3,1.00112173656372,0.981121736563722,317.874777758213,311.873853963945
7.85,100,0,3913.45887661978,79.8062071521764,3,1.00112657697411,0.981126576974109,317.801979560524,311.803968361813
7.86,100,0,3915.47866531366,79.8557716483829,3,1.00113141533363,0.981131415333634,317.729230303084,311.734129420131
7.87,100,0,3917.49709359731,79.9053134869746,3,1.00113625164333,0.981136251643334,317.656529908464,311.664337064419
7.88,100,0,3919.51416245527,79.9548326753067,3,1.00114108590407,0.981141085904066,317.583878316822,311.594591237392
7.89,100,0,3921.5298728799,80.004329220731,3,1.00114591811658,0.981145918116582,317.511275478483,311.524891891703
7.9,100,0,3923.54422586775,80.0538031305973,3,1.00115074828157,0.981150748281574,317.438721349666,311.455238985771
7.91,100,0,3925.55722241739,80.1032544122544,3,1.0011555763997,0.981155576399698,317.366215890016,311.385632481359
7.92,100,0,3927.56886352822,80.1526830730508,3,1.00116040247159,0.981160402471589,317.293759061166,311.316072342178
7.93,100,0,3929.57915019977,80.2020891203345,3,1.00116522649787,0.981165226497872,317.221350825923,311.246558533077
7.94,100,0,3931.58808343124,80.2514725614533,3,1.00117004847916,0.981170048479163,317.148991147778,311.177091019582
7.95,100,0,3933.59566422132,80.3008334037553,3,1.00117486841607,0.981174868416074,317.076679990637,311.107669767619
7.96,100,0,3935.60189356801,80.3501716545884,3,1.00117968630922,0.981179686309216,317.004417318657,311.038294743356
7.97,100,0,3937.60677246858,80.3994873213006,3,1.0011845021592,0.981184502159198,316.932203096158,310.968965913122
7.98,100,0,3939.61030191948,80.44878041124,3,1.00118931596663,0.981189315966627,316.86003728756,310.899683243341
7.99,100,0,3941.61248291635,80.4980509317549,3,1.00119412773211,0.98119412773211,316.787919857359,310.830446700511
8,100,0,3943.61331645397,80.5472988901935,3,1.00119893745626,0.981198937456255,316.715850770107,310.761256251183
8.01,100,0,3945.61280352629,80.5965242939044,3,1.00120374513967,0.981203745139668,316.643829990399,310.692111861948
8.02,100,0,3947.61094512642,80.6457271502359,3,1.00120855078296,0.981208550782956,316.57185748287,310.623013499435
8.03,100,0,3949.60774224659,80.6949074665368,3,1.00121335438672,0.981213354386724,316.49993321219,310.553961130307
8.04,100,0,3951.60319587819,80.7440652501558,3,1.00121815595158,0.981218155951578,316.428057143063,310.484954721256
8.05,100,0,3953.59730701175,80.7932005084417,3,1.00122295547813,0.981222955478125,316.35622924022,310.415994239004
8.06,100,0,3955.59007663695,80.8423132487434,3,1.00122775296697,0.98122775296697,316.284449468431,310.347079650303
8.07,100,0,3957.58150574262,80.8914034784099,3,1.00123254841872,0.981232548418719,316.212717792488,310.278210921932
8.08,100,0,3959.57159531672,80.9404712047903,3,1.00123734183398,0.981237341833976,316.141034177219,310.209388020698
8.09,100,0,3961.56034634638,80.989516435234,3,1.00124213321335,0.981242133213348,316.06939858748,310.140610913439
8.1,100,0,3963.54775981786,81.0385391770901,3,1.00124692255744,0.981246922557439,315.997810988156,310.071879567016
8.11,100,0,3965.53383671658,81.087539437708,3,1.00125170986686,0.981251709866855,315.926271344164,310.003193948321
8.12,100,0,3967.51857802711,81.1365172244373,3,1.0012564951422,0.981256495142201,315.854779620449,309.934554024274
8.13,100,0,3969.50198473317,81.1854725446276,3,1.00126127838408,0.981261278384081,315.783335781987,309.865959761822
8.14,100,0,3971.48405781762,81.2344054056283,3,1.0012660595931,0.981266059593099,315.711939793783,309.797411127939
8.15,100,0,3973.46479826251,81.2833158147894,3,1.00127083876986,0.981270838769862,315.640591620871,309.728908089628
8.16,100,0,3975.44420704899,81.3322037794606,3,1.00127561591497,0.981275615914972,315.569291228316,309.660450613917
8.17,100,0,3977.42228515742,81.3810693069918,3,1.00128039102903,0.981280391029034,315.498038581214,309.592038667867
8.18,100,0,3979.39903356728,81.429912404733,3,1.00128516411265,0.981285164112653,315.426833644686,309.52367221856
8.19,100,0,3981.37445325722,81.4787330800343,3,1.00128993516643,0.981289935166432,315.355676383886,309.45535123311
8.2,100,0,3983.34854520504,81.5275313402457,3,1.00129470419098,0.981294704190975,315.284566763996,309.387075678655
8.21,100,0,3985.32131038772,81.5763071927175,3,1.00129947118689,0.981299471186887,315.213504750229,309.318845522365
8.22,100,0,3987.29274978138,81.6250606448,3,1.00130423615477,0.98130423615477,315.142490307827,309.250660731434
8.23,100,0,3989.2628643613,81.6737917038434,3,1.00130899909523,0.981308999095229,315.071523402059,309.182521273083
8.24,100,0,3991.23165510193,81.7225003771983,3,1.00131376000887,0.981313760008866,315.000603998227,309.114427114564
8.25,100,0,3993.19912297689,81.771186672215,3,1.00131851889629,0.981318518896285,314.929732061659,309.046378223151
8.26,100,0,3995.16526895895,81.8198505962442,3,1.00132327575809,0.98132327575809,314.858907557715,308.978374566151
8.27,100,0,3997.13009402005,81.8684921566364,3,1.00132803059488,0.981328030594882,314.788130451784,308.910416110894
8.28,100,0,3999.09359913129,81.9171113607423,3,1.00133278340727,0.981332783407266,314.717400709281,308.842502824739
8.29,100,0,4001.05609592257,81.9657082280254,3,1.00133753060484,0.981337530604842,314.647053824222,308.774962811951
8.3,100,0,4003.01873114804,82.0142829591855,3,1.00134225903708,0.98134225903708,314.578318017048,308.708997246935
8.31,100,0,4004.9811023352,82.0628358228134,3,1.00134697354032,0.981346973540318,314.510740725362,308.644163556758
8.32,100,0,4006.94280191967,82.111366987665,3,1.00135167894585,0.981351678945853,314.443870451847,308.580020202153
8.33,100,0,4008.9035875247,82.1598765568085,3,1.00135637813025,0.981356378130249,314.377438587734,308.516304498324
8.34,100,0,4010.86331507342,82.2083645942238,3,1.00136107280729,0.981361072807288,314.311285231898,308.452860070612
8.35,100,0,4012.82189901905,82.2568311406179,3,1.00136576399868,0.981365763998676,314.245315136641,308.389593772074
8.36,100,0,4014.77928868477,82.3052762228332,3,1.00137045231396,0.98137045231396,314.179471528996,308.326450082171
8.37,100,0,4016.73545417967,82.3536998594482,3,1.00137513811709,0.981375138117093,314.113720545128,308.263395884449
8.38,100,0,4018.69037801007,82.4021020641123,3,1.0013798216256,0.981379821625604,314.048041969825,308.200411410217
8.39,100,0,4020.64405008045,82.4504828475344,3,1.00138450296967,0.981384502969671,313.982423723939,308.13748484753
8.4,100,0,4022.59646471244,82.4988422186677,3,1.00138918222734,0.981389182227336,313.916858581029,308.074609130211
8.41,100,0,4024.54761886643,82.5471801854167,3,1.0013938594455,0.981393859445504,313.851342210653,308.011780024265
8.42,100,0,4026.4975110799,82.5954967550594,3,1.00139853465247,0.981398534652475,313.785872011612,307.948994986845
8.43,100,0,4028.44614083327,82.6437919344997,3,1.00140320786542,0.981403207865423,313.720446415836,307.886252485474
8.44,100,0,4030.39350817101,82.6920657304175,3,1.00140787909487,0.981407879094868,313.655064472849,307.823551591663
8.45,100,0,4032.33961347502,82.7403181493592,3,1.00141254834735,0.98141254834735,313.58972560157,307.760891738183
8.46,100,0,4034.28445732905,82.7885491977914,3,1.00141721562702,0.981417215627019,313.524429441986,307.698272574003
8.47,100,0,4036.22804043757,82.8367588821331,3,1.0014218809366,0.981421880936598,313.459175766465,307.635693877559
8.48,100,0,4038.17036357714,82.8849472087753,3,1.00142654427795,0.981426544277954,313.393964426689,307.573155504853
8.49,100,0,4040.11142756733,82.9331141840923,3,1.00143120565244,0.981431205652437,313.328795321897,307.510657358395
8.5,100,0,4042.05123325321,82.9812598144488,3,1.00143586506109,0.981435865061092,313.26366837986,307.448199368599
8.51,100,0,4043.9897814949,83.0293841062039,3,1.00144052250478,0.981440522504776,313.198583545473,307.385781482625
8.52,100,0,4045.92707316125,83.0774870657139,3,1.00144517798423,0.981445177984234,313.133540773934,307.323403657707
8.53,100,0,4047.86310912612,83.1255686993332,3,1.00144983150015,0.981449831500147,313.068540026626,307.261065857129
8.54,100,0,4049.79789026605,83.173629013416,3,1.00145448305315,0.981454483053152,313.003581268671,307.198768047829
8.55,100,0,4051.73141745894,83.2216680143163,3,1.00145913264387,0.981459132643866,312.938664467441,307.136510198945
8.56,100,0,4053.66369158319,83.2696857083882,3,1.00146378027289,0.981463780272887,312.873789591676,307.074292280951
8.57,100,0,4055.59471351727,83.3176821019865,3,1.00146842594081,0.981468425940807,312.808956610947,307.012114265132
8.58,100,0,4057.52448413933,83.3656572014665,3,1.00147306964821,0.98147306964821,312.744165495334,306.949976123273
8.59,100,0,4059.45300432712,83.413611013184,3,1.00147771139568,0.981477711395681,312.679416215233,306.887877827465
8.6,100,0,4061.38027495781,83.4615435434957,3,1.0014823511838,0.981482351183797,312.614708741243,306.825819349993
8.61,100,0,4063.30629690797,83.5094547987587,3,1.00148698901314,0.98148698901314,312.550043044092,306.763800663273
8.62,100,0,4065.2310710535,83.5573447853312,3,1.00149162488429,0.981491624884286,312.485419094593,306.701821739799
8.63,100,0,4067.15459826964,83.6052135095719,3,1.00149625879781,0.981496258797814,312.420836863626,306.639882552131
8.64,100,0,4069.0768794309,83.6530609778401,3,1.0015008907543,0.9815008907543,312.356296322115,306.57798307287
8.65,100,0,4070.99791541113,83.7008871964962,3,1.00150552075432,0.981505520754322,312.291797441023,306.516123274654
8.66,100,0,4072.91770708346,83.7486921719009,3,1.00151014879846,0.981510148798457,312.227340191342,306.454303130151
8.67,100,0,4074.83625532031,83.7964759104161,3,1.00151477488728,0.981514774887281,312.162924544096,306.392522612054
8.68,100,0,4076.75356099339,83.844238418404,3,1.00151939902137,0.98151939902137,312.098550470333,306.330781693082
8.69,100,0,4078.66962497371,83.8919797022277,3,1.0015240212013,0.981524021201302,312.034217941127,306.269080345978
8.7,100,0,4080.58444813156,83.9396997682512,3,1.00152864142765,0.981528641427652,311.969926927576,306.207418543508
8.71,100,0,4082.49803133653,83.9873986228388,3,1.001533259701,0.981533259700996,311.905677400803,306.145796258457
8.72,100,0,4084.4103754575,84.035076272356,3,1.00153787602191,0.981537876021912,311.841469331951,306.084213463636
8.73,100,0,4086.32148136263,84.0827327231686,3,1.00154249039097,0.981542490390974,311.777302692193,306.022670131875
8.74,100,0,4088.2313499194,84.1303679816435,3,1.00154710280876,0.981547102808758,311.713177452716,305.961166236026
8.75,100,0,4090.13998199457,84.1779820541479,3,1.00155171327584,0.981551713275841,311.649093584741,305.899701748965
8.76,100,0,4092.04737845418,84.2255749470501,3,1.0015563217928,0.981556321792797,311.585051059502,305.838276643585
8.77,100,0,4093.95354016359,84.2731466667189,3,1.0015609283602,0.981560928360204,311.521049848262,305.776890892805
8.78,100,0,4095.85846798744,84.3206972195239,3,1.00156553297863,0.981565532978635,311.457089922305,305.715544469562
8.79,100,0,4097.76216278968,84.3682266118352,3,1.00157013564867,0.981570135648666,311.393171252939,305.654237346815
8.8,100,0,4099.66462543354,84.415734850024,3,1.00157473637087,0.981574736370873,311.329293811493,305.592969497547
8.81,100,0,4101.56585678156,84.4632219404617,3,1.00157933514583,0.981579335145831,311.265457569321,305.531740894757
8.82,100,0,4103.46585769559,84.5106878895208,3,1.00158393197411,0.981583931974115,311.201662497801,305.470551511473
8.83,100,0,4105.36462903675,84.5581327035744,3,1.0015885268563,0.981588526856299,311.13790856833,305.409401320738
8.84,100,0,4107.26217166548,84.6055563889962,3,1.00159311979296,0.981593119792959,311.07419575233,305.348290295616
8.85,100,0,4109.15848644154,84.6529589521606,3,1.00159771078467,0.98159771078467,311.010524021246,305.287218409195
8.86,100,0,4111.05357422395,84.7003403994428,3,1.00160229983201,0.981602299832006,310.946893346543,305.226185634585
8.87,100,0,4112.94743587106,84.7477007372187,3,1.00160688693554,0.981606886935542,310.883303699715,305.165191944914
8.88,100,0,4114.84007224052,84.7950399718647,3,1.00161147209585,0.981611472095852,310.819755052272,305.104237313333
8.89,100,0,4116.73148418928,84.842358109758,3,1.00161605531351,0.981616055313511,310.756247375751,305.043321713015
8.9,100,0,4118.6216725736,84.8896551572766,3,1.00162063658909,0.981620636589092,310.692780641711,304.982445117151
8.91,100,0,4120.51063824904,84.9369311207989,3,1.00162521592317,0.981625215923172,310.629354821731,304.921607498957
8.92,100,0,4122.39838207048,84.9841860067043,3,1.00162979331632,0.981629793316322,310.565969887416,304.860808831668
8.93,100,0,4124.2849048921,85.0314198213726,3,1.00163436876912,0.981634368769117,310.502625810393,304.800049088539
8.94,100,0,4126.17020756736,85.0786325711845,3,1.00163894228213,0.981638942282132,310.439322562309,304.739328242847
8.95,100,0,4128.05429094908,85.1258242625212,3,1.00164351385594,0.98164351385594,310.376060114835,304.678646267889
8.96,100,0,4129.93715588935,85.1729949017646,3,1.00164808349111,0.981648083491115,310.312838439668,304.618003136988
8.97,100,0,4131.81880323959,85.2201444952974,3,1.00165265118823,0.98165265118823,310.249657508522,304.557398823481
8.98,100,0,4133.69923385053,85.2672730495028,3,1.00165721694786,0.981657216947859,310.186517293136,304.496833300729
8.99,100,0,4135.5784485722,85.3143805707648,3,1.00166178077058,0.981661780770576,310.123417765273,304.436306542115
9,100,0,4137.45644825395,85.3614670654679,3,1.00166634265695,0.981666342656953,310.060358896716,304.375818521042
9.01,100,0,4139.33323374444,85.4085325399975,3,1.00167090260756,0.981670902607565,309.997340659273,304.315369210933
9.02,100,0,4141.20880589165,85.4555770007393,3,1.00167546062298,0.981675460622984,309.93436302477,304.254958585232
9.03,100,0,4143.08316554287,85.5026004540801,3,1.00168001670378,0.981680016703783,309.871425965061,304.194586617406
9.04,100,0,4144.95631354471,85.5496029064069,3,1.00168457085054,0.981684570850536,309.808529452016,304.134253280938
9.05,100,0,4146.82825074309,85.5965843641077,3,1.00168912306381,0.981689123063815,309.745673457535,304.073958549338
9.06,100,0,4148.69897798325,85.6435448335711,3,1.00169367334419,0.981693673344193,309.682857953534,304.013702396133
9.07,100,0,4150.56849610974,85.6904843211861,3,1.00169822169224,0.981698221692243,309.620082911953,303.953484794869
9.08,100,0,4152.43680596645,85.7374028333426,3,1.00170276810854,0.981702768108538,309.557348304757,303.893305719119
9.09,100,0,4154.30390839656,85.784300376431,3,1.00170731259365,0.981707312593649,309.49465410393,303.83316514247
9.1,100,0,4156.16980424259,85.8311769568424,3,1.00171185514815,0.981711855148151,309.432000281478,303.773063038533
9.11,100,0,4158.03449434638,85.8780325809686,3,1.00171639577261,0.981716395772614,309.369386809433,303.71299938094
9.12,100,0,4159.89797954907,85.9248672552019,3,1.00172093446761,0.981720934467611,309.306813659845,303.652974143342
9.13,100,0,4161.76026069115,85.9716809859354,3,1.00172547123371,0.981725471233714,309.244280804788,303.592987299411
9.14,100,0,4163.62133861242,86.0184737795626,3,1.0017300060715,0.981730006071496,309.181788216358,303.533038822842
9.15,100,0,4165.481214152,86.0652456424778,3,1.00173453898153,0.981734538981529,309.119335866675,303.473128687346
9.16,100,0,4167.33988814834,86.111996581076,3,1.00173906996438,0.981739069964384,309.056923727877,303.41325686666
9.17,100,0,4169.1973614392,86.1587266017526,3,1.00174359902063,0.981743599020633,308.994551772127,303.353423334535
9.18,100,0,4171.05363486169,86.2054357109038,3,1.00174812615085,0.981748126150848,308.93221997161,303.293628064749
9.19,100,0,4172.90870925222,86.2521239149263,3,1.0017526513556,0.981752651355601,308.86992829853,303.233871031096
9.2,100,0,4174.76258544656,86.2987912202175,3,1.00175717463546,0.981757174635463,308.80767672512,303.174152207395
9.21,100,0,4176.61526427978,86.3454376331755,3,1.00176169599101,0.981761695991005,308.745465223627,303.11447156748
9.22,100,0,4178.46674658627,86.3920631601987,3,1.0017662154228,0.9817662154228,308.683293766322,303.054829085206
9.23,100,0,4180.31703319978,86.4386678076865,3,1.00177073293142,0.981770732931418,308.621162325503,302.995224734455
9.24,100,0,4182.16612495338,86.4852515820387,3,1.00177524851743,0.981775248517432,308.559070873484,302.935658489123
9.25,100,0,4184.01402267945,86.5318144896557,3,1.00177976218141,0.98177976218141,308.497019382603,302.876130323126
9.26,100,0,4185.86072720972,86.5783565369385,3,1.00178427392393,0.981784273923926,308.435007825222,302.816640210406
9.27,100,0,4187.70623937526,86.6248777302889,3,1.00178878374555,0.98178878374555,308.373036173721,302.75718812492
9.28,100,0,4189.55056000644,86.6713780761091,3,1.00179329164685,0.981793291646852,308.311104400503,302.697774040646
9.29,100,0,4191.393689933,86.7178575808018,3,1.0017977976284,0.981797797628404,308.249212477995,302.638397931585
9.3,100,0,4193.23562998398,86.7643162507707,3,1.00180230169078,0.981802301690777,308.187360378644,302.579059771757
9.31,100,0,4195.07638098779,86.8107540924197,3,1.00180680383454,0.98180680383454,308.125548074919,302.519759535202
9.32,100,0,4196.91594377215,86.8571711121534,3,1.00181130406026,0.981811304060265,308.06377553931,302.460497195979
9.33,100,0,4198.75431916411,86.9035673163772,3,1.00181580236852,0.981815802368521,308.00204274433,302.401272728168
9.34,100,0,4200.59150799009,86.9499427114967,3,1.00182029875988,0.981820298759881,307.940349662514,302.342086105872
9.35,100,0,4202.42751107581,86.9962973039185,3,1.00182479323491,0.981824793234912,307.878696266416,302.282937303209
9.36,100,0,4204.26232924636,87.0426311000495,3,1.00182928579419,0.981829285794187,307.817082528616,302.223826294322
9.37,100,0,4206.09596332613,87.0889441062972,3,1.00183377643827,0.981833776438275,307.755508421711,302.164753053369
9.38,100,0,4207.9284141389,87.1352363290699,3,1.00183826516775,0.981838265167746,307.693973918322,302.105717554534
9.39,100,0,4209.75968250774,87.1815077747763,3,1.00184275198317,0.98184275198317,307.632478991091,302.046719772018
9.4,100,0,4211.5897692551,87.2277584498256,3,1.00184723688512,0.981847236885117,307.571023612684,301.987759680041
9.41,100,0,4213.41867520274,87.2739883606278,3,1.00185171987416,0.981851719874156,307.509607755784,301.928837252844
9.42,100,0,4215.24640117179,87.3201975135933,3,1.00185620095086,0.981856200950858,307.448231393099,301.869952464689
9.43,100,0,4217.0729479827,87.3663859151331,3,1.00186068011579,0.981860680115793,307.386894497358,301.811105289857
9.44,100,0,4218.89831645528,87.4125535716589,3,1.00186515736953,0.981865157369529,307.325597041311,301.752295702651
9.45,100,0,4220.72250740867,87.4587004895827,3,1.00186963271264,0.981869632712637,307.264338997727,301.693523677389
9.46,100,0,4222.54552166137,87.5048266753173,3,1.00187410614568,0.981874106145685,307.203120339402,301.634789188415
9.47,100,0,4224.36736003121,87.550932135276,3,1.00187857766924,0.981878577669243,307.141941039148,301.576092210089
9.48,100,0,4226.18802333539,87.5970168758726,3,1.00188304728388,0.98188304728388,307.080801069802,301.517432716793
9.49,100,0,4228.00751239042,87.6430809035215,3,1.00188751499017,0.981887514990166,307.019700404221,301.458810682926
9.5,100,0,4229.82582801218,87.6891242246376,3,1.00189198078867,0.981891980788669,306.958639015282,301.40022608291
9.51,100,0,4231.64297101592,87.7351468456365,3,1.00189644467996,0.981896444679959,306.897616875887,301.341678891185
9.52,100,0,4233.45894221619,87.7811487729342,3,1.0019009066646,0.981900906664604,306.836633958955,301.283169082213
9.53,100,0,4235.27374242692,87.8271300129473,3,1.00190536674317,0.981905366743174,306.775690237428,301.224696630472
9.54,100,0,4237.08737246139,87.873090572093,3,1.00190982491624,0.981909824916236,306.71478568427,301.166261510463
9.55,100,0,4238.89983313223,87.9190304567888,3,1.00191428118436,0.981914281184361,306.653920272468,301.107863696706
9.56,100,0,4240.71112525141,87.9649496734532,3,1.00191873554812,0.981918735548116,306.593093975025,301.049503163741
9.57,100,0,4242.52124963026,88.0108482285047,3,1.00192318800807,0.981923188008069,306.532306764971,300.991179886128
9.58,100,0,4244.33020707947,88.0567261283629,3,1.00192763856479,0.981927638564791,306.471558615351,300.932893838443
9.59,100,0,4246.13799840907,88.1025833794474,3,1.00193208721885,0.981932087218848,306.410849499237,300.874644995286
9.6,100,0,4247.94462442846,88.1484199881786,3,1.00193653397081,0.981936533970809,306.35017938972,300.816433331277
9.61,100,0,4249.75008594637,88.1942359609775,3,1.00194097882124,0.981940978821242,306.289548259909,300.758258821051
9.62,100,0,4251.55438377091,88.2400313042655,3,1.00194542177072,0.981945421770716,306.22895608294,300.700121439268
9.63,100,0,4253.35751870954,88.2858060244645,3,1.0019498628198,0.981949862819799,306.168402831966,300.642021160606
9.64,100,0,4255.15949156907,88.3315601279971,3,1.00195430196906,0.981954301969058,306.10788848016,300.583957959758
9.65,100,0,4256.96030315568,88.3772936212863,3,1.00195873921906,0.981958739219062,306.047413000722,300.525931811445
9.66,100,0,4258.75995427488,88.4230065107554,3,1.00196317457038,0.981963174570378,305.986976366867,300.4679426904
9.67,100,0,4260.55844573158,88.4686988028287,3,1.00196760802357,0.981967608023575,305.926578551832,300.409990571379
9.68,100,0,4262.35577833002,88.5143705039307,3,1.00197203957922,0.981972039579219,305.866219528877,300.352075429157
9.69,100,0,4264.15195287381,88.5600216204864,3,1.00197646923788,0.981976469237879,305.805899271282,300.294197238528
9.7,100,0,4265.94697016593,88.6056521589214,3,1.00198089700012,0.981980897000122,305.745617752349,300.236355974308
9.71,100,0,4267.74083100869,88.6512621256618,3,1.00198532286651,0.981985322866515,305.685374945398,300.178551611328
9.72,100,0,4269.53353620379,88.6968515271343,3,1.00198974683763,0.981989746837626,305.625170823773,300.120784124443
9.73,100,0,4271.3250865523,88.7424203697659,3,1.00199416891402,0.981994168914023,305.565005360836,300.063053488523
9.74,100,0,4273.11548285462,88.7879686599842,3,1.00199858909627,0.981998589096272,305.504878529973,300.005359678461
9.75,100,0,4274.90472591055,88.8334964042173,3,1.00200300738494,0.982003007384941,305.444790304588,299.947702669168
9.76,100,0,4276.69281651923,88.8790036088938,3,1.0020074237806,0.982007423780597,305.384740658108,299.890082435575
9.77,100,0,4278.47975547918,88.9244902804429,3,1.00201183828381,0.982011838283807,305.32472956398,299.83249895263
9.78,100,0,4280.26554358827,88.9699564252941,3,1.00201625089514,0.982016250895137,305.264756995671,299.774952195304
9.79,100,0,4282.05018164376,89.0154020498776,3,1.00202066161516,0.982020661615156,305.204822926669,299.717442138584
9.8,100,0,4283.83367044225,89.0608271606238,3,1.00202507044443,0.982025070444428,305.144927330484,299.659968757479
9.81,100,0,4285.61601077973,89.1062317639638,3,1.00202947738352,0.982029477383523,305.085070180645,299.602532027014
9.82,100,0,4287.39720345156,89.1516158663293,3,1.002033882433,0.982033882433005,305.025251450703,299.545131922238
9.83,100,0,4289.17724925244,89.1969794741522,3,1.00203828559344,0.982038285593442,304.965471114228,299.487768418213
9.84,100,0,4290.95614897647,89.2423225938651,3,1.0020426868654,0.9820426868654,304.905729144814,299.430441490027
9.85,100,0,4292.73390341711,89.2876452319009,3,1.00204708624945,0.982047086249445,304.84602551607,299.373151112781
9.86,100,0,4294.5105133672,89.3329473946931,3,1.00205148374614,0.982051483746145,304.786360201631,299.315897261599
9.87,100,0,4296.28597961893,89.3782290886756,3,1.00205587935606,0.982055879356064,304.726733175151,299.258679911624
9.88,100,0,4298.06030296388,89.4234903202829,3,1.00206027307977,0.982060273079771,304.667144410304,299.201499038017
9.89,100,0,4299.83348419301,89.4687310959498,3,1.00206466491783,0.98206466491783,304.607593880783,299.144354615958
9.9,100,0,4301.60552409663,89.5139514221118,3,1.00206905487081,0.982069054870808,304.548081560304,299.087246620645
9.91,100,0,4303.37642346444,89.5591513052045,3,1.00207344293927,0.982073442939271,304.488607422603,299.0301750273
9.92,100,0,4305.14618308553,89.6043307516643,3,1.00207782912378,0.982077829123784,304.429171441436,298.973139811158
9.93,100,0,4306.91480374832,89.649489767928,3,1.00208221342491,0.982082213424914,304.369773590579,298.916140947476
9.94,100,0,4308.68228624065,89.6946283604327,3,1.00208659584323,0.982086595843227,304.310413843829,298.85917841153
9.95,100,0,4310.44863134972,89.7397465356161,3,1.00209097637929,0.982090976379288,304.251092175005,298.802252178615
9.96,100,0,4312.21383986211,89.7848442999163,3,1.00209535503366,0.982095355033664,304.191808557943,298.745362224045
9.97,100,0,4313.97791256378,89.8299216597718,3,1.00209973180692,0.982099731806918,304.132562966502,298.688508523152
9.98,100,0,4315.74085024006,89.8749786216218,3,1.00210410669962,0.982104106699619,304.07335537456,298.631691051288
9.99,100,0,4317.50265367567,89.9200151919055,3,1.00210847971233,0.982108479712329,304.014185756017,298.574909783823
10,100,0,4319.2633236547,89.9650313770631,3,1.00211285084562,0.982112850845616,303.955054084791,298.518164696147
10.01,100,0,4321.02286096064,90.0100271835347,3,1.00211722010004,0.982117220100044,303.895960334821,298.461455763668
10.02,100,0,4322.78126637633,90.0550026177613,3,1.00212158747618,0.982121587476179,303.836904480069,298.404782961813
10.03,100,0,4324.53854068403,90.099957686184,3,1.00212595297459,0.982125952974585,303.777886494513,298.348146266029
10.04,100,0,4326.29468466534,90.1448923952445,3,1.00213031659583,0.982130316595829,303.718906352154,298.29154565178
10.05,100,0,4328.04969910129,90.1898067513849,3,1.00213467834047,0.982134678340475,303.659964027013,298.23498109455
10.06,100,0,4329.80358477224,90.2347007610478,3,1.00213903820909,0.982139038209088,303.601059493129,298.178452569842
10.07,100,0,4331.556342458,90.2795744306761,3,1.00214339620223,0.982143396202233,303.542192724565,298.121960053177
10.08,100,0,4333.3079729377,90.3244277667132,3,1.00214775232047,0.982147752320475,303.483363695401,298.065503520095
10.09,100,0,4335.0584769899,90.369260775603,3,1.00215210656438,0.982152106564379,303.424572379738,298.009082946156
10.1,100,0,4336.80785539252,90.4140734637898,3,1.00215645893451,0.982156458934509,303.365818751697,297.952698306934
10.11,100,0,4338.55610892289,90.458865837718,3,1.00216080943143,0.98216080943143,303.30710278542,297.89634957803
10.12,100,0,4340.30323835771,90.503637903833,3,1.00216515805571,0.982165158055707,303.248424455068,297.840036735056
10.13,100,0,4342.04924447307,90.5483896685801,3,1.0021695048079,0.982169504807904,303.189783734823,297.783759753647
10.14,100,0,4343.79412804446,90.5931211384054,3,1.00217384968859,0.982173849688586,303.131180598886,297.727518609454
10.15,100,0,4345.53788984676,90.6378323197551,3,1.00217819269832,0.982178192698317,303.072615021479,297.67131327815
10.16,100,0,4347.28053065421,90.682523219076,3,1.00218253383766,0.982182533837662,303.014086976843,297.615143735421
10.17,100,0,4349.02205124048,90.7271938428153,3,1.00218687310718,0.982186873107185,302.95559643924,297.559009956979
10.18,100,0,4350.76245237861,90.7718441974204,3,1.00219121050745,0.982191210507449,302.897143382951,297.502911918549
10.19,100,0,4352.50173484103,90.8164742893396,3,1.00219554603902,0.98219554603902,302.838727782277,297.446849595876
10.2,100,0,4354.23989939958,90.8610841250209,3,1.00219987970246,0.98219987970246,302.780349611542,297.390822964726
10.21,100,0,4355.97694682547,90.9056737109133,3,1.00220421149834,0.982204211498336,302.722008845085,297.334832000879
10.22,100,0,4357.71287788932,90.9502430534659,3,1.00220854142721,0.982208541427209,302.663705457267,297.278876680136
10.23,100,0,4359.44769336114,90.9947921591284,3,1.00221286948964,0.982212869489644,302.60543942247,297.222956978319
10.24,100,0,4361.18139401034,91.0393210343505,3,1.00221719568621,0.982217195686206,302.547210715094,297.167072871263
10.25,100,0,4362.91398060572,91.0838296855828,3,1.00222152001746,0.982221520017457,302.48901930956,297.111224334825
10.26,100,0,4364.64545391546,91.1283181192759,3,1.00222584248396,0.982225842483961,302.430865180309,297.055411344882
10.27,100,0,4366.37581470717,91.172786341881,3,1.00223016308628,0.982230163086282,302.372748301801,296.999633877325
10.28,100,0,4368.10506374783,91.2172343598496,3,1.00223448182498,0.982234481824984,302.314668648516,296.943891908067
10.29,100,0,4369.83320180383,91.2616621796336,3,1.00223879870063,0.98223879870063,302.256626194954,296.888185413037
10.3,100,0,4371.56022964097,91.3060698076852,3,1.00224311371378,0.982243113713784,302.198620915634,296.832514368184
10.31,100,0,4373.28614802441,91.3504572504572,3,1.00224742686501,0.982247426865008,302.140652785094,296.776878749473
10.32,100,0,4375.01095771876,91.3948245144026,3,1.00225173815487,0.982251738154867,302.082721777896,296.721278532891
10.33,100,0,4376.73465948799,91.4391716059747,3,1.00225604758392,0.982256047583923,302.024827868617,296.665713694442
10.34,100,0,4378.4572540955,91.4834985316274,3,1.00226035515274,0.98226035515274,301.966971031854,296.610184210146
10.35,100,0,4380.17874230407,91.5278052978148,3,1.00226466086188,0.98226466086188,301.909151242227,296.554690056045
10.36,100,0,4381.89912487589,91.5720919109914,3,1.00226896471191,0.982268964711908,301.851368474372,296.499231208194
10.37,100,0,4383.61840257255,91.6163583776122,3,1.00227326670339,0.982273266703385,301.793622702948,296.443807642673
10.38,100,0,4385.33657615506,91.6606047041323,3,1.00227756683688,0.982277566836875,301.735913902629,296.388419335575
10.39,100,0,4387.05364638381,91.7048308970074,3,1.00228186511294,0.982281865112941,301.678242048112,296.333066263013
10.4,100,0,4388.7696140186,91.7490369626934,3,1.00228616153215,0.982286161532146,301.620607114115,296.277748401119
10.41,100,0,4390.48447981866,91.7932229076467,3,1.00229045609505,0.982290456095051,301.563009075372,296.222465726043
10.42,100,0,4392.19824454258,91.8373887383239,3,1.00229474880222,0.982294748802221,301.505447906637,296.167218213951
10.43,100,0,4393.9109089484,91.881534461182,3,1.00229903965422,0.982299039654218,301.447923582683,296.112005841027
10.44,100,0,4395.62247379354,91.9256600826786,3,1.0023033286516,0.982303328651603,301.390436078307,296.056828583479
10.45,100,0,4397.33293983485,91.9697656092712,3,1.00230761579494,0.982307615794941,301.33298536832,296.001686417526
10.46,100,0,4399.04230782855,92.013851047418,3,1.00231190108479,0.982311901084792,301.275571427555,295.946579319409
10.47,100,0,4400.74748005656,92.0579163113324,3,1.00231621778864,0.982316217788638,301.215508516135,295.888879064851
10.48,100,0,4402.4310898105,92.1019594716633,3,1.00232075156119,0.982320751561194,301.137814181848,295.813923950608
10.49,100,0,4404.09649455162,92.1459773043581,3,1.00232546448568,0.982325464485678,301.045560478355,295.724720028252
10.5,100,0,4405.74956075572,92.1899676136748,3,1.00233029226732,0.982330292267324,300.943944273651,295.626352734417
10.51,100,0,4407.39407901822,92.2339289896079,3,1.00233519338297,0.982335193382972,300.836320228247,295.522104808037
10.52,100,0,4409.03249968985,92.2778605294052,3,1.00234014100631,0.982340141006311,300.724854280184,295.414095757698
10.53,100,0,4410.66640759009,92.3217616578686,3,1.00234511779923,0.982345117799229,300.610945277463,295.303694450327
10.54,100,0,4412.29682838827,92.3656320113829,3,1.00235011255132,0.982350112551321,300.495496960794,295.191785260602
10.55,100,0,4413.92442639331,92.4094713630536,3,1.00235511801116,0.982355118011162,300.379093416987,295.07893976173
10.56,100,0,4415.5496322824,92.4532795743664,3,1.00236012948621,0.982360129486214,300.26211228306,294.965527502191
10.57,100,0,4417.17272561694,92.4970565639604,3,1.00236514393859,0.982365143938593,300.144797807252,294.851787500341
10.58,100,0,4418.79388817138,92.5408022874482,3,1.00237015940084,0.982370159400838,300.027308018375,294.737874402615
10.59,100,0,4420.41323841384,92.5845167243697,3,1.00237517459828,0.982375174598276,299.909745190904,294.623888295638
10.6,100,0,4422.03085380966,92.6281998697535,3,1.00238018870481,0.982380188704811,299.792175529496,294.509893968892
10.61,100,0,4423.64678525484,92.6718517286568,3,1.00238520118494,0.982385201184938,299.674641893299,294.395933366373
10.62,100,0,4425.26106642065,92.7154723126305,3,1.00239021169148,0.982390211691479,299.557172024714,294.282033639059
10.63,100,0,4426.87371980627,92.7590616374302,3,1.00239521999937,0.982395219999365,299.439783873288,294.168212354761
10.64,100,0,4428.48476066104,92.8026197215321,3,1.00240022596274,0.982400225962736,299.32248904175,294.054480870344
10.65,100,0,4430.09419952726,92.8461465851723,3,1.00240522948714,0.982405229487139,299.205295017561,293.940846515494
10.66,100,0,4431.70204388943,92.8896422497221,3,1.0024102305115,0.982410230511495,299.088206618658,293.827314007506
10.67,100,0,4433.3082992445,92.9331067372845,3,1.00241522899641,0.982415228996408,298.971226930523,293.713886368286
10.68,100,0,4434.91296979663,92.9765400704305,3,1.00242022491657,0.982420224916566,298.854357913828,293.600565518999
10.69,100,0,4436.51605890841,93.0199422720292,3,1.00242521825582,0.982425218255823,298.737600798647,293.487352665832
10.7,100,0,4438.11756939412,93.0633133651368,3,1.00243020900399,0.982430209003986,298.620956340309,293.37424855038
10.71,100,0,4439.71750371032,93.1066533729243,3,1.00243519715474,0.982435197154743,298.50442498554,293.261253612232
10.72,100,0,4441.31586407979,93.1499623186314,3,1.0024401827043,0.982440182704303,298.388006980383,293.14836809458
10.73,100,0,4442.91265257222,93.1932402255349,3,1.00244516565052,0.982445165650521,298.27170244035,293.035592112872
10.74,100,0,4444.50787115673,93.2364871169301,3,1.00245014599232,0.982450145992323,298.155511396024,292.922925699439
10.75,100,0,4446.10152173604,93.2797030161169,3,1.00245512372933,0.982455123729333,298.03943382273,292.810368832531
10.76,100,0,4447.69360616875,93.3228879463921,3,1.00246009886163,0.982460098861631,297.923469659845,292.697921455211
10.77,100,0,4449.28412628388,93.3660419310435,3,1.00246507138959,0.982465071389592,297.807618823362,292.585583487659
10.78,100,0,4450.87308389036,93.4091649933465,3,1.00247004131379,0.982470041313789,297.691881214086,292.473354835183
10.79,100,0,4452.46048078316,93.4522571565619,3,1.00247500863492,0.982475008634918,297.576256722967,292.361235393443
10.8,100,0,4454.04631874736,93.4953184439341,3,1.00247997335376,0.98247997335376,297.460745234578,292.249225051858
10.81,100,0,4455.63059956078,93.5383488786903,3,1.00248493547115,0.982484935471149,297.345346629384,292.137323695816
10.82,100,0,4457.21332499573,93.5813484840402,3,1.00248989498796,0.982489894987955,297.230060785223,292.025531208138
10.83,100,0,4458.79449682008,93.6243172831748,3,1.00249485190507,0.98249485190507,297.114887578277,291.913847470011
10.84,100,0,4460.37411679804,93.6672552992669,3,1.0024998062234,0.982499806223403,296.999826883693,291.802272361612
10.85,100,0,4461.95218669063,93.7101625554704,3,1.00250475794387,0.982504757943872,296.884878576002,291.690805762511
10.86,100,0,4463.52870825601,93.7530390749207,3,1.0025097070674,0.9825097070674,296.770042529389,291.57944755193
10.87,100,0,4465.10368324968,93.7958848807342,3,1.00251465359492,0.982514653594917,296.655318617866,291.468197608923
10.88,100,0,4466.67711342462,93.8386999960084,3,1.00251959752735,0.982519597527354,296.540706715391,291.357055812483
10.89,100,0,4468.24900053137,93.8814844438221,3,1.00252453886564,0.982524538865643,296.426206695935,291.246022041616
10.9,100,0,4469.81934631812,93.9242382472351,3,1.00252947761072,0.982529477610721,296.311818433544,291.135096175393
10.91,100,0,4471.38815253071,93.9669614292884,3,1.00253441376352,0.982534413763521,296.197541802359,291.024278092976
10.92,100,0,4472.9554209127,94.009654013004,3,1.00253934732498,0.982539347324979,296.083376676644,290.913567673646
10.93,100,0,4474.52115320536,94.0523160213851,3,1.00254427829603,0.982544278296033,295.969322930797,290.802964796805
10.94,100,0,4476.08535114771,94.0949474774161,3,1.00254920667762,0.982549206677617,295.855380439363,290.692469342001
10.95,100,0,4477.64801647651,94.1375484040626,3,1.00255413247067,0.982554132470668,295.741549077032,290.582081188915
10.96,100,0,4479.20915092626,94.1801188242713,3,1.00255905567612,0.982559055676123,295.62782871865,290.47180021738
10.97,100,0,4480.76875622922,94.2226587609702,3,1.00256397629492,0.982563976294919,295.514219239217,290.361626307374
10.98,100,0,4482.32683411545,94.2651682370684,3,1.00256889432799,0.982568894327992,295.400720513892,290.251559339027
10.99,100,0,4483.88338631274,94.3076472754562,3,1.00257380977628,0.982573809776278,295.287332417989,290.141599192617
11,100,0,4485.43841454666,94.3500958990055,3,1.00257872264071,0.982578722640715,295.174054826983,290.031745748577
11.01,100,0,4486.99192054057,94.392514130569,3,1.00258363292224,0.982583632922238,295.060887616505,289.921998887486
11.02,100,0,4488.54390601561,94.434901992981,3,1.00258854062179,0.982588540621785,294.947830662349,289.812358490079
11.03,100,0,4490.0943726907,94.477259509057,3,1.00259344574029,0.982593445740293,294.834883840463,289.702824437239
11.04,100,0,4491.64332228253,94.519586701594,3,1.0025983482787,0.982598348278697,294.722047026956,289.593396610003
11.05,100,0,4493.19075650562,94.5618835933699,3,1.00260324823793,0.982603248237935,294.609320098097,289.484074889559
11.06,100,0,4494.73667707225,94.6041502071445,3,1.00260814561894,0.982608145618943,294.496702930309,289.374859157244
11.07,100,0,4496.28108569251,94.6463865656586,3,1.00261304042266,0.982613040422658,294.384195400177,289.265749294546
11.08,100,0,4497.82398407429,94.6885926916345,3,1.00261793265002,0.982617932650016,294.271797384443,289.156745183105
11.09,100,0,4499.36537392329,94.7307686077761,3,1.00262282230195,0.982622822301955,294.159508760005,289.047846704712
11.1,100,0,4500.905256943,94.7729143367683,3,1.00262770937941,0.98262770937941,294.047329403921,288.939053741308
11.11,100,0,4502.44363483474,94.8150299012779,3,1.00263259388332,0.982632593883319,293.935259193405,288.830366174981
11.12,100,0,4503.98050929763,94.8571153239528,3,1.00263747581462,0.982637475814618,293.823298005827,288.721783887972
11.13,100,0,4505.51588202861,94.8991706274227,3,1.00264235517424,0.982642355174243,293.711445718718,288.613306762673
11.14,100,0,4507.04975472244,94.9411958342986,3,1.00264723196313,0.982647231963132,293.59970220976,288.504934681621
11.15,100,0,4508.5821290717,94.983190967173,3,1.00265210618222,0.982652106182221,293.488067356796,288.396667527505
11.16,100,0,4510.11300676681,95.02515604862,3,1.00265697783245,0.982656977832447,293.376541037822,288.288505183163
11.17,100,0,4511.64238949599,95.0670911011953,3,1.00266184691475,0.982661846914745,293.265123130992,288.18044753158
11.18,100,0,4513.17027894532,95.108996147436,3,1.00266671343005,0.982666713430054,293.153813514614,288.072494455893
11.19,100,0,4514.6966767987,95.1508712098609,3,1.00267157737931,0.982671577379308,293.042612067154,287.964645839383
11.2,100,0,4516.22158473788,95.1927163109705,3,1.00267643876345,0.982676438763446,292.931518667232,287.856901565483
11.21,100,0,4517.74500444243,95.2345314732467,3,1.0026812975834,0.982681297583404,292.820533193622,287.749261517773
11.22,100,0,4519.2669375898,95.2763167191531,3,1.00268615384012,0.982686153840118,292.709655525255,287.641725579978
11.23,100,0,4520.78738585524,95.3180720711351,3,1.00269100753452,0.982691007534525,292.598885541214,287.534293635975
11.24,100,0,4522.3063509119,95.3597975516197,3,1.00269585866756,0.98269585866756,292.488223120739,287.426965569784
11.25,100,0,4523.82383443074,95.4014931830153,3,1.00270070724016,0.982700707240163,292.377668143222,287.319741265574
11.26,100,0,4525.33983808062,95.4431589877125,3,1.00270555325327,0.982705553253268,292.267220488213,287.212620607664
11.27,100,0,4526.85436352821,95.4847949880832,3,1.00271039670781,0.982710396707812,292.156880035409,287.105603480513
11.28,100,0,4528.36741243809,95.5264012064812,3,1.00271523760473,0.982715237604732,292.046646664667,286.998689768734
11.29,100,0,4529.87898647268,95.5679776652422,3,1.00272007594496,0.982720075944964,291.936520255994,286.891879357079
11.3,100,0,4531.38908729228,95.6095243866833,3,1.00272491172945,0.982724911729445,291.82650068955,286.785172130451
11.31,100,0,4532.89771655504,95.6510413931039,3,1.00272974495911,0.982729744959112,291.71658784565,286.678567973898
11.32,100,0,4534.40487591702,95.6925287067847,3,1.0027345756349,0.982734575634902,291.60678160476,286.572066772613
11.33,100,0,4535.91056703213,95.7339863499884,3,1.00273940375775,0.98273940375775,291.497081847498,286.465668411934
11.34,100,0,4537.41479155218,95.7754143449598,3,1.00274422932859,0.982744229328593,291.387488454636,286.359372777346
11.35,100,0,4538.91755112685,95.8168127139252,3,1.00274905234837,0.982749052348369,291.278001307097,286.253179754477
11.36,100,0,4540.41884740371,95.8581814790928,3,1.00275387281801,0.982753872818013,291.168620285956,286.147089229101
11.37,100,0,4541.91868202823,95.8995206626529,3,1.00275869073846,0.982758690738462,291.059345272439,286.041101087136
11.38,100,0,4543.41705664376,95.9408302867777,3,1.00276350611065,0.982763506110653,290.950176147923,285.935215214645
11.39,100,0,4544.91397289156,95.982110373621,3,1.00276831893552,0.982768318935522,290.841112793939,285.829431497836
11.4,100,0,4546.40943241078,96.0233609453189,3,1.00277312921401,0.982773129214006,290.732155092165,285.723749823059
11.41,100,0,4547.90343683848,96.0645820239892,3,1.00277793694704,0.982777936947042,290.623302924435,285.618170076811
11.42,100,0,4549.3959878096,96.1057736317319,3,1.00278274213557,0.982782742135565,290.514556172726,285.512692145729
11.43,100,0,4550.88708695703,96.1469357906288,3,1.00278754478051,0.982787544780514,290.405914719173,285.407315916595
11.44,100,0,4552.37673591154,96.1880685227438,3,1.00279234488282,0.982792344882824,290.297378446055,285.302041276335
11.45,100,0,4553.86493630183,96.2291718501227,3,1.00279714244343,0.982797142443431,290.188947235804,285.196868112016
11.46,100,0,4555.3516897545,96.2702457947937,3,1.00280193746327,0.982801937463273,290.080620971002,285.09179631085
11.47,100,0,4556.8369978941,96.3112903787665,3,1.00280672994329,0.982806729943285,289.972399534378,284.98682576019
11.48,100,0,4558.32086234306,96.3523056240333,3,1.00281151988441,0.982811519884406,289.864282808813,284.881956347533
11.49,100,0,4559.80328472178,96.3932915525683,3,1.00281630728757,0.98281630728757,289.756270677336,284.777187960517
11.5,100,0,4561.28426664856,96.4342481863277,3,1.00282109215372,0.982821092153715,289.648363023125,284.672520486923
11.51,100,0,4562.76380973965,96.4751755472498,3,1.00282587448378,0.982825874483778,289.540559729504,284.567953814672
11.52,100,0,4564.24191560922,96.5160736572552,3,1.00283065427869,0.982830654278694,289.432860679949,284.463487831829
11.53,100,0,4565.71858586939,96.5569425382466,3,1.0028354315394,0.982835431539401,289.325265758083,284.359122426598
11.54,100,0,4567.19382213022,96.5977822121089,3,1.00284020626684,0.982840206266835,289.217774847676,284.254857487325
11.55,100,0,4568.6676259997,96.6385927007089,3,1.00284497846193,0.982844978461933,289.110387832648,284.1506929025
11.56,100,0,4570.13999908378,96.6793740258961,3,1.00284974812563,0.98284974812563,289.003104597063,284.046628560749
11.57,100,0,4571.61094298636,96.7201262095018,3,1.00285451525886,0.982854515258865,288.895925025135,283.942664350841
11.58,100,0,4573.08045930929,96.7608492733397,3,1.00285927986257,0.982859279862573,288.788849001226,283.838800161686
11.59,100,0,4574.54854965237,96.8015432392059,3,1.00286404193769,0.982864041937691,288.681876409842,283.735035882334
11.6,100,0,4576.01521561337,96.8422081288784,3,1.00286880148516,0.982868801485155,288.575007135637,283.631371401973
11.61,100,0,4577.480458788,96.8828439641178,3,1.0028735585059,0.982873558505903,288.468241063412,283.527806609934
11.62,100,0,4578.94428076997,96.9234507666669,3,1.00287831300087,0.98287831300087,288.361578078114,283.424341395685
11.63,100,0,4580.40668315092,96.9640285582509,3,1.00288306497099,0.982883064970993,288.255018064835,283.320975648834
11.64,100,0,4581.86766752048,97.0045773605771,3,1.00288781441721,0.98288781441721,288.148560908817,283.217709259131
11.65,100,0,4583.32723546626,97.0450971953355,3,1.00289256134046,0.982892561340455,288.042206495441,283.11454211646
11.66,100,0,4584.78538857382,97.0855880841982,3,1.00289730574167,0.982897305741667,287.935954710238,283.011474110848
11.67,100,0,4586.24212842672,97.1260500488196,3,1.00290204762178,0.982902047621782,287.829805438886,282.90850513246
11.68,100,0,4587.6974566065,97.1664831108369,3,1.00290678698174,0.982906786981735,287.723758567203,282.805635071598
11.69,100,0,4589.15137469267,97.2068872918694,3,1.00291152382246,0.982911523822465,287.617813981154,282.702863818702
11.7,100,0,4590.60388426275,97.2472626135189,3,1.00291625814491,0.982916258144907,287.511971566848,282.600191264351
11.71,100,0,4592.05498689222,97.2876090973697,3,1.00292098995,0.982920989949998,287.406231210541,282.497617299263
11.72,100,0,4593.50468415459,97.3279267649884,3,1.00292571923867,0.982925719238674,287.300592798632,282.395141814293
11.73,100,0,4594.95297762134,97.3682156379244,3,1.00293044601187,0.982930446011873,287.195056217662,282.292764700432
11.74,100,0,4596.39986886195,97.4084757377092,3,1.00293517027053,0.98293517027053,287.08962135432,282.19048584881
11.75,100,0,4597.84535944391,97.4487070858572,3,1.00293989201558,0.982939892015583,286.984288095434,282.088305150695
11.76,100,0,4599.28945093271,97.488909703865,3,1.00294461124797,0.982944611247968,286.879056327977,281.986222497487
11.77,100,0,4600.73214489186,97.529083613212,3,1.00294932796862,0.982949327968621,286.773925939068,281.88423778073
11.78,100,0,4602.17344288285,97.5692288353601,3,1.00295404217848,0.982954042178479,286.668896815964,281.782350892097
11.79,100,0,4603.61334646522,97.6093453917535,3,1.00295875387848,0.98295875387848,286.56396884607,281.680561723405
11.8,100,0,4605.0518571965,97.6494333038195,3,1.00296346306956,0.982963463069558,286.45914191693,281.578870166599
11.81,100,0,4606.48897663224,97.6894925929676,3,1.00296816975265,0.982968169752651,286.354415916231,281.477276113767
11.82,100,0,4607.92470632602,97.72952328059,3,1.0029728739287,0.982972873928696,286.249790731803,281.375779457128
11.83,100,0,4609.35904782945,97.7695253880618,3,1.00297757559863,0.982977575598629,286.145266251619,281.274380089041
11.84,100,0,4610.79200269216,97.8094989367403,3,1.00298227476339,0.982982274763387,286.040842363792,281.173077901996
11.85,100,0,4612.2235724618,97.849443947966,3,1.00298697142391,0.982986971423906,285.936518956578,281.071872788621
11.86,100,0,4613.65375868406,97.8893604430616,3,1.00299166558112,0.982991665581123,285.832295918373,280.970764641677
11.87,100,0,4615.08256290268,97.929248443333,3,1.00299635723597,0.982996357235974,285.728173137713,280.869753354062
11.88,100,0,4616.50998665941,97.9691079700683,3,1.0030010463894,0.983001046389397,285.624150503279,280.768838818806
11.89,100,0,4617.93603149406,98.0089390445386,3,1.00300573304233,0.983005733042327,285.520227903891,280.668020929077
11.9,100,0,4619.36069894449,98.048741687998,3,1.0030104171957,0.983010417195702,285.416405228509,280.567299578174
11.91,100,0,4620.78399054658,98.0885159216828,3,1.00301509885046,0.983015098850458,285.312682366233,280.466674659531
11.92,100,0,4622.20590783428,98.1282617668126,3,1.00301977800753,0.983019778007531,285.209059206304,280.366146066718
11.93,100,0,4623.6264523396,98.1679792445895,3,1.00302445466786,0.983024454667858,285.105535638104,280.265713693434
11.94,100,0,4625.04562559258,98.2076683761986,3,1.00302912883238,0.983029128832376,285.002111551152,280.165377433517
11.95,100,0,4626.46342912133,98.2473291828076,3,1.00303380050202,0.983033800502021,284.89878683511,280.065137180934
11.96,100,0,4627.87986445203,98.2869616855674,3,1.00303846967773,0.983038469677731,284.795561379778,279.964992829788
11.97,100,0,4629.2949331089,98.3265659056114,3,1.00304313636044,0.98304313636044,284.692435075095,279.864944274312
11.98,100,0,4630.70863661425,98.3661418640561,3,1.00304780055109,0.983047800551087,284.589407811138,279.764991408876
11.99,100,0,4632.12097648844,98.4056895820008,3,1.00305246225061,0.983052462250608,284.486479478126,279.665134127978
12,100,0,4633.53195424991,98.4452090805277,3,1.00305712145994,0.98305712145994,284.383649966413,279.565372326253
12.01,100,0,4634.94157141518,98.4847003807021,3,1.00306177818002,0.983061778180018,284.280919166492,279.465705898462
12.02,100,0,4636.34982949883,98.5241635035721,3,1.00306643241178,0.983066432411779,284.178286968999,279.366134739505
12.03,100,0,4637.75673001354,98.5635984701686,3,1.00307108415616,0.983071084156162,284.075753264701,279.266658744408
12.04,100,0,4639.16227447005,98.6030053015058,3,1.0030757334141,0.9830757334141,283.973317944509,279.167277808333
12.05,100,0,4640.5664643772,98.6423840185807,3,1.00308038018653,0.983080380186533,283.870980899467,279.067991826572
12.06,100,0,4641.96930124191,98.6817346423734,3,1.0030850244744,0.983085024474395,283.768742020758,278.968800694545
12.07,100,0,4643.3707865692,98.7210571938468,3,1.00308966627862,0.983089666278624,283.666601199705,278.869704307809
12.08,100,0,4644.77092186218,98.7603516939472,3,1.00309430560016,0.983094305600157,283.564558327764,278.770702562048
12.09,100,0,4646.16970862204,98.7996181636035,3,1.00309894243993,0.983098942439929,283.462613296531,278.671795353078
12.1,100,0,4647.56714834809,98.8388566237281,3,1.00310357679888,0.983103576798878,283.360765997737,278.572982576845
12.11,100,0,4648.96324253773,98.8780670952162,3,1.00310820867794,0.983108208677939,283.259016323249,278.474264129425
12.12,100,0,4650.35799268647,98.9172495989463,3,1.00311283807805,0.983112838078051,283.157364165073,278.375639907026
12.13,100,0,4651.75140028792,98.9564041557798,3,1.00311746500015,0.983117465000149,283.055809415349,278.277109805983
12.14,100,0,4653.14346683379,98.9955307865613,3,1.00312208944517,0.98312208944517,282.954351966352,278.178673722764
12.15,100,0,4654.53419381393,99.0346295121188,3,1.00312671141405,0.98312671141405,282.852991710496,278.080331553966
12.16,100,0,4655.92358271627,99.0737003532629,3,1.00313133090773,0.983131330907727,282.751728540328,277.982083196313
12.17,100,0,4657.31163502689,99.112743330788,3,1.00313594792714,0.983135947927136,282.650562348531,277.883928546661
12.18,100,0,4658.69835222997,99.1517584654713,3,1.00314056247321,0.983140562473214,282.549493027923,277.785867501994
12.19,100,0,4660.08373580781,99.1907457780733,3,1.0031451745469,0.983145174546899,282.448520471457,277.687899959424
12.2,100,0,4661.46778724085,99.2297052893378,3,1.00314978414913,0.983149784149126,282.347644572222,277.590025816195
12.21,100,0,4662.85050800764,99.2686370199917,3,1.00315439128083,0.983154391280833,282.246865223441,277.492244969675
12.22,100,0,4664.23189958488,99.3075409907452,3,1.00315899594295,0.983158995942955,282.14618231847,277.394557317365
12.23,100,0,4665.61196344738,99.3464172222918,3,1.00316359813643,0.98316359813643,282.0455957508,277.29696275689
12.24,100,0,4666.99070106811,99.3852657353083,3,1.00316819786219,0.983168197862193,281.945105414059,277.199461186006
12.25,100,0,4668.36811391816,99.4240865504548,3,1.00317279512118,0.983172795121183,281.844711202002,277.102052502595
12.26,100,0,4669.74420346677,99.4628796883746,3,1.00317738991433,0.983177389914334,281.744413008525,277.004736604668
12.27,100,0,4671.11897118131,99.5016451696944,3,1.00318198224258,0.983181982242585,281.644210727654,276.907513390363
12.28,100,0,4672.49241852733,99.5403830150244,3,1.00318657210687,0.983186572106871,281.544104253548,276.810382757945
12.29,100,0,4673.86454696848,99.5790932449578,3,1.00319115950813,0.983191159508129,281.444093480501,276.713344605808
12.3,100,0,4675.2353579666,99.6177758800716,3,1.0031957444473,0.983195744447295,281.344178302938,276.616398832469
12.31,100,0,4676.60485298167,99.6564309409258,3,1.00320032692531,0.983200326925307,281.244358615417,276.519545336576
12.32,100,0,4677.97303347183,99.695058448064,3,1.0032049069431,0.983204906943101,281.144634312629,276.4227840169
12.33,100,0,4679.33990089336,99.7336584220133,3,1.00320948450161,0.983209484501613,281.045005289399,276.326114772343
12.34,100,0,4680.70545670073,99.7722308832841,3,1.00321405960178,0.98321405960178,280.945471440682,276.229537501928
12.35,100,0,4682.06970234657,99.8107758523701,3,1.00321863224454,0.983218632244538,280.846032661564,276.133052104808
12.36,100,0,4683.43263928165,99.8492933497489,3,1.00322320243083,0.983223202430825,280.746688847265,276.036658480259
12.37,100,0,4684.79426895494,99.8877833958812,3,1.00322777016158,0.983227770161577,280.647439893137,275.940356527685
12.38,100,0,4686.15459281357,99.9262460112114,3,1.00323233543773,0.98323233543773,280.548285694663,275.844146146615
12.39,100,0,4687.51361230284,99.9646812161672,3,1.00323689826022,0.983236898260221,280.449226147455,275.748027236703
12.4,100,0,4688.87132886623,100.00308903116,3,1.00324145862999,0.983241458629987,280.350261147259,275.651999697729
12.41,100,0,4690.22774394541,100.041469476585,3,1.00324601654796,0.983246016547964,280.25139058995,275.556063429595
12.42,100,0,4691.58285898022,100.07982257282,3,1.00325057201509,0.983250572015088,280.152614371535,275.460218332335
12.43,100,0,4692.93667540868,100.118148340227,3,1.0032551250323,0.983255125032297,280.053932388151,275.364464306098
12.44,100,0,4694.28919466703,100.156446799153,3,1.00325967560053,0.983259675600527,279.955344536065,275.268801251165
12.45,100,0,4695.64041818965,100.194717969926,3,1.00326422372071,0.983264223720714,279.856850711674,275.173229067938
12.46,100,0,4696.99034740914,100.232961872858,3,1.00326876939379,0.983268769393795,279.758450811506,275.077747656944
12.47,100,0,4698.33898375631,100.271178528248,3,1.00327331262071,0.983273312620706,279.660144732218,274.982356918834
12.48,100,0,4699.68632866014,100.309367956373,4,1.32579269064414,1.30579269064414,990.200822184727,1292.99699587863
12.49,100,0,4419.39958667366,100.444643472569,4,1.26008009908229,1.24008009908229,839.003985801378,1040.43214584301
12.5,100,0,4205.16255298763,100.552237988539,4,1.20292893167331,1.18292893167331,725.344386745217,858.030860507754
12.51,100,0,4038.2282918927,100.639907274663,4,1.15404683240565,1.13404683240565,642.896783228047,729.07506058355
12.52,100,0,3906.01647259516,100.713352822705,4,1.11231755237494,1.09231755237494,581.826490817225,635.539288356369
12.53,100,0,3800.38480912434,100.776231628451,4,1.07595661582449,1.05595661582449,532.550091777103,562.349792669971
12.54,100,0,3717.85663353279,100.830184512773,4,1.04210002500777,1.02210002500777,489.125370628749,499.935053551578
12.55,100,0,3654.13426316912,100.87725295938,4,1.01923386021114,0.999233860211142,453.663187183438,453.315617764997
12.56,100,0,3605.82143307794,100.9190526497,4,1.00483793192616,0.984837931926157,426.281220393298,419.817915511094
12.57,100,0,3569.31908620748,100.957191427401,4,1.002,0.982,402.044294288568,394.807496991374
12.58,100,0,3542.76423556226,100.992532328794,4,1.00169462038866,0.981694620388656,383.930524174596,376.902530185197
12.59,100,0,3523.11720328977,101.02591543144,4,1.00117873304486,0.981178733044856,371.159538261022,364.173845508463
12.6,100,0,3508.70821065871,101.057803925,4,1.00037074583148,0.98037074583148,360.062347348644,352.994592016023
12.61,100,0,3498.93628792084,101.088352020157,4,0.999551465747292,0.979551465747292,351.485203445269,344.297846223299
12.62,100,0,3492.38971342869,101.117964573215,4,0.998975970080543,0.978975970080543,345.677601760891,338.410065518984
12.63,100,0,3488.04171932171,101.146937311102,4,0.998568042358304,0.978568042358304,341.692217893334,334.369084752947
12.64,100,0,3485.20940575494,101.175466800103,4,0.998276311155919,0.978276311155919,338.932108952066,331.569253277923
12.65,100,0,3483.43012542089,101.203686150238,4,0.998065641743367,0.978065641743367,337.008402703592,329.616339663196
12.66,100,0,3482.40701518123,101.231682550196,4,0.998028882277036,0.978028882277036,335.524439708043,328.152592744287
12.67,100,0,3481.97192912484,101.259510134413,4,0.998064482998865,0.978064482998865,334.46238530945,327.125779970255
12.68,100,0,3481.93235126093,101.287222558993,4,0.998089870562698,0.978089870562698,333.759821677193,326.447100783274
12.69,100,0,3482.15466955967,101.314856579812,4,0.998108487302654,0.978108487302654,333.294138836116,325.997825963834
12.7,100,0,3482.55069232452,101.342436458496,4,0.998122608524178,0.978122608524178,332.985079409736,325.700234471881
12.71,100,0,3483.06204078167,101.369978255331,4,0.998133741693792,0.978133741693792,332.779817886814,325.503168429808
12.72,100,0,3483.6499955375,101.397492622264,4,0.998142887163058,0.978142887163058,332.643454559332,325.372829038558
12.73,100,0,3484.28884173274,101.424986633576,4,0.998150709501155,0.978150709501155,332.552874176249,325.286829822146
12.74,100,0,3484.96148526244,101.452464991869,4,0.998157650551289,0.978157650551289,332.492740209051,325.230317588246
12.75,100,0,3485.65655512809,101.47993082522,4,0.998164004242349,0.978164004242349,332.452864965304,325.193425616302
12.76,100,0,3486.36648364075,101.507386215343,4,0.998169966188278,0.978169966188278,332.426475293856,325.16959409828
12.77,100,0,3487.08623244668,101.534832548079,4,0.998175666615503,0.978175666615503,332.409065422674,325.15445915886
12.78,100,0,3487.81244617783,101.56227074624,4,0.998181192242682,0.978181192242682,332.397636584472,325.145116452849
12.79,100,0,3488.54288974661,101.589701424424,4,0.998186600829078,0.978186600829078,332.390192295244,325.139632350209
12.8,100,0,3489.2760740115,101.617124992,4,0.998191930852857,0.978191930852857,332.385402994646,325.136719142637
12.81,100,0,3490.0110066488,101.64454172165,4,0.998197207951926,0.978197207951926,332.382383059106,325.135519080825
12.82,100,0,3490.74702629742,101.671951795,4,0.998202449211533,0.978202449211533,332.38054245649,325.135460701196
12.83,100,0,3491.48369211314,101.699355333007,4,0.998207666019149,0.978207666019149,332.379488018464,325.136163207182
12.84,100,0,3492.22071020446,101.726752416197,4,0.998212865965775,0.978212865965775,332.378957714593,325.137372812709
12.85,100,0,3492.95788462488,101.75414309815,4,0.998218054112405,0.978218054112405,332.378776885763,325.138920353452
12.86,100,0,3493.69508471865,101.781527414483,4,0.998223233833769,0.978223233833769,332.378829094072,325.140693054285
12.87,100,0,3494.43222335948,101.80890538884,4,0.998228407380528,0.978228407380528,332.37903670422,325.142615721844
12.88,100,0,3495.16924244641,101.836277036878,4,0.998233576253932,0.978233576253932,332.379347945428,325.144638213606
12.89,100,0,3495.90610323512,101.863642368931,4,0.998238741455531,0.978238741455531,332.379728289824,325.146727087569
12.9,100,0,3496.64277989179,101.891001391781,4,0.998243903653639,0.978243903653639,332.380154706342,325.148860036932
12.91,100,0,3497.37925519479,101.918354109843,4,0.998249063294311,0.978249063294311,332.380611830533,325.151022180409
12.92,100,0,3498.11551766823,101.945700525952,4,0.998254220675342,0.978254220675342,332.381089411112,325.153203589088
12.93,100,0,3498.85155967005,101.973040641889,4,0.998259375995615,0.978259375995615,332.381580607421,325.155397637452
12.94,100,0,3499.58737611665,102.000374458734,4,0.998264529388018,0.978264529388018,332.382080854098,325.157599903744
12.95,100,0,3500.32296363204,102.027701977095,4,0.998269680941396,0.978269680941396,332.382587103876,325.159807436585
12.96,100,0,3501.05831998005,102.055023197271,4,0.998274830715199,0.978274830715198,332.383097322509,325.162018265771
12.97,100,0,3501.79344368549,102.082338119353,4,0.998279978749257,0.978279978749257,332.38361015183,325.164231075933
12.98,100,0,3502.52833378128,102.10964674329,4,0.998285125070303,0.978285125070303,332.384124684933,325.166444988783
12.99,100,0,3503.26298963961,102.136949068944,4,0.998290269696322,0.978290269696322,332.384640316166,325.168659417817
13,100,0,3503.99741085927,102.164245096111,4,0.99829541263946,0.97829541263946,332.385156641003,325.170873971341
13.01,100,0,3504.73159719044,102.191534824551,4,0.998300553907962,0.978300553907962,332.38567338922,325.173088387745
13.02,100,0,3505.46554848439,102.218818253993,4,0.998305693507468,0.978305693507468,332.386190380289,325.175302492294
13.03,100,0,3506.19926465995,102.246095384154,4,0.998310831441878,0.978310831441878,332.386707493585,325.177516168278
13.04,100,0,3506.93274568111,102.273366214735,4,0.998315967713928,0.978315967713928,332.387224648502,325.179729337746
13.05,100,0,3507.665991542,102.300630745433,4,0.998321102325577,0.978321102325577,332.387741791168,325.181941948645
13.06,100,0,3508.39900225692,102.327888975939,4,0.998326235278267,0.978326235278267,332.388258885579,325.184153966226
13.07,100,0,3509.13177785367,102.355140905944,4,0.998331366573091,0.978331366573091,332.388775907668,325.186365367305
13.08,100,0,3509.86431836902,102.382386535134,4,0.998336496210909,0.978336496210909,332.389292841344,325.188576136422
13.09,100,0,3510.59662384579,102.4096258632,4,0.998341624192427,0.978341624192427,332.389809675854,325.190786263287
13.1,100,0,3511.32869433083,102.436858889827,4,0.998346750518249,0.978346750518249,332.39032640401,325.192995741063
13.11,100,0,3512.06052987364,102.464085614706,4,0.998351875188906,0.978351875188906,332.390843021005,325.195204565222
13.12,100,0,3512.79213052557,102.491306037525,4,0.998356998204885,0.978356998204885,332.39135952363,325.19741273278
13.13,100,0,3513.52349633914,102.518520157975,4,0.998362119566642,0.978362119566642,332.391875909741,325.199620241786
13.14,100,0,3514.25462736767,102.545727975748,4,0.998367239274611,0.978367239274611,332.392392177904,325.20182709098
13.15,100,0,3514.98552366503,102.572929490537,4,0.998372357329212,0.978372357329212,332.392908327169,325.204033279565
13.16,100,0,3515.71618528545,102.600124702034,4,0.998377473730858,0.978377473730858,332.393424356898,325.20623880705
13.17,100,0,3516.44661228337,102.627313609937,4,0.998382588479952,0.978382588479952,332.393940266671,325.208443673157
13.18,100,0,3517.17680471342,102.65449621394,4,0.998387701576896,0.978387701576896,332.39445605621,325.210647877738
13.19,100,0,3517.90676263031,102.681672513742,4,0.998392813022089,0.978392813022089,332.394971725331,325.212851420744
13.2,100,0,3518.63648608883,102.708842509041,4,0.998397922815925,0.978397922815925,332.395487273918,325.215054302188
13.21,100,0,3519.36597514379,102.736006199539,4,0.998403030958799,0.978403030958799,332.396002701893,325.217256522121
13.22,100,0,3520.09522985008,102.763163584936,4,0.998408137451107,0.978408137451107,332.39651800921,325.219458080624
13.23,100,0,3520.82425026254,102.790314664936,4,0.99841324229324,0.97841324229324,332.39703319584,325.221658977796
13.24,100,0,3521.55303643607,102.817459439242,4,0.998418345485593,0.978418345485593,332.397548261771,325.22385921375
13.25,100,0,3522.28158842555,102.844597907561,4,0.998423447028556,0.978423447028556,332.398063206994,325.226058788603
13.26,100,0,3523.00990628587,102.871730069598,4,0.998428546922524,0.978428546922524,332.39857803151,325.228257702484
13.27,100,0,3523.73799007192,102.898855925062,4,0.998433645167888,0.978433645167888,332.399092735321,325.23045595552
13.28,100,0,3524.46583983859,102.925975473663,4,0.998438741765041,0.978438741765041,332.399607318434,325.232653547843
13.29,100,0,3525.19345564075,102.953088715111,4,0.998443836714373,0.978443836714373,332.400121780857,325.234850479587
13.3,100,0,3525.92083753328,102.980195649118,4,0.998448930016279,0.978448930016279,332.400636122598,325.237046750886
13.31,100,0,3526.64798557107,103.007296275397,4,0.998454021671148,0.978454021671148,332.401150343666,325.239242361876
13.32,100,0,3527.37489980897,103.034390593663,4,0.998459111679374,0.978459111679374,332.401664444073,325.241437312693
13.33,100,0,3528.10158030186,103.061478603631,4,0.998464200041348,0.978464200041348,332.402178423828,325.243631603472
13.34,100,0,3528.8280271046,103.08856030502,4,0.998469286757461,0.978469286757461,332.402692282943,325.245825234351
13.35,100,0,3529.55424027203,103.115635697547,4,0.998474371828107,0.978474371828107,332.403206021427,325.248018205465
13.36,100,0,3530.28021985902,103.142704780932,4,0.998479455253675,0.978479455253675,332.403719639293,325.250210516951
13.37,100,0,3531.0059659204,103.169767554897,4,0.998484537034558,0.978484537034558,332.40423313655,325.252402168945
13.38,100,0,3531.73147851102,103.196824019163,4,0.998489617171148,0.978489617171148,332.404746513211,325.254593161584
13.39,100,0,3532.45675768571,103.223874173454,4,0.998494695663836,0.978494695663836,332.405259769285,325.256783495005
13.4,100,0,3533.1818034993,103.250918017496,4,0.998499772513014,0.978499772513014,332.405772904784,325.258973169344
13.41,100,0,3533.90661600663,103.277955551014,4,0.998504847719073,0.978504847719073,332.40628591972,325.261162184739
13.42,100,0,3534.6311952625,103.304986773736,4,0.998509921282404,0.978509921282404,332.406798814103,325.263350541324
13.43,100,0,3535.35554132173,103.332011685391,4,0.998514993203399,0.978514993203399,332.407311587945,325.265538239238
13.44,100,0,3536.07965423914,103.359030285708,4,0.99852006348245,0.97852006348245,332.407824241255,325.267725278616
13.45,100,0,3536.80353406954,103.38604257442,4,0.998525132119947,0.978525132119947,332.408336774047,325.269911659596
13.46,100,0,3537.52718086771,103.413048551259,4,0.998530199116282,0.978530199116282,332.40884918633,325.272097382314
13.47,100,0,3538.25059468845,103.440048215959,4,0.998535264471847,0.978535264471847,332.409361478115,325.274282446905
13.48,100,0,3538.97377558656,103.467041568255,4,0.998540328187032,0.978540328187032,332.409873649414,325.276466853508
13.49,100,0,3539.69672361683,103.494028607884,4,0.998545390262229,0.978545390262229,332.410385700238,325.278650602258
13.5,100,0,3540.41943883402,103.521009334584,4,0.998550450697829,0.978550450697829,332.410897630598,325.280833693292
13.51,100,0,3541.14192129292,103.547983748093,4,0.998555509494222,0.978555509494222,332.411409440505,325.283016126746
13.52,100,0,3541.8641710483,103.574951848153,4,0.998560566651801,0.978560566651801,332.411921129969,325.285197902757
13.53,100,0,3542.58618815492,103.601913634505,4,0.998565622170955,0.978565622170955,332.412432699003,325.287379021461
13.54,100,0,3543.30797266753,103.628869106892,4,0.998570676052077,0.978570676052077,332.412944147616,325.289559482994
13.55,100,0,3544.02952464091,103.655818265058,4,0.998575728295557,0.978575728295557,332.413455475819,325.291739287492
13.56,100,0,3544.75084412979,103.682761108749,4,0.998580778901786,0.978580778901786,332.413966683624,325.293918435093
13.57,100,0,3545.47193118893,103.709697637712,4,0.998585827871154,0.978585827871154,332.414477771043,325.296096925933
13.58,100,0,3546.19278587305,103.736627851695,4,0.998590875204053,0.978590875204053,332.414988738085,325.298274760148
13.59,100,0,3546.91340823691,103.763551750447,4,0.998595920900874,0.978595920900874,332.415499584762,325.300451937874
13.6,100,0,3547.63379833522,103.790469333719,4,0.998600964962006,0.978600964962006,332.416010311084,325.302628459247
13.61,100,0,3548.35395622271,103.817380601263,4,0.998606007387842,0.978606007387842,332.416520917063,325.304804324404
13.62,100,0,3549.07388195411,103.844285552833,4,0.998611048178772,0.978611048178772,332.41703140271,325.306979533481
13.63,100,0,3549.79357558413,103.871184188182,4,0.998616087335185,0.978616087335185,332.417541768034,325.309154086614
13.64,100,0,3550.51303716747,103.898076507067,4,0.998621124857474,0.978621124857474,332.418052013048,325.311327983939
13.65,100,0,3551.23226675885,103.924962509245,4,0.998626160746028,0.978626160746028,332.418562137762,325.313501225593
13.66,100,0,3551.95126441296,103.951842194474,4,0.998631195001238,0.978631195001238,332.419072142188,325.315673811712
13.67,100,0,3552.6700301845,103.978715562515,4,0.998636227623495,0.978636227623495,332.419582026335,325.317845742431
13.68,100,0,3553.38856412817,104.005582613127,4,0.998641258613188,0.978641258613188,332.420091790215,325.320017017888
13.69,100,0,3554.10686629863,104.032443346073,4,0.998646287970709,0.978646287970709,332.42060143384,325.322187638218
13.7,100,0,3554.82493675059,104.059297761117,4,0.998651315696448,0.978651315696448,332.421110957218,325.324357603557
13.71,100,0,3555.54277553871,104.086145858024,4,0.998656341790795,0.978656341790795,332.421620360363,325.326526914041
13.72,100,0,3556.26038271766,104.112987636559,4,0.998661366254141,0.978661366254141,332.422129643284,325.328695569807
13.73,100,0,3556.9777583421,104.13982309649,4,0.998666389086875,0.978666389086875,332.422638805992,325.33086357099
13.74,100,0,3557.69490246671,104.166652237586,4,0.998671410289388,0.978671410289388,332.423147848498,325.333030917727
13.75,100,0,3558.41181514613,104.193475059616,4,0.998676429862071,0.97867642986207,332.423656770813,325.335197610153
13.76,100,0,3559.12849643502,104.220291562351,4,0.998681447805312,0.978681447805312,332.424165572948,325.337363648405
13.77,100,0,3559.84494638802,104.247101745565,4,0.998686464119504,0.978686464119504,332.424674254913,325.339529032619
13.78,100,0,3560.56116505978,104.273905609031,4,0.998691478805034,0.978691478805034,332.425182816719,325.341693762929
13.79,100,0,3561.27715250492,104.300703152524,4,0.998696491862295,0.978696491862295,332.425691258378,325.343857839473
13.8,100,0,3561.99290877809,104.327494375819,4,0.998701503291675,0.978701503291675,332.4261995799,325.346021262387
13.81,100,0,3562.7084339339,104.354279278695,4,0.998706513093564,0.978706513093564,332.426707781295,325.348184031805
13.82,100,0,3563.42372802698,104.381057860931,4,0.998711521268353,0.978711521268353,332.427215862575,325.350346147865
13.83,100,0,3564.13879111195,104.407830122306,4,0.998716527816432,0.978716527816432,332.427723823751,325.352507610701
13.84,100,0,3564.85362324342,104.434596062603,4,0.99872153273819,0.97872153273819,332.428231664833,325.354668420451
13.85,100,0,3565.56822447599,104.461355681603,4,0.998726536034017,0.978726536034017,332.42873938583,325.356828577249
13.86,100,0,3566.28259486426,104.48810897909,4,0.998731537704303,0.978731537704303,332.429246986756,325.358988081232
13.87,100,0,3566.99673446284,104.51485595485,4,0.998736537749437,0.978736537749437,332.42975446762,325.361146932534
13.88,100,0,3567.71064332631,104.541596608669,4,0.99874153616981,0.97874153616981,332.430261828433,325.363305131293
13.89,100,0,3568.42432150927,104.568330940334,4,0.998746532965811,0.978746532965811,332.430769069206,325.365462677644
13.9,100,0,3569.13776906629,104.595058949636,4,0.99875152813783,0.97875152813783,332.431276189949,325.367619571722
13.91,100,0,3569.85098605196,104.621780636363,4,0.998756521686256,0.978756521686256,332.431783190674,325.369775813663
13.92,100,0,3570.56397252084,104.648496000308,4,0.998761513611479,0.978761513611479,332.43229007139,325.371931403604
13.93,100,0,3571.2767285275,104.675205041263,4,0.998766503913888,0.978766503913888,332.432796832109,325.374086341679
13.94,100,0,3571.98925412651,104.701907759023,4,0.998771492593873,0.978771492593873,332.433303472841,325.376240628024
13.95,100,0,3572.70154937243,104.728604153382,4,0.998776479651823,0.978776479651823,332.433809993597,325.378394262776
13.96,100,0,3573.4136143198,104.755294224137,4,0.998781465088128,0.978781465088128,332.434316394388,325.380547246069
13.97,100,0,3574.12544902317,104.781977971086,4,0.998786448903177,0.978786448903177,332.434822675224,325.38269957804
13.98,100,0,3574.8370535371,104.808655394028,4,0.99879143109736,0.97879143109736,332.435328836116,325.384851258824
13.99,100,0,3575.54842791612,104.835326492764,4,0.998796411671065,0.978796411671065,332.435834877075,325.387002288556
14,100,0,3576.25957221475,104.861991267095,4,0.998801390624683,0.978801390624683,332.436340798111,325.389152667372
14.01,100,0,3576.97048648754,104.888649716823,4,0.998806367958602,0.978806367958602,332.436846599236,325.391302395409
14.02,100,0,3577.681170789,104.915301841754,4,0.998811343673211,0.978811343673211,332.437352280458,325.393451472799
14.03,100,0,3578.39162517366,104.941947641692,4,0.998816317768899,0.978816317768899,332.43785784179,325.395599899682
14.04,100,0,3579.10184969603,104.968587116444,4,0.998821290246057,0.978821290246057,332.438363283241,325.397747676189
14.05,100,0,3579.81184441061,104.995220265819,4,0.998826261105072,0.978826261105072,332.438868604823,325.399894802459
14.06,100,0,3580.52160937192,105.021847089624,4,0.998831230346334,0.978831230346334,332.439373806547,325.402041278627
14.07,100,0,3581.23114463445,105.048467587671,4,0.998836197970232,0.978836197970232,332.439878888422,325.404187104827
14.08,100,0,3581.9404502527,105.075081759772,4,0.998841163977155,0.978841163977154,332.44038385046,325.406332281196
14.09,100,0,3582.64952628116,105.101689605738,4,0.998846128367491,0.978846128367491,332.440888692669,325.408476807867
14.1,100,0,3583.35837277431,105.128291125386,4,0.99885109114163,0.97885109114163,332.441393415063,325.410620684978
14.11,100,0,3584.06698978664,105.154886318529,4,0.998856052299961,0.978856052299961,332.441898017651,325.412763912664
14.12,100,0,3584.77537737262,105.181475184985,4,0.998861011842872,0.978861011842872,332.442402500442,325.414906491058
14.13,100,0,3585.48353558672,105.208057724571,4,0.998865969770752,0.978865969770752,332.44290686345,325.417048420298
14.14,100,0,3586.19146448341,105.234633937107,4,0.99887092608399,0.97887092608399,332.443411106683,325.419189700519
14.15,100,0,3586.89916411715,105.261203822414,4,0.998875880782974,0.978875880782974,332.443915230151,325.421330331855
14.16,100,0,3587.6066345424,105.287767380313,4,0.998880833868094,0.978880833868094,332.444419233868,325.423470314443
14.17,100,0,3588.3138758136,105.314324610626,4,0.998885785339738,0.978885785339738,332.444923117841,325.425609648417
14.18,100,0,3589.02088798521,105.340875513179,4,0.998890735198294,0.978890735198294,332.445426882083,325.427748333913
14.19,100,0,3589.72767111167,105.367420087797,4,0.998895683444151,0.978895683444151,332.445930526603,325.429886371066
14.2,100,0,3590.43422524742,105.393958334306,4,0.998900630077698,0.978900630077698,332.446434051412,325.432023760011
14.21,100,0,3591.14055044688,105.420490252535,4,0.998905575099323,0.978905575099323,332.44693745652,325.434160500884
14.22,100,0,3591.84664676449,105.447015842312,4,0.998910518509414,0.978910518509414,332.447440741939,325.436296593819
14.23,100,0,3592.55251425467,105.473535103469,4,0.998915460308361,0.978915460308361,332.447943907677,325.438432038952
14.24,100,0,3593.25815297184,105.500048035837,4,0.998920400496551,0.978920400496551,332.448446953748,325.440566836419
14.25,100,0,3593.96356297041,105.526554639248,4,0.998925339074372,0.978925339074372,332.448949880159,325.442700986353
14.26,100,0,3594.66874430479,105.553054913538,4,0.998930276042214,0.978930276042214,332.449452686922,325.444834488891
14.27,100,0,3595.37369702939,105.579548858541,4,0.998935211400463,0.978935211400463,332.449955374047,325.446967344168
14.28,100,0,3596.0784211986,105.606036474095,4,0.99894014514951,0.97894014514951,332.450457941546,325.449099552318
14.29,100,0,3596.78291686681,105.632517760037,4,0.998945077289741,0.978945077289741,332.450960389428,325.451231113477
14.3,100,0,3597.48718408843,105.658992716206,4,0.998950007821545,0.978950007821545,332.451462717703,325.45336202778
14.31,100,0,3598.19122291783,105.685461342444,4,0.99895493674531,0.97895493674531,332.451964926384,325.455492295362
14.32,100,0,3598.8950334094,105.711923638591,4,0.998959864061424,0.978959864061424,332.452467015479,325.457621916358
14.33,100,0,3599.5986156175,105.738379604491,4,0.998964789770275,0.978964789770275,332.452968984999,325.459750890903
14.34,100,0,3600.30081875281,105.764829217891,4,0.998969742612462,0.978969742612462,332.452503070085,325.46094136139
14.35,100,0,3600.99480629262,105.791271994517,4,0.998974892983792,0.978974892983792,332.445330886809,325.455632227875
14.36,100,0,3601.68168171409,105.817707096592,4,0.998980212524944,0.978980212524944,332.432405474464,325.444746961569
14.37,100,0,3602.36369789239,105.844133932264,4,0.998985644391499,0.978985644391499,332.415639457583,325.430139000194
14.38,100,0,3603.04236038884,105.870552106706,4,0.998991150602473,0.978991150602473,332.396310645483,325.413046614838
14.39,100,0,3603.71867547062,105.896961356724,4,0.998996705777751,0.978996705777751,332.375272785156,325.394297138649
14.4,100,0,3604.39428237505,105.923361237425,4,0.999002268590581,0.979002268590581,332.343994223965,325.365524297717
14.41,100,0,3605.07583370267,105.949749884921,4,0.999007671361203,0.979007671361203,332.304325525558,325.328483916031
14.42,100,0,3605.76248272266,105.97612749993,4,0.999012935461605,0.979012935461605,332.269859678825,325.296490689582
14.43,100,0,3606.45225672519,106.002494607816,4,0.999018110634206,0.979018110634206,332.238707067539,325.267711272813
14.44,100,0,3607.14390100692,106.028851543518,4,0.999023228514477,0.979023228514477,332.20966640922,325.240980151672
14.45,100,0,3607.83661738496,106.055198520902,4,0.999028309226444,0.979028309226444,332.181973817866,325.215556182408
14.46,100,0,3608.52989800966,106.081535676837,4,0.999033365574071,0.979033365574071,332.155143432735,325.190967967689
14.47,100,0,3609.22341971496,106.107863099214,4,0.999038405705549,0.979038405705549,332.128866162048,325.166915616083
14.48,100,0,3609.91697683768,106.134180844762,4,0.999043434807273,0.979043434807273,332.102945329947,325.143208305443
14.49,100,0,3610.61043848911,106.160488950382,4,0.999048456181109,0.979048456181109,332.077255766417,325.11972459097
14.5,100,0,3611.30372137317,106.186787440353,4,0.999053471929615,0.979053471929615,332.051717794173,325.096387166578
14.51,100,0,3611.99677249128,106.213076330921,4,0.999058483391972,0.979058483391972,332.02628068441,325.073146813155
14.52,100,0,3612.68955813578,106.239355633217,4,0.99906349142137,0.97906349142137,332.000912132612,325.049972187634
14.53,100,0,3613.38205688406,106.265625355113,4,0.99906849656155,0.97906849656155,331.975591562582,325.026843326308
14.54,100,0,3614.07425513838,106.291885502409,4,0.999073499159173,0.979073499159173,331.950305865351,325.003747510547
14.55,100,0,3614.76614428595,106.318136079582,4,0.99907849943537,0.97907849943537,331.925046687066,324.980676635388
14.56,100,0,3615.45771889016,106.344377090268,4,0.999083497531296,0.979083497531296,331.899808702474,324.957625534386
14.57,100,0,3616.14897553859,106.370608537568,4,0.999088493537143,0.979088493537143,331.874588515618,324.934590913015
14.58,100,0,3616.83991210896,106.396830424239,4,0.999093487510629,0.979093487510629,331.849383959771,324.911570669426
14.59,100,0,3617.53052730146,106.423042752822,4,0.999098479488767,0.979098479488767,331.824193651542,324.888563461811
14.6,100,0,3618.22082034071,106.449245525721,4,0.999103469495374,0.979103469495374,331.799016706807,324.865568432788
14.61,100,0,3618.91079078572,106.475438745248,4,0.999108457545849,0.979108457545849,331.773852559721,324.842585033792
14.62,100,0,3619.60043840879,106.501622413663,4,0.999113443650223,0.979113443650223,331.748700847368,324.819612913154
14.63,100,0,3620.28976311825,106.527796533188,4,0.999118427815106,0.979118427815105,331.723561336243,324.79665184477
14.64,100,0,3620.97876490922,106.553961106024,4,0.99912341004492,0.97912341004492,331.698433875382,324.773701682623
14.65,100,0,3621.66744383216,106.580116134357,4,0.999128390342697,0.979128390342697,331.673318366477,324.750762331789
14.66,100,0,3622.35579997285,106.606261620365,4,0.999133368710576,0.979133368710576,331.648214744818,324.727833729942
14.67,100,0,3623.04383343959,106.63239756622,4,0.99913834515013,0.97913834515013,331.623122967138,324.704915835561
14.68,100,0,3623.73154435503,106.658523974091,4,0.999143319662569,0.979143319662569,331.598043003854,324.682008620405
14.69,100,0,3624.41893285096,106.684640846145,4,0.99914829224887,0.97914829224887,331.572974834123,324.659112064709
14.7,100,0,3625.10599906497,106.710748184548,4,0.999153262909866,0.979153262909866,331.54791844268,324.636226154124
14.71,100,0,3625.79274313838,106.736845991467,4,0.999158231646291,0.979158231646291,331.522873817826,324.613350877759
14.72,100,0,3626.4791652148,106.762934269066,4,0.999163198458822,0.979163198458822,331.497840950137,324.59048622693
14.73,100,0,3627.16526543932,106.789013019512,4,0.999168163348095,0.979168163348095,331.472819831648,324.567632194369
14.74,100,0,3627.85104395796,106.815082244971,4,0.999173126314722,0.979173126314722,331.447810455324,324.544788773709
14.75,100,0,3628.53650091728,106.84114194761,4,0.9991780873593,0.9791780873593,331.422812814724,324.52195595916
14.76,100,0,3629.22163646418,106.867192129597,4,0.999183046482416,0.979183046482415,331.39782690379,324.499133745306
14.77,100,0,3629.90645074575,106.893232793098,4,0.999188003684648,0.979188003684648,331.37285271671,324.476322126963
14.78,100,0,3630.59094390915,106.919263940282,4,0.999192958966573,0.979192958966573,331.347890247829,324.453521099103
14.79,100,0,3631.27511610163,106.945285573318,4,0.999197912328764,0.979197912328764,331.322939491592,324.430730656797
14.8,100,0,3631.95896747038,106.971297694376,4,0.999202863771792,0.979202863771792,331.298000442512,324.407950795176
14.81,100,0,3632.64249816261,106.997300305625,4,0.999207813296227,0.979207813296227,331.273073095142,324.385181509415
14.82,100,0,3633.32570832547,107.023293409236,4,0.999212760902639,0.979212760902639,331.248157444069,324.362422794719
14.83,100,0,3634.00859810606,107.049277007381,4,0.999217706591595,0.979217706591595,331.223253483893,324.339674646305
14.84,100,0,3634.69116765142,107.075251102231,4,0.999222650363666,0.979222650363666,331.198361209231,324.316937059406
14.85,100,0,3635.37341710853,107.101215695958,4,0.999227592219418,0.979227592219418,331.173480614707,324.294210029263
14.86,100,0,3636.05534662433,107.127170790735,4,0.999232532159421,0.979232532159421,331.148611694953,324.271493551126
14.87,100,0,3636.73695634565,107.153116388736,4,0.999237470184241,0.979237470184241,331.123754444607,324.248787620245
14.88,100,0,3637.4182464193,107.179052492135,4,0.999242406294448,0.979242406294448,331.098908858309,324.226092231876
14.89,100,0,3638.099216992,107.204979103107,4,0.999247340490608,0.979247340490608,331.074074930705,324.203407381281
14.9,100,0,3638.77986821039,107.230896223827,4,0.999252272773289,0.979252272773289,331.049252656442,324.18073306372
14.91,100,0,3639.46020022108,107.256803856471,4,0.99925720314306,0.97925720314306,331.024442030172,324.158069274458
14.92,100,0,3640.14021317058,107.282702003215,4,0.999262131600486,0.979262131600486,330.999643046547,324.135416008762
14.93,100,0,3640.81990720535,107.308590666236,4,0.999267058146137,0.979267058146137,330.974855700227,324.112773261903
14.94,100,0,3641.49928247176,107.334469847712,4,0.99927198278058,0.97927198278058,330.950079985867,324.090141029152
14.95,100,0,3642.17833911615,107.360339549821,4,0.999276905504381,0.979276905504381,330.925315898132,324.067519305783
14.96,100,0,3642.85707728477,107.386199774741,4,0.999281826318108,0.979281826318108,330.900563431684,324.04490808707
14.97,100,0,3643.53549712378,107.412050524653,4,0.999286745222328,0.979286745222328,330.87582258119,324.022307368294
14.98,100,0,3644.21359877933,107.437891801736,4,0.999291662217609,0.979291662217609,330.851093341318,323.999717144732
14.99,100,0,3644.89138239744,107.46372360817,4,0.999296577304518,0.979296577304518,330.826375706742,323.97713741167
15,60,0,3645.5688481241,107.489545946136,4,0.999301490483621,0.979301490483621,330.801669672133,323.95456816439
15.01,60,0,3617.14697491512,107.51361055332,4,1.00003141338366,0.980031413383657,305.097619945845,299.005251695516
15.02,60,0,3598.4929502484,107.535136332105,4,1.00052162627816,0.980521626278159,289.352310155842,283.716197721348
15.03,60,0,3585.85046253513,107.555059667155,4,1.00086131661844,0.980861316618442,279.102574159457,273.760918361641
15.04,60,0,3577.25577044321,107.573874153188,4,1.00104906492087,0.981049064920867,270.991202673344,265.855665984465
15.05,60,0,3572.04527647246,107.591754106071,4,1.00112390108911,0.981123901089112,264.954904000312,259.953589025478
15.06,60,0,3569.00440800312,107.609032423701,4,1.0011706130602,0.981170613060199,261.311140984938,256.390812399652
15.07,60,0,3567.28410340573,107.625942763737,4,1.00120013763412,0.981200137634122,259.072877768848,254.202343324062
15.08,60,0,3566.37869406564,107.642624255479,4,1.00121902924066,0.981219029240655,257.682867264539,252.84333286926
15.09,60,0,3565.98039536325,107.65916157165,4,1.00123129312982,0.981231293129823,256.813406863705,251.993351309949
15.1,60,0,3565.8993230645,107.675606945972,4,1.00123940639714,0.981239406397135,256.26673870023,251.459022561544
15.11,60,0,3566.01733621071,107.69199287539,4,1.00124491257637,0.981244912576374,255.921550059883,251.12171901492
15.12,60,0,3566.26053769768,107.708339686288,4,1.00124877804108,0.981248778041081,255.702644142583,250.907907106783
15.13,60,0,3566.58254801556,107.724660135948,4,1.00125160964096,0.981251609640962,255.563099886093,250.771703128062
15.14,60,0,3566.95419499893,107.740962248703,4,1.00125378919452,0.981253789194518,255.473515691663,250.684355311289
15.15,60,0,3567.35710381513,107.757251079106,4,1.00125555723731,0.981255557237308,255.415417996455,250.627798313112
15.16,60,0,3567.77968984698,107.773529814103,4,1.0012570654268,0.981257065426802,255.377179171409,250.590661410712
15.17,60,0,3568.21464486715,107.789800464461,4,1.00125840943712,0.981258409437117,255.351472155739,250.565779414967
15.18,60,0,3568.65735642795,107.806064299502,4,1.00125964964895,0.981259649648952,255.333676325355,250.548633774596
15.19,60,0,3569.10491255636,107.822322120855,4,1.00126082418018,0.981260824180185,255.320876275072,250.536373484084
15.2,60,0,3569.55547440245,107.838574435002,4,1.00126195709976,0.981261957099765,255.311231832663,250.527199017671
15.21,60,0,3570.00788055314,107.854821562105,4,1.00126306360845,0.981263063608446,255.303581181765,250.519974220627
15.22,60,0,3570.4613973493,107.871063704679,4,1.00126415330777,0.981264153307774,255.297190637492,250.513981612752
15.23,60,0,3570.91556128105,107.887300990941,4,1.00126523226341,0.98126523226341,255.291596797692,250.508768026584
15.24,60,0,3571.3700794799,107.903533502174,4,1.00126630430777,0.981266304307765,255.286506928899,250.50404719376
15.25,60,0,3571.82476687953,107.919761290012,4,1.00126737186254,0.981267371862539,255.281736084693,250.499638252333
15.26,60,0,3572.2795065262,107.935984387357,4,1.00126843645819,0.981268436458191,255.277167402742,250.495426920765
15.27,60,0,3572.73422450703,107.952202815275,4,1.00126949906206,0.981269499062059,255.272727032174,250.491340979067
15.28,60,0,3573.18887411018,107.968416587348,4,1.00127056028563,0.981270560285632,255.268368297628,250.487334782612
15.29,60,0,3573.64342581638,107.984625712432,4,1.00127162051551,0.98127162051551,255.264061695855,250.483379479663
15.3,60,0,3574.09786097419,108.000830196395,4,1.00127267999615,0.981272679996146,255.259788575866,250.479456831089
15.31,60,0,3574.55216780282,108.017030043213,4,1.00127373888214,0.98127373888214,255.255537145755,250.475555305384
15.32,60,0,3575.00633886552,108.033225255669,4,1.00127479727128,0.981274797271285,255.251299949329,250.47166761101
15.33,60,0,3575.46036947246,108.049415835791,4,1.00127585522546,0.981275855225459,255.247072271366,250.467789136879
15.34,60,0,3575.91425667097,108.065601785131,4,1.00127691278383,0.981276912783828,255.242851129622,250.463916966618
15.35,60,0,3576.36799860708,108.081783104935,4,1.00127796997119,0.981277969971194,255.238634637661,250.460049255463
15.36,60,0,3576.82159412182,108.097959796262,4,1.00127902680327,0.981279026803275,255.234421602021,250.456184836328
15.37,60,0,3577.27504249584,108.114131860049,4,1.00128008329004,0.981280083290044,255.230211267525,250.452322970733
15.38,60,0,3577.72834328797,108.130299297157,4,1.00128113943784,0.981281139437838,255.226003156219,250.4484631913
15.39,60,0,3578.18149623305,108.146462108398,4,1.00128219525069,0.981282195250694,255.221796965523,250.444605202155
15.4,60,0,3578.63450117727,108.162620294555,4,1.00128325073119,0.981283250731193,255.217592503807,250.440748815925
15.41,60,0,3579.08735803734,108.178773856391,4,1.001284305881,0.981284305880998,255.213389649649,250.436893913893
15.42,60,0,3579.54006677456,108.194922794658,4,1.00128536070119,0.981285360701186,255.209188326051,250.433040420786
15.43,60,0,3579.99262737849,108.211067110098,4,1.00128641519247,0.981286415192466,255.204988484129,250.429188288826
15.44,60,0,3580.44503985656,108.227206803452,4,1.00128746935531,0.981287469355314,255.200790092798,250.425337487638
15.45,60,0,3580.89730422752,108.243341875457,4,1.00128852319006,0.981288523190058,255.196593132232,250.421487997862
15.46,60,0,3581.34942051728,108.259472326845,4,1.00128957669693,0.981289576696932,255.192397589741,250.417639807113
15.47,60,0,3581.8013887563,108.275598158353,4,1.00129062987611,0.981290629876111,255.188203457152,250.413792907422
15.48,60,0,3582.2532089779,108.291719370712,4,1.00129168272773,0.981291682727733,255.184010729146,250.409947293615
15.49,60,0,3582.70488121723,108.307835964656,4,1.00129273525191,0.981292735251911,255.179819402218,250.406102962291
15.5,60,0,3583.15640551057,108.323947940918,4,1.00129378744874,0.981293787448743,255.17562947401,250.402259911168
15.51,60,0,3583.60778189497,108.340055300231,4,1.00129483931832,0.98129483931832,255.171440942889,250.398418138676
15.52,60,0,3584.05901040789,108.356158043329,4,1.00129589086072,0.981295890860723,255.167253807683,250.394577643695
15.53,60,0,3584.51009108711,108.372256170944,4,1.00129694207603,0.981296942076032,255.163068067512,250.390738425388
15.54,60,0,3584.96102397059,108.388349683812,4,1.00129799296432,0.981297992964324,255.158883721681,250.386900483103
15.55,60,0,3585.41180909641,108.404438582665,4,1.00129904352567,0.981299043525674,255.15470076961,250.383063816298
15.56,60,0,3585.86244650269,108.420522868239,4,1.00130009376016,0.981300093760157,255.150519210794,250.379228424505
15.57,60,0,3586.31293622764,108.436602541267,4,1.00130114366784,0.981301143667845,255.146339044777,250.375394307303
15.58,60,0,3586.76327830946,108.452677602486,4,1.00130219324881,0.981302193248812,255.142160271131,250.371561464301
15.59,60,0,3587.21347278639,108.468748052629,4,1.00130324250313,0.981303242503132,255.137982889448,250.367729895124
15.6,60,0,3587.66351969667,108.484813892432,4,1.00130429143088,0.981304291430877,255.13380689933,250.363899599409
15.61,60,0,3588.11341907853,108.500875122632,4,1.00130534003212,0.981305340032119,255.129632300389,250.360070576803
15.62,60,0,3588.56317097023,108.516931743964,4,1.00130638830693,0.981306388306932,255.125459092242,250.356242826956
15.63,60,0,3589.01277541001,108.532983757164,4,1.00130743625539,0.981307436255389,255.121287274508,250.352416349522
15.64,60,0,3589.46223243611,108.54903116297,4,1.00130848387756,0.981308483877561,255.117116846807,250.348591144155
15.65,60,0,3589.91154208679,108.565073962118,4,1.00130953117352,0.981309531173521,255.11294780876,250.34476721051
15.66,60,0,3590.36070440027,108.581112155345,4,1.00131057814334,0.981310578143343,255.108780159994,250.340944548247
15.67,60,0,3590.8097194148,108.597145743389,4,1.0013116247871,0.981311624787098,255.10461390013,250.337123157022
15.68,60,0,3591.2585871686,108.613174726988,4,1.00131267110486,0.98131267110486,255.100449028792,250.333303036493
15.69,60,0,3591.70730769992,108.629199106879,4,1.0013137170967,0.9813137170967,255.096285545605,250.329484186319
15.7,60,0,3592.15588104699,108.645218883802,4,1.00131476276269,0.981314762762692,255.092123450194,250.325666606158
15.71,60,0,3592.60430724801,108.661234058494,4,1.00131580810291,0.981315808102908,255.087962742181,250.321850295668
15.72,60,0,3593.05258634123,108.677244631695,4,1.00131685311742,0.981316853117421,255.083803421194,250.318035254509
15.73,60,0,3593.50071836486,108.693250604145,4,1.0013178978063,0.981317897806303,255.079645486856,250.314221482339
15.74,60,0,3593.94870335711,108.709251976581,4,1.00131894216963,0.981318942169628,255.075488938791,250.310408978815
15.75,60,0,3594.3965413562,108.725248749745,4,1.00131998620747,0.981319986207466,255.071333776626,250.306597743598
15.76,60,0,3594.84423240033,108.741240924377,4,1.00132102991989,0.981321029919893,255.067179999984,250.302787776347
15.77,60,0,3595.29177652773,108.757228501216,4,1.00132207330698,0.981322073306979,255.063027608491,250.29897907672
15.78,60,0,3595.73917377657,108.773211481004,4,1.0013231163688,0.981323116368798,255.058876601772,250.295171644376
15.79,60,0,3596.18642418508,108.789189864481,4,1.00132415910542,0.981324159105422,255.054726979452,250.291365478973
15.8,60,0,3596.63352779145,108.805163652389,4,1.00132520151692,0.981325201516923,255.050578741156,250.287560580173
15.81,60,0,3597.08048463386,108.821132845469,4,1.00132624360338,0.981326243603376,255.046431886508,250.283756947631
15.82,60,0,3597.52729475051,108.837097444463,4,1.00132728536485,0.981327285364851,255.042286415135,250.279954581009
15.83,60,0,3597.97395817959,108.853057450114,4,1.00132832680142,0.981328326801422,255.038142326662,250.276153479966
15.84,60,0,3598.42047495928,108.869012863163,4,1.00132936791316,0.981329367913162,255.033999620712,250.272353644159
15.85,60,0,3598.86684512777,108.884963684354,4,1.00133040870014,0.981330408700143,255.029858296913,250.26855507325
15.86,60,0,3599.31306872322,108.900909914428,4,1.00133144916244,0.981331449162437,255.02571835489,250.264757766896
15.87,60,0,3599.75914578382,108.91685155413,4,1.00133248930012,0.981332489300119,255.021579794267,250.260961724757
15.88,60,0,3600.20409456311,108.932788581664,4,1.00133354173894,0.98133354173894,255.016486223676,250.2562316277
15.89,60,0,3600.64296709361,108.948720557791,4,1.00133466996108,0.981334669961081,255.005628520548,250.24586430243
15.9,60,0,3601.07698260326,108.964646787299,4,1.00133585796083,0.981335857960831,254.990218193641,250.231044542676
15.91,60,0,3601.50788796429,108.980566813287,4,1.00133708305181,0.981337083051809,254.971973046694,250.213452289607
15.92,60,0,3601.93677267748,108.996480351797,4,1.0013383310869,0.9813383310869,254.951964194762,250.194135050215
15.93,60,0,3602.36431633347,109.012387226705,4,1.00133959324312,0.981339593243117,254.930859553394,250.173746019246
15.94,60,0,3602.79094290085,109.028287329139,4,1.00134086401727,0.981340864017274,254.909075650839,250.152692545039
15.95,60,0,3603.21691692506,109.044180592162,4,1.00134213997643,0.981342139976428,254.886872271832,250.131228687138
15.96,60,0,3603.64240351284,109.060066974996,4,1.00134341897881,0.981343418978808,254.864411460766,250.10951291893
15.97,60,0,3604.06750573906,109.075946453182,4,1.00134469968802,0.981344699688023,254.841794307571,250.08764410272
15.98,60,0,3604.49228797665,109.091819012441,4,1.00134598127011,0.981345981270114,254.819083884067,250.065683920561
15.99,60,0,3604.9167904489,109.107684644844,4,1.00134726320461,0.981347263204609,254.79631954657,250.043670861634
16,60,0,3605.34103830784,109.12354334643,4,1.00134854516666,0.981348545166656,254.773525855771,250.021628945541
16.01,60,0,3605.7650472985,109.139395115707,4,1.00134982695349,0.981349826953492,254.75071814038,249.999573163339
16.02,60,0,3606.18882729355,109.15523995273,4,1.00135110843856,0.981351108438561,254.727905967844,249.977512871777
16.03,60,0,3606.61238449921,109.171077858517,4,1.00135238954288,0.981352389542883,254.705095309755,249.955453910976
16.04,60,0,3607.03572283227,109.186908834688,4,1.00135367021718,0.981353670217183,254.68228989305,249.933399925861
16.05,60,0,3607.45884477967,109.202732883239,4,1.00135495043074,0.981354950430735,254.659492043283,249.911353190852
16.06,60,0,3607.88175193525,109.218550006398,4,1.0013562301644,0.9813562301644,254.636703210964,249.889315124603
16.07,60,0,3608.30444533488,109.234360206541,4,1.00135750940628,0.981357509406276,254.613924300137,249.86728661134
16.08,60,0,3608.7269256658,109.250163486136,4,1.00135878814898,0.981358788148979,254.591155873529,249.845268201494
16.09,60,0,3609.14919339741,109.265959847705,4,1.00136006638795,0.981360066387954,254.568398280656,249.82326023698
16.1,60,0,3609.57124886289,109.281749293806,4,1.00136134412041,0.981361344120409,254.545651737824,249.801262929437
16.11,60,0,3609.99309231032,109.297531827021,4,1.00136262134465,0.981362621344655,254.522916378103,249.779276409102
16.12,60,0,3610.41472393449,109.313307449943,4,1.00136389805969,0.981363898059694,254.500192282546,249.757300755341
16.13,60,0,3610.83614389692,109.329076165173,4,1.00136517426496,0.981365174264959,254.477479499693,249.735336015724
16.14,60,0,3611.25735233825,109.344837975319,4,1.00136644996015,0.981366449960152,254.454778057764,249.713382217946
16.15,60,0,3611.67834938608,109.36059288299,4,1.00136772514514,0.981367725145144,254.43208797227,249.691439377276
16.16,60,0,3612.09913515982,109.376340890797,4,1.00136899981991,0.981368999819912,254.40940925078,249.669507501213
16.17,60,0,3612.51970977373,109.392082001351,4,1.0013702739845,0.981370273984497,254.386741895897,249.6475865924
16.18,60,0,3612.94007333884,109.407816217265,4,1.00137154763898,0.981371547638983,254.364085907116,249.625676650442
16.19,60,0,3613.36022596413,109.42354354115,4,1.00137282078348,0.98137282078348,254.341441281991,249.603777673044
16.2,60,0,3613.78016775729,109.439263975619,4,1.00137409341811,0.981374093418114,254.318808016865,249.581889656726
16.21,60,0,3614.19989882518,109.454977523282,4,1.00137536554302,0.981375365543019,254.296186107317,249.560012597264
16.22,60,0,3614.61941927411,109.470684186749,4,1.00137663715834,0.981376637158339,254.273575548456,249.538146489971
16.23,60,0,3615.03872921004,109.486383968632,4,1.00137790826422,0.981377908264218,254.250976335097,249.516291329872
16.24,60,0,3615.45782873867,109.50207687154,4,1.00137917886081,0.981379178860806,254.228388461865,249.494447111811
16.25,60,0,3615.87671796556,109.517762898082,4,1.00138044894825,0.981380448948252,254.205811923277,249.47261383052
16.26,60,0,3616.29539699612,109.533442050865,4,1.00138171852671,0.981381718526708,254.183246713775,249.450791480663
16.27,60,0,3616.71386593566,109.549114332499,4,1.00138298759632,0.981382987596324,254.160692827762,249.428980056861
16.28,60,0,3617.13212488943,109.56477974559,4,1.00138425615725,0.981384256157254,254.138150259614,249.407179553712
16.29,60,0,3617.55017396259,109.580438292745,4,1.00138552420965,0.981385524209649,254.115619003688,249.385389965794
16.3,60,0,3617.96801326025,109.59608997657,4,1.00138679175366,0.981386791753662,254.093099054338,249.363611287683
16.31,60,0,3618.38564288746,109.61173479967,4,1.00138805878945,0.981388058789445,254.07059040591,249.341843513944
16.32,60,0,3618.80306294921,109.62737276465,4,1.00138932531715,0.981389325317151,254.048093052749,249.320086639146
16.33,60,0,3619.22027355043,109.643003874114,4,1.00139059133693,0.981390591336931,254.025606989201,249.298340657855
16.34,60,0,3619.63727479602,109.658628130666,4,1.00139185684894,0.98139185684894,254.003132209613,249.276605564638
16.35,60,0,3620.0540667908,109.674245536909,4,1.00139312185333,0.981393121853329,253.980668708331,249.254881354065
16.36,60,0,3620.47064963956,109.689856095444,4,1.00139438635025,0.981394386350251,253.958216479708,249.233168020707
16.37,60,0,3620.88702344702,109.705459808874,4,1.00139565033986,0.981395650339858,253.935775518094,249.211465559136
16.38,60,0,3621.30318831787,109.7210566798,4,1.0013969138223,0.981396913822304,253.913345817845,249.189773963928
16.39,60,0,3621.71914435673,109.736646710821,4,1.00139817679774,0.98139817679774,253.890927373319,249.168093229662
16.4,60,0,3622.13489166819,109.752229904539,4,1.00139943926632,0.98139943926632,253.868520178875,249.146423350918
16.41,60,0,3622.55043035676,109.767806263552,4,1.0014007012282,0.981400701228196,253.846124228876,249.124764322279
16.42,60,0,3622.96576052693,109.783375790458,4,1.00140196268352,0.98140196268352,253.823739517688,249.10311613833
16.43,60,0,3623.38088228311,109.798938487857,4,1.00140322363245,0.981403223632446,253.801366039679,249.08147879366
16.44,60,0,3623.79579572968,109.814494358344,4,1.00140448407513,0.981404484075125,253.779003789222,249.059852282861
16.45,60,0,3624.21050097097,109.830043404517,4,1.00140574401171,0.981405744011711,253.756652760687,249.038236600523
16.46,60,0,3624.62499811125,109.845585628972,4,1.00140700344236,0.981407003442356,253.734312948454,249.016631741247
16.47,60,0,3625.03928725474,109.861121034304,4,1.00140826236721,0.981408262367212,253.711984346899,248.995037699627
16.48,60,0,3625.45336850561,109.876649623109,4,1.00140952078643,0.981409520786433,253.689666950406,248.973454470268
16.49,60,0,3625.86724196798,109.89217139798,4,1.00141077870017,0.98141077870017,253.66736075336,248.951882047772
16.5,60,0,3626.28090774592,109.907686361512,4,1.00141203610858,0.981412036108577,253.645065750147,248.930320426746
16.51,60,0,3626.69436594345,109.923194516296,4,1.00141329301181,0.981413293011805,253.622781935157,248.908769601798
16.52,60,0,3627.10761666455,109.938695864927,4,1.00141454941001,0.981414549410008,253.600509302784,248.887229567541
16.53,60,0,3627.52066001312,109.954190409994,4,1.00141580530334,0.981415805303339,253.578247847423,248.865700318588
16.54,60,0,3627.93349609304,109.96967815409,4,1.00141706069195,0.981417060691949,253.555997563472,248.844181849558
16.55,60,0,3628.34612500812,109.985159099806,4,1.00141831557599,0.981418315575991,253.533758445334,248.82267415507
16.56,60,0,3628.75854686214,110.00063324973,4,1.00141956995562,0.981419569955618,253.51153048741,248.801177229744
16.57,60,0,3629.1707617588,110.016100606452,4,1.00142082383098,0.981420823830982,253.489313684107,248.779691068207
16.58,60,0,3629.58276980178,110.031561172562,4,1.00142207720224,0.981422077202237,253.467108029837,248.758215665086
16.59,60,0,3629.99457109468,110.047014950646,4,1.00142333006953,0.981423330069534,253.444913519008,248.73675101501
16.6,60,0,3630.40616574108,110.062461943293,4,1.00142458243303,0.981424582433026,253.422730146038,248.715297112612
16.61,60,0,3630.81755384449,110.077902153089,4,1.00142583429287,0.981425834292865,253.400557905342,248.693853952528
16.62,60,0,3631.22873550838,110.093335582621,4,1.00142708564921,0.981427085649205,253.378396791343,248.672421529396
16.63,60,0,3631.63971083615,110.108762234473,4,1.0014283365022,0.981428336502198,253.356246798461,248.650999837854
16.64,60,0,3632.05047993118,110.124182111231,4,1.001429586852,0.981429586851996,253.334107921123,248.629588872546
16.65,60,0,3632.46104289677,110.13959521548,4,1.00143083669875,0.981430836698752,253.311980153755,248.608188628118
16.66,60,0,3632.87139983619,110.155001549802,4,1.00143208604262,0.981432086042618,253.289863490792,248.586799099218
16.67,60,0,3633.28155085265,110.170401116782,4,1.00143333488375,0.981433334883748,253.267757926665,248.565420280496
16.68,60,0,3633.69149604932,110.185793919001,4,1.00143458322229,0.981434583222292,253.24566345581,248.544052166606
16.69,60,0,3634.10123552931,110.201179959041,4,1.00143583105841,0.981435831058405,253.223580072668,248.522694752204
16.7,60,0,3634.51076939568,110.216559239483,4,1.00143707839224,0.981437078392239,253.20150777168,248.501348031947
16.71,60,0,3634.92009775145,110.231931762909,4,1.00143832522395,0.981438325223945,253.179446547291,248.480012000499
16.72,60,0,3635.32922069957,110.247297531897,4,1.00143957155368,0.981439571553677,253.157396393947,248.45868665252
16.73,60,0,3635.73813834296,110.262656549028,4,1.00144081738159,0.981440817381588,253.135357306099,248.437371982678
16.74,60,0,3636.14685078448,110.278008816879,4,1.00144206270783,0.981442062707829,253.113329278199,248.416067985642
16.75,60,0,3636.55535812694,110.29335433803,4,1.00144330753255,0.981443307532553,253.091312304705,248.394774656084
16.76,60,0,3636.96366047311,110.308693115057,4,1.00144455185591,0.981444551855913,253.069306380071,248.373491988675
16.77,60,0,3637.3717579257,110.324025150537,4,1.00144579567806,0.981445795678061,253.047311498761,248.352219978096
16.78,60,0,3637.77965058736,110.339350447047,4,1.00144703899915,0.98144703899915,253.025327655237,248.330958619022
16.79,60,0,3638.18733856072,110.354669007162,4,1.00144828181933,0.981448281819332,253.003354843965,248.309707906136
16.8,60,0,3638.59482194833,110.369980833457,4,1.00144952413876,0.98144952413876,252.981393059415,248.288467834123
16.81,60,0,3639.00210085271,110.385285928506,4,1.00145076595759,0.981450765957586,252.959442296058,248.26723839767
16.82,60,0,3639.40917537632,110.400584294883,4,1.00145200727596,0.981452007275963,252.937502548368,248.246019591465
16.83,60,0,3639.81604562156,110.415875935161,4,1.00145324809404,0.981453248094043,252.915573810823,248.224811410201
16.84,60,0,3640.22271169081,110.431160851913,4,1.00145448841198,0.981454488411978,252.893656077901,248.203613848571
16.85,60,0,3640.62917368638,110.44643904771,4,1.00145572822992,0.981455728229922,252.871749344087,248.182426901275
16.86,60,0,3641.03543171052,110.461710525123,4,1.00145696754803,0.981456967548027,252.849853603863,248.16125056301
16.87,60,0,3641.44148586546,110.476975286724,4,1.00145820636644,0.981458206366445,252.82796885172,248.14008482848
16.88,60,0,3641.84733625335,110.492233335081,4,1.00145944468533,0.981459444685328,252.806095082145,248.118929692388
16.89,60,0,3642.25298297631,110.507484672765,4,1.00146068250483,0.98146068250483,252.784232289635,248.097785149444
16.9,60,0,3642.65842613641,110.522729302343,4,1.0014619198251,0.981461919825102,252.762380468682,248.076651194356
16.91,60,0,3643.06366583565,110.537967226384,4,1.0014631566463,0.981463156646296,252.740539613787,248.055527821836
16.92,60,0,3643.468702176,110.553198447456,4,1.00146439296857,0.981464392968567,252.718709719451,248.034415026601
16.93,60,0,3643.87353525938,110.568422968125,4,1.00146562879207,0.981465628792065,252.696890780178,248.013312803367
16.94,60,0,3644.27816518765,110.583640790957,4,1.00146686411694,0.981466864116944,252.675082790473,247.992221146855
16.95,60,0,3644.68259206262,110.598851918518,4,1.00146809894336,0.981468098943356,252.653285744848,247.971140051788
16.96,60,0,3645.08681598607,110.614056353373,4,1.00146933327145,0.981469333271452,252.631499637811,247.95006951289
16.97,60,0,3645.4908370597,110.629254098085,4,1.00147056710139,0.981470567101387,252.60972446388,247.92900952489
16.98,60,0,3645.8946553852,110.644445155219,4,1.00147180043331,0.981471800433311,252.587960217572,247.907960082518
16.99,60,0,3646.29827106416,110.659629527338,4,1.00147303326738,0.981473033267378,252.566206893406,247.886921180507
17,60,0,3646.70168419816,110.674807217004,4,1.00147426560374,0.98147426560374,252.544464485905,247.865892813593
17.01,60,0,3647.10489488873,110.689978226778,4,1.00147549744255,0.98147549744255,252.522732989593,247.844874976513
17.02,60,0,3647.50790323732,110.705142559223,4,1.00147672878396,0.981476728783959,252.501012399001,247.823867664009
17.03,60,0,3647.91070934535,110.720300216897,4,1.00147795962812,0.98147795962812,252.479302708657,247.802870870823
17.04,60,0,3648.3133133142,110.735451202362,4,1.00147918997519,0.981479189975186,252.457603913096,247.781884591702
17.05,60,0,3648.71571524519,110.750595518176,4,1.00148041982531,0.981480419825309,252.435916006854,247.760908821393
17.06,60,0,3649.11791523958,110.765733166899,4,1.00148164917864,0.981481649178641,252.414238984468,247.739943554648
17.07,60,0,3649.5199133986,110.780864151087,4,1.00148287803534,0.981482878035336,252.392572840481,247.718988786218
17.08,60,0,3649.92170982342,110.795988473298,4,1.00148410639554,0.981484106395544,252.370917569437,247.698044510862
17.09,60,0,3650.32330461516,110.81110613609,4,1.00148533425942,0.981485334259419,252.349273165882,247.677110723337
17.1,60,0,3650.72469787491,110.826217142017,4,1.00148656162711,0.981486561627112,252.327639624366,247.656187418404
17.11,60,0,3651.12588970367,110.841321493636,4,1.00148778849878,0.981487788498777,252.30601693944,247.635274590826
17.12,60,0,3651.52688020242,110.856419193501,4,1.00148901487457,0.981489014874566,252.28440510566,247.61437223537
17.13,60,0,3651.9276694721,110.871510244166,4,1.00149024075463,0.981490240754631,252.262804117583,247.593480346805
17.14,60,0,3652.32825761358,110.886594648186,4,1.00149146613912,0.981491466139124,252.241213969769,247.572598919901
17.15,60,0,3652.72864472768,110.901672408112,4,1.0014926910282,0.981492691028198,252.21963465678,247.551727949432
17.16,60,0,3653.12883091519,110.916743526498,4,1.001493915422,0.981493915422005,252.198066173183,247.530867430175
17.17,60,0,3653.52881627683,110.931808005894,4,1.0014951393207,0.981495139320697,252.176508513544,247.510017356908
17.18,60,0,3653.92860091328,110.946865848852,4,1.00149636272443,0.981496362724427,252.154961672434,247.489177724412
17.19,60,0,3654.32818492517,110.961917057922,4,1.00149758563335,0.981497585633347,252.133425644428,247.468348527471
17.2,60,0,3654.72756841308,110.976961635654,4,1.00149880804761,0.98149880804761,252.1119004241,247.447529760872
17.21,60,0,3655.12675147756,110.991999584597,4,1.00150002996737,0.981500029967367,252.090386006031,247.426721419404
17.22,60,0,3655.52573421907,111.0070309073,4,1.00150125139277,0.981501251392771,252.0688823848,247.405923497859
17.23,60,0,3655.92451673806,111.02205560631,4,1.00150247232398,0.981502472323975,252.047389554991,247.385135991028
17.24,60,0,3656.3230991349,111.037073684174,4,1.00150369276113,0.981503692761131,252.025907511192,247.36435889371
17.25,60,0,3656.72148150994,111.052085143439,4,1.00150491270439,0.98150491270439,252.004436247992,247.343592200704
17.26,60,0,3657.11966396347,111.067089986651,4,1.00150613215391,0.981506132153906,251.982975759982,247.322835906811
17.27,60,0,3657.51764659572,111.082088216355,4,1.00150735110983,0.98150735110983,251.961526041757,247.302090006835
17.28,60,0,3657.91542950688,111.097079835097,4,1.00150856957231,0.981508569572315,251.940087087914,247.281354495582
17.29,60,0,3658.31301279709,111.112064845419,4,1.00150978754151,0.981509787541513,251.918658893053,247.260629367863
17.3,60,0,3658.71039656644,111.127043249865,4,1.00151100501758,0.981511005017576,251.897241451776,247.239914618487
17.31,60,0,3659.10758091498,111.142015050979,4,1.00151222200066,0.981512222000657,251.875834758689,247.219210242271
17.32,60,0,3659.5045659427,111.156980251302,4,1.00151343849091,0.981513438490908,251.854438808398,247.198516234029
17.33,60,0,3659.90135174955,111.171938853375,4,1.00151465448848,0.981514654488482,251.833053595515,247.177832588581
17.34,60,0,3660.29793843541,111.18689085974,4,1.00151586999353,0.981515869993529,251.811679114653,247.15715930075
17.35,60,0,3660.69432610015,111.201836272936,4,1.0015170850062,0.981517085006203,251.790315360427,247.136496365359
17.36,60,0,3661.09051484356,111.216775095504,4,1.00151829952666,0.981518299526656,251.768962327456,247.115843777235
17.37,60,0,3661.48650476538,111.231707329982,4,1.00151951355504,0.981519513555041,251.747620010359,247.095201531206
17.38,60,0,3661.88229596532,111.246632978909,4,1.00152072709151,0.981520727091509,251.726288403762,247.074569622107
17.39,60,0,3662.27788854303,111.261552044821,4,1.00152194013621,0.981521940136212,251.70496750229,247.05394804477
17.4,60,0,3662.67328259812,111.276464530257,4,1.0015231526893,0.981523152689303,251.683657300572,247.033336794031
17.41,60,0,3663.06847823015,111.291370437753,4,1.00152436475093,0.981524364750934,251.662357793239,247.012735864731
17.42,60,0,3663.46347553861,111.306269769843,4,1.00152557632126,0.981525576321257,251.641068974926,246.992145251711
17.43,60,0,3663.85827462296,111.321162529064,4,1.00152678740042,0.981526787400424,251.619790840269,246.971564949816
17.44,60,0,3664.25287558262,111.33604871795,4,1.00152799798859,0.981527997988588,251.598523383907,246.950994953891
17.45,60,0,3664.64727851695,111.350928339035,4,1.0015292080859,0.981529208085901,251.577266600483,246.930435258787
17.46,60,0,3665.04148352525,111.365801394851,4,1.00153041769252,0.981530417692515,251.55602048464,246.909885859356
17.47,60,0,3665.4354907068,111.380667887932,4,1.00153162680858,0.981531626808582,251.534785031027,246.889346750451
17.48,60,0,3665.82930016081,111.39552782081,4,1.00153283543425,0.981532835434255,251.513560234293,246.86881792693
17.49,60,0,3666.22291198644,111.410381196015,4,1.00153404356968,0.981534043569684,251.492346089091,246.848299383652
17.5,60,0,3666.61632628281,111.425228016078,4,1.00153525121502,0.981535251215023,251.471142590074,246.827791115478
17.51,60,0,3667.00954314899,111.440068283529,4,1.00153645837042,0.981536458370424,251.449949731902,246.807293117272
17.52,60,0,3667.40256268401,111.454902000899,4,1.00153766503604,0.981537665036039,251.428767509235,246.786805383904
17.53,60,0,3667.79538498684,111.469729170714,4,1.00153887121202,0.98153887121202,251.407595916735,246.766327910239
17.54,60,0,3668.18801015639,111.484549795504,4,1.00154007689852,0.981540076898519,251.386434949067,246.745860691152
17.55,60,0,3668.58043829156,111.499363877796,4,1.00154128209569,0.981541282095688,251.365284600901,246.725403721516
17.56,60,0,3668.97266949116,111.514171420116,4,1.00154248680368,0.98154248680368,251.344144866907,246.704956996208
17.57,60,0,3669.36470385398,111.528972424992,4,1.00154369102265,0.981543691022646,251.323015741758,246.684520510107
17.58,60,0,3669.75654147874,111.543766894947,4,1.00154489475274,0.981544894752739,251.30189722013,246.664094258096
17.59,60,0,3670.14818246414,111.558554832508,4,1.00154609799411,0.98154609799411,251.280789296701,246.643678235057
17.6,60,0,3670.53962690879,111.573336240198,4,1.00154730074691,0.981547300746912,251.259691966154,246.623272435879
17.61,60,0,3670.9308749113,111.588111120542,4,1.0015485030113,0.981548503011297,251.238605223171,246.60287685545
17.62,60,0,3671.3219265702,111.602879476061,4,1.00154970478742,0.981549704787417,251.21752906244,246.582491488662
17.63,60,0,3671.71278198398,111.617641309279,4,1.00155090607542,0.981550906075424,251.196463478648,246.562116330409
17.64,60,0,3672.10344125108,111.632396622717,4,1.00155210687547,0.98155210687547,251.175408466488,246.541751375588
17.65,60,0,3672.4939044699,111.647145418895,4,1.00155330718771,0.981553307187707,251.154364020654,246.521396619098
17.66,60,0,3672.88417173878,111.661887700335,4,1.00155450701229,0.981554507012286,251.133330135843,246.501052055841
17.67,60,0,3673.27424315601,111.676623469557,4,1.00155570634936,0.981555706349362,251.112306806753,246.48071768072
17.68,60,0,3673.66411881986,111.691352729078,4,1.00155690519908,0.981556905199084,251.091294028088,246.460393488644
17.69,60,0,3674.05379882851,111.706075481419,4,1.00155810356161,0.981558103561606,251.070291794552,246.44007947452
17.7,60,0,3674.44328328013,111.720791729096,4,1.00155930143708,0.981559301437078,251.049300100852,246.41977563326
17.71,60,0,3674.83257227282,111.735501474626,4,1.00156049882565,0.981560498825655,251.028318941698,246.399481959779
17.72,60,0,3675.22166590463,111.750204720527,4,1.00156169572749,0.981561695727486,251.007348311802,246.379198448992
17.73,60,0,3675.61056427357,111.764901469314,4,1.00156289214272,0.981562892142724,250.986388205879,246.358925095819
17.74,60,0,3675.99926747762,111.779591723503,4,1.00156408807152,0.981564088071522,250.965438618647,246.338661895182
17.75,60,0,3676.38777561467,111.794275485607,4,1.00156528351403,0.981565283514031,250.944499544825,246.318408842003
17.76,60,0,3676.7760887826,111.808952758142,4,1.0015664784704,0.981566478470403,250.923570979138,246.29816593121
17.77,60,0,3677.16420707922,111.823623543619,4,1.00156767294079,0.98156767294079,250.902652916309,246.277933157732
17.78,60,0,3677.55213060231,111.838287844553,4,1.00156886692534,0.981568866925345,250.881745351068,246.2577105165
17.79,60,0,3677.93985944958,111.852945663455,4,1.00157006042422,0.981570060424218,250.860848278143,246.237498002448
17.8,60,0,3678.3273937187,111.867597002836,4,1.00157125343756,0.981571253437562,250.83996169227,246.217295610511
17.81,60,0,3678.71473350732,111.882241865207,4,1.00157244596553,0.98157244596553,250.819085588183,246.19710333563
17.82,60,0,3679.10187891299,111.896880253079,4,1.00157363800827,0.981573638008272,250.79821996062,246.176921172745
17.83,60,0,3679.48883003326,111.91151216896,4,1.00157482956594,0.981574829565941,250.777364804323,246.156749116799
17.84,60,0,3679.87558696561,111.92613761536,4,1.00157602063869,0.981576020638688,250.756520114034,246.136587162739
17.85,60,0,3680.26214980747,111.940756594786,4,1.00157721122667,0.981577211226667,250.735685884501,246.116435305514
17.86,60,0,3680.64851865623,111.955369109747,4,1.00157840133003,0.981578401330027,250.714862110472,246.096293540075
17.87,60,0,3681.03469360922,111.969975162748,4,1.00157959094892,0.981579590948922,250.694048786696,246.076161861374
17.88,60,0,3681.42067476375,111.984574756297,4,1.0015807800835,0.981580780083503,250.673245907929,246.056040264369
17.89,60,0,3681.80646221706,111.999167892899,4,1.00158196873392,0.981581968733923,250.652453468927,246.035928744017
17.9,60,0,3682.19205606633,112.013754575059,4,1.00158315690033,0.981583156900332,250.631671464448,246.01582729528
17.91,60,0,3682.57745640873,112.028334805281,4,1.00158434458288,0.981584344582883,250.610899889255,245.995735913121
17.92,60,0,3682.96266334136,112.042908586068,4,1.00158553178173,0.981585531781728,250.590138738111,245.975654592506
17.93,60,0,3683.34767696126,112.057475919925,4,1.00158671849702,0.981586718497019,250.569388005782,245.955583328402
17.94,60,0,3683.73249736544,112.072036809352,4,1.00158790472891,0.981587904728906,250.548647687038,245.935522115781
17.95,60,0,3684.11712465087,112.086591256852,4,1.00158909047754,0.981589090477544,250.527917776652,245.915470949616
17.96,60,0,3684.50155891445,112.101139264927,4,1.00159027574308,0.981590275743081,250.507198269396,245.895429824884
17.97,60,0,3684.88580025305,112.115680836075,4,1.00159146052567,0.981591460525672,250.486489160048,245.87539873656
17.98,60,0,3685.26984876348,112.130215972798,4,1.00159264482547,0.981592644825468,250.465790443388,245.855377679627
17.99,60,0,3685.65370454252,112.144744677594,4,1.00159382864262,0.981593828642619,250.445102114197,245.835366649067
18,60,0,3686.03736768688,112.159266952961,4,1.00159501197728,0.981595011977279,250.42442416726,245.815365639865
18.01,60,0,3686.42083829324,112.173782801398,4,1.0015961948296,0.981596194829599,250.403756597364,245.795374647009
18.02,60,0,3686.80411645823,112.188292225402,4,1.00159737719973,0.981597377199731,250.383099399298,245.77539366549
18.03,60,0,3687.18720227843,112.202795227469,4,1.00159855908783,0.981598559087826,250.362452567856,245.755422690302
18.04,60,0,3687.57009585036,112.217291810095,4,1.00159974049404,0.981599740494036,250.341816097831,245.735461716437
18.05,60,0,3687.95279727051,112.231781975776,4,1.00160092141851,0.981600921418514,250.321189984021,245.715510738894
18.06,60,0,3688.33530663533,112.246265727005,4,1.00160210186141,0.98160210186141,250.300574221228,245.695569752675
18.07,60,0,3688.7176240412,112.260743066278,4,1.00160328182288,0.981603281822876,250.279968804252,245.675638752781
18.08,60,0,3689.09974958446,112.275213996086,4,1.00160446130307,0.981604461303065,250.259373727898,245.655717734216
18.09,60,0,3689.48168336141,112.289678518924,4,1.00160564030213,0.981605640302127,250.238788986974,245.635806691987
18.1,60,0,3689.8634254683,112.304136637282,4,1.00160681882022,0.981606818820215,250.218214576291,245.615905621107
18.11,60,0,3690.24497600133,112.318588353653,4,1.00160799685748,0.981607996857481,250.19765049066,245.596014516585
18.12,60,0,3690.62633505665,112.333033670526,4,1.00160917441407,0.981609174414075,250.177096724898,245.576133373438
18.13,60,0,3691.00750273038,112.347472590392,4,1.00161035149015,0.98161035149015,250.156553273822,245.556262186681
18.14,60,0,3691.38847911856,112.361905115741,4,1.00161152808586,0.981611528085857,250.136020132253,245.536400951336
18.15,60,0,3691.76926431722,112.376331249061,4,1.00161270420135,0.981612704201347,250.115497295013,245.516549662423
18.16,60,0,3692.14985842232,112.39075099284,4,1.00161387983677,0.981613879836774,250.094984756928,245.496708314967
18.17,60,0,3692.53026152977,112.405164349565,4,1.00161505499229,0.981615054992287,250.074482512826,245.476876903995
18.18,60,0,3692.91047373546,112.419571321725,4,1.00161622966804,0.98161622966804,250.053990557536,245.457055424536
18.19,60,0,3693.29049513519,112.433971911803,4,1.00161740386418,0.981617403864183,250.033508885893,245.437243871622
18.2,60,0,3693.67032582476,112.448366122287,4,1.00161857758087,0.981618577580867,250.013037492732,245.417442240287
18.21,60,0,3694.0499658999,112.462753955661,4,1.00161975081825,0.981619750818246,249.99257637289,245.397650525567
18.22,60,0,3694.42941545627,112.477135414409,4,1.00162092357647,0.98162092357647,249.972125521209,245.377868722502
18.23,60,0,3694.80867458954,112.491510501015,4,1.00162209585569,0.98162209585569,249.951684932533,245.358096826134
18.24,60,0,3695.18774339527,112.505879217961,4,1.00162326765606,0.981623267656059,249.931254601705,245.338334831504
18.25,60,0,3695.56662196902,112.520241567731,4,1.00162443897773,0.981624438977728,249.910834523575,245.31858273366
18.26,60,0,3695.94531040627,112.534597552805,4,1.00162560982085,0.981625609820848,249.890424692994,245.298840527651
18.27,60,0,3696.32380880249,112.548947175664,4,1.00162678018557,0.981626780185571,249.870025104814,245.279108208527
18.28,60,0,3696.70211725307,112.563290438789,4,1.00162795007205,0.981627950072049,249.849635753893,245.259385771342
18.29,60,0,3697.08023585337,112.57762734466,4,1.00162911948043,0.981629119480433,249.829256635088,245.239673211153
18.3,60,0,3697.4581646987,112.591957895755,4,1.00163028841087,0.981630288410875,249.80888774326,245.219970523016
18.31,60,0,3697.83590388431,112.606282094552,4,1.00163145686353,0.981631456863525,249.788529073273,245.200277701994
18.32,60,0,3698.21345350543,112.62059994353,4,1.00163262483854,0.981632624838537,249.768180619992,245.180594743148
18.33,60,0,3698.59081365722,112.634911445166,4,1.00163379233606,0.98163379233606,249.747842378287,245.160921641546
18.34,60,0,3698.9679844348,112.649216601936,4,1.00163495935625,0.981634959356247,249.727514343027,245.141258392254
18.35,60,0,3699.34496593325,112.663515416315,4,1.00163612589925,0.981636125899249,249.707196509087,245.121604990343
18.36,60,0,3699.72175824759,112.677807890779,4,1.00163729196522,0.981637291965217,249.686888871343,245.101961430885
18.37,60,0,3700.09836147282,112.692094027802,4,1.0016384575543,0.981638457554304,249.666591424672,245.082327708956
18.38,60,0,3700.47477570386,112.706373829858,4,1.00163962266666,0.98163962266666,249.646304163959,245.062703819634
18.39,60,0,3700.85100103559,112.72064729942,4,1.00164078730244,0.981640787302436,249.626027084083,245.043089757999
18.4,60,0,3701.22703756288,112.73491443896,4,1.00164195146179,0.981641951461785,249.605760179933,245.023485519132
18.41,60,0,3701.6028853805,112.749175250951,4,1.00164311514486,0.981643115144858,249.585503446397,245.003891098118
18.42,60,0,3701.9785445832,112.763429737864,4,1.00164427835181,0.981644278351805,249.565256878366,244.984306490046
18.43,60,0,3702.3540152657,112.777677902168,4,1.00164544108278,0.981645441082779,249.545020470733,244.964731690004
18.44,60,0,3702.72929752264,112.791919746335,4,1.00164660333793,0.981646603337931,249.524794218396,244.945166693084
18.45,60,0,3703.10439144863,112.806155272833,4,1.00164776511741,0.981647765117412,249.504578116252,244.925611494382
18.46,60,0,3703.47929713824,112.82038448413,4,1.00164892642137,0.981648926421373,249.484372159203,244.906066088992
18.47,60,0,3703.85401468599,112.834607382695,4,1.00165008724997,0.981650087249966,249.464176342153,244.886530472016
18.48,60,0,3704.22854418633,112.848823970995,4,1.00165124760334,0.981651247603343,249.443990660008,244.867004638553
18.49,60,0,3704.6028857337,112.863034251496,4,1.00165240748165,0.981652407481654,249.423815107676,244.847488583709
18.5,60,0,3704.97703942248,112.877238226665,4,1.00165356688505,0.981653566885051,249.403649680069,244.82798230259
18.51,60,0,3705.35100534698,112.891435898966,4,1.00165472581368,0.981654725813685,249.383494372101,244.808485790303
18.52,60,0,3705.72478360151,112.905627270865,4,1.00165588426771,0.981655884267707,249.363349178688,244.788999041963
18.53,60,0,3706.09837428028,112.919812344825,4,1.00165704224727,0.98165704224727,249.343214094749,244.769522052679
18.54,60,0,3706.47177747751,112.93399112331,4,1.00165819975252,0.981658199752523,249.323089115204,244.750054817569
18.55,60,0,3706.84499328733,112.948163608782,4,1.00165935678362,0.981659356783619,249.302974234979,244.730597331752
18.56,60,0,3707.21802180383,112.962329803703,4,1.00166051334071,0.981660513340708,249.282869448999,244.711149590349
18.57,60,0,3707.59086312109,112.976489710536,4,1.00166166942394,0.981661669423942,249.262774752192,244.691711588481
18.58,60,0,3707.96351733309,112.990643331739,4,1.00166282503347,0.981662825033472,249.24269013949,244.672283321274
18.59,60,0,3708.3359845338,113.004790669774,4,1.00166398016945,0.981663980169449,249.222615605828,244.652864783858
18.6,60,0,3708.70826481714,113.0189317271,4,1.00166513483202,0.981665134832025,249.202551146141,244.633455971361
18.61,60,0,3709.08035827697,113.033066506175,4,1.00166628902135,0.98166628902135,249.182496755367,244.614056878916
18.62,60,0,3709.45226500712,113.047195009458,4,1.00166744273758,0.981667442737577,249.162452428449,244.594667501658
18.63,60,0,3709.82398510135,113.061317239406,4,1.00166859598086,0.981668595980855,249.14241816033,244.575287834726
18.64,60,0,3710.19551865341,113.075433198476,4,1.00166974875134,0.981669748751337,249.122393945955,244.555917873257
18.65,60,0,3710.56686575697,113.089542889124,4,1.00167090104917,0.981670901049173,249.102379780275,244.536557612395
18.66,60,0,3710.93802650567,113.103646313806,4,1.00167205287451,0.981672052874514,249.082375658239,244.517207047285
18.67,60,0,3711.30900099311,113.117743474976,4,1.00167320422751,0.981673204227512,249.062381574802,244.497866173072
18.68,60,0,3711.67978931282,113.131834375088,4,1.00167435510832,0.981674355108318,249.042397524921,244.478534984906
18.69,60,0,3712.05039155831,113.145919016596,4,1.00167550551708,0.981675505517083,249.022423503553,244.459213477939
18.7,60,0,3712.42080782303,113.159997401953,4,1.00167665545396,0.981676655453958,249.002459505659,244.439901647325
18.71,60,0,3712.79103820039,113.174069533611,4,1.00167780491909,0.981677804919094,248.982505526204,244.420599488221
18.72,60,0,3713.16108278375,113.188135414021,4,1.00167895391264,0.981678953912642,248.962561560154,244.401306995784
18.73,60,0,3713.53094166642,113.202195045635,4,1.00168010243475,0.981680102434754,248.942627602477,244.382024165176
18.74,60,0,3713.90061494168,113.216248430902,4,1.00168125048558,0.98168125048558,248.922703648144,244.362750991561
18.75,60,0,3714.27010270275,113.230295572273,4,1.00168239806527,0.981682398065271,248.902789692128,244.343487470104
18.76,60,0,3714.63940504281,113.244336472195,4,1.00168354517398,0.981683545173979,248.882885729407,244.324233595975
18.77,60,0,3715.00852205499,113.258371133118,4,1.00168469181185,0.981684691811854,248.862991754958,244.304989364342
18.78,60,0,3715.37745383237,113.272399557488,4,1.00168583797905,0.981685837979048,248.843107763762,244.285754770379
18.79,60,0,3715.746200468,113.286421747753,4,1.00168698367571,0.981686983675711,248.823233750803,244.266529809262
18.8,60,0,3716.11476205487,113.300437706359,4,1.00168812890199,0.981688128901995,248.803369711066,244.247314476168
18.81,60,0,3716.48313868593,113.314447435752,4,1.00168927365805,0.98168927365805,248.783515639541,244.228108766277
18.82,60,0,3716.85133045409,113.328450938376,4,1.00169041794403,0.981690417944027,248.763671531217,244.208912674772
18.83,60,0,3717.21933745219,113.342448216676,4,1.00169156176008,0.981691561760078,248.74383738109,244.189726196837
18.84,60,0,3717.58715977306,113.356439273096,4,1.00169270510635,0.981692705106353,248.724013184152,244.170549327659
18.85,60,0,3717.95479750946,113.370424110078,4,1.001693847983,0.981693847983004,248.704198935405,244.151382062428
18.86,60,0,3718.3222507541,113.384402730065,4,1.00169499039018,0.981694990390181,248.684394629847,244.132224396335
18.87,60,0,3718.68951959968,113.398375135498,4,1.00169613232803,0.981696132328035,248.664600262483,244.113076324576
18.88,60,0,3719.0566041388,113.412341328819,4,1.00169727379672,0.981697273796716,248.644815828318,244.093937842346
18.89,60,0,3719.42350446407,113.426301312468,4,1.00169841479638,0.981698414796377,248.62504132236,244.074808944845
18.9,60,0,3719.79022066801,113.440255088884,4,1.00169955532717,0.981699555327168,248.60527673962,244.055689627272
18.91,60,0,3720.15675284311,113.454202660507,4,1.00170069538924,0.98170069538924,248.58552207511,244.036579884833
18.92,60,0,3720.52310108184,113.468144029774,4,1.00170183498274,0.981701834982742,248.565777323848,244.017479712733
18.93,60,0,3720.88926547658,113.482079199124,4,1.00170297410783,0.981702974107828,248.546042480849,243.99838910618
18.94,60,0,3721.25524611969,113.496008170994,4,1.00170411276465,0.981704112764646,248.526317541135,243.979308060384
18.95,60,0,3721.62104310349,113.509930947819,4,1.00170525095335,0.981705250953349,248.506602499729,243.96023657056
18.96,60,0,3721.98665652023,113.523847532037,4,1.00170638867409,0.981706388674086,248.486897351655,243.941174631922
18.97,60,0,3722.35208646215,113.537757926081,4,1.00170752592701,0.981707525927009,248.467202091943,243.922122239688
18.98,60,0,3722.71733302141,113.551662132386,4,1.00170866271227,0.981708662712268,248.447516715622,243.903079389077
18.99,60,0,3723.08239629014,113.565560153386,4,1.00170979903002,0.981709799030015,248.427841217725,243.884046075313
19,60,0,3723.44727636042,113.579451991515,4,1.0017109348804,0.9817109348804,248.408175593286,243.865022293619
19.01,60,0,3723.8119733243,113.593337649203,4,1.00171207026357,0.981712070263573,248.388519837344,243.846008039224
19.02,60,0,3724.17648727376,113.607217128884,4,1.00171320517969,0.981713205179686,248.368873944938,243.827003307355
19.03,60,0,3724.54081830076,113.621090432989,4,1.00171433962889,0.981714339628889,248.349237911112,243.808008093245
19.04,60,0,3724.90496649719,113.634957563947,4,1.00171547361133,0.981715473611332,248.32961173091,243.789022392128
19.05,60,0,3725.26893195492,113.648818524189,4,1.00171660712717,0.981716607127168,248.309995399379,243.770046199241
19.06,60,0,3725.63271476575,113.662673316143,4,1.00171774017655,0.981717740176546,248.29038891157,243.751079509822
19.07,60,0,3725.99631502146,113.676521942239,4,1.00171887275962,0.981718872759616,248.270792262533,243.732122319111
19.08,60,0,3726.35973281375,113.690364404903,4,1.00172000487653,0.981720004876531,248.251205447325,243.713174622353
19.09,60,0,3726.72296823432,113.704200706564,4,1.00172113652744,0.981721136527439,248.231628461003,243.694236414793
19.1,60,0,3727.08602137478,113.718030849647,4,1.00172226771249,0.981722267712493,248.212061298627,243.67530769168
19.11,60,0,3727.44889232673,113.731854836579,4,1.00172339843184,0.981723398431842,248.192503955257,243.656388448263
19.12,60,0,3727.81158118171,113.745672669784,4,1.00172452868564,0.981724528685637,248.172956425958,243.637478679795
19.13,60,0,3728.17408803121,113.759484351687,4,1.00172565847403,0.981725658474029,248.153418705798,243.618578381531
19.14,60,0,3728.53641296668,113.773289884712,4,1.00172678779717,0.981726787797168,248.133890789846,243.599687548729
19.15,60,0,3728.89855607952,113.787089271283,4,1.00172791665521,0.981727916655206,248.114372673174,243.580806176648
19.16,60,0,3729.26051746111,113.80088251382,4,1.00172904504829,0.981729045048292,248.094864350855,243.56193426055
19.17,60,0,3729.62229720275,113.814669614748,4,1.00173017297658,0.981730172976577,248.075365817967,243.5430717957
19.18,60,0,3729.98389539571,113.828450576486,4,1.00173130044021,0.981731300440211,248.055877069589,243.524218777365
19.19,60,0,3730.34531213122,113.842225401455,4,1.00173242743935,0.981732427439346,248.036398100801,243.505375200812
19.2,60,0,3730.70654750047,113.855994092075,4,1.00173355397413,0.981733553974131,248.016928906689,243.486541061313
19.21,60,0,3731.06760159457,113.869756650765,4,1.00173468004472,0.981734680044717,247.997469482339,243.467716354143
19.22,60,0,3731.42847450463,113.883513079944,4,1.00173580565126,0.981735805651255,247.978019822838,243.448901074577
19.23,60,0,3731.7891663217,113.89726338203,4,1.0017369307939,0.981736930793895,247.958579923279,243.430095217893
19.24,60,0,3732.14967713676,113.91100755944,4,1.00173805547279,0.981738055472788,247.939149778755,243.411298779371
19.25,60,0,3732.51000704078,113.92474561459,4,1.00173917968808,0.981739179688084,247.919729384362,243.392511754296
19.26,60,0,3732.87015612467,113.938477549896,4,1.00174030343993,0.981740303439933,247.900318735199,243.373734137951
19.27,60,0,3733.2301244793,113.952203367774,4,1.00174142672849,0.981741426728486,247.880917826366,243.354965925624
19.28,60,0,3733.58991219548,113.965923070638,4,1.00174254955389,0.981742549553893,247.861526652969,243.336207112606
19.29,60,0,3733.94951936399,113.979636660902,4,1.00174367191631,0.981743671916305,247.842145210109,243.317457694187
19.3,60,0,3734.30894607557,113.993344140979,4,1.00174479381587,0.981744793815873,247.822773492899,243.298717665664
19.31,60,0,3734.6681924209,114.007045513282,4,1.00174591525275,0.981745915252745,247.803411496447,243.279987022331
19.32,60,0,3735.02725849063,114.020740780222,4,1.00174703622707,0.981747036227073,247.784059215865,243.261265759489
19.33,60,0,3735.38614437534,114.034429944212,4,1.00174815673901,0.981748156739008,247.764716646271,243.242553872439
19.34,60,0,3735.7448501656,114.048113007661,4,1.0017492767887,0.981749276788699,247.745383782781,243.223851356484
19.35,60,0,3736.10337595192,114.06178997298,4,1.0017503963763,0.981750396376297,247.726060620516,243.205158206931
19.36,60,0,3736.46172182475,114.075460842577,4,1.00175151550195,0.981751515501952,247.706747154599,243.186474419087
19.37,60,0,3736.81988787451,114.089125618862,4,1.00175263416581,0.981752634165815,247.687443380155,243.167799988263
19.38,60,0,3737.17787419159,114.102784304242,4,1.00175375236804,0.981753752368035,247.668149292311,243.149134909773
19.39,60,0,3737.5356808663,114.116436901124,4,1.00175487010876,0.981754870108763,247.648864886197,243.130479178931
19.4,60,0,3737.89330798894,114.130083411916,4,1.00175598738815,0.98175598738815,247.629590156945,243.111832791054
19.41,60,0,3738.25075564975,114.143723839022,4,1.00175710420634,0.981757104206345,247.61032509969,243.093195741463
19.42,60,0,3738.60802393892,114.157358184849,4,1.0017582205635,0.981758220563498,247.591069709569,243.07456802548
19.43,60,0,3738.9651129466,114.170986451801,4,1.00175933645976,0.981759336459761,247.571823981723,243.055949638429
19.44,60,0,3739.32202276291,114.184608642282,4,1.00176045189528,0.981760451895282,247.552587911291,243.037340575636
19.45,60,0,3739.6787534779,114.198224758694,4,1.00176156687021,0.981761566870213,247.533361493419,243.01874083243
19.46,60,0,3740.03530518159,114.211834803442,4,1.0017626813847,0.981762681384704,247.514144723253,243.000150404143
19.47,60,0,3740.39167796395,114.225438778926,4,1.0017637954389,0.981763795438904,247.494937595944,242.981569286109
19.48,60,0,3740.74787191492,114.239036687548,4,1.00176490903296,0.981764909032964,247.475740106642,242.962997473663
19.49,60,0,3741.10388712439,114.252628531709,4,1.00176602216703,0.981766022167033,247.456552250501,242.944434962143
19.5,60,0,3741.45972368218,114.266214313809,4,1.00176713484126,0.981767134841263,247.437374022677,242.92588174689
19.51,60,0,3741.8153816781,114.279794036246,4,1.0017682470558,0.981768247055803,247.418205418329,242.907337823246
19.52,60,0,3742.17086120191,114.293367701419,4,1.0017693588108,0.981769358810803,247.399046432619,242.888803186557
19.53,60,0,3742.52616234329,114.306935311728,4,1.00177047010641,0.981770470106414,247.379897060709,242.870277832169
19.54,60,0,3742.88128519193,114.320496869567,4,1.00177158094278,0.981771580942785,247.360757297765,242.851761755431
19.55,60,0,3743.23622983745,114.334052377336,4,1.00177269132007,0.981772691320066,247.341627138956,242.833254951698
19.56,60,0,3743.5909963694,114.347601837428,4,1.00177380123841,0.981773801238408,247.322506579453,242.814757416321
19.57,60,0,3743.94558487734,114.36114525224,4,1.00177491069796,0.98177491069796,247.303395614428,242.796269144657
19.58,60,0,3744.29999545073,114.374682624166,4,1.00177601969887,0.981776019698873,247.284294239057,242.777790132066
19.59,60,0,3744.65422817903,114.388213955601,4,1.0017771282413,0.981777128241296,247.265202448518,242.759320373909
19.6,60,0,3745.00828315163,114.401739248937,4,1.00177823632538,0.98177823632538,247.246120237991,242.740859865548
19.61,60,0,3745.36216045789,114.415258506567,4,1.00177934395127,0.981779343951274,247.227047602658,242.722408602348
19.62,60,0,3745.71586018712,114.428771730883,4,1.00178045111913,0.981780451119129,247.207984537704,242.703966579678
19.63,60,0,3746.06938242858,114.442278924277,4,1.00178155782909,0.981781557829094,247.188931038318,242.685533792908
19.64,60,0,3746.4227272715,114.455780089138,4,1.00178266408132,0.981782664081319,247.169887099688,242.667110237411
19.65,60,0,3746.77589480505,114.469275227858,4,1.00178376987595,0.981783769875954,247.150852717007,242.64869590856
19.66,60,0,3747.12888511836,114.482764342824,4,1.00178487521315,0.981784875213149,247.131827885469,242.630290801733
19.67,60,0,3747.48169830053,114.496247436427,4,1.00178598009305,0.981785980093055,247.112812600271,242.611894912309
19.68,60,0,3747.8343344406,114.509724511054,4,1.00178708451582,0.98178708451582,247.093806856613,242.593508235669
19.69,60,0,3748.18679362757,114.523195569091,4,1.00178818848159,0.981788188481595,247.074810649695,242.575130767197
19.7,60,0,3748.53907595041,114.536660612927,4,1.00178929199053,0.981789291990529,247.055823974723,242.55676250228
19.71,60,0,3748.89118149802,114.550119644946,4,1.00179039504277,0.981790395042773,247.036846826902,242.538403436305
19.72,60,0,3749.24311035927,114.563572667534,4,1.00179149763848,0.981791497638475,247.01787920144,242.520053564662
19.73,60,0,3749.59486262299,114.577019683076,4,1.00179259977779,0.981792599777787,246.99892109355,242.501712882744
19.74,60,0,3749.94643837796,114.590460693956,4,1.00179370146086,0.981793701460858,246.979972498444,242.483381385948
19.75,60,0,3750.29783771293,114.603895702557,4,1.00179480268784,0.981794802687836,246.961033411339,242.46505906967
19.76,60,0,3750.64906071657,114.617324711261,4,1.00179590345887,0.981795903458873,246.942103827452,242.446745929308
19.77,60,0,3751.00010747756,114.63074772245,4,1.00179700377412,0.981797003774119,246.923183742005,242.428441960266
19.78,60,0,3751.35097808448,114.644164738507,4,1.00179810363372,0.981798103633721,246.90427315022,242.410147157949
19.79,60,0,3751.70167262591,114.657575761811,4,1.00179920303783,0.981799203037832,246.885372047322,242.39186151776
19.8,60,0,3752.05219119036,114.670980794742,4,1.0018003019866,0.981800301986599,246.866480428541,242.37358503511
19.81,60,0,3752.40253386631,114.68437983968,4,1.00180140048017,0.981801400480173,246.847598289104,242.355317705409
19.82,60,0,3752.75270074218,114.697772899004,4,1.0018024985187,0.981802498518703,246.828725624244,242.337059524071
19.83,60,0,3753.10269190638,114.71115997509,4,1.00180359610234,0.98180359610234,246.809862429198,242.31881048651
19.84,60,0,3753.45250744724,114.724541070318,4,1.00180469323123,0.981804693231232,246.791008699201,242.300570588145
19.85,60,0,3753.80214745306,114.737916187062,4,1.00180578990553,0.98180578990553,246.772164429493,242.282339824395
19.86,60,0,3754.1516120121,114.7512853277,4,1.00180688612538,0.981806886125382,246.753329615316,242.264118190683
19.87,60,0,3754.50090121257,114.764648494606,4,1.00180798189094,0.98180798189094,246.734504251914,242.245905682433
19.88,60,0,3754.85001514265,114.778005690154,4,1.00180907720235,0.981809077202351,246.715688334534,242.227702295071
19.89,60,0,3755.19895389045,114.79135691672,4,1.00181017205977,0.981810172059766,246.696881858424,242.209508024027
19.9,60,0,3755.54771754407,114.804702176676,4,1.00181126646333,0.981811266463334,246.678084818836,242.191322864731
19.91,60,0,3755.89630619153,114.818041472395,4,1.0018123604132,0.981812360413205,246.659297211024,242.173146812618
19.92,60,0,3756.24471992084,114.831374806249,4,1.00181345390953,0.981813453909528,246.640519030243,242.154979863122
19.93,60,0,3756.59295881994,114.844702180609,4,1.00181454695245,0.981814546952452,246.621750271752,242.136822011681
19.94,60,0,3756.94102297675,114.858023597845,4,1.00181563954213,0.981815639542128,246.60299093081,242.118673253735
19.95,60,0,3757.28891247914,114.871339060328,4,1.00181673167871,0.981816731678705,246.584241002683,242.100533584728
19.96,60,0,3757.63662741491,114.884648570427,4,1.00181782336233,0.981817823362332,246.565500482634,242.082403000104
19.97,60,0,3757.98416787185,114.89795213051,4,1.00181891459316,0.981818914593159,246.546769365932,242.064281495309
19.98,60,0,3758.3315339377,114.911249742946,4,1.00182000537133,0.981820005371335,246.528047647846,242.046169065793
19.99,60,0,3758.67872570014,114.924541410101,4,1.00182109569701,0.981821095697009,246.509335323649,242.028065707007
20,60,0,3759.02574324683,114.937827134342,4,1.00182218557033,0.981822185570331,246.490632388616,242.009971414404
20.01,60,0,3759.37258666536,114.951106918036,4,1.00182327499145,0.98182327499145,246.471938838023,241.99188618344
20.02,60,0,3759.71925604331,114.964380763547,4,1.00182436396052,0.981824363960516,246.45325466715,241.973810009574
20.03,60,0,3760.06575146818,114.977648673239,4,1.00182545247768,0.981825452477677,246.434579871281,241.955742888266
20.04,60,0,3760.41207302745,114.990910649478,4,1.00182654054308,0.981826540543084,246.415914445696,241.937684814978
20.05,60,0,3760.75822080855,115.004166694625,4,1.00182762815689,0.981827628156885,246.397258385684,241.919635785175
20.06,60,0,3761.10419489888,115.017416811045,4,1.00182871531923,0.981828715319231,246.378611686533,241.901595794324
20.07,60,0,3761.44999538577,115.030661001097,4,1.00182980203027,0.981829802030269,246.359974343534,241.883564837894
20.08,60,0,3761.79562235653,115.043899267145,4,1.00183088829015,0.98183088829015,246.341346351982,241.865542911358
20.09,60,0,3762.14107589841,115.057131611548,4,1.00183197409902,0.981831974099023,246.32272770717,241.847530010186
20.1,60,0,3762.48635609863,115.070358036666,4,1.00183305945704,0.981833059457036,246.304118404397,241.829526129857
20.11,60,0,3762.83146304437,115.083578544858,4,1.00183414436434,0.98183414436434,246.285518438965,241.811531265849
20.12,60,0,3763.17639682275,115.096793138483,4,1.00183522882108,0.981835228821083,246.266927806175,241.793545413641
20.13,60,0,3763.52115752086,115.110001819899,4,1.00183631282741,0.981836312827415,246.248346501334,241.775568568717
20.14,60,0,3763.86574522573,115.123204591464,4,1.00183739638348,0.981837396383484,246.229774519747,241.757600726561
20.15,60,0,3764.21016002438,115.136401455532,4,1.00183847948944,0.98183847948944,246.211211856726,241.73964188266
20.16,60,0,3764.55440200375,115.149592414462,4,1.00183956214543,0.981839562145432,246.192658507581,241.721692032503
20.17,60,0,3764.89847125076,115.162777470606,4,1.00184064435161,0.98184064435161,246.174114467628,241.703751171583
20.18,60,0,3765.24236785228,115.175956626321,4,1.00184172610812,0.981841726108121,246.155579732183,241.685819295392
20.19,60,0,3765.58609189514,115.18912988396,4,1.00184280741512,0.981842807415116,246.137054296565,241.667896399426
20.2,60,0,3765.92964346612,115.202297245876,4,1.00184388827274,0.981843888272744,246.118538156096,241.649982479185
20.21,60,0,3766.27302265197,115.215458714422,4,1.00184496868115,0.981844968681153,246.100031306098,241.632077530167
20.22,60,0,3766.61622953937,115.22861429195,4,1.00184604864049,0.981846048640492,246.0815337419,241.614181547876
20.23,60,0,3766.959264215,115.24176398081,4,1.00184712815091,0.981847128150911,246.063045458827,241.596294527816
20.24,60,0,3767.30212676545,115.254907783353,4,1.00184820721256,0.981848207212559,246.044566452212,241.578416465495
20.25,60,0,3767.64481727731,115.268045701929,4,1.00184928582558,0.981849285825584,246.026096717386,241.560547356422
20.26,60,0,3767.9873358371,115.281177738887,4,1.00185036399014,0.981850363990136,246.007636249686,241.542687196107
20.27,60,0,3768.32968253129,115.294303896576,4,1.00185144170636,0.981851441706364,245.989185044449,241.524835980066
20.28,60,0,3768.67185744634,115.307424177344,4,1.00185251897442,0.981852518974416,245.970743097015,241.506993703813
20.29,60,0,3769.01386066864,115.320538583537,4,1.00185359579444,0.981853595794441,245.952310402725,241.489160362866
20.3,60,0,3769.35569228455,115.333647117502,4,1.00185467216659,0.981854672166589,245.933886956925,241.471335952746
20.31,60,0,3769.69735238038,115.346749781585,4,1.00185574809101,0.981855748091008,245.915472754961,241.453520468976
20.32,60,0,3770.0388410424,115.359846578131,4,1.00185682356785,0.981856823567847,245.897067792182,241.43571390708
20.33,60,0,3770.38015835684,115.372937509484,4,1.00185789859726,0.981857898597255,245.878672063941,241.417916262585
20.34,60,0,3770.72130440988,115.386022577989,4,1.00185897317938,0.981858973179382,245.86028556559,241.40012753102
20.35,60,0,3771.06227928766,115.399101785988,4,1.00186004731437,0.981860047314375,245.841908292486,241.382347707916
20.36,60,0,3771.40308307629,115.412175135824,4,1.00186112100238,0.981861121002383,245.823540239986,241.364576788808
20.37,60,0,3771.74371586182,115.425242629838,4,1.00186219424356,0.981862194243556,245.805181403453,241.346814769229
20.38,60,0,3772.08417773027,115.438304270372,4,1.00186326703804,0.981863267038042,245.786831778247,241.329061644719
20.39,60,0,3772.42446876761,115.451360059765,4,1.00186433938599,0.98186433938599,245.768491359735,241.311317410818
20.4,60,0,3772.76458905976,115.464410000359,4,1.00186541128755,0.981865411287548,245.750160143286,241.293582063068
20.41,60,0,3773.10453869261,115.477454094492,4,1.00186648274287,0.981866482742866,245.731838124267,241.275855597013
20.42,60,0,3773.44431775201,115.490492344502,4,1.00186755375209,0.981867553752092,245.713525298051,241.2581380082
20.43,60,0,3773.78392632375,115.503524752726,4,1.00186862431538,0.981868624315375,245.695221660013,241.240429292178
20.44,60,0,3774.12336449361,115.516551321503,4,1.00186969443286,0.981869694432864,245.67692720553,241.222729444498
20.45,60,0,3774.46263234728,115.529572053169,4,1.00187076410471,0.981870764104706,245.658641929981,241.205038460715
20.46,60,0,3774.80172997046,115.542586950058,4,1.00187183333105,0.981871833331052,245.640365828745,241.187356336381
20.47,60,0,3775.14065744876,115.555596014507,4,1.00187290211205,0.981872902112049,245.622098897209,241.169683067056
20.48,60,0,3775.47941486777,115.568599248849,4,1.00187397044785,0.981873970447846,245.603841130757,241.152018648299
20.49,60,0,3775.81800231305,115.581596655418,4,1.00187503833859,0.981875038338592,245.585592524778,241.134363075672
20.5,60,0,3776.1564198701,115.594588236548,4,1.00187610578443,0.981876105784435,245.567353074662,241.11671634474
20.51,60,0,3776.49466762438,115.607573994571,4,1.00187717278552,0.981877172785524,245.549122775801,241.099078451069
20.52,60,0,3776.8327456613,115.620553931818,4,1.00187823934201,0.981878239342007,245.530901623592,241.081449390228
20.53,60,0,3777.17065406625,115.63352805062,4,1.00187930545403,0.981879305454034,245.512689613431,241.063829157788
20.54,60,0,3777.50839292457,115.646496353307,4,1.00188037112175,0.981880371121752,245.494486740718,241.04621774932
20.55,60,0,3777.84596232153,115.65945884221,4,1.00188143634531,0.98188143634531,245.476293000855,241.028615160401
20.56,60,0,3778.1833623424,115.672415519658,4,1.00188250112486,0.981882501124856,245.458108389246,241.011021386609
20.57,60,0,3778.52059307238,115.685366387978,4,1.00188356546054,0.98188356546054,245.439932901298,240.993436423522
20.58,60,0,3778.85765459663,115.698311449498,4,1.00188462935251,0.981884629352508,245.421766532419,240.975860266722
20.59,60,0,3779.19454700028,115.711250706545,4,1.00188569280091,0.981885692800911,245.40360927802,240.958292911793
20.6,60,0,3779.53127036842,115.724184161446,4,1.0018867558059,0.981886755805896,245.385461133515,240.940734354321
20.61,60,0,3779.86782478607,115.737111816526,4,1.00188781836761,0.981887818367612,245.367322094319,240.923184589894
20.62,60,0,3780.20421033825,115.75003367411,4,1.00188888048621,0.981888880486206,245.349192155851,240.905643614103
20.63,60,0,3780.54042710989,115.762949736522,4,1.00188994216183,0.981889942161828,245.331071313529,240.88811142254
20.64,60,0,3780.87647518592,115.775860006087,4,1.00189100339463,0.981891003394626,245.312959562778,240.870588010801
20.65,60,0,3781.2123546512,115.788764485126,4,1.00189206418475,0.981892064184748,245.294856899021,240.853073374482
20.66,60,0,3781.54806559057,115.801663175962,4,1.00189312453234,0.981893124532343,245.276763317685,240.835567509181
20.67,60,0,3781.8836080888,115.814556080917,4,1.00189418443756,0.981894184437558,245.2586788142,240.818070410502
20.68,60,0,3782.21898223065,115.827443202311,4,1.00189524390054,0.981895243900542,245.240603383998,240.800582074046
20.69,60,0,3782.55418810081,115.840324542466,4,1.00189630292144,0.981896302921443,245.22253702251,240.78310249542
20.7,60,0,3782.88922578395,115.853200103699,4,1.00189736150041,0.98189736150041,245.204479725176,240.765631670231
20.71,60,0,3783.22409536469,115.866069888331,4,1.00189841963759,0.981898419637591,245.186431487432,240.74816959409
20.72,60,0,3783.55879692759,115.878933898679,4,1.00189947733313,0.981899477333133,245.168392304719,240.730716262608
20.73,60,0,3783.8933305572,115.891792137062,4,1.00190053458719,0.981900534587186,245.15036217248,240.7132716714
20.74,60,0,3784.22769633801,115.904644605795,4,1.0019015913999,0.981901591399897,245.132341086159,240.695835816082
20.75,60,0,3784.56189435447,115.917491307195,4,1.00190264777141,0.981902647771415,245.114329041205,240.678408692273
20.76,60,0,3784.89592469098,115.930332243578,4,1.00190370370189,0.981903703701887,245.096326033067,240.660990295593
20.77,60,0,3785.22978743191,115.943167417258,4,1.00190475919146,0.981904759191462,245.078332057196,240.643580621666
20.78,60,0,3785.56348266159,115.955996830549,4,1.00190581424029,0.981905814240287,245.060347109049,240.626179666118
20.79,60,0,3785.8970104643,115.968820485765,4,1.00190686884851,0.981906868848512,245.042371184078,240.608787424573
20.8,60,0,3786.23037092429,115.98163838522,4,1.00190792301628,0.981907923016283,245.024404277746,240.591403892664
20.81,60,0,3786.56356412574,115.994450531224,4,1.00190897674375,0.98190897674375,245.006446385512,240.57402906602
20.82,60,0,3786.89659015283,116.00725692609,4,1.00191003003106,0.98191003003106,244.988497502838,240.556662940276
20.83,60,0,3787.22944908966,116.020057572127,4,1.00191108287836,0.981911082878361,244.970557625192,240.539305511068
20.84,60,0,3787.56214102031,116.032852471648,4,1.0019121352858,0.981912135285801,244.95262674804,240.521956774034
20.85,60,0,3787.89466602881,116.045641626959,4,1.00191318725353,0.981913187253528,244.934704866852,240.504616724813
20.86,60,0,3788.22702419915,116.058425040372,4,1.00191423878169,0.98191423878169,244.916791977101,240.487285359049
20.87,60,0,3788.55921561528,116.071202714193,4,1.00191528987044,0.981915289870435,244.898888074261,240.469962672385
20.88,60,0,3788.89124036111,116.08397465073,4,1.00191634051991,0.981916340519911,244.880993153809,240.452648660469
20.89,60,0,3789.2230985205,116.096740852289,4,1.00191739073027,0.981917390730266,244.863107211223,240.43534331895
20.9,60,0,3789.55479017728,116.109501321178,4,1.00191844050165,0.981918440501648,244.845230241986,240.418046643478
20.91,60,0,3789.88631541523,116.122256059701,4,1.0019194898342,0.981919489834204,244.82736224158,240.400758629706
20.92,60,0,3790.2176743181,116.135005070162,4,1.00192053872808,0.981920538728082,244.80950320549,240.383479273289
20.93,60,0,3790.54886696957,116.147748354867,4,1.00192158718343,0.981921587183431,244.791653129206,240.366208569886
20.94,60,0,3790.87989345331,116.160485916117,4,1.0019226352004,0.981922635200398,244.773812008217,240.348946515156
20.95,60,0,3791.21075385293,116.173217756217,4,1.00192368277913,0.981923682779131,244.755979838016,240.331693104759
20.96,60,0,3791.54144825202,116.185943877468,4,1.00192472991978,0.981924729919778,244.738156614097,240.314448334361
20.97,60,0,3791.87197673409,116.198664282171,4,1.00192577662249,0.981925776622486,244.720342331957,240.297212199627
20.98,60,0,3792.20233938265,116.211378972627,4,1.0019268228874,0.981926822887403,244.702536987095,240.279984696225
20.99,60,0,3792.53253628114,116.224087951136,4,1.00192786871468,0.981927868714677,244.684740575013,240.262765819826
21,60,0,3792.86256751298,116.236791219998,4,1.00192891410446,0.981928914104456,244.666953091215,240.245555566102
21.01,60,0,3793.19243316152,116.24948878151,4,1.00192995905689,0.981929959056887,244.649174531205,240.228353930727
21.02,60,0,3793.5221333101,116.262180637971,4,1.00193100357212,0.981931003572118,244.631404890494,240.21116090938
21.03,60,0,3793.85166804201,116.274866791679,4,1.0019320476503,0.981932047650297,244.613644164589,240.193976497736
21.04,60,0,3794.18103744047,116.287547244929,4,1.00193309129157,0.981933091291571,244.595892349005,240.176800691479
21.05,60,0,3794.5102415887,116.300222000017,4,1.00193413449609,0.981934134496088,244.578149439255,240.15963348629
21.06,60,0,3794.83928056986,116.31289105924,4,1.001935177264,0.981935177263995,244.560415430859,240.142474877856
21.07,60,0,3795.16815446707,116.325554424891,4,1.00193621959544,0.981936219595441,244.542690319332,240.125324861863
21.08,60,0,3795.49686336339,116.338212099265,4,1.00193726149057,0.981937261490572,244.524974100199,240.108183434002
21.09,60,0,3795.82540734188,116.350864084655,4,1.00193830294954,0.981938302949536,244.507266768982,240.091050589964
21.1,60,0,3796.15378648552,116.363510383352,4,1.00193934397248,0.981939343972481,244.489568321208,240.073926325442
21.11,60,0,3796.48200087728,116.37615099765,4,1.00194038455955,0.981940384559554,244.471878752404,240.056810636132
21.12,60,0,3796.81005060006,116.388785929839,4,1.0019414247109,0.981941424710903,244.4541980581,240.039703517732
21.13,60,0,3797.13793573673,116.40141518221,4,1.00194246442668,0.981942464426675,244.43652623383,240.022604965943
21.14,60,0,3797.46565637012,116.414038757052,4,1.00194350370702,0.981943503707018,244.418863275129,240.005514976467
21.15,60,0,3797.79321258304,116.426656656655,4,1.00194454255208,0.981944542552079,244.401209177533,239.988433545007
21.16,60,0,3798.12060445821,116.439268883308,4,1.00194558096201,0.981945580962005,244.383563936581,239.971360667272
21.17,60,0,3798.44783207836,116.451875439298,4,1.00194661893694,0.981946618936945,244.365927547816,239.954296338969
21.18,60,0,3798.77489552614,116.464476326912,4,1.00194765647704,0.981947656477044,244.348300006781,239.937240555809
21.19,60,0,3799.10179488419,116.477071548437,4,1.00194869358245,0.981948693582451,244.330681309022,239.920193313504
21.2,60,0,3799.42853023508,116.489661106158,4,1.00194973025331,0.981949730253313,244.313071450086,239.903154607771
21.21,60,0,3799.75510166137,116.502245002361,4,1.00195076648978,0.981950766489777,244.295470425525,239.886124434325
21.22,60,0,3800.08150924554,116.51482323933,4,1.00195180229199,0.981951802291991,244.277878230891,239.869102788887
21.23,60,0,3800.40775307007,116.527395819349,4,1.0019528376601,0.981952837660101,244.260294861738,239.852089667177
21.24,60,0,3800.73383321736,116.539962744701,4,1.00195387259426,0.981953872594256,244.242720313624,239.835085064919
21.25,60,0,3801.05974976981,116.552524017668,4,1.0019549070946,0.981954907094602,244.225154582108,239.818088977838
21.26,60,0,3801.38550280975,116.565079640533,4,1.00195594116129,0.981955941161286,244.207597662751,239.801101401663
21.27,60,0,3801.71109241948,116.577629615575,4,1.00195697479446,0.981956974794457,244.190049551118,239.784122332124
21.28,60,0,3802.03651868125,116.590173945076,4,1.00195800799426,0.98195800799426,244.172510242772,239.767151764951
21.29,60,0,3802.36178167727,116.602712631315,4,1.00195904076084,0.981959040760843,244.154979733284,239.750189695879
21.3,60,0,3802.68688148973,116.615245676572,4,1.00196007309435,0.981960073094354,244.137458018223,239.733236120644
21.31,60,0,3803.01181820076,116.627773083124,4,1.00196110499494,0.981961104994939,244.119945093162,239.716291034985
21.32,60,0,3803.33659189244,116.640294853249,4,1.00196213646275,0.981962136462745,244.102440953674,239.699354434641
21.33,60,0,3803.66120264684,116.652810989225,4,1.00196316749792,0.98196316749792,244.084945595338,239.682426315355
21.34,60,0,3803.98565054596,116.665321493327,4,1.00196419810061,0.981964198100611,244.067459013732,239.665506672873
21.35,60,0,3804.30993567177,116.677826367831,4,1.00196522827096,0.981965228270964,244.049981204437,239.64859550294
21.36,60,0,3804.63405810621,116.690325615012,4,1.00196625800913,0.981966258009128,244.032512163036,239.631692801304
21.37,60,0,3804.95801793116,116.702819237145,4,1.00196728731525,0.981967287315247,244.015051885117,239.614798563718
21.38,60,0,3805.28181522847,116.715307236503,4,1.00196831618947,0.981968316189471,243.997600366266,239.597912785934
21.39,60,0,3805.60545007994,116.727789615359,4,1.00196934463195,0.981969344631946,243.980157602074,239.581035463707
21.4,60,0,3805.92892256735,116.740266375986,4,1.00197037264282,0.981970372642818,243.962723588132,239.564166592795
21.41,60,0,3806.25223277243,116.752737520654,4,1.00197140022223,0.981971400222234,243.945298320036,239.547306168956
21.42,60,0,3806.57538077684,116.765203051635,4,1.00197242737034,0.981972427370343,243.927881793381,239.530454187952
21.43,60,0,3806.89836666225,116.777662971198,4,1.00197345408729,0.981973454087289,243.910474003767,239.513610645547
21.44,60,0,3807.22119051026,116.790117281614,4,1.00197448037322,0.981974480373221,243.893074946795,239.496775537506
21.45,60,0,3807.54385240242,116.802565985152,4,1.00197550622829,0.981975506228285,243.875684618067,239.479948859596
21.46,60,0,3807.86635242027,116.815009084079,4,1.00197653165263,0.981976531652628,243.85830301319,239.463130607588
21.47,60,0,3808.18869064529,116.827446580664,4,1.0019775566464,0.981977556646397,243.840930127772,239.446320777254
21.48,60,0,3808.51086715891,116.839878477172,4,1.00197858120974,0.981978581209739,243.82356595742,239.429519364366
21.49,60,0,3808.83288204254,116.85230477587,4,1.0019796053428,0.981979605342799,243.806210497748,239.412726364702
21.5,60,0,3809.15473537754,116.864725479024,4,1.00198062904573,0.981980629045726,243.788863744371,239.39594177404
21.51,60,0,3809.47642724523,116.877140588898,4,1.00198165231867,0.981981652318666,243.771525692903,239.379165588159
21.52,60,0,3809.79795772689,116.889550107756,4,1.00198267516177,0.981982675161766,243.754196338965,239.362397802843
21.53,60,0,3810.11932690377,116.901954037863,4,1.00198369757517,0.981983697575172,243.736875678176,239.345638413875
21.54,60,0,3810.44053485705,116.91435238148,4,1.00198471955903,0.981984719559031,243.719563706159,239.328887417042
21.55,60,0,3810.7615816679,116.92674514087,4,1.00198574111349,0.981985741113489,243.70226041854,239.312144808132
21.56,60,0,3811.08246741745,116.939132318294,4,1.00198676223869,0.981986762238694,243.684965810945,239.295410582937
21.57,60,0,3811.40319218675,116.951513916013,4,1.00198778293479,0.981987782934791,243.667679879005,239.278684737248
21.58,60,0,3811.72375605687,116.963889936288,4,1.00198880320193,0.981988803201928,243.65040261835,239.261967266861
21.59,60,0,3812.04415910878,116.976260381376,4,1.00198982304025,0.981989823040252,243.633134024616,239.245258167574
21.6,60,0,3812.36440142345,116.988625253538,4,1.00199084244991,0.981990842449907,243.615874093436,239.228557435183
21.61,60,0,3812.6844830818,117.000984555031,4,1.00199186143104,0.981991861431042,243.59862282045,239.211865065492
21.62,60,0,3813.0044041647,117.013338288112,4,1.0019928799838,0.981992879983803,243.581380201298,239.195181054302
21.63,60,0,3813.32416475299,117.025686455038,4,1.00199389810834,0.981993898108336,243.564146231622,239.178505397419
21.64,60,0,3813.64376492746,117.038029058066,4,1.00199491580479,0.981994915804788,243.546920907068,239.161838090651
21.65,60,0,3813.96320476888,117.05036609945,4,1.0019959330733,0.981995933073305,243.529704223281,239.145179129807
21.66,60,0,3814.28248435795,117.062697581445,4,1.00199694991403,0.981996949914033,243.512496175913,239.128528510699
21.67,60,0,3814.60160377536,117.075023506305,4,1.00199796632712,0.981997966327119,243.495296760611,239.111886229138
21.68,60,0,3814.92056310173,117.087343876284,4,1.00199898231271,0.98199898231271,243.478105973031,239.095252280943
21.69,60,0,3815.23936241767,117.099658693634,4,1.00199999787095,0.981999997870951,243.460923808827,239.078626661928
21.7,60,0,3815.55800180372,117.111967960606,4,1.00200101300199,0.98200101300199,243.443750263659,239.062009367917
21.71,60,0,3815.87648134041,117.124271679453,4,1.00200202770597,0.982002027705972,243.426585333186,239.045400394729
21.72,60,0,3816.19480110821,117.136569852424,4,1.00200304198304,0.982003041983044,243.409429013068,239.028799738188
21.73,60,0,3816.51296118755,117.14886248177,4,1.00200405583335,0.982004055833352,243.392281298971,239.012207394122
21.74,60,0,3816.83096165883,117.161149569739,4,1.00200506925704,0.982005069257043,243.375142186561,238.995623358357
21.75,60,0,3817.14880260241,117.173431118581,4,1.00200608225426,0.982006082254262,243.358011671506,238.979047626723
21.76,60,0,3817.46648409859,117.185707130543,4,1.00200709482516,0.982007094825156,243.340889749478,238.962480195054
21.77,60,0,3817.78400622766,117.197977607873,4,1.00200810696987,0.982008106969871,243.323776416148,238.945921059181
21.78,60,0,3818.10136906985,117.210242552816,4,1.00200911868855,0.982009118688554,243.306671667192,238.929370214945
21.79,60,0,3818.41857270534,117.22250196762,4,1.00201012998135,0.98201012998135,243.289575498287,238.91282765818
21.8,60,0,3818.73561721431,117.234755854528,4,1.0020111408484,0.982011140848405,243.272487905113,238.896293384729
21.81,60,0,3819.05250267687,117.247004215785,4,1.00201215128987,0.982012151289866,243.255408883349,238.879767390434
21.82,60,0,3819.36922917308,117.259247053635,4,1.00201316130588,0.982013161305879,243.238338428681,238.863249671138
21.83,60,0,3819.68579678298,117.271484370322,4,1.00201417089659,0.98201417089659,243.221276536793,238.846740222689
21.84,60,0,3820.00220558658,117.283716168087,4,1.00201518006215,0.982015180062145,243.204223203375,238.830239040936
21.85,60,0,3820.31845566382,117.295942449173,4,1.00201618880269,0.982016188802691,243.187178424115,238.813746121729
21.86,60,0,3820.63454709462,117.30816321582,4,1.00201719711837,0.982017197118372,243.170142194706,238.797261460922
21.87,60,0,3820.95047995886,117.320378470269,4,1.00201820500934,0.982018205009336,243.153114510843,238.780785054368
21.88,60,0,3821.26625433638,117.33258821476,4,1.00201921247573,0.982019212475727,243.136095368221,238.764316897924
21.89,60,0,3821.58187030697,117.344792451531,4,1.00202021951769,0.982020219517693,243.11908476254,238.74785698745
21.9,60,0,3821.89732795038,117.356991182822,4,1.00202122613538,0.982021226135379,243.102082689499,238.731405318806
21.91,60,0,3822.21262734634,117.369184410869,4,1.00202223232893,0.98202223232893,243.085089144803,238.714961887856
21.92,60,0,3822.52776857452,117.38137213791,4,1.00202323809849,0.982023238098494,243.068104124156,238.698526690465
21.93,60,0,3822.84275171456,117.39355436618,4,1.00202424344422,0.982024243444215,243.051127623265,238.6820997225
21.94,60,0,3823.15757684605,117.405731097917,4,1.00202524836624,0.98202524836624,243.03415963784,238.66568097983
21.95,60,0,3823.47224404857,117.417902335354,4,1.00202625286472,0.982026252864715,243.017200163592,238.649270458327
21.96,60,0,3823.78675340161,117.430068080726,4,1.00202725693979,0.982027256939785,243.000249196235,238.632868153862
21.97,60,0,3824.10110498467,117.442228336266,4,1.0020282605916,0.982028260591596,242.983306731483,238.616474062313
21.98,60,0,3824.41529887719,117.454383104208,4,1.00202926382029,0.982029263820294,242.966372765057,238.600088179556
21.99,60,0,3824.72933515855,117.466532386784,4,1.00203026662602,0.982030266626024,242.949447292675,238.58371050147
22,60,0,3825.04321390813,117.478676186225,4,1.00203126900893,0.982031269008933,242.932530310059,238.567341023938
22.01,60,0,3825.35693520525,117.490814504762,4,1.00203227096917,0.982032270969166,242.915621812934,238.550979742843
22.02,60,0,3825.67049912918,117.502947344626,4,1.00203327250687,0.982033272506869,242.898721797026,238.534626654069
22.03,60,0,3825.98390575916,117.515074708046,4,1.00203427362219,0.982034273622188,242.881830258065,238.518281753506
22.04,60,0,3826.29715517441,117.52719659725,4,1.00203527431527,0.982035274315267,242.86494719178,238.501945037042
22.05,60,0,3826.61024745408,117.539313014468,4,1.00203627458625,0.982036274586254,242.848072593904,238.485616500569
22.06,60,0,3826.92318267729,117.551423961926,4,1.00203727443529,0.982037274435293,242.831206460172,238.469296139981
22.07,60,0,3827.23596092313,117.563529441851,4,1.00203827386253,0.982038273862529,242.814348786322,238.452983951174
22.08,60,0,3827.54858227065,117.57562945647,4,1.00203927286811,0.98203927286811,242.797499568093,238.436679930045
22.09,60,0,3827.86104679885,117.587724008008,4,1.00204027145218,0.982040271452179,242.780658801225,238.420384072494
22.1,60,0,3828.17335458669,117.599813098689,4,1.00204126961488,0.982041269614883,242.763826481463,238.404096374423
22.11,60,0,3828.4855057131,117.611896730739,4,1.00204226735637,0.982042267356368,242.747002604551,238.387816831736
22.12,60,0,3828.79750025697,117.623974906379,4,1.00204326467678,0.982043264676778,242.730187166239,238.371545440339
22.13,60,0,3829.10933829715,117.636047627834,4,1.00204426157626,0.982044261576259,242.713380162275,238.355282196139
22.14,60,0,3829.42101991244,117.648114897325,4,1.00204525805496,0.982045258054956,242.696581588412,238.339027095048
22.15,60,0,3829.73254518162,117.660176717073,4,1.00204625411302,0.982046254113016,242.679791440403,238.322780132976
22.16,60,0,3830.04391418341,117.6722330893,4,1.00204724975058,0.982047249750583,242.663009714005,238.306541305837
22.17,60,0,3830.3551269965,117.684284016225,4,1.0020482449678,0.982048244967803,242.646236404976,238.290310609549
22.18,60,0,3830.66618369955,117.696329500067,4,1.00204923976482,0.982049239764821,242.629471509075,238.274088040028
22.19,60,0,3830.97708437116,117.708369543046,4,1.00205023414178,0.982050234141782,242.612715022068,238.257873593195
22.2,60,0,3831.28782908992,117.720404147379,4,1.00205122809883,0.982051228098832,242.595966939717,238.241667264973
22.21,60,0,3831.59841793435,117.732433315284,4,1.00205222163612,0.982052221636117,242.579227257789,238.225469051285
22.22,60,0,3831.90885098295,117.744457048977,4,1.00205321475378,0.98205321475378,242.562495972054,238.209278948057
22.23,60,0,3832.21912831418,117.756475350674,4,1.00205420745197,0.982054207451968,242.545773078283,238.193096951218
22.24,60,0,3832.52925000644,117.768488222591,4,1.00205519973083,0.982055199730826,242.529058572247,238.176923056698
22.25,60,0,3832.83921613812,117.780495666941,4,1.0020561915905,0.9820561915905,242.512352449723,238.160757260428
22.26,60,0,3833.14902678756,117.79249768594,4,1.00205718303113,0.982057183031133,242.495654706489,238.144599558345
22.27,60,0,3833.45868203306,117.804494281801,4,1.00205817405287,0.982058174052872,242.478965338323,238.128449946383
22.28,60,0,3833.76818195287,117.816485456735,4,1.00205916465586,0.982059164655861,242.462284341006,238.112308420481
22.29,60,0,3834.07752662522,117.828471212954,4,1.00206015484025,0.982060154840246,242.445611710324,238.096174976579
22.3,60,0,3834.38671612828,117.840451552671,4,1.00206114460617,0.982061144606172,242.428947442061,238.08004961062
22.31,60,0,3834.69575054021,117.852426478095,4,1.00206213395378,0.982062133953783,242.412291532005,238.063932318547
22.32,60,0,3835.0046299391,117.864395991437,4,1.00206312288323,0.982063122883226,242.395643975946,238.047823096308
22.33,60,0,3835.31335440303,117.876360094905,4,1.00206411139464,0.982064111394644,242.379004769677,238.031721939851
22.34,60,0,3835.62192401001,117.888318790708,4,1.00206509948818,0.982065099488183,242.362373908991,238.015628845125
22.35,60,0,3835.93033883804,117.900272081054,4,1.00206608716399,0.982066087163988,242.345751389685,237.999543808084
22.36,60,0,3836.23859896506,117.91221996815,4,1.0020670744222,0.982067074422204,242.329137207557,237.983466824683
22.37,60,0,3836.54670446898,117.924162454203,4,1.00206806126298,0.982068061262976,242.312531358408,237.967397890875
22.38,60,0,3836.85465542767,117.936099541417,4,1.00206904768645,0.982069047686449,242.29593383804,237.951337002622
22.39,60,0,3837.16245191897,117.948031231999,4,1.00207003369277,0.982070033692767,242.279344642258,237.935284155883
22.4,60,0,3837.47009402066,117.959957528153,4,1.00207101928208,0.982071019282077,242.262763766867,237.91923934662
22.41,60,0,3837.77758181051,117.971878432082,4,1.00207200445452,0.982072004454521,242.246191207679,237.903202570799
22.42,60,0,3838.08491536623,117.983793945989,4,1.00207298921025,0.982072989210246,242.229626960503,237.887173824384
22.43,60,0,3838.39209476548,117.995704072078,4,1.0020739735494,0.982073973549395,242.213071021153,237.871153103346
22.44,60,0,3838.69912008592,118.007608812549,4,1.00207495747211,0.982074957472115,242.196523385443,237.855140403653
22.45,60,0,3839.00599140514,118.019508169604,4,1.00207594097855,0.982075940978549,242.179984049191,237.839135721279
22.46,60,0,3839.3127088007,118.031402145442,4,1.00207692406884,0.982076924068843,242.163453008216,237.823139052198
22.47,60,0,3839.61927235012,118.043290742265,4,1.00207790674314,0.98207790674314,242.146930258339,237.807150392387
22.48,60,0,3839.92568213089,118.05517396227,4,1.00207888900159,0.982078889001587,242.130415795385,237.791169737824
22.49,60,0,3840.23193822045,118.067051807656,4,1.00207987084433,0.982079870844327,242.113909615178,237.775197084489
22.5,60,0,3840.5380406962,118.07892428062,4,1.00208085227151,0.982080852271505,242.097411713546,237.759232428365
22.51,60,0,3840.84398963551,118.09079138336,4,1.00208183328327,0.982081833283266,242.080922086319,237.743275765436
22.52,60,0,3841.14978511572,118.102653118072,4,1.00208281387975,0.982082813879754,242.064440729329,237.727327091689
22.53,60,0,3841.4554272141,118.114509486951,4,1.00208379406111,0.982083794061115,242.04796763841,237.711386403112
22.54,60,0,3841.76091600792,118.126360492193,4,1.00208477382749,0.982084773827492,242.031502809398,237.695453695695
22.55,60,0,3842.06625157438,118.138206135991,4,1.00208575317903,0.98208575317903,242.01504623813,237.679528965431
22.56,60,0,3842.37143399066,118.150046420539,4,1.00208673211587,0.982086732115873,241.998597920447,237.663612208315
22.57,60,0,3842.67646333389,118.16188134803,4,1.00208771063817,0.982087710638167,241.982157852191,237.647703420342
22.58,60,0,3842.98133968118,118.173710920656,4,1.00208868874606,0.982088688746056,241.965726029207,237.631802597512
22.59,60,0,3843.28606310957,118.185535140609,4,1.00208966643968,0.982089666439684,241.949302447341,237.615909735824
22.6,60,0,3843.5906336961,118.197354010079,4,1.00209064371919,0.982090643719195,241.932887102442,237.600024831281
22.61,60,0,3843.89505151773,118.209167531257,4,1.00209162058473,0.982091620584734,241.916479990359,237.584147879886
22.62,60,0,3844.19931665142,118.220975706332,4,1.00209259703645,0.982092597036445,241.900081106946,237.568278877647
22.63,60,0,3844.50342917407,118.232778537493,4,1.00209357307447,0.982093573074474,241.883690448056,237.552417820571
22.64,60,0,3844.80738916255,118.244576026928,4,1.00209454869896,0.982094548698963,241.867308009548,237.53656470467
22.65,60,0,3845.11119669368,118.256368176825,4,1.00209552391006,0.982095523910057,241.850933787279,237.520719525955
22.66,60,0,3845.41485184426,118.26815498937,4,1.0020964987079,0.982096498707901,241.834567777111,237.50488228044
22.67,60,0,3845.71835469103,118.279936466749,4,1.00209747309264,0.98209747309264,241.818209974907,237.489052964142
22.68,60,0,3846.02170531071,118.291712611148,4,1.00209844706442,0.982098447064416,241.801860376532,237.473231573078
22.69,60,0,3846.32490377997,118.303483424751,4,1.00209942062338,0.982099420623375,241.785518977852,237.457418103271
22.7,60,0,3846.62795017545,118.315248909743,4,1.00210039376966,0.982100393769661,241.769185774738,237.44161255074
22.71,60,0,3846.93084457375,118.327009068307,4,1.00210136650342,0.982101366503417,241.752860763058,237.42581491151
22.72,60,0,3847.23358705143,118.338763902625,4,1.00210233882479,0.982102338824789,241.73654393869,237.410025181608
22.73,60,0,3847.536177685,118.35051341488,4,1.00210331073392,0.982103310733919,241.720235297506,237.394243357062
22.74,60,0,3847.83861655097,118.362257607253,4,1.00210428223095,0.982104282230953,241.703934835384,237.378469433902
22.75,60,0,3848.14090372575,118.373996481924,4,1.00210525331603,0.982105253316034,241.687642548204,237.362703408159
22.76,60,0,3848.44303928578,118.385730041074,4,1.00210622398931,0.982106223989307,241.671358431847,237.346945275868
22.77,60,0,3848.74502330741,118.397458286881,4,1.00210719425092,0.982107194250915,241.655082482198,237.331195033065
22.78,60,0,3849.04685586697,118.409181221525,4,1.002108164101,0.982108164101003,241.638814695141,237.315452675787
22.79,60,0,3849.34853704077,118.420898847183,4,1.00210913353971,0.982109133539714,241.622555066563,237.299718200074
22.8,60,0,3849.65006690504,118.432611166033,4,1.00211010256719,0.982110102567193,241.606303592356,237.28399160197
22.81,60,0,3849.95144553602,118.444318180251,4,1.00211107118358,0.982111071183583,241.590060268412,237.268272877517
22.82,60,0,3850.25267300987,118.456019892013,4,1.00211203938903,0.982112039389029,241.573825090623,237.252562022761
22.83,60,0,3850.55374940274,118.467716303495,4,1.00211300718367,0.982113007183674,241.557598054886,237.23685903375
22.84,60,0,3850.85467479073,118.47940741687,4,1.00211397456766,0.982113974567662,241.541379157099,237.221163906533
22.85,60,0,3851.15544924991,118.491093234313,4,1.00211494154114,0.982114941541138,241.525168393161,237.205476637163
22.86,60,0,3851.45607285629,118.502773757996,4,1.00211590810424,0.982115908104244,241.508965758975,237.189797221693
22.87,60,0,3851.75654568588,118.514448990093,4,1.00211687425713,0.982116874257125,241.492771250446,237.174125656178
22.88,60,0,3852.05686781462,118.526118932776,4,1.00211783999992,0.982117839999925,241.476584863478,237.158461936678
22.89,60,0,3852.35703931842,118.537783588214,4,1.00211880533279,0.982118805332787,241.460406593981,237.14280605925
22.9,60,0,3852.65706027315,118.549442958579,4,1.00211977025585,0.982119770255855,241.444236437865,237.127158019957
22.91,60,0,3852.95693075466,118.561097046041,4,1.00212073476927,0.982120734769272,241.428074391043,237.111517814862
22.92,60,0,3853.25665083874,118.572745852769,4,1.00212169887318,0.982121698873184,241.411920449428,237.09588544003
22.93,60,0,3853.55622060116,118.58438938093,4,1.00212266256773,0.982122662567732,241.395774608936,237.080260891528
22.94,60,0,3853.85564011763,118.596027632693,4,1.00212362585306,0.982123625853062,241.379636865487,237.064644165427
22.95,60,0,3854.15490946384,118.607660610225,4,1.00212458872932,0.982124588729316,241.363507215001,237.049035257798
22.96,60,0,3854.45402871544,118.619288315693,4,1.00212555119664,0.982125551196638,241.3473856534,237.033434164713
22.97,60,0,3854.75299794804,118.630910751261,4,1.00212651325517,0.982126513255171,241.33127217661,237.017840882248
22.98,60,0,3855.05181723721,118.642527919096,4,1.00212747490506,0.98212747490506,241.315166780556,237.002255406481
22.99,60,0,3855.35048665848,118.65413982136,4,1.00212843614645,0.982128436146448,241.299069461168,236.98667773349
23,60,0,3855.64900628735,118.665746460219,4,1.00212939697948,0.982129396979478,241.282980214375,236.971107859355
23.01,60,0,3855.94737619928,118.677347837835,4,1.00213035740429,0.982130357404294,241.266899036111,236.955545780161
23.02,60,0,3856.24559646969,118.68894395637,4,1.00213131742104,0.98213131742104,241.250825922311,236.939991491993
23.03,60,0,3856.54366717397,118.700534817986,4,1.00213227702986,0.982132277029858,241.234760868911,236.924444990937
23.04,60,0,3856.84158838745,118.712120424844,4,1.00213323623089,0.982133236230892,241.218703871851,236.908906273082
23.05,60,0,3857.13936018544,118.723700779104,4,1.00213419502429,0.982134195024285,241.20265492707,236.893375334519
23.06,60,0,3857.43698264322,118.735275882925,4,1.00213515341018,0.982135153410182,241.186614030513,236.87785217134
23.07,60,0,3857.73445583602,118.746845738468,4,1.00213611138873,0.982136111388725,241.170581178124,236.862336779641
23.08,60,0,3858.03177983903,118.758410347889,4,1.00213706896006,0.982137068960058,241.154556365849,236.846829155518
23.09,60,0,3858.32895472742,118.769969713347,4,1.00213802612432,0.982138026124324,241.138539589639,236.83132929507
23.1,60,0,3858.62598057629,118.781523836999,4,1.00213898288167,0.982138982881666,241.122530845444,236.815837194397
23.11,60,0,3858.92285746073,118.793072720999,4,1.00213993923223,0.982139939232227,241.106530129216,236.800352849601
23.12,60,0,3859.21958545579,118.804616367505,4,1.00214089517615,0.982140895176151,241.090537436912,236.784876256788
23.13,60,0,3859.51616463648,118.816154778671,4,1.00214185071358,0.982141850713581,241.074552764487,236.769407412062
23.14,60,0,3859.81259507776,118.827687956651,4,1.00214280584466,0.98214280584466,241.058576107902,236.753946311534
23.15,60,0,3860.10887685456,118.839215903598,4,1.00214376056953,0.982143760569532,241.042607463117,236.738492951312
23.16,60,0,3860.40501004178,118.850738621666,4,1.00214471488834,0.982144714888339,241.026646826096,236.723047327508
23.17,60,0,3860.70099471428,118.862256113007,4,1.00214566880122,0.982145668801224,241.010694192804,236.707609436238
23.18,60,0,3860.99683094688,118.873768379771,4,1.00214662230833,0.982146622308332,240.994749559208,236.692179273618
23.19,60,0,3861.29251881436,118.88527542411,4,1.0021475754098,0.982147575409804,240.978812921276,236.676756835764
23.2,60,0,3861.58805839146,118.896777248174,4,1.00214852810578,0.982148528105783,240.962884274982,236.661342118798
23.21,60,0,3861.8834497529,118.908273854112,4,1.00214948039641,0.982149480396414,240.946963616297,236.64593511884
23.22,60,0,3862.17869297333,118.919765244073,4,1.00215043228184,0.982150432281838,240.931050941197,236.630535832014
23.23,60,0,3862.4737881274,118.931251420205,4,1.0021513837622,0.982151383762199,240.91514624566,236.615144254447
23.24,60,0,3862.7687352897,118.942732384655,4,1.00215233483764,0.98215233483764,240.899249525664,236.599760382266
23.25,60,0,3863.0635345348,118.954208139571,4,1.0021532855083,0.982153285508304,240.883360777191,236.5843842116
23.26,60,0,3863.3581859372,118.965678687097,4,1.00215423577433,0.982154235774333,240.867479996224,236.569015738581
23.27,60,0,3863.65268957139,118.97714402938,4,1.00215518563587,0.982155185635871,240.851607178749,236.553654959342
23.28,60,0,3863.94704551182,118.988604168565,4,1.00215613509306,0.982156135093059,240.835742320753,236.538301870018
23.29,60,0,3864.24125383291,119.000059106794,4,1.00215708414604,0.982157084146043,240.819885418224,236.522956466747
23.3,60,0,3864.53531460901,119.011508846211,4,1.00215803279496,0.982158032794963,240.804036467156,236.507618745669
23.31,60,0,3864.82922791447,119.02295338896,4,1.00215898103996,0.982158981039962,240.788195463541,236.492288702923
23.32,60,0,3865.12299382359,119.034392737181,4,1.00215992888118,0.982159928881184,240.772362403375,236.476966334653
23.33,60,0,3865.41661241062,119.045826893017,4,1.00216087631877,0.982160876318772,240.756537282654,236.461651637004
23.34,60,0,3865.71008374978,119.057255858608,4,1.00216182335287,0.982161823352867,240.740720097378,236.446344606123
23.35,60,0,3866.00340791527,119.068679636093,4,1.00216276998361,0.982162769983613,240.724910843549,236.431045238158
23.36,60,0,3866.29658498123,119.080098227612,4,1.00216371621115,0.982163716211153,240.70910951717,236.415753529261
23.37,60,0,3866.58961502178,119.091511635304,4,1.00216466203563,0.982164662035628,240.693316114247,236.400469475584
23.38,60,0,3866.88249811098,119.102919861306,4,1.00216560745718,0.982165607457182,240.677530630786,236.38519307328
23.39,60,0,3867.17523432288,119.114322907755,4,1.00216655247596,0.982166552475957,240.661753062798,236.369924318508
23.4,60,0,3867.46782373148,119.125720776789,4,1.0021674970921,0.982167497092095,240.645983406293,236.354663207424
23.41,60,0,3867.76026641075,119.137113470543,4,1.00216844130574,0.98216844130574,240.630221657285,236.339409736191
23.42,60,0,3868.0525624346,119.148500991151,4,1.00216938511703,0.982169385117034,240.61446781179,236.324163900968
23.43,60,0,3868.34471187692,119.159883340749,4,1.00217032852612,0.982170328526119,240.598721865824,236.308925697921
23.44,60,0,3868.63671481158,119.171260521471,4,1.00217127153314,0.982171271533137,240.582983815408,236.293695123215
23.45,60,0,3868.92857131239,119.182632535449,4,1.00217221413823,0.982172214138232,240.567253656562,236.278472173019
23.46,60,0,3869.22028145312,119.193999384816,4,1.00217315634155,0.982173156341546,240.55153138531,236.263256843503
23.47,60,0,3869.51184530752,119.205361071704,4,1.00217409814322,0.98217409814322,240.535816997678,236.248049130837
23.48,60,0,3869.80326294929,119.216717598243,4,1.0021750395434,0.982175039543398,240.520110489692,236.232849031196
23.49,60,0,3870.0945344521,119.228068966565,4,1.00217598054222,0.982175980542221,240.504411857383,236.217656540756
23.5,60,0,3870.38565988959,119.239415178798,4,1.00217692113983,0.982176921139833,240.488721096781,236.202471655692
23.51,60,0,3870.67663933534,119.250756237072,4,1.00217786133637,0.982177861336375,240.47303820392,236.187294372186
23.52,60,0,3870.96747286291,119.262092143516,4,1.00217880113199,0.982178801131989,240.457363174834,236.172124686418
23.53,60,0,3871.25816054583,119.273422900257,4,1.00217974052682,0.982179740526819,240.441696005561,236.15696259457
23.54,60,0,3871.54870245758,119.284748509422,4,1.00218067952101,0.982180679521005,240.426036692141,236.14180809283
23.55,60,0,3871.8390986716,119.296068973137,4,1.00218161811469,0.982181618114691,240.410385230616,236.126661177382
23.56,60,0,3872.12934926131,119.307384293529,4,1.00218255630802,0.982182556308018,240.394741617027,236.111521844417
23.57,60,0,3872.41945430008,119.318694472721,4,1.00218349410113,0.982183494101129,240.379105847421,236.096390090125
23.58,60,0,3872.70941386125,119.329999512839,4,1.00218443149417,0.982184431494166,240.363477917844,236.081265910698
23.59,60,0,3872.99922801812,119.341299416006,4,1.00218536848727,0.98218536848727,240.347857824346,236.066149302332
23.6,60,0,3873.28889684395,119.352594184344,4,1.00218630508058,0.982186305080584,240.332245562978,236.051040261221
23.61,60,0,3873.57842041196,119.363883819977,4,1.00218724127425,0.982187241274251,240.316641129793,236.035938783565
23.62,60,0,3873.86779879536,119.375168325026,4,1.00218817706841,0.982188177068411,240.301044520846,236.020844865565
23.63,60,0,3874.15703206728,119.386447701611,4,1.00218911246321,0.982189112463207,240.285455732195,236.005758503422
23.64,60,0,3874.44612030086,119.397721951853,4,1.00219004745878,0.982190047458782,240.269874759899,235.99067969334
23.65,60,0,3874.73506356916,119.408991077872,4,1.00219098205528,0.982190982055276,240.254301600017,235.975608431525
23.66,60,0,3875.02386194524,119.420255081786,4,1.00219191625283,0.982191916252832,240.238736248614,235.960544714184
23.67,60,0,3875.31251550209,119.431513965714,4,1.00219285005159,0.982192850051592,240.223178701754,235.945488537529
23.68,60,0,3875.6010243127,119.442767731773,4,1.0021937834517,0.982193783451698,240.207628955505,235.930439897769
23.69,60,0,3875.88938845,119.45401638208,4,1.00219471645329,0.982194716453291,240.192087005936,235.915398791119
23.7,60,0,3876.17760798687,119.465259918751,4,1.00219564905651,0.982195649056513,240.176552849117,235.900365213794
23.71,60,0,3876.46568299619,119.476498343901,4,1.00219658126151,0.982196581261507,240.161026481121,235.885339162011
23.72,60,0,3876.75361355078,119.487731659646,4,1.00219751306841,0.982197513068413,240.145507898023,235.870320631989
23.73,60,0,3877.04139972342,119.4989598681,4,1.00219844447737,0.982198444477375,240.129997095901,235.855309619951
23.74,60,0,3877.32904158688,119.510182971375,4,1.00219937548853,0.982199375488532,240.114494070832,235.840306122116
23.75,60,0,3877.61653921385,119.521400971586,4,1.00220030610203,0.982200306102028,240.098998818898,235.825310134712
23.76,60,0,3877.90389267703,119.532613870843,4,1.002201236318,0.982201236318003,240.083511336181,235.810321653964
23.77,60,0,3878.19110204906,119.543821671259,4,1.0022021661366,0.9822021661366,240.068031618766,235.795340676102
23.78,60,0,3878.47816740253,119.555024374943,4,1.00220309555796,0.98220309555796,240.05255966274,235.780367197355
23.79,60,0,3878.76508881003,119.566221984007,4,1.00220402458223,0.982204024582225,240.03709546419,235.765401213956
23.8,60,0,3879.05186634408,119.577414500559,4,1.00220495320954,0.982204953209536,240.021639019209,235.750442722139
23.81,60,0,3879.33850007718,119.588601926709,4,1.00220588144003,0.982205881440035,240.006190323888,235.735491718139
23.82,60,0,3879.62499008179,119.599784264564,4,1.00220680927386,0.982206809273863,239.990749374322,235.720548198196
23.83,60,0,3879.91133643034,119.610961516231,4,1.00220773671116,0.982207736711162,239.975316166607,235.705612158548
23.84,60,0,3880.19753919521,119.622133683818,4,1.00220866375207,0.982208663752074,239.959890696842,235.690683595438
23.85,60,0,3880.48359844876,119.63330076943,4,1.00220959039674,0.982209590396739,239.944472961127,235.67576250511
23.86,60,0,3880.7695142633,119.644462775172,4,1.0022105166453,0.982210516645299,239.929062955564,235.660848883807
23.87,60,0,3881.05528671112,119.65561970315,4,1.0022114424979,0.982211442497896,239.913660676258,235.645942727778
23.88,60,0,3881.34091586444,119.666771555468,4,1.00221236795467,0.982212367954671,239.898266119315,235.631044033273
23.89,60,0,3881.62640179549,119.677918334228,4,1.00221329301577,0.982213293015766,239.882879280843,235.61615279654
23.9,60,0,3881.91174457644,119.689060041533,4,1.00221421768132,0.982214217681321,239.867500156952,235.601269013835
23.91,60,0,3882.1969442794,119.700196679485,4,1.00221514195148,0.982215141951478,239.852128743755,235.586392681412
23.92,60,0,3882.4820009765,119.711328250185,4,1.00221606582638,0.982216065826378,239.836765037365,235.571523795526
23.93,60,0,3882.76691473978,119.722454755734,4,1.00221698930616,0.982216989306163,239.821409033898,235.556662352437
23.94,60,0,3883.05168564128,119.733576198233,4,1.00221791239097,0.982217912390974,239.806060729471,235.541808348405
23.95,60,0,3883.33631375298,119.744692579779,4,1.00221883508095,0.982218835080951,239.790720120208,235.526961779693
23.96,60,0,3883.62079914684,119.755803902472,4,1.00221975737624,0.982219757376237,239.775387202226,235.512122642563
23.97,60,0,3883.90514189478,119.76691016841,4,1.00222067927697,0.982220679276972,239.760061971652,235.497290933285
23.98,60,0,3884.18934206868,119.778011379689,4,1.0022216007833,0.982221600783297,239.744744424609,235.482466648122
23.99,60,0,3884.47339974038,119.789107538406,4,1.00222252189535,0.982222521895354,239.729434557227,235.467649783347
24,60,0,3884.7573149817,119.800198646658,4,1.00222344261328,0.982223442613283,239.714132365635,235.45284033523
24.01,60,0,3885.0410878644,119.811284706539,4,1.00222436293723,0.982224362937226,239.698837845964,235.438038300045
24.02,60,0,3885.32471846024,119.822365720143,4,1.00222528286732,0.982225282867324,239.683550994347,235.423243674067
24.03,60,0,3885.6082068409,119.833441689565,4,1.00222620240372,0.982226202403718,239.668271806921,235.408456453574
24.04,60,0,3885.89155307806,119.844512616898,4,1.00222712154655,0.982227121546548,239.653000279823,235.393676634844
24.05,60,0,3886.17475724335,119.855578504234,4,1.00222804029596,0.982228040295955,239.637736409191,235.378904214158
24.06,60,0,3886.45781940835,119.866639353664,4,1.00222895865208,0.982228958652081,239.622480191167,235.364139187799
24.07,60,0,3886.74073964464,119.877695167281,4,1.00222987661507,0.982229876615067,239.607231621894,235.349381552051
24.08,60,0,3887.02351802373,119.888745947175,4,1.00223079418505,0.982230794185052,239.591990697518,235.3346313032
24.09,60,0,3887.3061546171,119.899791695434,4,1.00223171136218,0.982231711362179,239.576757414185,235.319888437536
24.1,60,0,3887.58864949622,119.910832414149,4,1.00223262814659,0.982232628146588,239.561531768044,235.305152951348
24.11,60,0,3887.87100273249,119.921868105407,4,1.00223354453842,0.982233544538419,239.546313755247,235.290424840929
24.12,60,0,3888.15321439729,119.932898771297,4,1.00223446053781,0.982234460537814,239.531103371946,235.275704102571
24.13,60,0,3888.43528456198,119.943924413905,4,1.00223537614491,0.982235376144913,239.515900614296,235.26099073257
24.14,60,0,3888.71721329784,119.954945035318,4,1.00223629135986,0.982236291359857,239.500705478453,235.246284727225
24.15,60,0,3888.99900067617,119.965960637622,4,1.00223720618279,0.982237206182787,239.485517960576,235.231586082834
24.16,60,0,3889.28064676819,119.976971222901,4,1.00223812061384,0.982238120613843,239.470338056826,235.216894795699
24.17,60,0,3889.5621516451,119.98797679324,4,1.00223903465317,0.982239034653166,239.455165763366,235.202210862122
24.18,60,0,3889.84351537808,119.998977350722,4,1.0022399483009,0.982239948300896,239.440001076359,235.187534278409
24.19,60,0,3890.12473803824,120.009972897431,4,1.00224086155717,0.982240861557175,239.424843991972,235.172865040867
24.2,60,0,3890.40581969668,120.020963435449,4,1.00224177442214,0.982241774422142,239.409694506373,235.158203145803
24.21,60,0,3890.68676042447,120.031948966857,4,1.00224268689594,0.982242686895938,239.394552615733,235.143548589528
24.22,60,0,3890.96756029262,120.042929493737,4,1.0022435989787,0.982243598978704,239.379418316223,235.128901368356
24.23,60,0,3891.24821937211,120.053905018168,4,1.00224451067058,0.982244510670581,239.364291604018,235.114261478598
24.24,60,0,3891.52873773391,120.06487554223,4,1.00224542197171,0.982245421971708,239.349172475293,235.099628916573
24.25,60,0,3891.80911544893,120.075841068003,4,1.00224633288223,0.982246332882226,239.334060926225,235.085003678596
24.26,60,0,3892.08935258804,120.086801597564,4,1.00224724340228,0.982247243402276,239.318956952997,235.070385760989
24.27,60,0,3892.36944922209,120.097757132991,4,1.002248153532,0.982248153531998,239.303860551788,235.055775160072
24.28,60,0,3892.64940542189,120.108707676361,4,1.00224906327153,0.982249063271531,239.288771718782,235.041171872169
24.29,60,0,3892.92922125822,120.119653229751,4,1.00224997262102,0.982249972621018,239.273690450166,235.026575893606
24.3,60,0,3893.2088968018,120.130593795235,4,1.0022508815806,0.982250881580597,239.258616742126,235.011987220708
24.31,60,0,3893.48843212335,120.141529374888,4,1.00225179015041,0.98225179015041,239.243550590852,234.997405849804
24.32,60,0,3893.76782729353,120.152459970785,4,1.0022526983306,0.982252698330595,239.228491992534,234.982831777226
24.33,60,0,3894.04708238298,120.163385585,4,1.00225360612129,0.982253606121295,239.213440943367,234.968264999305
24.34,60,0,3894.32619746228,120.174306219605,4,1.00225451352265,0.982254513522648,239.198397439545,234.953705512377
24.35,60,0,3894.605172602,120.185221876672,4,1.0022554205348,0.982255420534795,239.183361477265,234.939153312777
24.36,60,0,3894.88400787266,120.196132558272,4,1.00225632715788,0.982256327157877,239.168333052726,234.924608396843
24.37,60,0,3895.16270334476,120.207038266478,4,1.00225723339203,0.982257233392033,239.15331216213,234.910070760915
24.38,60,0,3895.44125908875,120.217939003358,4,1.0022581392374,0.982258139237403,239.138298801678,234.895540401334
24.39,60,0,3895.71967517505,120.228834770982,4,1.00225904469413,0.982259044694127,239.123292967576,234.881017314445
24.4,60,0,3895.99795167404,120.239725571419,4,1.00225994976235,0.982259949762346,239.108294656029,234.866501496591
24.41,60,0,3896.27608865607,120.250611406738,4,1.0022608544422,0.982260854442199,239.093303863246,234.851992944121
24.42,60,0,3896.55408619145,120.261492279005,4,1.00226175873383,0.982261758733827,239.078320585438,234.837491653382
24.43,60,0,3896.83194435047,120.272368190287,4,1.00226266263737,0.982262662637369,239.063344818818,234.822997620728
24.44,60,0,3897.10966320336,120.28323914265,4,1.00226356615297,0.982263566152966,239.048376559598,234.808510842508
24.45,60,0,3897.38724282034,120.294105138161,4,1.00226446928076,0.982264469280757,239.033415803996,234.794031315078
24.46,60,0,3897.66468327157,120.304966178882,4,1.00226537202088,0.982265372020882,239.018462548228,234.779559034795
24.47,60,0,3897.94198462719,120.31582226688,4,1.00226627437348,0.982266274373481,239.003516788516,234.765093998015
24.48,60,0,3898.21914695731,120.326673404216,4,1.00226717633869,0.982267176338693,238.98857852108,234.750636201099
24.49,60,0,3898.496170332,120.337519592954,4,1.00226807791666,0.98226807791666,238.973647742144,234.736185640409
24.5,60,0,3898.77305482127,120.348360835156,4,1.00226897910752,0.98226897910752,238.958724447935,234.721742312308
24.51,60,0,3899.04980049513,120.359197132883,4,1.00226987991141,0.982269879911413,238.943808634678,234.707306213161
24.52,60,0,3899.32640742355,120.370028488196,4,1.00227078032848,0.982270780328479,238.928900298604,234.692877339335
24.53,60,0,3899.60287567644,120.380854903154,4,1.00227168035886,0.982271680358857,238.913999435944,234.6784556872
24.54,60,0,3899.87920532371,120.391676379817,4,1.00227258000269,0.982272580002688,238.899106042931,234.664041253126
24.55,60,0,3900.15539643519,120.402492920245,4,1.00227347926011,0.98227347926011,238.884220115801,234.649634033486
24.56,60,0,3900.43144908073,120.413304526493,4,1.00227437813126,0.982274378131265,238.869341650789,234.635234024653
24.57,60,0,3900.70736333009,120.424111200621,4,1.00227527661629,0.98227527661629,238.854470644134,234.620841223005
24.58,60,0,3900.98313925304,120.434912944685,4,1.00227617471533,0.982276174715326,238.839607092078,234.606455624918
24.59,60,0,3901.25877691929,120.44570976074,4,1.00227707242851,0.982277072428512,238.824750990863,234.592077226774
24.6,60,0,3901.53427639852,120.456501650843,4,1.00227796975599,0.982277969755988,238.809902336734,234.577706024952
24.61,60,0,3901.80963776038,120.467288617046,4,1.00227886669789,0.982278866697893,238.795061125936,234.563342015838
24.62,60,0,3902.08486107448,120.478070661405,4,1.00227976325437,0.982279763254367,238.780227354718,234.548985195816
24.63,60,0,3902.35994641038,120.488847785973,4,1.00228065942555,0.982280659425548,238.76540101933,234.534635561273
24.64,60,0,3902.63489383765,120.499619992802,4,1.00228155521158,0.982281555211578,238.750582116024,234.520293108598
24.65,60,0,3902.90970342578,120.510387283945,4,1.00228245061259,0.982282450612594,238.735770641054,234.505957834181
24.66,60,0,3903.18437524424,120.521149661452,4,1.00228334562874,0.982283345628736,238.720966590676,234.491629734415
24.67,60,0,3903.45890936247,120.531907127373,4,1.00228424026014,0.982284240260144,238.706169961148,234.477308805695
24.68,60,0,3903.73330584987,120.54265968376,4,1.00228513450696,0.982285134506957,238.691380748728,234.462995044416
24.69,60,0,3904.00756477581,120.553407332661,4,1.00228602836931,0.982286028369314,238.676598949678,234.448688446975
24.7,60,0,3904.28168620963,120.564150076124,4,1.00228692184735,0.982286921847354,238.661824560262,234.434389009773
24.71,60,0,3904.55567022061,120.574887916198,4,1.00228781494122,0.982287814941217,238.647057576745,234.420096729212
24.72,60,0,3904.82951687802,120.58562085493,4,1.00228870765104,0.982288707651042,238.632297995394,234.405811601694
24.73,60,0,3905.1032262511,120.596348894366,4,1.00228959997697,0.982289599976967,238.617545812477,234.391533623623
24.74,60,0,3905.37679840902,120.607072036551,4,1.00229049191913,0.982290491919133,238.602801024265,234.377262791409
24.75,60,0,3905.65023342096,120.617790283532,4,1.00229138347768,0.982291383477678,238.588063627032,234.362999101458
24.76,60,0,3905.92353135602,120.628503637353,4,1.00229227465274,0.982292274652741,238.573333617052,234.348742550181
24.77,60,0,3906.19669228332,120.639212100057,4,1.00229316544446,0.982293165444462,238.5586109906,234.33449313399
24.78,60,0,3906.46971627189,120.649915673688,4,1.00229405585298,0.982294055852978,238.543895743955,234.3202508493
24.79,60,0,3906.74260339075,120.660614360288,4,1.00229494587843,0.98229494587843,238.529187873399,234.306015692526
24.8,60,0,3907.0153537089,120.671308161899,4,1.00229583552096,0.982295835520957,238.514487375212,234.291787660086
24.81,60,0,3907.28796729528,120.681997080562,4,1.0022967247807,0.982296724780697,238.499794245677,234.277566748399
24.82,60,0,3907.56044421881,120.692681118318,4,1.00229761365779,0.982297613657789,238.485108481082,234.263352953886
24.83,60,0,3907.83278454837,120.703360277206,4,1.00229850215237,0.982298502152372,238.470430077714,234.24914627297
24.84,60,0,3908.1049883528,120.714034559265,4,1.00229939026459,0.982299390264585,238.455759031861,234.234946702076
24.85,60,0,3908.37705570092,120.724703966534,4,1.00230027799457,0.982300277994567,238.441095339817,234.220754237631
24.86,60,0,3908.64898666151,120.73536850105,4,1.00230116534246,0.982301165342457,238.426438997873,234.206568876063
24.87,60,0,3908.9207813033,120.746028164851,4,1.00230205230839,0.982302052308393,238.411790002325,234.192390613801
24.88,60,0,3909.19243969501,120.756682959974,4,1.00230293889251,0.982302938892514,238.397148349469,234.178219447278
24.89,60,0,3909.46396190531,120.767332888452,4,1.00230382509496,0.982303825094959,238.382514035606,234.164055372929
24.9,60,0,3909.73534800283,120.777977952323,4,1.00230471091587,0.982304710915867,238.367887057035,234.149898387186
24.91,60,0,3910.0065980562,120.78861815362,4,1.00230559635538,0.982305596355376,238.353267410057,234.135748486489
24.92,60,0,3910.27771213396,120.799253494377,4,1.00230648141362,0.982306481413624,238.338655090979,234.121605667275
24.93,60,0,3910.54869030467,120.809883976627,4,1.00230736609075,0.982307366090752,238.324050096107,234.107469925987
24.94,60,0,3910.81953263681,120.820509602402,4,1.0023082503869,0.982308250386897,238.309452421748,234.093341259066
24.95,60,0,3911.09023919887,120.831130373734,4,1.0023091343022,0.982309134302197,238.294862064212,234.079219662958
24.96,60,0,3911.36081005927,120.841746292654,4,1.00231001783679,0.982310017836792,238.280279019811,234.065105134106
24.97,60,0,3911.63124528641,120.852357361193,4,1.00231090099082,0.982310900990819,238.265703284859,234.050997668961
24.98,60,0,3911.90154494865,120.86296358138,4,1.00231178376442,0.982311783764418,238.251134855672,234.036897263972
24.99,60,0,3912.17170911433,120.873564955243,4,1.00231266615773,0.982312666157726,238.236573728565,234.022803915589
25,60,0,3912.44173785174,120.884161484812,4,1.00231354817088,0.982313548170883,238.22201989986,234.008717620266
25.01,60,0,3912.71163122913,120.894753172115,4,1.00231442980403,0.982314429804026,238.207473365876,233.994638374459
25.02,60,0,3912.98138931475,120.905340019177,4,1.00231531105729,0.982315311057294,238.192934122938,233.980566174623
25.03,60,0,3913.25101217677,120.915922028025,4,1.00231619193083,0.982316191930826,238.178402167369,233.966501017219
25.04,60,0,3913.52049988337,120.926499200686,4,1.00231707242476,0.982317072424759,238.163877495497,233.952442898705
25.05,60,0,3913.78985250265,120.937071539183,4,1.00231795253923,0.982317952539232,238.149360103648,233.938391815544
25.06,60,0,3914.05907010272,120.947639045542,4,1.00231883227438,0.982318832274383,238.134849988155,233.9243477642
25.07,60,0,3914.32815275162,120.958201721785,4,1.00231971163035,0.982319711630351,238.120347145349,233.910310741138
25.08,60,0,3914.59710051739,120.968759569936,4,1.00232059060727,0.982320590607273,238.105851571564,233.896280742826
25.09,60,0,3914.865913468,120.979312592018,4,1.00232146920529,0.982321469205288,238.091363263135,233.882257765732
25.1,60,0,3915.13459167141,120.989860790051,4,1.00232234742453,0.982322347424535,238.076882216401,233.868241806329
25.11,60,0,3915.40313519554,121.000404166056,4,1.00232322526515,0.98232322526515,238.062408427701,233.854232861089
25.12,60,0,3915.67154410827,121.010942722055,4,1.00232410272727,0.982324102727272,238.047941893377,233.840230926485
25.13,60,0,3915.93981847746,121.021476460066,4,1.00232497981104,0.98232497981104,238.033482609771,233.826235998995
25.14,60,0,3916.20795837091,121.032005382108,4,1.00232585651659,0.982325856516592,238.019030573229,233.812248075096
25.15,60,0,3916.47596385643,121.042529490199,4,1.00232673284406,0.982326732844064,238.004585780097,233.798267151267
25.16,60,0,3916.74383500174,121.053048786358,4,1.0023276087936,0.982327608793596,237.990148226724,233.784293223991
25.17,60,0,3917.01157187457,121.063563272601,4,1.00232848436533,0.982328484365325,237.975717909461,233.770326289751
25.18,60,0,3917.2791745426,121.074072950945,4,1.00232935955939,0.98232935955939,237.96129482466,233.756366345032
25.19,60,0,3917.54664307347,121.084577823404,4,1.00233023437593,0.982330234375928,237.946878968676,233.74241338632
25.2,60,0,3917.81397753479,121.095077891993,4,1.00233110881508,0.982331108815077,237.932470337864,233.728467410104
25.21,60,0,3918.08117799415,121.105573158728,4,1.00233198287697,0.982331982876975,237.918068928582,233.714528412875
25.22,60,0,3918.34824451909,121.116063625621,4,1.00233285656176,0.982332856561759,237.90367473719,233.700596391124
25.23,60,0,3918.61517717712,121.126549294685,4,1.00233372986957,0.982333729869568,237.88928776005,233.686671341345
25.24,60,0,3918.88197603572,121.137030167933,4,1.00233460280054,0.98233460280054,237.874907993524,233.672753260033
25.25,60,0,3919.14864116233,121.147506247376,4,1.00233547535481,0.982335475354812,237.860535433979,233.658842143688
25.26,60,0,3919.41517262435,121.157977535025,4,1.00233634753252,0.982336347532521,237.84617007778,233.644937988805
25.27,60,0,3919.68157048917,121.16844403289,4,1.00233721933381,0.982337219333806,237.831811921298,233.631040791888
25.28,60,0,3919.94783482412,121.17890574298,4,1.0023380907588,0.982338090758804,237.817460960902,233.617150549439
25.29,60,0,3920.21396569651,121.189362667305,4,1.00233896180765,0.982338961807653,237.803117192965,233.603267257961
25.3,60,0,3920.47996317362,121.199814807872,4,1.00233983248049,0.98233983248049,237.788780613862,233.589390913961
25.31,60,0,3920.74582732268,121.21026216669,4,1.00234070277745,0.982340702777454,237.774451219968,233.575521513947
25.32,60,0,3921.0115582109,121.220704745764,4,1.00234157269868,0.98234157269868,237.760129007662,233.561659054427
25.33,60,0,3921.27715590546,121.231142547101,4,1.00234244224431,0.982342442244308,237.745813973323,233.547803531915
25.34,60,0,3921.54262047348,121.241575572707,4,1.00234331141447,0.982343311414475,237.731506113333,233.533954942922
25.35,60,0,3921.80795198209,121.252003824586,4,1.00234418020932,0.982344180209317,237.717205424076,233.520113283964
25.36,60,0,3922.07315049833,121.262427304743,4,1.00234504862897,0.982345048628973,237.702911901937,233.506278551556
25.37,60,0,3922.33821608927,121.27284601518,4,1.00234591667358,0.98234591667358,237.688625543302,233.492450742218
25.38,60,0,3922.60314882189,121.283259957902,4,1.00234678434327,0.982346784343274,237.674346344561,233.478629852469
25.39,60,0,3922.86794876316,121.293669134909,4,1.0023476516382,0.982347651638195,237.660074302104,233.46481587883
25.4,60,0,3923.13261598003,121.304073548203,4,1.00234851855848,0.982348518558479,237.645809412324,233.451008817827
25.41,60,0,3923.3971505394,121.314473199785,4,1.00234938510426,0.982349385104262,237.631551671615,233.437208665982
25.42,60,0,3923.66155250812,121.324868091656,4,1.00235025127568,0.982350251275683,237.617301076373,233.423415419825
25.43,60,0,3923.92582195305,121.335258225814,4,1.00235111707288,0.98235111707288,237.603057622997,233.409629075883
25.44,60,0,3924.18995894098,121.345643604259,4,1.00235198249599,0.982351982495987,237.588821307887,233.395849630687
25.45,60,0,3924.45396353868,121.356024228988,4,1.00235284754514,0.982352847545145,237.574592127442,233.382077080769
25.46,60,0,3924.71783581288,121.366400101999,4,1.00235371222049,0.982353712220488,237.560370078069,233.368311422664
25.47,60,0,3924.98157583029,121.376771225289,4,1.00235457652215,0.982354576522155,237.546155156171,233.354552652906
25.48,60,0,3925.24518365757,121.387137600853,4,1.00235544045028,0.982355440450282,237.531947358155,233.340800768033
25.49,60,0,3925.50865936136,121.397499230688,4,1.00235630400501,0.982356304005007,237.51774668043,233.327055764585
25.5,60,0,3925.77200300825,121.407856116788,4,1.00235716718647,0.982357167186467,237.503553119407,233.313317639101
25.51,60,0,3926.03521466481,121.418208261146,4,1.0023580299948,0.982358029994798,237.489366671499,233.299586388126
25.52,60,0,3926.29829439758,121.428555665757,4,1.00235889243014,0.982358892430139,237.475187333118,233.285862008202
25.53,60,0,3926.56124227306,121.438898332614,4,1.00235975449262,0.982359754492624,237.461015100683,233.272144495876
25.54,60,0,3926.82405835771,121.449236263708,4,1.00236061618239,0.982360616182393,237.44684997061,233.258433847696
25.55,60,0,3927.08674271797,121.45956946103,4,1.00236147749958,0.982361477499581,237.432691939318,233.244730060211
25.56,60,0,3927.34929542023,121.469897926571,4,1.00236233844432,0.982362338444325,237.41854100323,233.231033129973
25.57,60,0,3927.61171653087,121.480221662323,4,1.00236319901676,0.982363199016762,237.40439715877,233.217343053536
25.58,60,0,3927.87400611621,121.490540670273,4,1.00236405921703,0.98236405921703,237.390260402362,233.203659827452
25.59,60,0,3928.13616424255,121.50085495241,4,1.00236491904526,0.982364919045264,237.376130730432,233.189983448279
25.6,60,0,3928.39819097617,121.511164510723,4,1.0023657785016,0.982365778501602,237.362008139409,233.176313912574
25.61,60,0,3928.66008638328,121.5214693472,4,1.00236663758618,0.98236663758618,237.347892625725,233.162651216899
25.62,60,0,3928.92185053011,121.531769463825,4,1.00236749629914,0.982367496299135,237.33378418581,233.148995357813
25.63,60,0,3929.1834834828,121.542064862587,4,1.0023683546406,0.982368354640604,237.3196828161,233.135346331882
25.64,60,0,3929.44498530749,121.55235554547,4,1.00236921261072,0.982369212610724,237.30558851303,233.121704135669
25.65,60,0,3929.70635607029,121.562641514458,4,1.00237007020963,0.98237007020963,237.291501273037,233.108068765742
25.66,60,0,3929.96759583726,121.572922771537,4,1.00237092743746,0.98237092743746,237.277421092562,233.094440218669
25.67,60,0,3930.22870467443,121.583199318689,4,1.00237178429435,0.98237178429435,237.263347968044,233.080818491019
25.68,60,0,3930.4896826478,121.593471157896,4,1.00237264078044,0.982372640780437,237.249281895929,233.067203579366
25.69,60,0,3930.75052982334,121.603738291142,4,1.00237349689586,0.982373496895857,237.235222872659,233.053595480282
25.7,60,0,3931.01124626698,121.614000720407,4,1.00237435264075,0.982374352640747,237.221170894682,233.039994190343
25.71,60,0,3931.27183204463,121.624258447672,4,1.00237520801524,0.982375208015243,237.207125958446,233.026399706126
25.72,60,0,3931.53228722215,121.634511474917,4,1.00237606301948,0.982376063019482,237.193088060402,233.01281202421
25.73,60,0,3931.79261186538,121.644759804122,4,1.0023769176536,0.982376917653599,237.179057197,232.999231141176
25.74,60,0,3932.05280604011,121.655003437264,4,1.00237777191773,0.982377771917732,237.165033364696,232.985657053604
25.75,60,0,3932.31286981211,121.665242376323,4,1.00237862581202,0.982378625812016,237.151016559943,232.97208975808
25.76,60,0,3932.57280324713,121.675476623275,4,1.00237947933659,0.982379479336589,237.137006779201,232.958529251189
25.77,60,0,3932.83260641085,121.685706180097,4,1.00238033249159,0.982380332491586,237.123004018928,232.944975529519
25.78,60,0,3933.09227936896,121.695931048766,4,1.00238118527714,0.982381185277143,237.109008275586,232.931428589658
25.79,60,0,3933.35182218708,121.706151231256,4,1.0023820376934,0.982382037693397,237.095019545635,232.917888428196
25.8,60,0,3933.61123493083,121.716366729542,4,1.00238288974048,0.982382889740484,237.08103782554,232.904355041727
25.81,60,0,3933.87051766576,121.726577545598,4,1.00238374141854,0.98238374141854,237.06706311177,232.890828426846
25.82,60,0,3934.12967045742,121.736783681398,4,1.0023845927277,0.982384592727702,237.05309540079,232.877308580146
25.83,60,0,3934.3886933713,121.746985138914,4,1.0023854436681,0.982385443668104,237.039134689071,232.863795498227
25.84,60,0,3934.64758647289,121.757181920118,4,1.00238629423988,0.982386294239885,237.025180973085,232.850289177687
25.85,60,0,3934.90634982761,121.767374026982,4,1.00238714444318,0.982387144443178,237.011234249304,232.836789615127
25.86,60,0,3935.16498350088,121.777561461476,4,1.00238799427812,0.982387994278122,236.997294514205,232.823296807151
25.87,60,0,3935.42348755807,121.78774422557,4,1.00238884374485,0.98238884374485,236.983361764262,232.809810750361
25.88,60,0,3935.6818620645,121.797922321234,4,1.0023896928435,0.982389692843501,236.969435995957,232.796331441366
25.89,60,0,3935.9401070855,121.808095750436,4,1.00239054157421,0.982390541574208,236.955517205768,232.782858876771
25.9,60,0,3936.19822268634,121.818264515144,4,1.00239138993711,0.98239138993711,236.941605390179,232.769393053188
25.91,60,0,3936.45620893225,121.828428617325,4,1.00239223793234,0.98239223793234,236.927700545672,232.755933967226
25.92,60,0,3936.71406588844,121.838588058947,4,1.00239308556004,0.982393085560035,236.913802668734,232.742481615499
25.93,60,0,3936.97179362009,121.848742841975,4,1.00239393282033,0.982393932820332,236.899911755853,232.729035994622
25.94,60,0,3937.22939219234,121.858892968375,4,1.00239477971336,0.982394779713365,236.886027803517,232.71559710121
25.95,60,0,3937.48686167031,121.86903844011,4,1.00239562623927,0.98239562623927,236.872150808218,232.702164931883
25.96,60,0,3937.74420211905,121.879179259146,4,1.00239647239818,0.982396472398184,236.858280766449,232.688739483258
25.97,60,0,3938.00141360363,121.889315427445,4,1.00239731819024,0.982397318190242,236.844417674703,232.675320751958
25.98,60,0,3938.25849618905,121.899446946971,4,1.00239816361558,0.982398163615579,236.830561529478,232.661908734606
25.99,60,0,3938.51544994029,121.909573819684,4,1.00239900867433,0.982399008674331,236.816712327271,232.648503427826
26,60,0,3938.7722749223,121.919696047547,4,1.00239985336663,0.982399853366635,236.802870064583,232.635104828245
26.01,60,0,3939.02897119998,121.929813632521,4,1.00240069769262,0.982400697692625,236.789034737915,232.621712932491
26.02,60,0,3939.28553883822,121.939926576564,4,1.00240154165244,0.982401541652437,236.77520634377,232.608327737194
26.03,60,0,3939.54197790188,121.950034881637,4,1.00240238524621,0.982402385246206,236.761384878654,232.594949238984
26.04,60,0,3939.79828845575,121.960138549698,4,1.00240322847407,0.982403228474068,236.747570339073,232.581577434497
26.05,60,0,3940.05447056463,121.970237582704,4,1.00240407133616,0.982404071336159,236.733762721536,232.568212320366
26.06,60,0,3940.31052429326,121.980331982615,4,1.00240491383261,0.982404913832615,236.719962022554,232.554853893227
26.07,60,0,3940.56644970636,121.990421751385,4,1.00240575596357,0.982405755963569,236.706168238639,232.54150214972
26.08,60,0,3940.82224686863,122.000506890972,4,1.00240659772916,0.982406597729159,236.692381366305,232.528157086484
26.09,60,0,3941.0779158447,122.01058740333,4,1.00240743912952,0.982407439129518,236.678601402067,232.514818700161
26.1,60,0,3941.3334566992,122.020663290414,4,1.00240828016478,0.982408280164783,236.664828342444,232.501486987394
26.11,60,0,3941.58886949671,122.030734554178,4,1.00240912083509,0.982409120835089,236.651062183954,232.488161944828
26.12,60,0,3941.84415430179,122.040801196575,4,1.00240996114057,0.982409961140571,236.637302923117,232.474843569109
26.13,60,0,3942.09931117897,122.050863219559,4,1.00241080108136,0.982410801081364,236.623550556458,232.461531856886
26.14,60,0,3942.35434019273,122.06092062508,4,1.0024116406576,0.982411640657604,236.6098050805,232.44822680481
26.15,60,0,3942.60924140753,122.070973415091,4,1.00241247986943,0.982412479869425,236.596066491769,232.43492840953
26.16,60,0,3942.86401488779,122.081021591542,4,1.00241331871696,0.982413318716964,236.582334786795,232.421636667703
26.17,60,0,3943.11866069791,122.091065156383,4,1.00241415720035,0.982414157200354,236.568609962105,232.408351575981
26.18,60,0,3943.37317890225,122.101104111564,4,1.00241499531973,0.982414995319732,236.554892014232,232.395073131022
26.19,60,0,3943.62756956512,122.111138459032,4,1.00241583307523,0.982415833075232,236.54118093971,232.381801329484
26.2,60,0,3943.88183275084,122.121168200737,4,1.00241667046699,0.982416670466989,236.527476735072,232.368536168028
26.21,60,0,3944.13596852366,122.131193338625,4,1.00241750749514,0.982417507495138,236.513779396857,232.355277643315
26.22,60,0,3944.38997694781,122.141213874643,4,1.00241834415981,0.982418344159814,236.500088921601,232.342025752008
26.23,60,0,3944.64385808749,122.151229810737,4,1.00241918046115,0.982419180461153,236.486405305846,232.328780490773
26.24,60,0,3944.89761200686,122.161241148852,4,1.00242001639929,0.982420016399289,236.472728546133,232.315541856277
26.25,60,0,3945.15123877007,122.171247890934,4,1.00242085197436,0.982420851974357,236.459058639006,232.302309845187
26.26,60,0,3945.4047384412,122.181250038925,4,1.00242168718649,0.982421687186492,236.445395581011,232.289084454174
26.27,60,0,3945.65811108433,122.19124759477,4,1.00242252203583,0.982422522035828,236.431739368694,232.27586567991
26.28,60,0,3945.9113567635,122.201240560412,4,1.0024233565225,0.982423356522501,236.418089998605,232.262653519068
26.29,60,0,3946.16447554271,122.211228937791,4,1.00242419064665,0.982424190646646,236.404447467294,232.249447968324
26.3,60,0,3946.41746748593,122.22121272885,4,1.0024250244084,0.982425024408396,236.390811771314,232.236249024354
26.31,60,0,3946.6703326571,122.231191935529,4,1.00242585780789,0.982425857807887,236.377182907218,232.223056683836
26.32,60,0,3946.92307112013,122.241166559768,4,1.00242669084525,0.982426690845254,236.363560871563,232.20987094345
26.33,60,0,3947.1756829389,122.251136603507,4,1.00242752352063,0.982427523520631,236.349945660906,232.196691799879
26.34,60,0,3947.42816817724,122.261102068684,4,1.00242835583415,0.982428355834152,236.336337271807,232.183519249807
26.35,60,0,3947.68052689897,122.271062957238,4,1.00242918778595,0.982429187785953,236.322735700826,232.170353289917
26.36,60,0,3947.93275916787,122.281019271105,4,1.00243001937617,0.982430019376168,236.309140944527,232.157193916897
26.37,60,0,3948.18486504769,122.290971012222,4,1.00243085060493,0.982430850604932,236.295552999474,232.144041127436
26.38,60,0,3948.43684460214,122.300918182526,4,1.00243168147238,0.982431681472378,236.281971862232,232.130894918222
26.39,60,0,3948.6886978949,122.310860783952,4,1.00243251197864,0.982432511978642,236.268397529371,232.117755285948
26.4,60,0,3948.94042498962,122.320798818434,4,1.00243334212386,0.982433342123858,236.254829997461,232.104622227309
26.41,60,0,3949.19202594993,122.330732287907,4,1.00243417190816,0.98243417190816,236.241269263071,232.091495738998
26.42,60,0,3949.4435008394,122.340661194303,4,1.00243500133168,0.982435001331683,236.227715322775,232.078375817711
26.43,60,0,3949.6948497216,122.350585539557,4,1.00243583039456,0.982435830394561,236.21416817315,232.065262460149
26.44,60,0,3949.94607266005,122.360505325599,4,1.00243665909693,0.982436659096928,236.200627810771,232.052155663011
26.45,60,0,3950.19716971823,122.370420554361,4,1.00243748743892,0.98243748743892,236.187094232216,232.039055422997
26.46,60,0,3950.4481409596,122.380331227773,4,1.00243831542067,0.98243831542067,236.173567434065,232.025961736813
26.47,60,0,3950.6989864476,122.390237347767,4,1.00243914304231,0.982439143042311,236.160047412901,232.012874601162
26.48,60,0,3950.94970624562,122.400138916271,4,1.00243997030398,0.982439970303979,236.146534165307,231.999794012752
26.49,60,0,3951.20030041701,122.410035935214,4,1.00244079720581,0.982440797205809,236.133027687868,231.98671996829
26.5,60,0,3951.45076902512,122.419928406524,4,1.00244162374793,0.982441623747933,236.119527977171,231.973652464487
26.51,60,0,3951.70111213323,122.429816332129,4,1.00244244993049,0.982442449930486,236.106035029804,231.960591498054
26.52,60,0,3951.95132980462,122.439699713955,4,1.0024432757536,0.982443275753602,236.092548842359,231.947537065705
26.53,60,0,3952.20142210252,122.449578553928,4,1.00244410121742,0.982444101217415,236.079069411428,231.934489164154
26.54,60,0,3952.45138909013,122.459452853974,4,1.00244492632206,0.98244492632206,236.065596733603,231.921447790118
26.55,60,0,3952.70123083063,122.469322616018,4,1.00244575106767,0.982445751067669,236.052130805481,231.908412940315
26.56,60,0,3952.95094738716,122.479187841983,4,1.00244657545438,0.982446575454379,236.03867162366,231.895384611465
26.57,60,0,3953.20053882282,122.489048533793,4,1.00244739948232,0.982447399482321,236.025219184738,231.88236280029
26.58,60,0,3953.45000520069,122.498904693371,4,1.00244822315163,0.98244822315163,236.011773485315,231.869347503512
26.59,60,0,3953.69934658381,122.508756322639,4,1.00244904646244,0.982449046462441,235.998334521994,231.856338717857
26.6,60,0,3953.9485630352,122.518603423519,4,1.00244986941489,0.982449869414886,235.98490229138,231.84333644005
26.61,60,0,3954.19765461784,122.52844599793,4,1.0024506920091,0.9824506920091,235.971476790078,231.830340666821
26.62,60,0,3954.44662139467,122.538284047794,4,1.00245151424522,0.982451514245217,235.958058014696,231.817351394898
26.63,60,0,3954.69546342862,122.54811757503,4,1.00245233612337,0.982452336123369,235.944645961842,231.804368621013
26.64,60,0,3954.94418078256,122.557946581556,4,1.00245315764369,0.982453157643692,235.931240628129,231.791392341899
26.65,60,0,3955.19277351936,122.567771069291,4,1.00245397880632,0.982453978806319,235.917842010169,231.778422554291
26.66,60,0,3955.44124170184,122.577591040152,4,1.00245479961138,0.982454799611383,235.904450104575,231.765459254924
26.67,60,0,3955.68958539278,122.587406496056,4,1.00245562005902,0.982455620059018,235.891064907965,231.752502440537
26.68,60,0,3955.93780465494,122.597217438919,4,1.00245644014936,0.982456440149358,235.877686416956,231.73955210787
26.69,60,0,3956.18589955106,122.607023870657,4,1.00245725988254,0.982457259882537,235.864314628168,231.726608253662
26.7,60,0,3956.43387014382,122.616825793185,4,1.00245807925869,0.982458079258687,235.850949538221,231.713670874658
26.71,60,0,3956.6817164959,122.626623208416,4,1.00245889827794,0.982458898277942,235.837591143738,231.700739967601
26.72,60,0,3956.92943866993,122.636416118264,4,1.00245971694044,0.982459716940437,235.824239441346,231.687815529238
26.73,60,0,3957.1770367285,122.646204524642,4,1.0024605352463,0.982460535246304,235.810894427669,231.674897556317
26.74,60,0,3957.42451073418,122.655988429462,4,1.00246135319568,0.982461353195677,235.797556099336,231.661986045587
26.75,60,0,3957.67186074952,122.665767834636,4,1.00246217078869,0.982462170788689,235.784224452975,231.649080993798
26.76,60,0,3957.91908683702,122.675542742074,4,1.00246298802547,0.982462988025474,235.77089948522,231.636182397703
26.77,60,0,3958.16618905915,122.685313153687,4,1.00246380490616,0.982463804906164,235.757581192703,231.623290254057
26.78,60,0,3958.41316747836,122.695079071385,4,1.00246462143089,0.982464621430895,235.744269572058,231.610404559615
26.79,60,0,3958.66002215706,122.704840497075,4,1.0024654375998,0.982465437599798,235.730964619923,231.597525311135
26.8,60,0,3958.90675315763,122.714597432667,4,1.00246625341301,0.982466253413007,235.717666332936,231.584652505377
26.81,60,0,3959.15336054242,122.724349880068,4,1.00246706887065,0.982467068870655,235.704374707736,231.5717861391
26.82,60,0,3959.39984437375,122.734097841185,4,1.00246788397288,0.982467883972875,235.691089740965,231.558926209067
26.83,60,0,3959.64620471391,122.743841317923,4,1.0024686987198,0.982468698719801,235.677811429266,231.546072712042
26.84,60,0,3959.89244162514,122.75358031219,4,1.00246951311157,0.982469513111566,235.664539769285,231.533225644791
26.85,60,0,3960.13855516968,122.763314825889,4,1.0024703271483,0.982470327148302,235.651274757669,231.520385004081
26.86,60,0,3960.38454540971,122.773044860924,4,1.00247114083014,0.982471140830144,235.638016391064,231.507550786681
26.87,60,0,3960.63041240739,122.782770419201,4,1.00247195415722,0.982471954157223,235.624764666122,231.494722989361
26.88,60,0,3960.87615622486,122.79249150262,4,1.00247276712967,0.982472767129673,235.611519579495,231.481901608893
26.89,60,0,3961.12177692421,122.802208113085,4,1.00247357974763,0.982473579747628,235.598281127835,231.469086642052
26.9,60,0,3961.36727456752,122.811920252497,4,1.00247439201122,0.982474392011219,235.585049307798,231.456278085612
26.91,60,0,3961.6126492168,122.821627922758,4,1.00247520392058,0.982475203920581,235.57182411604,231.44347593635
26.92,60,0,3961.85790093408,122.831331125767,4,1.00247601547584,0.982476015475845,235.558605549221,231.430680191045
26.93,60,0,3962.10302978132,122.841029863424,4,1.00247682667714,0.982476826677145,235.545393604,231.417890846477
26.94,60,0,3962.34803582047,122.850724137628,4,1.00247763752461,0.982477637524613,235.53218827704,231.405107899429
26.95,60,0,3962.59291911343,122.860413950277,4,1.00247844801838,0.982478448018383,235.518989565003,231.392331346682
26.96,60,0,3962.83767972208,122.87009930327,4,1.00247925815859,0.982479258158587,235.505797464556,231.379561185023
26.97,60,0,3963.08231770828,122.879780198502,4,1.00248006794536,0.982480067945357,235.492611972364,231.366797411238
26.98,60,0,3963.32683313384,122.889456637871,4,1.00248087737883,0.982480877378828,235.479433085097,231.354040022116
26.99,60,0,3963.57122606054,122.899128623272,4,1.00248168645913,0.982481686459131,235.466260799426,231.341289014445
27,60,0,3963.81549655015,122.9087961566,4,1.0024824951864,0.982482495186398,235.453095112021,231.328544385018
27.01,60,0,3964.05964466437,122.91845923975,4,1.00248330356076,0.982483303560764,235.439936019557,231.315806130629
27.02,60,0,3964.30367046492,122.928117874615,4,1.00248411158236,0.98248411158236,235.426783518708,231.30307424807
27.03,60,0,3964.54757401344,122.937772063088,4,1.00248491925132,0.982484919251318,235.413637606153,231.29034873414
27.04,60,0,3964.79135537157,122.947421807061,4,1.00248572656777,0.982485726567772,235.400498278569,231.277629585635
27.05,60,0,3965.03501460091,122.957067108427,4,1.00248653353185,0.982486533531854,235.387365532636,231.264916799355
27.06,60,0,3965.27855176302,122.966707969076,4,1.0024873401437,0.982487340143696,235.374239365038,231.252210372102
27.07,60,0,3965.52196691945,122.976344390899,4,1.00248814640343,0.982488146403431,235.361119772457,231.239510300678
27.08,60,0,3965.76526013169,122.985976375785,4,1.00248895231119,0.982488952311191,235.34800675158,231.226816581887
27.09,60,0,3966.00843146123,122.995603925624,4,1.00248975786711,0.982489757867109,235.334900299092,231.214129212535
27.1,60,0,3966.25148096951,123.005227042304,4,1.00249056307132,0.982490563071317,235.321800411684,231.201448189431
27.11,60,0,3966.49440871793,123.014845727713,4,1.00249136792395,0.982491367923948,235.308707086044,231.188773509383
27.12,60,0,3966.73721476789,123.024459983738,4,1.00249217242513,0.982492172425133,235.295620318866,231.176105169202
27.13,60,0,3966.97989918074,123.034069812265,4,1.002492976575,0.982492976575004,235.282540106843,231.1634431657
27.14,60,0,3967.22246201779,123.04367521518,4,1.0024937803737,0.982493780373695,235.269466446671,231.150787495692
27.15,60,0,3967.46490334033,123.053276194369,4,1.00249458382134,0.982494583821338,235.256399335045,231.138138155992
27.16,60,0,3967.70722320962,123.062872751715,4,1.00249538691806,0.982495386918064,235.243338768666,231.125495143418
27.17,60,0,3967.9494216869,123.072464889104,4,1.00249618966401,0.982496189664005,235.230284744234,231.112858454789
27.18,60,0,3968.19149883335,123.082052608417,4,1.0024969920593,0.982496992059295,235.21723725845,231.100228086925
27.19,60,0,3968.43345471014,123.091635911537,4,1.00249779410406,0.982497794104065,235.204196308018,231.087604036647
27.2,60,0,3968.67528937841,123.101214800346,4,1.00249859579845,0.982498595798446,235.191161889645,231.074986300781
27.21,60,0,3968.91700289926,123.110789276726,4,1.00249939714257,0.982499397142572,235.178134000036,231.06237487615
27.22,60,0,3969.15859533377,123.120359342557,4,1.00250019813657,0.982500198136573,235.1651126359,231.049769759582
27.23,60,0,3969.40006674298,123.129924999719,4,1.00250099878058,0.982500998780583,235.152097793949,231.037170947904
27.24,60,0,3969.64141718789,123.13948625009,4,1.00250179907473,0.982501799074732,235.139089470893,231.024578437947
27.25,60,0,3969.88264672949,123.149043095551,4,1.00250259901915,0.982502599019154,235.126087663448,231.011992226543
27.26,60,0,3970.12375542873,123.158595537978,4,1.00250339861398,0.982503398613979,235.113092368327,230.999412310524
27.27,60,0,3970.36474334654,123.168143579248,4,1.00250419785934,0.982504197859339,235.100103582248,230.986838686725
27.28,60,0,3970.60561054379,123.177687221239,4,1.00250499675537,0.982504996755367,235.08712130193,230.974271351981
27.29,60,0,3970.84635708135,123.187226465827,4,1.00250579530219,0.982505795302195,235.074145524093,230.961710303133
27.3,60,0,3971.08698302004,123.196761314886,4,1.00250659349995,0.982506593499953,235.061176245459,230.949155537018
27.31,60,0,3971.32748842066,123.206291770291,4,1.00250739134877,0.982507391348773,235.048213462751,230.936607050477
27.32,60,0,3971.56787334398,123.215817833916,4,1.00250818884879,0.982508188848789,235.035257172695,230.924064840354
27.33,60,0,3971.80813785073,123.225339507635,4,1.00250898600013,0.98250898600013,235.022307372019,230.911528903493
27.34,60,0,3972.04828200161,123.23485679332,4,1.00250978280293,0.982509782802929,235.009364057449,230.898999236739
27.35,60,0,3972.28830585731,123.244369692844,4,1.00251057925732,0.982510579257317,234.996427225718,230.88647583694
27.36,60,0,3972.52820947846,123.253878208077,4,1.00251137536343,0.982511375363426,234.983496873555,230.873958700944
27.37,60,0,3972.76799292568,123.26338234089,4,1.00251217112139,0.982512171121387,234.970572997696,230.861447825603
27.38,60,0,3973.00765625955,123.272882093153,4,1.00251296653133,0.982512966531332,234.957655594875,230.848943207768
27.39,60,0,3973.24719954062,123.282377466736,4,1.00251376159339,0.982513761593393,234.944744661829,230.836444844293
27.4,60,0,3973.48662282941,123.291868463508,4,1.0025145563077,0.9825145563077,234.931840195297,230.823952732033
27.41,60,0,3973.72592618642,123.301355085336,4,1.00251535067439,0.982515350674386,234.918942192018,230.811466867846
27.42,60,0,3973.9651096721,123.310837334088,4,1.00251614469358,0.982516144693581,234.906050648735,230.79898724859
27.43,60,0,3974.20417334688,123.320315211631,4,1.00251693836542,0.982516938365417,234.893165562191,230.786513871125
27.44,60,0,3974.44311727116,123.32978871983,4,1.00251773169003,0.982517731690025,234.880286929131,230.774046732313
27.45,60,0,3974.68194150532,123.339257860552,4,1.00251852466754,0.982518524667537,234.867414746302,230.761585829015
27.46,60,0,3974.92064610969,123.34872263566,4,1.00251931729808,0.982519317298084,234.854549010452,230.749131158098
27.47,60,0,3975.15923114457,123.35818304702,4,1.0025201095818,0.982520109581797,234.841689718331,230.736682716429
27.48,60,0,3975.39769667025,123.367639096494,4,1.00252090151881,0.982520901518808,234.82883686669,230.724240500873
27.49,60,0,3975.63604274696,123.377090785946,4,1.00252169310925,0.982521693109247,234.815990452283,230.711804508302
27.5,60,0,3975.87426943494,123.386538117237,4,1.00252248435325,0.982522484353245,234.803150471865,230.699374735585
27.51,60,0,3976.11237679436,123.39598109223,4,1.00252327525093,0.982523275250934,234.790316922192,230.686951179597
27.52,60,0,3976.35036488539,123.405419712785,4,1.00252406580245,0.982524065802445,234.777489800023,230.674533837211
27.53,60,0,3976.58823376814,123.414853980762,4,1.00252485600791,0.982524856007909,234.764669102118,230.662122705303
27.54,60,0,3976.82598350271,123.424283898021,4,1.00252564586746,0.982525645867457,234.751854825237,230.649717780749
27.55,60,0,3977.06361414916,123.43370946642,4,1.00252643538122,0.98252643538122,234.739046966144,230.63731906043
27.56,60,0,3977.30112576754,123.443130687818,4,1.00252722454933,0.982527224549328,234.726245521604,230.624926541226
27.57,60,0,3977.53851841785,123.452547564073,4,1.00252801337191,0.982528013371913,234.713450488384,230.612540220018
27.58,60,0,3977.77579216005,123.461960097042,4,1.00252880184911,0.982528801849106,234.700661863249,230.60016009369
27.59,60,0,3978.01294705409,123.47136828858,4,1.00252958998104,0.982529589981038,234.687879642972,230.587786159128
27.6,60,0,3978.24998315989,123.480772140544,4,1.00253037776784,0.982530377767839,234.675103824322,230.575418413218
27.61,60,0,3978.48690053734,123.490171654788,4,1.00253116520964,0.98253116520964,234.662334404073,230.563056852848
27.62,60,0,3978.72369924627,123.499566833167,4,1.00253195230657,0.982531952306572,234.649571379,230.550701474909
27.63,60,0,3978.96037934652,123.508957677535,4,1.00253273905877,0.982532739058765,234.636814745878,230.538352276292
27.64,60,0,3979.19694089788,123.518344189743,4,1.00253352546635,0.982533525466351,234.624064501486,230.526009253889
27.65,60,0,3979.43338396011,123.527726371646,4,1.00253431152946,0.98253431152946,234.611320642601,230.513672404596
27.66,60,0,3979.66970859294,123.537104225094,4,1.00253509724822,0.982535097248223,234.598583166007,230.501341725308
27.67,60,0,3979.90591485608,123.546477751939,4,1.00253588262277,0.98253588262277,234.585852068485,230.489017212923
27.68,60,0,3980.14200280919,123.555846954031,4,1.00253666765323,0.982536667653232,234.573127346818,230.47669886434
27.69,60,0,3980.37797251193,123.565211833219,4,1.00253745233974,0.98253745233974,234.560408997795,230.464386676461
27.7,60,0,3980.6138240239,123.574572391353,4,1.00253823668242,0.982538236682423,234.547697018202,230.452080646187
27.71,60,0,3980.84955740468,123.583928630282,4,1.00253902068141,0.982539020681413,234.534991404827,230.439780770422
27.72,60,0,3981.08517271382,123.593280551853,4,1.00253980433684,0.98253980433684,234.522292154463,230.427487046073
27.73,60,0,3981.32067001085,123.602628157913,4,1.00254058764883,0.982540587648835,234.5095992639,230.415199470046
27.74,60,0,3981.55604935526,123.611971450309,4,1.00254137061753,0.982541370617527,234.496912729935,230.402918039249
27.75,60,0,3981.79131080651,123.621310430886,4,1.00254215324305,0.982542153243047,234.48423254936,230.390642750592
27.76,60,0,3982.02645442403,123.630645101491,4,1.00254293552553,0.982542935525526,234.471558718975,230.378373600988
27.77,60,0,3982.26148026723,123.639975463966,4,1.00254371746509,0.982543717465094,234.458891235578,230.366110587349
27.78,60,0,3982.49638839547,123.649301520157,4,1.00254449906188,0.982544499061881,234.44623009597,230.353853706591
27.79,60,0,3982.73117886809,123.658623271906,4,1.00254528031602,0.982545280316017,234.433575296951,230.341602955629
27.8,60,0,3982.96585174442,123.667940721056,4,1.00254606122763,0.982546061227633,234.420926835327,230.329358331382
27.81,60,0,3983.20040708372,123.67725386945,4,1.00254684179686,0.982546841796858,234.408284707903,230.317119830769
27.82,60,0,3983.43484494526,123.686562718927,4,1.00254762202382,0.982547622023823,234.395648911485,230.304887450711
27.83,60,0,3983.66916538825,123.69586727133,4,1.00254840190866,0.982548401908659,234.383019442882,230.29266118813
27.84,60,0,3983.90336847188,123.705167528497,4,1.00254918145149,0.982549181451494,234.370396298904,230.28044103995
27.85,60,0,3984.13745425533,123.714463492268,4,1.00254996065246,0.98254996065246,234.357779476363,230.268227003098
27.86,60,0,3984.37142279771,123.723755164482,4,1.00255073951169,0.982550739511686,234.345168972072,230.256019074501
27.87,60,0,3984.60527415814,123.733042546978,4,1.0025515180293,0.982551518029302,234.332564782846,230.243817251085
27.88,60,0,3984.83900839568,123.742325641591,4,1.00255229620544,0.982552296205438,234.319966905503,230.231621529784
27.89,60,0,3985.07262556938,123.751604450159,4,1.00255307404022,0.982553074040224,234.307375336859,230.219431907528
27.9,60,0,3985.30612573826,123.760878974519,4,1.00255385153379,0.98255385153379,234.294790073736,230.20724838125
27.91,60,0,3985.53950896128,123.770149216504,4,1.00255462868627,0.982554628686267,234.282211112954,230.195070947886
27.92,60,0,3985.77277529742,123.779415177951,4,1.00255540549778,0.982555405497782,234.269638451336,230.182899604371
27.93,60,0,3986.00592480559,123.788676860694,4,1.00255618196847,0.982556181968468,234.257072085707,230.170734347644
27.94,60,0,3986.23895754468,123.797934266565,4,1.00255695809845,0.982556958098452,234.244512012893,230.158575174644
27.95,60,0,3986.47187357356,123.807187397398,4,1.00255773388787,0.982557733887866,234.231958229722,230.146422082313
27.96,60,0,3986.70467295107,123.816436255024,4,1.00255850933684,0.982558509336839,234.219410733023,230.134275067592
27.97,60,0,3986.93735573601,123.825680841276,4,1.0025592844455,0.982559284445499,234.206869519628,230.122134127426
27.98,60,0,3987.16992198715,123.834921157984,4,1.00256005921398,0.982560059213978,234.194334586369,230.109999258761
27.99,60,0,3987.40237176324,123.844157206979,4,1.00256083364241,0.982560833642405,234.181805930081,230.097870458544
28,60,0,3987.634705123,123.853388990089,4,1.00256160773091,0.982561607730909,234.169283547598,230.085747723723
28.01,60,0,3987.86692212511,123.862616509144,4,1.00256238147962,0.98256238147962,234.156767435759,230.073631051249
28.02,60,0,3988.09902282823,123.871839765973,4,1.00256315488867,0.982563154888667,234.144257591403,230.061520438074
28.03,60,0,3988.33100729099,123.881058762402,4,1.00256392795818,0.98256392795818,234.13175401137,230.04941588115
28.04,60,0,3988.56287557197,123.890273500259,4,1.00256470068829,0.982564700688289,234.119256692503,230.037317377434
28.05,60,0,3988.79462772976,123.89948398137,4,1.00256547307912,0.982565473079122,234.106765631644,230.02522492388
28.06,60,0,3989.02626382289,123.90869020756,4,1.00256624513081,0.98256624513081,234.094280825641,230.013138517448
28.07,60,0,3989.25778390986,123.917892180656,4,1.00256701684348,0.982567016843481,234.081802271339,230.001058155095
28.08,60,0,3989.48918804916,123.92708990248,4,1.00256778821726,0.982567788217265,234.069329965588,229.988983833785
28.09,60,0,3989.72047629924,123.936283374858,4,1.00256855925229,0.982568559252291,234.056863905237,229.976915550478
28.1,60,0,3989.95164871851,123.945472599611,4,1.00256932994869,0.982569329948689,234.044404087138,229.964853302139
28.11,60,0,3990.18270536537,123.954657578563,4,1.00257010030659,0.982570100306587,234.031950508145,229.952797085734
28.12,60,0,3990.41364629818,123.963838313535,4,1.00257087032612,0.982570870326116,234.019503165112,229.940746898229
28.13,60,0,3990.64447157527,123.973014806348,4,1.0025716400074,0.982571640007404,234.007062054896,229.928702736594
28.14,60,0,3990.87518125494,123.982187058822,4,1.00257240935058,0.982572409350579,233.994627174357,229.916664597798
28.15,60,0,3991.10577539546,123.991355072779,4,1.00257317835577,0.982573178355773,233.982198520352,229.904632478813
28.16,60,0,3991.33625405508,124.000518850036,4,1.00257394702311,0.982573947023113,233.969776089742,229.892606376612
28.17,60,0,3991.56661729201,124.009678392412,4,1.00257471535273,0.982574715352728,233.957359879393,229.88058628817
28.18,60,0,3991.79686516444,124.018833701726,4,1.00257548334475,0.982575483344748,233.944949886167,229.868572210463
28.19,60,0,3992.02699773052,124.027984779794,4,1.0025762509993,0.982576250999302,233.932546106931,229.85656414047
28.2,60,0,3992.25701504837,124.037131628432,4,1.00257701831652,0.982577018316518,233.920148538553,229.844562075168
28.21,60,0,3992.4869171761,124.046274249458,4,1.00257778529653,0.982577785296525,233.907757177901,229.832566011539
28.22,60,0,3992.71670417177,124.055412644686,4,1.00257855193945,0.982578551939453,233.895372021846,229.820575946566
28.23,60,0,3992.94637609341,124.064546815931,4,1.00257931824543,0.982579318245431,233.882993067261,229.808591877231
28.24,60,0,3993.17593299905,124.073676765007,4,1.00258008421459,0.982580084214586,233.870620311021,229.79661380052
28.25,60,0,3993.40537494664,124.082802493727,4,1.00258084984705,0.982580849847048,233.858253749999,229.784641713421
28.26,60,0,3993.63470199416,124.091924003905,4,1.00258161514295,0.982581615142946,233.845893381074,229.772675612921
28.27,60,0,3993.86391419951,124.101041297351,4,1.00258238010241,0.982582380102408,233.833539201125,229.760715496011
28.28,60,0,3994.09301162058,124.110154375877,4,1.00258314472556,0.982583144725564,233.821191207031,229.748761359681
28.29,60,0,3994.32199431525,124.119263241295,4,1.00258390901254,0.982583909012541,233.808849395674,229.736813200925
28.3,60,0,3994.55086234133,124.128367895414,4,1.00258467296347,0.982584672963468,233.796513763938,229.724871016738
28.31,60,0,3994.77961575665,124.137468340044,4,1.00258543657848,0.982585436578475,233.784184308708,229.712934804114
28.32,60,0,3995.00825461896,124.146564576993,4,1.00258619985769,0.982586199857689,233.77186102687,229.701004560053
28.33,60,0,3995.23677898602,124.15565660807,4,1.00258696280124,0.98258696280124,233.759543915313,229.68908028155
28.34,60,0,3995.46518891554,124.164744435083,4,1.00258772540926,0.982587725409255,233.747232970926,229.67716196561
28.35,60,0,3995.69348446521,124.173828059838,4,1.00258848768186,0.982588487681864,233.734928190601,229.665249609232
28.36,60,0,3995.92166569268,124.182907484141,4,1.00258924961919,0.982589249619194,233.72262957123,229.65334320942
28.37,60,0,3996.1497326556,124.191982709798,4,1.00259001122137,0.982590011221374,233.710337109709,229.64144276318
28.38,60,0,3996.37768541154,124.201053738615,4,1.00259077248853,0.982590772488533,233.698050802932,229.629548267517
28.39,60,0,3996.60552401809,124.210120572394,4,1.0025915334208,0.982591533420799,233.685770647798,229.617659719441
28.4,60,0,3996.83324853279,124.219183212941,4,1.0025922940183,0.982592294018299,233.673496641205,229.605777115959
28.41,60,0,3997.06085901314,124.228241662057,4,1.00259305428116,0.982593054281164,233.661228780055,229.593900454084
28.42,60,0,3997.28835551664,124.237295921546,4,1.00259381420952,0.98259381420952,233.64896706125,229.582029730828
28.43,60,0,3997.51573810074,124.246345993209,4,1.0025945738035,0.982594573803496,233.636711481693,229.570164943205
28.44,60,0,3997.74300682286,124.255391878847,4,1.00259533306322,0.98259533306322,233.62446203829,229.558306088229
28.45,60,0,3997.97016174039,124.264433580261,4,1.00259609198882,0.982596091988821,233.612218727948,229.546453162919
28.46,60,0,3998.19720291071,124.27347109925,4,1.00259685058043,0.982596850580426,233.599981547576,229.534606164294
28.47,60,0,3998.42413039116,124.282504437613,4,1.00259760883816,0.982597608838164,233.587750494083,229.522765089371
28.48,60,0,3998.65094423904,124.29153359715,4,1.00259836676216,0.982598366762162,233.575525564382,229.510929935175
28.49,60,0,3998.87764451163,124.300558579657,4,1.00259912435255,0.982599124352549,233.563306755384,229.499100698726
28.5,60,0,3999.10423126619,124.309579386932,4,1.00259988160945,0.982599881609453,233.551094064006,229.487277377051
28.51,60,0,3999.33070455993,124.318596020772,4,1.002600638533,0.982600638533002,233.538887487164,229.475459967175
28.52,60,0,3999.55706445006,124.327608482973,4,1.00260139512332,0.982601395123323,233.526687021775,229.463648466124
28.53,60,0,3999.78331099373,124.336616775329,4,1.00260215138055,0.982602151380545,233.51449266476,229.451842870929
28.54,60,0,4000.00944424808,124.345620899636,4,1.0026029073048,0.982602907304795,233.502304413038,229.440043178621
28.55,60,0,4000.23546427022,124.354620857687,4,1.0026036628962,0.982603662896202,233.490122263533,229.42824938623
28.56,60,0,4000.46137111723,124.363616651276,4,1.00260441815489,0.982604418154893,233.477946213168,229.41646149079
28.57,60,0,4000.68716484616,124.372608282195,4,1.002605173081,0.982605173080996,233.465776258871,229.404679489337
28.58,60,0,4000.91284551402,124.381595752237,4,1.00260592767464,0.982605927674639,233.453612397566,229.392903378906
28.59,60,0,4001.13841317781,124.390579063192,4,1.00260668193595,0.982606681935949,233.441454626185,229.381133156537
28.6,60,0,4001.36386789449,124.399558216853,4,1.00260743586505,0.982607435865055,233.429302941655,229.369368819267
28.61,60,0,4001.589209721,124.408533215008,4,1.00260818946208,0.982608189462083,233.417157340911,229.357610364139
28.62,60,0,4001.81443871424,124.417504059447,4,1.00260894272716,0.982608942727161,233.405017820885,229.345857788194
28.63,60,0,4002.03955493108,124.42647075196,4,1.00260969566042,0.982609695660418,233.392884378512,229.334111088477
28.64,60,0,4002.26455842838,124.435433294334,4,1.00261044826198,0.98261044826198,233.380757010728,229.322370262032
28.65,60,0,4002.48944926295,124.444391688356,4,1.00261120053198,0.982611200531976,233.368635714473,229.310635305907
28.66,60,0,4002.71422749159,124.453345935815,4,1.00261195247053,0.982611952470532,233.356520486684,229.298906217151
28.67,60,0,4002.93889317106,124.462296038495,4,1.00261270407778,0.982612704077776,233.344411324304,229.287182992812
28.68,60,0,4003.16344635808,124.471241998183,4,1.00261345535384,0.982613455353836,233.332308224276,229.275465629942
28.69,60,0,4003.38788710937,124.480183816664,4,1.00261420629884,0.982614206298839,233.320211183543,229.263754125595
28.7,60,0,4003.61221548159,124.489121495722,4,1.00261495691291,0.982614956912912,233.308120199052,229.252048476824
28.71,60,0,4003.83643153141,124.49805503714,4,1.00261570719618,0.982615707196183,233.29603526775,229.240348680686
28.72,60,0,4004.06053531543,124.506984442702,4,1.00261645714878,0.982616457148779,233.283956386585,229.228654734237
28.73,60,0,4004.28452689024,124.51590971419,4,1.00261720677083,0.982617206770827,233.271883552508,229.216966634535
28.74,60,0,4004.50840631241,124.524830853386,4,1.00261795606245,0.982617956062455,233.259816762472,229.205284378643
28.75,60,0,4004.73217363847,124.533747862071,4,1.00261870502379,0.982618705023789,233.24775601343,229.193607963621
28.76,60,0,4004.95582892492,124.542660742025,4,1.00261945365496,0.982619453654958,233.235701302336,229.181937386532
28.77,60,0,4005.17937222824,124.551569495029,4,1.00262020195609,0.982620201956087,233.223652626147,229.170272644441
28.78,60,0,4005.40280360488,124.560474122861,4,1.00262094992731,0.982620949927305,233.211609981822,229.158613734414
28.79,60,0,4005.62612311125,124.5693746273,4,1.00262169756874,0.982621697568738,233.19957336632,229.146960653519
28.8,60,0,4005.84933080374,124.578271010124,4,1.00262244488051,0.982622444880514,233.187542776603,229.135313398825
28.81,60,0,4006.07242673872,124.587163273111,4,1.00262319186276,0.982623191862759,233.175518209634,229.123671967403
28.82,60,0,4006.29541097252,124.596051418036,4,1.0026239385156,0.9826239385156,233.163499662375,229.112036356324
28.83,60,0,4006.51828356145,124.604935446676,4,1.00262468483916,0.982624684839165,233.151487131794,229.100406562662
28.84,60,0,4006.74104456177,124.613815360807,4,1.00262543083358,0.98262543083358,233.139480614858,229.088782583492
28.85,60,0,4006.96369402974,124.622691162202,4,1.00262617649897,0.982626176498972,233.127480108536,229.077164415891
28.86,60,0,4007.18623202157,124.631562852637,4,1.00262692183547,0.982626921835468,233.115485609797,229.065552056936
28.87,60,0,4007.40865859346,124.640430433883,4,1.0026276668432,0.982627666843195,233.103497115616,229.053945503707
28.88,60,0,4007.63097380157,124.649293907715,4,1.00262841152228,0.98262841152228,233.091514622963,229.042344753284
28.89,60,0,4007.85317770204,124.658153275905,4,1.00262915587285,0.982629155872849,233.079538128814,229.03074980275
28.9,60,0,4008.07527035096,124.667008540223,4,1.00262989989503,0.98262989989503,233.067567630148,229.01916064919
28.91,60,0,4008.29725180443,124.675859702441,4,1.00263064358895,0.982630643588948,233.05560312394,229.007577289688
28.92,60,0,4008.51912211847,124.684706764329,4,1.00263138695473,0.982631386954731,233.043644607172,228.995999721331
28.93,60,0,4008.74088134913,124.693549727656,4,1.00263212999251,0.982632129992505,233.031692076823,228.984427941206
28.94,60,0,4008.96252955238,124.702388594192,4,1.0026328727024,0.982632872702397,233.019745529877,228.972861946404
28.95,60,0,4009.18406678419,124.711223365705,4,1.00263361508453,0.982633615084534,233.007804963318,228.961301734017
28.96,60,0,4009.4054931005,124.720054043962,4,1.00263435713904,0.982634357139041,232.995870374131,228.949747301136
28.97,60,0,4009.62680855722,124.728880630731,4,1.00263509886605,0.982635098866046,232.983941759305,228.938198644856
28.98,60,0,4009.84801321023,124.737703127778,4,1.00263584026567,0.982635840265674,232.972019115827,228.926655762272
28.99,60,0,4010.06910711537,124.746521536868,4,1.00263658133805,0.982636581338053,232.960102440689,228.915118650481
29,60,0,4010.29009032846,124.755335859767,4,1.00263732208331,0.982637322083309,232.94819173088,228.903587306581
29.01,60,0,4010.51096290532,124.764146098239,4,1.00263806250157,0.982638062501568,232.936286983396,228.892061727673
29.02,60,0,4010.73172490169,124.772952254049,4,1.00263880259296,0.982638802592957,232.92438819523,228.880541910858
29.03,60,0,4010.95237637332,124.781754328958,4,1.0026395423576,0.982639542357601,232.91249536338,228.869027853239
29.04,60,0,4011.17291737592,124.79055232473,4,1.00264028179563,0.982640281795628,232.900608484844,228.85751955192
29.05,60,0,4011.39334796516,124.799346243127,4,1.00264102090716,0.982641020907163,232.88872755662,228.846017004007
29.06,60,0,4011.61366819671,124.80813608591,4,1.00264175969233,0.982641759692332,232.876852575709,228.834520206607
29.07,60,0,4011.83387812619,124.81692185484,4,1.00264249815126,0.982642498151262,232.864983539114,228.823029156828
29.08,60,0,4012.0539778092,124.825703551676,4,1.00264323628408,0.98264323628408,232.853120443839,228.811543851781
29.09,60,0,4012.2739673013,124.834481178178,4,1.00264397409091,0.98264397409091,232.84126328689,228.800064288577
29.1,60,0,4012.49384665804,124.843254736105,4,1.00264471157188,0.98264471157188,232.829412065273,228.78859046433
29.11,60,0,4012.71361593493,124.852024227214,4,1.00264544872711,0.982645448727115,232.817566775997,228.777122376154
29.12,60,0,4012.93327518745,124.860789653264,4,1.00264618555674,0.982646185556741,232.805727416071,228.765660021165
29.13,60,0,4013.15282447107,124.869551016011,4,1.00264692206088,0.982646922060884,232.793893982509,228.75420339648
29.14,60,0,4013.37226384121,124.878308317211,4,1.00264765823967,0.982647658239671,232.782066472322,228.742752499218
29.15,60,0,4013.59159335327,124.88706155862,4,1.00264839409323,0.982648394093226,232.770244882524,228.731307326499
29.16,60,0,4013.81081306262,124.895810741992,4,1.00264912962168,0.982649129621677,232.758429210133,228.719867875446
29.17,60,0,4014.02992302462,124.904555869083,4,1.00264986482515,0.982649864825149,232.746619452165,228.70843414318
29.18,60,0,4014.24892329457,124.913296941645,4,1.00265059970377,0.982650599703767,232.734815605641,228.697006126828
29.19,60,0,4014.46781392777,124.922033961431,4,1.00265133425766,0.982651334257658,232.72301766758,228.685583823516
29.2,60,0,4014.68659497948,124.930766930194,4,1.00265206848695,0.982652068486948,232.711225635003,228.674167230368
29.21,60,0,4014.90526650493,124.939495849686,4,1.00265280239176,0.982652802391761,232.699439504936,228.662756344517
29.22,60,0,4015.12382855932,124.948220721657,4,1.00265353597222,0.982653535972224,232.687659274403,228.651351163092
29.23,60,0,4015.34228119784,124.956941547859,4,1.00265426922846,0.982654269228463,232.675884940431,228.639951683225
29.24,60,0,4015.56062447562,124.96565833004,4,1.0026550021606,0.982655002160603,232.664116500048,228.628557902049
29.25,60,0,4015.77885844781,124.97437106995,4,1.00265573476877,0.982655734768769,232.652353950283,228.617169816699
29.26,60,0,4015.99698316948,124.983079769338,4,1.00265646705309,0.982656467053088,232.640597288167,228.605787424311
29.27,60,0,4016.21499869571,124.991784429952,4,1.00265719901368,0.982657199013685,232.628846510735,228.594410722023
29.28,60,0,4016.43290508152,125.000485053538,4,1.00265793065068,0.982657930650684,232.617101615018,228.583039706973
29.29,60,0,4016.65070238194,125.009181641843,4,1.00265866196421,0.982658661964213,232.605362598053,228.571674376303
29.3,60,0,4016.86839065194,125.017874196614,4,1.0026593929544,0.982659392954396,232.593629456877,228.560314727155
29.31,60,0,4017.08596994649,125.026562719595,4,1.00266012362136,0.982660123621359,232.581902188529,228.548960756671
29.32,60,0,4017.30344032049,125.035247212532,4,1.00266085396523,0.982660853965226,232.570180790048,228.537612461996
29.33,60,0,4017.52080182886,125.043927677168,4,1.00266158398612,0.982661583986125,232.558465258478,228.526269840278
29.34,60,0,4017.73805452647,125.052604115247,4,1.00266231368418,0.982662313684178,232.546755590859,228.514932888663
29.35,60,0,4017.95519846816,125.061276528512,4,1.00266304305951,0.982663043059513,232.535051784238,228.503601604301
29.36,60,0,4018.17223370874,125.069944918704,4,1.00266377211225,0.982663772112254,232.523353835659,228.492275984341
29.37,60,0,4018.38916030301,125.078609287566,4,1.00266450084253,0.982664500842527,232.511661742173,228.480956025939
29.38,60,0,4018.60597830572,125.087269636839,4,1.00266522925046,0.982665229250456,232.499975500825,228.469641726244
29.39,60,0,4018.8226877716,125.095925968262,4,1.00266595733617,0.982665957336167,232.488295108668,228.458333082413
29.4,60,0,4019.03928875537,125.104578283575,4,1.00266668509978,0.982666685099785,232.476620562754,228.447030091602
29.41,60,0,4019.25578131169,125.113226584517,4,1.00266741254143,0.982667412541435,232.464951860136,228.435732750969
29.42,60,0,4019.47216549523,125.121870872827,4,1.00266813966124,0.982668139661242,232.453288997869,228.424441057673
29.43,60,0,4019.68844136059,125.130511150242,4,1.00266886645933,0.982668866459331,232.441631973009,228.413155008874
29.44,60,0,4019.90460896238,125.139147418499,4,1.00266959293583,0.982669592935828,232.429980782616,228.401874601735
29.45,60,0,4020.12066835516,125.147779679336,4,1.00267031909086,0.982670319090856,232.418335423748,228.39059983342
29.46,60,0,4020.33661959347,125.156407934487,4,1.00267104492454,0.982671044924541,232.406695893465,228.379330701092
29.47,60,0,4020.55246273182,125.165032185688,4,1.00267177043701,0.982671770437008,232.395062188832,228.368067201918
29.48,60,0,4020.7681978247,125.173652434673,4,1.00267249562838,0.982672495628383,232.383434306912,228.356809333067
29.49,60,0,4020.98382492656,125.182268683176,4,1.00267322049879,0.982673220498788,232.371812244769,228.345557091707
29.5,60,0,4021.19934409183,125.190880932932,4,1.00267394504835,0.98267394504835,232.360195999472,228.334310475009
29.51,60,0,4021.41475537492,125.199489185671,4,1.00267466927719,0.982674669277193,232.348585568089,228.323069480145
29.52,60,0,4021.63005883019,125.208093443127,4,1.00267539318544,0.982675393185442,232.336980947689,228.311834104289
29.53,60,0,4021.845254512,125.21669370703,4,1.00267611677322,0.982676116773221,232.325382135344,228.300604344614
29.54,60,0,4022.06034247466,125.225289979112,4,1.00267684004066,0.982676840040656,232.313789128126,228.289380198298
29.55,60,0,4022.27532277246,125.233882261103,4,1.00267756298787,0.982677562987871,232.302201923112,228.27816166252
29.56,60,0,4022.49019545968,125.242470554732,4,1.00267828561499,0.98267828561499,232.290620517375,228.266948734456
29.57,60,0,4022.70496059053,125.251054861727,4,1.00267900792214,0.982679007922138,232.279044907993,228.255741411288
29.58,60,0,4022.91961821925,125.259635183818,4,1.00267972990944,0.982679729909439,232.267475092046,228.244539690199
29.59,60,0,4023.13416839999,125.268211522731,4,1.00268045157702,0.982680451577019,232.255911066612,228.233343568371
29.6,60,0,4023.34861118693,125.276783880195,4,1.002681172925,0.982681172925002,232.244352828775,228.222153042989
29.61,60,0,4023.56294663419,125.285352257934,4,1.00268189395351,0.982681893953511,232.232800375618,228.21096811124
29.62,60,0,4023.77717479586,125.293916657675,4,1.00268261466267,0.982682614662671,232.221253704224,228.199788770311
29.63,60,0,4023.99129572602,125.302477081143,4,1.00268333505261,0.982683335052608,232.209712811681,228.188615017391
29.64,60,0,4024.20530947871,125.311033530062,4,1.00268405512344,0.982684055123444,232.198177695076,228.177446849672
29.65,60,0,4024.41921610796,125.319586006156,4,1.00268477487531,0.982684774875305,232.186648351498,228.166284264343
29.66,60,0,4024.63301566774,125.328134511148,4,1.00268549430831,0.982685494308315,232.175124778038,228.155127258601
29.67,60,0,4024.84670821204,125.336679046761,4,1.0026862134226,0.982686213422598,232.163606971787,228.143975829638
29.68,60,0,4025.06029379477,125.345219614716,4,1.00268693221828,0.982686932218277,232.15209492984,228.132829974651
29.69,60,0,4025.27377246985,125.353756216736,4,1.00268765069548,0.982687650695478,232.140588649292,228.121689690838
29.7,60,0,4025.48714429116,125.36228885454,4,1.00268836885432,0.982688368854325,232.129088127238,228.110554975397
29.71,60,0,4025.70040931255,125.370817529849,4,1.00268908669494,0.982689086694941,232.117593360776,228.099425825529
29.72,60,0,4025.91356758785,125.379342244382,4,1.00268980421745,0.982689804217451,232.106104347007,228.088302238435
29.73,60,0,4026.12661917086,125.387862999857,4,1.00269052142198,0.982690521421978,232.094621083031,228.07718421132
29.74,60,0,4026.33956411536,125.396379797993,4,1.00269123830865,0.982691238308647,232.083143565951,228.066071741388
29.75,60,0,4026.55240247508,125.404892640508,4,1.00269195487758,0.982691954877582,232.07167179287,228.054964825844
29.76,60,0,4026.76513430374,125.413401529118,4,1.00269267112891,0.982692671128906,232.060205760893,228.043863461896
29.77,60,0,4026.97775965504,125.421906465539,4,1.00269338706274,0.982693387062745,232.048745467128,228.032767646752
29.78,60,0,4027.19027858264,125.430407451487,4,1.00269410267922,0.98269410267922,232.037290908682,228.021677377624
29.79,60,0,4027.40269114017,125.438904488678,4,1.00269481797846,0.982694817978457,232.025842082666,228.010592651723
29.8,60,0,4027.61499738125,125.447397578824,4,1.00269553296058,0.982695532960579,232.01439898619,227.999513466262
29.81,60,0,4027.82719735945,125.455886723641,4,1.00269624762571,0.982696247625709,232.002961616367,227.988439818455
29.82,60,0,4028.03929112833,125.46437192484,4,1.00269696197397,0.982696961973973,231.991529970311,227.977371705518
29.83,60,0,4028.25127874142,125.472853184136,4,1.00269767600549,0.982697676005492,231.980104045137,227.966309124669
29.84,60,0,4028.46316025222,125.481330503238,4,1.00269838972039,0.982698389720392,231.968683837964,227.955252073126
29.85,60,0,4028.6749357142,125.48980388386,4,1.0026991031188,0.982699103118796,231.957269345909,227.94420054811
29.86,60,0,4028.88660518081,125.49827332771,4,1.00269981620083,0.982699816200826,231.94586056609,227.93315454684
29.87,60,0,4029.09816870548,125.506738836499,4,1.00270052896661,0.982700528966608,231.934457495633,227.922114066541
29.88,60,0,4029.30962634158,125.515200411937,4,1.00270124141626,0.982701241416265,231.923060131656,227.911079104437
29.89,60,0,4029.52097814249,125.523658055732,4,1.00270195354992,0.982701953549919,231.911668471286,227.900049657754
29.9,60,0,4029.73222416155,125.532111769592,4,1.00270266536769,0.982702665367694,231.900282511648,227.889025723718
29.91,60,0,4029.94336445206,125.540561555225,4,1.00270337686971,0.982703376869715,231.88890224987,227.878007299559
29.92,60,0,4030.15439906732,125.549007414336,4,1.0027040880561,0.982704088056104,231.87752768308,227.866994382505
29.93,60,0,4030.36532806057,125.557449348634,4,1.00270479892698,0.982704798926985,231.866158808408,227.855986969789
29.94,60,0,4030.57615148506,125.565887359822,4,1.00270550948248,0.98270550948248,231.854795622985,227.844985058642
29.95,60,0,4030.78686939398,125.574321449606,4,1.00270621972271,0.982706219722715,231.843438123945,227.833988646299
29.96,60,0,4030.99748184051,125.58275161969,4,1.00270692964781,0.982706929647811,231.832086308422,227.822997729995
29.97,60,0,4031.20798887781,125.591177871778,4,1.00270763925789,0.982707639257892,231.820740173553,227.812012306969
29.98,60,0,4031.41839055899,125.599600207573,4,1.00270834855308,0.982708348553081,231.809399716473,227.801032374456
29.99,60,0,4031.62868693715,125.608018628777,4,1.0027090575335,0.982709057533501,231.798064934322,227.790057929697
30,60,0,4031.83887806535,125.616433137093,4,1.00270976619928,0.982709766199276,231.786735824241,227.779088969933
