TimeSeconds,ThrottlePercent,Brake,RPM,SpeedMPH,Gear,TorqueRatioBefore,TorqueRatioAfter,ImpellerTorque,TurbineTorque
0,60,0,1000,0,1,2.232,2.232,52.9193384795879,118.11596348644
0.01,60,0,1101.37026247294,0.0573120121589636,1,2.22315577083205,2.22315577083205,64.2130880351901,142.75569722838
0.02,60,0,1200.04472766672,0.125997448519523,1,2.21415518727494,2.21415518727494,76.2599874293758,168.851446748274
0.03,60,0,1294.56328772058,0.206809716394834,1,2.20484840609775,2.20484840609775,88.7765766705441,195.738893570864
0.04,60,0,1383.66052585174,0.29992457413434,1,2.19515910461523,2.19515910461523,101.45350874608,222.706593419119
0.05,60,0,1467.28224596478,0.405291278209171,1,2.18505371051603,2.18505371051603,114.129569346495,249.379238980156
0.06,60,0,1545.44333924533,0.522698456130124,1,2.17451615530368,2.17451615530368,126.662165835892,275.428925875901
0.07,60,0,1618.22107189558,0.651796610197795,1,2.16354236011106,2.16354236011106,138.92915381387,300.579109330692
0.08,60,0,1685.79602326391,0.792125708251455,1,2.15213862918223,2.15213862918223,150.838309984757,324.624953678759
0.09,60,0,1748.3478894084,0.943142260473534,1,2.14031526611597,2.14031526611597,162.311034420208,347.396784828645
0.1,60,0,1806.06785055424,1.10423305912275,1,2.12808592875045,2.12808592875045,173.283729234255,368.762665864821
0.11,60,0,1859.17295480952,1.27473441568325,1,2.11546735734879,2.11546735734879,183.710043199668,388.632599606034
0.12,60,0,1907.89876489418,1.45395026160705,1,2.10247848960839,2.10247848960839,193.559122206659,406.953890906981
0.13,60,0,1952.49281366535,1.64116803580732,1,2.08913979042353,2.08913979042353,202.813684760734,423.706138876062
0.14,60,0,1993.20892328946,1.83567226098082,1,2.07547273399461,2.07547273399461,211.468043519691,438.896158436304
0.15,60,0,2030.10209172363,2.03707777450425,1,2.06637300727927,2.06637300727927,219.704570501325,453.991594059824
0.16,60,0,2063.12993810201,2.24502859981844,1,2.0572005340643,2.0572005340643,227.276825211952,467.554006206468
0.17,60,0,2092.6136072798,2.45881921872208,1,2.04780044887138,2.04780044887138,234.205268271427,479.60565349427
0.18,60,0,2118.86518046883,2.67777967947163,1,2.0381894647296,2.0381894647296,240.524037427748,490.233559099462
0.19,60,0,2142.17809620431,2.90128114206592,1,2.02838369659393,2.02838369659393,246.270136939784,499.530330726611
0.2,60,0,2162.82632244382,3.12873769262537,1,2.01839863885853,2.01839863885853,251.482064469956,507.59105662349
0.21,60,0,2181.06409197886,3.35960689480232,1,2.00824914829352,2.00824914829352,256.198719639895,514.510860510709
0.22,60,0,2197.12607702935,3.59338935959114,1,1.99794943231736,1.99794943231736,260.458559061483,520.383030219086
0.23,60,0,2211.22789604916,3.82962757564675,1,1.98751304237616,1.98751304237616,264.298962034479,525.297634130008
0.24,60,0,2223.5668625684,4.06790420381075,1,1.97695287210618,1.97695287210618,267.755772560672,529.34054358683
0.25,60,0,2234.38512141958,4.30759073012266,1,1.96377577344986,1.96377577344986,270.530169727466,531.260593298074
0.26,60,0,2243.95936198666,4.54787286541863,1,1.94997091781096,1.94997091781096,272.939594314992,532.224271233354
0.27,60,0,2252.42616522112,4.78845713329792,1,1.93611874631678,1.93611874631678,275.090192915497,532.607279431592
0.28,60,0,2259.90554151381,5.02909322869587,1,1.92223139769107,1.92223139769107,277.008017783188,532.47350919501
0.29,60,0,2266.50526227985,5.26955867035789,1,1.9083202166164,1.9083202166164,278.716880162594,531.881057126526
0.3,60,0,2272.32194871005,5.50965622873208,1,1.89439577421326,1.89439577421326,280.23845643759,530.882547647418
0.31,60,0,2277.44209954588,5.74921150940186,1,1.88046789285881,1.88046789285881,281.59241169089,529.525489057398
0.32,60,0,2281.94305225577,5.98807070319914,1,1.86654567430254,1.86654567430254,282.796533155197,527.852645668587
0.33,60,0,2285.89387501768,6.22609850720618,1,1.85263753019387,1.85263753019387,283.866867842753,525.902412944067
0.34,60,0,2289.41748837046,6.46306928370248,1,1.83893647212163,1.83893647212163,284.339030303478,522.881413272763
0.35,60,0,2292.8565744587,6.69838689560233,1,1.82551506305497,1.82551506305497,284.345170491437,519.076391839052
0.36,60,0,2296.26535367156,6.93197390301131,1,1.81223121992892,1.81223121992892,284.352454001412,515.312394604762
0.37,60,0,2299.64359582336,7.16384868087415,1,1.79908267337133,1.79908267337133,284.360676462183,511.588366011265
0.38,60,0,2302.99115886165,7.39402914304721,1,1.78606721693414,1.78606721693414,284.369660484892,507.903328082758
0.39,60,0,2306.30797672996,7.62253277561435,1,1.77318270459223,1.77318270459223,284.379252288384,504.256371702633
0.4,60,0,2309.59404875845,7.84937666647463,1,1.76042704832272,1.76042704832272,284.38931874177,500.646648967084
0.41,60,0,2312.8494303934,8.07457753166176,1,1.74779821577255,1.74779821577255,284.39974477265,497.073366479806
0.42,60,0,2316.07422509984,8.29815173879672,1,1.73529422801909,1.73529422801909,284.410431095821,493.535779468998
0.43,60,0,2319.26857729185,8.52011532802481,1,1.72291315742637,1.72291315742637,284.421292222926,490.03318662309
0.44,60,0,2322.47798575396,8.74029891506225,1,1.70845354212306,1.70845354212306,284.169530855187,485.490441552992
0.45,60,0,2325.80091365527,8.95829706132946,1,1.69353258427016,1.69353258427016,283.878032470805,480.75669794781
0.46,60,0,2329.21996225106,9.17416338524342,1,1.67883622420297,1.67883622420297,283.627760751206,476.164558938698
0.47,60,0,2332.71694674375,9.38795929379796,1,1.66435554734941,1.66435554734941,283.41333127573,471.700550101536
0.48,60,0,2336.27610262465,9.59974044916278,1,1.65008232853588,1.65008232853588,283.230059796031,467.352916579591
0.49,60,0,2339.88377094064,9.80955749871666,1,1.63600897058988,1.63600897058988,283.073869412592,463.111389698589
0.5,60,0,2343.52812512379,10.0174567063303,1,1.62212844777188,1.62212844777188,282.94121052335,458.966986636937
0.51,60,0,2347.19893370495,10.2234804988196,1,1.60843425384959,1.60843425384959,282.828991680806,454.911838201148
0.52,60,0,2350.8873540517,10.4276679394192,1,1.59492035458459,1.59492035458459,282.734519789332,450.939040555707
0.53,60,0,2354.58575296337,10.630055138388,1,1.58158114437438,1.58158114437438,282.655448317968,447.042527414385
0.54,60,0,2358.28755054132,10.8306756093908,1,1.56841140677886,1.56841140677886,282.589732405852,443.216959743924
0.55,60,0,2362.05242839594,11.0294612346969,1,1.55549009975057,1.55549009975057,282.089997892155,438.788198959906
0.56,60,0,2366.08362020248,11.2261354164603,1,1.54287747729679,1.54287747729679,281.454728655511,434.250161721269
0.57,60,0,2370.34891913505,11.4207880554646,1,1.53053073290674,1.53053073290674,280.912635527882,429.945421937252
0.58,60,0,2374.80733544294,11.6135187296561,1,1.51843088667445,1.51843088667445,280.450535526476,425.844755327791
0.59,60,0,2379.42373380488,11.8044146765701,1,1.50656105311848,1.50656105311848,280.057140145608,421.923179991118
0.6,60,0,2384.16799505636,11.9935525761662,1,1.49490619583601,1.49490619583601,279.722771818392,418.159304707736
0.61,60,0,2389.01430240065,12.1810000614197,1,1.48345290985391,1.48345290985391,279.439125581626,414.534783971095
0.62,60,0,2393.94053248836,12.3668170008854,1,1.47218922892112,1.47218922892112,279.199068091206,411.033860768688
0.63,60,0,2398.92773510637,12.5510565896685,1,1.46110445516072,1.46110445516072,278.996467646114,407.642981851842
0.64,60,0,2403.946201924,12.7337654676542,1,1.45018407913931,1.45018407913931,278.822317779857,404.34368615307
0.65,60,0,2408.95531282818,12.9149792792617,1,1.43940984709332,1.43940984709332,278.664741752592,401.112773316398
0.66,60,0,2413.94753848325,13.0947276971292,1,1.42877582234462,1.42877582234462,278.521133140797,397.944261043599
0.67,60,0,2418.91733462677,13.2730380462721,1,1.41827690830545,1.41827690830545,278.389475891287,394.833365171868
0.68,60,0,2423.8644308365,13.4499294881061,1,1.40791055208707,1.40791055208707,278.196589445017,391.675913834275
0.69,60,0,2428.95337876469,13.6251914199334,1,1.39775397260966,1.39775397260966,277.460172647711,387.821058559299
0.7,60,0,2434.2644911294,13.7987415066122,1,1.38784468752405,1.38784468752405,276.826156670475,384.191710902819
0.71,60,0,2439.75164252696,13.9706749861516,1,1.37815907380017,1.37815907380017,276.278220218508,380.7553360875
0.72,60,0,2445.37622304016,14.1410735154708,1,1.36867679437264,1.36867679437264,275.802714715369,377.484775455903
0.73,60,0,2451.10591247385,14.3100074029249,1,1.35938031432846,1.35938031432846,275.388209096481,374.357310243926
0.74,60,0,2456.9136613243,14.4775374545064,1,1.35025448868563,1.35025448868563,275.025116666889,371.353898280756
0.75,60,0,2462.77684174193,14.6437165044556,1,1.34128621132748,1.34128621132748,274.705388060845,368.458549183377
0.76,60,0,2468.67653876036,14.8085906870897,1,1.33246411611416,1.33246411611416,274.422257744059,365.657811106989
0.77,60,0,2474.59695761605,14.9722004957263,1,1.32377832246701,1.32377832246701,274.170034102635,362.94034781511
0.78,60,0,2480.52492740673,15.1345816659264,1,1.31522021883034,1.31522021883034,273.943925171955,360.2965892119
0.79,60,0,2486.44948488563,15.2957659133987,1,1.30678227837374,1.30678227837374,273.73989362279,357.718441870176
0.8,60,0,2492.36152505193,15.4557815513842,1,1.29845790212509,1.29845790212509,273.554535849104,355.199048735432
0.81,60,0,2498.25350751996,15.6146540079022,1,1.29024128543415,1.29024128543415,273.384980971941,352.732589267629
0.82,60,0,2504.11920954233,15.7724062596381,1,1.28212730427544,1.28212730427544,273.228806345799,350.314112930535
0.83,60,0,2509.95351811028,15.9290591963277,1,1.27411141841911,1.27411141841911,273.083966772055,347.93940025146
0.84,60,0,2515.75225482689,16.0846319271087,1,1.26618958894297,1.26618958894297,272.948735121927,345.604846726537
0.85,60,0,2521.51202829666,16.2391420383496,1,1.25835820793722,1.25835820793722,272.821652474582,343.307365694386
0.86,60,0,2527.25112584373,16.3925775817221,1,1.25055964038625,1.25055964038625,272.513937320541,340.794931455818
0.87,60,0,2533.09787304168,16.544781213184,1,1.24284310600772,1.24284310600772,272.019725441737,338.077840463374
0.88,60,0,2539.05362290589,16.6957699838011,1,1.23529223997171,1.23529223997171,271.589789119008,335.492758954263
0.89,60,0,2545.09002214226,16.8455996148419,1,1.22789049271144,1.22789049271144,271.213532601616,333.020518176209
0.9,60,0,2551.1835562964,16.9943178461337,1,1.22062380541053,1.22062380541053,270.882151014394,330.645201988979
0.91,60,0,2557.31473339457,17.1419657843014,1,1.21348021155973,1.21348021155973,270.588318383834,328.353569838006
0.92,60,0,2563.4674087567,17.2885790130213,1,1.2064495033911,1.2064495033911,270.325932403928,326.134586902456
0.93,60,0,2569.62822558446,17.4341885091833,1,1.19952295251286,1.19952295251286,270.089904996204,323.979040284964
0.94,60,0,2575.78615075426,17.5788214002854,1,1.19269307583843,1.19269307583843,269.875989996,321.87922460327
0.95,60,0,2581.93208908615,17.7225015916085,1,1.18595343937911,1.18595343937911,269.680641056782,319.828683795254
0.96,60,0,2588.058562435,17.8652502863381,1,1.17929849369954,1.17929849369954,269.500894235356,317.821998622434
0.97,60,0,2594.15944242429,18.0070864174956,1,1.17272343586039,1.17272343586039,269.33427079715,315.854611444186
0.98,60,0,2600.22972764352,18.1480270070861,1,1.16622409352732,1.16622409352732,269.17869663162,313.922681476075
0.99,60,0,2606.26535775436,18.2880874650772,1,1.15979682763729,1.15979682763729,269.032435344732,312.022965044355
1,60,0,2612.26305827369,18.4272818385671,1,1.15343845060752,1.15343845060752,268.894032637004,310.152716382434
1.01,60,0,2618.22021088357,18.5656230196611,1,1.14714615756728,1.14714615756728,268.762270011041,308.309605342226
1.02,60,0,2624.13474500462,18.7031229190767,1,1.1409174685063,1.1409174685063,268.636126204272,306.491649058317
1.03,60,0,2630.00504709824,18.8397926112744,1,1.1347501795778,1.1347501795778,268.514745027866,304.697155139658
1.04,60,0,2635.82988476301,18.9756424559068,1,1.12864232208234,1.12864232208234,268.397408525016,302.924674398555
1.05,60,0,2641.60834318618,19.1106821995518,1,1.12259212789854,1.12259212789854,268.283514551394,301.172961480348
1.06,60,0,2647.33977192046,19.2449210610187,1,1.11659800032772,1.11659800032772,268.17255803586,299.440942045609
1.07,60,0,2653.0237402956,19.3783678029574,1,1.11065848948684,1.11065848948684,268.064115306937,297.727685392429
1.08,60,0,2658.66000005513,19.5110307920341,1,1.10477227152467,1.10477227152467,267.957830975474,296.032381599598
1.09,60,0,2664.24845404241,19.6429180495608,1,1.09893813105285,1.09893813105285,267.853406950327,294.354322430131
1.1,60,0,2669.80939496448,19.7740140473016,1,1.09313017874228,1.09313017874228,267.586265995896,292.506622777072
1.11,60,0,2675.44459088464,19.9042123679275,1,1.08740321615676,1.08740321615676,267.190627222953,290.543947369182
1.12,60,0,2681.15182723876,20.0335293257825,1,1.08179204256077,1.08179204256077,266.842462770294,288.668052842222
1.13,60,0,2686.97359290076,20.1619067673026,1,1.07563079829938,1.07563079829938,266.109391679027,286.235457406674
1.14,60,0,2693.07849745859,20.289095954048,1,1.06941533660364,1.06941533660364,265.312957448426,283.729745695015
1.15,60,0,2699.40912587211,20.4151854451672,1,1.06344187645333,1.06344187645333,264.645128466768,281.434712010933
1.16,60,0,2705.90238920904,20.540275826857,1,1.05784163131749,1.05784163131749,264.133093431294,279.410982440296
1.17,60,0,2712.48677003801,20.6644907452396,1,1.05250886571641,1.05250886571641,263.727182529464,277.575197742672
1.18,60,0,2719.13081504458,20.7878828818194,1,1.04729357938361,1.04729357938361,263.372668844188,275.828505065644
1.19,60,0,2725.81321972528,20.9104891847645,1,1.04231744274536,1.04231744274536,263.017388699461,274.147611986784
1.2,60,0,2732.58844929716,21.0323322614503,1,1.03816555486972,1.03816555486972,262.50682686358,272.525545567918
1.21,60,0,2739.46288239543,21.1534539782684,1,1.03412237300731,1.03412237300731,262.066394437123,271.008721700787
1.22,60,0,2746.40649021787,21.2738976901795,1,1.0301712028844,1.0301712028844,261.682170251275,269.577436101156
1.23,60,0,2753.41780351898,21.3936724625917,1,1.02619780086581,1.02619780086581,261.145044943932,267.986470828467
1.24,60,0,2760.61080479367,21.5126530930507,1,1.02223924105975,1.02223924105975,260.463939100344,266.256459429369
1.25,60,0,2767.96320615683,21.6308753173705,1,1.01842667049898,1.01842667049898,259.893537876305,264.682510463566
1.26,60,0,2775.428176892,21.7484023833179,1,1.01473273755499,1.01473273755499,259.409347433889,263.231157268944
1.27,60,0,2782.96888833692,21.8652873118358,1,1.01145976688142,1.01145976688142,259.008337662313,261.976512832267
1.28,60,0,2790.53838662219,21.9816991351245,1,1.00925087383207,1.00925087383207,258.697178246396,261.090353203067
1.29,60,0,2798.11407063529,22.0977088801889,1,1.00707137770653,1.00707137770653,258.412103784721,260.239433374522
1.3,60,0,2805.68533925374,22.213331041038,1,1.00491725713233,1.00491725713233,258.147738273222,259.417117080441
1.31,60,0,2813.24392278824,22.3285774216299,1,1.00278531716471,1.00278531716471,257.899859858807,258.618192765247
1.32,60,0,2820.86655999292,22.4434221522996,1,1.002,1.002,257.091372428928,257.605555173786
1.33,60,0,2828.81098676361,22.5577874732162,1,1.002,1.002,256.14049507824,256.652776068396
1.34,60,0,2837.00699520659,22.6717552472732,1,1.002,1.002,255.369731859127,255.880471322845
1.35,60,0,2845.38050522505,22.7853963060799,1,1.002,1.002,254.731297402976,255.240759997782
1.36,60,0,2853.87711279676,22.8987627861603,1,1.002,1.002,254.190481841943,254.698862805627
1.37,60,0,2862.45661059123,23.0118932979212,1,1.00197150684792,1.00197150684792,253.737969269887,254.23821541388
1.38,60,0,2871.06397440269,23.1248294168311,1,1.00180658393887,1.00180658393887,253.40141694769,253.859207877635
1.39,60,0,2879.67244348705,23.237591713463,1,1.00164333391839,1.00164333391839,253.086453685144,253.502359238769
1.4,60,0,2888.27349898112,23.350189010127,1,1.00148145081697,1.00148145081697,252.787875426892,253.162368231462
1.41,60,0,2896.86080018641,23.462628030827,1,1.00132070417532,1.00132070417532,252.501793939018,252.83527411255
1.42,60,0,2905.42963484032,23.5749139303941,1,1.00116091996279,1.00116091996279,252.225298479382,252.518111863507
1.43,60,0,2913.97651015836,23.6870506879369,1,1.00100196639167,1.00100196639167,251.956206045628,252.208657696259
1.44,60,0,2922.6956887918,23.7988255951569,1,1.00055143976589,1.00055143976589,250.862378127641,251.000713618707
1.45,60,0,2931.70386637153,23.9101022180468,1,1.00013131678943,1.00013131678943,250.013604048602,250.0464350324
1.46,60,0,2940.90015222118,24.0209813872033,1,0.999735125265051,0.999735125265051,249.340742906614,249.274698843424
1.47,60,0,2950.21533719991,24.1315324952662,1,0.999355721711159,0.999355721711159,248.788613748615,248.628324646266
1.48,60,0,2959.60197864537,24.2418033223897,1,0.998988204919878,0.998988204919878,248.319788571178,248.068539830804
1.49,60,0,2969.02744555626,24.3518269522378,1,0.998629199299795,0.998629199299795,247.908733469466,247.568900004039
1.5,60,0,2978.46923802323,24.4616264218617,1,0.998276372035997,0.998276372035997,247.537946594313,247.111283267411
1.51,60,0,2987.91219874491,24.5712175434018,1,0.998023952113172,0.998023952113172,247.10216927193,246.61388355251
1.52,60,0,2997.46949820133,24.6805231948581,1,0.998134865643876,0.998134865643876,246.436030398712,245.976394091828
1.53,60,0,3007.13585108275,24.7895611802368,1,0.998240874093533,0.998240874093533,245.892749902639,245.460193596073
1.54,60,0,3016.8641142184,24.8983767676725,1,0.998343571659019,0.998343571659019,245.430643930241,245.02410565589
1.55,60,0,3026.62322845613,25.0069999301059,1,0.99844400903204,0.99844400903204,245.022487597795,244.641234820146
1.56,60,0,3036.39266918468,25.1154506250561,1,0.998542881361598,0.998542881361598,244.65040692827,244.293922260442
1.57,60,0,3046.15884404566,25.2237422205164,1,0.998640650193745,0.998640650193745,244.30261587191,243.970523158357
1.58,60,0,3055.91274065021,25.3318837313142,1,0.998737623006618,0.998737623006618,243.971313168011,243.663329395223
1.59,60,0,3065.64838307222,25.4398812861228,1,0.998834005319858,0.998834005319858,243.651317373268,243.367221233401
1.6,60,0,3075.36181486748,25.5477390937853,1,0.998929934967614,0.998929934967614,243.339176072082,243.078787328758
1.61,60,0,3085.05420122866,25.6554562897625,1,0.999025381262179,0.999025381262179,242.954479362947,242.717691374922
1.62,60,0,3094.80539261979,25.7629523640497,1,0.999117743835906,0.999117743835906,242.428434119513,242.214550139159
1.63,60,0,3104.6101691348,25.8702310033161,1,0.999207211020953,0.999207211020953,241.979643440262,241.787804645789
1.64,60,0,3114.43936589136,25.9773204868836,1,0.999294749389029,0.999294749389029,241.581037201101,241.410662027015
1.65,60,0,3124.27415618025,26.0842392243035,1,0.99938098350773,0.99938098350773,241.215252118139,241.065935898891
1.66,60,0,3134.10235997589,26.1909992806148,1,0.99946631844399,0.99946631844399,240.871100935326,240.742552471381
1.67,60,0,3143.91608819619,26.2976086253011,1,0.999551017828959,0.999551017828959,240.541347286871,240.433348510541
1.68,60,0,3153.71023194283,26.40407257417,1,0.999635253834859,0.999635253834859,240.221293684061,240.133673888405
1.69,60,0,3163.48148956718,26.5103947176921,1,0.999719139297927,0.999719139297927,239.90788054253,239.840499846768
1.7,60,0,3173.22773777739,26.616577520927,1,0.999802748439517,0.999802748439517,239.599108656171,239.551847358098
1.71,60,0,3182.94762376063,26.7226227125285,1,0.999886130276377,0.999886130276377,239.293667534318,239.266419230531
1.72,60,0,3192.64029981822,26.8285315377769,1,0.999969317326373,0.999969317326373,238.99069537328,238.983362499774
1.73,60,0,3202.30709096473,26.9343049370219,1,1.00005227898303,1.00005227898303,238.690994465221,238.70347298767
1.74,60,0,3212.02196089479,27.0399545572138,1,1.00013295996168,1.00013295996168,238.448390828693,238.480094917601
1.75,60,0,3221.78903898598,27.1455092178623,1,1.00021135721179,1.00021135721179,238.262798809025,238.313157369856
1.76,60,0,3231.58667238119,27.2509902235043,1,1.00028817066941,1.00028817066941,238.115832201448,238.184450200211
1.77,60,0,3241.40019263361,27.3564120166548,1,1.00036387420929,1.00036387420929,237.995112027745,238.08171231095
1.78,60,0,3251.21964156194,27.4617844121654,1,1.00043878951997,1.00043878951997,237.892276021812,237.996660659411
1.79,60,0,3261.03824745135,27.5671140943173,1,1.00051313553402,1.00051313553402,237.801658869772,237.923683350987
1.8,60,0,3270.85140012821,27.6724056237566,1,1.00058706161928,1.00058706161928,237.719412387343,237.858968330514
1.81,60,0,3280.65595934822,27.777662116951,1,1.00066066993392,1.00066066993392,237.642916407524,237.799919937404
1.82,60,0,3290.44978677422,27.8828857059776,1,1.00073403052409,1.00073403052409,237.570382885545,237.744766798203
1.83,60,0,3300.23142844722,27.9880778504596,1,1.00080719154563,1.00080719154563,237.500589018551,237.692297486089
1.84,60,0,3309.99989884822,28.0932395496976,2,1.47606344134733,1.47606344134733,534.670712552094,789.207891957276
1.85,60,0,3195.38263718752,28.2960751218284,2,1.43865624759586,1.43865624759586,490.147539662406,705.153820179059
1.86,60,0,3100.04654319457,28.4781795129032,2,1.40499535611309,1.40499535611309,454.168753687146,638.104989822111
1.87,60,0,3021.53447427023,28.6431584071424,2,1.37517457689207,1.37517457689207,422.906719168979,581.570568598015
1.88,60,0,2956.93797732799,28.794214235711,2,1.34892511741101,1.34892511741101,398.010698492053,536.886628194233
1.89,60,0,2903.51636662252,28.934191086227,2,1.3258072035612,1.3258072035612,377.953380723491,501.093314773513
1.9,60,0,2859.16050016006,29.0652415065269,2,1.30542873407921,1.30542873407921,361.636456162991,472.090621165747
1.91,60,0,2822.22213047311,29.1890221443489,2,1.28744164226441,1.28744164226441,348.25300968491,448.355426712264
1.92,60,0,2791.39616718321,29.3068265697963,2,1.27153819855626,1.27153819855626,337.198959778612,428.761357871941
1.93,60,0,2765.63753831336,29.419677593668,2,1.25744732879246,1.25744732879246,328.01451939725,412.460981221215
1.94,60,0,2744.19741289752,29.5283148266149,2,1.24479751794501,1.24479751794501,319.767507497791,398.045799652713
1.95,60,0,2726.59188908609,29.6332367935315,2,1.23360849034719,1.23360849034719,312.754163173326,385.816191082046
1.96,60,0,2712.16732698064,29.7350586704108,2,1.22372687408296,1.22372687408296,306.932373690891,375.601394211616
1.97,60,0,2700.38504363693,29.8342820625123,2,1.21496091100845,1.21496091100845,302.079540479952,367.014833698537
1.98,60,0,2690.80479388445,29.9313137725994,2,1.20714681886325,1.20714681886325,298.019701163067,359.753534217573
1.99,60,0,2683.06473034595,30.0264859186515,2,1.20014480125906,1.20014480125906,294.612400110457,353.577540379019
2,60,0,2676.8659980218,30.1200712000736,2,1.19383560321319,1.19383560321319,291.744570252776,348.295055011897
2.01,60,0,2671.96074619409,30.2122946338772,2,1.18811754279378,1.18811754279378,289.324519486397,343.751537162169
2.02,60,0,2668.1426975382,30.3033426832394,2,1.18290395751154,1.18290395751154,287.277412638421,339.821588313664
2.03,60,0,2665.23965682266,30.3933704327894,2,1.17812101112346,1.17812101112346,285.54183270996,336.402832670304
2.04,60,0,2663.10750902598,30.4825072818594,2,1.17370581281515,1.17370581281515,284.067132253555,333.411244355728
2.05,60,0,2661.62537414636,30.5708614998698,2,1.16960480643777,1.16960480643777,282.811371021147,330.777538861589
2.06,60,0,2660.6916695672,30.658523898549,2,1.16577239265284,1.16577239265284,281.739694117368,328.444357316482
2.07,60,0,2660.22089115123,30.7455708118313,2,1.16216975151388,1.16216975151388,280.82304504775,326.364048482514
2.08,60,0,2660.1409683168,30.8320665280929,2,1.15876383721042,1.15876383721042,280.037136181174,324.496906482713
2.09,60,0,2660.39108096693,30.918065285587,2,1.15552652044058,1.15552652044058,279.361619103622,322.809759667456
2.1,60,0,2660.91985055758,31.0036129169025,2,1.15243385719142,1.15243385719142,278.779411671723,321.274832698399
2.11,60,0,2661.68383607265,31.0887482095219,2,1.1494654656221,1.1494654656221,278.276148984934,319.868823164492
2.12,60,0,2662.64627980756,31.1735040353641,2,1.14660399529816,1.14660399529816,277.839733141177,318.572148072249
2.13,60,0,2663.77605878275,31.2579082913471,2,1.14383467524984,1.14383467524984,277.459962316491,317.368325891117
2.14,60,0,2665.04680612077,31.3419846846292,2,1.14114492925848,1.14114492925848,277.128223965785,316.243467532963
2.15,60,0,2666.43617341703,31.4257533896627,2,1.138524048445,1.138524048445,276.837240165834,315.185855433946
2.16,60,0,2667.92521044253,31.5092315990679,2,1.135962912675,1.135962912675,276.580855586953,314.1855943027
2.17,60,0,2669.49784275867,31.592433986275,2,1.13345375353353,1.13345375353353,276.353860482277,313.234320467119
2.18,60,0,2671.14043123499,31.6753730946416,2,1.13098995268664,1.13098995268664,276.151842564572,312.324959356434
2.19,60,0,2672.84140022272,31.7580596651541,2,1.12856587035782,1.12856587035782,275.971062803049,311.451522685896
2.2,60,0,2674.5909233841,31.8405029127148,2,1.12617669942736,1.12617669942736,275.808351092312,310.608938507643
2.21,60,0,2676.38065801725,31.9227107593111,2,1.12381834132897,1.12381834132897,275.661018478476,309.792908555536
2.22,60,0,2678.20352022764,32.0046900309627,2,1.12148730048685,1.12148730048685,275.526783215558,308.999788320242
2.23,60,0,2680.05349454527,32.0864466242,2,1.11918059452166,1.11918059452166,275.403708399987,308.226486100567
2.24,60,0,2681.92547261985,32.1679856468784,2,1.11689567786718,1.11689567786718,275.290149316678,307.47037793121
2.25,60,0,2683.81511648539,32.2493115373559,2,1.11463037679198,1.11463037679198,275.184708944755,306.729235818485
2.26,60,0,2685.71874260107,32.3304281654091,2,1.11238283411993,1.11238283411993,275.08620032917,306.001167149444
2.27,60,0,2687.63322347318,32.4113389177262,2,1.11015146219903,1.11015146219903,274.993614736985,305.284563495662
2.28,60,0,2689.55590416354,32.492046770363,2,1.10793490288493,1.10793490288493,274.906094692859,304.578057326009
2.29,60,0,2691.48453140945,32.5725543501737,2,1.10573199349017,1.10573199349017,274.822911134007,303.880485384978
2.3,60,0,2693.41719343328,32.6528639869101,2,1.1035417378075,1.1035417378075,274.743444046215,303.190857693977
2.31,60,0,2695.35226881615,32.7329777574223,2,1.10136328144891,1.10136328144891,274.667166043601,302.508331300055
2.32,60,0,2697.28838306076,32.8128975231676,2,1.0991958908558,1.0991958908558,274.593628439435,301.832188035811
2.33,60,0,2699.22437167874,32.8926249620495,2,1.09703893543189,1.09703893543189,274.522449426125,301.161815670591
2.34,60,0,2701.1676087247,32.9721557749917,2,1.09488203652756,1.09488203652756,274.387657271561,300.422116991513
2.35,60,0,2703.15620337107,33.0514647391964,2,1.09274525295665,1.09274525295665,274.207344962255,299.63877453335
2.36,60,0,2705.18827389791,33.1305550909319,2,1.09064075027166,1.09064075027166,274.045084164036,298.884736200925
2.37,60,0,2707.25561521684,33.2094343086704,2,1.08856436533411,1.08856436533411,273.898001126504,298.155603762553
2.38,60,0,2709.35134814087,33.2881087563344,2,1.0865125942828,1.0865125942828,273.763688154159,297.447695036803
2.39,60,0,2711.46970464243,33.3665838645069,2,1.08448248689532,1.08448248689532,273.640127173409,296.757925631371
2.4,60,0,2713.60584823395,33.4448642817636,2,1.08247155795752,1.08247155795752,273.525626035773,296.083710556248
2.41,60,0,2715.75572364239,33.5229540011374,2,1.0804777128902,1.0804777128902,273.418765383108,295.422882282402
2.42,60,0,2717.94600475239,33.6008291125546,2,1.07823608547152,1.07823608547152,273.143353511373,294.513020262667
2.43,60,0,2720.2374159998,33.6784340482727,2,1.07597838698321,1.07597838698321,272.854062968519,293.585074554682
2.44,60,0,2722.61159698452,33.7557847157904,2,1.07378310604883,1.07378310604883,272.602936429514,292.716427797315
2.45,60,0,2725.05158237826,33.832895997816,2,1.07163996557474,1.07163996557474,272.382957288561,291.896462971859
2.46,60,0,2727.54355000396,33.90978012638,2,1.06954056977883,1.06954056977883,272.188421832375,291.116559773797
2.47,60,0,2730.07623423332,33.9864471802925,2,1.06747805637509,1.06747805637509,272.014689588987,290.369712147924
2.48,60,0,2732.64045046025,34.0629054876015,2,1.06544681359111,1.06544681359111,271.857982276944,289.650220966278
2.49,60,0,2735.22870916379,34.1391619516319,2,1.06344224980926,1.06344224980926,271.715221556498,288.953446519463
2.5,60,0,2737.83490236495,34.2152223154163,2,1.06146060595383,1.06146060595383,271.583897863118,288.275608793088
2.51,60,0,2740.44984491008,34.2910962785069,2,1.05957533548504,1.05957533548504,271.486126411178,287.660003471659
2.52,60,0,2743.06083956391,34.3667984145985,2,1.05772312270069,1.05772312270069,271.398594136152,287.064568486268
2.53,60,0,2745.66672804897,34.4423304038006,2,1.0558789949739,1.0558789949739,271.312894560947,286.473586432473
2.54,60,0,2748.26683722883,34.517693415553,2,1.05404250556285,1.05404250556285,271.228741391483,285.886622156938
2.55,60,0,2750.8606225234,34.5928885098397,2,1.05221328179819,1.05221328179819,271.145899316043,285.303316565455
2.56,60,0,2753.4476448881,34.6679166562676,2,1.05039101192145,1.05039101192145,271.064174847247,284.723372913453
2.57,60,0,2756.02755192471,34.7427787497089,2,1.04857543428126,1.04857543428126,270.983408819055,284.146545585457
2.58,60,0,2758.60006237809,34.8174756231307,2,1.04676632846255,1.04676632846255,270.903470237706,283.572630908487
2.59,60,0,2761.1649534086,34.8920080581212,2,1.04496350800114,1.04496350800114,270.824251240695,283.001459628258
2.6,60,0,2763.72205014068,34.966376793529,2,1.04316681439878,1.04316681439878,270.745662962908,282.432890745302
2.61,60,0,2766.2883192769,35.0405811037393,2,1.04165451640023,1.04165451640023,270.587318180724,281.858502063578
2.62,60,0,2768.88268261905,35.11462316427,2,1.04019119911652,1.04019119911652,270.435486934886,281.30461343846
2.63,60,0,2771.49866121976,35.1885085887872,2,1.03874592549811,1.03874592549811,270.296387823775,280.769271528804
2.64,60,0,2774.13069871734,35.262242043765,2,1.03731600775811,1.03731600775811,270.167671634129,280.249250564819
2.65,60,0,2776.77428799373,35.3358273909052,2,1.03589925785991,1.03589925785991,270.047433036182,279.741935469156
2.66,60,0,2779.42577311971,35.4092678393044,2,1.03449389348962,1.03449389348962,269.934125943582,279.245204933094
2.67,60,0,2782.08218898498,35.4825660685283,2,1.03309846183469,1.03309846183469,269.826495199144,278.75733715248
2.68,60,0,2784.74113136587,35.5557243282204,2,1.03171177777268,1.03171177777268,269.723521386484,278.276933756758
2.69,60,0,2787.40065159749,35.6287445187661,2,1.0303328737275,1.0303328737275,269.624376209665,277.802858367089
2.7,60,0,2790.0591711499,35.7016282566489,2,1.02896095897638,1.02896095897638,269.528386391644,277.334186932903
2.71,60,0,2792.71861204098,35.7743746554759,2,1.02757003813845,1.02757003813845,269.385213113373,276.812173712842
2.72,60,0,2795.42806024985,35.846949493625,2,1.02614833940936,1.02614833940936,269.148292707462,276.186073616627
2.73,60,0,2798.19149588643,35.9193509343703,2,1.02476189143933,1.02476189143933,268.941279610778,275.600774380053
2.74,60,0,2800.99597545625,35.9915890737999,2,1.02340405988945,1.02340405988945,268.757987624168,275.048015662291
2.75,60,0,2803.83125749143,36.0636719739923,2,1.02206958591198,1.02206958591198,268.593532020727,274.521280051061
2.76,60,0,2806.68923530365,36.1356060914259,2,1.0207542983722,1.0207542983722,268.444052312927,274.015420270871
2.77,60,0,2809.56349017105,36.2073966139816,2,1.01945488678424,1.01945488678424,268.306495095653,273.526367581217
2.78,60,0,2812.44893898622,36.2790477263725,2,1.01816872201741,1.01816872201741,268.178443619103,273.05090321228
2.79,60,0,2815.34155612138,36.350562819427,2,1.01689371462762,1.01689371462762,268.057983819996,272.586478902306
2.8,60,0,2818.23815368976,36.4219446552531,2,1.01562820285043,1.01562820285043,267.943598868408,272.131075783996
2.81,60,0,2821.13620781113,36.4931954976922,2,1.01437086399565,1.01437086399565,267.834086064281,271.683093288509
2.82,60,0,2824.03372115755,36.5643172154311,2,1.01312064431817,1.01312064431817,267.728491281392,271.241261589335
2.83,60,0,2826.92897184002,36.6353118994495,2,1.01192288445388,1.01192288445388,267.628373841797,270.819276019692
2.84,60,0,2829.81503714174,36.7062040149241,2,1.01114657293811,1.01114657293811,267.549423579489,270.531682743967
2.85,60,0,2832.68846059002,36.7770101311228,2,1.01037003405858,1.01037003405858,267.468099012341,270.241752308682
2.86,60,0,2835.55040625827,36.8477296860344,2,1.00959362105838,1.00959362105838,267.384912553982,269.950102081753
2.87,60,0,2838.4018116692,36.9183622705284,2,1.00881761539871,1.00881761539871,267.300273601422,269.657224610009
2.88,60,0,2841.24343319822,36.9889075974498,2,1.0080422411809,1.0080422411809,267.214509312588,269.363512843516
2.89,60,0,2844.07588232814,37.0593654769562,2,1.00726767665814,1.00726767665814,267.127881176709,269.069280243475
2.9,60,0,2846.89965460648,37.1297357968316,2,1.00649406342679,1.00649406342679,267.040598232034,268.77477681448
2.91,60,0,2849.71515278056,37.2000185067689,2,1.00572151376739,1.00572151376739,266.952827611557,268.480201889981
2.92,60,0,2852.52270528633,37.2702136058179,2,1.00495011650954,1.00495011650954,266.864702958962,268.185714330893
2.93,60,0,2855.32258102843,37.3403211323573,2,1.00417994171896,1.00417994171896,266.776331146633,267.891440662825
2.94,60,0,2858.11500119902,37.4103411560832,2,1.00341104444446,1.00341104444446,266.687797639767,267.597481570312
2.95,60,0,2860.90014873154,37.4802737716044,2,1.00264346771422,1.00264346771422,266.599170780647,267.303917081244
2.96,60,0,2863.67912925211,37.5501188056568,2,1.002,1.002,266.451357166475,266.984259880808
2.97,60,0,2866.55071377133,37.6198525181308,2,1.002,1.002,266.049598989585,266.581698187564
2.98,60,0,2869.53780988516,37.6894791977558,2,1.002,1.002,265.7198965072,266.251336300214
2.99,60,0,2872.61028014194,37.7590161678827,2,1.002,1.002,265.444106688856,265.974994902233
3,60,0,2875.74557701328,37.8284763979532,2,1.002,1.002,265.208718772135,265.739136209679
3.01,60,0,2878.92681175301,37.8978696121044,2,1.002,1.002,265.00365243814,265.533659743017
3.02,60,0,2882.1413217663,37.9672031113012,2,1.002,1.002,264.821375000837,265.351017750839
3.03,60,0,2885.37960514287,38.0364823845836,2,1.002,1.002,264.656250095782,265.185562595973
3.04,60,0,2888.63452664999,38.1057115644616,2,1.002,1.002,264.504055500621,265.033063611622
3.05,60,0,2891.90072503692,38.1748937667745,2,1.002,1.002,264.361625182669,264.890348433034
3.06,60,0,2895.17416999417,38.2440313446847,2,1.002,1.002,264.226582976674,264.755036142627
3.07,60,0,2898.45183058618,38.3131260787296,2,1.002,1.002,264.097144076126,264.625338364279
3.08,60,0,2901.73142685343,38.382179319178,2,1.002,1.002,263.971966846874,264.499910780568
3.09,60,0,2905.01124355155,38.4511920927593,2,1.002,1.002,263.850042064625,264.377742148754
3.1,60,0,2908.28999036842,38.5201651827482,2,1.002,1.002,263.73061003375,264.258071253818
3.11,60,0,2911.56669694195,38.5890991891033,2,1.002,1.002,263.61309850894,264.140324705958
3.12,60,0,2914.84063395876,38.6579945736595,2,1.002,1.002,263.497076157937,264.024070310253
3.13,60,0,2918.10516580163,38.7268536166592,2,1.00194682749084,1.00194682749084,263.41000156726,263.922815399673
3.14,60,0,2921.35404923201,38.7956778994885,2,1.001889104269,1.001889104269,263.319809675679,263.817248252249
3.15,60,0,2924.58968563387,38.8644660594414,2,1.00183119548139,1.00183119548139,263.225310910347,263.707327910273
3.16,60,0,2927.81399123229,38.9332170403368,2,1.00177316041264,1.00177316041264,263.127561578823,263.59412895449
3.17,60,0,2931.0284329535,39.00193004628,2,1.00171504427218,1.00171504427218,263.027366826732,263.478470405634
3.18,60,0,2934.23413509154,39.070604479799,2,1.00165688154278,1.00165688154278,262.92534059115,263.360976735105
3.19,60,0,2937.43196053577,39.1392398947431,2,1.00159869852884,1.00159869852884,262.821951190821,263.242124257536
3.2,60,0,2940.62257264953,39.2078359604058,2,1.00154051529631,1.00154051529631,262.717556002967,263.122276416599
3.21,60,0,2943.80648242829,39.2763924341874,2,1.00148234715038,1.00148234715038,262.61242784734,263.001710631413
3.22,60,0,2946.98408445442,39.3449091407555,2,1.00142420576137,1.00142420576137,262.506775067816,262.880638729267
3.23,60,0,2950.15568432238,39.413385956152,2,1.00136610002315,1.00136610002315,262.400756822947,262.759222502917
3.24,60,0,2953.32151956727,39.4818227956668,2,1.00130803670777,1.00130803670777,262.294494733316,262.637585560673
3.25,60,0,2956.4817756431,39.5502196045816,2,1.0012500209651,1.0012500209651,262.188081757555,262.51582235655
3.26,60,0,2959.63659812733,39.6185763511013,2,1.00119205670417,1.00119205670417,262.081588959457,262.394005074616
3.27,60,0,2962.78610204741,39.6868930209527,2,1.00113414688454,1.00113414688454,261.975070669567,262.272188879795
3.28,60,0,2965.93037901142,39.7551696132567,2,1.00107629373887,1.00107629373887,261.868568424005,262.150415924607
3.29,60,0,2969.06950266229,39.8234061373707,2,1.00101849894312,1.00101849894312,261.762113971577,262.028718408005
3.3,60,0,2972.23860044863,39.8915794215678,2,1.00088556093021,1.00088556093021,261.424487757992,261.655995070552
3.31,60,0,2975.53224632054,39.9596254300689,2,1.00072789100792,1.00072789100792,261.062460653334,261.25248567095
3.32,60,0,2978.91634679771,40.0275642714101,2,1.0005793070778,1.0005793070778,260.771778852679,260.92284578986
3.33,60,0,2982.36232376447,40.0954131291173,2,1.00043714323198,1.00043714323198,260.531083825249,260.644973225263
3.34,60,0,2985.85016091677,40.1631840562804,2,1.00029953217768,1.00029953217768,260.325484342149,260.403460201379
3.35,60,0,2989.36581892133,40.2308855255946,2,1.00016516421438,1.00016516421438,260.144575223259,260.187541797652
3.36,60,0,2992.89943917935,40.2985235060475,2,1.00003311961703,1.00003311961703,259.98107281016,259.989683283726
3.37,60,0,2996.44409216485,40.3661022129125,2,0.999902751799627,0.999902751799627,259.829870821688,259.804602834347
3.38,60,0,2999.99490333373,40.4336246313401,2,0.999773605723058,0.999773605723058,259.687384771807,259.628593034101
3.39,60,0,3003.54844162261,40.5010928825527,2,0.999645360826883,0.999645360826883,259.551095507731,259.459048521838
3.4,60,0,3007.10229101369,40.5685084803457,2,0.999517791060754,0.999517791060754,259.419230697594,259.294136425539
3.41,60,0,3010.65474997404,40.635872510989,2,0.999390736858784,0.999390736858784,259.290542182506,259.132566012288
3.42,60,0,3014.20462036134,40.7031857595487,2,0.999264085467225,0.999264085467225,259.164150107984,258.973427443545
3.43,60,0,3017.7510590106,40.7704487986812,2,0.99913775712202,0.99913775712202,259.03943366471,258.816078757916
3.44,60,0,3021.29347328856,40.8376620511088,2,0.999011695327618,0.999011695327618,258.915954413274,258.660066565773
3.45,60,0,3024.83144752299,40.9048258336174,2,0.998885860014081,0.998885860014081,258.793402419384,258.505070341656
3.46,60,0,3028.3646911346,40.9719403880703,2,0.998760222716116,0.998760222716116,258.671558376859,258.350863254796
3.47,60,0,3031.89300203842,41.0390059032865,2,0.998634763173758,0.998634763173758,258.550266948627,258.197284602754
3.48,60,0,3035.41624079813,41.106022530489,2,0.9985094669335,0.9985094669335,258.429417986839,258.044220393973
3.49,60,0,3038.93431235921,41.1729903942205,2,0.998384323654062,0.998384323654062,258.308933292172,257.891589658707
3.5,60,0,3042.44715312829,41.2399096000633,2,0.998259325908871,0.998259325908871,258.188757270807,257.739334790405
3.51,60,0,3045.95472182677,41.3067802401035,2,0.998134468338956,0.998134468338956,258.068850336367,257.587414725335
3.52,60,0,3049.45699301119,41.3736023968008,2,0.998009747053245,0.998009747053245,257.949184246617,257.435800122557
3.53,60,0,3052.98329629999,41.4403633010372,2,0.998037396874222,0.998037396874222,257.697638748887,257.191880557573
3.54,60,0,3056.55825811187,41.5070541371791,2,0.998076380543698,0.998076380543698,257.477121290715,256.981833290648
3.55,60,0,3060.16493017725,41.5736847542119,2,0.9981142206112,0.9981142206112,257.286801545797,256.801615398432
3.56,60,0,3063.79151239982,41.6402619738535,2,0.998151277907669,0.998151277907669,257.116920854059,256.641583122164
3.57,60,0,3067.43003549074,41.7067904153206,2,0.998187796078172,0.998187796078172,256.960908764505,256.495243197886
3.58,60,0,3071.07511166846,41.7732732137539,2,0.998223939840263,0.998223939840263,256.814334528802,256.358216820796
3.59,60,0,3074.72309528705,41.8397125028437,2,0.99825982068008,0.99825982068008,256.674206214276,256.227547068665
3.6,60,0,3078.37151788706,41.9061097396291,2,0.9982955141389,0.9982955141389,256.538500973594,256.101234725857
3.61,60,0,3082.01870737819,41.9724659234117,2,0.998331071458599,0.998331071458599,256.405849584419,255.977926543865
3.62,60,0,3085.66353100116,42.038781743501,2,0.998366527436682,0.998366527436682,256.275324232015,255.856705521226
3.63,60,0,3089.30522162827,42.1050576790461,2,0.99840190573071,0.99840190573071,256.146295537307,255.736949610309
3.64,60,0,3092.94326025172,42.1712940665686,2,0.998437222444197,0.998437222444197,256.018336111469,255.61823640192
3.65,60,0,3096.57729640041,42.2374911456942,2,0.998472488553255,0.998472488553255,255.891155419615,255.500278750591
3.66,60,0,3100.20709418897,42.3036490901519,2,0.998507711550382,0.998507711550382,255.764555741452,255.382881249097
3.67,60,0,3103.83249570747,42.3697680288083,2,0.99854289655903,0.99854289655903,255.638402364788,255.265910769058
3.68,60,0,3107.45339615445,42.4358480599533,2,0.99857804709007,0.99857804709007,255.512603391843,255.149276501926
3.69,60,0,3111.06972693046,42.5018892610122,2,0.998613165555681,0.998613165555681,255.387096044829,255.032916423399
3.7,60,0,3114.68144413313,42.5678916951539,2,0.998648253618774,0.998648253618774,255.261837370179,254.916788105248
3.71,60,0,3118.28852072083,42.6338554157922,2,0.998683312430821,0.998683312430821,255.136797922648,254.800862472383
3.72,60,0,3121.8909411701,42.6997804696537,2,0.998718342793853,0.998718342793853,255.011957470091,254.685119557145
3.73,60,0,3125.48869783021,42.7656668988716,2,0.998753345270927,0.998753345270927,254.887302069733,254.569545609227
3.74,60,0,3129.08178843329,42.8315147424156,2,0.99878832026151,0.99878832026151,254.762822076216,254.454131126586
3.75,60,0,3132.67021439232,42.8973240370695,2,0.998823268052974,0.998823268052974,254.638510783221,254.338869512639
3.76,60,0,3136.25397963667,42.9630948180995,2,0.998858188855793,0.998858188855793,254.514363496335,254.223756159734
3.77,60,0,3139.83308981465,43.0288271197128,2,0.998893082827643,0.998893082827643,254.390376899681,254.108787823008
3.78,60,0,3143.40755174699,43.0945209753709,2,0.998927950089891,0.998927950089891,254.266548622847,253.993962192253
3.79,60,0,3146.97737305198,43.1601764180054,2,0.998962790738912,0.998962790738912,254.142876944515,253.879277598909
3.8,60,0,3150.54256188804,43.2257934801659,2,0.998997604853845,0.998997604853845,254.019360589453,253.764732815368
3.81,60,0,3154.12351657457,43.2913597255511,2,0.999031784557963,0.999031784557963,253.805428129291,253.559689794504
3.82,60,0,3157.73608899213,43.3568651531437,2,0.999064858593346,0.999064858593346,253.615109399286,253.377943409134
3.83,60,0,3161.36828498109,43.4223167141737,2,0.999097186006532,0.999097186006532,253.445935476377,253.217120939241
3.84,60,0,3165.01195341888,43.4877191511819,2,0.999129010711924,0.999129010711924,253.290812844186,253.070199259431
3.85,60,0,3168.6616968909,43.5530756170792,2,0.999160494201713,0.999160494201713,253.145056711754,252.932539968836
3.86,60,0,3172.3139380505,43.6183882141946,2,0.999191743526879,0.999191743526879,253.00556862321,252.801075234634
3.87,60,0,3175.96630415211,43.6836583495808,2,0.999222829732505,0.999222829732505,252.87029663764,252.673773361561
3.88,60,0,3179.61722068696,43.7488869695822,2,0.999253800021939,0.999253800021939,252.737880222663,252.549287221986
3.89,60,0,3183.26564270823,43.8140747149077,2,0.999284685793659,0.999284685793659,252.607416242685,252.42672256922
3.9,60,0,3186.91087696962,43.8792220232792,2,0.999315507957674,0.999315507957674,252.478304513989,252.305485123689
3.91,60,0,3190.55246404505,43.9443291974566,2,0.999346280456319,0.999346280456319,252.350145736488,252.185179514369
3.92,60,0,3194.19010011564,44.009396450369,2,0.999377012598446,0.999377012598446,252.222673957339,252.065542409077
3.93,60,0,3197.82358502074,44.0744239350876,2,0.999407710608542,0.999407710608542,252.095711832553,251.946398216803
3.94,60,0,3201.4566061293,44.1394119133387,2,0.999438271093516,0.999438271093516,251.972188910692,251.830648848551
3.95,60,0,3205.11562405447,44.2043641318003,2,0.999467955315831,0.999467955315831,251.873020285443,251.739012583915
3.96,60,0,3208.79781146563,44.2692873831019,2,0.99949685917573,0.99949685917573,251.795464268638,251.668775691198
3.97,60,0,3212.49493080264,44.3341865679175,2,0.999525226864231,0.999525226864231,251.732599343702,251.613083468137
3.98,60,0,3216.20138306524,44.3990650162852,2,0.999553224268407,0.999553224268407,251.679733138278,251.567288741378
3.99,60,0,3219.91335915771,44.4639249927897,2,0.999580964192284,0.999580964192284,251.633680545349,251.528237022773
4,60,0,3223.62826560783,44.528768038413,2,0.999608523414633,0.999608523414633,251.592277198825,251.493784713243
4.01,60,0,3227.34433539928,44.5935952021911,2,0.999635954240966,0.999635954240966,251.554050895127,251.462473709731
4.02,60,0,3231.06036392671,44.6584071983878,2,0.999663292335841,0.999663292335841,251.517999317967,251.433311279923
4.03,60,0,3234.77552965209,44.72320451325,2,0.999690562038643,0.999690562038643,251.483439467909,251.405620945085
4.04,60,0,3238.48927217235,44.7879874775871,2,0.999717779974813,0.999717779974813,251.449905544416,251.37894134574
4.05,60,0,3242.20120924446,44.8527563161616,2,0.999744957511296,0.999744957511296,251.417079615851,251.352957578163
4.06,60,0,3245.91108027222,44.917511181328,2,0.999772102427516,0.999772102427516,251.384744504653,251.32745453162
4.07,60,0,3249.61870778387,44.982252175963,2,0.999799220053458,0.999799220053458,251.352751740575,251.302285148517
4.08,60,0,3253.32397115203,45.0469793691077,2,0.999826314045408,0.999826314045408,251.320999744358,251.277348816609
4.09,60,0,3257.02678865114,45.111692806648,2,0.999853386915138,0.999853386915138,251.289418963695,251.252576646788
4.1,60,0,3260.72710519791,45.1763925186117,2,0.999880440391172,0.999880440391172,251.257961737844,251.227921434224
4.11,60,0,3264.42488396821,45.2410785241585,2,0.999907475665614,0.999907475665614,251.226595381162,251.203350807644
4.12,60,0,3268.12010066038,45.3057508349944,2,0.99993449356291,0.99993449356291,251.195297459597,251.178842550646
4.13,60,0,3271.81273956661,45.3704094577099,2,0.999961494655325,0.999961494655325,251.16405256236,251.154381403946
4.14,60,0,3275.50279088043,45.4350543953834,2,0.999988479342015,0.999988479342015,251.132850093833,251.129956878159
4.15,60,0,3279.19024885006,45.4996856486793,2,1.00001544790322,1.00001544790322,251.101682762141,251.105561756634
4.16,60,0,3282.87511051094,45.5643032166033,2,1.00004240053741,1.00004240053741,251.070545543825,251.081191069884
4.17,60,0,3286.55737481518,45.6289070970203,2,1.00006933738682,1.00006933738682,251.039434974114,251.056841392523
4.18,60,0,3290.23704203309,45.6934972870104,2,1.00009625855492,1.00009625855492,251.008348660037,251.032510360952
4.19,60,0,3293.91411334164,45.7580737831141,2,1.00012316411851,1.00012316411851,250.977284946168,251.008196342233
4.2,60,0,3297.58859054102,45.822636581501,2,1.00015005413593,1.00015005413593,250.946242684976,250.983898206588
4.21,60,0,3301.26047585953,45.8871856780857,2,1.00017692865285,1.00017692865285,250.915221078946,250.95961517099
4.22,60,0,3304.929771819,45.9517210686084,2,1.00020378770609,1.00020378770609,250.884219571943,250.935346691542
4.23,60,0,3308.596481142,46.0162427486898,2,1.00023063132641,1.00023063132641,250.853237774421,250.911092389383
4.24,60,0,3312.26060668772,46.0807507138692,2,1.00025745954035,1.00025745954035,250.822275411889,250.886851999627
4.25,60,0,3315.92215140779,46.145244959631,2,1.00028427237151,1.00028427237151,250.791332289375,250.86262533616
4.26,60,0,3319.58111831564,46.2097254814229,2,1.00031106984144,1.00031106984144,250.760408266911,250.838412267351
4.27,60,0,3323.23751046534,46.2741922746687,2,1.00033785197027,1.00033785197027,250.729503242598,250.814212699273
4.28,60,0,3326.89133093702,46.3386453347766,2,1.00036461877712,1.00036461877712,250.698617140911,250.790026564118
4.29,60,0,3330.54258282668,46.4030846571455,2,1.0003913702804,1.0003913702804,250.667749904612,250.765853812178
4.3,60,0,3334.19126923916,46.4675102371692,2,1.00041810649802,1.00041810649802,250.636901489148,250.741694406304
4.31,60,0,3337.83739328336,46.5319220702394,2,1.00044482744754,1.00044482744754,250.606071858775,250.717548318057
4.32,60,0,3341.48095806877,46.5963201517475,2,1.00047153314623,1.00047153314623,250.575260983878,250.693415525056
4.33,60,0,3345.12196670321,46.660704477086,2,1.00049822361118,1.00049822361118,250.544468839103,250.669296009129
4.34,60,0,3348.76042229117,46.7250750416499,2,1.00052489885934,1.00052489885934,250.513695402066,250.645189755031
4.35,60,0,3352.39632793273,46.7894318408367,2,1.00055155890752,1.00055155890752,250.482940652458,250.621096749557
4.36,60,0,3356.02968672277,46.8537748700475,2,1.00057820377246,1.00057820377246,250.452204571417,250.597016980922
4.37,60,0,3359.66050175041,46.918104124687,2,1.00060483347082,1.00060483347082,250.421487141101,250.572950438337
4.38,60,0,3363.28877609873,46.9824196001638,2,1.00063144801918,1.00063144801918,250.39078834438,250.548897111701
4.39,60,0,3366.91451284442,47.0467212918904,2,1.00065804743408,1.00065804743408,250.360108164628,250.524856991402
4.4,60,0,3370.53771505771,47.1110091952839,2,1.000684631732,1.000684631732,250.329446585579,250.500830068164
4.41,60,0,3374.15838580219,47.1752833057652,2,1.00071120092937,1.00071120092937,250.298803591222,250.476816332955
4.42,60,0,3377.7765281348,47.2395436187598,2,1.00073775504258,1.00073775504258,250.268179165731,250.452815776907
4.43,60,0,3381.39214510573,47.3037901296974,2,1.00076429408798,1.00076429408798,250.237573293415,250.428828391273
4.44,60,0,3385.00523975844,47.3680228340122,2,1.00079081808186,1.00079081808186,250.206985958685,250.40485416739
4.45,60,0,3388.61581512964,47.4322417271428,2,1.00081732704051,1.00081732704051,250.176417146026,250.380893096657
4.46,60,0,3392.22387424927,47.4964468045322,2,1.00084382098013,1.00084382098013,250.145866839983,250.356945170514
4.47,60,0,3395.82942014056,47.5606380616277,2,1.00087029991691,1.00087029991691,250.115335025147,250.333010380437
4.48,60,0,3399.43245581997,47.6248154938813,2,1.000896763867,1.000896763867,250.08482168615,250.309088717923
4.49,60,0,3403.03298429725,47.6889790967492,2,1.0009232128465,1.0009232128465,250.054326807657,250.285180174489
4.5,60,0,3406.63100857546,47.7531288656923,2,1.00094964687149,1.00094964687149,250.023850374359,250.261284741664
4.51,60,0,3410.22653165095,47.8172647961757,2,1.00097606595799,1.00097606595799,249.993392370977,250.237402410992
4.52,60,0,3413.82132524768,47.8813857959337,2,1.00100121018228,1.00100121018228,249.935109316473,250.185346892831
4.53,60,0,3417.48345295409,47.9454498099922,2,1.00101339836062,1.00101339836062,249.664537018493,249.917546651012
4.54,60,0,3421.22885823526,48.009446420706,2,1.00102437550158,1.00102437550158,249.486931145188,249.742499445418
4.55,60,0,3425.02399669111,48.0733957953885,2,1.001034614944,1.001034614944,249.365672785202,249.623670236787
4.56,60,0,3428.84851783891,48.1373101680248,2,1.00104440366934,1.00104440366934,249.278646432229,249.53899396525
4.57,60,0,3432.69005118584,48.2011969744699,2,1.00105391600262,1.00105391600262,249.21245629254,249.475105288279
4.58,60,0,3436.54106513806,48.2650607411577,2,1.00106325800238,1.00106325800238,249.158970374639,249.423890643755
4.59,60,0,3440.39696810112,48.3289042268611,2,1.00107249428215,1.00107249428215,249.113243463579,249.380415992801
4.6,60,0,3444.25495762788,48.3927291146552,2,1.00108166425506,1.00108166425506,249.072263852514,249.34167641725
4.61,60,0,3448.11332157143,48.4565364320994,2,1.00109079199061,1.00109079199061,249.034194979746,249.305839485018
4.62,60,0,3451.9710130387,48.5203268067929,2,1.00109989220465,1.00109989220465,248.997915554918,249.271786421211
4.63,60,0,3455.82739151694,48.5841006220171,2,1.00110897390437,1.00110897390437,248.962740212573,249.238833394628
4.64,60,0,3459.68206501164,48.6478581116466,2,1.00111804260908,1.00111804260908,248.928249579652,249.206561969285
4.65,60,0,3463.53479367019,48.7115994180915,2,1.00112710170475,1.00112710170475,248.894186768913,249.174715831124
4.66,60,0,3467.38543087814,48.7753246277112,2,1.00113615327117,1.00113615327117,248.860394257912,249.143137808912
4.67,60,0,3471.23388721962,48.8390337924808,2,1.0011451985875,1.0011451985875,248.82677535295,249.111731424617
4.68,60,0,3475.08010840367,48.9027269432621,3,1.3522542126247,1.3522542126247,550.931408563291,744.999318096967
4.69,60,0,3353.79685328286,49.0308800152906,3,1.31389120524192,1.31389120524192,500.345756897784,657.399889568109
4.7,60,0,3253.4434493543,49.1442848053934,3,1.27982729322114,1.27982729322114,460.528323906548,589.396718236987
4.71,60,0,3169.79477760371,49.2461409940723,3,1.24953858782931,1.24953858782931,428.335233294914,535.221402528866
4.72,60,0,3100.85901901812,49.3384989159302,3,1.2227228225302,1.2227228225302,400.879244781027,490.164201672431
4.73,60,0,3044.13432393899,49.4232141681133,3,1.19954157253795,1.19954157253795,379.054802413996,454.691993765745
4.74,60,0,2997.19985991417,49.5018713440503,3,1.1794936526257,1.1794936526257,361.503235625628,426.390771824081
4.75,60,0,2958.19557148497,49.5756668419367,3,1.16214542725556,1.16214542725556,347.250274839747,403.555319018249
4.76,60,0,2925.66968359443,49.6455197561211,3,1.14712181892969,1.14712181892969,335.581550219003,384.952918286467
4.77,60,0,2898.47390420819,49.7121467300079,3,1.13409861358272,1.13409861358272,325.962981463869,369.674165357462
4.78,60,0,2875.68963808985,49.7761137473169,3,1.12279579689574,1.12279579689574,317.988424857825,357.036066891863
4.79,60,0,2856.57490586535,49.8378727637995,3,1.11297174623283,1.11297174623283,311.344378340114,346.51749644097
4.8,60,0,2840.52541883052,49.8977881325514,3,1.10441815401584,1.10441815401584,305.785651242488,337.715224469759
4.81,60,0,2827.04553977849,49.9561560084447,3,1.0969555877792,1.0969555877792,301.118252340008,330.313349486679
4.82,60,0,2815.79772700572,50.0131847323016,3,1.09039259540948,1.09039259540948,296.840201159804,323.67235736451
4.83,60,0,2806.52524645998,50.0690366194532,3,1.0847046394909,1.0847046394909,293.226945023775,318.064627691032
4.84,60,0,2798.90095012131,50.1239004996434,3,1.07972485523866,1.07972485523866,290.182415248586,313.317166297084
4.85,60,0,2792.78287297115,50.1778506159024,3,1.07469239961321,1.07469239961321,287.152639469525,308.60075916677
4.86,60,0,2788.00201629673,50.2309787658878,3,1.07040631413189,1.07040631413189,284.686983910333,304.730745128784
4.87,60,0,2784.30763571389,50.2834295894611,3,1.06673237450542,1.06673237450542,282.674001581802,301.537508918304
4.88,60,0,2781.49789625618,50.3353190266253,3,1.06356088237229,1.06356088237229,281.025855039024,298.888106354732
4.89,60,0,2779.40947927979,50.3867406151753,3,1.06081236653503,1.06081236653503,279.67623338642,296.684007002252
4.9,60,0,2777.89993391449,50.4377781244104,3,1.0585141219845,1.0585141219845,278.601102240222,294.903201121723
4.91,60,0,2776.85770805904,50.4884966253864,3,1.05647193562055,1.05647193562055,277.709805576122,293.392615837811
4.92,60,0,2776.19979429896,50.5389428217524,3,1.05464143656713,1.05464143656713,276.969086576471,292.103075351695
4.93,60,0,2775.85812679483,50.5891549536079,3,1.05298602578342,1.05298602578342,276.351901778422,290.994690771351
4.94,60,0,2775.77681420797,50.6391643854288,3,1.05147550263638,1.05147550263638,275.836200677604,290.035007752794
4.95,60,0,2775.90990875582,50.6889968804328,3,1.05008493763847,1.05008493763847,275.403963141868,289.197553461215
4.96,60,0,2776.21960030739,50.7386736280413,3,1.04879374618622,1.04879374618622,275.040434790973,288.460687957111
4.97,60,0,2776.6747496032,50.788212075524,3,1.04758492674699,1.04758492674699,274.733515926913,287.806690157238
4.98,60,0,2777.24969353204,50.8376266033717,3,1.0464444338078,1.0464444338078,274.473270631655,287.221026281516
4.99,60,0,2777.92326967975,50.8869290752925,3,1.0453606614081,1.0453606614081,274.251530647743,286.691761470109
5,60,0,2778.67801830756,50.9361292871579,3,1.04432401751785,1.02432401751785,274.061574533668,280.727853073593
5.01,60,0,2779.49739323871,50.9841922094535,3,1.04335598531918,1.02335598531918,273.907044375116,280.304413282362
5.02,60,0,2780.37214687296,51.0321712327459,3,1.04251729175693,1.02251729175693,273.742862656019,279.906810560823
5.03,60,0,2781.30739139555,51.0800714562317,3,1.04176744690543,1.02176744690543,273.584970188144,279.540216500837
5.04,60,0,2782.29299692071,51.1278988532349,3,1.04104245337943,1.02104245337943,273.448532790172,279.202560793083
5.05,60,0,2783.31936342272,51.1756584224528,3,1.04033789893262,1.02033789893262,273.329594981583,278.888544659612
5.06,60,0,2784.37866454488,51.2233542490866,3,1.03965018348264,1.01965018348264,273.224936830548,278.593856971302
5.07,60,0,2785.46451826713,51.2709896749244,3,1.03897636906222,1.01897636906222,273.131935971945,278.314988391629
5.08,60,0,2786.57171920787,51.3185674364729,3,1.03831405760621,1.01831405760621,273.048455862431,278.049081012381
5.09,60,0,2787.69602088434,51.3660897772222,3,1.03766129138197,1.01766129138197,272.972755175058,277.793806543544
5.1,60,0,2788.83395851033,51.4135585389442,3,1.0370164718471,1.0170164718471,272.903414260484,277.547267526224
5.11,60,0,2789.9827047165,51.4609752359795,3,1.0363782935087,1.0163782935087,272.839275409595,277.307917142954
5.12,60,0,2791.13995202854,51.5083411157104,3,1.03574568999964,1.01574568999964,272.77939429273,277.074494073554
5.13,60,0,2792.30381710711,51.5556572078076,3,1.03511779010661,1.01511779010661,272.723000460497,276.845969538704
5.14,60,0,2793.47276269549,51.6029243643485,3,1.03449388190695,1.01449388190695,272.669465198648,276.621504226869
5.15,60,0,2794.64553398317,51.6501432925094,3,1.03387338351418,1.01387338351418,272.618275356207,276.400413243197
5.16,60,0,2795.82110671009,51.6973145812128,3,1.0332558192105,1.0132558192105,272.569012028688,276.182137574525
5.17,60,0,2796.99864483596,51.7444387228528,3,1.03264079997157,1.01264079997157,272.521333189932,275.966220850772
5.18,60,0,2798.17746600486,51.791516131012,3,1.03202800757284,1.01202800757284,272.474959536958,275.752290413678
5.19,60,0,2799.35701336428,51.8385471549118,3,1.03141718161709,1.01141718161709,272.429662950402,275.540041890191
5.2,60,0,2800.53683256554,51.885532091201,3,1.03080810894484,1.01080810894484,272.385257085039,275.329226618582
5.21,60,0,2801.71655298975,51.9324711935745,3,1.03020061498876,1.01020061498876,272.341589695535,275.119641397445
5.22,60,0,2802.89587242081,51.9793646806224,3,1.02959455671442,1.00959455671442,272.298536376224,274.911120126739
5.23,60,0,2804.07454453062,52.0262127422364,3,1.02898981685548,1.00898981685548,272.255995453448,274.70352699038
5.24,60,0,2805.25236865914,52.0730155448401,3,1.02838629920545,1.00838629920545,272.213883817543,274.496750895114
5.25,60,0,2806.43156545321,52.1197720883823,3,1.02777069123281,1.00777069123281,272.145560571805,274.260319693388
5.26,60,0,2807.63426349336,52.1664718399199,3,1.02714259003589,1.00714259003589,272.03961431198,273.982681750533
5.27,60,0,2808.86150304371,52.2131145101218,3,1.0265282533801,1.0065282533801,271.945992868785,273.721325215935
5.28,60,0,2810.10789982242,52.259702882076,3,1.02592502851223,1.00592502851223,271.862192971089,273.472984215841
5.29,60,0,2811.36916876548,52.3062391822061,3,1.02533080308558,1.00533080308558,271.786224480242,273.235063324321
5.3,60,0,2812.64189892551,52.3527251944611,3,1.02474389466838,1.00474389466838,271.716504620911,273.005499098494
5.31,60,0,2813.92337470146,52.3991623509491,3,1.02416296292587,1.00416296292587,271.65177418484,272.782650449519
5.32,60,0,2815.21143379526,52.44555180391,3,1.02358693980182,1.00358693980182,271.591031088583,272.565211767812
5.33,60,0,2816.5043543034,52.4918944828956,3,1.02301497399488,1.00301497399488,271.533477655231,272.352144029101
5.34,60,0,2817.80076493506,52.5381911402164,3,1.02244638679195,1.00244638679195,271.478478761168,272.142620125907
5.35,60,0,2819.09957359696,52.5844423870734,3,1.0218806369273,1.0018806369273,271.425528592251,271.935981464334
5.36,60,0,2820.39991057144,52.6306487222942,3,1.02131729261702,1.00131729261702,271.374224227166,271.731703489189
5.37,60,0,2821.70108329389,52.6768105551935,3,1.02075600929895,1.00075600929895,271.324244638103,271.529368290079
5.38,60,0,2823.00254035315,52.7229282237626,3,1.02019651191084,1.00019651191084,271.275333992326,271.328642826573
5.39,60,0,2824.30384282754,52.769002009148,3,1.01963858077874,0.999638580778744,271.227288369892,271.129261614546
5.4,60,0,2825.60464145693,52.8150321471763,3,1.01908204037813,0.999082040378132,271.179945195834,270.931012955884
5.41,60,0,2826.90465845915,52.8610188375315,3,1.01852675038151,0.998526750381507,271.133174830011,270.733727983632
5.42,60,0,2828.203673043,52.9069622510633,3,1.01797259852597,0.99797259852597,271.086873872601,270.537271944921
5.43,60,0,2829.50150986439,52.9528625356094,3,1.0174194949299,0.997419494929896,271.0409598341,270.341537263043
5.44,60,0,2830.79802982596,52.9987198206328,3,1.01686736756353,0.996867367563525,270.995366890888,270.146438014431
5.45,60,0,2832.09312274335,53.0445342209182,3,1.0163161586386,0.996316158638596,270.950042504595,269.951905531143
5.46,60,0,2833.38670149826,53.0903058395172,3,1.0157658217301,0.9957658217301,270.904944729002,269.757884898822
5.47,60,0,2834.67869737623,53.1360347700965,3,1.01521631948131,0.995216319481314,270.860040064254,269.564332167309
5.48,60,0,2835.96905634844,53.1817210988091,3,1.01466762177363,0.994667621773627,270.815301746877,269.371212128474
5.49,60,0,2837.25773610594,53.2273649057877,3,1.01411970426681,0.994119704266806,270.770708386843,269.178496545642
5.5,60,0,2838.54470369363,53.2729662663346,3,1.01357254723453,0.993572547234525,270.726242881085,268.986162742592
5.51,60,0,2839.82993362253,53.3185252518712,3,1.01302613463531,0.993026134635312,270.68189154724,268.79419247893
5.52,60,0,2841.11340636321,53.3640419306958,3,1.01248045337118,0.992480453371182,270.637643432869,268.602571053562
5.53,60,0,2842.3950430573,53.4095165338748,3,1.01195966113888,0.99195966113888,270.594723138663,268.419049870597
5.54,60,0,2843.67221423326,53.4549564391952,3,1.0116185625596,0.991618562559595,270.560017305789,268.292335446866
5.55,60,0,2844.94384409212,53.5003662568036,3,1.01127659165138,0.991276591651384,270.523585676639,268.16369797085
5.56,60,0,2846.21072266347,53.5457456597396,3,1.01093398901538,0.990933989015379,270.485777206145,268.033550178811
5.57,60,0,2847.47348539225,53.5910943917475,3,1.01059094785226,0.990590947852263,270.446872120322,267.902223397349
5.58,60,0,2848.73264356298,53.6364122533323,3,1.01024762329707,0.990247623297066,270.407095473815,267.769983615608
5.59,60,0,2849.98860872444,53.6816990905691,3,1.00990413991178,0.98990413991178,270.366628029305,267.637044380197
5.6,60,0,2851.24171229988,53.7269547861207,3,1.00956059770007,0.989560597700069,270.325614988157,267.50357714132
5.61,60,0,2852.49222133321,53.7721792520261,3,1.00921707693616,0.989217076936163,270.284172997173,267.369719554372
5.62,60,0,2853.74035113404,53.8173724239118,3,1.00887364204223,0.988873642042234,270.242395772239,267.235582141513
5.63,60,0,2854.98627543337,53.8625342563435,3,1.00853034470213,0.988530344702129,270.200358612315,267.10125363767
5.64,60,0,2856.23013454113,53.907664719093,3,1.00818722636219,0.98818722636219,270.158122023066,266.966805281192
5.65,60,0,2857.47204189933,53.952763794141,3,1.00784432024008,0.987844320240078,270.115734626072,266.832294257842
5.66,60,0,2858.71208934715,53.997831473269,3,1.00750165293859,0.987501652938594,270.073235494724,266.697766465515
5.67,60,0,2859.95035135162,54.0428677561252,3,1.00715924574235,0.987159245742353,270.030656030016,266.563258733903
5.68,60,0,2861.18688840761,54.0878726486704,3,1.00681711565976,0.986817115659765,269.988021467035,266.428800606786
5.69,60,0,2862.42174977054,54.1328461619294,3,1.00647527626047,0.98647527626047,269.945352085017,266.294415773297
5.7,60,0,2863.65497565311,54.1777883109877,3,1.00613373834847,0.986133738348469,269.902664179409,266.160123217452
5.71,60,0,2864.88659899134,54.2226991141849,3,1.00579251050326,0.985792510503256,269.859970842856,266.025938141514
5.72,60,0,2866.11664686462,54.2675785924668,3,1.00545159951489,0.985451599514893,269.817282592752,265.891872707789
5.73,60,0,2867.34514163769,54.3124267688638,3,1.00511101073387,0.985111010733875,269.774607875558,265.757936634625
5.74,60,0,2868.5721018791,54.3572436680724,3,1.00477074835249,0.984770748352489,269.73195347215,265.624137675348
5.75,60,0,2869.79754309999,54.402029316118,3,1.00443081563113,0.984430815631132,269.689324823657,265.490482003162
5.76,60,0,2871.02147834851,54.4467837400842,3,1.00409121508036,0.984091215080361,269.646726293422,265.356974520535
5.77,60,0,2872.24391868802,54.4915069678949,3,1.00375194860737,0.983751948607373,269.60416137763,265.2236191079
5.78,60,0,2873.46487358195,54.5361990281387,3,1.00341301763386,0.983413017633862,269.561632874696,265.090418823617
5.79,60,0,2874.68435120355,54.5808599499284,3,1.00307442319087,0.983074423190871,269.5191430215,264.957376064759
5.8,60,0,2875.9023586852,54.6254897627876,3,1.00273616599513,0.982736165995128,269.476693602964,264.82449269642
5.81,60,0,2877.11890231913,54.670088496559,3,1.00239824651051,0.982398246510509,269.434286040213,264.691770155717
5.82,60,0,2878.33398771905,54.7146561813313,3,1.0020606649975,0.982060664997503,269.391921461513,264.559209535449
5.83,60,0,2879.57113841545,54.7591889465307,3,1.002,0.982,269.227254117778,264.381163543658
5.84,60,0,2880.86585853863,54.8036830692424,3,1.002,0.982,269.06716625934,264.223957266672
5.85,60,0,2882.20460704032,54.8481440510801,3,1.002,0.982,268.933520782837,264.092717408745
5.86,60,0,2883.57626237104,54.8925762029938,3,1.002,0.982,268.819793840985,263.981037551847
5.87,60,0,2884.9724486573,54.9369827727743,3,1.002,0.982,268.721081514065,263.884102046812
5.88,60,0,2886.38685489267,54.9813662087564,3,1.002,0.982,268.63369485703,263.798288349604
5.89,60,0,2887.81472396709,55.0257283577076,3,1.002,0.982,268.554857174272,263.720869745135
5.9,60,0,2889.25246879442,55.0700706134755,3,1.002,0.982,268.482477329179,263.649792737254
5.91,60,0,2890.69738369579,55.1143940287375,3,1.002,0.982,268.414979761388,263.583510125683
5.92,60,0,2892.14742725884,55.1586993990676,3,1.002,0.982,268.351176887876,263.520855703894
5.93,60,0,2893.601058881,55.2029873262135,3,1.002,0.982,268.290173235534,263.460950117294
5.94,60,0,2895.05711566515,55.2472582657494,3,1.002,0.982,268.231293361947,263.403130081432
5.95,60,0,2896.51471966688,55.2915125629767,3,1.002,0.982,268.174027628703,263.346895131387
5.96,60,0,2897.97320798364,55.3357504799824,3,1.002,0.982,268.117991384323,263.291867539405
5.97,60,0,2899.43208004225,55.3799722160392,3,1.002,0.982,268.062894226878,263.237762130794
5.98,60,0,2900.89095784132,55.4241779229908,3,1.002,0.982,268.008516847854,263.184363544593
5.99,60,0,2902.34955595559,55.46836771686,3,1.002,0.982,267.954693581035,263.131509096576
6,60,0,2903.80765889878,55.5125416866068,3,1.002,0.982,267.901299246473,263.079075860037
6.01,60,0,2905.26510403518,55.556699900741,3,1.002,0.982,267.848239229346,263.026970923218
6.02,60,0,2906.72176867626,55.6008424123145,3,1.002,0.982,267.795441996082,262.975124040152
6.03,60,0,2908.17756033504,55.6449692626911,3,1.002,0.982,267.742853447418,262.923482085365
6.04,60,0,2909.63240936339,55.6890804843951,3,1.002,0.982,267.69043265636,262.872004868545
6.05,60,0,2911.08626338829,55.7331761032636,3,1.002,0.982,267.638148650533,262.820661974824
6.06,60,0,2912.53908310649,55.7772561400732,3,1.002,0.982,267.585977982404,262.76943037872
6.07,60,0,2913.99083910505,55.8213206117693,3,1.002,0.982,267.533902893958,262.718292641867
6.08,60,0,2915.44150945695,55.865369532397,3,1.002,0.982,267.481909930081,262.667235551339
6.09,60,0,2916.89107790243,55.9094029138033,3,1.002,0.982,267.429988890657,262.616249090626
6.1,60,0,2918.33953247295,55.9534207661704,3,1.002,0.982,267.378132038479,262.565325661786
6.11,60,0,2919.78686444991,55.9974230984175,3,1.002,0.982,267.326333500344,262.514459497338
6.12,60,0,2921.2330675764,56.0414099185061,3,1.002,0.982,267.274588814143,262.463646215488
6.13,60,0,2922.67813746042,56.0853812336707,3,1.002,0.982,267.222894586243,262.41288248369
6.14,60,0,2924.1220711229,56.1293370505934,3,1.002,0.982,267.171248232264,262.362165764083
6.15,60,0,2925.56486665538,56.1732773755364,3,1.002,0.982,267.119647780889,262.311494120833
6.16,60,0,2927.00652296061,56.2172022144424,3,1.002,0.982,267.06809172536,262.260866074303
6.17,60,0,2928.44703955597,56.2611115730104,3,1.002,0.982,267.016578911024,262.210280490626
6.18,60,0,2929.88641642447,56.3050054567533,3,1.002,0.982,266.96510845018,262.159736498076
6.19,60,0,2931.32465390178,56.3488838710418,3,1.002,0.982,266.913679657561,262.109233423724
6.2,60,0,2932.76175259056,56.3927468211374,3,1.002,0.982,266.862292001458,262.058770745432
6.21,60,0,2934.19695729769,56.4365944751202,3,1.00198845840425,0.98198845840425,266.817385099405,262.011592669218
6.22,60,0,2935.62611336081,56.4804276410196,3,1.00196327117605,0.981963271176054,266.777886631475,261.966086234078
6.23,60,0,2937.04949815758,56.5242460391755,3,1.00193796013042,0.981937960130423,266.735917178326,261.918122407603
6.24,60,0,2938.46818518441,56.5680492565626,3,1.00191255774926,0.981912557749261,266.692062034972,261.868284764184
6.25,60,0,2939.88299817516,56.6118369779142,3,1.00188708893655,0.981887088936553,266.646769774176,261.817020547901
6.26,60,0,2941.29456941412,56.6556089628912,3,1.00186157278916,0.981861572789158,266.600384239038,261.764672575136
6.27,60,0,2942.70338440879,56.6993650285928,3,1.00183602395296,0.981836023952957,266.553169038782,261.711503661098
6.28,60,0,2944.10981611789,56.7431050361569,3,1.00181045366163,0.98181045366163,266.505326305789,261.657715323528
6.29,60,0,2945.51415118095,56.7868288804926,3,1.00178487053249,0.981784870532493,266.457011059814,261.603462105834
6.3,60,0,2946.91661002199,56.8305364824111,3,1.0017592811763,0.981759281176303,266.408342209594,261.548862547061
6.31,60,0,2948.31736226081,56.874227782594,3,1.00173369066464,0.981733690664635,266.359410980283,261.494007584932
6.32,60,0,2949.71653852934,56.9179027369685,3,1.00170810288814,0.981708102888141,266.310287370075,261.438966993671
6.33,60,0,2951.11423953344,56.9615613131613,3,1.00168252083124,0.981682520831245,266.261025097765,261.383794317086
6.34,60,0,2952.51054300361,57.0052034877788,3,1.00165694678279,0.981656946782794,266.211665394667,261.328530649292
6.35,60,0,2953.90550902748,57.0488292443202,3,1.00163138249763,0.981631382497634,266.16223991135,261.273207532845
6.36,60,0,2955.29918414173,57.092438571577,3,1.00160582932057,0.981605829320574,266.11277294628,261.21784918073
6.37,60,0,2956.69160447263,57.1360314624042,3,1.0015802882815,0.981580288281503,266.06328315489,261.1624741803
6.38,60,0,2958.08279814685,57.179607912777,3,1.0015547601684,0.981554760168398,266.013784860475,261.107096800212
6.39,60,0,2959.47278714262,57.2231679210668,3,1.00152924558337,0.98152924558337,265.964289059873,261.051727993054
6.4,60,0,2960.86158871134,57.2667114874853,3,1.00150374498569,0.981503744985695,265.914804195166,260.996376164693
6.41,60,0,2962.24921646955,57.3102386136575,3,1.00147825872486,0.981478258724862,265.86533674595,260.941047764714
6.42,60,0,2963.63568123792,57.3537493022931,3,1.00145278706596,0.981452787065962,265.815891683995,260.885747739681
6.43,60,0,2965.020991686,57.397243556935,3,1.00142733020919,0.98142733020919,265.766472822332,260.830479881134
6.44,60,0,2966.40515482771,57.4407213817652,3,1.00140188830483,0.981401888304833,265.717083083341,260.775247092843
6.45,60,0,2967.78817640235,57.4841827814561,3,1.00137646146479,0.981376461464794,265.667724704685,260.720051596087
6.46,60,0,2969.17006116749,57.5276277610555,3,1.00135104977145,0.981351049771446,265.618399397515,260.664895087362
6.47,60,0,2970.55081312433,57.5710563258993,3,1.00132565328444,0.981325653284443,265.569108468048,260.609778859574
6.48,60,0,2971.93043569094,57.6144684815431,3,1.00130027204596,0.981300272045958,265.519852911012,260.554703895178
6.49,60,0,2973.30893183568,57.6578642337105,3,1.00127490608471,0.981274906084712,265.470633481482,260.49967093779
6.5,60,0,2974.68630417976,57.7012435882527,3,1.00124955541908,0.981249555419077,265.421450750115,260.444680547237
6.51,60,0,2976.06255507628,57.7446065511179,3,1.00122422005946,0.981224220059456,265.372305145634,260.389733141905
6.52,60,0,2977.43768667103,57.7879531283276,3,1.00119890001013,0.981198900010126,265.323196987503,260.334829031308
6.53,60,0,2978.81170094932,57.831283325958,3,1.00117359527065,0.981173595270648,265.27412651107,260.279968441147
6.54,60,0,2980.18459977207,57.8745971501262,3,1.00114830583696,0.981148305836955,265.225093886916,260.225151532595
6.55,60,0,2981.55638490358,57.9178946069793,3,1.0011230317022,0.981123031702196,265.176099235748,260.17037841714
6.56,60,0,2982.92705803297,57.9611757026859,3,1.00109777285737,0.981097772857373,265.127142639865,260.11564916801
6.57,60,0,2984.29662079066,58.00444044343,3,1.00107252929185,0.981072529291848,265.078224151981,260.060963828975
6.58,60,0,2985.66507476112,58.0476888354058,3,1.00104730099372,0.981047300993721,265.02934380203,260.006322421119
6.59,60,0,2987.03242149267,58.0909208848138,3,1.00102208795013,0.981022087950125,264.980501602406,259.951724948063
6.6,60,0,2988.39960185683,58.1341361804638,3,1.0009907553247,0.980990755324695,264.911727731266,259.875955881465
6.61,60,0,2989.80635556451,58.1773168176594,3,1.0009189686287,0.980918968628698,264.726097298741,259.674850331381
6.62,60,0,2991.26392910973,58.2204570668175,3,1.0008519204983,0.9808519204983,264.578469940469,259.512300363611
6.63,60,0,2992.75700975423,58.263563133762,3,1.00078822742494,0.980788227424944,264.457642207607,259.376942129779
6.64,60,0,2994.27479976076,58.3066393969132,3,1.00072691381153,0.980726913811531,264.355732219684,259.260781408199
6.65,60,0,2995.80967982539,58.3496889484599,3,1.00066729126953,0.980667291269533,264.267188841683,259.158188252787
6.66,60,0,2997.35627033524,58.3927139743704,3,1.00060887379867,0.980608873798666,264.188099038898,259.065194269544
6.67,60,0,2998.91077112247,58.4357160216185,3,1.00055131811371,0.980551318113712,264.115702492276,258.97900021333
6.68,60,0,3000.47049658817,58.4786961863074,3,1.00049438162466,0.980494381624665,264.048050830308,258.89763031806
6.69,60,0,3002.03354809964,58.5216552462242,3,1.00043789282559,0.980437892825592,263.983768053681,258.819689290711
6.7,60,0,3003.59858295926,58.564593754309,3,1.00038173041467,0.980381730414668,263.921881917812,258.74419128888
6.71,60,0,3005.16465137765,58.6075121046031,3,1.00032580856278,0.980325808562776,263.861705152219,258.670439452102
6.72,60,0,3006.73108137238,58.6504105788063,3,1.000270066515,0.980270066514998,263.802751726063,258.597940981348
6.73,60,0,3008.29739746425,58.6932893791589,3,1.00021446124727,0.980214461247268,263.744677783085,258.526347239981
6.74,60,0,3009.86326322166,58.736148651678,3,1.00015896227838,0.98015896227838,263.687239955504,258.455411480837
6.75,60,0,3011.42844064115,58.7789885025815,3,1.00010354800326,0.98010354800326,263.63026592917,258.384958998223
6.76,60,0,3012.99276141921,58.8218090099049,3,1.00004820310044,0.980048203100437,263.573633650191,258.314866043522
6.77,60,0,3014.55610662648,58.864610231718,3,0.999992916698325,0.979992916698325,263.517256629937,258.245044925113
6.78,60,0,3016.11839232159,58.9073922119411,3,0.999937681077752,0.979937681077752,263.461073555787,258.175433474513
6.79,60,0,3017.67955936509,58.950154984462,3,0.999882490753582,0.979882490753582,263.405040943172,258.105987596445
6.8,60,0,3019.23956620485,58.9928985760525,3,0.99982734182444,0.97982734182444,263.349127936712,258.036675998013
6.81,60,0,3020.79838376413,59.0356230084342,3,0.999772231512109,0.979772231512109,263.293312630553,257.967476458253
6.82,60,0,3022.35599181835,59.0783282997426,3,0.999717157835165,0.979717157835165,263.237579463036,257.898373186933
6.83,60,0,3023.91237642605,59.1210144655651,3,0.999662119377637,0.979662119377637,263.181917371372,257.829354953909
6.84,60,0,3025.46752810679,59.1636815196776,3,0.999607115124984,0.979607115124984,263.126318484183,257.760413763748
6.85,60,0,3027.0214405482,59.2063294745666,3,0.999552144347749,0.979552144347749,263.070777194782,257.691543916377
6.86,60,0,3028.57410968846,59.2489583418,3,0.999497206519002,0.979497206519002,263.015289504126,257.622741341078
6.87,60,0,3030.12553306469,59.2915681322903,3,0.99944230125575,0.97944230125575,262.959852554784,257.55400312413
6.88,60,0,3031.67570935025,59.3341588564811,3,0.999387428277329,0.979387428277329,262.904464300281,257.485327173681
6.89,60,0,3033.22463802594,59.3767305244809,3,0.999332587375859,0.979332587375859,262.849123270422,257.416711981898
6.9,60,0,3034.77231914637,59.4192831461562,3,0.999277778395245,0.979277778395245,262.793828404665,257.348156456102
6.91,60,0,3036.31875317379,59.4618167311998,3,0.999223001216255,0.979223001216255,262.738578933786,257.279659798836
6.92,60,0,3037.86394085997,59.5043312891776,3,0.999168255745909,0.979168255745909,262.683374295795,257.211221422664
6.93,60,0,3039.40788316213,59.5468268295632,3,0.999113541909937,0.979113541909937,262.628214076185,257.142840889614
6.94,60,0,3040.95058118309,59.5893033617615,3,0.999058859647405,0.979058859647405,262.573097965444,257.074517868134
6.95,60,0,3042.49203612875,59.6317608951265,3,0.999004208906899,0.979004208906899,262.518025728849,257.006252102473
6.96,60,0,3044.03224927771,59.6741994389732,3,0.9989495896438,0.9789495896438,262.462997184963,256.938043390902
6.97,60,0,3045.57122195969,59.7166190025863,3,0.998895001818349,0.978895001818349,262.408012190342,256.869891570214
6.98,60,0,3047.10895554013,59.7590195952266,3,0.998840445394268,0.978840445394268,262.353070628644,256.801796504696
6.99,60,0,3048.64545140921,59.8014012261356,3,0.998785920337772,0.978785920337772,262.298172402873,256.733758078261
7,60,0,3050.18071097406,59.8437639045381,3,0.998731426616874,0.978731426616874,262.243317429854,256.665776188863
7.01,60,0,3051.71473565314,59.8861076396451,3,0.998676964200877,0.978676964200877,262.188505636298,256.597850744496
7.02,60,0,3053.2475268723,59.9284324406551,3,0.998622533060026,0.978622533060026,262.133736955991,256.529981660363
7.03,60,0,3054.77908606191,59.9707383167553,3,0.998568133165244,0.978568133165244,262.079011327799,256.462168856837
7.04,60,0,3056.30941465487,60.0130252771225,3,0.998513764487959,0.978513764487959,262.024328694233,256.394412258025
7.05,60,0,3057.83851408512,60.0552933309236,3,0.998459426999967,0.978459426999967,261.969689000437,256.326711790727
7.06,60,0,3059.36638578665,60.0975424873163,3,0.998405120673345,0.978405120673345,261.915092193454,256.259067383707
7.07,60,0,3060.89303119275,60.1397727554488,3,0.998350845480379,0.978350845480379,261.860538221715,256.191478967162
7.08,60,0,3062.4184517355,60.181984144461,3,0.998296601393523,0.978296601393523,261.806027034659,256.123946472347
7.09,60,0,3063.94264884537,60.2241766634837,3,0.99824238838536,0.978242388385359,261.751558582474,256.056469831309
7.1,60,0,3065.46562395096,60.2663503216393,3,0.998188206428577,0.978188206428577,261.697132815906,255.989048976692
7.11,60,0,3066.98737847886,60.3085051280418,3,0.998134055495952,0.978134055495952,261.642749686122,255.921683841599
7.12,60,0,3068.50791385344,60.3506410917966,3,0.998079935560341,0.978079935560341,261.588409144616,255.854374359498
7.13,60,0,3070.02723149682,60.3927582220011,3,0.998025846594664,0.978025846594664,261.534111143136,255.787120464148
7.14,60,0,3071.54992361185,60.4348551604468,3,0.998009268760846,0.978009268760846,261.444688720644,255.695328837084
7.15,60,0,3073.09498058627,60.4769266271888,3,0.99802644992701,0.97802644992701,261.338740359529,255.596200462226
7.16,60,0,3074.65796607998,60.5189747025634,3,0.998043060190467,0.978043060190467,261.248245929766,255.51203391854
7.17,60,0,3076.23279715208,60.5610017534206,3,0.998059279717031,0.978059279717031,261.168268591307,255.438048663358
7.18,60,0,3077.81533801907,60.6030093905832,3,0.998075230980614,0.978075230980614,261.095456855234,255.370999271672
7.19,60,0,3079.40277530842,60.6449987114445,3,0.998090997281461,0.978090997281461,261.027533858214,255.308680909301
7.2,60,0,3080.99319435376,60.6869704644891,3,0.998106635304096,0.978106635304096,260.9629518379,255.249594761193
7.21,60,0,3082.58529159923,60.7289251609575,3,0.998122183639705,0.978122183639705,260.900658078605,255.192721392881
7.22,60,0,3084.17817925449,60.7708631506886,3,0.998137668573485,0.978137668573485,260.839936209013,255.13736707434
7.23,60,0,3085.77125252988,60.812784673663,3,0.998153108016924,0.978153108016924,260.780298506495,255.083059493709
7.24,60,0,3087.36409935502,60.8546898950517,3,0.998168514180995,0.978168514180995,260.721412765171,255.029476939677
7.25,60,0,3088.95643895617,60.8965789290607,3,0.99818389539428,0.97818389539428,260.66305260555,254.976400183061
7.26,60,0,3090.54808004816,60.9384518551594,3,0.998199257340107,0.978199257340107,260.605063693909,254.923679764452
7.27,60,0,3092.13889236434,60.9803087291323,3,0.998214603898714,0.978214603898714,260.5473407662,254.871213744471
7.28,60,0,3093.7287872612,61.0221495906074,3,0.998229937720791,0.978229937720791,260.489811993509,254.818932563311
7.29,60,0,3095.31770449933,61.0639744681868,3,0.998245260618246,0.978245260618246,260.432428338501,254.766788733439
7.3,60,0,3096.90560323042,61.1057833829447,3,0.998260573830538,0.978260573830538,260.375156306471,254.714749819585
7.31,60,0,3098.4924558493,61.1475763508142,3,0.998275878206301,0.978275878206301,260.317973006281,254.662793655604
7.32,60,0,3100.07824379871,61.1893533842143,3,0.998291174327222,0.978291174327222,260.260862783729,254.61090508411
7.33,60,0,3101.6629547054,61.2311144931625,3,0.99830646259259,0.97830646259259,260.203814925817,254.559073733173
7.34,60,0,3103.24658042421,61.272859686033,3,0.99832174327701,0.978321743277009,260.146822094631,254.507292499594
7.35,60,0,3104.8291157018,61.3145889700756,3,0.998337016569823,0.978337016569823,260.089879258526,254.455556513792
7.36,60,0,3106.41055726339,61.35630235177,3,0.998352282602044,0.978352282602044,260.032982962412,254.403862433094
7.37,60,0,3107.99090318825,61.3979998370683,3,0.998367541464764,0.978367541464764,259.976130829357,254.35220795904
7.38,60,0,3109.57015248255,61.4396814315605,3,0.998382793221743,0.978382793221743,259.919321220039,254.300591507561
7.39,60,0,3111.14830478709,61.4813471405877,3,0.998398037918017,0.978398037918017,259.862552999972,254.249011983539
7.4,60,0,3112.72536017717,61.5229969693206,3,0.998413275585796,0.978413275585796,259.805825380328,254.197468626638
7.41,60,0,3114.30131902561,61.5646309228116,3,0.99842850624849,0.97842850624849,259.749137809046,254.145960905839
7.42,60,0,3115.87618190886,61.6062490060319,3,0.99844372992348,0.97844372992348,259.692489896317,254.094488447268
7.43,60,0,3117.44994954262,61.6478512238963,3,0.998458946624005,0.978458946624005,259.635881363557,254.043050984781
7.44,60,0,3119.02262273782,61.6894375812804,3,0.998474156360462,0.978474156360462,259.579312008475,253.991648326121
7.45,60,0,3120.59420237027,61.7310080830321,3,0.998489359141295,0.978489359141295,259.522781681128,253.940280329733
7.46,60,0,3122.16468935996,61.7725627339797,3,0.998504554973604,0.978504554973604,259.466290267513,253.888946888865
7.47,60,0,3123.7340846568,61.8141015389378,3,0.998519743863565,0.978519743863565,259.409837678316,253.837647920675
7.48,60,0,3125.30238923082,61.8556245027107,3,0.998534925816718,0.978534925816718,259.353423841193,253.786383358753
7.49,60,0,3126.86960406549,61.897131630095,3,0.998550100838162,0.978550100838162,259.297048695474,253.735153147994
7.5,60,0,3128.43573015305,61.9386229258818,3,0.998565268932693,0.978565268932693,259.240712188527,253.683957241069
7.51,60,0,3130.00076849138,61.9800983948575,3,0.998580430104897,0.978580430104897,259.184414273262,253.632795596014
7.52,60,0,3131.56472008179,62.0215580418048,3,0.998595584359211,0.978595584359211,259.128154906414,253.581668174567
7.53,60,0,3133.12758592754,62.0630018715035,3,0.998610731699971,0.978610731699971,259.071934047366,253.53057494102
7.54,60,0,3134.6893670328,62.1044298887305,3,0.99862587213144,0.97862587213144,259.015751657338,253.479515861443
7.55,60,0,3136.25006440193,62.1458420982605,3,0.99864100565783,0.97864100565783,258.959607698826,253.428490903136
7.56,60,0,3137.80967903903,62.1872385048657,3,0.998656132283316,0.978656132283316,258.903502135223,253.377500034262
7.57,60,0,3139.36821194754,62.2286191133165,3,0.998671252012046,0.978671252012046,258.847434930552,253.32654322359
7.58,60,0,3140.92566413008,62.2699839283813,3,0.998686364848147,0.978686364848147,258.791406049287,253.275620440317
7.59,60,0,3142.48203658824,62.3113329548264,3,0.99870147079573,0.97870147079573,258.735415456223,253.22473165395
7.6,60,0,3144.0373303225,62.3526661974164,3,0.998716569858896,0.978716569858896,258.679463116396,253.17387683422
7.61,60,0,3145.59154633215,62.393983660914,3,0.998731662041733,0.978731662041733,258.623548995016,253.123055951023
7.62,60,0,3147.14468561522,62.43528535008,3,0.998746747348321,0.978746747348321,258.567673057432,253.072268974385
7.63,60,0,3148.69674916849,62.4765712696737,3,0.998761825782735,0.978761825782735,258.5118352691,253.02151587443
7.64,60,0,3150.24773798742,62.5178414244523,3,0.998776897349041,0.978776897349041,258.456035595566,252.970796621362
7.65,60,0,3151.79765306616,62.5590958191713,3,0.998791962051299,0.978791962051299,258.400274002451,252.920111185452
7.66,60,0,3153.34649539755,62.6003344585847,3,0.998807019893563,0.978807019893563,258.34455045544,252.869459537032
7.67,60,0,3154.89426597308,62.6415573474445,3,0.998822070879883,0.978822070879883,258.28886492028,252.818841646483
7.68,60,0,3156.44096578292,62.6827644905009,3,0.998837115014302,0.978837115014302,258.23321736277,252.768257484235
7.69,60,0,3157.98659581591,62.7239558925026,3,0.998852152300857,0.978852152300857,258.177607748762,252.717707020762
7.7,60,0,3159.53115705955,62.7651315581963,3,0.998867182743582,0.978867182743582,258.122036044158,252.667190226582
7.71,60,0,3161.07465050002,62.8062914923272,3,0.998882206346505,0.978882206346505,258.066502214905,252.616707072251
7.72,60,0,3162.61707712213,62.8474356996387,3,0.998897223113649,0.978897223113649,258.011006226999,252.566257528368
7.73,60,0,3164.15843790941,62.8885641848724,3,0.998912233049031,0.978912233049031,257.955548046482,252.515841565568
7.74,60,0,3165.69873384404,62.9296769527683,3,0.998927236156663,0.978927236156663,257.90012763944,252.465459154528
7.75,60,0,3167.23796590686,62.9707740080646,3,0.998942232440554,0.978942232440554,257.844744972005,252.41511026596
7.76,60,0,3168.7761350774,63.0118553554978,3,0.998957221904707,0.978957221904707,257.789400010352,252.364794870616
7.77,60,0,3170.31324233388,63.0529209998027,3,0.998972204553118,0.978972204553118,257.734092720703,252.314512939284
7.78,60,0,3171.84928865318,63.0939709457125,3,0.998987180389782,0.978987180389782,257.678823069321,252.264264442792
7.79,60,0,3173.38447824186,63.1350051147466,3,0.999002143536113,0.979002143536113,257.61647829346,252.207084459522
7.8,60,0,3174.93118397595,63.1760183892105,3,0.999016735929244,0.979016735929244,257.521463449707,252.117822578254
7.81,60,0,3176.49153988705,63.2170097684146,3,0.999030896042281,0.979030896042281,257.439041218828,252.040775200735
7.82,60,0,3178.06064804773,63.2579811671627,3,0.999044765829069,0.979044765829069,257.365024726968,251.971880366407
7.83,60,0,3179.63524322384,63.2989338637121,3,0.999058439906334,0.979058439906334,257.296626646493,251.908433877678
7.84,60,0,3181.21314752937,63.3398687124101,3,0.999071981372861,0.979071981372861,257.231990101869,251.848634221521
7.85,60,0,3182.79290769427,63.3807862851197,3,0.999085432329635,0.979085432329635,257.169877329757,251.791280527564
7.86,60,0,3184.37355360984,63.4216869653551,3,0.999098820880969,0.979098820880969,257.109462808821,251.735571873456
7.87,60,0,3185.95443749769,63.4625710109827,3,0.999112165796619,0.979112165796619,257.050195681758,251.680973812411
7.88,60,0,3187.53512671928,63.5034385960076,3,0.999125479618045,0.979125479618045,256.991708192233,251.62712954158
7.89,60,0,3189.11533229818,63.5442898384368,3,0.99913877072909,0.97913877072909,256.933754707711,251.573800743318
7.9,60,0,3190.69486123304,63.5851248188684,3,0.999152044737004,0.979152044737004,256.876171088319,251.52082816534
7.91,60,0,3192.27358466787,63.6259435928979,3,0.99916530539392,0.97916530539392,256.818847598901,251.468105340092
7.92,60,0,3193.85141663692,63.6667461994035,3,0.999178555211983,0.979178555211983,256.761710841298,251.415561055339
7.93,60,0,3195.42829986488,63.70753266608,3,0.999191795874159,0.979191795874158,256.704711697517,251.363147656449
7.94,60,0,3197.00419627618,63.7483030131385,3,0.999205028508701,0.979205028508701,256.647817280441,251.31083323679
7.95,60,0,3198.57908064917,63.7890572557788,3,0.999218253872616,0.979218253872616,256.591005557651,251.258596421581
7.96,60,0,3200.15318687544,63.8297954058444,3,0.999231465411124,0.979231465411124,256.534467052112,251.206622099901
7.97,60,0,3201.736227834,63.8705180850728,3,0.999244390263916,0.979244390263916,256.486131330033,251.162605285429
7.98,60,0,3203.33142107544,63.9112272871838,3,0.999256940905779,0.979256940905779,256.448538067313,251.129010887556
7.99,60,0,3204.93466782851,63.9519246593003,3,0.999269235522279,0.979269235522279,256.418251640318,251.102505257774
8,60,0,3206.54318036862,63.9926113211615,3,0.999281354473848,0.979281354473848,256.392938178895,251.080823777358
8.01,60,0,3208.15506183943,64.0332880341461,3,0.999293352425544,0.979293352425544,256.371011351391,251.06242717103
8.02,60,0,3209.7690210582,64.0739553159967,3,0.999305266578355,0.979305266578355,256.351392395231,251.046268667344
8.03,60,0,3211.38417881361,64.1146135187385,3,0.999317122258369,0.979317122258369,256.333347386952,251.031636101845
8.04,60,0,3212.99993623151,64.1552628816311,3,0.999328936713864,0.979328936713864,256.316376805285,251.01804475907
8.05,60,0,3214.6158852768,64.1959035671698,3,0.999340721696121,0.979340721696121,256.300140535479,251.005164602833
8.06,60,0,3216.23174787677,64.2365356855738,3,0.999352485214289,0.979352485214289,256.284406913617,250.992770832521
8.07,60,0,3217.8473344961,64.27715931145,3,0.999364232729105,0.979364232729105,256.269018088405,250.980710272392
8.08,60,0,3219.46251593731,64.3177744951362,3,0.999375967965215,0.979375967965215,256.253866464937,250.968878513927
8.09,60,0,3221.07720413719,64.3583812704261,3,0.999387693464149,0.979387693464149,256.238878678507,250.957204364782
8.1,60,0,3222.69133908473,64.3989796598313,3,0.999399410960892,0.979399410960892,256.224004687231,250.945639264715
8.11,60,0,3224.30487990608,64.4395696781677,3,0.999411121640404,0.979411121640404,256.209210345816,250.934150079398
8.12,60,0,3225.91779878707,64.4801513350003,3,0.999422826312433,0.979422826312432,256.19447234762,250.922714192329
8.13,60,0,3227.5300768288,64.5207246363098,3,0.999434525530675,0.979434525530675,256.179774778567,250.911316160801
8.14,60,0,3229.14170122039,64.5612895856305,3,0.999446219674041,0.979446219674041,256.165106768408,250.899945436714
8.15,60,0,3230.75266330971,64.6018461848257,3,0.999457909002084,0.979457909002084,256.150460889384,250.888594812637
8.16,60,0,3232.36295728641,64.642394434618,3,0.999469593692826,0.979469593692826,256.13583206407,250.877259361969
8.17,60,0,3233.97257928255,64.6829343349509,3,0.999481273868573,0.979481273868573,256.121216820243,250.865935715861
8.18,60,0,3235.58152675835,64.7234658852357,3,0.999492949613551,0.979492949613551,256.106612782354,250.854621569724
8.19,60,0,3237.1897980824,64.7639890845206,3,0.999504620985947,0.979504620985946,256.092018324345,250.843315346314
8.2,60,0,3238.79739224476,64.8045039316059,3,0.999516288026132,0.979516288026132,256.077432332546,250.832015965638
8.21,60,0,3240.40430866075,64.8450104251231,3,0.999527950762294,0.979527950762294,256.062854043697,250.820722687767
8.22,60,0,3242.01054703677,64.8855085635888,3,0.999539609214275,0.979539609214275,256.048282934256,250.809435005408
8.23,60,0,3243.6161072785,64.9259983454416,3,0.999551263396207,0.979551263396207,256.033718644723,250.798152570468
8.24,60,0,3245.22098942805,64.9664797690674,3,0.999562913318309,0.979562913318309,256.019160927896,250.786875143839
8.25,60,0,3246.82519362094,65.0069528328168,3,0.999574558988118,0.979574558988118,256.004609613469,250.77560256104
8.26,60,0,3248.42872005661,65.0474175350167,3,0.999586200411334,0.979586200411333,255.990064583813,250.76433470871
8.27,60,0,3250.03156897827,65.0878738739789,3,0.999597837592394,0.979597837592394,255.975525757395,250.75307150852
8.28,60,0,3251.63374065906,65.1283218480049,3,0.999609470534874,0.979609470534874,255.96099307742,250.741812906152
8.29,60,0,3253.23523539253,65.1687614553907,3,0.999621099241754,0.979621099241754,255.946466504062,250.730558863752
8.3,60,0,3254.83605348618,65.2091926944284,3,0.999632723715605,0.979632723715605,255.931946009129,250.719309354758
8.31,60,0,3256.43619525697,65.2496155634087,3,0.999644343958718,0.979644343958718,255.917431572416,250.708064360359
8.32,60,0,3258.03566102827,65.290030060622,3,0.999655959973194,0.979655959973194,255.902923179196,250.696823867061
8.33,60,0,3259.63445112774,65.3304361843589,3,0.999667571760996,0.979667571760996,255.888420818507,250.685587865022
8.34,60,0,3261.23256588594,65.3708339329114,3,0.999679179323999,0.979679179323999,255.873924481972,250.674356346909
8.35,60,0,3262.83000563526,65.4112233045726,3,0.999690782664011,0.979690782664011,255.859434162991,250.663129307112
8.36,60,0,3264.42677070932,65.4516042976375,3,0.999702381782799,0.979702381782799,255.844949856185,250.651906741205
8.37,60,0,3266.02286144243,65.4919769104029,3,0.999713976682096,0.979713976682096,255.830471557015,250.640688645579
8.38,60,0,3267.61827816933,65.5323411411676,3,0.999725567363616,0.979725567363616,255.815999261522,250.629475017185
8.39,60,0,3269.21302122493,65.5726969882328,3,0.999737153829056,0.979737153829056,255.801532966145,250.61826585336
8.4,60,0,3270.80709094416,65.6130444499015,3,0.999748736080102,0.979748736080102,255.787072667595,250.607061151705
8.41,60,0,3272.4004876619,65.6533835244791,3,0.999760314118433,0.979760314118433,255.772618362777,250.595860910008
8.42,60,0,3273.99321171287,65.6937142102732,3,0.99977188794572,0.97977188794572,255.758170048724,250.584665126181
8.43,60,0,3275.58526343159,65.7340365055938,3,0.999783457563631,0.979783457563631,255.743727722563,250.573473798225
8.44,60,0,3277.17664315236,65.7743504087531,3,0.999795022973829,0.979795022973829,255.729291381483,250.562286924201
8.45,60,0,3278.76735120922,65.8146559180656,3,0.999806584177977,0.979806584177977,255.714861022715,250.551104502212
8.46,60,0,3280.35738793596,65.8549530318479,3,0.999818141177731,0.979818141177731,255.700436643524,250.539926530392
8.47,60,0,3281.94675366607,65.8952417484193,3,0.999829693974749,0.979829693974749,255.686018241196,250.528753006893
8.48,60,0,3283.53544873277,65.9355220661011,3,0.999841242570683,0.979841242570683,255.671605813034,250.517583929885
8.49,60,0,3285.12347346897,65.975793983217,3,0.999852786967187,0.979852786967187,255.65719935635,250.506419297545
8.5,60,0,3286.71082820732,66.0160574980931,3,0.999864327165912,0.979864327165912,255.642798868466,250.49525910806
8.51,60,0,3288.29751328013,66.0563126090577,3,0.999875863168506,0.979875863168506,255.628404346711,250.484103359621
8.52,60,0,3289.88352901946,66.0965593144414,3,0.999887394976616,0.979887394976616,255.614015788417,250.472952050424
8.53,60,0,3291.46887575704,66.1367976125771,3,0.999898922591888,0.979898922591888,255.599633190924,250.461805178668
8.54,60,0,3293.05355382432,66.1770275018002,3,0.999910446015967,0.979910446015967,255.585256551572,250.450662742556
8.55,60,0,3294.63756355243,66.2172489804482,3,0.999921965250496,0.979921965250496,255.570885867704,250.43952474029
8.56,60,0,3296.22090527222,66.2574620468611,3,0.999933480297116,0.979933480297116,255.556521136667,250.428391170077
8.57,60,0,3297.80357931424,66.297666699381,3,0.999944991157466,0.979944991157466,255.54216235581,250.417262030124
8.58,60,0,3299.38558600875,66.3378629363525,3,0.999956497833186,0.979956497833186,255.527809522486,250.40613731864
8.59,60,0,3300.96692568568,66.3780507561224,3,0.999968000325911,0.979968000325911,255.513462634046,250.395017033836
8.6,60,0,3302.54759867471,66.4182301570399,3,0.999979498637278,0.979979498637278,255.499121687846,250.383901173921
8.61,60,0,3304.1276053052,66.4584011374563,3,0.99999099276892,0.97999099276892,255.484786681245,250.372789737109
8.62,60,0,3305.7069459062,66.4985636957257,3,1.00000248272247,0.98000248272247,255.4704576116,250.361682721613
8.63,60,0,3307.28562080648,66.5387178302039,3,1.00001396849956,0.98001396849956,255.456134476273,250.35058012565
8.64,60,0,3308.86363033453,66.5788635392495,3,1.00002545010182,0.980025450101818,255.441817272629,250.339481947434
8.65,60,0,3310.44097481852,66.6190008212231,3,1.00003692753087,0.980036927530873,255.427505998031,250.328388185184
8.66,60,0,3312.01765458633,66.6591296744879,3,1.00004840078835,0.980048400788351,255.413200649848,250.317298837118
8.67,60,0,3313.59366996557,66.6992500974091,3,1.00005986987588,0.980059869875879,255.398901225448,250.306213901455
8.68,60,0,3315.16902128352,66.7393620883544,3,1.00007133479508,0.98007133479508,255.384607722202,250.295133376416
8.69,60,0,3316.74370886721,66.7794656456938,3,1.00008279554758,0.980082795547576,255.370320137482,250.284057260223
8.7,60,0,3318.31773304333,66.8195607677997,3,1.00009425213499,0.980094252134989,255.356038468664,250.272985551099
8.71,60,0,3319.89109413832,66.8596474530466,3,1.00010570455894,0.980105704558937,255.341762713123,250.261918247267
8.72,60,0,3321.4637924783,66.8997256998114,3,1.00011715282104,0.980117152821041,255.32749286824,250.250855346954
8.73,60,0,3323.03582838913,66.9397955064734,3,1.00012859692291,0.980128596922915,255.313228931393,250.239796848385
8.74,60,0,3324.60720219634,66.9798568714141,3,1.00014003686618,0.980140036866175,255.298970899965,250.228742749788
8.75,60,0,3326.17791422521,67.0199097930175,3,1.00015147265244,0.980151472652437,255.284718771339,250.217693049391
8.76,60,0,3327.7479648007,67.0599542696696,3,1.00016290428331,0.980162904283311,255.270472542901,250.206647745423
8.77,60,0,3329.3173542475,67.0999902997591,3,1.00017433176041,0.980174331760409,255.256232212041,250.195606836117
8.78,60,0,3330.88608289,67.1400178816766,3,1.00018575508534,0.980185755085342,255.241997776145,250.184570319702
8.79,60,0,3332.45415105231,67.1800370138153,3,1.00019717425972,0.980197174259716,255.227769232607,250.173538194412
8.8,60,0,3334.02155905826,67.2200476945707,3,1.00020858928514,0.98020858928514,255.213546578819,250.162510458482
8.81,60,0,3335.58830723137,67.2600499223405,3,1.00022000016322,0.980220000163218,255.199329812177,250.151487110145
8.82,60,0,3337.15439589489,67.3000436955247,3,1.00023140689556,0.980231406895555,255.185118930077,250.140468147639
8.83,60,0,3338.71982537178,67.3400290125258,3,1.00024280948375,0.980242809483754,255.170913929919,250.129453569201
8.84,60,0,3340.28459598472,67.3800058717485,3,1.00025420792942,0.980254207929415,255.156714809103,250.118443373069
8.85,60,0,3341.8487080561,67.4199742715996,3,1.00026560223414,0.98026560223414,255.142521565031,250.107437557482
8.86,60,0,3343.41216190802,67.4599342104886,3,1.00027699239953,0.980276992399526,255.128334195107,250.096436120681
8.87,60,0,3344.9749578623,67.4998856868271,3,1.00028837842717,0.980288378427171,255.114152696738,250.085439060907
8.88,60,0,3346.53709624049,67.539828699029,3,1.00029976031867,0.98029976031867,255.099977067332,250.074446376404
8.89,60,0,3348.09857736384,67.5797632455106,3,1.00031113807562,0.980311138075618,255.085807304299,250.063458065415
8.9,60,0,3349.65940155332,67.6196893246904,3,1.00032251169961,0.980322511699608,255.071643405049,250.052474126184
8.91,60,0,3351.21956912962,67.6596069349893,3,1.00033388119223,0.980333881192232,255.057485366996,250.041494556958
8.92,60,0,3352.77908041314,67.6995160748306,3,1.00034524655508,0.98034524655508,255.043333187556,250.030519355984
8.93,60,0,3354.33793572402,67.7394167426397,3,1.00035660778974,0.980356607789741,255.029186864146,250.019548521511
8.94,60,0,3355.8961353821,67.7793089368444,3,1.0003679648978,0.980367964897802,255.015046394185,250.008582051785
8.95,60,0,3357.45367970694,67.8191926558749,3,1.00037931788085,0.98037931788085,255.000911775092,249.99761994506
8.96,60,0,3359.01056901783,67.8590678981637,3,1.00039066674047,0.980390666740471,254.986783004292,249.986662199586
8.97,60,0,3360.56680363378,67.8989346621454,3,1.00040201147825,0.980402011478246,254.972660079207,249.975708813614
8.98,60,0,3362.1223838735,67.9387929462571,3,1.00041335209576,0.980413352095759,254.958542997264,249.964759785398
8.99,60,0,3363.67731005546,67.9786427489383,3,1.00042468859459,0.98042468859459,254.944431755891,249.953815113194
9,60,0,3365.23158249782,68.0184840686306,3,1.00043602097632,0.980436020976319,254.930326352518,249.942874795257
9.01,60,0,3366.78520151846,68.0583169037781,3,1.00044734924252,0.980447349242523,254.916226784576,249.931938829843
9.02,60,0,3368.33816743501,68.0981412528269,3,1.00045867339478,0.98045867339478,254.902133049498,249.92100721521
9.03,60,0,3369.8904805648,68.1379571142259,3,1.00046999343467,0.980469993434665,254.888045144719,249.910079949617
9.04,60,0,3371.4421412249,68.1777644864259,3,1.00048130936375,0.980481309363753,254.873963067676,249.899157031324
9.05,60,0,3372.99314973208,68.2175633678801,3,1.00049262118361,0.980492621183615,254.859886815809,249.888238458592
9.06,60,0,3374.54350640286,68.2573537570442,3,1.00050392889582,0.980503928895823,254.845816386556,249.877324229682
9.07,60,0,3376.09321155347,68.297135652376,3,1.00051523250195,0.980515232501948,254.831751777361,249.866414342858
9.08,60,0,3377.64226549988,68.3369090523356,3,1.00052653200356,0.980526532003558,254.817692985668,249.855508796384
9.09,60,0,3379.19066855776,68.3766739553857,3,1.00053782740222,0.980537827402221,254.803640008921,249.844607588525
9.1,60,0,3380.73842104253,68.4164303599909,3,1.0005491186995,0.980549118699502,254.78959284457,249.833710717548
9.11,60,0,3382.28552326932,68.4561782646185,3,1.00056040589697,0.980560405896967,254.775551490062,249.822818181719
9.12,60,0,3383.83197555301,68.4959176677379,3,1.00057168899618,0.980571688996178,254.761515942849,249.811929979306
9.13,60,0,3385.37777820818,68.5356485678207,3,1.0005829679987,0.980582967998699,254.747486200384,249.80104610858
9.14,60,0,3386.92293154916,68.5753709633411,3,1.00059424290609,0.98059424290609,254.733462260121,249.79016656781
9.15,60,0,3388.46743588999,68.6150848527754,3,1.00060551371991,0.98060551371991,254.719444119516,249.779291355268
9.16,60,0,3390.01129154445,68.6547902346022,3,1.00061678044172,0.980616780441718,254.705431776029,249.768420469227
9.17,60,0,3391.55449882606,68.6944871073027,3,1.00062804307307,0.98062804307307,254.691425227119,249.757553907961
9.18,60,0,3393.09705804804,68.73417546936,3,1.00063930161552,0.980639301615522,254.677424470247,249.746691669743
9.19,60,0,3394.63896952337,68.7738553192598,3,1.00065055607063,0.980650556070629,254.663429502876,249.735833752849
9.2,60,0,3396.18023356474,68.8135266554899,3,1.00066180643994,0.980661806439943,254.649440322472,249.724980155556
9.21,60,0,3397.72085048458,68.8531894765407,3,1.00067305272502,0.980673052725017,254.635456926502,249.714130876142
9.22,60,0,3399.26082059505,68.8928437809046,3,1.0006842949274,0.9806842949274,254.621479312435,249.703285912887
9.23,60,0,3400.80014420804,68.9324895670765,3,1.00069553304864,0.980695533048642,254.607507477739,249.692445264068
9.24,60,0,3402.33882163518,68.9721268335535,3,1.00070676709029,0.98070676709029,254.593541419889,249.681608927967
9.25,60,0,3403.87685318783,69.0117555788351,3,1.00071799705389,0.980717997053891,254.579581136357,249.670776902867
9.26,60,0,3405.41423917706,69.0513758014231,3,1.00072922294099,0.98072922294099,254.565626624619,249.659949187049
9.27,60,0,3406.95097991372,69.0909874998216,3,1.00074044475313,0.980740444753132,254.551677882153,249.649125778799
9.28,60,0,3408.48707570834,69.1305906725369,3,1.00075166249186,0.980751662491858,254.537734906437,249.6383066764
9.29,60,0,3410.02252687124,69.1701853180777,3,1.00076287615871,0.980762876158711,254.523797694953,249.62749187814
9.3,60,0,3411.55733371242,69.2097714349551,3,1.00077408575523,0.98077408575523,254.509866245182,249.616681382304
9.31,60,0,3413.09149654167,69.2493490216823,3,1.00078529128295,0.980785291282954,254.495940554609,249.605875187181
9.32,60,0,3414.62501566846,69.2889180767751,3,1.00079649274342,0.980796492743421,254.482020620719,249.59507329106
9.33,60,0,3416.15789140204,69.3284785987512,3,1.00080769013817,0.980807690138167,254.468106441001,249.584275692231
9.34,60,0,3417.69012405137,69.3680305861311,3,1.00081888346873,0.980818883468727,254.454198012944,249.573482388986
9.35,60,0,3419.22171392516,69.4075740374371,3,1.00083007273664,0.980830072736635,254.440295334039,249.562693379616
9.36,60,0,3420.75266133187,69.4471089511942,3,1.00084125794342,0.980841257943424,254.426398401778,249.551908662415
9.37,60,0,3422.28296657966,69.4866353259295,3,1.00085243909062,0.980852439090624,254.412507213657,249.541128235676
9.38,60,0,3423.81262997645,69.5261531601726,3,1.00086361617977,0.980863616179766,254.398621767171,249.530352097695
9.39,60,0,3425.34165182992,69.5656624524551,3,1.00087478921238,0.980874789212378,254.384742059818,249.519580246769
9.4,60,0,3426.87003244745,69.6051632013112,3,1.00088595818999,0.980885958189988,254.370868089098,249.508812681194
9.41,60,0,3428.39777213618,69.6446554052773,3,1.00089712311412,0.980897123114122,254.356999852512,249.498049399269
9.42,60,0,3429.924871203,69.684139062892,3,1.00090828398631,0.980908283986305,254.343137347564,249.487290399292
9.43,60,0,3431.4513299545,69.7236141726964,3,1.00091944080806,0.980919440808061,254.329280571757,249.476535679565
9.44,60,0,3432.97714869706,69.7630807332338,3,1.00093059358091,0.980930593580912,254.315429522599,249.465785238388
9.45,60,0,3434.50232773677,69.8025387430498,3,1.00094174230638,0.98094174230638,254.301584197598,249.455039074064
9.46,60,0,3436.02686737948,69.8419882006923,3,1.00095288698598,0.980952886985984,254.287744594262,249.444297184895
9.47,60,0,3437.55076793076,69.8814291047115,3,1.00096402762124,0.980964027621244,254.273910710104,249.433559569188
9.48,60,0,3439.07402969593,69.9208614536601,3,1.00097516421368,0.980975164213676,254.260082542636,249.422826225245
9.49,60,0,3440.59665298007,69.9602852460929,3,1.0009862967648,0.980986296764797,254.246260089375,249.412097151375
9.5,60,0,3442.11863808799,69.9997004805669,3,1.00099742527612,0.980997425276123,254.232443347836,249.401372345884
9.51,60,0,3443.65592915902,70.0391005083899,3,1.00100405751255,0.981004057512553,254.13094122478,249.303484480993
9.52,60,0,3445.2345719616,70.07847434394,3,1.0010088281892,0.981008828189197,254.042822161581,249.218251278609
9.53,60,0,3446.83907944974,70.117828267165,3,1.00101323614814,0.98101323614814,253.983014847389,249.160699322098
9.54,60,0,3448.45918828254,70.1571664475529,3,1.00101742148847,0.981017421488467,253.940531044367,249.120084976557
9.55,60,0,3450.08861692605,70.1964914365577,3,1.00102146993034,0.98102146993034,253.90865653687,249.089843463838
9.56,60,0,3451.72351809996,70.2358047964686,3,1.00102543395835,0.981025433958352,253.883284533435,249.065959384185
9.57,60,0,3453.36153402961,70.2751074843165,3,1.0010293457268,0.9810293457268,253.861901103593,249.04597474462
9.58,60,0,3455.00121901711,70.3144000865148,3,1.00103322494531,0.98103322494531,253.84296636448,249.028383922229
9.59,60,0,3456.64168620235,70.3536829623988,3,1.00103708370131,0.98103708370131,253.825536539035,249.012264135175
9.6,60,0,3458.28239131606,70.3929563320969,4,1.37273901444579,1.35273901444579,553.100893623195,748.201157728925
9.61,60,0,3336.1199999637,70.475469000602,4,1.33618226968984,1.31618226968984,502.386585608841,661.232316508373
9.62,60,0,3234.9502775536,70.5480611157067,4,1.3037549427219,1.2837549427219,462.440785968059,593.660644702697
9.63,60,0,3150.64546831052,70.6128829648876,4,1.27507723939312,1.25507723939312,430.561213866539,540.387579689366
9.64,60,0,3080.5627247555,70.671562189922,4,1.24989076096482,1.22989076096482,404.677783289245,497.709466835167
9.65,60,0,3022.55923556138,70.7251515015902,4,1.22772961747298,1.20772961747298,382.469559812084,461.919815166907
9.66,60,0,2974.51921355488,70.7746035154596,4,1.20863838021726,1.18863838021726,364.624533165128,433.406714488873
9.67,60,0,2934.54433761006,70.8207402275168,4,1.19219355453984,1.17219355453984,350.145892018213,410.438757772351
9.68,60,0,2901.15383945753,70.8641929927896,4,1.17802805399662,1.15802805399662,338.303108599864,391.764490512907
9.69,60,0,2873.17716566316,70.9054540055085,4,1.16582405783574,1.14582405783574,328.550291822023,376.460828578628
9.7,60,0,2849.67843699372,70.9449119139569,4,1.15530674321954,1.13530674321954,320.472513596364,363.834605702468
9.71,60,0,2829.90213010224,70.9828770070023,4,1.14623876347231,1.12623876347231,313.749637212887,353.357003454528
9.72,60,0,2813.23326267573,71.0195993803975,4,1.13841538014248,1.11841538014248,308.131392638858,344.61888863202
9.73,60,0,2799.16770329754,71.0552822746375,4,1.13166017637802,1.11166017637802,303.419853578397,337.299767945555
9.74,60,0,2787.28968656666,71.0900920266686,4,1.12582129018495,1.10582129018495,299.456891443904,331.145806051272
9.75,60,0,2777.25454647597,71.1241656044253,4,1.12076811295356,1.10076811295356,296.115041592523,325.953995550966
9.76,60,0,2768.77529009761,71.1576163875639,4,1.11638840348437,1.09638840348437,293.290751088569,321.560578342727
9.77,60,0,2761.61203941883,71.1905386564442,4,1.11258577176095,1.09258577176095,290.899316058586,317.832453740602
9.78,60,0,2755.56364449483,71.2230111163588,4,1.10927749041817,1.08927749041817,288.871036068793,314.660717223513
9.79,60,0,2750.46096102224,71.2550996918719,4,1.10639259543998,1.08639259543998,287.148257608832,311.955740859727
9.8,60,0,2746.16141850117,71.2868597623027,4,1.10387024113301,1.08387024113301,285.683075767947,309.643384220223
9.81,60,0,2742.54459971923,71.318337964532,4,1.10165827783937,1.08165827783937,284.435529248746,307.66204472353
9.82,60,0,2739.50862040251,71.3495736573591,4,1.09971202412944,1.07971202412944,283.372169496714,305.960338709249
9.83,60,0,2736.96714756117,71.3806001185945,4,1.09799320831162,1.07799320831162,282.464916667894,304.495261754299
9.84,60,0,2734.84693173176,71.4114455292536,4,1.09646905697959,1.07646905697959,281.690137798568,303.230716996476
9.85,60,0,2733.09371896543,71.44213124316,4,1.09510404196295,1.07510404196295,280.974355808138,302.076665617266
9.86,60,0,2731.67769996268,71.4726703479266,4,1.09389224057809,1.07389224057809,280.34444640326,301.059725681621
9.87,60,0,2730.5469303743,71.5030825918948,4,1.09281552228474,1.07281552228474,279.81209507529,300.186758919784
9.88,60,0,2729.6562424927,71.5333850382838,4,1.09185283772119,1.07185283772119,279.361663269419,299.434591525838
9.89,60,0,2728.96768684771,71.5635920103483,4,1.09098642606722,1.07098642606722,278.980070888815,298.783869065193
9.9,60,0,2728.44935776991,71.5937155412276,4,1.09020130108857,1.07020130108857,278.656363268768,298.218402526844
9.91,60,0,2728.07441592907,71.6237657472571,4,1.08948481751429,1.06948481751429,278.381355499739,297.724633186018
9.92,60,0,2727.82027315615,71.6537511385165,4,1.08882630519356,1.06882630519356,278.147339165309,297.291192819479
9.93,60,0,2727.66791142499,71.6836788777021,4,1.08821676043918,1.06821676043918,277.947839741566,296.908540939805
9.94,60,0,2727.60131307197,71.7135549963031,4,1.08764858561937,1.06764858561937,277.777415332542,296.568664596792
9.95,60,0,2727.6069834824,71.7433845753994,4,1.08711536945605,1.06711536945605,277.631489287919,296.264829264111
9.96,60,0,2727.67355080833,71.7731718970636,4,1.08661170166601,1.06661170166601,277.506210705036,295.991371622985
9.97,60,0,2727.79142997873,71.802920571288,4,1.08613301657569,1.06613301657569,277.398337959559,295.743526841909
9.98,60,0,2727.95254045612,71.8326336424916,4,1.08567546117982,1.06567546117982,277.305141312601,295.51728435584
9.99,60,0,2728.15006898459,71.8623136789643,4,1.08523578382197,1.06523578382197,277.224321362003,295.309267260566
10,60,0,2728.37827004469,71.891962848033,4,1.08481124027291,1.06481124027291,277.153940683072,295.116631325267
10.01,60,0,2728.63229794146,71.921582979265,4,1.08439951448646,1.06439951448646,277.0923664703,294.936980338892
10.02,60,0,2728.90806545259,71.9511756176394,4,1.08399865173817,1.06399865173817,277.038222370131,294.768295081757
10.03,60,0,2729.20212479383,71.9807420682977,4,1.08360700221093,1.06360700221093,276.990348003632,294.608873681505
10.04,60,0,2729.51156734768,72.0102834342199,4,1.08322317339435,1.06322317339435,276.947764931049,294.457281494464
10.05,60,0,2729.83393917602,72.0398006479562,4,1.08284598992006,1.06284598992006,276.909648018401,294.312308966533
10.06,60,0,2730.16716981631,72.0692944983572,4,1.08247445967075,1.06247445967075,276.875301338218,294.172936185498
10.07,60,0,2730.50951226118,72.0987656530977,4,1.08210774518234,1.06210774518234,276.84413787888,294.038303049485
10.08,60,0,2730.85949235671,72.1282146776583,4,1.08174513951216,1.06174513951216,276.815662455178,293.907684152623
10.09,60,0,2731.2158661352,72.1576420513265,4,1.08138604587511,1.06138604587511,276.789457311131,293.780467635378
10.1,60,0,2731.57758383368,72.1870481806849,4,1.08102996045924,1.06102996045924,276.765169988042,293.656137368907
10.11,60,0,2731.94375954732,72.2164334109847,4,1.08067645792391,1.06067645792391,276.742503099329,293.534257944393
10.12,60,0,2732.3136456328,72.2457980357363,4,1.08032517916153,1.06032517916153,276.721205710926,293.414462023234
10.13,60,0,2732.68679355146,72.2751422286353,4,1.07997139176899,1.05997139176899,276.698082364128,293.292051463316
10.14,60,0,2733.07290547907,72.3044619003961,4,1.07956457078602,1.05956457078602,276.639184855273,293.117079163772
10.15,60,0,2733.47730767369,72.3337547109134,4,1.07916873995677,1.05916873995677,276.587724707327,292.95307186577
10.16,60,0,2733.8966482937,72.3630219482767,4,1.07878198657982,1.05878198657982,276.542371553067,292.798081526452
10.17,60,0,2734.32817617157,72.3922646722618,4,1.07840274018082,1.05840274018082,276.502034019586,292.650510471901
10.18,60,0,2734.7696329654,72.4214837553793,4,1.07802971119644,1.05802971119644,276.465816652474,292.509048148505
10.19,60,0,2735.2191647319,72.4506799165158,4,1.07766184065985,1.05766184065985,276.432984644053,292.372619357724
10.2,60,0,2735.67524940701,72.4798537485144,4,1.07729825891008,1.05729825891008,276.402934939802,292.240341869488
10.21,60,0,2736.13663732129,72.5090057407903,4,1.07693825170423,1.05693825170423,276.375172561293,292.111491701388
10.22,60,0,2736.60230239894,72.5381362978777,4,1.0765812324032,1.0565812324032,276.349291198098,291.985474667838
10.23,60,0,2737.07140211603,72.5672457546452,4,1.07622671914088,1.05622671914088,276.324957294989,291.86180306043
10.24,60,0,2737.54324464158,72.5963343887764,4,1.07587431608273,1.05587431608273,276.301897002138,291.740076529494
10.25,60,0,2738.01726187001,72.6254024310118,4,1.07552369804039,1.05552369804039,276.279885471251,291.61996640679
10.26,60,0,2738.4929872866,72.6544500735518,4,1.07517459784054,1.05517459784054,276.258738074523,291.501202847719
10.27,60,0,2738.970037798,72.683477476954,4,1.07482679595451,1.05482679595451,276.238303199989,291.383564284354
10.28,60,0,2739.4480988165,72.712484775793,4,1.07448011198346,1.05448011198346,276.218456339579,291.266868772858
10.29,60,0,2739.92691201441,72.7414720833064,4,1.07413439766681,1.05413439766681,276.199095237389,291.150966894184
10.3,60,0,2740.40626526979,72.770439495209,4,1.07378953114112,1.05378953114112,276.180135907663,291.035735928628
10.31,60,0,2740.88598441103,72.7993870928227,4,1.07344541222554,1.05344541222554,276.161509366299,290.921075075208
10.32,60,0,2741.36592643789,72.8283149456477,4,1.07310195855011,1.05310195855011,276.143158947812,290.806901528156
10.33,60,0,2741.84597395468,72.857223113472,4,1.07275910237609,1.05275910237609,276.125038102727,290.693147256589
10.34,60,0,2742.32603059861,72.8861116481043,4,1.0724167879844,1.0524167879844,276.107108589252,290.579756361161
10.35,60,0,2742.80601728513,72.9149805947968,4,1.07207496953079,1.05207496953079,276.089338988566,290.466682904171
10.36,60,0,2743.28586912423,72.9438299934134,4,1.07173360928396,1.05173360928396,276.071703485724,290.353889128212
10.37,60,0,2743.76553288751,72.9726598793889,4,1.07139267617847,1.05139267617847,276.054180868613,290.241343993707
10.38,60,0,2744.2449649277,73.0014702845172,4,1.07105214462594,1.05105214462594,276.036753705913,290.129021978182
10.39,60,0,2744.72412946964,73.0302612375981,4,1.07071199353849,1.05071199353849,276.019407672011,290.016902090373
10.4,60,0,2745.20299720636,73.0590327649686,4,1.07037220552651,1.05037220552651,276.002130992579,289.904967060692
10.41,60,0,2745.68154414575,73.0877848909401,4,1.07003276623952,1.05003276623952,275.984913989218,289.793202676475
10.42,60,0,2746.15975066299,73.1165176381562,4,1.0696936638247,1.0496936638247,275.967748705457,289.681597236085
10.43,60,0,2746.63760072214,73.1452310278876,4,1.06935488848192,1.04935488848192,275.950628599548,289.570141100594
10.44,60,0,2747.11508123648,73.1739250802739,4,1.0690164320982,1.0490164320982,275.933548292128,289.458826325605
10.45,60,0,2747.59218154293,73.2025998145225,4,1.06867828794731,1.04867828794731,275.916503358924,289.347646358844
10.46,60,0,2748.06889297027,73.2312552490721,4,1.0683404504429,1.0483404504429,275.899490160467,289.23659579179
10.47,60,0,2748.54520848426,73.2598914017261,4,1.06800291493568,1.04800291493568,275.882505702195,289.12567015566
10.48,60,0,2749.02112239599,73.2885082897638,4,1.06766567754672,1.04766567754672,275.865547519513,289.014865753829
10.49,60,0,2749.4966301223,73.3171059300303,4,1.06732873503043,1.04732873503043,275.848613583366,288.904179524164
10.5,60,0,2749.97172798876,73.3456843390112,4,1.06699208466195,1.04699208466195,275.831702222643,288.79360892594
10.51,60,0,2750.44641306788,73.3742435328939,4,1.06665572414466,1.04665572414466,275.814812060429,288.683151846932
10.52,60,0,2750.92068304597,73.4027835276173,4,1.06631965153405,1.04631965153405,275.797941961613,288.572806527083
10.53,60,0,2751.3945361139,73.431304338914,4,1.06598386517522,1.04598386517522,275.78109098984,288.462571495793
10.54,60,0,2751.86797087712,73.4598059823435,4,1.06564836365151,1.04564836365151,275.764258372135,288.352445520395
10.55,60,0,2752.34098628183,73.4882884733204,4,1.06531314574219,1.04531314574219,275.747443469828,288.242427563812
10.56,60,0,2752.81358155425,73.5167518271374,4,1.06497821038777,1.04497821038777,275.73064575466,288.132516749769
10.57,60,0,2753.28575615063,73.5451960589841,4,1.06464355666144,1.04464355666144,275.713864789143,288.022712334203
10.58,60,0,2753.75750971627,73.5736211839625,4,1.06430918374559,1.04430918374559,275.697100210422,287.913013681772
10.59,60,0,2754.22884205172,73.6020272170998,4,1.06397509091248,1.04397509091248,275.680351717002,287.803420246542
10.6,60,0,2754.69975308509,73.6304141733588,4,1.06364127750842,1.04364127750842,275.663619057847,287.693931556125
10.61,60,0,2755.17024284918,73.6587820676466,4,1.06330774294066,1.04330774294066,275.646902023414,287.584547198634
10.62,60,0,2755.64031146275,73.6871309148217,4,1.06297448666673,1.04297448666673,275.63020043828,287.475266811963
10.63,60,0,2756.10995911509,73.7154607296999,4,1.06264150818554,1.04264150818554,275.613514155089,287.36609007498
10.64,60,0,2756.57918605335,73.743771527059,4,1.06230880703018,1.04230880703018,275.596843049565,287.257016700277
10.65,60,0,2757.0479925721,73.7720633216427,4,1.06197638276192,1.04197638276192,275.580187016421,287.148046428225
10.66,60,0,2757.51637900475,73.8003361281641,4,1.06164423496532,1.04164423496532,275.563545965991,287.039179022074
10.67,60,0,2757.9843457165,73.8285899613082,4,1.06131236324416,1.04131236324416,275.546919821458,286.930414263931
10.68,60,0,2758.45187310399,73.8568248463575,4,1.06098176855866,1.04098176855866,275.53063672778,286.822369512977
10.69,60,0,2758.91763027279,73.8850415207002,4,1.06066713712755,1.04066713712755,275.519301726336,286.723882950928
10.7,60,0,2759.38081312508,73.9132404862496,4,1.06035158808592,1.04035158808592,275.507152904051,286.62430405276
10.71,60,0,2759.8417986685,73.9414216169391,4,1.06003532529141,1.04003532529141,275.494333650841,286.523838914493
10.72,60,0,2760.30089868544,73.9695848109486,4,1.05971851724223,1.03971851724223,275.480962493847,286.422657852566
10.73,60,0,2760.7583710397,73.9977299864957,4,1.05940130320688,1.03940130320688,275.467137410427,286.320901615065
10.74,60,0,2761.21442902197,74.0258570783569,4,1.05908379829034,1.03908379829034,275.452939392726,286.218686514432
10.75,60,0,2761.6692490744,74.0539660349932,4,1.0587660976216,1.0387660976216,275.438435393662,286.116108668874
10.76,60,0,2762.12297717558,74.0820568161742,4,1.0584482798148,1.0384482798148,275.423680761709,286.013247507257
10.77,60,0,2762.57573411834,74.1101293910145,4,1.05813040983025,1.03813040983025,275.40872125317,285.910168665378
10.78,60,0,2763.02761987244,74.1381837363514,4,1.0578125413394,1.0378125413394,275.393594695314,285.806926379337
10.79,60,0,2763.47871719102,74.1662198354035,4,1.05749471867986,1.03749471867986,275.378332360955,285.703565463358
10.8,60,0,2763.92909459189,74.194237676662,4,1.05717697847156,1.03717697847156,275.36296010457,285.600122944242
10.81,60,0,2764.37880882212,74.2222372529749,4,1.05685935095285,1.03685935095285,275.347499301356,285.496629412095
10.82,60,0,2764.8279068956,74.2502185607894,4,1.05654186108516,1.03654186108516,275.331967623409,285.393110136608
10.83,60,0,2765.27642777761,74.2781815995261,4,1.05622452946621,1.03622452946621,275.316379681313,285.28958598961
10.84,60,0,2765.72440377747,74.3061263710615,4,1.05590737308514,1.03590737308514,275.300747554477,285.186074207532
10.85,60,0,2766.17186170013,74.3340528793,4,1.05559040594682,1.03559040594682,275.285081229534,285.082589021596
10.86,60,0,2766.61882379822,74.3619611298207,4,1.05527363958811,1.03527363958811,275.269388962754,284.979142178667
10.87,60,0,2767.06530855937,74.389851129585,4,1.05495708350474,1.03495708350474,275.25367757964,284.875743371778
10.88,60,0,2767.51133135709,74.4177228866946,4,1.05464074550425,1.03464074550425,275.237952722615,284.772400595991
10.89,60,0,2767.95690498919,74.4455764101922,4,1.05432463199798,1.03432463199798,275.222219055797,284.669120442554
10.9,60,0,2768.40204012283,74.4734117098958,4,1.05400874824238,1.03400874824238,275.206480434299,284.565908342061
10.91,60,0,2768.84674566273,74.5012287962626,4,1.05369309853875,1.03369309853875,275.190740044206,284.462768765467
10.92,60,0,2769.29102905556,74.5290276802757,4,1.05337768639828,1.03337768639828,275.175000518322,284.35970539027
10.93,60,0,2769.73489654177,74.5568083733509,4,1.05306251467865,1.03306251467865,275.159264031865,284.256721237886
10.94,60,0,2770.1783533638,74.5845708872596,4,1.05274758569698,1.03274758569698,275.143532381605,284.153818787242
10.95,60,0,2770.62140393837,74.6123152340646,4,1.05243290132323,1.03243290132323,275.127807051303,284.051000068675
10.96,60,0,2771.06405199891,74.6400414260677,4,1.05211846305752,1.03211846305752,275.112089265822,283.948266741583
10.97,60,0,2771.50630071342,74.6677494757658,4,1.05180427209402,1.03180427209402,275.096380035884,283.845620158625
10.98,60,0,2771.94815278192,74.695439395815,4,1.05149032937384,1.03149032937384,275.080680195079,283.743061418801
10.99,60,0,2772.38961051715,74.7231111990003,4,1.05117663562878,1.03117663562878,275.064990430472,283.640591411358
11,60,0,2772.83067591121,74.7507648982117,4,1.05086319141754,1.03086319141754,275.049311307922,283.538210852082
11.01,60,0,2773.27135069078,74.778400506423,4,1.05054999715561,1.03054999715561,275.033643293021,283.435920313319
11.02,60,0,2773.71163636277,74.8060180366753,4,1.05023705314008,1.03023705314008,275.01798676841,283.333720248804
11.03,60,0,2774.15153425209,74.8336175020629,4,1.04992435957013,1.02992435957013,275.002342048111,283.231611014186
11.04,60,0,2774.59104553292,74.8611989157221,4,1.04961191656397,1.02961191656397,274.986709389374,283.129592884012
11.05,60,0,2775.03017125455,74.8887622908211,4,1.0492997241729,1.0292997241729,274.971089002478,283.027666065772
11.06,60,0,2775.46891236276,74.9163076405525,4,1.04898778239288,1.02898778239288,274.955481058847,282.925830711511
11.07,60,0,2775.90726971758,74.9438349781266,4,1.0486760911742,1.0286760911742,274.939885697752,282.824086927444
11.08,60,0,2776.34524410789,74.9713443167662,4,1.04836465042934,1.02836465042934,274.924303031865,282.722434781894
11.09,60,0,2776.78283626357,74.9988356697019,4,1.04805346003964,1.02805346003964,274.908733151852,282.620874311875
11.1,60,0,2777.22004686552,75.0263090501685,4,1.04774251986069,1.02774251986069,274.893176130169,282.519405528527
11.11,60,0,2777.65687655398,75.053764471402,4,1.04743182972684,1.02743182972684,274.87763202421,282.418028421614
11.12,60,0,2778.0933259354,75.081201946637,4,1.04712138945495,1.02712138945495,274.862100878903,282.316742963246
11.13,60,0,2778.5293955881,75.1086214891049,4,1.04681119884747,1.02681119884747,274.846582728868,282.21554911096
11.14,60,0,2778.96508606704,75.1360231120316,4,1.04650125769499,1.02650125769499,274.831077600194,282.114446810267
11.15,60,0,2779.40039790765,75.1634068286366,4,1.04619156577833,1.02619156577833,274.815585511913,282.013435996758
11.16,60,0,2779.83533162909,75.1907726521319,4,1.04588212287035,1.02588212287035,274.800106477223,281.91251659785
11.17,60,0,2780.26988773693,75.2181205957204,4,1.04557292873733,1.02557292873733,274.784640504493,281.811688534226
11.18,60,0,2780.70406672534,75.2454506725959,4,1.04526398314022,1.02526398314022,274.769187598101,281.710951721032
11.19,60,0,2781.13786907894,75.2727628959417,4,1.04495528583562,1.02495528583562,274.753747759128,281.610306068864
11.2,60,0,2781.57129527429,75.3000572789306,4,1.04464683657657,1.02464683657657,274.738320985923,281.509751484583
11.21,60,0,2782.00434578118,75.3273338347244,4,1.04433863511327,1.02433863511327,274.722907274582,281.409287871995
11.22,60,0,2782.43702106364,75.3545925764732,4,1.04403068119363,1.02403068119363,274.707506619342,281.308915132409
11.23,60,0,2782.86932158082,75.3818335173154,4,1.04372297456373,1.02372297456373,274.692119012898,281.208633165098
11.24,60,0,2783.30124778768,75.4090566703776,4,1.04341551496821,1.02341551496821,274.676744446678,281.108441867689
11.25,60,0,2783.73280013562,75.4362620487738,4,1.04310830215058,1.02310830215058,274.661382911064,281.00834113647
11.26,60,0,2784.16546668901,75.4634496051908,4,1.04283511284972,1.02283511284972,274.635802299994,280.907141838089
11.27,60,0,2784.60402664023,75.4906193556055,4,1.04258298278493,1.02258298278493,274.606870621043,280.808312852901
11.28,60,0,2785.04769410243,75.5177717073903,4,1.04233350355433,1.02233350355433,274.580172880459,280.712510147433
11.29,60,0,2785.49547033231,75.5449070164657,4,1.04208622266966,1.02208622266966,274.555303278364,280.619192841707
11.3,60,0,2785.94653908795,75.5720255754787,4,1.04184077023289,1.02184077023289,274.531930247778,280.527919057912
11.31,60,0,2786.4002332526,75.5991276253819,4,1.04159684384123,1.02159684384123,274.509782853264,280.438327766435
11.32,60,0,2786.85600757151,75.6262133648904,4,1.041354196254,1.021354196254,274.488639687053,280.350123968423
11.33,60,0,2787.31341637979,75.6532829582055,4,1.04111262531546,1.02111262531546,274.468319802601,280.263066599556
11.34,60,0,2787.77209540617,75.680336541324,4,1.04087196572036,1.02087196572036,274.448675310708,280.17695865379
11.35,60,0,2788.23174690536,75.7073742271926,4,1.04063208228497,1.02063208228497,274.429585332589,280.091639118602
11.36,60,0,2788.69212750932,75.7343961099185,4,1.04039286444804,1.02039286444804,274.410951060666,280.006976388704
11.37,60,0,2789.15303829954,75.7614022682098,4,1.04015422177656,1.02015422177656,274.392691723775,279.922862886643
11.38,60,0,2789.61431669365,75.7883927681871,4,1.03991608029268,1.01991608029268,274.374741290898,279.839210668731
11.39,60,0,2790.07582981458,75.8153676656802,4,1.0396783794715,1.0196783794715,274.35704577802,279.755947835521
11.4,60,0,2790.53746907084,75.8423270081054,4,1.03944106978714,1.01944106978714,274.33956104761,279.673015599309
11.41,60,0,2790.99914572665,75.8692708359999,4,1.03920411070677,1.01920411070677,274.322251010481,279.590365888217
11.42,60,0,2791.46078728079,75.8961991842757,4,1.03896746905093,1.01896746905093,274.305086156373,279.507959388556
11.43,60,0,2791.92233450653,75.9231120832441,4,1.03873111765298,1.01873111765298,274.288042353081,279.425763945202
11.44,60,0,2792.3837390317,75.9500095594535,4,1.03849503426323,1.01849503426323,274.271099865002,279.343753254418
11.45,60,0,2792.84496136031,75.9768916363743,4,1.03825920065295,1.01825920065295,274.254242550961,279.261905795621
11.46,60,0,2793.30596925505,76.0037583349584,4,1.03802360188181,1.01802360188181,274.237457208542,279.180203958348
11.47,60,0,2793.76673641482,76.0306096740969,4,1.03778822569893,1.01778822569893,274.220733038122,279.09863332873
11.48,60,0,2794.2272413934,76.0574456709943,4,1.03755306205307,1.01755306205307,274.204061204762,279.017182106293
11.49,60,0,2794.68746671521,76.0842663414738,4,1.0373181026922,1.0173181026922,274.187434480032,278.935840627267
11.5,60,0,2795.14739815226,76.1110717002283,4,1.03708334083592,1.01708334083592,274.170846949216,278.854600974921
11.51,60,0,2795.6070241329,76.137861761024,4,1.0368487709077,1.0168487709077,274.154293771909,278.773456661033
11.52,60,0,2796.06633525822,76.164636536868,4,1.03661438831581,1.01661438831581,274.137770986295,278.69240236549
11.53,60,0,2796.52532390664,76.1913960401449,4,1.03638018927418,1.01638018927418,274.121275349108,278.611433723407
11.54,60,0,2796.98398391037,76.2181402827288,4,1.03614617065592,1.01614617065592,274.104804204773,278.53054715107
11.55,60,0,2797.44231029097,76.2448692760743,4,1.03591232987339,1.01591232987339,274.088355378401,278.449739703637
11.56,60,0,2797.90029904287,76.2715830312918,4,1.03567866478028,1.01567866478028,274.071927088279,278.369008958782
11.57,60,0,2798.3579469564,76.2982815592082,4,1.03544517359135,1.01544517359135,274.055517874318,278.288352921555
11.58,60,0,2798.81525147303,76.3249648704174,4,1.03521185481687,1.01521185481687,274.03912653952,278.20776994658
11.59,60,0,2799.27221056685,76.3516329753207,4,1.03497870720892,1.01497870720892,274.022752102121,278.127258674442
11.6,60,0,2799.72882264776,76.3782858841606,4,1.03474572971756,1.01474572971756,274.006393756436,278.04681797965
11.61,60,0,2800.18508648211,76.4049236070482,4,1.03451292145482,1.01451292145482,273.99005084084,277.966446928096
11.62,60,0,2800.6410011279,76.4315461539853,4,1.03428028166541,1.01428028166541,273.973722811578,277.886144742249
11.63,60,0,2801.09656588168,76.4581535348831,4,1.03404780970259,1.01404780970259,273.957409221338,277.805910772695
11.64,60,0,2801.55178023514,76.484745759577,4,1.03381550500856,1.01381550500856,273.941109701723,277.725744474859
11.65,60,0,2802.00664383955,76.511322837839,4,1.03358336709832,1.01358336709832,273.924823948915,277.645645389955
11.66,60,0,2802.46115647677,76.5378847793874,4,1.0333513955465,1.0133513955465,273.908551711943,277.565613129417
11.67,60,0,2802.91531803534,76.5644315938955,4,1.0331195899766,1.0131195899766,273.892292783087,277.485647362153
11.68,60,0,2803.3691284911,76.590963290998,4,1.03288795005217,1.01288795005217,273.876046990025,277.405747804119
11.69,60,0,2803.82258789122,76.6174798802966,4,1.03265647546955,1.01265647546955,273.85981418941,277.325914209794
11.7,60,0,2804.27569634116,76.6439813713646,4,1.03242516595199,1.01242516595199,273.843594261609,277.2461463652
11.71,60,0,2804.72845399401,76.6704677737504,4,1.03219402124481,1.01219402124481,273.827387106408,277.166444082193
11.72,60,0,2805.18086104172,76.6969390969806,4,1.03196304111142,1.01196304111142,273.811192639483,277.086807193795
11.73,60,0,2805.632917708,76.7233953505626,4,1.03173222533011,1.01173222533011,273.795010789529,277.007235550371
11.74,60,0,2806.08462424243,76.7498365439866,4,1.03150157369138,1.01150157369138,273.778841495891,276.927729016496
11.75,60,0,2806.53598091566,76.7762626867271,4,1.03127108599576,1.01127108599575,273.762684706646,276.848287468404
11.76,60,0,2806.98698801552,76.8026737882442,4,1.03104076205204,1.01104076205204,273.746540377017,276.768910791888
11.77,60,0,2807.4376458438,76.8290698579852,4,1.03081060167582,1.01081060167582,273.73040846808,276.689598880588
11.78,60,0,2807.88795471362,76.8554509053849,4,1.03058060468831,1.01058060468831,273.71428894571,276.610351634586
11.79,60,0,2808.33791494725,76.881816939867,4,1.03035077091535,1.01035077091535,273.698181779711,276.53116895926
11.8,60,0,2808.78752687439,76.9081679708441,4,1.03012110018662,1.01012110018662,273.682086943109,276.452050764343
11.81,60,0,2809.23679083071,76.9345040077184,4,1.02989159233497,1.00989159233497,273.666004411572,276.372996963152
11.82,60,0,2809.68570715667,76.9608250598826,4,1.02966224719592,1.00966224719592,273.649934162934,276.294007471964
11.83,60,0,2810.13427619655,76.9871311367194,4,1.02943306460717,1.00943306460717,273.633876176806,276.215082209491
11.84,60,0,2810.58249829766,77.0134222476024,4,1.02920404440827,1.00920404440827,273.617830434257,276.136221096467
11.85,60,0,2811.0303738097,77.0396984018963,4,1.02897518644033,1.00897518644033,273.601796917554,276.057424055297
11.86,60,0,2811.47790308421,77.0659596089568,4,1.02874649054576,1.00874649054576,273.585775609948,275.978691009776
11.87,60,0,2811.92508647416,77.092205878131,4,1.0285179565681,1.0085179565681,273.569766495501,275.900021884856
11.88,60,0,2812.37192433357,77.1184372187573,4,1.02828958435182,1.00828958435182,273.553769558939,275.821416606457
11.89,60,0,2812.81841701726,77.1446536401658,4,1.02806137374221,1.00806137374221,273.537784785538,275.742875101311
11.9,60,0,2813.26781016199,77.1708540948814,4,1.02782378189211,1.00782378189211,273.501845338514,275.641664123531
11.91,60,0,2813.72788843348,77.1970360782656,4,1.02758760276898,1.00758760276898,273.46309359813,275.538022924329
11.92,60,0,2814.19667901723,77.2232002772305,4,1.02735597336074,1.00735597336074,273.428523880254,275.439856817982
11.93,60,0,2814.67234664621,77.2493473268467,4,1.02712800558465,1.00712800558465,273.397293901879,275.34607133964
11.94,60,0,2815.15342685563,77.2754777356386,4,1.02690299067411,1.00690299067411,273.368731828312,275.255793634716
11.95,60,0,2815.63875097309,77.3015919112,4,1.02668036292508,1.00668036292508,273.342301710648,275.168327488851
11.96,60,0,2816.12738631067,77.3276901806155,4,1.02645967078207,1.00645967078207,273.317575951708,275.083117511309
11.97,60,0,2816.61858847011,77.3537728067416,4,1.02624055377513,1.00624055377513,273.294213364934,274.999720599869
11.98,60,0,2817.1117633022,77.3798400011894,4,1.02602272412215,1.00602272412215,273.271941685921,274.917783201019
11.99,60,0,2817.60643656228,77.4058919346797,4,1.02580595205136,1.00580595205136,273.250543630189,274.837023184513
12,60,0,2818.10222970211,77.431928745302,4,1.02559005409079,1.00559005409079,273.229845776141,274.757215393247
12.01,60,0,2818.59884055516,77.4579505451029,4,1.02537488372428,1.00537488372428,273.20970969939,274.678180121367
12.02,60,0,2819.09602792477,77.4839574253431,4,1.02516032393513,1.00516032393513,273.190024901594,274.599773925932
12.03,60,0,2819.59359928539,77.5099494606903,4,1.02494628125571,1.00494628125571,273.1707031699,274.521882298598
12.04,60,0,2820.09140096739,77.5359267125667,4,1.02473268101851,1.00473268101851,273.151674077083,274.444413820162
12.05,60,0,2820.5893103232,77.5618892318191,4,1.02451946356581,1.00451946356581,273.132881391364,274.367295497436
12.06,60,0,2821.0872294745,77.5878370608501,4,1.02430658122424,1.00430658122424,273.114280211745,274.290469042977
12.07,60,0,2821.58508032088,77.6137702353195,4,1.02409399588981,1.00409399588981,273.09583468206,274.213887906772
12.08,60,0,2822.08280055534,77.6396887855014,4,1.02388167709993,1.00388167709993,273.077516166694,274.137514907704
12.09,60,0,2822.5803404832,77.6655927373688,4,1.02366960049438,1.00366960049438,273.059301794619,274.061320343479
12.1,60,0,2823.07766048239,77.6914821134581,4,1.0234577465864,1.0034577465864,273.041173297304,273.985280482219
12.11,60,0,2823.57472897556,77.71735693356,4,1.02324609978163,1.00324609978163,273.023116081124,273.909376358615
12.12,60,0,2824.07152081085,77.743217215271,4,1.02303464759462,1.00303464759462,273.005118486898,273.833592813034
12.13,60,0,2824.56801596884,77.7690629744337,4,1.02282338002328,1.00282338002328,272.987171198761,273.757917724535
12.14,60,0,2825.06419852993,77.7948942254883,4,1.02261228904926,1.00261228904926,272.969266772235,273.682341398607
12.15,60,0,2825.56005584963,77.8207109817532,4,1.02240136823898,1.00240136823898,272.951399257428,273.606856078391
12.16,60,0,2826.05557789992,77.8465132556495,4,1.02219061242501,1.00219061242501,272.933563898173,273.531455554451
12.17,60,0,2826.55075674312,77.8723010588798,4,1.02198001745148,1.00198001745148,272.915756891791,273.456134853221
12.18,60,0,2827.04558611164,77.8980744025714,4,1.02176957997083,1.00176957997083,272.897975197242,273.380889988231
12.19,60,0,2827.54006107228,77.9238332973901,4,1.02155929728139,1.00155929728139,272.880216381917,273.305717761467
12.2,60,0,2828.03417775806,77.9495777536321,4,1.02134916719767,1.00134916719767,272.862478499273,273.23061560474
12.21,60,0,2828.52793315394,77.9753077812962,4,1.02113918794668,1.00113918794668,272.844759991109,273.155581453005
12.22,60,0,2829.02132492564,78.0010233901426,4,1.02092935808514,1.00092935808514,272.827059609497,273.080613643189
12.23,60,0,2829.51435128285,78.026724589739,4,1.02071967643332,1.00071967643332,272.809376354433,273.005710833383
12.24,60,0,2830.00701086995,78.052411389498,4,1.02051014202217,1.00051014202217,272.79170942402,272.930871938298
12.25,60,0,2830.49930267866,78.0780837987067,4,1.02030075405108,1.00030075405108,272.774058174678,272.856096077705
12.26,60,0,2830.99122597826,78.1037418265504,4,1.02009151185411,1.00009151185411,272.75642208935,272.781382535256
12.27,60,0,2831.48278025978,78.1293854821317,4,1.019882414873,0.999882414873002,272.738800752099,272.706730725576
12.28,60,0,2831.97396519146,78.1550147744855,4,1.01967346263564,0.999673462635641,272.721193827813,272.632140167976
12.29,60,0,2832.46478058306,78.1806297125913,4,1.01946465473881,0.999464654738806,272.703601045987,272.557610465457
12.3,60,0,2832.95522635743,78.2062303053827,4,1.01925599083439,0.999255990834392,272.686022187761,272.48314128792
12.31,60,0,2833.44530252771,78.2318165617553,4,1.0190474706184,0.999047470618405,272.668457075565,272.408732358766
12.32,60,0,2833.93500917914,78.2573884905726,4,1.01883909382215,0.998839093822151,272.650905564838,272.334383444172
12.33,60,0,2834.42434645451,78.2829461006715,4,1.0186308602052,0.998630860205204,272.633367537417,272.260094344532
12.34,60,0,2834.91331454253,78.3084894008657,4,1.01842276954978,0.998422769549778,272.615842896244,272.185864887615
12.35,60,0,2835.40191366851,78.3340183999491,4,1.01821482165622,0.998214821656225,272.598331561141,272.111694923088
12.36,60,0,2835.89014408693,78.3595331066984,4,1.01800701633944,0.998007016339441,272.580833465432,272.037584318154
12.37,60,0,2836.37800607551,78.3850335298751,4,1.01779935342599,0.997799353425989,272.563348553241,271.963532954047
12.38,60,0,2836.86549993044,78.4105196782269,4,1.0175918327518,0.997591832751796,272.545876777332,271.889540723244
12.39,60,0,2837.35262596258,78.4359915604895,4,1.01738445416032,0.997384454160317,272.528418097382,271.815607527232
12.4,60,0,2837.8393844944,78.4614491853869,4,1.01717721750106,0.997177217501062,272.510972478601,271.74173327472
12.41,60,0,2838.32577585758,78.486892561633,4,1.01697012262842,0.996970122628415,272.493539890628,271.66791788021
12.42,60,0,2838.81180039106,78.5123216979318,4,1.0167631694007,0.996763169400701,272.476120306647,271.594161262861
12.43,60,0,2839.29745843945,78.5377366029781,4,1.01655635767942,0.996556357679425,272.458713702686,271.52046334557
12.44,60,0,2839.78275035182,78.5631372854579,4,1.01634968732867,0.996349687328673,272.441320057045,271.446824054248
12.45,60,0,2840.2676764807,78.5885237540486,4,1.01614315821463,0.996143158214632,272.423939349849,271.37324331723
12.46,60,0,2840.75223718127,78.6138960174197,4,1.0159367702052,0.995936770205198,272.406571562686,271.299721064812
12.47,60,0,2841.23643281073,78.6392540842325,4,1.01573052316967,0.995730523169674,272.389216678317,271.226257228878
12.48,60,0,2841.7202637278,78.6645979631407,4,1.01552441697852,0.995524416978518,272.371874680449,271.1528517426
12.49,60,0,2842.2037302923,78.6899276627903,4,1.01531845150315,0.99531845150315,272.354545553542,271.079504540196
12.5,60,0,2842.68683286482,78.7152431918199,4,1.01511262661579,0.995112626615787,272.33722928267,271.006215556744
12.51,60,0,2843.16957180649,78.7405445588606,4,1.01490694218933,0.994906942189325,272.319925853398,270.932984728028
12.52,60,0,2843.65194747873,78.7658317725362,4,1.01470139809723,0.994701398097228,272.302635251686,270.859811990411
12.53,60,0,2844.1339602431,78.7911048414633,4,1.01449599421345,0.994495994213455,272.285357463816,270.786697280744
12.54,60,0,2844.6156104612,78.8163637742513,4,1.01429073041239,0.994290730412388,272.268092476332,270.71364053628
12.55,60,0,2845.0968984945,78.8416085795024,4,1.01408560656879,0.994085606568787,272.250840275989,270.640641694619
12.56,60,0,2845.57782470431,78.8668392658116,4,1.01388062255774,0.99388062255774,272.233600849714,270.567700693649
12.57,60,0,2846.05838945169,78.8920558417672,4,1.01367577825464,0.993675778254638,272.216374184578,270.494817471516
12.58,60,0,2846.53859309739,78.91725831595,4,1.01347107353514,0.99347107353514,272.199160267767,270.421991966582
12.59,60,0,2847.01843600182,78.942446696934,4,1.01326650827516,0.993266508275157,272.181959086567,270.349224117406
12.6,60,0,2847.49791852501,78.9676209932862,4,1.01306208235083,0.993062082350831,272.164770628341,270.276513862717
12.61,60,0,2847.97704102658,78.9927812135667,4,1.01285779563853,0.992857795638526,272.147594880526,270.203861141405
12.62,60,0,2848.45580386574,79.0179273663283,4,1.01265364801481,0.99265364801481,272.130431830612,270.131265892502
12.63,60,0,2848.93420740122,79.0430594601171,4,1.01244963935645,0.992449639356451,272.113281466142,270.058728055173
12.64,60,0,2849.41225199132,79.0681775034724,4,1.01224576954041,0.992245769540408,272.096143774701,269.986247568706
12.65,60,0,2849.88993799387,79.0932815049264,4,1.01204203844382,0.992042038443825,272.079018743914,269.913824372508
12.66,60,0,2850.36672821685,79.118372461112,4,1.01189885777797,0.991898857777969,272.064844551848,269.860808552519
12.67,60,0,2850.84166204705,79.1434524355721,4,1.01177104847715,0.991771048477147,272.050827541505,269.812134469914
12.68,60,0,2851.31501471558,79.1685213981199,4,1.01164292847902,0.991642928479023,272.036260218167,269.762833735225
12.69,60,0,2851.78703546154,79.1935792770703,4,1.01151457282537,0.99151457282537,272.021251931401,269.713035408185
12.7,60,0,2852.2579250043,79.2186260157282,4,1.01138604192163,0.99138604192163,272.005890699534,269.662843359979
12.71,60,0,2852.72784500616,79.2436615694639,4,1.01125738439188,0.991257384391875,271.99024737341,269.612341191466
12.72,60,0,2853.19692568811,79.2686859033583,4,1.01112863937643,0.991128639376429,271.97437898693,269.561596190565
12.73,60,0,2853.6652719595,79.2936989903086,4,1.01099983838104,0.990999838381041,271.958331453261,269.51066251656
12.74,60,0,2854.13296835173,79.3187008095039,4,1.01087100676521,0.99087100676521,271.942141734565,269.459583762415
12.75,60,0,2854.60008298954,79.343691345197,4,1.01074216494012,0.99074216494012,271.925839588086,269.40839501666
12.76,60,0,2855.06667078768,79.3686705857176,4,1.0106133293329,0.990613329332904,271.909448971384,269.357124522618
12.77,60,0,2855.53277602429,79.393638522677,4,1.01048451316285,0.990484513162848,271.892989173281,269.305795013689
12.78,60,0,2855.99843441248,79.4185951503275,4,1.01035572706624,0.990355727066243,271.876475724093,269.254424787942
12.79,60,0,2856.46367476814,79.4435404650481,4,1.01022697959942,0.990226979599421,271.85992112827,269.203028572983
12.8,60,0,2856.92852035272,79.4684744649293,4,1.01009827764374,0.990098277643741,271.843335454099,269.151618222033
12.81,60,0,2857.39298995429,79.493397149439,4,1.00996962673167,0.989969626731669,271.826726808391,269.100203274195
12.82,60,0,2857.85709875809,79.5183085191542,4,1.0098410313093,0.989841031309305,271.810101718602,269.048791405428
12.83,60,0,2858.32085904744,79.5432085755442,4,1.00971249494779,0.989712494947794,271.793465440441,268.997388791566
12.84,60,0,2858.78428076822,79.5680973207966,4,1.00958402051355,0.989584020513553,271.776822205526,268.946000400541
12.85,60,0,2859.2473719834,79.5929747576766,4,1.00945561030535,0.989455610305354,271.760175420767,268.894630227645
12.86,60,0,2859.71013923909,79.6178408894144,4,1.00932726616472,0.989327266164724,271.743527828899,268.843281484922
12.87,60,0,2860.17258785944,79.6426957196138,4,1.00919898956485,0.989198989564854,271.726881637739,268.79195675366
12.88,60,0,2860.63472218401,79.6675392521795,4,1.00907078168221,0.989070781682214,271.71023862427,268.740658107167
12.89,60,0,2861.09654575908,79.6923714912575,4,1.00894264345423,0.988942643454225,271.693600218453,268.689387209632
12.9,60,0,2861.55806149175,79.7171924411877,4,1.00881457562573,0.988814575625726,271.676967570721,268.638145395726
12.91,60,0,2862.01927177397,79.7420021064659,4,1.00868657878639,0.988686578786391,271.660341606339,268.586933734714
12.92,60,0,2862.48017858258,79.7668004917127,4,1.00855865340088,0.988558653400882,271.643723069179,268.53575308207
12.93,60,0,2862.94078355981,79.7915876016488,4,1.00843079983314,0.988430799833136,271.627112556979,268.48460412106
12.94,60,0,2863.40108807822,79.8163634410747,4,1.00830301836593,0.98830301836593,271.610510549747,268.433487396226
12.95,60,0,2863.86109329294,79.841128014855,4,1.00817530921665,0.988175309216649,271.593917432631,268.382403340351
12.96,60,0,2864.32080018384,79.8658813279052,4,1.00804767254999,0.988047672549988,271.577333514355,268.331352296191
12.97,60,0,2864.78020958942,79.890623385181,4,1.00792010848818,0.987920108488183,271.560759042059,268.280334533964
12.98,60,0,2865.23932223423,79.9153541916704,4,1.00779261711927,0.987792617119266,271.544194213257,268.229350265455
12.99,60,0,2865.69813875084,79.9400737523866,4,1.00766519850371,0.987665198503707,271.52763918548,268.17839965537
13,60,0,2866.15665969769,79.9647820723623,4,1.00753785267977,0.98753785267977,271.511094084033,268.127482830481
13.01,60,0,2866.61488557333,79.9894791566457,4,1.00741057966783,0.987410579667833,271.494559008249,268.076599886998
13.02,60,0,2867.07281682802,80.0141650102968,4,1.00728337947386,0.987283379473863,271.478034036537,268.025750896513
13.03,60,0,2867.53045387299,80.0388396383846,4,1.00715625209222,0.987156252092222,271.461519230437,267.974935910778
13.04,60,0,2867.98779708795,80.0635030459846,4,1.00702919750793,0.98702919750793,271.445014637892,267.924154965566
13.05,60,0,2868.44484682716,80.088155238177,4,1.00690221569848,0.986902215698482,271.428520295892,267.873408083776
13.06,60,0,2868.90160342427,80.1127962200453,4,1.00677530663532,0.986775306635321,271.412036232598,267.822695277939
13.07,60,0,2869.35806719625,80.1374259966753,4,1.00664847028502,0.98664847028502,271.395562469051,267.772016552231
13.08,60,0,2869.81423844658,80.1620445731534,4,1.00652170661024,0.986521706610236,271.379099020557,267.721371904108
13.09,60,0,2870.27011746778,80.1866519545668,4,1.00639501557048,0.986395015570483,271.3626458978,267.670761325608
13.1,60,0,2870.72570454348,80.2112481460021,4,1.00626839712275,0.986268397122747,271.346203107739,267.620184804413
13.11,60,0,2871.1809999501,80.2358331525451,4,1.00614185122199,0.986141851221993,271.329770654331,267.569642324701
13.12,60,0,2871.63600395814,80.2604069792803,4,1.00601537782156,0.98601537782156,271.313348539113,267.519133867827
13.13,60,0,2872.09071683332,80.2849696312908,4,1.0058889768735,0.985888976873497,271.296936761677,267.468659412884
13.14,60,0,2872.54513883738,80.3095211136576,4,1.00576264832882,0.985762648328815,271.280535320042,267.418218937143
13.15,60,0,2872.99927022886,80.33406143146,4,1.0056363921377,0.985636392137704,271.264144210964,267.367812416417
13.16,60,0,2873.45311126361,80.3585905897747,4,1.0055102082497,0.985510208249704,271.247763430184,267.317439825347
13.17,60,0,2873.90666219527,80.3831085936763,4,1.00538409661384,0.98538409661384,271.231392972622,267.26710113764
13.18,60,0,2874.35992327565,80.4076154482369,4,1.00525805717873,0.985258057178733,271.215032832541,267.216796326255
13.19,60,0,2874.81289475499,80.4321111585259,4,1.00513208989269,0.985132089892692,271.198683003675,267.166525363556
13.2,60,0,2875.26557688224,80.4565957296101,4,1.00500619470379,0.985006194703786,271.182343479333,267.116288221432
13.21,60,0,2875.71796990522,80.4810691665539,4,1.0048803715599,0.984880371559897,271.166014252482,267.0660848714
13.22,60,0,2876.17007407082,80.5055314744185,4,1.00475462040877,0.984754620408774,271.149695315818,267.015915284683
13.23,60,0,2876.62188962509,80.5299826582628,4,1.00462894119807,0.984628941198067,271.133386661818,266.965779432272
13.24,60,0,2877.07341681334,80.5544227231426,4,1.00450333387536,0.984503333875358,271.117088282784,266.915677284981
13.25,60,0,2877.52465588025,80.578851674111,4,1.00437779838818,0.984377798388185,271.100800170881,266.865608813487
13.26,60,0,2877.97560706991,80.6032695162182,4,1.00425233468406,0.984252334684062,271.084522318163,266.815573988366
13.27,60,0,2878.4262706259,80.6276762545117,4,1.0041269427105,0.984126942710499,271.068254716598,266.765572780116
13.28,60,0,2878.87664679132,80.652071894036,4,1.00400162241501,0.984001622415009,271.051997358084,266.715605159183
13.29,60,0,2879.3267358088,80.6764564398329,4,1.00387637374512,0.983876373745118,271.035750234468,266.665671095976
13.3,60,0,2879.77653792058,80.7008298969411,4,1.00375119664838,0.983751196648383,271.019513337557,266.615770560884
13.31,60,0,2880.22605336849,80.7251922703967,4,1.00362609107239,0.983626091072385,271.003286659125,266.565903524284
13.32,60,0,2880.67528239401,80.7495435652327,4,1.00350105696475,0.983501056964746,270.987070190922,266.516069956551
13.33,60,0,2881.12422523822,80.7738837864793,4,1.00337609427313,0.983376094273126,270.970863924684,266.46626982807
13.34,60,0,2881.57288214188,80.798212939164,4,1.00325120294523,0.98325120294523,270.954667852133,266.416503109235
13.35,60,0,2882.02125334542,80.8225310283112,4,1.00312638292881,0.983126382928811,270.938481964986,266.366769770459
13.36,60,0,2882.46933908892,80.8468380589425,4,1.00300163417167,0.983001634171669,270.922306254953,266.317069782176
13.37,60,0,2882.91713961215,80.8711340360766,4,1.00287695662166,0.982876956621655,270.906140713745,266.267403114844
13.38,60,0,2883.36465515456,80.8954189647295,4,1.00275235022668,0.982752350226675,270.889985333072,266.217769738946
13.39,60,0,2883.81188595529,80.9196928499141,4,1.00262781493469,0.982627814934687,270.873840104648,266.168169624998
13.4,60,0,2884.25883225317,80.9439556966407,4,1.0025033506937,0.982503350693701,270.85770502019,266.118602743542
13.41,60,0,2884.70549428674,80.9682075099164,4,1.00237895745179,0.982378957451786,270.841580071419,266.069069065155
13.42,60,0,2885.15187229421,80.9924482947458,4,1.00225463515706,0.982254635157065,270.825465250064,266.019568560444
13.43,60,0,2885.59796651352,81.0166780561303,4,1.00213038375772,0.982130383757716,270.80936054786,265.970101200051
13.44,60,0,2886.04377718228,81.0408967990688,4,1.00200620320197,0.982006203201975,270.793265956549,265.920666954653
13.45,60,0,2886.5009194704,81.065103244726,4,1.002,0.982,270.725606155261,265.852545244467
13.46,60,0,2886.97917963626,81.0892969249654,4,1.002,0.982,270.66727135009,265.795260465788
13.47,60,0,2887.47342770305,81.1134792027511,4,1.002,0.982,270.618349364121,265.747219075566
13.48,60,0,2887.97969426993,81.1376511192863,4,1.002,0.982,270.576537794787,265.706160114481
13.49,60,0,2888.49498146767,81.1618134612006,4,1.002,0.982,270.540098973887,265.670377192357
13.5,60,0,2889.01702478506,81.1859668229666,4,1.002,0.982,270.507721103088,265.638582123233
13.51,60,0,2889.54411341584,81.210111653979,4,1.002,0.982,270.478413661796,265.609802215883
13.52,60,0,2890.07495470009,81.2342482940757,4,1.002,0.982,270.451428579969,265.583302865529
13.53,60,0,2890.60857180826,81.258377000348,4,1.002,0.982,270.426200799852,265.558529185454
13.54,60,0,2891.14422649745,81.2824979673799,4,1.002,0.982,270.402303439934,265.535061978016
13.55,60,0,2891.68136078438,81.3066113425303,4,1.002,0.982,270.379413963003,265.512584511669
13.56,60,0,2892.21955289456,81.3307172374748,4,1.002,0.982,270.357288640811,265.490857445276
13.57,60,0,2892.75848398858,81.3548157369229,4,1.002,0.982,270.335743276533,265.469699897555
13.58,60,0,2893.29791302507,81.3789069052042,4,1.002,0.982,270.314638648681,265.448975153004
13.59,60,0,2893.83765776848,81.4029907912437,4,1.002,0.982,270.293869518294,265.428579866965
13.6,60,0,2894.37758043776,81.4270674323216,4,1.002,0.982,270.273356325909,265.408435912043
13.61,60,0,2894.91757686068,81.4511368569146,4,1.002,0.982,270.253038919323,265.388484218776
13.62,60,0,2895.45756827669,81.4751990868435,4,1.002,0.982,270.232871814875,265.368680122207
13.63,60,0,2895.9974951408,81.4992541388957,4,1.002,0.982,270.212820616899,265.348989845795
13.64,60,0,2896.53731243965,81.5233020260531,4,1.002,0.982,270.192859311999,265.329387844383
13.65,60,0,2897.07698615029,81.5473427584189,4,1.002,0.982,270.172968224178,265.309854796143
13.66,60,0,2897.61649056268,81.5713763439194,4,1.002,0.982,270.153132469277,265.29037608483
13.67,60,0,2898.15580625507,81.5954027888342,4,1.002,0.982,270.13334078667,265.27094065251
13.68,60,0,2898.69491856289,81.6194220981974,4,1.002,0.982,270.113584656065,265.251540132256
13.69,60,0,2899.23381642073,81.6434342761006,4,1.002,0.982,270.093857629755,265.232168192419
13.7,60,0,2899.7724914865,81.6674393259225,4,1.002,0.982,270.074154827735,265.212820040836
13.71,60,0,2900.31093747885,81.6914372505025,4,1.002,0.982,270.054472555905,265.193492049899
13.72,60,0,2900.84914967597,81.715428052272,4,1.002,0.982,270.034808017344,265.174181473032
13.73,60,0,2901.38712453634,81.7394117333535,4,1.002,0.982,270.015159093935,265.154886230244
13.74,60,0,2901.92485941184,81.7633882956358,4,1.002,0.982,269.995524181188,265.135604745927
13.75,60,0,2902.46235233058,81.7873577408311,4,1.002,0.982,269.975902063297,265.116335826158
13.76,60,0,2902.99960183261,81.8113200705178,4,1.002,0.982,269.95629181861,265.097078565875
13.77,60,0,2903.53660684553,81.8352752861731,4,1.002,0.982,269.936692748111,265.077832278645
13.78,60,0,2904.07336659039,81.8592233891979,4,1.002,0.982,269.917104321309,265.058596443526
13.79,60,0,2904.60988051041,81.8831643809349,4,1.002,0.982,269.897526135285,265.03937066485
13.8,60,0,2905.14614821706,81.9070982626833,4,1.002,0.982,269.8779578837,265.020154641793
13.81,60,0,2905.68216944917,81.9310250357093,4,1.002,0.982,269.858399333344,265.000948145344
13.82,60,0,2906.21794404207,81.954944701254,4,1.002,0.982,269.838850306378,264.981751000863
13.83,60,0,2906.75347190412,81.9788572605399,4,1.002,0.982,269.819310666896,264.962563074892
13.84,60,0,2907.28875299899,82.0027627147753,4,1.002,0.982,269.799780310751,264.943384265157
13.85,60,0,2907.82378733225,82.0266610651577,4,1.002,0.982,269.780259157847,264.924214493006
13.86,60,0,2908.35857494115,82.0505523128768,4,1.002,0.982,269.760747146314,264.90505369768
13.87,60,0,2908.89311588698,82.0744364591163,4,1.002,0.982,269.741244228081,264.885901831976
13.88,60,0,2909.42741024916,82.0983135050555,4,1.002,0.982,269.72175036554,264.866758858961
13.89,60,0,2909.96145812087,82.1221834518702,4,1.002,0.982,269.702265529008,264.847624749486
13.9,60,0,2910.49525960567,82.1460463007343,4,1.002,0.982,269.682789694804,264.828499480297
13.91,60,0,2911.02881481496,82.1699020528194,4,1.002,0.982,269.663322843803,264.809383032615
13.92,60,0,2911.56212386607,82.1937507092963,4,1.002,0.982,269.643864960332,264.790275391046
13.93,60,0,2912.09518688081,82.2175922713348,4,1.002,0.982,269.62441603133,264.771176542766
13.94,60,0,2912.62800398433,82.241426740104,4,1.002,0.982,269.604976045725,264.752086476902
13.95,60,0,2913.16057530431,82.2652541167731,4,1.002,0.982,269.585544993948,264.733005184057
13.96,60,0,2913.69290097031,82.2890744025106,4,1.002,0.982,269.566122867569,264.713932655953
13.97,60,0,2914.22498111329,82.3128875984853,4,1.002,0.982,269.546709659031,264.694868885168
13.98,60,0,2914.75681586527,82.3366937058661,4,1.002,0.982,269.527305361429,264.675813864924
13.99,60,0,2915.288405359,82.3604927258217,4,1.002,0.982,269.507909968362,264.656767588932
14,60,0,2915.81974972781,82.3842846595213,4,1.002,0.982,269.488523473808,264.63773005128
14.01,60,0,2916.35084910542,82.4080695081341,4,1.002,0.982,269.469145872034,264.618701246337
14.02,60,0,2916.8817036258,82.4318472728297,4,1.002,0.982,269.449777157525,264.59968116869
14.03,60,0,2917.41231342312,82.455617954778,4,1.002,0.982,269.430417324938,264.580669813089
14.04,60,0,2917.94267863166,82.479381555149,4,1.002,0.982,269.411066369056,264.561667174413
14.05,60,0,2918.47279938575,82.5031380751133,4,1.002,0.982,269.391724284761,264.542673247635
14.06,60,0,2919.00267581975,82.5268875158414,4,1.002,0.982,269.372391067009,264.523688027803
14.07,60,0,2919.53230806799,82.5506298785047,4,1.002,0.982,269.353066710817,264.504711510022
14.08,60,0,2920.06169626479,82.5743651642744,4,1.002,0.982,269.333751211243,264.485743689441
14.09,60,0,2920.5908405444,82.5980933743223,4,1.002,0.982,269.314444563385,264.466784561244
14.1,60,0,2921.119741041,82.6218145098205,4,1.002,0.982,269.295146762365,264.447834120642
14.11,60,0,2921.64839788872,82.6455285719415,4,1.002,0.982,269.275857803327,264.428892362867
14.12,60,0,2922.17681122159,82.6692355618581,4,1.002,0.982,269.256577681434,264.409959283168
14.13,60,0,2922.70498117355,82.6929354807433,4,1.002,0.982,269.237306391862,264.391034876808
14.14,60,0,2923.23290787846,82.7166283297707,4,1.002,0.982,269.218043929799,264.372119139062
14.15,60,0,2923.76059147006,82.740314110114,4,1.002,0.982,269.198790290442,264.353212065214
14.16,60,0,2924.28803208202,82.7639928229476,4,1.002,0.982,269.179545468997,264.334313650555
14.17,60,0,2924.81522984789,82.7876644694458,4,1.002,0.982,269.160309460679,264.315423890386
14.18,60,0,2925.34218490114,82.8113290507836,4,1.002,0.982,269.141082260704,264.296542780012
14.19,60,0,2925.86889737511,82.8349865681361,4,1.002,0.982,269.1218638643,264.277670314743
14.2,60,0,2926.39536740306,82.8586370226791,4,1.002,0.982,269.102654266696,264.258806489895
14.21,60,0,2926.92159511813,82.8822804155883,4,1.002,0.982,269.083453463126,264.23995130079
14.22,60,0,2927.44758065337,82.9059167480401,4,1.002,0.982,269.064261448831,264.221104742752
14.23,60,0,2927.97332414173,82.9295460212111,4,1.002,0.982,269.045078219054,264.202266811111
14.24,60,0,2928.49882571602,82.9531682362782,4,1.002,0.982,269.025903769044,264.183437501201
14.25,60,0,2929.024085509,82.9767833944188,4,1.002,0.982,269.006738094052,264.164616808359
14.26,60,0,2929.54910365327,83.0003914968105,4,1.002,0.982,268.987581189335,264.145804727927
14.27,60,0,2930.07388028137,83.0239925446314,4,1.002,0.982,268.968433050152,264.127001255249
14.28,60,0,2930.59841552572,83.0475865390598,4,1.002,0.982,268.949293671768,264.108206385676
14.29,60,0,2931.12270951862,83.0711734812745,4,1.002,0.982,268.930163049449,264.089420114559
14.3,60,0,2931.64676239229,83.0947533724544,4,1.002,0.982,268.911041178468,264.070642437255
14.31,60,0,2932.17057427883,83.118326213779,4,1.002,0.982,268.891928054099,264.051873349125
14.32,60,0,2932.69414531025,83.1418920064281,4,1.002,0.982,268.87282367162,264.03311284553
14.33,60,0,2933.21747561844,83.1654507515817,4,1.002,0.982,268.853728026314,264.01436092184
14.34,60,0,2933.74056533519,83.1890024504203,4,1.002,0.982,268.834641113467,263.995617573424
14.35,60,0,2934.2634145922,83.2125471041247,4,1.002,0.982,268.815562928368,263.976882795657
14.36,60,0,2934.78602352106,83.2360847138761,4,1.002,0.982,268.796493466311,263.958156583917
14.37,60,0,2935.30839225323,83.2596152808558,4,1.002,0.982,268.777432722592,263.939438933586
14.38,60,0,2935.83052092011,83.2831388062458,4,1.002,0.982,268.758380692512,263.920729840047
14.39,60,0,2936.35240965297,83.3066552912283,4,1.002,0.982,268.739337371375,263.902029298691
14.4,60,0,2936.87405858299,83.3301647369857,4,1.002,0.982,268.720302754489,263.883337304909
14.41,60,0,2937.39546784123,83.3536671447009,4,1.002,0.982,268.701276837165,263.864653854096
14.42,60,0,2937.91663755866,83.3771625155572,4,1.002,0.982,268.682259614717,263.845978941652
14.43,60,0,2938.43756786615,83.4006508507381,4,1.002,0.982,268.663251082464,263.82731256298
14.44,60,0,2938.95825889446,83.4241321514275,4,1.002,0.982,268.644251235729,263.808654713486
14.45,60,0,2939.47871077424,83.4476064188096,4,1.002,0.982,268.625260069835,263.790005388578
14.46,60,0,2939.99892363606,83.4710736540691,4,1.002,0.982,268.606277580114,263.771364583672
14.47,60,0,2940.51889761037,83.4945338583909,4,1.002,0.982,268.587303761897,263.752732294183
14.48,60,0,2941.03863282752,83.5179870329602,4,1.002,0.982,268.56833861052,263.734108515531
14.49,60,0,2941.55812941776,83.5414331789627,4,1.002,0.982,268.549382121324,263.71549324314
14.5,60,0,2942.07738751125,83.5648722975844,4,1.002,0.982,268.530434289651,263.696886472437
14.51,60,0,2942.59640723802,83.5883043900115,4,1.002,0.982,268.511495110849,263.678288198854
14.52,60,0,2943.11452029779,83.6117295536043,4,1.00199303082694,0.981993030826939,268.496362224431,263.661556506776
14.53,60,0,2943.63042583184,83.6351479419097,4,1.00198391473931,0.981983914739311,268.481426277109,263.644442010389
14.54,60,0,2944.14453877765,83.6585594406032,4,1.00197475602675,0.981974756026748,268.465660166983,263.626501144033
14.55,60,0,2944.65721794465,83.6819639561152,4,1.0019655653974,0.981965565397404,268.449257959226,263.607927372445
14.56,60,0,2945.16873918015,83.705361416851,4,1.00195635108156,0.981956351081565,268.432368788932,263.58886936816
14.57,60,0,2945.67931457332,83.7287517681035,4,1.0019471194054,0.981947119405398,268.415107270065,263.569441388731
14.58,60,0,2946.18910721071,83.752134968145,4,1.00193787523175,0.981937875231747,268.397561491669,263.549731248512
14.59,60,0,2946.69824251441,83.7755109852232,4,1.0019286222988,0.981928622298805,268.379799160775,263.52980644277
14.6,60,0,2947.20681695484,83.7988797952543,4,1.00191936348034,0.981919363480342,268.36187232172,263.509718852537
14.61,60,0,2947.71490474647,83.8222413800485,4,1.00191010098568,0.981910100985677,268.343820981979,263.489508359297
14.62,60,0,2948.22256299374,83.8455957259478,4,1.00190083651334,0.981900836513344,268.325675898013,263.469205622267
14.63,60,0,2948.72983564626,83.8689428227782,4,1.0018915713692,0.9818915713692,268.307460715867,263.448834212383
14.64,60,0,2949.23675653891,83.8922826630442,4,1.00188230655719,0.98188230655719,268.289193616066,263.428412252112
14.65,60,0,2949.74335172883,83.9156152413103,4,1.00187304284913,0.981873042849126,268.270888577684,263.407953675609
14.66,60,0,2950.24964129199,83.938940553725,4,1.00186378083832,0.981863780838317,268.252556349829,263.387469197186
14.67,60,0,2950.75564070443,83.9622585976551,4,1.0018545209808,0.981854520980802,268.234205198305,263.366967055648
14.68,60,0,2951.26136190424,83.9855693714042,4,1.00184526362705,0.981845263627052,268.215841479541,263.346453586432
14.69,60,0,2951.76681410815,84.0088728739969,4,1.00183600904634,0.981836009046338,268.197470081755,263.325933661395
14.7,60,0,2952.27200443953,84.032169105012,4,1.00182675744548,0.981826757445479,268.179094764111,263.30541102691
14.71,60,0,2952.77693841126,84.055458064455,4,1.00181750898325,0.98181750898325,268.16071841746,263.284888563789
14.72,60,0,2953.28162029722,84.0787397526595,4,1.00180826378147,0.981808263781466,268.142343264823,263.264368487129
14.73,60,0,2953.78605341789,84.1020141702119,4,1.00179902193351,0.981799021933508,268.123971015539,263.243852499984
14.74,60,0,2954.29024036018,84.1252813178929,4,1.00178978351088,0.981789783510879,268.10560298381,263.223341911528
14.75,60,0,2954.79418314642,84.1485411966326,4,1.00178054856825,0.981780548568248,268.08724017986,263.202837727931
14.76,60,0,2955.29788336446,84.1717938074765,4,1.00177131714733,0.981771317147328,268.068883380051,263.182340722246
14.77,60,0,2955.80134226771,84.1950391515589,4,1.00176208927987,0.981762089279866,268.050533180811,263.161851488175
14.78,60,0,2956.30456085214,84.2182772300822,4,1.00175286498993,0.981752864989933,268.032190040112,263.141370481406
14.79,60,0,2956.80753991554,84.2415080443014,4,1.0017436442957,0.981743644295697,268.013854309388,263.120898051435
14.8,60,0,2957.31028010308,84.2647315955122,4,1.00173442721078,0.981734427210779,267.995526258081,263.100434466028
14.81,60,0,2957.81278194245,84.2879478850417,4,1.0017252137453,0.981725213745301,267.977206092527,263.079979930055
14.82,60,0,2958.31504587084,84.3111569142407,4,1.00171600390669,0.981716003906693,267.958893970497,263.059534599973
14.83,60,0,2958.81707225572,84.3343586844789,4,1.00170679770031,0.981706797700309,267.940590012373,263.039098594978
14.84,60,0,2959.31886141088,84.3575531971404,4,1.00169759512991,0.981697595129909,267.922294309761,263.01867200558
14.85,60,0,2959.82041360871,84.3807404536203,4,1.00168839619802,0.981688396198023,267.904006932111,262.998254900209
14.86,60,0,2960.32172908971,84.4039204553224,4,1.00167920090623,0.981679200906234,267.885727931816,262.97784733029
14.87,60,0,2960.8228080698,84.4270932036569,4,1.0016700092554,0.981670009255397,267.867457348136,262.957449334164
14.88,60,0,2961.32365074593,84.4502587000396,4,1.00166082124581,0.981660821245807,267.849195210219,262.937060940092
14.89,60,0,2961.82425730039,84.47341694589,4,1.00165163687732,0.981651636877325,267.830941539427,262.916682168574
14.9,60,0,2962.32462790422,84.4965679426309,4,1.00164245614948,0.981642456149481,267.812696351128,262.896313034137
14.91,60,0,2962.82476271968,84.5197116916876,4,1.00163327906155,0.981633279061551,267.794459656071,262.875953546705
14.92,60,0,2963.32466190231,84.5428481944871,4,1.00162410561261,0.98162410561261,267.77623146145,262.855603712661
14.93,60,0,2963.8243256024,84.5659774524584,4,1.00161493580158,0.981614935801585,267.758011771719,262.835263535656
14.94,60,0,2964.32375396621,84.5890994670312,4,1.00160576962729,0.981605769627285,267.739800589228,262.814933017245
14.95,60,0,2964.82294713684,84.6122142396366,4,1.00159660708843,0.981596607088431,267.721597914698,262.794612157361
14.96,60,0,2965.32190525493,84.6353217717063,4,1.00158744818367,0.981587448183672,267.703403747603,262.774300954693
14.97,60,0,2965.82062845923,84.6584220646727,4,1.00157829291161,0.981578292911609,267.685218086455,262.753999406974
14.98,60,0,2966.31911688696,84.6815151199689,4,1.0015691412708,0.981569141270798,267.667040929024,262.733707511197
14.99,60,0,2966.8173706742,84.7046009390283,4,1.00155999325977,0.981559993259767,267.648872272508,262.713425263787
15,100,0,2967.31538995605,84.7276795232847,4,1.00155084887702,0.981550848877021,267.63071211367,262.693152660735
15.01,100,0,2994.13127685199,84.7517008234132,4,1.002,0.982,282.041729210117,276.964978084335
15.02,100,0,3014.96715307274,84.777388886779,4,1.002,0.982,293.864607125503,288.575044197244
15.03,100,0,3031.29407980273,84.8043751795212,4,1.00519067944194,0.985190679441944,301.57850570314,297.112332938763
15.04,100,0,3044.6643443362,84.8323305178955,4,1.0086720483391,0.988672048339096,307.426337411974,303.943826722482
15.05,100,0,3055.61955365639,84.8610813949112,4,1.01144328811081,0.991443288110808,312.229599673109,309.557940945429
15.06,100,0,3064.58644896446,84.8905011536093,4,1.01462077464374,0.994620774643741,316.208918063749,314.507959033825
15.07,100,0,3071.91397337033,84.9205039115663,4,1.0173799774565,0.997379977456499,319.447466534358,318.610506970574
15.08,100,0,3077.91594223052,84.9509767355425,4,1.0195363577499,0.9995363577499,322.059898220164,321.910577644286
15.09,100,0,3082.85021879754,84.981825578408,4,1.02121070898215,1.00121070898215,324.161007916497,324.553472560445
15.1,100,0,3086.9267960747,85.0129736640051,4,1.02250010717647,1.00250010717647,325.846880796983,326.661532922095
15.11,100,0,3090.31582501115,85.0443586648315,4,1.02348239052245,1.00348239052245,327.197046940375,328.336474835615
15.12,100,0,3093.15462362819,85.0759302068176,4,1.02421985789512,1.00421985789512,328.276763323216,329.66204461471
15.13,100,0,3095.55366158434,85.1076477197906,4,1.02476229834894,1.00476229834894,329.139212517563,330.706671645907
15.14,100,0,3097.60158646155,85.1394786203892,4,1.02514945698255,1.00514945698255,329.827506412455,331.525938968388
15.15,100,0,3099.36939317057,85.1713967974846,4,1.02541303198466,1.00541303198466,330.376447214687,332.16478549044
15.16,100,0,3100.91384997851,85.2033813631305,4,1.02557828556163,1.00557828556163,330.814036782673,332.659411947642
15.17,100,0,3102.28029326095,85.235415630863,4,1.02566533930088,1.00566533930088,331.162747131035,333.038896457345
15.18,100,0,3103.50489446046,85.267486285214,4,1.02569021318315,1.00569021318315,331.440575754715,333.326543288306
15.19,100,0,3104.61649086084,85.299582709946,4,1.02566565732797,1.00566565732797,331.66191349353,333.540996244123
15.2,100,0,3105.63805903542,85.3316964467381,4,1.0256018167802,1.0056018167802,331.838252824565,333.69714991755
15.21,100,0,3106.58789752889,85.3638207602892,4,1.02550676219878,1.00550676219878,331.97876255313,333.806890653554
15.22,100,0,3107.48057415487,85.3959502897302,4,1.0253869130882,1.0053869130882,332.090751999823,333.879696018242
15.23,100,0,3108.32768350529,85.4280807697274,4,1.02524737507632,1.00524737507632,332.180044617435,333.923117904413
15.24,100,0,3109.13845191226,85.4602088076616,4,1.02509220853624,1.00509220853624,332.251277887253,333.943170680688
15.25,100,0,3109.9202200939,85.4923317058092,4,1.02492464243012,1.00492464243012,332.308143526842,333.944642310328
15.26,100,0,3110.67882791087,85.5244473195593,4,1.02474724448561,1.00474724448561,332.353579567703,333.931343265577
15.27,100,0,3111.418920899,85.5565539444417,4,1.02456205658556,1.00456205658556,332.38992374592,333.906305386518
15.28,100,0,3112.14419436528,85.5886502261581,4,1.02437070246032,1.00437070246032,332.419035872792,333.87194057074
15.29,100,0,3112.85758769366,85.6207350889627,4,1.02417447333619,1.00417447333619,332.442395380863,333.8301672962
15.3,100,0,3113.56143897367,85.6528076786672,4,1.02397439604485,1.00397439604485,332.461179033251,333.782511428267
15.31,100,0,3114.25760802801,85.6848673172946,4,1.02377128718167,1.00377128718167,332.476322800547,333.730186494934
15.32,100,0,3114.94757428232,85.7169134670073,4,1.02356579616838,1.00356579616838,332.488571112836,333.674157585742
15.33,100,0,3115.63251461273,85.7489457014166,4,1.02335843949259,1.00335843949259,332.498516051704,333.61519219924
15.34,100,0,3116.31336526278,85.7809636827649,4,1.02314962793157,1.00314962793157,332.506628530482,333.553900695135
15.35,100,0,3116.99087108714,85.8129671437802,4,1.02293968819812,1.00293968819812,332.513283096631,333.490768470667
15.36,100,0,3117.66562471508,85.8449558732459,4,1.02272888015144,1.00272888015144,332.518777658636,333.426181550968
15.37,100,0,3118.33809769676,85.8769297045256,4,1.02251741048223,1.00251741048223,332.523349174825,333.360446939625
15.38,100,0,3119.00866527363,85.9088885064387,4,1.02230544359448,1.00230544359448,332.527186130079,333.293808801332
15.39,100,0,3119.67762607841,85.9408321760034,4,1.02209311025852,1.00209311025852,332.530438457781,333.226461329787
15.4,100,0,3120.34521780286,85.972760632667,4,1.02188051449217,1.00188051449217,332.53322543006,333.15855897961
15.41,100,0,3121.01162965917,86.004673813716,4,1.02166773903296,1.00166773903296,332.535641932355,333.090224602257
15.42,100,0,3121.67701229126,86.0365716706273,4,1.02145484969016,1.00145484969016,332.537763453224,333.02155591535
15.43,100,0,3122.34148565836,86.0684541661654,4,1.02124189880606,1.00124189880606,332.539650052541,332.952630646909
15.44,100,0,3123.00514530588,86.1003212720737,4,1.021028928009,1.001028928009,332.541349517342,332.883510626012
15.45,100,0,3123.66806735375,86.1321729672389,4,1.02081597040313,1.00081597040313,332.542899871704,332.814245035772
15.46,100,0,3124.33031246459,86.1640092362298,4,1.02060305231025,1.00060305231025,332.544331372966,332.744873000262
15.47,100,0,3124.99192900078,86.1958300681363,4,1.02039019465546,1.00039019465546,332.545668099471,332.67542564186
15.48,100,0,3125.65295553601,86.2276354556445,4,1.02017741406946,1.00017741406946,332.546929213476,332.605927717475
15.49,100,0,3126.31342285365,86.2594253943022,4,1.01996472376557,0.99996472376557,332.548129965743,332.536398919951
15.5,100,0,3126.97335553679,86.2911998819334,4,1.01975213423742,0.999752134237422,332.54928249467,332.46685491317
15.51,100,0,3127.63277323344,86.3229589181734,4,1.01953965381418,0.999539653814175,332.550396462034,332.397308155428
15.52,100,0,3128.29169166332,86.3547025040981,4,1.01932728910225,0.99932728910225,332.551479558762,332.3277685544
15.53,100,0,3128.95012341911,86.3864306419297,4,1.01911504533686,0.999115045336861,332.552537907331,332.258243988171
15.54,100,0,3129.60807860405,86.4181433348023,4,1.01890292666176,0.998902926661756,332.553576381943,332.188740719757
15.55,100,0,3130.26556533944,86.4498405865748,4,1.01869093635185,0.998690936351853,332.554598863285,332.119263726889
15.56,100,0,3130.92259016859,86.4815224016831,4,1.01847907699042,0.998479076990423,332.555608441248,332.049816964406
15.57,100,0,3131.57915837832,86.5131887850214,4,1.01826735061012,0.998267350610123,332.556607576256,331.980403573039
15.58,100,0,3132.23527425489,86.5448397418486,4,1.01805575880525,0.998055758805248,332.557598227645,331.911026045543
15.59,100,0,3132.89094128778,86.5764752777129,4,1.01784430282109,0.997844302821089,332.558581955851,331.841686358906
15.6,100,0,3133.5461623318,86.6080953983929,4,1.01763298362507,0.997632983625066,332.559560003724,331.772386079555
15.61,100,0,3134.20093973632,86.6397001098495,4,1.01742180196336,0.997421801963357,332.560533361269,331.703126447092
15.62,100,0,3134.85527544803,86.6712894181883,4,1.01721075840598,0.997210758405982,332.561502817167,331.63390844094
15.63,100,0,3135.50917109281,86.70286332963,4,1.0169998533827,0.996999853382699,332.562468999793,331.564732833382
15.64,100,0,3136.16262804095,86.734421850486,4,1.01678908721159,0.99678908721159,332.56343240987,331.495600231788
15.65,100,0,3136.81564745903,86.7659649871392,4,1.01657846012181,0.996578460121813,332.564393446466,331.426511112224
15.66,100,0,3137.46823035126,86.7974927460293,4,1.01636797227173,0.996367972271731,332.565352427691,331.357465846212
15.67,100,0,3138.12037759241,86.8290051336406,4,1.01615762376334,0.996157623763342,332.566309607175,331.288464722027
15.68,100,0,3138.77208995407,86.860502156492,4,1.01594741465377,0.995947414653774,332.567265187196,331.219507961664
15.69,100,0,3139.42336812548,86.8919838211298,4,1.01573734496444,0.995737344964439,332.568219329121,331.15059573433
15.7,100,0,3140.07421273018,86.9234501341214,4,1.01552741468833,0.995527414688328,332.569172161736,331.081728167211
15.71,100,0,3140.72462433929,86.9549011020503,4,1.01531762379581,0.99531762379581,332.570123787868,331.012905354019
15.72,100,0,3141.37460348205,86.9863367315126,4,1.01510797223927,0.995107972239271,332.571074289663,330.944127361823
15.73,100,0,3142.02415065424,87.0177570291136,4,1.01489845995679,0.99489845995679,332.572023732794,330.87539423647
15.74,100,0,3142.67326632487,87.0491620014653,4,1.01468908687508,0.994689086875078,332.572972169805,330.806706006914
15.75,100,0,3143.32195094151,87.0805516551848,4,1.01447985291182,0.994479852911818,332.573919642778,330.738062688657
15.76,100,0,3143.97020493459,87.1119259968925,4,1.01427075797753,0.994270757977526,332.574866185465,330.669464286496
15.77,100,0,3144.61802872073,87.1432850332108,4,1.01406180197704,0.994061801977041,332.575811824971,330.600910796708
15.78,100,0,3145.26542270549,87.1746287707632,4,1.0138529848107,0.993852984810702,332.576756583109,330.532402208785
15.79,100,0,3145.91238728551,87.2059572161736,4,1.01364430637529,0.993644306375294,332.577700477473,330.463938506829
15.8,100,0,3146.55892285022,87.2372703760656,4,1.0134357665648,0.993435766564801,332.578643522294,330.395519670652
15.81,100,0,3147.2050297832,87.2685682570618,4,1.013227365271,0.993227365271002,332.57958572912,330.327145676655
15.82,100,0,3147.85070846329,87.2998508657839,4,1.01301910238395,0.993019102383946,332.580527107364,330.258816498534
15.83,100,0,3148.49595926547,87.3311182088518,4,1.01281097779234,0.992810977792339,332.581467664735,330.190532107837
15.84,100,0,3149.14078256151,87.3623702928839,4,1.01260299138384,0.992602991383841,332.582407407581,330.122292474405
15.85,100,0,3149.78517872055,87.3936071244963,4,1.01239514304531,0.99239514304531,332.583346341168,330.054097566732
15.86,100,0,3150.42914810956,87.4248287103033,4,1.01218743266299,0.992187432662993,332.584284469898,329.985947352247
15.87,100,0,3151.07266222857,87.4560351075042,4,1.01198740429855,0.991987404298547,332.585692222097,329.920817534234
15.88,100,0,3151.71453377622,87.4872285604414,4,1.01185739888069,0.991857398880689,332.590999153784,329.882843311802
15.89,100,0,3152.3542036105,87.5184105984594,4,1.01172696344558,0.991726963445575,332.595408995928,329.843835019471
15.9,100,0,3152.99203777122,87.5495811021772,4,1.01159619786709,0.991596197867086,332.599099433597,329.804002412372
15.91,100,0,3153.62832980839,87.5807399765316,4,1.01146518221095,0.991465182210949,332.602212911826,329.763513628388
15.92,100,0,3154.26331515797,87.6118871459534,4,1.01133398066427,0.99133398066427,332.604863628993,329.722503449626
15.93,100,0,3154.89718266491,87.6430225505,4,1.01120264468496,0.991202644684957,332.607143141753,329.681079923214
15.94,100,0,3155.53008381987,87.6741461427573,4,1.01107121552601,0.99107121552601,332.60912485722,329.639329667287
15.95,100,0,3156.16214016341,87.7052578853547,4,1.01093972625885,0.99093972625885,332.610867633374,329.597322123334
15.96,100,0,3156.79344922153,87.7363577489743,4,1.01080820339518,0.990808203395178,332.612418664794,329.555112964189
15.97,100,0,3157.42408926404,87.7674457107546,4,1.01067666818708,0.990676668187075,332.613815795649,329.512746825423
15.98,100,0,3158.05412311927,87.7985217530114,4,1.01054513766923,0.990545137669232,332.615089373672,329.470259494508
15.99,100,0,3158.68360123262,87.8295858622111,4,1.01041362549449,0.990413625494492,332.616263736277,329.427679665478
16,100,0,3159.31256411867,87.8606380281493,4,1.01028214260373,0.990282142603726,332.617358401839,329.385030345365
16.01,100,0,3159.94104432746,87.8916782432908,4,1.01015069776292,0.990150697762922,332.618389024687,329.342329981573
16.02,100,0,3160.56906802101,87.9227065022413,4,1.01001929799381,0.990019297993814,332.619368160692,329.299593365595
16.03,100,0,3161.19665623761,87.9537228013234,4,1.00988794891919,0.989887948919189,332.62030588106,329.256832357476
16.04,100,0,3161.82382590566,87.9847271382366,4,1.00975665503977,0.989756655039775,332.62121026443,329.214056466603
16.05,100,0,3162.45059065667,88.015719511785,4,1.00962541995629,0.989625419956286,332.622087791441,329.171273317341
16.06,100,0,3163.07696147738,88.0466999216586,4,1.0094942465475,0.989494246547497,332.622943661103,329.128489022354
16.07,100,0,3163.70294723272,88.077668368258,4,1.00936313711305,0.989363137113051,332.623782044482,329.085708481936
16.08,100,0,3164.32855508532,88.1086248525536,4,1.009232093488,0.989232093488003,332.62460628813,329.04293562403
16.09,100,0,3164.9537908319,88.1395693759733,4,1.00910111713469,0.989101117134693,332.625419077229,329.000173596682
16.1,100,0,3165.57865917327,88.1705019403119,4,1.00897020921643,0.988970209216432,332.626222566419,328.957424922383
16.11,100,0,3166.20316393078,88.2014225476581,4,1.00883937065662,0.98883937065662,332.627018484736,328.914691621834
16.12,100,0,3166.82730822002,88.2323312003372,4,1.00870860218616,0.988708602186162,332.627808219771,328.871975313216
16.13,100,0,3167.45109459018,88.2632279008634,4,1.00857790438151,0.988577904381509,332.628592885173,328.829277291795
16.14,100,0,3168.07452513588,88.2941126519032,4,1.00844727769518,0.988447277695181,332.629373374801,328.786598593776
16.15,100,0,3168.69760158682,88.324985456245,4,1.00831672248025,0.98831672248025,332.630150406157,328.743940047526
16.16,100,0,3169.3203253798,88.3558463167747,4,1.00818623900999,0.988186239009987,332.630924555236,328.701302314654
16.17,100,0,3169.94269771648,88.386695236457,4,1.00805582749363,0.988055827493629,332.631696284477,328.658685922968
16.18,100,0,3170.5647196097,88.4175322183194,4,1.00792548808903,0.987925488089027,332.632465965189,328.616091292917
16.19,100,0,3171.1863919207,88.4483572654398,4,1.0077952209128,0.987795220912798,332.633233895554,328.573518758797
16.2,100,0,3171.80771538896,88.4791703809368,4,1.00766502604847,0.98766502604847,332.634000315056,328.530968585777
16.21,100,0,3172.42869065618,88.5099715679612,4,1.00753490355302,0.98753490355302,332.634765416072,328.488440983542
16.22,100,0,3173.04931828546,88.5407608296901,4,1.00740485346212,0.987404853462124,332.635529353166,328.445936117259
16.23,100,0,3173.66959877681,88.5715381693214,4,1.00727487579436,0.987274875794365,332.636292250552,328.403454116362
16.24,100,0,3174.28953257948,88.6023035900694,4,1.00714497055461,0.987144970554615,332.637054208081,328.36099508161
16.25,100,0,3174.90912010191,88.6330570951623,4,1.00701513773675,0.987015137736748,332.637815306043,328.318559090744
16.26,100,0,3175.52836171977,88.6637986878387,4,1.00688537732582,0.986885377325819,332.638575609026,328.276146203037
16.27,100,0,3176.14725778228,88.6945283713459,4,1.00675568929981,0.986755689299812,332.639335169015,328.233756462933
16.28,100,0,3176.76580861746,88.725246148938,4,1.00662607363105,0.986626073631046,332.64009402787,328.191389902979
16.29,100,0,3177.38401453618,88.7559520238745,4,1.0064965302873,0.986496530287296,332.640852219324,328.149046546172
16.3,100,0,3178.00187583551,88.7866459994193,4,1.00636705923271,0.986367059232705,332.641609770586,328.106726407846
16.31,100,0,3178.61939280138,88.81732807884,4,1.00623766042851,0.986237660428507,332.642366703623,328.064429497183
16.32,100,0,3179.23656571074,88.8479982654067,4,1.00610833383361,0.986108333833611,332.643123036194,328.02215581843
16.33,100,0,3179.85339483325,88.8786565623917,4,1.00597907940507,0.985979079405069,332.643878782678,327.979905371876
16.34,100,0,3180.46988043268,88.9093029730691,4,1.00584989709845,0.985849897098451,332.644633954739,327.937678154632
16.35,100,0,3181.08602276798,88.9399375007144,4,1.00572078686815,0.985720786868152,332.645388561862,327.89547416126
16.36,100,0,3181.70182209424,88.9705601486039,4,1.00559174866763,0.985591748667628,332.646142611777,327.853293384283
16.37,100,0,3182.31727866335,89.001170920015,4,1.0054627824496,0.985462782449598,332.646896110812,327.811135814583
16.38,100,0,3182.93239272458,89.0317698182256,4,1.00533388816619,0.985333888166191,332.647649064158,327.76900144173
16.39,100,0,3183.54716452506,89.0623568465142,4,1.00520506576908,0.985205065769081,332.648401476104,327.726890254245
16.4,100,0,3184.16159431014,89.0929320081593,4,1.00507631520958,0.985076315209585,332.649153350206,327.684802239809
16.41,100,0,3184.77568232371,89.12349530644,4,1.00494763643874,0.98494763643874,332.649904689433,327.642737385429
16.42,100,0,3185.38942880839,89.1540467446355,4,1.00481902940737,0.984819029407373,332.650655496284,327.600695677577
16.43,100,0,3186.00283400577,89.1845863260249,4,1.00469049406615,0.984690494066152,332.651405772878,327.558677102296
16.44,100,0,3186.61589815656,89.2151140538876,4,1.00456203036563,0.984562030365627,332.65215552103,327.516681645288
16.45,100,0,3187.22862150067,89.2456299315028,4,1.00443363825626,0.984433638256264,332.65290474231,327.474709291986
16.46,100,0,3187.84100427737,89.2761339621499,4,1.00430531768847,0.984305317688473,332.653653438089,327.43276002761
16.47,100,0,3188.45304672533,89.3066261491081,4,1.00417706861263,0.984177068612628,332.654401609583,327.390833837207
16.48,100,0,3189.06474908271,89.3371064956564,4,1.00404889097909,0.984048890979087,332.655149257877,327.348930705696
16.49,100,0,3189.6761115872,89.3675750050741,4,1.0039207847382,0.983920784738203,332.655896383955,327.307050617891
16.5,100,0,3190.28713447603,89.39803168064,4,1.00379274984034,0.983792749840339,332.656642988717,327.265193558526
16.51,100,0,3190.89781798608,89.4284765256331,4,1.00366478623587,0.983664786235872,332.657389072998,327.223359512274
16.52,100,0,3191.50816235385,89.458909543332,4,1.00353689387521,0.983536893875206,332.658134637578,327.181548463763
16.53,100,0,3192.11816781547,89.4893307370153,4,1.00340907270877,0.983409072708772,332.658879683193,327.139760397588
16.54,100,0,3192.72783460678,89.5197401099616,4,1.00328132268704,0.983281322687038,332.659624210546,327.097995298318
16.55,100,0,3193.33716296329,89.550137665449,4,1.00315364376051,0.983153643760509,332.660368220309,327.056253150509
16.56,100,0,3193.9461531202,89.580523406756,4,1.00302603587973,0.98302603587973,332.661111713133,327.014533938705
16.57,100,0,3194.55480531244,89.6108973371604,4,1.00289849899529,0.982898498995291,332.661854689649,326.972837647445
16.58,100,0,3195.16311977464,89.6412594599401,4,1.00277103305783,0.982771033057828,332.662597150473,326.931164261271
16.59,100,0,3195.77109674116,89.671609778373,4,1.00264363801802,0.982643638018021,332.66333909621,326.889513764722
16.6,100,0,3196.37873644609,89.7019482957366,4,1.0025163138266,0.982516313826602,332.664080527452,326.847886142348
16.61,100,0,3196.98603912324,89.7322750153084,4,1.00238906043435,0.982389060434349,332.664821444786,326.806281378704
16.62,100,0,3197.59300500616,89.7625899403656,4,1.00226187779209,0.982261877792092,332.665561848789,326.764699458353
16.63,100,0,3198.19963432816,89.7928930741854,4,1.00213476585071,0.982134765850708,332.666301740034,326.72314036587
16.64,100,0,3198.80592732226,89.8231844200448,4,1.00200772456113,0.982007724561128,332.66704111909,326.68160408584
16.65,100,0,3199.42612751715,89.8534624356204,4,1.002,0.982,332.604476361687,326.617595787176
16.66,100,0,3200.07266942986,89.8837266540464,4,1.002,0.982,332.554305558087,326.568328058042
16.67,100,0,3200.7389627698,89.9139789434348,4,1.002,0.982,332.516978531047,326.531672917488
16.68,100,0,3201.41994348329,89.9442207158137,4,1.002,0.982,332.489239751316,326.504433435793
16.69,100,0,3202.11183073951,89.9744530252023,4,1.002,0.982,332.468660302359,326.484224416917
16.7,100,0,3202.81180124132,90.0046766584755,4,1.002,0.982,332.453427477692,326.469265783094
16.71,100,0,3203.51774638407,90.0348922031149,4,1.002,0.982,332.44218813116,326.458228744799
16.72,100,0,3204.22809111734,90.0651000977457,4,1.002,0.982,332.433931967959,326.450121192535
16.73,100,0,3204.94165878959,90.0953006698434,4,1.002,0.982,332.42790454642,326.444202264584
16.74,100,0,3205.65757027692,90.1254941638767,4,1.002,0.982,332.423542399747,326.439918636551
16.75,100,0,3206.3751686831,90.1556807623154,4,1.002,0.982,332.420424637204,326.436856993735
16.76,100,0,3207.0939631184,90.1858606013161,4,1.002,0.982,332.418236828975,326.434708566054
16.77,100,0,3207.81358671632,90.2160337824352,4,1.002,0.982,332.416744050936,326.433242658019
16.78,100,0,3208.53376527831,90.2462003813766,4,1.002,0.982,332.415770762226,326.432286888506
16.79,100,0,3209.25429385291,90.2763604545262,4,1.002,0.982,332.415185781111,326.431712437051
16.8,100,0,3209.97501923944,90.3065140438332,4,1.002,0.982,332.414891065736,326.431423026553
16.81,100,0,3210.69582691625,90.3366611804571,4,1.002,0.982,332.414813335104,326.431346695072
16.82,100,0,3211.41663127345,90.3668018874927,4,1.002,0.982,332.414897810471,326.431429649882
16.83,100,0,3212.13736831409,90.3969361820064,4,1.002,0.982,332.415103540045,326.431631676325
16.84,100,0,3212.8579901995,90.4270640765581,4,1.002,0.982,332.41539990608,326.431922707771
16.85,100,0,3213.57846117228,90.4571855803386,4,1.002,0.982,332.415764015045,326.432280262775
16.86,100,0,3214.29875450883,90.4873007000197,4,1.002,0.982,332.416178747444,326.43268752999
16.87,100,0,3215.01885024124,90.5174094403901,4,1.002,0.982,332.416631300395,326.433131936988
16.88,100,0,3215.73873345402,90.5475118048302,4,1.002,0.982,332.417112098371,326.433604080601
16.89,100,0,3216.45839301069,90.5776077956679,4,1.002,0.982,332.417613979027,326.434096927405
16.9,100,0,3217.17782060151,90.6076974144438,4,1.002,0.982,332.418131584569,326.434605216047
16.91,100,0,3217.89701003137,90.6377806621101,4,1.002,0.982,332.41866090676,326.435125010438
16.92,100,0,3218.6159566872,90.667857539179,4,1.002,0.982,332.419198946724,326.435653365683
16.93,100,0,3219.33465713964,90.6979280458342,4,1.002,0.982,332.419743460584,326.436188078294
16.94,100,0,3220.05310884506,90.7279921820138,4,1.002,0.982,332.420292769241,326.436727499395
16.95,100,0,3220.77130992264,90.7580499474722,4,1.002,0.982,332.420845616119,326.437270395029
16.96,100,0,3221.48925898761,90.7881013418273,4,1.002,0.982,332.421401060769,326.437815841675
16.97,100,0,3222.20695502646,90.8181463645947,4,1.002,0.982,332.421958399287,326.438363148099
16.98,100,0,3222.92439730357,90.8481850152142,4,1.002,0.982,332.422517104776,326.43891179689
16.99,100,0,3223.64158529137,90.8782172930689,4,1.002,0.982,332.423076782812,326.439461400722
17,100,0,3224.35851861797,90.9082431975001,4,1.002,0.982,332.423637138118,326.440011669632
17.01,100,0,3225.0751970281,90.938262727818,4,1.002,0.982,332.42419794963,326.440562386536
17.02,100,0,3225.79162035375,90.9682758833101,4,1.002,0.982,332.424759051838,326.441113388905
17.03,100,0,3226.50778849226,90.998282663247,4,1.002,0.982,332.425320320825,326.44166455505
17.04,100,0,3227.22370138991,91.0282830668874,4,1.002,0.982,332.425881663809,326.44221579386
17.05,100,0,3227.9393590296,91.0582770934812,4,1.002,0.982,332.426443011328,326.442767037124
17.06,100,0,3228.65476142167,91.088264742272,4,1.002,0.982,332.427004311378,326.443318233773
17.07,100,0,3229.36990859698,91.1182460124996,4,1.002,0.982,332.427565525031,326.44386934558
17.08,100,0,3230.08480060175,91.1482209034006,4,1.002,0.982,332.428126623153,326.444420343936
17.09,100,0,3230.79943749373,91.1781894142102,4,1.002,0.982,332.428687583944,326.444971207433
17.1,100,0,3231.51381933923,91.2081515441626,4,1.002,0.982,332.429248391101,326.445521920061
17.11,100,0,3232.22794621103,91.2381072924917,4,1.002,0.982,332.429809032435,326.446072469852
17.12,100,0,3232.94181818671,91.2680566584318,4,1.002,0.982,332.430369498844,326.446622847865
17.13,100,0,3233.65543534742,91.2979996412174,4,1.002,0.982,332.430929783534,326.447173047431
17.14,100,0,3234.368797777,91.3279362400839,4,1.002,0.982,332.431489881445,326.447723063579
17.15,100,0,3235.08190556128,91.3578664542678,4,1.002,0.982,332.432049788812,326.448272892614
17.16,100,0,3235.79475878757,91.3877902830066,4,1.002,0.982,332.432609502847,326.448822531796
17.17,100,0,3236.50735754429,91.4177077255389,4,1.002,0.982,332.433169021486,326.449371979099
17.18,100,0,3237.21970192063,91.4476187811047,4,1.002,0.982,332.433728343215,326.449921233037
17.19,100,0,3237.93179200641,91.4775234489455,4,1.002,0.982,332.434287466927,326.450470292522
17.2,100,0,3238.64362789187,91.5074217283039,4,1.002,0.982,332.434846391823,326.45101915677
17.21,100,0,3239.35520966753,91.5373136184242,4,1.002,0.982,332.435405117336,326.451567825224
17.22,100,0,3240.06653742416,91.5671991185519,4,1.002,0.982,332.435963643068,326.452116297492
17.23,100,0,3240.77761125268,91.5970782279342,4,1.002,0.982,332.436521968753,326.452664573315
17.24,100,0,3241.48843124408,91.6269509458196,4,1.002,0.982,332.437080094221,326.453212652525
17.25,100,0,3242.19899748944,91.6568172714584,4,1.002,0.982,332.437638019375,326.453760535026
17.26,100,0,3242.90931007985,91.686677204102,4,1.002,0.982,332.438195744172,326.454308220777
17.27,100,0,3243.61936910643,91.7165307430036,4,1.002,0.982,332.438753268612,326.454855709777
17.28,100,0,3244.32917466027,91.7463778874179,4,1.002,0.982,332.439310592721,326.455403002052
17.29,100,0,3245.03872683246,91.7762186366009,4,1.002,0.982,332.439867716552,326.455950097654
17.3,100,0,3245.74802571405,91.8060529898103,4,1.002,0.982,332.440424640175,326.456496996652
17.31,100,0,3246.45707139607,91.8358809463054,4,1.002,0.982,332.440981363669,326.457043699123
17.32,100,0,3247.16586396949,91.8657025053468,4,1.002,0.982,332.441537887128,326.457590205159
17.33,100,0,3247.87440352526,91.8955176661968,4,1.002,0.982,332.442094210648,326.458136514856
17.34,100,0,3248.58269015426,91.9253264281192,4,1.002,0.982,332.442650334335,326.458682628317
17.35,100,0,3249.29072394735,91.9551287903791,4,1.002,0.982,332.443206258295,326.459228545646
17.36,100,0,3249.99850499531,91.9849247522436,4,1.002,0.982,332.44376198264,326.459774266952
17.37,100,0,3250.7060333889,92.0147143129808,4,1.002,0.982,332.444317507482,326.460319792347
17.38,100,0,3251.41330921879,92.0444974718607,4,1.002,0.982,332.444872832935,326.460865121942
17.39,100,0,3252.12033257564,92.0742742281546,4,1.002,0.982,332.445427959116,326.461410255852
17.4,100,0,3252.82710355003,92.1040445811354,4,1.002,0.982,332.44598288614,326.461955194189
17.41,100,0,3253.53362223249,92.1338085300776,4,1.002,0.982,332.446537614124,326.46249993707
17.42,100,0,3254.23988871351,92.1635660742571,4,1.002,0.982,332.447092143186,326.463044484608
17.43,100,0,3254.94590308351,92.1933172129514,4,1.002,0.982,332.447646473443,326.463588836921
17.44,100,0,3255.65166543287,92.2230619454396,4,1.002,0.982,332.448200605013,326.464132994123
17.45,100,0,3256.3571758519,92.252800271002,4,1.002,0.982,332.448754538015,326.46467695633
17.46,100,0,3257.06243443088,92.2825321889208,4,1.002,0.982,332.449308272564,326.465220723658
17.47,100,0,3257.76744126001,92.3122576984796,4,1.002,0.982,332.44986180878,326.465764296222
17.48,100,0,3258.47219642947,92.3419767989634,4,1.002,0.982,332.45041514678,326.466307674138
17.49,100,0,3259.17670002934,92.3716894896587,4,1.002,0.982,332.450968286682,326.466850857522
17.5,100,0,3259.88095214969,92.4013957698538,4,1.002,0.982,332.451521228603,326.467393846489
17.51,100,0,3260.58495288052,92.4310956388384,4,1.002,0.982,332.452073972661,326.467936641153
17.52,100,0,3261.28870231177,92.4607890959034,4,1.002,0.982,332.452626518972,326.468479241631
17.53,100,0,3261.99220053333,92.4904761403417,4,1.002,0.982,332.453178867655,326.469021648037
17.54,100,0,3262.69544763505,92.5201567714475,4,1.002,0.982,332.453731018826,326.469563860487
17.55,100,0,3263.3984437067,92.5498309885163,4,1.002,0.982,332.454282972601,326.470105879094
17.56,100,0,3264.10118883803,92.5794987908456,4,1.002,0.982,332.454834729099,326.470647703975
17.57,100,0,3264.80368311871,92.609160177734,4,1.002,0.982,332.455386288434,326.471189335243
17.58,100,0,3265.50592663838,92.6388151484817,4,1.002,0.982,332.455937650725,326.471730773012
17.59,100,0,3266.20791948659,92.6684637023907,4,1.002,0.982,332.456488816086,326.472272017396
17.6,100,0,3266.90966175289,92.6981058387641,4,1.002,0.982,332.457039784634,326.47281306851
17.61,100,0,3267.61115352673,92.7277415569068,4,1.002,0.982,332.457590556484,326.473353926468
17.62,100,0,3268.31239489753,92.7573708561251,4,1.002,0.982,332.458141131754,326.473894591382
17.63,100,0,3269.01338595465,92.7869937357269,4,1.002,0.982,332.458691510557,326.474435063367
17.64,100,0,3269.71412678741,92.8166101950214,4,1.002,0.982,332.459241693011,326.474975342536
17.65,100,0,3270.41461748507,92.8462202333197,4,1.002,0.982,332.459791679229,326.475515429003
17.66,100,0,3271.11485813682,92.875823849934,4,1.002,0.982,332.460341469328,326.47605532288
17.67,100,0,3271.81484883183,92.9054210441782,4,1.002,0.982,332.460891063422,326.47659502428
17.68,100,0,3272.5145896592,92.9350118153677,4,1.002,0.982,332.461440461625,326.477134533316
17.69,100,0,3273.21408070796,92.9645961628196,4,1.002,0.982,332.461989664054,326.477673850101
17.7,100,0,3273.91332206713,92.9941740858521,4,1.002,0.982,332.462538670821,326.478212974747
17.71,100,0,3274.6123138318,93.0237455840991,4,1.0019982623852,0.981998262385197,332.464374770344,326.479438329459
17.72,100,0,3275.30914345835,93.0533109190509,4,1.00198912670363,0.981989126703626,332.470507405039,326.482423221386
17.73,100,0,3276.00350137059,93.0828700536416,4,1.00197993504923,0.981979935049226,332.475306872528,326.484080248156
17.74,100,0,3276.69591788586,93.1124228372478,4,1.00197070166283,0.981970701662833,332.479092447969,326.484727699355
17.75,100,0,3277.38679633301,93.1419691552176,4,1.00196143737296,0.981961437372959,332.482106882637,326.484607575264
17.76,100,0,3278.07644348649,93.1715089202492,4,1.00195215041392,0.981952150413923,332.484534755402,326.483903882439
17.77,100,0,3278.76509270235,93.201042065838,4,1.00194284704772,0.981942847047716,332.486516421517,326.482756539921
17.78,100,0,3279.45292150703,93.2305685412946,4,1.00193353203668,0.981933532036682,332.488158615073,326.481271949271
17.79,100,0,3280.14006496961,93.2600883079566,4,1.00192420900285,0.981924209002849,332.489542508145,326.47953102903
17.8,100,0,3280.82662586897,93.2896013363091,4,1.00191488070109,0.981914880701095,332.490729836962,326.477595322081
17.81,100,0,3281.51268242453,93.3191076037949,4,1.00190554922683,0.981905549226827,332.491767558935,326.475511638355
17.82,100,0,3282.19829417485,93.3486070931497,4,1.00189621617389,0.981896216173892,332.492691393074,326.473315584333
17.83,100,0,3282.88350644799,93.3780997911351,4,1.00188688275464,0.981886882754641,332.493528511668,326.471034246413
17.84,100,0,3283.56835376146,93.4075856875765,4,1.00187754989123,0.981877549891233,332.494299586834,326.468688231122
17.85,100,0,3284.25286240796,93.4370647746302,4,1.00186821828508,0.981868218285075,332.495020346659,326.466293216433
17.86,100,0,3284.93705242228,93.4665370462263,4,1.00185888846963,0.981858888469626,332.495702758523,326.463861131411
17.87,100,0,3285.62093907743,93.4960024976451,4,1.00184956085057,0.981849560850566,332.496355929002,326.461401053304
17.88,100,0,3286.30453402281,93.5254611251948,4,1.00184023573635,0.981840235736348,332.496986788261,326.458919889812
17.89,100,0,3286.98784615014,93.554912925966,4,1.00183091336144,0.981830913361441,332.497600610607,326.456422898
17.9,100,0,3287.6708822523,93.5843578976451,4,1.00182159390401,0.981821593904011,332.498201410433,326.453914079008
17.91,100,0,3288.35364752458,93.6137960383727,4,1.00181227749937,0.981812277499373,332.498792243425,326.451396478308
17.92,100,0,3289.03614594626,93.643227346635,4,1.00180296425023,0.981802964250232,332.499375435694,326.448872414115
17.93,100,0,3289.71838057081,93.672651821182,4,1.00179365423446,0.981793654234463,332.49995275811,326.446343651171
17.94,100,0,3290.40035374695,93.7020694609648,4,1.00178434751105,0.981784347511048,332.500525558947,326.443811532972
17.95,100,0,3291.08206728671,93.7314802650877,4,1.00177504412458,0.981775044124582,332.501094864814,326.441277082375
17.96,100,0,3291.76352259354,93.7608842327726,4,1.00176574410871,0.981765744108706,332.501661457462,326.438741078166
17.97,100,0,3292.44472075971,93.7902813633306,4,1.00175644748872,0.981756447488722,332.502225932236,326.436204113325
17.98,100,0,3293.12566264049,93.8196716561417,4,1.00174715428358,0.981747154283583,332.502788742568,326.433666639372
17.99,100,0,3293.80634891065,93.8490551106381,4,1.00173786450741,0.981737864507407,332.503350233834,326.431129000122
18,100,0,3294.48678010748,93.8784317262927,4,1.00172857817063,0.981728578170627,332.503910669132,326.42859145738
18.01,100,0,3295.16695666351,93.9078015026094,4,1.00171929528088,0.981719295280876,332.504470248908,326.426054210498
18.02,100,0,3295.84687893147,93.9371644391163,4,1.00171001584365,0.981710015843648,332.505029125892,326.423517411272
18.03,100,0,3296.52654720327,93.9665205353599,4,1.00170073986281,0.98170073986281,332.505587416473,326.42098117527
18.04,100,0,3297.20596172448,93.9958697909015,4,1.00169146734099,0.981691467340992,332.506145209363,326.418445590477
18.05,100,0,3297.88512270534,94.0252122053138,4,1.00168219827988,0.981682198279879,332.506702572186,326.415910723858
18.06,100,0,3298.56403032917,94.0545477781786,4,1.00167293268044,0.981672932680437,332.507259556506,326.41337662637
18.07,100,0,3299.24268475873,94.083876509085,4,1.00166367054308,0.981663670543085,332.507816201649,326.410843336776
18.08,100,0,3299.92108614112,94.1131983976278,4,1.00165441186782,0.981654411867824,332.50837253762,326.408310884545
18.09,100,0,3300.59923461149,94.1425134434068,4,1.00164515665434,0.981645156654339,332.508928587317,326.405779292063
18.1,100,0,3301.27713029587,94.171821646026,4,1.00163590490207,0.981635904902071,332.509484368229,326.403248576327
18.11,100,0,3301.95477331329,94.2011230050924,4,1.00162665661028,0.981626656610278,332.510039893715,326.400718750217
18.12,100,0,3302.63216377748,94.2304175202163,4,1.00161741177808,0.981617411778078,332.510595173993,326.398189823483
18.13,100,0,3303.30930179809,94.2597051910105,4,1.00160817040448,0.981608170404482,332.511150216884,326.395661803485
18.14,100,0,3303.98618748163,94.2889860170901,4,1.00159893248842,0.98159893248842,332.511705028382,326.393134695764
18.15,100,0,3304.66282093223,94.3182599980725,4,1.00158969802876,0.981589698028759,332.512259613089,326.390608504473
18.16,100,0,3305.33920225219,94.3475271335767,4,1.00158046702432,0.981580467024322,332.512813974545,326.388083232705
18.17,100,0,3306.01533154236,94.3767874232239,4,1.00157123947389,0.981571239473893,332.51336811548,326.385558882751
18.18,100,0,3306.69120890253,94.406040866637,4,1.00156201537623,0.981562015376233,332.513922038009,326.383035456283
18.19,100,0,3307.36683443163,94.4352874634405,4,1.00155279473008,0.981552794730079,332.514475743773,326.380512954507
18.2,100,0,3308.0422082279,94.4645272132604,4,1.00154357753416,0.981543577534156,332.515029234057,326.37799137827
18.21,100,0,3308.7173303891,94.4937601157247,4,1.00153436378717,0.981534363787174,332.515582509871,326.375470728147
18.22,100,0,3309.39220101257,94.5229861704625,4,1.00152515348784,0.981525153487838,332.516135572016,326.372951004506
18.23,100,0,3310.0668201953,94.5522053771047,4,1.00151594663484,0.981515946634843,332.516688421134,326.370432207552
18.24,100,0,3310.74118803406,94.5814177352838,4,1.00150674322688,0.981506743226883,332.517241057746,326.367914337376
18.25,100,0,3311.41530462536,94.6106232446335,4,1.00149754326265,0.981497543262647,332.517793482279,326.365397393973
18.26,100,0,3312.08917006556,94.6398219047893,4,1.00148834674082,0.981488346740821,332.51834569509,326.362881377266
18.27,100,0,3312.76278445087,94.669013715388,4,1.00147915366009,0.98147915366009,332.518897696481,326.360366287128
18.28,100,0,3313.43614787736,94.6981986760679,4,1.00146996401914,0.981469964019138,332.519449486714,326.357852123389
18.29,100,0,3314.109260441,94.7273767864688,4,1.00146077781665,0.981460777816648,332.520001066019,326.355338885848
18.3,100,0,3314.78212223765,94.756548046232,4,1.0014515950513,0.981451595051304,332.520552434601,326.35282657428
18.31,100,0,3315.45473336309,94.7857124550003,4,1.00144241572179,0.981442415721788,332.521103592648,326.350315188443
18.32,100,0,3316.12709391301,94.8148700124178,4,1.00143323982678,0.981433239826785,332.521654540332,326.347804728081
18.33,100,0,3316.79920398304,94.8440207181302,4,1.00142406736498,0.981424067364977,332.522205277816,326.345295192926
18.34,100,0,3317.47106366872,94.8731645717846,4,1.00141489833505,0.981414898335048,332.522755805255,326.342786582704
18.35,100,0,3318.14267306553,94.9023015730296,4,1.00140573273568,0.981405732735683,332.523306122794,326.340278897133
18.36,100,0,3318.81403226888,94.9314317215153,4,1.00139657056557,0.981396570565568,332.523856230578,326.337772135927
18.37,100,0,3319.48514137412,94.960555016893,4,1.00138741182339,0.981387411823387,332.524406128745,326.335266298797
18.38,100,0,3320.15600047654,94.9896714588159,4,1.00137825650783,0.981378256507828,332.524955817431,326.332761385453
18.39,100,0,3320.82660967137,95.0187810469382,4,1.00136910461758,0.981369104617576,332.52550529677,326.330257395598
18.4,100,0,3321.49696905376,95.0478837809159,4,1.00135995615132,0.981359956151321,332.526054566893,326.327754328938
18.41,100,0,3322.16707871882,95.0769796604061,4,1.00135081110775,0.981350811107751,332.526603627931,326.325252185176
18.42,100,0,3322.8369387616,95.1060686850678,4,1.00134166948556,0.981341669485555,332.527152480014,326.322750964015
18.43,100,0,3323.50654927708,95.1351508545611,4,1.00133253128342,0.981332531283424,332.527701123271,326.320250665157
18.44,100,0,3324.1759103602,95.1642261685476,4,1.00132339650005,0.981323396500048,332.528249557828,326.317751288303
18.45,100,0,3324.84502210582,95.1932946266904,4,1.00131426513412,0.981314265134118,332.528797783814,326.315252833155
18.46,100,0,3325.51388460876,95.2223562286542,4,1.00130513718433,0.981305137184328,332.529345801354,326.312755299412
18.47,100,0,3326.18249796378,95.2514109741049,4,1.00129601264937,0.98129601264937,332.529893610576,326.310258686777
18.48,100,0,3326.85086226556,95.2804588627099,4,1.00128689152794,0.981286891527939,332.530441211605,326.307762994949
18.49,100,0,3327.51897760876,95.3094998941382,4,1.00127777381873,0.981277773818729,332.530988604567,326.30526822363
18.5,100,0,3328.18684408796,95.3385340680601,4,1.00126865952044,0.981268659520435,332.531535789587,326.30277437252
18.51,100,0,3328.85446179769,95.3675613841474,4,1.00125954863176,0.981259548631755,332.532082766791,326.300281441319
18.52,100,0,3329.5218308324,95.3965818420734,4,1.00125044115138,0.981250441151385,332.532629536303,326.297789429728
18.53,100,0,3330.18895128653,95.4255954415126,4,1.00124133707802,0.981241337078023,332.533176098249,326.295298337448
18.54,100,0,3330.85582325442,95.4546021821414,4,1.00123223641037,0.981232236410368,332.533722452752,326.292808164178
18.55,100,0,3331.52244683037,95.4836020636371,4,1.00122313914712,0.981223139147118,332.534268599937,326.290318909621
18.56,100,0,3332.18882210863,95.5125950856789,4,1.00121404528698,0.981214045286976,332.534814539928,326.287830573477
18.57,100,0,3332.85494918339,95.5415812479471,4,1.00120495482864,0.98120495482864,332.53536027285,326.285343155447
18.58,100,0,3333.52082814878,95.5705605501238,4,1.00119586777081,0.981195867770814,332.535905798825,326.282856655231
18.59,100,0,3334.18645909886,95.5995329918921,4,1.0011867841122,0.9811867841122,332.536451117977,326.280371072532
18.6,100,0,3334.85184212767,95.628498572937,4,1.0011777038515,0.9811777038515,332.536996230431,326.277886407049
18.61,100,0,3335.51697732916,95.6574572929446,4,1.00116862698742,0.98116862698742,332.537541136309,326.275402658485
18.62,100,0,3336.18186479724,95.6864091516026,4,1.00115955351866,0.981159553518663,332.538085835734,326.27291982654
18.63,100,0,3336.84650462576,95.7153541486,4,1.00115048344394,0.981150483443937,332.538630328829,326.270437910916
18.64,100,0,3337.51089690851,95.7442922836275,4,1.00114141676195,0.981141416761947,332.539174615718,326.267956911314
18.65,100,0,3338.17504173924,95.773223556377,4,1.0011323534714,0.9811323534714,332.539718696522,326.265476827436
18.66,100,0,3338.83893921162,95.802147966542,4,1.001123293571,0.981123293571004,332.540262571364,326.262997658983
18.67,100,0,3339.50258941929,95.8310655138171,4,1.00111423705947,0.981114237059468,332.540806240367,326.260519405658
18.68,100,0,3340.16599245581,95.8599761978989,4,1.0011051839355,0.981105183935502,332.541349703652,326.258042067162
18.69,100,0,3340.8291484147,95.8888800184849,4,1.00109613419782,0.981096134197815,332.541892961342,326.255565643197
18.7,100,0,3341.49205738942,95.9177769752744,4,1.00108708784512,0.98108708784512,332.542436013558,326.253090133464
18.71,100,0,3342.15471947339,95.9466670679679,4,1.00107804487613,0.981078044876127,332.542978860423,326.250615537667
18.72,100,0,3342.81713475994,95.9755502962674,4,1.00106900528955,0.981069005289549,332.543521502056,326.248141855506
18.73,100,0,3343.47930334237,96.0044266598765,4,1.0010599690841,0.9810599690841,332.544063938581,326.245669086685
18.74,100,0,3344.14122531393,96.0332961585001,4,1.00105093625849,0.981050936258493,332.544606170118,326.243197230906
18.75,100,0,3344.8029007678,96.0621587918443,4,1.00104190681144,0.981041906811444,332.545148196787,326.24072628787
18.76,100,0,3345.46432979711,96.0910145596171,4,1.00103288074167,0.981032880741668,332.545690018711,326.238256257282
18.77,100,0,3346.12551249493,96.1198634615276,4,1.00102385804788,0.981023858047881,332.546231636009,326.235787138842
18.78,100,0,3346.78644895428,96.1487054972864,4,1.0010148387288,0.9810148387288,332.546773048803,326.233318932254
18.79,100,0,3347.44713926813,96.1775406666057,4,1.00100582278314,0.981005822783145,332.547314257212,326.230851637222
18.8,100,0,3348.10978204408,96.2063683053327,4,1.00099060581086,0.980990605810856,332.523037335358,326.201975841679
18.81,100,0,3348.79459504508,96.2351822683594,4,1.00096553943931,0.980965539439308,332.468325266316,326.139970041355
18.82,100,0,3349.50019135799,96.2639828591844,4,1.00094215846108,0.980942158461076,332.430589197162,326.095179705552
18.83,100,0,3350.22011001844,96.2927719388494,4,1.00091994786005,0.98091994786005,332.404613553293,326.062316195136
18.84,100,0,3350.94987447419,96.3215507967804,4,1.00089855081716,0.980898550817155,332.386787412188,326.037718083386
18.85,100,0,3351.6863823111,96.3503203265873,4,1.00087772006122,0.980877720061224,332.374609838665,326.018849504788
18.86,100,0,3352.42748298925,96.3790811477012,4,1.00085728420297,0.980857284202967,332.366348147021,326.003953603945
18.87,100,0,3353.17168552161,96.4078336895784,4,1.00083712442788,0.980837124427877,332.360801605951,325.991812919725
18.88,100,0,3353.91795603029,96.4365782500137,4,1.00081715835541,0.980817158355408,332.357137946611,325.981583599931
18.89,100,0,3354.66557750379,96.4653150355366,4,1.00079732885805,0.98079732885805,332.354780188086,325.972680641679
18.9,100,0,3355.41405261952,96.4940441894022,4,1.00077759631449,0.980777596314494,332.353328264872,325.964698422743
18.91,100,0,3356.1630363933,96.5227658109898,4,1.0007579332411,0.980757933241096,332.352504738347,325.957355654683
18.92,100,0,3356.9122894922,96.5514799692511,4,1.00073832057089,0.980738320570894,332.35211718198,325.950457243235
18.93,100,0,3357.66164586588,96.5801867120327,4,1.00071874507413,0.980718745074129,332.352032113859,325.94386785754
18.94,100,0,3358.41099030162,96.6088860725408,4,1.00069919756985,0.98069919756985,332.352156928355,325.937493610247
18.95,100,0,3359.16024285846,96.6375780738245,4,1.0006796716858,0.980679671685804,332.352427370236,325.931269357423
18.96,100,0,3359.90934807048,96.6662627318854,4,1.0006601629984,0.980660162998403,332.352798849777,325.925149892998
18.97,100,0,3360.65826745721,96.6949400578347,4,1.00064066843622,0.980640668436215,332.353240420199,325.919103842606
18.98,100,0,3361.40697432725,96.72361005939,4,1.00062118586616,0.980621185866163,332.353730600715,325.913109428717
18.99,100,0,3362.15545017281,96.7522727419131,4,1.00060171380644,0.98060171380644,332.354254479247,325.907151533211
19,100,0,3362.90368216745,96.7809281091313,4,1.00058225122732,0.980582251227321,332.354801702475,325.901219659622
19.01,100,0,3363.65166142951,96.8095761636371,4,1.00056279741292,0.980562797412921,332.355365081314,325.895306519326
19.02,100,0,3364.39938181662,96.8382169072357,4,1.00054335186526,0.980543351865264,332.355939623242,325.889407050503
19.03,100,0,3365.14683908887,96.8668503411856,4,1.00052391423769,0.980523914237689,332.35652186074,325.883517737316
19.04,100,0,3365.89403032773,96.8954764663664,4,1.00050448428862,0.980504484288619,332.357109385185,325.877636137377
19.05,100,0,3366.64095353259,96.9240952833944,4,1.00048506184947,0.980485061849468,332.357700523293,325.871760553728
19.06,100,0,3367.38760734059,96.952706792704,4,1.00046564680235,0.98046564680235,332.358294112491,325.865889807129
19.07,100,0,3368.13399083194,96.9813109946031,4,1.00044623906461,0.980446239064606,332.358889344947,325.860023077943
19.08,100,0,3368.88010339479,97.0099078893125,4,1.00042683857805,0.980426838578053,332.35948565927,325.854159796346
19.09,100,0,3369.62594463127,97.0384974769928,4,1.00040744530151,0.980407445301514,332.360082665288,325.848299566075
19.1,100,0,3370.37151429224,97.0670797577628,4,1.00038805920563,0.980388059205634,332.360680091799,325.842442111464
19.11,100,0,3371.11681223195,97.0956547317133,4,1.00036868026928,0.980368680269275,332.361277750288,325.83658724066
19.12,100,0,3371.8618383765,97.1242223989155,4,1.00034930847701,0.980349308477012,332.361875509701,325.830734820058
19.13,100,0,3372.60659270198,97.1527827594279,4,1.00032994381739,0.980329943817389,332.362473278927,325.82488475654
19.14,100,0,3373.35107521919,97.1813358133,4,1.00031058628172,0.980310586281715,332.36307099463,325.819036985137
19.15,100,0,3374.0952859631,97.209881560576,4,1.00029123586322,0.980291235863218,332.363668612777,325.813191460452
19.16,100,0,3374.83922498543,97.2384200012965,4,1.00027189255646,0.980271892556462,332.364266102763,325.807348150696
19.17,100,0,3375.58289234959,97.2669511355002,4,1.00025255635694,0.980252556356943,332.36486344332,325.801507033541
19.18,100,0,3376.32628812711,97.2954749632248,4,1.0002332272608,0.980233227260801,332.365460619673,325.795668093245
19.19,100,0,3377.06941239511,97.3239914845077,4,1.00021390526463,0.980213905264629,332.366057621565,325.789831318643
19.2,100,0,3377.81226523464,97.3525006993865,4,1.00019459036533,0.980194590365333,332.366654441882,325.783996701756
19.21,100,0,3378.55484672947,97.3810026078996,4,1.00017528256004,0.980175282560037,332.367251075695,325.778164236822
19.22,100,0,3379.29715696521,97.409497210086,4,1.00015598184602,0.980155981846019,332.367847519598,325.77233391962
19.23,100,0,3380.0391960288,97.4379845059859,4,1.00013668822066,0.980136688220661,332.368443771246,325.766505747004
19.24,100,0,3380.78096400804,97.4664644956405,4,1.00011740168142,0.980117401681422,332.369039829027,325.760679716575
19.25,100,0,3381.52246099136,97.4949371790921,4,1.00009812222581,0.980098122225811,332.369635691843,325.754855826453
19.26,100,0,3382.26368706758,97.5234025563844,4,1.00007884985138,0.980078849851376,332.370231358956,325.749034075121
19.27,100,0,3383.00464232583,97.5518606275623,4,1.00005958455569,0.980059584555688,332.370826829872,325.743214461315
19.28,100,0,3383.74532685538,97.5803113926721,4,1.00004032633634,0.980040326336338,332.371422104275,325.737396983946
19.29,100,0,3384.48574074566,97.6087548517613,4,1.00002107519093,0.980021075190928,332.372017181966,325.731581642048
19.3,100,0,3385.22588408613,97.6371910048789,4,1.00000183111707,0.980001831117073,332.372612062831,325.725768434739
19.31,100,0,3385.96575696632,97.665619852075,4,0.999982594112391,0.979982594112391,332.373206746816,325.719957361199
19.32,100,0,3386.70535947575,97.6940413934014,4,0.999963364174508,0.979963364174508,332.373801233905,325.714148420646
19.33,100,0,3387.44469170395,97.7224556289109,4,0.999944141301051,0.979944141301051,332.374395524111,325.708341612331
19.34,100,0,3388.18375374044,97.750862558658,4,0.999924925489652,0.979924925489652,332.374989617469,325.702536935522
19.35,100,0,3388.92254567473,97.7792621826983,4,0.999905716737944,0.979905716737944,332.375583514025,325.696734389503
19.36,100,0,3389.66106759629,97.807654501089,4,0.999886515043563,0.979886515043563,332.376177213836,325.690933973567
19.37,100,0,3390.39931959457,97.8360395138884,4,0.999867320404147,0.979867320404147,332.376770716965,325.685135687016
19.38,100,0,3391.13730175899,97.8644172211563,4,0.999848132817334,0.979848132817334,332.37736402348,325.679339529154
19.39,100,0,3391.87501417894,97.892787622954,4,0.999828952280763,0.979828952280763,332.377957133452,325.67354549929
19.4,100,0,3392.61245694378,97.9211507193439,4,0.999809778792077,0.979809778792077,332.378550046953,325.667753596736
19.41,100,0,3393.34963014283,97.94950651039,4,0.999790612348916,0.979790612348916,332.379142764059,325.661963820805
19.42,100,0,3394.08653386537,97.9778549961575,4,0.999771452948925,0.979771452948925,332.379735284846,325.656176170812
19.43,100,0,3394.82316820066,98.006196176713,4,0.999752300589747,0.979752300589747,332.380327609389,325.650390646073
19.44,100,0,3395.55953323792,98.0345300521245,4,0.999733155269028,0.979733155269028,332.380919737765,325.644607245902
19.45,100,0,3396.29562906634,98.0628566224614,4,0.999714016984414,0.979714016984414,332.381511670053,325.63882596962
19.46,100,0,3397.03145577505,98.0911758877944,4,0.999694885733552,0.979694885733552,332.382103406328,325.633046816541
19.47,100,0,3397.76701345318,98.1194878481956,4,0.999675761514091,0.979675761514091,332.382694946669,325.627269785983
19.48,100,0,3398.5023021898,98.1477925037384,4,0.999656644323679,0.979656644323679,332.383286291152,325.621494877266
19.49,100,0,3399.23732207395,98.1760898544975,4,0.999637534159967,0.979637534159967,332.383877439855,325.615722089709
19.5,100,0,3399.97207319464,98.2043799005492,4,0.999618431020606,0.979618431020606,332.384468392857,325.609951422629
19.51,100,0,3400.70655564085,98.232662641971,4,0.999599334903247,0.979599334903247,332.385059150234,325.604182875345
19.52,100,0,3401.44076950152,98.2609380788417,4,0.999580245805544,0.979580245805544,332.385649712063,325.598416447178
19.53,100,0,3402.17471486553,98.2892062112415,4,0.99956116372515,0.97956116372515,332.386240078421,325.592652137445
19.54,100,0,3402.90839182177,98.3174670392521,4,0.999542088659721,0.979542088659721,332.386830249387,325.586889945469
19.55,100,0,3403.64180045906,98.3457205629564,4,0.999523020606911,0.979523020606911,332.387420225037,325.581129870567
19.56,100,0,3404.37494086619,98.3739667824386,4,0.999503959564378,0.979503959564378,332.388010005448,325.57537191206
19.57,100,0,3405.10781313194,98.4022056977844,4,0.999484905529779,0.979484905529779,332.388599590697,325.56961606927
19.58,100,0,3405.84041734503,98.4304373090809,4,0.999465858500773,0.979465858500773,332.389188980861,325.563862341515
19.59,100,0,3406.57275359415,98.4586616164163,4,0.999446818475019,0.979446818475019,332.389778176018,325.558110728118
19.6,100,0,3407.30482196795,98.4868786198804,4,0.999427785450178,0.979427785450178,332.390367176243,325.552361228399
19.61,100,0,3408.03662255506,98.5150883195643,4,0.99940875942391,0.97940875942391,332.390955981614,325.54661384168
19.62,100,0,3408.76815544407,98.5432907155603,4,0.999389740393879,0.979389740393879,332.391544592207,325.540868567282
19.63,100,0,3409.49942072352,98.5714858079622,4,0.999370728357747,0.979370728357747,332.392133008099,325.535125404526
19.64,100,0,3410.23041848194,98.5996735968651,4,0.999351723313178,0.979351723313178,332.392721229365,325.529384352736
19.65,100,0,3410.96114880781,98.6278540823655,4,0.999332725257838,0.979332725257838,332.393309256084,325.523645411232
19.66,100,0,3411.69161178957,98.6560272645611,4,0.999313734189392,0.979313734189392,332.393897088331,325.517908579338
19.67,100,0,3412.42180751564,98.6841931435512,4,0.999294750105508,0.979294750105508,332.394484726181,325.512173856374
19.68,100,0,3413.1517360744,98.7123517194363,4,0.999275773003853,0.979275773003852,332.395072169711,325.506441241665
19.69,100,0,3413.88139755419,98.7405029923181,4,0.999256802882095,0.979256802882095,332.395659418998,325.500710734533
19.7,100,0,3414.61079204332,98.7686469622999,4,0.999237839737905,0.979237839737905,332.396246474116,325.494982334302
19.71,100,0,3415.33991963007,98.7967836294862,4,0.999218883568953,0.979218883568953,332.396833335144,325.489256040295
19.72,100,0,3416.06878040268,98.8249129939829,4,0.999199934372911,0.979199934372911,332.397420002156,325.483531851836
19.73,100,0,3416.79737444935,98.8530350558972,4,0.99918099214745,0.97918099214745,332.398006475227,325.477809768247
19.74,100,0,3417.52570185825,98.8811498153377,4,0.999162056890245,0.979162056890245,332.398592754433,325.472089788853
19.75,100,0,3418.25376271752,98.9092572724142,4,0.999143128598969,0.979143128598969,332.39917883985,325.466371912979
19.76,100,0,3418.98155711527,98.9373574272382,4,0.999124207271298,0.979124207271298,332.399764731555,325.46065613995
19.77,100,0,3419.70908513956,98.965450279922,4,0.999105292904908,0.979105292904908,332.400350429621,325.454942469088
19.78,100,0,3420.43634687843,98.9935358305797,4,0.999086385497476,0.979086385497476,332.400935934125,325.44923089972
19.79,100,0,3421.16334241988,99.0216140793265,4,0.999067485046679,0.979067485046679,332.401521245141,325.443521431171
19.8,100,0,3421.89007185186,99.0496850262791,4,0.999048591550196,0.979048591550196,332.402106362746,325.437814062765
19.81,100,0,3422.61653526233,99.0777486715553,4,0.999029705005708,0.979029705005708,332.402691287014,325.432108793828
19.82,100,0,3423.34273273916,99.1058050152745,4,0.999010825410894,0.979010825410894,332.403276018019,325.426405623686
19.83,100,0,3424.06866437022,99.1338540575573,4,0.998991952763437,0.978991952763437,332.403860555838,325.420704551665
19.84,100,0,3424.79433024336,99.1618957985256,4,0.998973087061019,0.978973087061019,332.404444900545,325.415005577091
19.85,100,0,3425.51973044634,99.1899302383028,4,0.998954228301322,0.978954228301322,332.405029052215,325.409308699289
19.86,100,0,3426.24486506695,99.2179573770133,4,0.998935376482032,0.978935376482032,332.405613010922,325.403613917587
19.87,100,0,3426.96973419291,99.2459772147833,4,0.998916531600834,0.978916531600834,332.406196776741,325.397921231312
19.88,100,0,3427.69433791191,99.27398975174,4,0.998897693655413,0.978897693655413,332.406780349748,325.39223063979
19.89,100,0,3428.4186763116,99.301994988012,4,0.998878862643457,0.978878862643457,332.407363730016,325.386542142348
19.9,100,0,3429.14274947962,99.3299929237293,4,0.998860038562653,0.978860038562653,332.40794691762,325.380855738314
19.91,100,0,3429.86655750356,99.3579835590231,4,0.998841221410691,0.978841221410691,332.408529912634,325.375171427015
19.92,100,0,3430.59010047097,99.3859668940261,4,0.99882241118526,0.97882241118526,332.409112715133,325.369489207779
19.93,100,0,3431.31337846938,99.4139429288721,4,0.99880360788405,0.97880360788405,332.409695325191,325.363809079934
19.94,100,0,3432.03639158628,99.4419116636966,4,0.998784811504753,0.978784811504753,332.410277742881,325.358131042809
19.95,100,0,3432.75913990913,99.4698730986361,4,0.998766022045061,0.978766022045061,332.410859968279,325.35245509573
19.96,100,0,3433.48162352534,99.4978272338285,4,0.998747239502669,0.978747239502669,332.411442001458,325.346781238028
19.97,100,0,3434.20384252231,99.525774069413,4,0.998728463875269,0.978728463875269,332.412023842491,325.341109469031
19.98,100,0,3434.92579698739,99.5537136055303,4,0.998709695160557,0.978709695160557,332.412605491454,325.335439788067
19.99,100,0,3435.6474870079,99.5816458423223,4,0.998690933356228,0.978690933356228,332.413186948419,325.329772194467
20,100,0,3436.36891267114,99.6095707799321,4,0.998672178459981,0.978672178459981,332.413768213461,325.324106687559
20.01,100,0,3437.09007406436,99.6374884185044,4,0.998653430469512,0.978653430469512,332.414349286652,325.318443266673
20.02,100,0,3437.81097127478,99.665398758185,4,0.99863468938252,0.97863468938252,332.414930168068,325.312781931139
20.03,100,0,3438.53160438959,99.6933017991211,4,0.998615955196705,0.978615955196705,332.41551085778,325.307122680287
20.04,100,0,3439.25197349593,99.7211975414612,4,0.998597227909766,0.978597227909766,332.416091355862,325.301465513446
20.05,100,0,3439.97207868095,99.7490859853553,4,0.998578507519407,0.978578507519407,332.416671662388,325.295810429949
20.06,100,0,3440.69192003171,99.7769671309543,4,0.998559794023328,0.978559794023327,332.417251777432,325.290157429124
20.07,100,0,3441.41149763529,99.8048409784109,4,0.998541087419232,0.978541087419232,332.417831701066,325.284506510304
20.08,100,0,3442.13081157869,99.8327075278788,4,0.998522387704824,0.978522387704824,332.418411433362,325.278857672818
20.09,100,0,3442.84986194891,99.8605667795131,4,0.998503694877809,0.978503694877809,332.418990974396,325.273210915999
20.1,100,0,3443.5686488329,99.8884187334704,4,0.998485008935892,0.978485008935892,332.419570324238,325.267566239177
20.11,100,0,3444.28717231758,99.9162633899082,4,0.99846632987678,0.97846632987678,332.420149482963,325.261923641685
20.12,100,0,3445.00543248985,99.9441007489858,4,0.99844765769818,0.97844765769818,332.420728450643,325.256283122854
20.13,100,0,3445.72342943656,99.9719308108634,4,0.998428992397801,0.978428992397801,332.42130722735,325.250644682016
20.14,100,0,3446.44116324452,99.9997535757029,4,0.998410333973352,0.978410333973352,332.421885813159,325.245008318504
20.15,100,0,3447.15863400054,100.027569043667,4,0.998391682422543,0.978391682422543,332.42246420814,325.23937403165
20.16,100,0,3447.87584179136,100.05537721492,4,0.998373037743086,0.978373037743086,332.423042412367,325.233741820786
20.17,100,0,3448.59278670372,100.083178089629,4,0.998354399932691,0.978354399932691,332.423620425912,325.228111685246
20.18,100,0,3449.30946882429,100.110971667958,4,0.998335768989073,0.978335768989073,332.424198248847,325.222483624362
20.19,100,0,3450.02588823975,100.138757950078,4,0.998317144909945,0.978317144909945,332.424775881246,325.216857637469
20.2,100,0,3450.74204503671,100.166536936158,4,0.99829852769302,0.97829852769302,332.42535332318,325.211233723899
20.21,100,0,3451.45793930176,100.194308626367,4,0.998279917336015,0.978279917336015,332.42593057472,325.205611882986
20.22,100,0,3452.17357112147,100.22207302088,4,0.998261313836647,0.978261313836646,332.426507635941,325.199992114064
20.23,100,0,3452.88894058237,100.249830119868,4,0.998242717192631,0.978242717192631,332.427084506912,325.194374416466
20.24,100,0,3453.60404777093,100.277579923508,4,0.998224127401686,0.978224127401686,332.427661187707,325.188758789528
20.25,100,0,3454.31889277364,100.305322431974,4,0.998205544461531,0.978205544461531,332.428237678397,325.183145232584
20.26,100,0,3455.03347567691,100.333057645445,4,0.998186968369887,0.978186968369887,332.428813979054,325.177533744968
20.27,100,0,3455.74779656714,100.360785564099,4,0.998168399124472,0.978168399124472,332.429390089749,325.171924326015
20.28,100,0,3456.46185553069,100.388506188117,4,0.99814983672301,0.97814983672301,332.429966010556,325.166316975061
20.29,100,0,3457.1756526539,100.416219517679,4,0.998131281163222,0.978131281163222,332.430541741544,325.16071169144
20.3,100,0,3457.88918802306,100.443925552968,4,0.998112732442832,0.978112732442832,332.431117282786,325.15510847449
20.31,100,0,3458.60246172444,100.471624294168,4,0.998094190559563,0.978094190559563,332.431692634353,325.149507323543
20.32,100,0,3459.31547384427,100.499315741465,4,0.998075655511142,0.978075655511142,332.432267796317,325.143908237938
20.33,100,0,3460.02822446875,100.526999895045,4,0.998057127295293,0.978057127295292,332.432842768748,325.138311217009
20.34,100,0,3460.74071368405,100.554676755095,4,0.998038605909743,0.978038605909743,332.433417551718,325.132716260094
20.35,100,0,3461.4529415763,100.582346321805,4,0.99802009135222,0.97802009135222,332.433992145299,325.127123366529
20.36,100,0,3462.16490823162,100.610008595366,4,0.998001583620453,0.978001583620453,332.434566549561,325.12153253565
20.37,100,0,3462.88211222699,100.637662494396,4,0.998005496812973,0.978005496812973,332.410459693539,325.099256778408
20.38,100,0,3463.60922321237,100.665307316024,4,0.998011256377489,0.978011256377489,332.392734550207,325.083835928198
20.39,100,0,3464.34290294146,100.692943986161,4,0.998016837532813,0.978016837532813,332.381149237612,325.074360432891
20.4,100,0,3465.08086160023,100.72057313434,4,0.998022299745118,0.978022299745118,332.373636637192,325.068828478554
20.41,100,0,3465.82158015628,100.748195178059,4,0.998027682458941,0.978027682458941,332.3688260896,325.06591270201
20.42,100,0,3466.56405072229,100.775810394207,4,0.998033011842934,0.978033011842934,332.365808529347,325.06473274957
20.43,100,0,3467.30760445144,100.803418966403,4,0.998038305261037,0.978038305261037,332.363980913309,325.064704622264
20.44,100,0,3468.05179742405,100.831021016394,4,0.998043574236742,0.978043574236742,332.362943131056,325.065440843741
20.45,100,0,3468.79633496808,100.858616624869,4,0.998048826418751,0.978048826418751,332.362429670983,325.06668428539
20.46,100,0,3469.54102145886,100.88620584527,4,0.99805406688466,0.97805406688466,332.362264313101,325.068264290423
20.47,100,0,3470.28572701411,100.913788712956,4,0.998059299005761,0.978059299005761,332.362330082658,325.070067576566
20.48,100,0,3471.03036539427,100.941365251281,4,0.998064525020799,0.978064525020799,332.362549320526,325.072018935882
20.49,100,0,3471.77487933596,100.968935475628,4,0.998069746416691,0.978069746416691,332.362870461695,325.074068430793
20.5,100,0,3472.51923081706,100.996499396089,4,0.998074964181191,0.978074964181191,332.363259262593,325.076182898405
20.51,100,0,3473.26339459407,101.024057019241,4,0.998080178970596,0.978080178970596,332.363692979382,325.078340312602
20.52,100,0,3474.00735391135,101.051608349328,4,0.998085391221076,0.978085391221076,332.364156503997,325.080526042075
20.53,100,0,3474.75109765187,101.079153389044,4,0.99809060122259,0.97809060122259,332.364639799208,325.082730366337
20.54,100,0,3475.49461844489,101.106692140054,4,0.998095809167971,0.978095809167971,332.365136195736,325.084946826591
20.55,100,0,3476.23791140909,101.134224603339,4,0.99810101518552,0.97810101518552,332.365641261542,325.087171130701
20.56,100,0,3476.98097331758,101.161750779426,4,0.998106219360657,0.978106219360657,332.366152050936,325.08940042599
20.57,100,0,3477.72380204316,101.189270668541,4,0.998111421750307,0.978111421750307,332.366666605836,325.091632816244
20.58,100,0,3478.4663961896,101.21678427071,4,0.998116622392454,0.978116622392454,332.367183624477,325.093867040866
20.59,100,0,3479.20875484676,101.244291585828,4,0.998121821312488,0.978121821312488,332.367702241305,325.096102261712
20.6,100,0,3479.95087742763,101.271792613701,4,0.998127018527432,0.978127018527432,332.368221880732,325.098337921464
20.61,100,0,3480.69276356016,101.299287354077,4,0.998132214048739,0.978132214048739,332.368742159942,325.100573649498
20.62,100,0,3481.43441301524,101.326775806666,4,0.998137407884161,0.978137407884161,332.369262824294,325.102809199325
20.63,100,0,3482.17582565887,101.354257971156,4,0.99814260003899,0.97814260003899,332.369783704393,325.105044407012
20.64,100,0,3482.91700142031,101.381733847214,4,0.998147790516878,0.978147790516878,332.370304687527,325.107279163526
20.65,100,0,3483.6579402709,101.409203434501,4,0.998152979320388,0.978152979320388,332.370825698698,325.109513396359
20.66,100,0,3484.39864221002,101.43666673267,4,0.998158166451357,0.978158166451357,332.371346687995,325.111747057298
20.67,100,0,3485.13910725567,101.464123741369,4,0.998163351911141,0.978163351911141,332.371867622201,325.113980114298
20.68,100,0,3485.87933543828,101.491574460246,4,0.998168535700773,0.978168535700773,332.372388479205,325.116212546072
20.69,100,0,3486.61932679652,101.519018888948,4,0.998173717821074,0.978173717821074,332.372909244289,325.118444338492
20.7,100,0,3487.35908137457,101.546457027119,4,0.998178898272722,0.978178898272722,332.373429907656,325.120675482197
20.71,100,0,3488.09859922026,101.573888874406,4,0.998184077056299,0.978184077056299,332.373950462787,325.122905970998
20.72,100,0,3488.83788038386,101.601314430457,4,0.998189254172326,0.978189254172326,332.374470905341,325.125135800817
20.73,100,0,3489.57692491727,101.628733694919,4,0.99819442962128,0.97819442962128,332.374991232433,325.127364968988
20.74,100,0,3490.31573287346,101.65614666744,4,0.998199603403612,0.978199603403612,332.375511442143,325.129593473777
20.75,100,0,3491.05430430611,101.683553347672,4,0.998204775519751,0.978204775519751,332.376031533195,325.131821314075
20.76,100,0,3491.79263926938,101.710953735264,4,0.998209945970117,0.978209945970117,332.376551504743,325.134048489189
20.77,100,0,3492.53073781775,101.73834782987,4,0.998215114755121,0.978215114755121,332.377071356229,325.136274998704
20.78,100,0,3493.2686000059,101.765735631143,4,0.998220281875166,0.978220281875166,332.377591087281,325.138500842389
20.79,100,0,3494.00622588867,101.793117138739,4,0.998225447330654,0.978225447330654,332.378110697658,325.140726020134
20.8,100,0,3494.74361552095,101.820492352312,4,0.998230611121983,0.978230611121983,332.378630187202,325.142950531914
20.81,100,0,3495.48076895772,101.847861271521,4,0.99823577324955,0.97823577324955,332.379149555811,325.145174377757
20.82,100,0,3496.21768625399,101.875223896025,4,0.998240933713751,0.978240933713751,332.379668803423,325.147397557728
20.83,100,0,3496.95436746478,101.902580225484,4,0.998246092514981,0.978246092514981,332.380187929997,325.149620071915
20.84,100,0,3497.69081264515,101.929930259559,4,0.998251249653634,0.978251249653634,332.380706935513,325.151841920424
20.85,100,0,3498.42702185013,101.957273997914,4,0.998256405130104,0.978256405130104,332.38122581996,325.154063103371
20.86,100,0,3499.1629951348,101.984611440211,4,0.998261558944786,0.978261558944786,332.381744583332,325.156283620878
20.87,100,0,3499.89873255419,102.011942586118,4,0.998266711098072,0.978266711098072,332.382263225635,325.158503473075
20.88,100,0,3500.63423416336,102.039267435299,4,0.998271861590356,0.978271861590356,332.382781746871,325.160722660092
20.89,100,0,3501.36950001736,102.066585987425,4,0.998277010422031,0.978277010422031,332.383300147047,325.162941182062
20.9,100,0,3502.10453017125,102.093898242163,4,0.998282157593492,0.978282157593492,332.383818426173,325.16515903912
20.91,100,0,3502.83932468005,102.121204199185,4,0.99828730310513,0.97828730310513,332.384336584257,325.167376231401
20.92,100,0,3503.57388359881,102.148503858162,4,0.99829244695734,0.97829244695734,332.384854621311,325.169592759042
20.93,100,0,3504.30820698256,102.175797218768,4,0.998297589150513,0.978297589150513,332.385372537343,325.171808622178
20.94,100,0,3505.04229488633,102.203084280678,4,0.998302729685045,0.978302729685045,332.385890332368,325.174023820949
20.95,100,0,3505.77614736515,102.230365043567,4,0.998307868561326,0.978307868561326,332.386408006393,325.176238355489
20.96,100,0,3506.50976447402,102.257639507113,4,0.998313005779751,0.978313005779751,332.386925559431,325.178452225937
20.97,100,0,3507.24314626797,102.284907670995,4,0.998318141340712,0.978318141340712,332.387442991493,325.180665432429
20.98,100,0,3507.976292802,102.312169534892,4,0.998323275244602,0.978323275244602,332.38796030259,325.182877975103
20.99,100,0,3508.70920413111,102.339425098485,4,0.998328407491814,0.978328407491814,332.388477492735,325.185089854096
21,100,0,3509.4418803103,102.366674361457,4,0.998333538082741,0.978333538082741,332.388994561937,325.187301069545
21.01,100,0,3510.17432139456,102.393917323492,4,0.998338667017776,0.978338667017775,332.389511510209,325.189511621588
21.02,100,0,3510.90652743889,102.421153984275,4,0.99834379429731,0.97834379429731,332.390028337563,325.191721510361
21.03,100,0,3511.63849849826,102.448384343492,4,0.998348919921738,0.978348919921738,332.390545044007,325.193930736002
21.04,100,0,3512.37023462764,102.475608400831,4,0.998354043891451,0.978354043891451,332.391061629557,325.196139298649
21.05,100,0,3513.10173588202,102.502826155982,4,0.998359166206843,0.978359166206843,332.39157809422,325.198347198438
21.06,100,0,3513.83300231635,102.530037608634,4,0.998364286868305,0.978364286868305,332.39209443801,325.200554435506
21.07,100,0,3514.5640339856,102.557242758479,4,0.998369405876231,0.978369405876231,332.392610660938,325.202761009991
21.08,100,0,3515.29483094473,102.584441605211,4,0.998374523231012,0.978374523231012,332.393126763016,325.204966922031
21.09,100,0,3516.02539324868,102.611634148523,4,0.998379638933042,0.978379638933042,332.393642744254,325.207172171762
21.1,100,0,3516.7557209524,102.638820388111,4,0.998384752982712,0.978384752982712,332.394158604663,325.20937675932
21.11,100,0,3517.48581411083,102.666000323672,4,0.998389865380415,0.978389865380415,332.394674344257,325.211580684844
21.12,100,0,3518.21567277891,102.693173954905,4,0.998394976126544,0.978394976126544,332.395189963043,325.21378394847
21.13,100,0,3518.94529701157,102.720341281508,4,0.99840008522149,0.97840008522149,332.395705461036,325.215986550335
21.14,100,0,3519.67468686373,102.747502303183,4,0.998405192665647,0.978405192665647,332.396220838246,325.218188490577
21.15,100,0,3520.40384239031,102.774657019631,4,0.998410298459405,0.978410298459405,332.396736094683,325.220389769331
21.16,100,0,3521.13276364623,102.801805430557,4,0.998415402603158,0.978415402603158,332.397251230361,325.222590386736
21.17,100,0,3521.86145068639,102.828947535664,4,0.998420505097297,0.978420505097297,332.397766245289,325.224790342929
21.18,100,0,3522.58990356571,102.856083334659,4,0.998425605942214,0.978425605942214,332.39828113948,325.226989638046
21.19,100,0,3523.31812233908,102.88321282725,4,0.998430705138303,0.978430705138303,332.398795912943,325.229188272224
21.2,100,0,3524.04610706139,102.910336013144,4,0.998435802685953,0.978435802685953,332.399310565692,325.2313862456
21.21,100,0,3524.77385778754,102.937452892052,4,0.998440898585559,0.978440898585559,332.399825097736,325.233583558311
21.22,100,0,3525.50137457241,102.964563463685,4,0.998445992837511,0.978445992837511,332.400339509086,325.235780210494
21.23,100,0,3526.22865747087,102.991667727756,4,0.998451085442201,0.978451085442201,332.400853799756,325.237976202286
21.24,100,0,3526.95570653781,103.018765683977,4,0.998456176400022,0.978456176400022,332.401367969755,325.240171533823
21.25,100,0,3527.68252182809,103.045857332066,4,0.998461265711365,0.978461265711365,332.401882019093,325.242366205242
21.26,100,0,3528.40910339658,103.072942671737,4,0.998466353376622,0.978466353376622,332.402395947785,325.244560216681
21.27,100,0,3529.13545129813,103.100021702709,4,0.998471439396184,0.978471439396184,332.402909755838,325.246753568275
21.28,100,0,3529.86156558759,103.1270944247,4,0.998476523770444,0.978476523770444,332.403423443266,325.248946260162
21.29,100,0,3530.58744631983,103.154160837432,4,0.998481606499793,0.978481606499793,332.403937010079,325.251138292478
21.3,100,0,3531.31309354967,103.181220940625,4,0.998486687584622,0.978486687584622,332.404450456289,325.253329665361
21.31,100,0,3532.03850733196,103.208274734002,4,0.998491767025324,0.978491767025324,332.404963781905,325.255520378945
21.32,100,0,3532.76368772154,103.235322217288,4,0.99849684482229,0.97849684482229,332.405476986941,325.25771043337
21.33,100,0,3533.48863477322,103.262363390208,4,0.998501920975911,0.978501920975911,332.405990071407,325.259899828771
21.34,100,0,3534.21334854184,103.289398252489,4,0.998506995486579,0.978506995486579,332.406503035314,325.262088565285
21.35,100,0,3534.93782908221,103.31642680386,4,0.998512068354685,0.978512068354685,332.407015878671,325.264276643047
21.36,100,0,3535.66207644915,103.343449044048,4,0.99851713958062,0.97851713958062,332.407528601493,325.266464062196
21.37,100,0,3536.38609069746,103.370464972786,4,0.998522209164777,0.978522209164777,332.408041203788,325.268650822867
21.38,100,0,3537.10987188194,103.397474589804,4,0.998527277107546,0.978527277107546,332.408553685569,325.270836925198
21.39,100,0,3537.8334200574,103.424477894837,4,0.998532343409319,0.978532343409319,332.409066046846,325.273022369323
21.4,100,0,3538.55673527863,103.451474887619,4,0.998537408070487,0.978537408070487,332.40957828763,325.275207155381
21.41,100,0,3539.27981760042,103.478465567885,4,0.99854247109144,0.97854247109144,332.410090407932,325.277391283507
21.42,100,0,3540.00266707754,103.505449935373,4,0.998547532472571,0.978547532472571,332.410602407764,325.279574753838
21.43,100,0,3540.72528376478,103.532427989821,4,0.998552592214271,0.978552592214271,332.411114287136,325.281757566511
21.44,100,0,3541.44766771691,103.559399730969,4,0.99855765031693,0.97855765031693,332.41162604606,325.283939721662
21.45,100,0,3542.1698189887,103.586365158558,4,0.998562706780939,0.978562706780939,332.412137684546,325.286121219428
21.46,100,0,3542.89173763491,103.61332427233,4,0.99856776160669,0.97856776160669,332.412649202606,325.288302059944
21.47,100,0,3543.6134237103,103.640277072028,4,0.998572814794573,0.978572814794573,332.41316060025,325.290482243348
21.48,100,0,3544.33487726963,103.667223557398,4,0.99857786634498,0.97857786634498,332.413671877489,325.292661769774
21.49,100,0,3545.05609836763,103.694163728185,4,0.998582916258302,0.978582916258302,332.414183034336,325.294840639361
21.5,100,0,3545.77708705905,103.721097584138,4,0.998587964534928,0.978587964534928,332.414694070799,325.297018852244
21.51,100,0,3546.49784339864,103.748025125004,4,0.998593011175251,0.978593011175251,332.415204986891,325.29919640856
21.52,100,0,3547.21836744112,103.774946350534,4,0.998598056179661,0.978598056179661,332.415715782622,325.301373308444
21.53,100,0,3547.93865924123,103.801861260479,4,0.998603099548548,0.978603099548548,332.416226458003,325.303549552034
21.54,100,0,3548.65871885368,103.828769854591,4,0.998608141282303,0.978608141282303,332.416737013045,325.305725139464
21.55,100,0,3549.37854633319,103.855672132624,4,0.998613181381318,0.978613181381318,332.41724744776,325.307900070873
21.56,100,0,3550.09814173448,103.882568094334,4,0.998618219845982,0.978618219845982,332.417757762157,325.310074346395
21.57,100,0,3550.81750511226,103.909457739477,4,0.998623256676686,0.978623256676686,332.418267956249,325.312247966167
21.58,100,0,3551.53663652122,103.93634106781,4,0.998628291873822,0.978628291873821,332.418778030046,325.314420930327
21.59,100,0,3552.25553601607,103.963218079092,4,0.998633325437778,0.978633325437778,332.419287983558,325.316593239007
21.6,100,0,3552.9742036515,103.990088773084,4,0.998638357368946,0.978638357368946,332.419797816797,325.318764892347
21.61,100,0,3553.6926394822,104.016953149548,4,0.998643387667717,0.978643387667717,332.420307529773,325.320935890481
21.62,100,0,3554.41084356286,104.043811208245,4,0.99864841633448,0.97864841633448,332.420817122498,325.323106233547
21.63,100,0,3555.12881594814,104.07066294894,4,0.998653443369627,0.978653443369627,332.421326594982,325.325275921678
21.64,100,0,3555.84655669272,104.097508371399,4,0.998658468773546,0.978658468773546,332.421835947236,325.327444955013
21.65,100,0,3556.56406585128,104.124347475387,4,0.99866349254663,0.97866349254663,332.422345179271,325.329613333687
21.66,100,0,3557.28134347847,104.151180260673,4,0.998668514689267,0.978668514689267,332.422854291098,325.331781057836
21.67,100,0,3557.99838962896,104.178006727027,4,0.998673535201848,0.978673535201848,332.423363282728,325.333948127596
21.68,100,0,3558.7152043574,104.204826874217,4,0.998678554084764,0.978678554084764,332.423872154171,325.336114543103
21.69,100,0,3559.43178771844,104.231640702017,4,0.998683571338404,0.978683571338404,332.424380905438,325.338280304493
21.7,100,0,3560.14813976672,104.258448210199,4,0.998688586963159,0.978688586963159,332.424889536541,325.340445411901
21.71,100,0,3560.86426055687,104.285249398538,4,0.998693600959419,0.978693600959419,332.425398047489,325.342609865465
21.72,100,0,3561.58015014355,104.312044266808,4,0.998698613327573,0.978698613327573,332.425906438294,325.34477366532
21.73,100,0,3562.29580858137,104.338832814788,4,0.998703624068012,0.978703624068012,332.426414708967,325.346936811602
21.74,100,0,3563.01123592495,104.365615042254,4,0.998708633181126,0.978708633181126,332.426922859518,325.349099304446
21.75,100,0,3563.72643222893,104.392390948986,4,0.998713640667304,0.978713640667304,332.427430889958,325.351261143989
21.76,100,0,3564.44139754791,104.419160534766,4,0.998718646526936,0.978718646526936,332.427938800298,325.353422330367
21.77,100,0,3565.1561319365,104.445923799374,4,0.998723650760413,0.978723650760413,332.428446590548,325.355582863714
21.78,100,0,3565.8706354493,104.472680742594,4,0.998728653368124,0.978728653368124,332.42895426072,325.357742744169
21.79,100,0,3566.58490814093,104.49943136421,4,0.998733654350459,0.978733654350459,332.429461810824,325.359901971864
21.8,100,0,3567.29895006596,104.526175664008,4,0.998738653707808,0.978738653707808,332.429969240871,325.362060546938
21.81,100,0,3568.012761279,104.552913641776,4,0.99874365144056,0.97874365144056,332.430476550872,325.364218469525
21.82,100,0,3568.72634183462,104.5796452973,4,0.998748647549105,0.978748647549105,332.430983740836,325.366375739761
21.83,100,0,3569.43969178742,104.606370630372,4,0.998753642033832,0.978753642033832,332.431490810776,325.368532357783
21.84,100,0,3570.15281119195,104.633089640781,4,0.998758634895132,0.978758634895132,332.431997760701,325.370688323725
21.85,100,0,3570.8657001028,104.65980232832,4,0.998763626133393,0.978763626133393,332.432504590623,325.372843637724
21.86,100,0,3571.57835857453,104.686508692781,4,0.998768615749006,0.978768615749006,332.433011300552,325.374998299914
21.87,100,0,3572.2907866617,104.713208733961,4,0.998773603742359,0.978773603742359,332.433517890498,325.377152310433
21.88,100,0,3573.00298441887,104.739902451653,4,0.998778590113843,0.978778590113843,332.434024360474,325.379305669415
21.89,100,0,3573.71495190058,104.766589845656,4,0.998783574863846,0.978783574863846,332.434530710488,325.381458376996
21.9,100,0,3574.42668916139,104.793270915767,4,0.998788557992758,0.978788557992758,332.435036940553,325.383610433313
21.91,100,0,3575.13819625583,104.819945661788,4,0.998793539500968,0.978793539500968,332.435543050678,325.385761838499
21.92,100,0,3575.84947323845,104.846614083517,4,0.998798519388866,0.978798519388866,332.436049040873,325.387912592691
21.93,100,0,3576.56052016377,104.873276180758,4,0.99880349765684,0.97880349765684,332.436554911151,325.390062696025
21.94,100,0,3577.27133708632,104.899931953313,4,0.998808474305281,0.978808474305281,332.437060661521,325.392212148636
21.95,100,0,3577.98192406062,104.926581400989,4,0.998813449334576,0.978813449334576,332.437566291995,325.394360950659
21.96,100,0,3578.69228114119,104.953224523589,4,0.998818422745116,0.978818422745116,332.438071802581,325.39650910223
21.97,100,0,3579.40240838255,104.979861320923,4,0.99882339453729,0.97882339453729,332.438577193293,325.398656603486
21.98,100,0,3580.11230583919,105.006491792797,4,0.998828364711485,0.978828364711485,332.439082464139,325.40080345456
21.99,100,0,3580.82197356563,105.033115939022,4,0.998833333268093,0.978833333268093,332.439587615131,325.402949655588
22,100,0,3581.53141161636,105.059733759409,4,0.998838300207501,0.978838300207501,332.440092646279,325.405095206707
22.01,100,0,3582.24062004588,105.08634525377,4,0.998843265530098,0.978843265530098,332.440597557594,325.407240108052
22.02,100,0,3582.94959890866,105.112950421919,4,0.998848229236274,0.978848229236274,332.441102349086,325.409384359757
22.03,100,0,3583.6583482592,105.139549263669,4,0.998853191326417,0.978853191326417,332.441607020766,325.411527961959
22.04,100,0,3584.36686815198,105.166141778838,4,0.998858151800916,0.978858151800916,332.442111572644,325.413670914792
22.05,100,0,3585.07515864147,105.192727967243,4,0.99886311066016,0.97886311066016,332.442616004732,325.415813218393
22.06,100,0,3585.78321978213,105.219307828701,4,0.998868067904537,0.978868067904537,332.443120317039,325.417954872896
22.07,100,0,3586.49105162843,105.245881363033,4,0.998873023534437,0.978873023534437,332.443624509577,325.420095878437
22.08,100,0,3587.19865423484,105.27244857006,4,0.998877977550248,0.978877977550248,332.444128582356,325.422236235151
22.09,100,0,3587.9060276558,105.299009449603,4,0.998882929952359,0.978882929952359,332.444632535385,325.424375943173
22.1,100,0,3588.61317194577,105.325564001488,4,0.998887880741159,0.978887880741159,332.445136368676,325.426515002639
22.11,100,0,3589.32008715919,105.352112225537,4,0.998892829917035,0.978892829917035,332.445640082239,325.428653413683
22.12,100,0,3590.0267733505,105.378654121578,4,0.998897777480377,0.978897777480377,332.446143676086,325.430791176443
22.13,100,0,3590.73323057414,105.405189689437,4,0.998902723431573,0.978902723431573,332.446647150226,325.432928291052
22.14,100,0,3591.43945888453,105.431718928943,4,0.998907667771011,0.978907667771011,332.44715050467,325.435064757645
22.15,100,0,3592.14545833611,105.458241839926,4,0.998912610499081,0.978912610499081,332.447653739429,325.437200576359
22.16,100,0,3592.8512289833,105.484758422217,4,0.998917551616169,0.978917551616169,332.448156854512,325.439335747327
22.17,100,0,3593.5567708805,105.511268675648,4,0.998922491122666,0.978922491122666,332.448659849932,325.441470270687
22.18,100,0,3594.26208408214,105.537772600053,4,0.998927429018958,0.978927429018958,332.449162725696,325.443604146571
22.19,100,0,3594.96716864262,105.564270195266,4,0.998932365305435,0.978932365305435,332.449665481817,325.445737375116
22.2,100,0,3595.67202461634,105.590761461123,4,0.998937299982485,0.978937299982485,332.450168118306,325.447869956457
22.21,100,0,3596.3766520577,105.617246397462,4,0.998942233050495,0.978942233050495,332.45067063517,325.450001890728
22.22,100,0,3597.08105102109,105.643725004121,4,0.998947164509854,0.978947164509854,332.451173032423,325.452133178066
22.23,100,0,3597.7852215609,105.67019728094,4,0.998952094360951,0.978952094360951,332.451675310075,325.454263818605
22.24,100,0,3598.48916373151,105.69666322776,4,0.998957022604173,0.978957022604173,332.452177468135,325.45639381248
22.25,100,0,3599.19287758731,105.723122844423,4,0.998961949239908,0.978961949239908,332.452679506615,325.458523159826
22.26,100,0,3599.89636318266,105.749576130773,4,0.998966874268545,0.978966874268545,332.453181425524,325.460651860778
22.27,100,0,3600.5956982904,105.776022963427,4,0.998971895595749,0.978971895595749,332.450386415391,325.459584980615
22.28,100,0,3601.28631558299,105.802462586115,4,0.998977126652881,0.978977126652881,332.440473518749,325.451619548508
22.29,100,0,3601.97089371718,105.828894252263,4,0.998982499805687,0.978982499805687,332.425718358262,325.438960758073
22.3,100,0,3602.65132963167,105.855317463861,4,0.998987967194571,0.978987967194571,332.407731196669,325.423169043986
22.31,100,0,3603.32889108334,105.881731888775,4,0.998993496840342,0.978993496840342,332.38758786094,325.405286946308
22.32,100,0,3604.00442544877,105.908137305702,4,0.998999067372394,0.978999067372394,332.366007172205,325.386011047875
22.33,100,0,3604.68192410589,105.934532609739,4,0.999004578178363,0.979004578178363,332.32634992297,325.349018023892
22.34,100,0,3605.3659568535,105.960916501232,4,0.999009914091252,0.979009914091252,332.289193557197,325.314414837883
22.35,100,0,3606.05413447061,105.98728961386,4,0.999015135360002,0.979015135360002,332.256327243149,325.283973190169
22.36,100,0,3606.74483107577,106.013652381003,4,0.999020282980381,0.979020282980381,332.226193910776,325.256182376023
22.37,100,0,3607.43701247118,106.04000507912,4,0.999025383027531,0.979025383027531,332.197803574136,325.230081885073
22.38,100,0,3608.13002070111,106.066347884889,4,0.999030452089879,0.979030452089879,332.170526645941,325.205060873109
22.39,100,0,3608.82343711119,106.092680911523,4,0.999035500722757,0.979035500722757,332.143962647807,325.180730782936
22.4,100,0,3609.51699528217,106.119004231865,4,0.999040535643943,0.979040535643943,332.117856783855,325.156844402583
22.41,100,0,3610.21052566079,106.145317893067,4,0.999045561129731,0.979045561129731,332.092046913226,325.13324441688
22.42,100,0,3610.90392034063,106.171621925936,4,0.999050579902826,0.979050579902826,332.066429836397,325.109830697586
22.43,100,0,3611.59711065553,106.197916350872,4,0.99905559369716,0.97905559369716,332.040939855975,325.086539502455
22.44,100,0,3612.29005292162,106.22420118165,4,0.999060603617242,0.979060603617242,332.015535140283,325.063330244747
22.45,100,0,3612.98271936288,106.250476427829,4,0.999065610366845,0.979065610366845,331.990189048191,325.040177076271
22.46,100,0,3613.67509233466,106.276742096279,4,0.999070614394556,0.979070614394556,331.964884609127,325.017063531676
22.47,100,0,3614.36716064592,106.302998192163,4,0.999075615986427,0.979075615986427,331.939611010082,324.993979119991
22.48,100,0,3615.05891721725,106.329244719551,4,0.999080615324978,0.979080615324978,331.914361359471,324.970917155028
22.49,100,0,3615.75035758921,106.355481681821,4,0.999085612526761,0.979085612526761,331.889131263501,324.9478733741
22.5,100,0,3616.44147897218,106.381709081906,4,0.999090607666291,0.979090607666291,331.86391791966,324.924845058476
22.51,100,0,3617.13227964092,106.407926922462,4,0.999095600791292,0.979095600791292,331.838719539385,324.901830473227
22.52,100,0,3617.82275854874,106.434135205962,4,0.999100591932406,0.979100591932406,331.813534980299,324.878828510395
22.53,100,0,3618.51291508167,106.460333934765,4,0.999105581109387,0.979105581109387,331.788363511917,324.855838461668
22.54,100,0,3619.20274890167,106.486523111159,4,0.999110568335043,0.979110568335043,331.763204666347,324.832859873522
22.55,100,0,3619.8922598467,106.512702737385,4,0.999115553617755,0.979115553617755,331.738058143136,324.809892454896
22.56,100,0,3620.58144786697,106.538872815655,4,0.999120536963076,0.979120536963076,331.71292374862,324.786936018341
22.57,100,0,3621.27031298432,106.565033348163,4,0.999125518374757,0.979125518374757,331.687801357246,324.763990442497
22.58,100,0,3621.95885526625,106.59118433709,4,0.9991304978554,0.9791304978554,331.662690886922,324.741055648174
22.59,100,0,3622.64707480943,106.617325784613,4,0.99913547540687,0.97913547540687,331.637592283286,324.718131583085
22.6,100,0,3623.33497172906,106.643457692901,4,0.999140451030565,0.979140451030565,331.612505509675,324.695218212119
22.61,100,0,3624.02254615222,106.669580064122,4,0.999145424727583,0.979145424727583,331.587430540721,324.672315511123
22.62,100,0,3624.70979821351,106.695692900443,4,0.999150396498832,0.979150396498832,331.562367358276,324.649423462947
22.63,100,0,3625.39672805231,106.721796204031,4,0.999155366345095,0.979155366345095,331.537315948793,324.62654205491
22.64,100,0,3626.08333581106,106.74788997705,4,0.999160334267081,0.979160334267081,331.512276301671,324.603671277185
22.65,100,0,3626.76962163408,106.773974221667,4,0.999165300265445,0.979165300265445,331.487248408191,324.580811121773
22.66,100,0,3627.45558566691,106.800048940048,4,0.999170264340814,0.979170264340814,331.462232260835,324.557961581838
22.67,100,0,3628.14122805585,106.826114134359,4,0.999175226493791,0.979175226493791,331.437227852855,324.535122651294
22.68,100,0,3628.8265489476,106.852169806767,4,0.999180186724968,0.979180186724968,331.412235177996,324.512294324529
22.69,100,0,3629.51154848918,106.87821595944,4,0.999185145034928,0.979185145034928,331.387254230316,324.489476596239
22.7,100,0,3630.19622682771,106.904252594546,4,0.99919010142425,0.97919010142425,331.36228500408,324.466669461316
22.71,100,0,3630.88058411041,106.930279714252,4,0.999195055893507,0.979195055893507,331.337327493681,324.44387291478
22.72,100,0,3631.56462048448,106.956297320729,4,0.999200008443272,0.979200008443272,331.312381693596,324.42108695173
22.73,100,0,3632.24833609715,106.982305416146,4,0.999204959074116,0.979204959074116,331.287447598358,324.398311567319
22.74,100,0,3632.93173109558,107.008304002673,4,0.999209907786607,0.979209907786607,331.262525202537,324.375546756735
22.75,100,0,3633.61480562691,107.034293082481,4,0.999214854581316,0.979214854581316,331.237614500724,324.352792515189
22.76,100,0,3634.29755983822,107.060272657741,4,0.999219799458811,0.979219799458811,331.212715487527,324.330048837905
22.77,100,0,3634.97999387652,107.086242730626,4,0.99922474241966,0.97922474241966,331.187828157569,324.307315720122
22.78,100,0,3635.66210788878,107.112203303308,4,0.999229683464431,0.979229683464431,331.162952505476,324.284593157083
22.79,100,0,3636.34390202189,107.138154377961,4,0.999234622593693,0.979234622593693,331.138088525883,324.26188114404
22.8,100,0,3637.02537642267,107.164095956757,4,0.999239559808014,0.979239559808014,331.113236213427,324.239179676243
22.81,100,0,3637.70653123789,107.190028041872,4,0.99924449510796,0.97924449510796,331.088395562753,324.216488748953
22.82,100,0,3638.38736661424,107.21595063548,4,0.999249428494101,0.979249428494101,331.063566568507,324.193808357429
22.83,100,0,3639.06788269835,107.241863739758,4,0.999254359967003,0.979254359967003,331.038749225338,324.171138496936
22.84,100,0,3639.74807963678,107.26776735688,4,0.999259289527235,0.979259289527235,331.013943527898,324.148479162738
22.85,100,0,3640.42795757603,107.293661489024,4,0.999264217175363,0.979264217175363,330.989149470843,324.125830350104
22.86,100,0,3641.10751666251,107.319546138366,4,0.999269142911955,0.979269142911955,330.964367048829,324.103192054305
22.87,100,0,3641.78675704258,107.345421307086,4,0.999274066737579,0.979274066737579,330.939596256517,324.080564270612
22.88,100,0,3642.46567886254,107.37128699736,4,0.999278988652802,0.979278988652802,330.91483708857,324.057946994302
22.89,100,0,3643.14428226861,107.397143211369,4,0.999283908658191,0.979283908658191,330.890089539653,324.03534022065
22.9,100,0,3643.82256740695,107.422989951292,4,0.999288826754313,0.979288826754313,330.865353604431,324.012743944935
22.91,100,0,3644.50053442363,107.448827219308,4,0.999293742941736,0.979293742941736,330.840629277578,323.990158162439
22.92,100,0,3645.17818346469,107.474655017599,4,0.999298657221027,0.979298657221027,330.815916553764,323.967582868445
22.93,100,0,3645.85551467607,107.500473348345,4,0.999303569592752,0.979303569592752,330.791215427664,323.945018058237
22.94,100,0,3646.53252820366,107.52628221373,4,0.999308480057479,0.979308480057479,330.766525893957,323.922463727104
22.95,100,0,3647.20922419328,107.552081615934,4,0.999313388615775,0.979313388615775,330.741847947322,323.899919870335
22.96,100,0,3647.88560279068,107.577871557142,4,0.999318295268206,0.979318295268206,330.71718158244,323.877386483221
22.97,100,0,3648.56166414155,107.603652039536,4,0.999323200015339,0.979323200015339,330.692526793998,323.854863561056
22.98,100,0,3649.23740839149,107.629423065301,4,0.999328102857742,0.979328102857742,330.667883576682,323.832351099137
22.99,100,0,3649.91283568606,107.655184636621,4,0.99933300379598,0.97933300379598,330.643251925181,323.809849092759
23,100,0,3650.58794617075,107.680936755682,4,0.99933790283062,0.97933790283062,330.618631834189,323.787357537223
23.01,100,0,3651.26273999096,107.706679424669,4,0.99934279996223,0.97934279996223,330.594023298397,323.764876427831
23.02,100,0,3651.93721729204,107.732412645769,4,0.999347695191375,0.979347695191375,330.569426312506,323.742405759888
23.03,100,0,3652.61137821928,107.758136421169,4,0.999352588518621,0.979352588518621,330.544840871213,323.719945528698
23.04,100,0,3653.28522291789,107.783850753056,4,0.999357479944536,0.979357479944536,330.520266969221,323.697495729571
23.05,100,0,3653.95875153301,107.809555643618,4,0.999362369469686,0.979362369469686,330.495704601232,323.675056357816
23.06,100,0,3654.63196420973,107.835251095044,4,0.999367257094637,0.979367257094637,330.471153761955,323.652627408746
23.07,100,0,3655.30486109306,107.860937109523,4,0.999372142819954,0.979372142819954,330.446614446099,323.630208877675
23.08,100,0,3655.97744232795,107.886613689245,4,0.999377026646205,0.979377026646205,330.422086648373,323.607800759919
23.09,100,0,3656.64970805927,107.9122808364,4,0.999381908573956,0.979381908573956,330.397570363494,323.585403050796
23.1,100,0,3657.32165843184,107.937938553179,4,0.999386788603772,0.979386788603771,330.373065586177,323.563015745629
23.11,100,0,3657.9932935904,107.963586841773,4,0.999391666736219,0.979391666736219,330.34857231114,323.540638839738
23.12,100,0,3658.66461367963,107.989225704374,4,0.999396542971863,0.979396542971863,330.324090533105,323.518272328447
23.13,100,0,3659.33561884415,108.014855143174,4,0.999401417311271,0.979401417311271,330.299620246796,323.495916207086
23.14,100,0,3660.0063092285,108.040475160368,4,0.999406289755008,0.979406289755008,330.275161446938,323.473570470982
23.15,100,0,3660.67668497716,108.066085758147,4,0.999411160303639,0.979411160303639,330.250714128261,323.451235115466
23.16,100,0,3661.34674623454,108.091686938707,4,0.999416028957731,0.979416028957731,330.226278285494,323.428910135869
23.17,100,0,3662.01649314499,108.117278704241,4,0.999420895717849,0.979420895717849,330.201853913372,323.406595527529
23.18,100,0,3662.6859258528,108.142861056946,4,0.999425760584559,0.979425760584559,330.177441006629,323.384291285781
23.19,100,0,3663.35504450216,108.168433999017,4,0.999430623558425,0.979430623558425,330.153039560005,323.361997405965
23.2,100,0,3664.02384923723,108.19399753265,4,0.999435484640015,0.979435484640015,330.128649568239,323.339713883422
23.21,100,0,3664.6923402021,108.219551660042,4,0.999440343829892,0.979440343829892,330.104271026075,323.317440713495
23.22,100,0,3665.36051754076,108.24509638339,4,0.999445201128623,0.979445201128623,330.079903928257,323.295177891528
23.23,100,0,3666.02838139718,108.270631704893,4,0.999450056536772,0.979450056536772,330.055548269533,323.272925412869
23.24,100,0,3666.69593191523,108.296157626749,4,0.999454910054905,0.979454910054905,330.031204044654,323.250683272869
23.25,100,0,3667.36316923873,108.321674151156,4,0.999459761683587,0.979459761683587,330.006871248373,323.228451466878
23.26,100,0,3668.03009351143,108.347181280315,4,0.999464611423383,0.979464611423383,329.982549875443,323.206229990248
23.27,100,0,3668.69670487701,108.372679016425,4,0.999469459274858,0.979469459274858,329.958239920623,323.184018838337
23.28,100,0,3669.36300347908,108.398167361687,4,0.999474305238577,0.979474305238577,329.933941378672,323.161818006501
23.29,100,0,3670.02898946121,108.423646318302,4,0.999479149315106,0.979479149315105,329.909654244353,323.139627490099
23.3,100,0,3670.69466296687,108.449115888472,4,0.999483991505007,0.979483991505007,329.885378512429,323.117447284494
23.31,100,0,3671.36002413947,108.474576074399,4,0.999488831808848,0.979488831808848,329.861114177669,323.09527738505
23.32,100,0,3672.02507312239,108.500026878286,4,0.999493670227192,0.979493670227192,329.836861234841,323.073117787131
23.33,100,0,3672.68981005889,108.525468302335,4,0.999498506760604,0.979498506760604,329.812619678716,323.050968486106
23.34,100,0,3673.35423509221,108.550900348752,4,0.999503341409648,0.979503341409648,329.78838950407,323.028829477343
23.35,100,0,3674.01834836549,108.576323019739,4,0.99950817417489,0.97950817417489,329.764170705678,323.006700756216
23.36,100,0,3674.68215002183,108.601736317503,4,0.999513005056894,0.979513005056894,329.73996327832,322.984582318097
23.37,100,0,3675.34564020424,108.627140244247,4,0.999517834056223,0.979517834056223,329.715767216777,322.962474158363
23.38,100,0,3676.0088190557,108.652534802179,4,0.999522661173443,0.979522661173443,329.691582515832,322.940376272392
23.39,100,0,3676.67168671908,108.677919993505,4,0.999527486409118,0.979527486409118,329.667409170272,322.918288655563
23.4,100,0,3677.33424333721,108.703295820431,4,0.999532309763812,0.979532309763812,329.643247174885,322.896211303258
23.41,100,0,3677.99648905287,108.728662285165,4,0.99953713123809,0.97953713123809,329.619096524462,322.874144210863
23.42,100,0,3678.65842400873,108.754019389915,4,0.999541950832514,0.979541950832514,329.594957213795,322.85208737376
23.43,100,0,3679.32004834743,108.779367136889,4,0.99954676854765,0.97954676854765,329.570829237682,322.830040787341
23.44,100,0,3679.98136221153,108.804705528297,4,0.999551584384062,0.979551584384062,329.54671259092,322.808004446994
23.45,100,0,3680.64236574353,108.830034566348,4,0.999556398342313,0.979556398342313,329.522607268308,322.785978348113
23.46,100,0,3681.30305908587,108.855354253252,4,0.999561210422968,0.979561210422968,329.498513264651,322.763962486089
23.47,100,0,3681.96344238091,108.880664591219,4,0.999566020626589,0.979566020626589,329.474430574752,322.741956856321
23.48,100,0,3682.62351577095,108.905965582461,4,0.999570828953742,0.979570828953742,329.45035919342,322.719961454206
23.49,100,0,3683.28327939823,108.93125722919,4,0.999575635404989,0.979575635404989,329.426299115464,322.697976275144
23.5,100,0,3683.94273340492,108.956539533617,4,0.999580439980895,0.979580439980895,329.402250335696,322.676001314538
23.51,100,0,3684.60187793312,108.981812497955,4,0.999585242682022,0.979585242682022,329.378212848932,322.654036567792
23.52,100,0,3685.26071312488,109.007076124417,4,0.999590043508935,0.979590043508935,329.354186649988,322.632082030312
23.53,100,0,3685.91923912217,109.032330415216,4,0.999594842462197,0.979594842462197,329.330171733684,322.610137697506
23.54,100,0,3686.57745606691,109.057575372568,4,0.999599639542371,0.979599639542371,329.30616809484,322.588203564785
23.55,100,0,3687.23536410093,109.082810998686,4,0.999604434750021,0.979604434750021,329.282175728283,322.566279627561
23.56,100,0,3687.89296336602,109.108037295786,4,0.999609228085709,0.979609228085709,329.258194628836,322.544365881248
23.57,100,0,3688.55025400388,109.133254266083,4,0.99961401955,0.97961401955,329.234224791331,322.522462321264
23.58,100,0,3689.20723615618,109.158461911794,4,0.999618809143457,0.979618809143457,329.210266210597,322.500568943025
23.59,100,0,3689.86390996449,109.183660235134,4,0.999623596866641,0.979623596866641,329.186318881469,322.478685741954
23.6,100,0,3690.52027557034,109.208849238323,4,0.999628382720118,0.979628382720118,329.162382798781,322.45681271347
23.61,100,0,3691.17633311518,109.234028923576,4,0.999633166704449,0.979633166704449,329.138457957373,322.434949853001
23.62,100,0,3691.83208274039,109.259199293112,4,0.999637948820197,0.979637948820197,329.114544352086,322.413097155972
23.63,100,0,3692.48752458731,109.284360349151,4,0.999642729067925,0.979642729067925,329.090641977762,322.39125461781
23.64,100,0,3693.1426587972,109.30951209391,4,0.999647507448197,0.979647507448197,329.066750829246,322.369422233948
23.65,100,0,3693.79748551124,109.33465452961,4,0.999652283961575,0.979652283961575,329.042870901386,322.347599999816
23.66,100,0,3694.45200487057,109.359787658471,4,0.999657058608621,0.979657058608621,329.019002189031,322.32578791085
23.67,100,0,3695.10621701626,109.384911482713,4,0.999661831389898,0.979661831389898,328.995144687037,322.303985962487
23.68,100,0,3695.7601220893,109.410026004558,4,0.999666602305968,0.979666602305968,328.971298390254,322.282194150163
23.69,100,0,3696.41372023064,109.435131226227,4,0.999671371357395,0.979671371357395,328.947463293542,322.260412469321
23.7,100,0,3697.06701158114,109.460227149943,4,0.999676138544741,0.979676138544741,328.923639391761,322.238640915403
23.71,100,0,3697.71999628161,109.485313777927,4,0.999680903868568,0.979680903868568,328.89982667977,322.216879483852
23.72,100,0,3698.37267447279,109.510391112404,4,0.999685667329438,0.979685667329438,328.876025152436,322.195128170117
23.73,100,0,3699.02504629536,109.535459155597,4,0.999690428927913,0.979690428927913,328.852234804624,322.173386969645
23.74,100,0,3699.67711188994,109.560517909729,4,0.999695188664557,0.979695188664557,328.828455631202,322.151655877885
23.75,100,0,3700.32887139707,109.585567377026,4,0.99969994653993,0.97969994653993,328.804687627042,322.129934890292
23.76,100,0,3700.98032495724,109.610607559712,4,0.999704702554595,0.979704702554595,328.780930787019,322.108224002319
23.77,100,0,3701.63147271087,109.635638460013,4,0.999709456709114,0.979709456709114,328.757185106006,322.086523209423
23.78,100,0,3702.28231479831,109.660660080155,4,0.99971420900405,0.97971420900405,328.733450578884,322.064832507063
23.79,100,0,3702.93285135986,109.685672422365,4,0.999718959439963,0.979718959439963,328.709727200531,322.043151890698
23.8,100,0,3703.58308253574,109.71067548887,4,0.999723708017415,0.979723708017415,328.686014965832,322.021481355792
23.81,100,0,3704.23300846611,109.735669281896,4,0.999728454736969,0.979728454736969,328.66231386967,321.999820897809
23.82,100,0,3704.88262929107,109.760653803672,4,0.999733199599186,0.979733199599186,328.638623906934,321.978170512214
23.83,100,0,3705.53194515067,109.785629056427,4,0.999737942604628,0.979737942604628,328.614945072515,321.956530194478
23.84,100,0,3706.18095618486,109.810595042389,4,0.999742683753856,0.979742683753856,328.591277361302,321.93489994007
23.85,100,0,3706.82966253356,109.835551763788,4,0.999747423047432,0.979747423047432,328.567620768192,321.913279744462
23.86,100,0,3707.4780643366,109.860499222854,4,0.999752160485917,0.979752160485917,328.543975288082,321.89166960313
23.87,100,0,3708.12616173376,109.885437421816,4,0.999756896069873,0.979756896069873,328.520340915869,321.870069511548
23.88,100,0,3708.77395486477,109.910366362906,4,0.999761629799861,0.979761629799861,328.496717646455,321.848479465196
23.89,100,0,3709.42144386926,109.935286048355,4,0.999766361676443,0.979766361676442,328.473105474746,321.826899459554
23.9,100,0,3710.06862888683,109.960196480395,4,0.999771091700178,0.979771091700178,328.449504395646,321.805329490105
23.91,100,0,3710.71551005699,109.985097661258,4,0.999775819871629,0.979775819871629,328.425914404064,321.783769552331
23.92,100,0,3711.36208751921,110.009989593176,4,0.999780546191357,0.979780546191357,328.402335494911,321.762219641721
23.93,100,0,3712.00836141287,110.034872278384,4,0.999785270659923,0.979785270659923,328.3787676631,321.740679753763
23.94,100,0,3712.65433187731,110.059745719114,4,0.999789993277888,0.979789993277888,328.355210903546,321.719149883945
23.95,100,0,3713.2999990518,110.0846099176,4,0.999794714045812,0.979794714045812,328.331665211168,321.697630027762
23.96,100,0,3713.94536307554,110.109464876078,4,0.999799432964256,0.979799432964256,328.308130580885,321.676120180706
23.97,100,0,3714.59042408767,110.134310596782,4,0.999804150033782,0.979804150033782,328.284607007619,321.654620338274
23.98,100,0,3715.23518222726,110.159147081948,4,0.999808865254949,0.979808865254949,328.261094486296,321.633130495965
23.99,100,0,3715.87963763332,110.183974333811,4,0.999813578628319,0.979813578628319,328.237593011841,321.611650649278
24,100,0,3716.52379044481,110.208792354608,4,0.999818290154453,0.979818290154453,328.214102579186,321.590180793716
24.01,100,0,3717.16764080061,110.233601146577,4,0.99982299983391,0.97982299983391,328.19062318326,321.568720924782
24.02,100,0,3717.81118883954,110.258400711953,4,0.99982770766725,0.97982770766725,328.167154818999,321.547271037983
24.03,100,0,3718.45443470035,110.283191052976,4,0.999832413655036,0.979832413655036,328.143697481338,321.525831128827
24.04,100,0,3719.09737852175,110.307972171883,4,0.999837117797826,0.979837117797826,328.120251165215,321.504401192823
24.05,100,0,3719.74002044236,110.332744070913,4,0.999841820096182,0.979841820096182,328.096815865572,321.482981225484
24.06,100,0,3720.38236060075,110.357506752305,4,0.999846520550663,0.979846520550663,328.073391577352,321.461571222324
24.07,100,0,3721.02439913542,110.3822602183,4,0.999851219161829,0.979851219161829,328.0499782955,321.440171178857
24.08,100,0,3721.66613618481,110.407004471136,4,0.999855915930241,0.979855915930241,328.026576014965,321.418781090604
24.09,100,0,3722.30757188731,110.431739513054,4,0.999860610856458,0.979860610856458,328.003184730695,321.397400953083
24.1,100,0,3722.94870638122,110.456465346296,4,0.999865303941041,0.979865303941041,327.979804437643,321.376030761814
24.11,100,0,3723.5895398048,110.481181973104,4,0.99986999518455,0.97986999518455,327.956435130765,321.354670512325
24.12,100,0,3724.23007229623,110.505889395717,4,0.999874684587544,0.979874684587544,327.933076805017,321.333320200139
24.13,100,0,3724.87030399364,110.53058761638,4,0.999879372150583,0.979879372150583,327.909729455358,321.311979820784
24.14,100,0,3725.51023503509,110.555276637335,4,0.999884057874226,0.979884057874226,327.88639307675,321.290649369789
24.15,100,0,3726.14986555858,110.579956460825,4,0.999888741759034,0.979888741759034,327.863067664156,321.269328842687
24.16,100,0,3726.78919570204,110.604627089093,4,0.999893423805566,0.979893423805566,327.839753212544,321.248018235011
24.17,100,0,3727.42822560334,110.629288524385,4,0.999898104014382,0.979898104014382,327.81644971688,321.226717542297
24.18,100,0,3728.0669554003,110.653940768944,4,0.99990278238604,0.97990278238604,327.793157172136,321.205426760081
24.19,100,0,3728.70538523065,110.678583825016,4,0.999907458921101,0.979907458921101,327.769875573285,321.184145883904
24.2,100,0,3729.34351523209,110.703217694845,4,0.999912133620124,0.979912133620124,327.746604915303,321.162874909306
24.21,100,0,3729.98134554223,110.727842380679,4,0.999916806483667,0.979916806483667,327.723345193166,321.141613831831
24.22,100,0,3730.61887629863,110.752457884762,4,0.999921477512291,0.979921477512291,327.700096401854,321.120362647025
24.23,100,0,3731.25610763878,110.777064209342,4,0.999926146706554,0.979926146706554,327.67685853635,321.099121350434
24.24,100,0,3731.89303970012,110.801661356667,4,0.999930814067016,0.979930814067016,327.653631591638,321.077889937608
24.25,100,0,3732.52967262002,110.826249328983,4,0.999935479594235,0.979935479594235,327.630415562705,321.056668404098
24.26,100,0,3733.16600653577,110.850828128539,4,0.99994014328877,0.97994014328877,327.607210444539,321.035456745456
24.27,100,0,3733.80204158463,110.875397757584,4,0.99994480515118,0.97994480515118,327.584016232133,321.014254957239
24.28,100,0,3734.43777790377,110.899958218366,4,0.999949465182025,0.979949465182025,327.560832920479,320.993063035002
24.29,100,0,3735.07321563031,110.924509513134,4,0.999954123381862,0.979954123381862,327.537660504574,320.971880974306
24.3,100,0,3735.70835490132,110.949051644139,4,0.999958779751251,0.979958779751251,327.514498979415,320.95070877071
24.31,100,0,3736.34319585377,110.973584613631,4,0.999963434290751,0.979963434290751,327.491348340003,320.929546419778
24.32,100,0,3736.9777386246,110.99810842386,4,0.999968087000919,0.979968087000919,327.46820858134,320.908393917074
24.33,100,0,3737.61198335068,111.022623077078,4,0.999972737882314,0.979972737882314,327.445079698432,320.887251258165
24.34,100,0,3738.24593016882,111.047128575536,4,0.999977386935495,0.979977386935495,327.421961686285,320.86611843862
24.35,100,0,3738.87957921575,111.071624921485,4,0.99998203416102,0.97998203416102,327.39885453991,320.844995454009
24.36,100,0,3739.51293062816,111.09611211718,4,0.999986679559447,0.979986679559447,327.375758254318,320.823882299905
24.37,100,0,3740.14598454266,111.120590164871,4,0.999991323131335,0.979991323131335,327.352672824521,320.802778971882
24.38,100,0,3740.77874109582,111.145059066813,4,0.999995964877242,0.979995964877242,327.329598245538,320.781685465516
24.39,100,0,3741.41120042412,111.169518825259,4,1.00000060479773,0.980000604797726,327.306534512386,320.760601776386
24.4,100,0,3742.04336266399,111.193969442464,4,1.00000524289334,0.980005242893345,327.283481620087,320.739527900073
24.41,100,0,3742.67522795181,111.218410920681,4,1.00000987916466,0.980009879164657,327.260439563664,320.718463832158
24.42,100,0,3743.30679642387,111.242843262165,4,1.00001451361222,0.980014513612219,327.23740833814,320.697409568225
24.43,100,0,3743.93806821643,111.267266469173,4,1.00001914623659,0.980019146236591,327.214387938544,320.676365103861
24.44,100,0,3744.56904346567,111.291680543959,4,1.00002377703833,0.98002377703833,327.191378359907,320.655330434653
24.45,100,0,3745.19972230771,111.316085488781,4,1.00002840601799,0.980028406017992,327.16837959726,320.634305556193
24.46,100,0,3745.8301048786,111.340481305893,4,1.00003303317614,0.980033033176137,327.145391645638,320.61329046407
24.47,100,0,3746.46019131434,111.364867997555,4,1.00003765851332,0.980037658513321,327.122414500076,320.592285153879
24.48,100,0,3747.08998175086,111.389245566022,4,1.0000422820301,0.980042282030103,327.099448155614,320.571289621216
24.49,100,0,3747.71947632404,111.413614013553,4,1.00004690372704,0.98004690372704,327.076492607294,320.550303861678
24.5,100,0,3748.34867516969,111.437973342407,4,1.00005152360469,0.980051523604688,327.053547850158,320.529327870866
24.51,100,0,3748.97757842355,111.462323554841,4,1.00005614166361,0.980056141663606,327.030613879252,320.508361644381
24.52,100,0,3749.60618622131,111.486664653114,4,1.00006075790435,0.980060757904351,327.007690689624,320.487405177825
24.53,100,0,3750.2344986986,111.510996639488,4,1.00006537232748,0.98006537232748,326.984778276324,320.466458466804
24.54,100,0,3750.86251599097,111.53531951622,4,1.00006998493355,0.98006998493355,326.961876634403,320.445521506925
24.55,100,0,3751.49023823393,111.559633285572,4,1.00007459572312,0.980074595723118,326.938985758919,320.424594293799
24.56,100,0,3752.11766556292,111.583937949803,4,1.00007920469674,0.980079204696742,326.916105644926,320.403676823035
24.57,100,0,3752.74479811331,111.608233511177,4,1.00008381185498,0.980083811854978,326.893236287484,320.382769090247
24.58,100,0,3753.37163602042,111.632519971953,4,1.00008841719838,0.980088417198383,326.870377681654,320.36187109105
24.59,100,0,3753.9981794195,111.656797334394,4,1.00009302072751,0.980093020727514,326.847529822499,320.340982821059
24.6,100,0,3754.62442844575,111.681065600762,4,1.00009762244293,0.980097622442928,326.824692705087,320.320104275896
24.61,100,0,3755.25038323429,111.705324773319,4,1.00010222234518,0.980102222345181,326.801866324484,320.29923545118
24.62,100,0,3755.8760439202,111.72957485433,4,1.00010682043483,0.980106820434831,326.779050675762,320.278376342533
24.63,100,0,3756.50141063847,111.753815846057,4,1.00011141671243,0.980111416712433,326.756245753991,320.257526945581
24.64,100,0,3757.12648352407,111.778047750765,4,1.00011601117854,0.980116011178545,326.733451554249,320.236687255948
24.65,100,0,3757.75126271186,111.802270570717,4,1.00012060383372,0.980120603833722,326.71066807161,320.215857269265
24.66,100,0,3758.37574833668,111.826484308179,4,1.00012519467852,0.980125194678521,326.687895301155,320.195036981161
24.67,100,0,3758.99994053328,111.850688965416,4,1.0001297837135,0.980129783713499,326.665133237965,320.174226387268
24.68,100,0,3759.62383943637,111.874884544692,4,1.00013437093921,0.980134370939211,326.642381877125,320.153425483221
24.69,100,0,3760.24744518058,111.899071048275,4,1.00013895635621,0.980138956356214,326.619641213718,320.132634264655
24.7,100,0,3760.8707579005,111.92324847843,4,1.00014353996506,0.980143539965065,326.596911242835,320.111852727208
24.71,100,0,3761.49377773063,111.947416837424,4,1.00014812176632,0.980148121766318,326.574191959565,320.091080866521
24.72,100,0,3762.11650480543,111.971576127524,4,1.00015270176053,0.98015270176053,326.551483359001,320.070318678234
24.73,100,0,3762.73893925931,111.995726350997,4,1.00015727994826,0.980157279948258,326.528785436238,320.049566157991
24.74,100,0,3763.36108122658,112.019867510112,4,1.00016185633006,0.980161856330056,326.506098186373,320.028823301439
24.75,100,0,3763.98293084151,112.043999607137,4,1.00016643090648,0.980166430906481,326.483421604505,320.008090104223
24.76,100,0,3764.60448823833,112.06812264434,4,1.00017100367809,0.980171003678088,326.460755685736,319.987366561995
24.77,100,0,3765.22575355118,112.092236623991,4,1.00017557464543,0.980175574645433,326.438100425168,319.966652670403
24.78,100,0,3765.84672691415,112.116341548358,4,1.00018014380907,0.980180143809072,326.41545581791,319.945948425102
24.79,100,0,3766.46740846125,112.140437419712,4,1.00018471116956,0.98018471116956,326.392821859068,319.925253821748
24.8,100,0,3767.08779832647,112.164524240323,4,1.00018927672745,0.980189276727453,326.370198543753,319.904568855997
24.81,100,0,3767.7078966437,112.188602012462,4,1.00019384048331,0.980193840483306,326.347585867078,319.883893523507
24.82,100,0,3768.32770354679,112.212670738398,4,1.00019840243767,0.980198402437674,326.324983824159,319.86322781994
24.83,100,0,3768.94721916952,112.236730420404,4,1.00020296259111,0.980202962591113,326.302392410109,319.842571740957
24.84,100,0,3769.56644364562,112.260781060752,4,1.00020752094418,0.980207520944178,326.279811620051,319.821925282224
24.85,100,0,3770.18537710874,112.284822661713,4,1.00021207749742,0.980212077497424,326.257241449105,319.801288439406
24.86,100,0,3770.80401969248,112.30885522556,4,1.00021663225141,0.980216632251406,326.234681892395,319.780661208172
24.87,100,0,3771.42237153039,112.332878754566,4,1.00022118520668,0.980221185206679,326.212132945047,319.760043584193
24.88,100,0,3772.04043275594,112.356893251004,4,1.0002257363638,0.980225736363799,326.189594602189,319.73943556314
24.89,100,0,3772.65820350256,112.380898717147,4,1.00023028572332,0.980230285723319,326.167066858953,319.718837140688
24.9,100,0,3773.2756839036,112.404895155271,4,1.00023483328579,0.980234833285795,326.144549710468,319.698248312511
24.91,100,0,3773.89287409235,112.428882567648,4,1.00023937905178,0.980239379051782,326.122043151871,319.677669074288
24.92,100,0,3774.50977420205,112.452860956553,4,1.00024392302183,0.980243923021833,326.099547178299,319.657099421699
24.93,100,0,3775.12638436589,112.476830324263,4,1.00024846519651,0.980248465196505,326.07706178489,319.636539350425
24.94,100,0,3775.74270471696,112.500790673051,4,1.00025300557635,0.980253005576351,326.054586966788,319.615988856149
24.95,100,0,3776.35873538834,112.524742005195,4,1.00025754416193,0.980257544161926,326.032122719133,319.595447934557
24.96,100,0,3776.974476513,112.54868432297,4,1.00026208095378,0.980262080953784,326.009669037072,319.574916581335
24.97,100,0,3777.5899282239,112.572617628653,4,1.00026661595248,0.98026661595248,325.987225915754,319.554394792173
24.98,100,0,3778.20509065389,112.59654192452,4,1.00027114915857,0.980271149158568,325.964793350329,319.533882562762
24.99,100,0,3778.81996393579,112.62045721285,4,1.0002756805726,0.980275680572602,325.942371335948,319.513379888795
25,100,0,3779.43454820236,112.644363495919,4,1.00028021019514,0.980280210195136,325.919959867767,319.492886765965
25.01,100,0,3780.04884358628,112.668260776006,4,1.00028473802672,0.980284738026725,325.897558940942,319.472403189971
25.02,100,0,3780.66285022019,112.69214905539,4,1.00028926406792,0.980289264067922,325.875168550632,319.451929156509
25.03,100,0,3781.27656823665,112.716028336348,4,1.00029378831928,0.980293788319281,325.852788691998,319.431464661281
25.04,100,0,3781.88999776819,112.73989862116,4,1.00029831078136,0.980298310781357,325.830419360204,319.411009699989
25.05,100,0,3782.50313894725,112.763759912105,4,1.0003028314547,0.980302831454703,325.808060550416,319.390564268338
25.06,100,0,3783.11599190622,112.787612211464,4,1.00030735033987,0.980307350339872,325.785712257799,319.370128362031
25.07,100,0,3783.72855677743,112.811455521517,4,1.00031186743742,0.980311867437419,325.763374477525,319.349701976778
25.08,100,0,3784.34083369315,112.835289844543,4,1.0003163827479,0.980316382747898,325.741047204766,319.329285108289
25.09,100,0,3784.95282278559,112.859115182824,4,1.00032089627186,0.980320896271861,325.718730434696,319.308877752274
25.1,100,0,3785.56452418691,112.882931538642,4,1.00032540800986,0.980325408009862,325.696424162491,319.288479904447
25.11,100,0,3786.17593802919,112.906738914278,4,1.00032991796245,0.980329917962455,325.674128383331,319.268091560524
25.12,100,0,3786.78706444446,112.930537312013,4,1.00033442613019,0.980334426130192,325.651843092395,319.247712716223
25.13,100,0,3787.3979035647,112.954326734131,4,1.00033893251363,0.980338932513628,325.629568284867,319.22734336726
25.14,100,0,3788.0084555218,112.978107182913,4,1.00034343711332,0.980343437113316,325.607303955933,319.206983509359
25.15,100,0,3788.61872044763,113.001878660643,4,1.00034793992981,0.980347939929808,325.585050100778,319.186633138241
25.16,100,0,3789.22869847398,113.025641169605,4,1.00035244096366,0.980352440963657,325.562806714593,319.166292249631
25.17,100,0,3789.83838973257,113.049394712081,4,1.00035694021542,0.980356940215418,325.54057379257,319.145960839256
25.18,100,0,3790.44779435507,113.073139290356,4,1.00036143768564,0.980361437685642,325.518351329903,319.125638902843
25.19,100,0,3791.0569124731,113.096874906715,4,1.00036593337488,0.980365933374883,325.496139321787,319.105326436125
25.2,100,0,3791.66574421821,113.120601563442,4,1.00037042728369,0.980370427283693,325.473937763421,319.085023434831
25.21,100,0,3792.27428972188,113.144319262823,4,1.00037491941262,0.980374919412625,325.451746650005,319.064729894697
25.22,100,0,3792.88254911555,113.168028007142,4,1.00037940976223,0.980379409762232,325.429565976742,319.044445811458
25.23,100,0,3793.4905225306,113.191727798685,4,1.00038389833307,0.980383898333066,325.407395738837,319.024171180852
25.24,100,0,3794.09821009833,113.21541863974,4,1.00038838512568,0.980388385125681,325.385235931496,319.003905998618
25.25,100,0,3794.70561195,113.239100532592,4,1.00039287014063,0.980392870140627,325.363086549929,318.983650260498
25.26,100,0,3795.31272821679,113.262773479527,4,1.00039735337846,0.980397353378459,325.340947589346,318.963403962234
25.27,100,0,3795.91955902985,113.286437482834,4,1.00040183483973,0.980401834839728,325.318819044962,318.943167099574
25.28,100,0,3796.52610452025,113.3100925448,4,1.00040631452499,0.980406314524986,325.296700911992,318.922939668263
25.29,100,0,3797.132364819,113.333738667712,4,1.00041079243479,0.980410792434786,325.274593185653,318.902721664049
25.3,100,0,3797.73834005706,113.357375853858,4,1.00041526856968,0.98041526856968,325.252495861166,318.882513082684
25.31,100,0,3798.34403036532,113.381004105529,4,1.00041974293022,0.98041974293022,325.230408933753,318.86231391992
25.32,100,0,3798.94943587462,113.404623425011,4,1.00042421551696,0.980424215516958,325.208332398637,318.842124171512
25.33,100,0,3799.55455671574,113.428233814594,4,1.00042868633045,0.980428686330445,325.186266251047,318.821943833216
25.34,100,0,3800.15939301939,113.451835276568,4,1.00043315537123,0.980433155371235,325.164210486208,318.801772900789
25.35,100,0,3800.76394491623,113.475427813223,4,1.00043762263988,0.980437622639878,325.142165099354,318.781611369993
25.36,100,0,3801.36821253686,113.499011426848,4,1.00044208813693,0.980442088136926,325.120130085715,318.761459236587
25.37,100,0,3801.97219601183,113.522586119735,4,1.00044655186293,0.980446551862931,325.098105440528,318.741316496337
25.38,100,0,3802.5758954716,113.546151894174,4,1.00045101381844,0.980451013818444,325.076091159031,318.721183145009
25.39,100,0,3803.17931104661,113.569708752456,4,1.00045547400402,0.980455474004018,325.054087236461,318.701059178368
25.4,100,0,3803.78244286721,113.593256696873,4,1.0004599324202,0.980459932420203,325.03209366806,318.680944592183
25.41,100,0,3804.38529106371,113.616795729717,4,1.00046438906755,0.980464389067551,325.010110449073,318.660839382228
25.42,100,0,3804.98785576635,113.640325853279,4,1.00046884394661,0.980468843946613,324.988137574745,318.640743544274
25.43,100,0,3805.59013710532,113.663847069853,4,1.00047329705794,0.980473297057941,324.966175040324,318.620657074094
25.44,100,0,3806.19213521073,113.68735938173,4,1.00047774840209,0.980477748402085,324.944222841059,318.600579967467
25.45,100,0,3806.79385021267,113.710862791205,4,1.0004821979796,0.980482197979598,324.922280972204,318.580512220171
25.46,100,0,3807.39528224113,113.734357300571,4,1.00048664579103,0.980486645791029,324.900349429013,318.560453827987
25.47,100,0,3807.99643142607,113.75784291212,4,1.00049109183693,0.98049109183693,324.878428206743,318.540404786695
25.48,100,0,3808.59729789738,113.781319628149,4,1.00049553611785,0.980495536117852,324.856517300651,318.52036509208
25.49,100,0,3809.19788178487,113.80478745095,4,1.00049997863435,0.980499978634345,324.834616705998,318.500334739927
25.5,100,0,3809.79818321834,113.828246382818,4,1.00050441938696,0.980504419386961,324.812726418049,318.480313726025
25.51,100,0,3810.39820232749,113.851696426049,4,1.00050885837625,0.98050885837625,324.790846432067,318.460302046161
25.52,100,0,3810.99793924198,113.875137582938,4,1.00051329560276,0.980513295602762,324.76897674332,318.44029969613
25.53,100,0,3811.59739409139,113.898569855781,4,1.00051773106705,0.980517731067049,324.747117347078,318.420306671721
25.54,100,0,3812.19656700528,113.921993246873,4,1.00052216476966,0.980522164769661,324.725268238611,318.400322968732
25.55,100,0,3812.79545811311,113.945407758511,4,1.00052659671115,0.980526596711148,324.703429413195,318.380348582958
25.56,100,0,3813.39406754431,113.968813392992,4,1.00053102689206,0.98053102689206,324.681600866104,318.360383510199
25.57,100,0,3813.99239542823,113.992210152612,4,1.00053545531295,0.980535455312949,324.659782592616,318.340427746254
25.58,100,0,3814.59044189419,114.015598039669,4,1.00053988197436,0.980539881974364,324.637974588012,318.320481286925
25.59,100,0,3815.18820707141,114.03897705646,4,1.00054430687685,0.980544306876854,324.616176847573,318.300544128018
25.6,100,0,3815.7856910891,114.062347205282,4,1.00054873002097,0.980548730020972,324.594389366584,318.280616265337
25.61,100,0,3816.38289407637,114.085708488436,4,1.00055315140727,0.980553151407266,324.572612140332,318.26069769469
25.62,100,0,3816.97981616229,114.109060908217,4,1.00055757103629,0.980557571036286,324.550845164104,318.240788411888
25.63,100,0,3817.57645747588,114.132404466927,4,1.00056198890858,0.980561988908582,324.529088433192,318.22088841274
25.64,100,0,3818.17281814607,114.155739166862,4,1.0005664050247,0.980566405024704,324.507341942889,318.200997693061
25.65,100,0,3818.76889830178,114.179065010324,4,1.0005708193852,0.980570819385203,324.485605688489,318.181116248666
25.66,100,0,3819.36469807182,114.202381999611,4,1.00057523199063,0.980575231990627,324.463879665291,318.161244075371
25.67,100,0,3819.96021758499,114.225690137024,4,1.00057964284153,0.980579642841525,324.442163868592,318.141381168995
25.68,100,0,3820.55545696998,114.248989424863,4,1.00058405193845,0.980584051938449,324.420458293694,318.121527525359
25.69,100,0,3821.15041635547,114.272279865428,4,1.00058845928195,0.980588459281946,324.3987629359,318.101683140284
25.7,100,0,3821.74509587005,114.295561461021,4,1.00059286487257,0.980592864872567,324.377077790517,318.081848009595
25.71,100,0,3822.33949564227,114.318834213942,4,1.00059726871086,0.980597268710862,324.355402852852,318.062022129118
25.72,100,0,3822.93361580061,114.342098126493,4,1.00060167079738,0.980601670797377,324.333738118214,318.04220549468
25.73,100,0,3823.5274564735,114.365353200977,4,1.00060607113266,0.980606071132665,324.312083581917,318.022398102112
25.74,100,0,3824.12101778931,114.388599439694,4,1.00061046971727,0.980610469717272,324.290439239273,318.002599947244
25.75,100,0,3824.71429987634,114.411836844947,4,1.00061486655175,0.980614866551749,324.268805085599,317.98281102591
25.76,100,0,3825.30730286285,114.435065419039,4,1.00061926163664,0.980619261636645,324.247181116214,317.963031333945
25.77,100,0,3825.90002687703,114.458285164274,4,1.00062365497251,0.980623654972508,324.225567326437,317.943260867186
25.78,100,0,3826.49247204702,114.481496082953,4,1.00062804655989,0.980628046559887,324.203963711592,317.923499621471
25.79,100,0,3827.08463850089,114.504698177382,4,1.00063243639933,0.980632436399331,324.182370267002,317.90374759264
25.8,100,0,3827.67652636667,114.527891449863,4,1.00063682449139,0.980636824491388,324.160786987994,317.884004776536
25.81,100,0,3828.26813577232,114.5510759027,4,1.00064121083661,0.980641210836608,324.139213869899,317.864271169004
25.82,100,0,3828.85946684574,114.574251538199,4,1.00064559543554,0.980645595435539,324.117650908045,317.844546765888
25.83,100,0,3829.45051971478,114.597418358664,4,1.00064997828873,0.980649978288729,324.096098097767,317.824831563037
25.84,100,0,3830.04129450722,114.6205763664,4,1.00065435939673,0.980654359396726,324.074555434399,317.8051255563
25.85,100,0,3830.6317913508,114.643725563712,4,1.00065873876008,0.98065873876008,324.053022913279,317.785428741528
25.86,100,0,3831.22201037319,114.666865952906,4,1.00066311637934,0.980663116379338,324.031500529747,317.765741114575
25.87,100,0,3831.811951702,114.689997536287,4,1.00066749225505,0.980667492255049,324.009988279143,317.746062671295
25.88,100,0,3832.40161546479,114.713120316162,4,1.00067186638776,0.980671866387761,323.988486156812,317.726393407546
25.89,100,0,3832.99100178906,114.736234294837,4,1.00067623877802,0.980676238778021,323.966994158098,317.706733319185
25.9,100,0,3833.58011080225,114.759339474619,4,1.00068060942638,0.980680609426378,323.945512278351,317.687082402073
25.91,100,0,3834.16894263175,114.782435857816,4,1.00068497833338,0.98068497833338,323.924040512918,317.667440652072
25.92,100,0,3834.75749740488,114.805523446733,4,1.00068934549957,0.980689345499574,323.902578857155,317.647808065047
25.93,100,0,3835.34577524891,114.828602243679,4,1.00069371092551,0.980693710925509,323.881127306412,317.628184636862
25.94,100,0,3835.93377629105,114.851672250961,4,1.00069807461173,0.980698074611732,323.859685856048,317.608570363386
25.95,100,0,3836.52150065846,114.874733470888,4,1.00070243655879,0.98070243655879,323.838254501419,317.588965240488
25.96,100,0,3837.10894847823,114.897785905769,4,1.00070679676723,0.980706796767232,323.816833237887,317.569369264038
25.97,100,0,3837.69611987739,114.92082955791,4,1.0007111552376,0.980711155237605,323.795422060815,317.54978242991
25.98,100,0,3838.28301498294,114.943864429623,4,1.00071551197046,0.980715511970456,323.774020965565,317.530204733977
25.99,100,0,3838.86963392179,114.966890523215,4,1.00071986696633,0.980719866966332,323.752629947506,317.510636172118
26,100,0,3839.45597682082,114.989907840997,4,1.00072422022578,0.980724220225782,323.731249002007,317.491076740211
26.01,100,0,3840.04204380682,115.012916385277,4,1.00072857174935,0.980728571749351,323.709878124436,317.471526434135
26.02,100,0,3840.62783500655,115.035916158367,4,1.00073292153759,0.980732921537588,323.688517310169,317.451985249772
26.03,100,0,3841.21335054671,115.058907162576,4,1.00073726959104,0.980737269591039,323.667166554579,317.432453183006
26.04,100,0,3841.79859055393,115.081889400215,4,1.00074161591025,0.980741615910252,323.645825853044,317.412930229722
26.05,100,0,3842.38355515479,115.104862873594,4,1.00074596049577,0.980745960495773,323.624495200943,317.393416385809
26.06,100,0,3842.96824447582,115.127827585026,4,1.00075030334815,0.980750303348149,323.603174593657,317.373911647154
26.07,100,0,3843.55265864347,115.150783536821,4,1.00075464446793,0.980754644467927,323.581864026571,317.354416009648
26.08,100,0,3844.13679778416,115.17373073129,4,1.00075898385565,0.980758983855653,323.560563495067,317.334929469185
26.09,100,0,3844.72066202424,115.196669170747,4,1.00076332151188,0.980763321511875,323.539272994535,317.315452021658
26.1,100,0,3845.30425149,115.219598857502,4,1.00076765743714,0.980767657437139,323.517992520364,317.295983662964
26.11,100,0,3845.88756630768,115.242519793869,4,1.00077199163199,0.980771991631992,323.496722067946,317.276524389
26.12,100,0,3846.47060660346,115.265431982159,4,1.00077632409698,0.980776324096979,323.475461632675,317.257074195668
26.13,100,0,3847.05337250346,115.288335424687,4,1.00078065483265,0.980780654832647,323.454211209945,317.237633078867
26.14,100,0,3847.63586413375,115.311230123765,4,1.00078498383954,0.980784983839543,323.432970795156,317.218201034503
26.15,100,0,3848.21808162032,115.334116081706,4,1.00078931111821,0.980789311118213,323.411740383707,317.198778058478
26.16,100,0,3848.80002508915,115.356993300825,4,1.0007936366692,0.980793636669203,323.390519970999,317.179364146701
26.17,100,0,3849.38169466611,115.379861783436,4,1.00079796049306,0.980797960493058,323.369309552438,317.15995929508
26.18,100,0,3849.96309047706,115.402721531851,4,1.00080228259033,0.980802282590326,323.348109123431,317.140563499526
26.19,100,0,3850.54421264776,115.425572548387,4,1.00080660296155,0.980806602961551,323.326918679382,317.121176755951
26.2,100,0,3851.12506130395,115.448414835358,4,1.00081092160728,0.980810921607281,323.305738215706,317.101799060269
26.21,100,0,3851.70563657128,115.471248395079,4,1.00081523852806,0.98081523852806,323.284567727813,317.082430408395
26.22,100,0,3852.28593857538,115.494073229865,4,1.00081955372443,0.980819553724434,323.263407211117,317.063070796248
26.23,100,0,3852.86596744179,115.516889342031,4,1.00082386719695,0.980823867196949,323.242256661036,317.043720219746
26.24,100,0,3853.44572329602,115.539696733894,4,1.00082817894615,0.980828178946151,323.221116072987,317.024378674811
26.25,100,0,3854.02520626349,115.56249540777,4,1.00083248897259,0.980832488972585,323.199985442393,317.005046157365
26.26,100,0,3854.60441646961,115.585285365974,4,1.0008367972768,0.980836797276796,323.178864764674,316.985722663334
26.27,100,0,3855.18335403968,115.608066610824,4,1.00084110385933,0.980841103859331,323.157754035257,316.966408188643
26.28,100,0,3855.76201909899,115.630839144635,4,1.00084540872073,0.980845408720733,323.136653249567,316.947102729222
26.29,100,0,3856.34041177274,115.653602969725,4,1.00084971186155,0.980849711861549,323.115562403035,316.927806280999
26.3,100,0,3856.9185321861,115.676358088412,4,1.00085401328232,0.980854013282323,323.09448149109,316.908518839907
26.31,100,0,3857.49638046416,115.699104503013,4,1.0008583129836,0.980858312983601,323.073410509166,316.889240401879
26.32,100,0,3858.07395673197,115.721842215845,4,1.00086261096593,0.980862610965928,323.052349452698,316.86997096285
26.33,100,0,3858.65126111451,115.744571229227,4,1.00086690722985,0.980866907229847,323.031298317123,316.850710518759
26.34,100,0,3859.22829373672,115.767291545476,4,1.00087120177591,0.980871201775906,323.01025709788,316.831459065542
26.35,100,0,3859.80505472348,115.790003166912,4,1.00087549460465,0.980875494604647,322.989225790411,316.812216599142
26.36,100,0,3860.38154419959,115.812706095853,4,1.00087978571662,0.980879785716617,322.968204390158,316.792983115499
26.37,100,0,3860.95776228983,115.835400334618,4,1.00088407511236,0.980884075112359,322.947192892568,316.773758610559
26.38,100,0,3861.53370911889,115.858085885525,4,1.00088836279242,0.980888362792418,322.926191293087,316.754543080267
26.39,100,0,3862.10938481144,115.880762750896,4,1.00089264875734,0.980892648757338,322.905199587165,316.735336520572
26.4,100,0,3862.68478949205,115.903430933049,4,1.00089693300766,0.980896933007665,322.884217770254,316.716138927421
26.41,100,0,3863.25992328527,115.926090434304,4,1.00090121554394,0.980901215543942,322.863245837807,316.696950296767
26.42,100,0,3863.83478631558,115.948741256981,4,1.00090549636671,0.980905496366713,322.842283785279,316.677770624562
26.43,100,0,3864.4093787074,115.971383403401,4,1.00090977547652,0.980909775476523,322.821331608129,316.658599906762
26.44,100,0,3864.9837005851,115.994016875885,4,1.00091405287392,0.980914052873917,322.800389301815,316.639438139321
26.45,100,0,3865.55775207299,116.016641676753,4,1.00091832855944,0.980918328559437,322.7794568618,316.6202853182
26.46,100,0,3866.13153329533,116.039257808326,4,1.00092260253363,0.980922602533629,322.758534283548,316.601141439357
26.47,100,0,3866.70504437632,116.061865272926,4,1.00092687479703,0.980926874797035,322.737621562524,316.582006498755
26.48,100,0,3867.27828544011,116.084464072874,4,1.0009311453502,0.9809311453502,322.716718694197,316.562880492356
26.49,100,0,3867.85125661077,116.107054210492,4,1.00093541419367,0.980935414193667,322.695825674034,316.543763416126
26.5,100,0,3868.42395801234,116.129635688102,4,1.00093968132798,0.980939681327981,322.674942497511,316.524655266033
26.51,100,0,3868.99638976881,116.152208508026,4,1.00094394675368,0.980943946753684,322.654069160099,316.505556038044
26.52,100,0,3869.56855200408,116.174772672587,4,1.00094821047132,0.980948210471321,322.633205657276,316.48646572813
26.53,100,0,3870.14044484202,116.197328184107,4,1.00095247248144,0.980952472481435,322.612351984518,316.467384332264
26.54,100,0,3870.71206840644,116.21987504491,4,1.00095673278457,0.980956732784569,322.591508137307,316.44831184642
26.55,100,0,3871.28342282109,116.242413257318,4,1.00096099138127,0.980960991381267,322.570674111124,316.429248266572
26.56,100,0,3871.85450820967,116.264942823655,4,1.00096524827207,0.980965248272071,322.549849901454,316.410193588699
26.57,100,0,3872.42532469582,116.287463746244,4,1.00096950345753,0.980969503457526,322.529035503782,316.39114780878
26.58,100,0,3872.99587240312,116.30997602741,4,1.00097375693817,0.980973756938173,322.508230913597,316.372110922796
26.59,100,0,3873.5661514551,116.332479669476,4,1.00097800871456,0.980978008714557,322.48743612639,316.353082926729
26.6,100,0,3874.13616197524,116.354974674767,4,1.00098225878722,0.980982258787219,322.466651137652,316.334063816564
26.61,100,0,3874.70590408695,116.377461045606,4,1.0009865071567,0.980986507156704,322.445875942878,316.315053588288
26.62,100,0,3875.2753779136,116.39993878432,4,1.00099075382355,0.980990753823554,322.425110537564,316.296052237887
26.63,100,0,3875.84458357848,116.422407893232,4,1.00099499878831,0.980994998788311,322.404354917208,316.277059761352
26.64,100,0,3876.41352120486,116.444868374668,4,1.00099924205152,0.980999242051518,322.383609077311,316.258076154675
26.65,100,0,3876.99090572589,116.467317761038,4,1.00100163742729,0.981001637427287,322.319132321301,316.195596581339
26.66,100,0,3877.58697163308,116.489753062928,4,1.00100342603038,0.981003426030379,322.265482496881,316.143542420774
26.67,100,0,3878.19387516544,116.512176388869,4,1.00100508079322,0.981005080793218,322.225086577805,316.104447091861
26.68,100,0,3878.80685730627,116.53458902279,4,1.00100665871843,0.981006658718427,322.192276782341,316.072768911126
26.69,100,0,3879.42319536625,116.556991700359,4,1.00100819241523,0.981008192415232,322.163812395466,316.045339259676
26.7,100,0,3880.04133122299,116.579384843697,4,1.0010097005436,0.981009700543603,322.137839711805,316.02034566944
26.71,100,0,3880.66037299918,116.601768695549,4,1.00101119378402,0.981011193784023,322.113298070223,315.996751073578
26.72,100,0,3881.27981008384,116.624143396013,4,1.00101267825115,0.981012678251152,322.089580415531,315.97396192023
26.73,100,0,3881.89935010448,116.646509026429,4,1.00101415744646,0.981014157446463,322.06633922453,315.951638416219
26.74,100,0,3882.51882563796,116.6688656345,4,1.00101563337548,0.981015633375477,322.043375504377,315.929585994803
26.75,100,0,3883.13814081452,116.691213248664,4,1.00101710718715,0.98101710718715,322.020575286126,315.907693221938
26.76,100,0,3883.75724074876,116.713551886326,4,1.00101857953988,0.981018579539876,321.997873282124,315.88589626209
26.77,100,0,3884.37609403506,116.735881558569,4,1.00102005081104,0.981020050811043,321.975232083563,315.864158538515
26.78,100,0,3884.99468272203,116.758202272855,4,1.00102152121704,0.981021521217042,321.952630250618,315.842459088289
26.79,100,0,3885.61299656929,116.780514034571,4,1.001022990882,0.981022990882,321.930055492347,315.820785893911
26.8,100,0,3886.23102975671,116.802816847911,4,1.00102445987716,0.981024459877164,321.907500760407,315.799132063886
26.81,100,0,3886.84877899855,116.82511071639,4,1.00102592824346,0.981025928243465,321.884962011228,315.777493644677
26.82,100,0,3887.46624246243,116.847395643132,4,1.00102739600445,0.981027396004448,321.862436923766,315.755868366968
26.83,100,0,3888.08341914962,116.869671631033,4,1.00102886317369,0.981028863173691,321.839924164628,315.734254927132
26.84,100,0,3888.70030853961,116.891938682866,4,1.00103032975905,0.981030329759053,321.817422966834,315.712652575362
26.85,100,0,3889.31691038629,116.914196801324,4,1.00103179576511,0.98103179576511,321.794932888297,315.691060879519
26.86,100,0,3889.93322460102,116.936445989064,4,1.00103326119456,0.981033261194557,321.772453673327,315.669479589718
26.87,100,0,3890.54925118553,116.958686248713,4,1.00103472604901,0.981034726049007,321.749985173199,315.647908560662
26.88,100,0,3891.16499019342,116.980917582889,4,1.00103619032945,0.981036190329454,321.727527300581,315.626347707077
26.89,100,0,3891.78044170808,117.003139994199,4,1.00103765403653,0.981037654036535,321.705080003382,315.604796978154
26.9,100,0,3892.39560582996,117.025353485246,4,1.00103911717068,0.981039117170681,321.682643249746,315.583256342862
26.91,100,0,3893.0104826693,117.047558058632,4,1.00104057973221,0.981040579732209,321.660217019441,315.56172578154
26.92,100,0,3893.62507234197,117.069753716956,4,1.00104204172136,0.981042041721364,321.63780129891,315.540205281053
26.93,100,0,3894.23937496705,117.091940462818,4,1.00104350313836,0.981043503138356,321.615396078435,315.518694832018
26.94,100,0,3894.85339066542,117.114118298814,4,1.00104496398337,0.981044963983372,321.593001350498,315.497194427204
26.95,100,0,3895.467119559,117.136287227545,4,1.00104642425658,0.981046424256583,321.570617108854,315.475704060624
26.96,100,0,3896.0805617703,117.158447251607,4,1.00104788395816,0.981047883958157,321.548243347987,315.454223727005
26.97,100,0,3896.69371742213,117.1805983736,4,1.00104934308826,0.981049343088255,321.525880062799,315.432753421482
26.98,100,0,3897.30658663747,117.202740596122,4,1.00105080164704,0.981050801647038,321.503527248434,315.411293139427
26.99,100,0,3897.91916953935,117.22487392177,4,1.00105225963466,0.981052259634662,321.481184900179,315.389842876349
27,100,0,3898.53146625087,117.246998353144,4,1.00105371705128,0.981053717051285,321.4588530134,315.368402627839
27.01,100,0,3899.14347689508,117.269113892843,4,1.00105517389706,0.981055173897064,321.436531583512,315.346972389531
27.02,100,0,3899.75520159504,117.291220543465,4,1.00105663017216,0.981056630172156,321.414220605955,315.325552157088
27.03,100,0,3900.36664047377,117.313318307608,4,1.00105808587672,0.981058085876716,321.39192007619,315.30414192619
27.04,100,0,3900.97779365425,117.335407187873,4,1.0010595410109,0.981059541010902,321.369629989684,315.282741692523
27.05,100,0,3901.58866125944,117.357487186858,4,1.00106099557487,0.98106099557487,321.347350341916,315.261351451786
27.06,100,0,3902.19924341224,117.379558307162,4,1.00106244956878,0.981062449568775,321.325081128364,315.239971199678
27.07,100,0,3902.80954023552,117.401620551384,4,1.00106390299278,0.981063902992775,321.30282234451,315.2186009319
27.08,100,0,3903.4195518521,117.423673922125,4,1.00106535584703,0.981065355847025,321.280573985843,315.197240644157
27.09,100,0,3904.02927838478,117.445718421983,4,1.00106680813168,0.981066808131683,321.258336047849,315.175890332158
27.1,100,0,3904.63871995628,117.467754053559,4,1.0010682598469,0.981068259846903,321.236108526018,315.154549991611
27.11,100,0,3905.24787668931,117.489780819452,4,1.00106971099284,0.981069710992843,321.213891415844,315.133219618228
27.12,100,0,3905.85674870653,117.511798722261,4,1.00107116156966,0.981071161569659,321.191684712817,315.111899207719
27.13,100,0,3906.46533613054,117.533807764588,4,1.00107261157751,0.981072611577507,321.169488412437,315.090588755801
27.14,100,0,3907.07363908393,117.555807949032,4,1.00107406101654,0.981074061016543,321.147302510197,315.069288258187
27.15,100,0,3907.68165768922,117.577799278193,4,1.00107550988692,0.981075509886925,321.125127001595,315.047997710594
27.16,100,0,3908.2893920689,117.599781754671,4,1.00107695818881,0.981076958188807,321.102961882133,315.02671710874
27.17,100,0,3908.89684234541,117.621755381068,4,1.00107840592235,0.981078405922348,321.080807147313,315.005446448347
27.18,100,0,3909.50400864116,117.643720159983,4,1.0010798530877,0.981079853087703,321.058662792636,314.984185725134
27.19,100,0,3910.1108910785,117.665676094017,4,1.00108129968503,0.981081299685029,321.036528813609,314.962934934825
27.2,100,0,3910.71748977976,117.687623185772,4,1.00108274571448,0.981082745714482,321.014405205735,314.941694073144
27.21,100,0,3911.3238048672,117.709561437847,4,1.00108419117622,0.981084191176218,320.992291964525,314.920463135817
27.22,100,0,3911.92983646307,117.731490852843,4,1.00108563607039,0.981085636070394,320.970189085486,314.899242118569
27.23,100,0,3912.53558468956,117.753411433362,4,1.00108708039717,0.981087080397167,320.948096564132,314.878031017132
27.24,100,0,3913.1410496688,117.775323182006,4,1.00108852415669,0.981088524156694,320.926014395974,314.856829827236
27.25,100,0,3913.74623152291,117.797226101374,4,1.00108996734913,0.981089967349129,320.903942576525,314.835638544609
27.26,100,0,3914.35113037395,117.819120194068,4,1.00109140997463,0.981091409974631,320.881881101302,314.814457164988
27.27,100,0,3914.95574634394,117.84100546269,4,1.00109285203336,0.981092852033356,320.859829965822,314.793285684106
27.28,100,0,3915.56007955486,117.862881909842,4,1.00109429352546,0.98109429352546,320.837789165605,314.7721240977
27.29,100,0,3916.16413012865,117.884749538124,4,1.0010957344511,0.981095734451099,320.81575869617,314.750972401506
27.3,100,0,3916.7678981872,117.906608350139,4,1.00109717481043,0.981097174810432,320.793738553041,314.729830591264
27.31,100,0,3917.37138385236,117.928458348488,4,1.00109861460361,0.981098614603613,320.771728731738,314.708698662714
27.32,100,0,3917.97458724594,117.950299535773,4,1.0011000538308,0.9811000538308,320.74972922779,314.687576611599
27.33,100,0,3918.57750848971,117.972131914597,4,1.00110149249215,0.981101492492149,320.727740036722,314.666464433662
27.34,100,0,3919.1801477054,117.993955487561,4,1.00110293058782,0.981102930587817,320.705761154064,314.645362124648
27.35,100,0,3919.78250501468,118.015770257267,4,1.00110436811796,0.981104368117961,320.683792575343,314.624269680303
27.36,100,0,3920.3845805392,118.037576226317,4,1.00110580508274,0.981105805082736,320.661834296093,314.603187096376
27.37,100,0,3920.98637440056,118.059373397315,4,1.0011072414823,0.981107241482301,320.639886311847,314.582114368615
27.38,100,0,3921.5878867203,118.081161772862,4,1.00110867731681,0.981108677316812,320.617948618139,314.561051492772
27.39,100,0,3922.18911761995,118.10294135556,4,1.00111011258642,0.981110112586424,320.596021210505,314.539998464598
27.4,100,0,3922.79006722097,118.124712148013,4,1.0011115472913,0.981111547291296,320.574104084483,314.518955279848
27.41,100,0,3923.39073564479,118.146474152823,4,1.00111298143158,0.981112981431584,320.552197235613,314.497921934277
27.42,100,0,3923.9911230128,118.168227372593,4,1.00111441500744,0.981114415007444,320.530300659436,314.476898423642
27.43,100,0,3924.59122944635,118.189971809925,4,1.00111584801903,0.981115848019033,320.508414351494,314.455884743702
27.44,100,0,3925.19105506673,118.211707467422,4,1.00111728046651,0.981117280466508,320.486538307331,314.434880890214
27.45,100,0,3925.79059999521,118.233434347688,4,1.00111871235003,0.981118712350027,320.464672522493,314.413886858941
27.46,100,0,3926.389864353,118.255152453325,4,1.00112014366974,0.981120143669745,320.442816992528,314.392902645646
27.47,100,0,3926.98884826127,118.276861786937,4,1.00112157442582,0.981121574425819,320.420971712984,314.371928246093
27.48,100,0,3927.58755184117,118.298562351126,4,1.00112300461841,0.981123004618406,320.399136679412,314.350963656048
27.49,100,0,3928.18597521377,118.320254148496,4,1.00112443424766,0.981124434247663,320.377311887363,314.330008871276
27.5,100,0,3928.78411850013,118.341937181651,4,1.00112586331375,0.981125863313748,320.355497332391,314.309063887547
27.51,100,0,3929.38198182126,118.363611453193,4,1.00112729181682,0.981127291816816,320.333693010053,314.288128700633
27.52,100,0,3929.97956529812,118.385276965727,4,1.00112871975702,0.981128719757024,320.311898915903,314.267203306301
27.53,100,0,3930.57686905163,118.406933721855,4,1.00113014713453,0.98113014713453,320.290115045501,314.246287700328
27.54,100,0,3931.17389320266,118.428581724182,4,1.00113157394949,0.981131573949491,320.268341394407,314.225381878487
27.55,100,0,3931.77063787206,118.450220975311,4,1.00113300020206,0.981133000202063,320.246577958182,314.204485836555
27.56,100,0,3932.36710318063,118.471851477845,4,1.0011344258924,0.981134425892402,320.224824732389,314.183599570308
27.57,100,0,3932.9632892491,118.49347323439,4,1.00113585102067,0.981135851020667,320.203081712591,314.162723075524
27.58,100,0,3933.5591961982,118.515086247548,4,1.00113727558701,0.981137275587014,320.181348894358,314.141856347985
27.59,100,0,3934.1548241486,118.536690519923,4,1.0011386995916,0.9811386995916,320.159626273253,314.120999383473
27.6,100,0,3934.75017322091,118.55828605412,4,1.00114012303458,0.981140123034582,320.137913844849,314.10015217777
27.61,100,0,3935.34524353572,118.579872852743,4,1.00114154591612,0.981141545916116,320.116211604716,314.079314726662
27.62,100,0,3935.94003521358,118.601450918396,4,1.00114296823636,0.981142968236361,320.094519548426,314.058487025935
27.63,100,0,3936.53454837498,118.623020253683,4,1.00114438999547,0.981144389995472,320.072837671554,314.037669071377
27.64,100,0,3937.12878314038,118.644580861208,4,1.00114581119361,0.981145811193607,320.051165969674,314.016860858775
27.65,100,0,3937.7227396302,118.666132743575,4,1.00114723183092,0.981147231830923,320.029504438364,313.996062383923
27.66,100,0,3938.31641796481,118.68767590339,4,1.00114865190758,0.981148651907577,320.007853073203,313.975273642611
27.67,100,0,3938.90981826454,118.709210343257,4,1.00115007142373,0.981150071423726,319.986211869771,313.954494630634
27.68,100,0,3939.50294064967,118.730736065779,4,1.00115149037953,0.981151490379526,319.964580823651,313.933725343785
27.69,100,0,3940.09578524046,118.752253073562,4,1.00115290877514,0.981152908775136,319.942959930425,313.912965777864
27.7,100,0,3940.68835215711,118.773761369211,4,1.00115432661071,0.981154326610712,319.921349185678,313.892215928664
27.71,100,0,3941.28064151978,118.795260955329,4,1.00115574388641,0.981155743886411,319.899748584997,313.871475791988
27.72,100,0,3941.87265344859,118.816751834522,4,1.00115716060239,0.98115716060239,319.87815812397,313.850745363637
27.73,100,0,3942.46438806361,118.838234009394,4,1.00115857675881,0.981158576758806,319.856577798188,313.830024639413
27.74,100,0,3943.0558454849,118.859707482551,4,1.00115999235582,0.981159992355817,319.835007603242,313.80931361512
27.75,100,0,3943.64702583243,118.881172256597,4,1.00116140739358,0.981161407393579,319.813447534723,313.788612286561
27.76,100,0,3944.23792922616,118.902628334138,4,1.00116282187225,0.98116282187225,319.791897588227,313.767920649546
27.77,100,0,3944.828555786,118.924075717777,4,1.00116423579199,0.981164235791987,319.770357759349,313.747238699882
27.78,100,0,3945.41890563181,118.945514410121,4,1.00116564915295,0.981165649152947,319.74882804369,313.726566433381
27.79,100,0,3946.00897888343,118.966944413774,4,1.00116706195529,0.981167061955286,319.727308436844,313.70590384585
27.8,100,0,3946.59877566063,118.988365731341,4,1.00116847419916,0.981168474199164,319.705798934414,313.685250933104
27.81,100,0,3947.18829608315,119.009778365428,4,1.00116988588474,0.981169885884735,319.684299532004,313.664607690958
27.82,100,0,3947.7775402707,119.03118231864,4,1.00117129701216,0.981171297012158,319.662810225216,313.643974115226
27.83,100,0,3948.36650834293,119.052577593582,4,1.00117270758159,0.98117270758159,319.641331009654,313.623350201726
27.84,100,0,3948.95520041946,119.073964192859,4,1.00117411759319,0.981174117593189,319.619861880928,313.602735946277
27.85,100,0,3949.54361661985,119.095342119078,4,1.00117552704711,0.98117552704711,319.598402834645,313.582131344697
27.86,100,0,3950.13175706364,119.116711374842,4,1.00117693594351,0.981176935943512,319.576953866417,313.561536392812
27.87,100,0,3950.71962187032,119.138071962759,4,1.00117834428255,0.981178344282551,319.555514971853,313.540951086441
27.88,100,0,3951.30721115933,119.159423885432,4,1.00117975206439,0.981179752064386,319.534086146567,313.520375421409
27.89,100,0,3951.89452505008,119.180767145468,4,1.00118115928917,0.981181159289173,319.512667386175,313.499809393543
27.9,100,0,3952.48156366193,119.202101745472,4,1.00118256595707,0.98118256595707,319.491258686292,313.47925299867
27.91,100,0,3953.0683271142,119.22342768805,4,1.00118397206823,0.981183972068233,319.469860042537,313.458706232619
27.92,100,0,3953.65481552616,119.244744975808,4,1.00118537762282,0.98118537762282,319.44847145053,313.438169091221
27.93,100,0,3954.24102901706,119.266053611351,4,1.00118678262099,0.981186782620989,319.42709290589,313.417641570305
27.94,100,0,3954.82696770609,119.287353597284,4,1.0011881870629,0.981188187062896,319.405724404241,313.397123665709
27.95,100,0,3955.4126317124,119.308644936215,4,1.0011895909487,0.9811895909487,319.384365941208,313.376615373264
27.96,100,0,3955.9980211551,119.329927630747,4,1.00119099427856,0.981190994278557,319.363017512415,313.356116688807
27.97,100,0,3956.58313615326,119.351201683488,4,1.00119239705262,0.981192397052624,319.341679113491,313.335627608176
27.98,100,0,3957.1679768259,119.372467097043,4,1.00119379927106,0.98119379927106,319.320350740063,313.31514812721
27.99,100,0,3957.75254329201,119.393723874017,4,1.00119520093402,0.981195200934021,319.299032387763,313.29467824175
28,100,0,3958.33683567053,119.414972017017,4,1.00119660204166,0.981196602041664,319.277724052223,313.274217947638
28.01,100,0,3958.92085408036,119.436211528649,4,1.00119800259415,0.981198002594148,319.256425729076,313.253767240716
28.02,100,0,3959.50459864036,119.457442411519,4,1.00119940259163,0.981199402591629,319.235137413958,313.233326116832
28.03,100,0,3960.08806946934,119.478664668232,4,1.00120080203427,0.981200802034265,319.213859102504,313.21289457183
28.04,100,0,3960.67126668608,119.499878301395,4,1.00120220092221,0.981202200922214,319.192590790354,313.192472601559
28.05,100,0,3961.25419040931,119.521083313614,4,1.00120359925563,0.981203599255632,319.171332473148,313.172060201869
28.06,100,0,3961.83684075772,119.542279707494,4,1.00120499703468,0.981204997034677,319.150084146526,313.151657368609
28.07,100,0,3962.41921784996,119.563467485642,4,1.00120639425951,0.981206394259507,319.128845806132,313.131264097632
28.08,100,0,3963.00132180464,119.584646650664,4,1.00120779093028,0.981207790930278,319.107617447609,313.110880384793
28.09,100,0,3963.58315274031,119.605817205165,4,1.00120918704715,0.98120918704715,319.086399066607,313.090506225948
28.1,100,0,3964.16471077551,119.626979151753,4,1.00121058261028,0.981210582610277,319.065190658769,313.07014161695
28.11,100,0,3964.7459960287,119.648132493034,4,1.00121197761982,0.98121197761982,319.043992219746,313.04978655366
28.12,100,0,3965.32700861834,119.669277231612,4,1.00121337207593,0.981213372075934,319.02280374519,313.029441031936
28.13,100,0,3965.90774866281,119.690413370096,4,1.00121476597878,0.981214765978777,319.001625230752,313.009105047642
28.14,100,0,3966.48821628047,119.71154091109,4,1.00121615932851,0.981216159328507,318.980456672087,312.988778596638
28.15,100,0,3967.06841158964,119.732659857201,4,1.00121755212528,0.981217552125282,318.959298064849,312.968461674789
28.16,100,0,3967.64833470858,119.753770211036,4,1.00121894436926,0.981218944369258,318.938149404696,312.94815427796
28.17,100,0,3968.22798575552,119.7748719752,4,1.00122033606059,0.981220336060593,318.917010687287,312.927856402019
28.18,100,0,3968.80736484865,119.7959651523,4,1.00122172719945,0.981221727199445,318.895881908281,312.907568042834
28.19,100,0,3969.38647210611,119.817049744943,4,1.00122311778597,0.981223117785972,318.87476306334,312.887289196273
28.2,100,0,3969.96530764602,119.838125755734,4,1.00122450782033,0.98122450782033,318.853654148127,312.86701985821
28.21,100,0,3970.54387158642,119.859193187279,4,1.00122589730268,0.981225897302678,318.832555158309,312.846760024517
28.22,100,0,3971.12216404534,119.880252042186,4,1.00122728623317,0.981227286233172,318.81146608955,312.826509691068
28.23,100,0,3971.70018514075,119.901302323061,4,1.00122867461197,0.981228674611971,318.790386937518,312.806268853739
28.24,100,0,3972.27793499059,119.922344032509,4,1.00123006243923,0.981230062439232,318.769317697884,312.786037508406
28.25,100,0,3972.85541371276,119.943377173137,4,1.00123144971511,0.981231449715113,318.748258366318,312.765815650949
28.26,100,0,3973.43262142511,119.964401747552,4,1.00123283643977,0.981232836439771,318.727208938492,312.745603277248
28.27,100,0,3974.00955824544,119.985417758359,4,1.00123422261336,0.981234222613364,318.706169410083,312.725400383186
28.28,100,0,3974.58622429152,120.006425208166,4,1.00123560823605,0.981235608236049,318.685139776763,312.705206964643
28.29,100,0,3975.16261968109,120.027424099578,4,1.00123699330798,0.981236993307985,318.664120034212,312.685023017504
28.3,100,0,3975.73874453181,120.048414435203,4,1.00123837782933,0.981238377829327,318.643110178107,312.664848537658
28.31,100,0,3976.31459896135,120.069396217646,4,1.00123976180024,0.981239761800236,318.622110204131,312.64468352099
28.32,100,0,3976.89018308729,120.090369449513,4,1.00124114522087,0.981241145220866,318.601120107963,312.624527963389
28.33,100,0,3977.4654970272,120.111334133412,4,1.00124252809138,0.981242528091378,318.580139885289,312.604381860745
28.34,100,0,3978.04054089859,120.132290271948,4,1.00124391041193,0.981243910411928,318.559169531791,312.584245208951
28.35,100,0,3978.61531481895,120.153237867728,4,1.00124529218267,0.981245292182673,318.538209043159,312.5641180039
28.36,100,0,3979.18981890569,120.174176923358,4,1.00124667340377,0.981246673403772,318.517258415079,312.544000241486
28.37,100,0,3979.76405327622,120.195107441445,4,1.00124805407538,0.981248054075382,318.496317643242,312.523891917606
28.38,100,0,3980.33801804788,120.216029424595,4,1.00124943419766,0.981249434197661,318.475386723338,312.503793028156
28.39,100,0,3980.91171333798,120.236942875414,4,1.00125081377077,0.981250813770767,318.454465651061,312.483703569039
28.4,100,0,3981.48513926379,120.257847796509,4,1.00125219279486,0.981252192794856,318.433554422106,312.463623536151
28.41,100,0,3982.05829594253,120.278744190486,4,1.00125357127009,0.981253571270087,318.412653032167,312.443552925397
28.42,100,0,3982.63118349139,120.299632059952,4,1.00125494919662,0.981254949196618,318.391761476943,312.42349173268
28.43,100,0,3983.2038020275,120.320511407512,4,1.00125632657461,0.981256326574607,318.370879752132,312.403439953903
28.44,100,0,3983.77615166796,120.341382235774,4,1.00125770340421,0.98125770340421,318.350007853436,312.383397584975
28.45,100,0,3984.34823252984,120.362244547343,4,1.00125907968559,0.981259079685586,318.329145776556,312.363364621802
28.46,100,0,3984.92004473015,120.383098344825,4,1.00126045541889,0.981260455418892,318.308293517196,312.343341060294
28.47,100,0,3985.49158838586,120.403943630828,4,1.00126183060429,0.981261830604286,318.287451071061,312.323326896361
28.48,100,0,3986.0628636139,120.424780407958,4,1.00126320524193,0.981263205241927,318.266618433859,312.303322125918
28.49,100,0,3986.63387053117,120.44560867882,4,1.00126457933197,0.981264579331971,318.245795601298,312.283326744876
28.5,100,0,3987.2046092545,120.466428446021,4,1.00126595287458,0.981265952874576,318.224982569086,312.26334074915
28.51,100,0,3987.77507990072,120.487239712167,4,1.0012673258699,0.981267325869901,318.204179332937,312.243364134657
28.52,100,0,3988.34528258658,120.508042479864,4,1.0012686983181,0.981268698318102,318.183385888563,312.223396897316
28.53,100,0,3988.91521742882,120.528836751719,4,1.00127007021934,0.981270070219338,318.16260223168,312.203439033048
28.54,100,0,3989.4848845441,120.549622530339,4,1.00127144157377,0.981271441573767,318.141828358001,312.18349053777
28.55,100,0,3990.05428404907,120.570399818328,4,1.00127281238155,0.981272812381546,318.121064263246,312.163551407406
28.56,100,0,3990.62341606033,120.591168618293,4,1.00127418264283,0.981274182642833,318.100309943135,312.143621637881
28.57,100,0,3991.19228069443,120.611928932841,4,1.00127555235779,0.981275552357786,318.079565393386,312.12370122512
28.58,100,0,3991.7608780679,120.632680764577,4,1.00127692152656,0.981276921526563,318.058830609724,312.103790165048
28.59,100,0,3992.3292082972,120.653424116108,4,1.00127829014932,0.981278290149321,318.038105587872,312.083888453596
28.6,100,0,3992.89727149876,120.67415899004,4,1.00127965822622,0.981279658226218,318.017390323556,312.063996086692
28.61,100,0,3993.46506778898,120.694885388979,4,1.00128102575741,0.981281025757412,317.996684812501,312.044113060268
28.62,100,0,3994.0325972842,120.71560331553,4,1.00128239274306,0.981282392743062,317.975989050437,312.024239370254
28.63,100,0,3994.59986010073,120.736312772301,4,1.00128375918332,0.981283759183324,317.955303033095,312.004375012588
28.64,100,0,3995.16685635484,120.757013761896,4,1.00128512507836,0.981285125078357,317.934626756206,311.984519983204
28.65,100,0,3995.73358616274,120.777706286922,4,1.00128649042832,0.981286490428318,317.913960215502,311.964674278037
28.66,100,0,3996.30004964063,120.798390349985,4,1.00128785523337,0.981287855233365,317.893303406718,311.944837893028
28.67,100,0,3996.86624690463,120.819065953691,4,1.00128921949366,0.981289219493657,317.872656325592,311.925010824116
28.68,100,0,3997.43217807086,120.839733100645,4,1.00129058320935,0.981290583209351,317.85201896786,311.905193067241
28.69,100,0,3997.99784325536,120.860391793454,4,1.0012919463806,0.981291946380604,317.831391329264,311.885384618349
28.7,100,0,3998.56324257415,120.881042034723,4,1.00129330900758,0.981293309007576,317.810773405541,311.865585473381
28.71,100,0,3999.1283761432,120.901683827058,4,1.00129467109042,0.981294671090423,317.790165192437,311.845795628283
28.72,100,0,3999.69324407845,120.922317173065,4,1.0012960326293,0.981296032629303,317.769566685694,311.826015079005
28.73,100,0,4000.25791415321,120.942942077097,4,1.001297392842,0.981297392842004,317.749052024161,311.806316329328
28.74,100,0,4000.82272548325,120.963558575819,4,1.00129874781897,0.98129874781897,317.72899172083,311.787061721435
28.75,100,0,4001.38758316453,120.984166724717,4,1.00130009868164,0.981300098681644,317.709279560006,311.768147384307
28.76,100,0,4001.95236315583,121.004766559676,4,1.00130144688057,0.981301446880574,317.689778151397,311.749438959134
28.77,100,0,4002.51699168414,121.025358103042,4,1.00130279327895,0.981302793278954,317.67040575882,311.730856513189
28.78,100,0,4003.08142488395,121.045941369111,4,1.00130413839056,0.981304138390564,317.651113747,311.712352484302
28.79,100,0,4003.64563668657,121.066516367386,4,1.00130548252128,0.981305482521285,317.631873171177,311.693898566382
28.8,100,0,4004.20961161518,121.087083104517,4,1.00130682585328,0.981306825853281,317.612666801738,311.675477910009
28.81,100,0,4004.77334049784,121.107641585458,4,1.00130816849508,0.981308168495079,317.593484380308,311.65708048321
28.82,100,0,4005.33681791623,121.128191814149,4,1.00130951051137,0.981309510511371,317.574319797518,311.638700311484
28.83,100,0,4005.90004068712,121.148733793933,4,1.00131085194075,0.981310851940752,317.555169413734,311.620333835581
28.84,100,0,4006.46300695835,121.169267527791,4,1.00131219280627,0.981312192806273,317.536031059683,311.601978934179
28.85,100,0,4007.02571567061,121.189793018493,4,1.00131353312173,0.981313533121733,317.516903441632,311.583634342181
28.86,100,0,4007.58816623689,121.210310268679,4,1.00131487289541,0.981314872895415,317.49778578727,311.56529930441
28.87,100,0,4008.15035835159,121.230819280915,4,1.00131621213232,0.981316212132316,317.478677634868,311.546973369425
28.88,100,0,4008.7122918768,121.251320057723,4,1.00131755083548,0.981317550835479,317.459578707728,311.528656266731
28.89,100,0,4009.27396677455,121.271812601596,4,1.00131888900678,0.981318889006778,317.440488839402,311.510347833651
28.9,100,0,4009.83538306639,121.292296915012,4,1.00132022664739,0.981320226647392,317.421407929141,311.492047971759
28.91,100,0,4010.3965408094,121.312773000439,4,1.00132156375809,0.981321563758087,317.402335915356,311.473756620926
28.92,100,0,4010.9574400818,121.33324086034,4,1.00132290033938,0.98132290033938,317.383272759804,311.455473743856
28.93,100,0,4011.5180809744,121.353700497174,4,1.00132423639164,0.981324236391643,317.364218438162,311.43719931686
28.94,100,0,4012.07846358553,121.374151913398,4,1.00132557191516,0.981325571915156,317.345172934407,311.418933324371
28.95,100,0,4012.63858801796,121.394595111469,4,1.00132690691015,0.981326906910151,317.326136237469,311.400675755664
28.96,100,0,4013.19845437711,121.415030093842,4,1.00132824137683,0.981328241376827,317.30710833923,311.382426602902
28.97,100,0,4013.75806276998,121.435456862972,4,1.00132957531536,0.981329575315362,317.288089233336,311.364185859972
28.98,100,0,4014.31741330447,121.455875421313,4,1.00133090872593,0.981330908725927,317.269078914485,311.34595352179
28.99,100,0,4014.87650608903,121.476285771321,4,1.00133224160868,0.981332241608684,317.250077378005,311.327729583886
29,100,0,4015.4353412324,121.496687915449,4,1.00133357396379,0.981333573963792,317.231084619599,311.309514042161
29.01,100,0,4015.99391884349,121.517081856152,4,1.00133490579141,0.981334905791405,317.212100635194,311.291306892732
29.02,100,0,4016.5522390313,121.537467595885,4,1.00133623709168,0.98133623709168,317.193125420853,311.273108131849
29.03,100,0,4017.11030190486,121.557845137102,4,1.00133756786477,0.981337567864769,317.174158972719,311.254917755842
29.04,100,0,4017.6681075732,121.578214482258,4,1.00133889811083,0.981338898110826,317.155201286984,311.236735761087
29.05,100,0,4018.22565614536,121.598575633808,4,1.00134022783,0.981340227830004,317.136252359871,311.21856214399
29.06,100,0,4018.78294773034,121.618928594205,4,1.00134155702246,0.981341557022456,317.11731218762,311.200396900975
29.07,100,0,4019.33998243712,121.639273365904,4,1.00134288568833,0.981342885688334,317.098380766482,311.182240028478
29.08,100,0,4019.89676037464,121.65960995136,4,1.00134421382779,0.981344213827791,317.079458092719,311.164091522941
29.09,100,0,4020.45328165181,121.679938353028,4,1.00134554144098,0.98134554144098,317.060544162591,311.145951380809
29.1,100,0,4021.00954637751,121.700258573362,4,1.00134686852805,0.981346868528053,317.041638972368,311.127819598535
29.11,100,0,4021.56555466058,121.720570614816,4,1.00134819508916,0.981348195089163,317.02274251832,311.10969617257
29.12,100,0,4022.12130660983,121.740874479846,4,1.00134952112446,0.981349521124462,317.003854796719,311.091581099368
29.13,100,0,4022.67680233403,121.761170170906,4,1.0013508466341,0.981350846634104,316.984975803838,311.073474375388
29.14,100,0,4023.23204194189,121.78145769045,4,1.00135217161824,0.98135217161824,316.966105535954,311.055375997084
29.15,100,0,4023.78702554213,121.801737040934,4,1.00135349607702,0.981353496077022,316.947243989343,311.037285960919
29.16,100,0,4024.34175324339,121.822008224812,4,1.00135482001061,0.981354820010605,316.928391160284,311.019204263351
29.17,100,0,4024.8962251543,121.842271244538,4,1.00135614341914,0.98135614341914,316.909547045055,311.001130900842
29.18,100,0,4025.45044138344,121.862526102568,4,1.00135746630278,0.98135746630278,316.89071163994,310.983065869857
29.19,100,0,4026.00440203935,121.882772801356,4,1.00135878866168,0.981358788661677,316.871884941219,310.965009166857
29.2,100,0,4026.55810723055,121.903011343356,4,1.00136011049598,0.981360110495984,316.853066945177,310.94696078831
29.21,100,0,4027.1115570655,121.923241731024,4,1.00136143180585,0.981361431805853,316.834257648099,310.928920730683
29.22,100,0,4027.66475165264,121.943463966814,4,1.00136275259144,0.981362752591438,316.815457046269,310.910888990441
29.23,100,0,4028.21769110037,121.963678053181,4,1.00136407285289,0.981364072852891,316.796665135976,310.892865564055
29.24,100,0,4028.77037551705,121.98388399258,4,1.00136539259036,0.981365392590363,316.77788191351,310.874850447995
29.25,100,0,4029.32280501101,122.004081787465,4,1.00136671180401,0.981366711804009,316.75910737516,310.856843638733
29.26,100,0,4029.87497969052,122.024271440291,4,1.00136803049398,0.98136803049398,316.740341517217,310.838845132741
29.27,100,0,4030.42689966384,122.044452953513,4,1.00136934866043,0.98136934866043,316.721584335974,310.820854926494
29.28,100,0,4030.97856503919,122.064626329586,4,1.00137066630351,0.98137066630351,316.702835827725,310.802873016465
29.29,100,0,4031.52997592473,122.084791570964,4,1.00137198342337,0.981371983423373,316.684095988765,310.784899399132
29.3,100,0,4032.08113242861,122.104948680102,4,1.00137330002017,0.981373300020173,316.665364815391,310.766934070972
29.31,100,0,4032.63203465893,122.125097659456,4,1.00137461609406,0.981374616094061,316.6466423039,310.748977028463
29.32,100,0,4033.18268272375,122.145238511478,4,1.00137593164519,0.98137593164519,316.627928450593,310.731028268088
29.33,100,0,4033.73307673111,122.165371238625,4,1.00137724667371,0.981377246673713,316.609223251769,310.713087786324
29.34,100,0,4034.28321678898,122.185495843352,4,1.00137856117978,0.981378561179783,316.590526703729,310.695155579655
29.35,100,0,4034.83310300533,122.205612328112,4,1.00137987516355,0.981379875163551,316.571838802777,310.677231644565
29.36,100,0,4035.38273548808,122.22572069536,4,1.00138118862517,0.981381188625172,316.553159545217,310.659315977539
29.37,100,0,4035.93211434509,122.245820947552,4,1.0013825015648,0.981382501564796,316.534488927356,310.641408575063
29.38,100,0,4036.48123968422,122.265913087142,4,1.00138381398258,0.981383813982577,316.515826945498,310.623509433623
29.39,100,0,4037.03011161327,122.285997116584,4,1.00138512587867,0.981385125878669,316.497173595953,310.605618549707
29.4,100,0,4037.57873024,122.306073038334,4,1.00138643725322,0.981386437253222,316.47852887503,310.587735919807
29.41,100,0,4038.12709567216,122.326140854846,4,1.00138774810639,0.98138774810639,316.459892779039,310.569861540411
29.42,100,0,4038.67520801743,122.346200568575,4,1.00138905843833,0.981389058438325,316.441265304293,310.551995408012
29.43,100,0,4039.22306738348,122.366252181976,4,1.00139036824918,0.981390368249181,316.422646447105,310.534137519105
29.44,100,0,4039.77067387792,122.386295697502,4,1.00139167753911,0.98139167753911,316.404036203789,310.516287870182
29.45,100,0,4040.31802760834,122.406331117609,4,1.00139298630826,0.981392986308264,316.385434570662,310.498446457739
29.46,100,0,4040.86512868229,122.426358444752,4,1.0013942945568,0.981394294556795,316.36684154404,310.480613278274
29.47,100,0,4041.41197720727,122.446377681384,4,1.00139560228486,0.981395602284858,316.348257120241,310.462788328284
29.48,100,0,4041.95857329076,122.466388829962,4,1.0013969094926,0.981396909492604,316.329681295585,310.444971604268
29.49,100,0,4042.50491704019,122.486391892938,4,1.00139821618019,0.981398216180186,316.311114066395,310.427163102727
29.5,100,0,4043.05100856297,122.506386872769,4,1.00139952234776,0.981399522347757,316.292555428991,310.409362820163
29.51,100,0,4043.59684796646,122.526373771908,4,1.00140082799547,0.981400827995469,316.274005379696,310.391570753077
29.52,100,0,4044.14243535798,122.546352592809,4,1.00140213312347,0.981402133123475,316.255463914837,310.373786897975
29.53,100,0,4044.68777084481,122.566323337929,4,1.00140343773193,0.981403437731927,316.236931030738,310.35601125136
29.54,100,0,4045.23285453422,122.58628600972,4,1.00140474182098,0.981404741820979,316.218406723728,310.338243809742
29.55,100,0,4045.77768653342,122.606240610637,4,1.00140604539078,0.981406045390783,316.199890990135,310.320484569625
29.56,100,0,4046.32226694958,122.626187143136,4,1.00140734844149,0.981407348441492,316.181383826289,310.302733527519
29.57,100,0,4046.86659588985,122.64612560967,4,1.00140865097326,0.981408650973258,316.162885228521,310.284990679935
29.58,100,0,4047.41067346132,122.666056012694,4,1.00140995298623,0.981409952986233,316.144395193163,310.267256023383
29.59,100,0,4047.95449977107,122.685978354662,4,1.00141125448057,0.981411254480572,316.125913716551,310.249529554377
29.6,100,0,4048.49807492613,122.705892638029,4,1.00141255545643,0.981412555456425,316.107440795016,310.231811269428
29.61,100,0,4049.04139903349,122.725798865249,4,1.00141385591395,0.981413855913947,316.088976424899,310.214101165053
29.62,100,0,4049.58447220011,122.745697038776,4,1.00141515585329,0.981415155853289,316.070520602535,310.196399237767
29.63,100,0,4050.1272945329,122.765587161065,4,1.0014164552746,0.981416455274605,316.052073324264,310.178705484088
29.64,100,0,4050.66986613875,122.785469234569,4,1.00141775417805,0.981417754178046,316.033634586424,310.161019900534
29.65,100,0,4051.2121871245,122.805343261744,4,1.00141905256377,0.981419052563766,316.015204385359,310.143342483624
29.66,100,0,4051.75425759697,122.825209245043,4,1.00142035043192,0.981420350431918,315.996782717411,310.12567322988
29.67,100,0,4052.29607766292,122.845067186921,4,1.00142164778265,0.981421647782653,315.978369578923,310.108012135823
29.68,100,0,4052.83764742909,122.864917089832,4,1.00142294461613,0.981422944616126,315.959964966242,310.090359197977
29.69,100,0,4053.37896700218,122.884758956229,4,1.00142424093249,0.981424240932487,315.941568875714,310.072714412867
29.7,100,0,4053.92003648886,122.904592788568,4,1.00142553673189,0.981425536731891,315.923181303686,310.055077777017
29.71,100,0,4054.46085599573,122.924418589302,4,1.00142683201449,0.981426832014489,315.904802246508,310.037449286954
29.72,100,0,4055.0014256294,122.944236360885,4,1.00142812678044,0.981428126780435,315.88643170053,310.019828939207
29.73,100,0,4055.54174549642,122.964046105771,4,1.00142942102988,0.981429421029881,315.868069662104,310.002216730305
29.74,100,0,4056.08181570329,122.983847826414,4,1.00143071476298,0.981430714762979,315.849716127583,309.984612656778
29.75,100,0,4056.6216363565,123.003641525268,4,1.00143200797988,0.981432007979883,315.831371093322,309.967016715159
29.76,100,0,4057.16120756248,123.023427204787,4,1.00143330068075,0.981433300680745,315.813034555675,309.949428901979
29.77,100,0,4057.70052942765,123.043204867426,4,1.00143459286572,0.981434592865718,315.794706511,309.931849213772
29.78,100,0,4058.23960205836,123.062974515637,4,1.00143588453495,0.981435884534955,315.776386955654,309.914277647075
29.79,100,0,4058.77842556094,123.082736151874,4,1.00143717568861,0.981437175688608,315.758075885997,309.896714198422
29.8,100,0,4059.3170000417,123.102489778592,4,1.00143846632683,0.981438466326829,315.739773298391,309.879158864353
29.81,100,0,4059.85532560688,123.122235398243,4,1.00143975644977,0.981439756449772,315.721479189196,309.861611641406
29.82,100,0,4060.39340236271,123.141973013283,4,1.00144104605759,0.981441046057589,315.703193554776,309.844072526121
29.83,100,0,4060.93123041537,123.161702626164,4,1.00144233515043,0.981442335150434,315.684916391496,309.826541515039
29.84,100,0,4061.468809871,123.181424239339,4,1.00144362372846,0.981443623728457,315.66664769572,309.809018604702
29.85,100,0,4062.00614083572,123.201137855264,4,1.00144491179181,0.981444911791814,315.648387463817,309.791503791654
29.86,100,0,4062.54322341559,123.22084347639,4,1.00144619934065,0.981446199340655,315.630135692155,309.773997072441
29.87,100,0,4063.08005771666,123.240541105171,4,1.00144748637513,0.981447486375133,315.611892377103,309.756498443607
29.88,100,0,4063.61664384492,123.260230744062,4,1.0014487728954,0.981448772895403,315.593657515032,309.7390079017
29.89,100,0,4064.15298190633,123.279912395515,4,1.00145005890161,0.981450058901615,315.575431102315,309.721525443269
29.9,100,0,4064.68907200682,123.299586061984,4,1.00145134439392,0.981451344393923,315.557213135323,309.704051064863
29.91,100,0,4065.22491425228,123.319251745921,4,1.00145262937248,0.981452629372479,315.539003610434,309.686584763033
29.92,100,0,4065.76050874856,123.338909449781,4,1.00145391383744,0.981453913837436,315.520802524022,309.66912653433
29.93,100,0,4066.29585560147,123.358559176016,4,1.00145519778895,0.981455197788947,315.502609872465,309.651676375309
29.94,100,0,4066.8309549168,123.37820092708,4,1.00145648122717,0.981456481227165,315.484425652141,309.634234282524
29.95,100,0,4067.36580680029,123.397834705425,4,1.00145776415224,0.981457764152242,315.466249859431,309.61680025253
29.96,100,0,4067.90041135763,123.417460513505,4,1.00145904656433,0.98145904656433,315.448082490714,309.599374281883
29.97,100,0,4068.4347686945,123.437078353772,4,1.00146032846358,0.981460328463584,315.429923542374,309.581956367142
29.98,100,0,4068.96887891654,123.45668822868,4,1.00146160985015,0.981461609850154,315.411773010794,309.564546504865
29.99,100,0,4069.50274212932,123.476290140682,4,1.00146289072419,0.981462890724194,315.39363089236,309.547144691615
30,100,0,4070.03635843843,123.49588409223,4,1.00146417108586,0.981464171085857,315.375497183457,309.529750923951
