TimeSeconds,ThrottlePercent,Brake,RPM,SpeedMPH,Gear,TorqueRatioBefore,TorqueRatioAfter,ImpellerTorque,TurbineTorque
0,100,0,1000,0,1,2.232,2.232,52.9193384795879,118.11596348644
0.01,100,0,1104.48889403316,0.0574796856898863,1,2.22315494152199,2.22315494152199,64.5772554486182,143.565244560523
0.02,100,0,1207.43738671318,0.126808552117413,1,2.21415027202683,2.21415027202683,77.2024673272837,170.937864033848
0.03,100,0,1306.92015534301,0.208939130569908,1,2.20482820029014,2.20482820029014,90.4795136674712,199.491783282577
0.04,100,0,1401.49737650773,0.304214701368952,1,2.19510771238295,2.19510771238295,104.086253252924,228.480537268539
0.05,100,0,1490.99657303805,0.412738924187929,1,2.18495142655893,2.18495142655893,117.848970390366,257.49427597293
0.06,100,0,1575.31960670478,0.534436437202697,1,2.17433994412162,2.17433994412162,131.607589112682,286.15963795725
0.07,100,0,1654.35708213101,0.669068473518559,1,2.16326325085915,2.16326325085915,145.204707829223,314.116008298699
0.08,100,0,1727.90056477408,0.816218890641855,1,2.1517147854187,2.1517147854187,158.469591196803,340.981362417419
0.09,100,0,1796.0719435795,0.975334164134925,1,2.13970516763325,2.13970516763325,171.296953449113,366.5249764949
0.1,100,0,1859.04752225567,1.1457695352317,1,2.12724989761073,2.12724989761073,183.60484469047,390.573387068636
0.11,100,0,1917.03775484589,1.32681255567668,1,2.11436770135024,2.11436770135024,195.331549363903,413.002719029738
0.12,100,0,1970.27866461485,1.51770466462616,1,2.10107960965433,2.10107960965433,206.433836674488,433.73392497948
0.13,100,0,2019.02888384457,1.71766059935022,1,2.08740858797392,2.08740858797392,216.885934684869,452.729562671947
0.14,100,0,2063.58718580403,1.92590023099981,1,2.07396799130718,2.07396799130718,226.710117547558,470.189527099124
0.15,100,0,2104.16135494643,2.14209485129267,1,2.06479338023519,2.06479338023519,236.092229231738,487.48167204266
0.16,100,0,2140.96818879264,2.36582191085773,1,2.05537557591481,2.05537557591481,244.828230069312,503.213964378915
0.17,100,0,2174.2657778319,2.59637831826764,1,2.04572832733278,2.04572832733278,252.93088872155,517.42788391513
0.18,100,0,2204.30718919075,2.83308326826743,1,2.03586536697229,2.03586536697229,260.419487715618,530.179015924892
0.19,100,0,2231.33780896558,3.07528383222082,1,2.02580031530547,2.02580031530547,267.318260226178,541.533415853101
0.2,100,0,2255.59333029583,3.32235899736241,1,2.0155466010051,2.0155466010051,273.655021159531,551.564447746071
0.21,100,0,2277.2983036002,3.5737223715893,1,2.00511739458348,2.00511739458348,279.459993963471,560.350094986349
0.22,100,0,2296.66516610729,3.82882376502004,1,1.99452555364687,1.99452555364687,284.764825809588,567.970721857022
0.23,100,0,2313.89367185274,4.08714984651129,1,1.98378357828885,1.98378357828885,289.601777923512,574.507251287917
0.24,100,0,2329.17057151594,4.34822445958192,1,1.97229557929428,1.97229557929428,293.912285092329,579.681900587882
0.25,100,0,2342.81481509543,4.61102671280557,1,1.95814894295278,1.95814894295278,297.46191790652,582.47474011736
0.26,100,0,2355.04075400522,4.87491911907352,1,1.94392753710983,1.94392753710983,300.672264440764,584.485094491571
0.27,100,0,2365.9838064589,5.13956130076211,1,1.92964439927924,1.92964439927924,303.572026289831,585.786060308023
0.28,100,0,2375.76790317448,5.4046451409777,1,1.91531192828622,1.91531192828622,306.188198239675,586.445908388917
0.29,100,0,2384.50617684227,5.66989256612735,1,1.90094187356225,1.90094187356225,308.546012167052,586.528034448996
0.3,100,0,2392.30167269002,5.93505333058669,1,1.88654533230087,1.88654533230087,310.66892647273,586.091013128049
0.31,100,0,2399.24806205318,6.19990284448315,1,1.87213275312889,1.87213275312889,312.578650335165,585.188729221285
0.32,100,0,2405.42763151317,6.46423987226848,1,1.85771353351216,1.85771353351216,314.294487688061,583.869123286381
0.33,100,0,2410.91434677828,6.72788340295027,1,1.84335928116625,1.84335928116625,315.629089784623,581.817812060539
0.34,100,0,2416.10578858056,6.99011087751236,1,1.82937309752338,1.82937309752338,316.006382811839,578.093575361652
0.35,100,0,2421.17207254478,7.25063170849737,1,1.81552191635513,1.81552191635513,316.359490111594,574.357587744534
0.36,100,0,2426.12266383937,7.50944163090603,1,1.80180463518512,1.80180463518512,316.690892719104,570.615118422196
0.37,100,0,2430.9660337606,7.76653863475596,1,1.78822010885378,1.78822010885378,317.00279972482,566.870781030872
0.38,100,0,2435.70976904815,8.02192268343951,1,1.77476715273718,1.77476715273718,317.297177974603,563.128609125527
0.39,100,0,2440.36066924419,8.27559546458193,1,1.76144454628574,1.76144454628574,317.575778623889,559.392123289496
0.4,100,0,2444.92483336532,8.52756016977703,1,1.74825103674503,1.74825103674503,317.84016085601,555.664390735726
0.41,100,0,2449.4077370305,8.77782129995938,1,1.73518534294991,1.73518534294991,318.091713049444,551.948078197223
0.42,100,0,2453.81430107334,9.02638449351878,1,1.72224615910769,1.72224615910769,318.331671654248,548.245498828858
0.43,100,0,2458.21238548678,9.27299765220027,1,1.70695021948172,1.70695021948172,318.231324352454,543.205028949379
0.44,100,0,2462.71142231598,9.5172192966019,1,1.69136678206352,1.69136678206352,318.103962346916,538.030475156358
0.45,100,0,2467.29474884919,9.75910913516452,1,1.67602260872067,1.67602260872067,318.018618752172,533.00639502276
0.46,100,0,2471.94512557932,9.99873250384172,1,1.66090871074051,1.66090871074051,317.969842757808,528.118881589232
0.47,100,0,2476.64750681771,10.2361487903336,1,1.64601672875386,1.64601672875386,317.952856872175,523.355721366681
0.48,100,0,2481.38877053188,10.4714121557642,1,1.63133888271295,1.63133888271295,317.96347247087,518.706175924157
0.49,100,0,2486.15748200069,10.7045721635939,1,1.61686792515615,1.61686792515615,317.998016379659,514.160792947549
0.5,100,0,2490.943686881,10.9356743282231,1,1.60259709773193,1.60259709773193,318.053266950486,509.711242539006
0.51,100,0,2495.73872989222,11.1647605939657,1,1.58852009090344,1.58852009090344,318.126398325487,505.350175186786
0.52,100,0,2500.53509584517,11.3918697535722,1,1.57463100671887,1.57463100671887,318.214931779813,501.071098381423
0.53,100,0,2505.32981739055,11.6170323573336,1,1.56094550747404,1.56094550747404,318.130087084582,496.583730227003
0.54,100,0,2510.36906463886,11.8399062178926,1,1.54761026849997,1.54761026849997,317.50158226362,491.368708976167
0.55,100,0,2515.70685254046,12.0604644336151,1,1.53457840211819,1.53457840211819,316.9957146893,486.45477732622
0.56,100,0,2521.29355590147,12.2788354293095,1,1.52182798041897,1.52182798041897,316.595463440842,481.803834737983
0.57,100,0,2527.08636798134,12.4951315129659,1,1.50933939398567,1.50933939398567,316.286181986772,477.383194245955
0.58,100,0,2533.04835273572,12.7094511539762,1,1.49709509599373,1.49709509599373,316.055249704349,473.164764395454
0.59,100,0,2539.14763554684,12.9218809195344,1,1.48507937306431,1.48507937306431,315.891778762441,469.124364760696
0.6,100,0,2545.35671057592,13.1324971244899,1,1.47327814052513,1.47327814052513,315.786366625336,465.241151024962
0.61,100,0,2551.65184668965,13.3413672401038,1,1.46167875981955,1.46167875981955,315.730886352665,461.497130400691
0.62,100,0,2558.01257698559,13.5485510992756,1,1.45026987592659,1.45026987592659,315.718308369058,457.876751906145
0.63,100,0,2564.4212594305,13.7541019294383,1,1.4390412727944,1.4390412727944,315.742548556473,454.366558950054
0.64,100,0,2570.86269815438,13.9580672391433,1,1.42798374493931,1.42798374493931,315.79833845663,450.954893994911
0.65,100,0,2577.3238166065,14.1604895801261,1,1.41708898351408,1.41708898351408,315.881114116475,447.631646914609
0.66,100,0,2583.80053990448,14.3613971227537,1,1.40635271612747,1.40635271612747,315.788620316866,444.110183904769
0.67,100,0,2590.52637923802,14.5604911254366,1,1.39587832102777,1.39587832102777,315.203067692495,439.985128913404
0.68,100,0,2597.54199261183,14.7577626709977,1,1.38568227572078,1.38568227572078,314.751070420851,436.144979546316
0.69,100,0,2604.79349158997,14.9533321606579,1,1.37573805037137,1.37573805037137,314.412277392563,432.548933512867
0.7,100,0,2612.23511403814,15.1473028776324,1,1.3660225628226,1.3660225628226,314.169465078787,429.16257784753
0.71,100,0,2619.82798034331,15.3397636527452,1,1.3565157093369,1.3565157093369,314.008031304919,425.956827323074
0.72,100,0,2627.53904989985,15.5307910906447,1,1.34719995950883,1.34719995950883,313.915577525443,422.907053331469
0.73,100,0,2635.34024310615,15.7204514346139,1,1.33806000667684,1.33806000667684,313.881562541306,419.992365669757
0.74,100,0,2643.20770075335,15.9088021327853,1,1.32908246629289,1.32908246629289,313.897014261401,417.195017876517
0.75,100,0,2651.12115791545,16.0958931566639,1,1.32025561570587,1.32025561570587,313.954288900181,414.499912995406
0.76,100,0,2659.06341359983,16.2817681134411,1,1.31156916968793,1.31156916968793,314.046869149506,411.894191413512
0.77,100,0,2667.01988073552,16.466465186088,1,1.30301408679664,1.30301408679664,314.169194527373,409.36688610672
0.78,100,0,2674.97820374765,16.6500179292,1,1.29458240233056,1.29458240233056,314.316518407679,406.908633492391
0.79,100,0,2682.92793313101,16.8324559437172,1,1.28626708421431,1.28626708421431,314.484787260726,404.511430339612
0.8,100,0,2690.86024819917,17.0138054497048,1,1.27806190865026,1.27806190865026,314.670538448224,402.168428965143
0.81,100,0,2698.76772063042,17.194089773169,1,1.26996135280878,1.26996135280878,314.870813567206,399.873764357812
0.82,100,0,2706.64411262172,17.373329760248,1,1.26196050220436,1.26196050220436,315.083084860794,397.622408007028
0.83,100,0,2714.48420444532,17.5515441299512,1,1.25405497072986,1.25405497072986,315.305192637442,395.41004412392
0.84,100,0,2722.39455637334,17.7286030387878,1,1.24614525355475,1.24614525355475,315.060355345268,392.610966396779
0.85,100,0,2730.46100846554,17.9044152630345,1,1.23842253535573,1.23842253535573,314.898812220152,389.97778541019
0.86,100,0,2738.6485397218,18.0790525726268,1,1.23086861772599,1.23086861772599,314.81020740852,387.490004838957
0.87,100,0,2746.92758970966,18.2525762753187,1,1.2234669423512,1.2234669423512,314.78272797522,385.126261700812
0.88,100,0,2755.27331304915,18.4250387395123,1,1.2162033095355,1.2162033095355,314.806442257878,382.868636937127
0.89,100,0,2763.66483103193,18.5964848296713,1,1.20906552284968,1.20906552284968,314.872990363339,380.702076724893
0.9,100,0,2772.08460590511,18.766953101878,1,1.2020430883766,1.2020430883766,314.975328312642,378.613916407363
0.91,100,0,2780.51791667277,18.9364768017287,1,1.19512696003012,1.19512696003012,315.107515843813,376.593487493058
0.92,100,0,2788.95241917621,19.1050846988111,1,1.18830932377822,1.18830932377822,315.264539916243,374.631792239123
0.93,100,0,2797.37777633441,19.2728017856858,1,1.18158341473576,1.18158341473576,315.442167537601,372.721233470727
0.94,100,0,2805.77092225088,19.4396491904582,1,1.17493731065106,1.17493731065106,315.632030415149,370.84784897131
0.95,100,0,2814.08101714096,19.6056364619154,1,1.16834796062581,1.16834796062581,315.816767766576,368.983876551515
0.96,100,0,2822.30833736042,19.7707675197188,1,1.16181416140495,1.16181416140495,315.996184562617,367.12884217478
0.97,100,0,2830.45519000848,19.9350465562875,1,1.15533558392264,1.15533558392264,316.170762400608,365.283332397374
0.98,100,0,2838.52367895168,20.0984780059403,1,1.14891183216737,1.14891183216737,316.340915449564,363.447820758662
0.99,100,0,2846.51573305003,20.2610664976225,1,1.14254245622301,1.14254245622301,316.507000859594,361.622686173899
1,100,0,2854.43313003651,20.4228168153253,1,1.1362269631801,1.1362269631801,316.669327518886,359.80822833907
1.01,100,0,2862.27751673897,20.5837338649491,1,1.12996482625864,1.12996482625864,316.828163424097,358.004680637352
1.02,100,0,2870.05042622298,20.7438226465666,1,1.12375549242882,1.12375549242882,316.983741886871,356.21222095601
1.03,100,0,2877.75329234098,20.9030882312128,1,1.11759838877026,1.11759838877026,317.136266763093,354.430980755049
1.04,100,0,2885.38746209574,21.0615357414694,1,1.1114929277714,1.1114929277714,317.28591686126,352.661052672754
1.05,100,0,2892.95420616054,21.219170335234,1,1.1054385117386,1.1054385117386,317.432849661084,350.902496906289
1.06,100,0,2900.45472784407,21.3759971921601,1,1.09943453645745,1.09943453645745,317.577204452228,349.155346566388
1.07,100,0,2907.9090298454,21.5319999420133,1,1.09345810263663,1.09345810263663,317.546120863381,347.223378818895
1.08,100,0,2915.44330000647,21.68704515038,1,1.08756120968832,1.08756120968832,317.326728411169,345.112240617289
1.09,100,0,2923.06346779427,21.8411439719368,1,1.08178882984961,1.08178882984961,317.166444068275,343.107116396181
1.1,100,0,2930.82391730341,21.9942231936323,1,1.07545062374819,1.07545062374819,316.532136095359,340.414683200102
1.11,100,0,2938.93131269497,22.145984044036,1,1.06908753053998,1.06908753053998,315.839928211102,337.660528897132
1.12,100,0,2947.31441969678,22.2965436292345,1,1.06298886148981,1.06298886148981,315.31323925334,335.174461206571
1.13,100,0,2955.89505618731,22.446032493824,1,1.05730874889087,1.05730874889087,314.991257485433,333.043012363485
1.14,100,0,2964.58707101935,22.5946027948941,1,1.0518817650869,1.0518817650869,314.790673630946,331.122569411813
1.15,100,0,2973.3550359625,22.7423147006769,1,1.04658083955326,1.04658083955326,314.654868415135,329.311756355431
1.16,100,0,2982.17946871787,22.8892124254215,1,1.04166050486426,1.04166050486426,314.473776871875,327.57491318293
1.17,100,0,2991.13297723723,23.0353259208301,1,1.03745903111671,1.03745903111671,314.162314749014,325.930530672895
1.18,100,0,3000.20748581787,23.1807116473576,1,1.03337262831769,1.03337262831769,313.9382435139,324.415187829397
1.19,100,0,3009.36748080254,23.3254224803486,1,1.02938304254936,1.02938304254936,313.783673243568,323.003592265776
1.2,100,0,3018.63552939628,23.4694418229706,1,1.02533340017831,1.02533340017831,313.339594615044,321.277551957137
1.21,100,0,3028.14545075756,23.6126271914908,1,1.02137250679001,1.02137250679001,312.858506226636,319.545076775276
1.22,100,0,3037.84206011848,23.7550588876331,1,1.01756262950452,1.01756262950452,312.512638098992,318.001181777404
1.23,100,0,3047.67119137699,23.8968129248749,1,1.01387456957466,1.01387456957466,312.271151686223,316.603779506452
1.24,100,0,3057.58661143593,24.0379770154976,1,1.01092629569768,1.01092629569768,312.146036528881,315.556636424854
1.25,100,0,3067.53460047471,24.178755013241,1,1.00871818616829,1.00871818616829,312.105342335677,314.826334814278
1.26,100,0,3077.49404915627,24.3192010279791,1,1.00653921558491,1.00653921558491,312.094400495834,314.135253063521
1.27,100,0,3087.45298192638,24.4593310087926,1,1.00438524051821,1.00438524051821,312.106647618549,313.47531033569
1.28,100,0,3097.40206905317,24.5991576363674,1,1.00225298595062,1.00225298595062,312.136950162956,312.840190326344
1.29,100,0,3107.53044662327,24.73861152364,1,1.002,1.002,311.251160131573,311.873662451836
1.3,100,0,3118.05225142702,24.8776583944384,1,1.002,1.002,310.512339143003,311.133363821289
1.31,100,0,3128.85891324084,25.016410677085,1,1.002,1.002,309.986843643526,310.606817330813
1.32,100,0,3139.86744996387,25.154951780798,1,1.002,1.002,309.616229125762,310.235461584013
1.33,100,0,3151.01751508726,25.2933423503133,1,1.002,1.002,309.35843922272,309.977156101166
1.34,100,0,3162.26129840858,25.4316286299823,1,1.00193884090135,1.00193884090135,309.222792812572,309.822326610907
1.35,100,0,3173.53532564187,25.5698578935576,1,1.00177660189361,1.00177660189361,309.194906700759,309.744222957499
1.36,100,0,3184.81679821814,25.7080485446113,1,1.00161584704972,1.00161584704972,309.188944476359,309.688546520097
1.37,100,0,3196.09711092009,25.8462093799008,1,1.0014562962782,1.0014562962782,309.199193502307,309.649479137026
1.38,100,0,3207.36990155493,25.984346903363,1,1.00129774078247,1.00129774078247,309.221425167529,309.622714421784
1.39,100,0,3218.63046962655,26.1224659204694,1,1.0011400245201,1.0011400245201,309.252504032154,309.605059469655
1.4,100,0,3229.88316442811,26.2605614985471,1,1.0009498159319,1.0009498159319,309.165241179145,309.458891250806
1.41,100,0,3241.39939228449,26.3983370537068,1,1.0005075358607,1.0005075358607,308.247349616323,308.403796200218
1.42,100,0,3253.2557943051,26.5357028780727,1,1.00010017999543,1.00010017999543,307.647548034555,307.67836816451
1.43,100,0,3265.33342201039,26.6727826568654,1,0.999716601815851,0.999716601815851,307.260175968965,307.173098993035
1.44,100,0,3277.55263775921,26.8096591906746,1,0.999349341111185,0.999349341111185,307.015404446634,306.815642144728
1.45,100,0,3289.85987724164,26.9463881717227,1,0.998993382761443,0.998993382761443,306.866744140816,306.557846786224
1.46,100,0,3302.21898284656,27.08300719969,1,0.998645342667618,0.998645342667618,306.783067678957,306.367481746876
1.47,100,0,3314.6054775184,27.2195417365793,1,0.998302929681328,0.998302929681328,306.74343822494,306.222873040481
1.48,100,0,3327.0061731346,27.3560065126587,1,0.998011704297087,0.998011704297087,306.679664670858,306.069894811422
1.49,100,0,3339.53054006684,27.4923283362735,1,0.998119784416887,0.998119784416887,306.267580271393,305.691731194365
1.5,100,0,3352.20302636753,27.6285076716726,1,0.998222654186551,0.998222654186551,306.016248226382,305.47235152875
1.51,100,0,3364.964651232,27.7646029440384,1,0.998322112447896,0.998322112447896,305.867942036256,305.354730023726
1.52,100,0,3377.77754248932,27.900651649188,1,0.998419312735532,0.998419312735532,305.785924338623,305.302572422367
1.53,100,0,3390.61729554155,28.0366779287174,1,0.998514997612911,0.998514997612911,305.746692383922,305.292657815887
1.54,100,0,3403.46813938405,28.1726973626949,1,0.998609646752604,0.998609646752604,305.735145559546,305.310065707075
1.55,100,0,3416.31985980841,28.3087200204154,1,0.998703571025408,0.998703571025408,305.741545991805,305.345173792845
1.56,100,0,3429.16583150593,28.4447524117812,1,0.998796972551802,0.998796972551802,305.759593605536,305.391756421878
1.57,100,0,3442.00175430675,28.5807987405415,1,0.998889983175327,0.998889983175327,305.785200367462,305.445773650318
1.58,100,0,3454.82483874673,28.7168617119975,1,0.998982689194496,0.998982689194496,305.815706285611,305.504596663114
1.59,100,0,3467.68268731816,28.8528934655557,1,0.999073709103075,0.999073709103075,305.597122957663,305.314051124541
1.6,100,0,3480.64013543057,28.9888285304677,1,0.99916117572587,0.99916117572587,305.428028863767,305.171828419156
1.61,100,0,3493.65579682259,29.1247079405613,1,0.999246317320186,0.999246317320186,305.335143976863,305.10501816731
1.62,100,0,3506.70199766336,29.260559133707,1,0.999329953088259,0.999329953088259,305.290011235303,305.08545260609
1.63,100,0,3519.76137327486,29.3963993058567,1,0.999412596532194,0.999412596532194,305.274887575448,305.095568047852
1.64,100,0,3532.82299902697,29.5322392545474,1,0.999494570655978,0.999494570655978,305.278665554131,305.124368758456
1.65,100,0,3545.8799885628,29.668085764933,1,0.99957607931997,0.99957607931997,305.294367166983,305.164946571244
1.66,100,0,3558.9279962867,29.8039430975672,1,0.999657251621475,0.999657251621475,305.31759459389,305.212947483408
1.67,100,0,3571.96428011858,29.9398139196139,1,0.99973816959891,0.99973816959891,305.345567901761,305.265619149246
1.68,100,0,3584.98711291341,30.0756998896679,1,0.99981888558294,0.99981888558294,305.376524915459,305.321216824165
1.69,100,0,3597.99541168522,30.2116020261838,1,0.999899433096891,0.999899433096891,305.409345625313,305.378631553243
1.7,100,0,3610.91720105081,30.3475129130781,1,0.999981606175417,0.999981606175417,305.383550111188,305.377932939737
1.71,100,0,3623.66551999769,30.4833834150345,1,1.00006743191951,1.00006743191951,305.230807181128,305.251389480351
1.72,100,0,3636.28707748636,30.6191664593854,1,1.00015557312422,1.00015557312422,304.996211364515,305.043660577993
1.73,100,0,3648.81358012766,30.7548323033042,1,1.00024513381645,1.00024513381645,304.709946488602,304.784641200694
1.74,100,0,3661.26528392559,30.8903621539672,1,1.0003355455177,1.0003355455177,304.391123053111,304.493260130079
1.75,100,0,3673.65518656212,31.0257441573759,1,1.00042644669064,1.00042644669064,304.051862396945,304.181524307448
1.76,100,0,3685.99167501121,31.1609708654556,1,1.00051760686081,1.00051760686081,303.699869838858,303.857066975113
1.77,100,0,3698.28020006854,31.2960376343387,1,1.00060887877274,1.00060887877274,303.340055483553,303.52475280426
1.78,100,0,3710.52433760201,31.4309416094457,1,1.00070016815499,1.00070016815499,302.975556176424,303.1876900126
1.79,100,0,3722.72646274362,31.5656810808559,1,1.00079141456448,1.00079141456448,302.608380993907,302.847869673958
1.8,100,0,3734.88817930939,31.7002550728039,1,1.00088257921759,1.00088257921759,302.239819849346,302.506570433073
1.81,100,0,3747.01059406255,31.834663081559,1,1.00097363723802,1.00097363723802,301.870702789761,302.164615347064
1.82,100,0,3759.22056651322,31.9687762754718,1,1.00103055734089,1.00103055734089,300.725411005305,301.035325785209
1.83,100,0,3771.77841372645,32.1023233559299,1,1.00106895099453,1.00106895099453,299.692683364264,300.0130401562
1.84,100,0,3784.51970743283,32.235464187302,1,1.00110427386511,1.00110427386511,298.940884274338,299.270996880056
1.85,100,0,3797.34621941191,32.3682948747694,1,1.00113788217343,1.00113788217343,298.343419909513,298.682899568588
1.86,100,0,3810.20401930688,32.5008684293823,1,1.00117051978294,1.00117051978294,297.831562118235,298.180179853679
1.87,100,0,3823.06333234628,32.6332143690385,1,1.00120259730998,1.00120259730998,297.36767246382,297.725286026799
1.88,100,0,3835.90765709176,32.7653493046248,1,1.00123434268004,1.00123434268004,296.930998098586,297.297512702566
1.89,100,0,3848.72783086914,32.8972827114692,1,1.00126588306036,1.00126588306036,296.510030617448,296.885377642435
1.9,100,0,3861.51877018836,33.0290200985455,1,1.00129728975433,1.00129728975433,296.098355061675,296.48248042397
1.91,100,0,3874.27766982744,33.1605647590624,1,1.00132860294275,1.00132860294275,295.692378168025,296.085235931808
1.92,100,0,3887.00300266683,33.2919187424725,1,1.00135984538842,1.00135984538842,295.290077553679,295.691626403887
1.93,100,0,3899.69396158981,33.423083396751,1,1.00139103006313,1.00139103006313,294.890309394108,295.300510679801
1.94,100,0,3912.3501466596,33.554059672293,1,1.00142216441138,1.00142216441138,294.492423384595,294.911240028554
1.95,100,0,3924.97138902041,33.6848482929579,1,1.00145325274424,1.00145325274424,294.096047631923,294.523443520213
1.96,100,0,3937.55765134918,33.8154498527457,1,1.00148429758898,1.00148429758898,293.700967959821,294.136907598446
1.97,100,0,3950.10897135058,33.9458648706659,1,1.00151530045326,1.00151530045326,293.307059903956,293.751508224772
1.98,100,0,3962.62542955546,34.0760938220056,1,1.0015462622594,1.0015462622594,292.914250237116,293.367172487498
1.99,100,0,3975.10713089731,34.2061371562203,1,1.00157718359233,1.00157718359233,292.522495113647,292.983856793328
2,100,0,3987.55419413141,34.3359953072116,1,1.00160806484161,1.00160806484161,292.131767605059,292.601534429661
2.01,100,0,3999.96674573545,34.4656686992561,1,1.0016389062831,1.0016389062831,291.742050563646,292.220188443359
2.02,100,0,4012.35097486271,34.5951586649008,1,1.00166963889052,1.00166963889052,291.359123392156,291.84558791568
2.03,100,0,4024.71013940375,34.7244694017123,1,1.00170023216,1.00170023216,290.985509110856,291.48025203154
2.04,100,0,4037.04127671771,34.8536042669834,1,1.00173072673644,1.00173072673644,290.617789932588,291.120769911711
2.05,100,0,4049.34266797289,34.9825654053196,1,1.00176114687014,1.00176114687014,290.253938632755,290.765118448325
2.06,100,0,4061.61333408356,35.1113542415049,1,1.00179150708409,1.00179150708409,289.892749118041,290.412094031713
2.07,100,0,4073.85273619006,35.2399717713261,1,1.00182181612297,1.00182181612297,289.53350082912,290.06097762907
2.08,100,0,4086.06059822579,35.3684187338249,1,1.00185207928683,1.00185207928683,289.175761339047,289.711337776877
2.09,100,0,4098.2368014342,35.4966957136848,1,1.00188229981511,1.00188229981511,288.819269810674,289.362914268838
2.1,100,0,4110.38132144237,35.6248032023025,1,1.00191247971025,1.00191247971025,288.463867946101,289.01554924069
2.11,100,0,4122.49419059466,35.7527416343405,1,1.00194262022961,1.00194262022961,288.109458932294,288.669146195559
2.12,100,0,4134.57547533142,35.8805114096788,1,1.00197272218012,1.00197272218012,287.755982948649,288.323645558674
2.13,100,0,4146.62526255913,36.0081129066429,1,1.00200278609549,1.00200278609549,287.403402506118,287.979010044454
2.14,100,0,4158.64365141188,36.1355464900009,1,1.00203281234304,1.00203281234304,287.051693642342,287.635215868269
2.15,100,0,4170.63074825632,36.262812515815,1,1.00206280118841,1.00206280118841,286.700840616443,287.292247451183
2.16,100,0,4182.58666365407,36.389911334395,1,1.00209275283474,1.00209275283474,286.350832702176,286.950094219045
2.17,100,0,4194.5115105094,36.5168432921019,1,1.00212266744667,1.00212266744667,286.001662243291,286.608748661428
2.18,100,0,4206.4054029368,36.6436087324544,1,1.00215254516485,1.00215254516485,285.653323470567,286.268205150826
2.19,100,0,4218.26845556718,36.7702079968098,1,1.00218238611494,1.00218238611494,285.305811779957,285.928459222098
2.2,100,0,4230.10078312207,36.8966414247849,1,1.00221219041312,1.00221219041312,284.959123290743,285.589507131419
2.21,100,0,4241.90250015219,37.0229093545181,1,1.00224195816947,1.00224195816947,284.613254574227,285.251345585459
2.22,100,0,4253.67372087705,37.1490121228335,1,1.00227168949004,1.00227168949004,284.268202486664,284.913971574606
2.23,100,0,4265.41455908683,37.2749500653444,1,1.00230138447822,1.00230138447822,283.923964066038,284.577382269934
2.24,100,0,4277.12512808277,37.4007235165192,1,1.00233104323548,1.00233104323548,283.580536468109,284.241574959358
2.25,100,0,4288.80554064149,37.5263328097252,1,1.00236066586195,1.00236066586195,283.237916926652,283.90654700795
2.26,100,0,4300.45590899406,37.6517782772565,1,1.00239025245666,1.00239025245666,282.896102728666,283.572295833194
2.27,100,0,4312.07634481447,37.7770602503539,1,1.00241980311783,1.00241980311783,282.555091198864,283.238818889505
2.28,100,0,4323.66695921368,37.9021790592192,1,1.00244931794291,1.00244931794291,282.214879689921,282.906113658503
2.29,100,0,4335.22786273749,38.027135033025,1,1.00247879702874,1.00247879702874,281.875465576341,282.574177642886
2.3,100,0,4346.75916536651,38.1519284999233,1,1.00250824047154,1.00250824047154,281.536846250554,282.243008362551
2.31,100,0,4358.26097651758,38.2765597870521,1,1.002537648367,1.002537648367,281.19901912044,281.912603352114
2.32,100,0,4369.73340504616,38.4010292205415,1,1.00256702081026,1.00256702081026,280.861981607733,281.582960159331
2.33,100,0,4381.17655924912,38.5253371255186,1,1.00259635789594,1.00259635789594,280.525731146984,281.254076344062
2.34,100,0,4392.59054686799,38.6494838261125,1,1.00262565971817,1.00262565971817,280.190265184884,280.925949477604
2.35,100,0,4403.96259919455,38.7734688844035,1,1.00265506476425,1.00265506476425,279.845525725411,280.588533720199
2.36,100,0,4415.17144866696,38.897268103785,1,1.00268585312025,1.00268585312025,279.398776450875,280.1492005264
2.37,100,0,4426.22588939321,39.020833478629,1,1.00271786417039,1.00271786417039,278.862258564971,279.620168305999
2.38,100,0,4437.16329070483,39.1441321150994,1,1.00275064983719,1.00275064983719,278.268883371073,279.034303629813
2.39,100,0,4448.00789361091,39.2671432422669,1,1.00278392130134,1.00278392130134,277.639801507626,278.412728865142
2.4,100,0,4458.77549057423,39.3898538843753,1,1.00281749197894,1.00281749197894,276.988622373823,277.76903559562
2.41,100,0,4469.47642751565,39.5122560855475,1,1.00285124104163,1.00285124104163,276.324117986171,277.111984652166
2.42,100,0,4480.1175313236,39.634345128564,1,1.00288509005009,1.00288509005009,275.651953388516,276.447234096525
2.43,100,0,4490.70334949367,39.7561183898432,1,1.0029189879595,1.0029189879595,274.975794336806,275.778445369629
2.44,100,0,4501.23694905139,39.8775746018793,1,1.00295290147582,1.00295290147582,274.298017210185,275.107992230018
2.45,100,0,4511.72043266712,39.9987133770312,1,1.00298680883814,1.00298680883814,273.62016481224,274.437415938794
2.46,100,0,4522.1552729236,40.1195348992826,1,1.00302069579947,1.00302069579947,272.943239659556,273.767718157088
2.47,100,0,4532.54252938205,40.2400397242058,1,1.00305455302159,1.00305455302159,272.267893156805,273.09954987253
2.48,100,0,4542.88298992181,40.3602286488017,1,1.00308837438198,1.00308837438198,271.594547929509,272.433333573619
2.49,100,0,4553.17726302356,40.4801026265827,1,1.0031221558703,1.0031221558703,270.923477140997,271.769342465555
2.5,100,0,4563.42583818843,40.5996627120272,1,1.00315589486736,1.00315589486736,270.254856056961,271.10775197007
2.51,100,0,4573.6291256042,40.7189100241517,1,1.00318958967254,1.00318958967254,269.588795658306,270.44867329677
2.52,100,0,4583.78748225871,40.8378457225623,1,1.00322323919332,1.00322323919332,268.925364610997,269.792175386289
2.53,100,0,4593.90122917871,40.9564709916724,1,1.00325684274074,1.00325684274074,268.264603664372,269.138299291414
2.54,100,0,4603.97066284189,41.0747870302795,1,1.00329039989424,1.00329039989424,267.606535112407,268.487067627238
2.55,100,0,4613.9960627529,41.1927950446671,1,1.00332391041219,1.00332391041219,266.95116902718,267.838490797455
2.56,100,0,4623.97769648752,41.310496244033,2,1.43065734682341,1.43065734682341,1022.80156745618,1463.27857682368
2.57,100,0,4333.08282048228,41.6686126727309,2,1.36127419485166,1.36127419485166,861.711088788682,1173.02506858556
2.58,100,0,4110.739389954,41.958793966081,2,1.30121335243445,1.30121335243445,745.488940165578,970.04016303566
2.59,100,0,3936.71278278315,42.2014880515652,2,1.24897341849654,1.24897341849654,660.364939461784,824.778255894842
2.6,100,0,3799.99294225813,42.4087743504465,2,1.20334631322613,1.20334631322613,592.506015456217,712.989929263543
2.61,100,0,3692.03221765702,42.5895303047601,2,1.16444989015686,1.16444989015686,541.909255561211,631.026173113239
2.62,100,0,3605.83675969616,42.7505870464752,2,1.13124177962626,1.13124177962626,503.330978035574,569.389031333991
2.63,100,0,3535.94517788009,42.8966486404788,2,1.10267295879781,1.10267295879781,473.188498791017,521.772162030987
2.64,100,0,3478.65525953235,43.0307375742393,2,1.07731968207427,1.07731968207427,446.938394765739,481.495529355811
2.65,100,0,3433.1074504661,43.1539935379159,2,1.05284441966369,1.05284441966369,422.638471743407,444.972556510237
2.66,100,0,3397.25610546,43.2685146661302,2,1.03483491452555,1.03483491452555,403.505528419738,417.561609012828
2.67,100,0,3369.44564814677,43.3762335623143,2,1.02090248720943,1.02090248720943,386.998163689225,395.087387855812
2.68,100,0,3348.53384182837,43.4782878077948,2,1.01029132850823,1.01029132850823,373.663852417863,377.509349874746
2.69,100,0,3332.86925231459,43.576302390404,2,1.00435921112078,1.00435921112078,363.668107081667,365.253413138329
2.7,100,0,3321.4158372898,43.6712646579173,2,1.002,1.002,354.436076840996,355.144948994678
2.71,100,0,3313.99748495448,43.7637014921886,2,1.002,1.002,346.618054530409,347.31129063947
2.72,100,0,3309.61620018366,43.8542784593177,2,1.002,1.002,340.950050545805,341.631950646897
2.73,100,0,3307.43188199356,43.9435029387501,2,1.00184805307097,1.00184805307097,336.902865980932,337.525480357027
2.74,100,0,3306.81911310622,44.0317420976675,2,1.00165686867374,1.00165686867374,333.936234765999,334.489523252408
2.75,100,0,3307.37727601386,44.1192428425108,2,1.00149806826442,1.00149806826442,331.715001326072,332.211933042392
2.76,100,0,3308.8138057379,44.2061861995952,2,1.00136369708044,1.00136369708044,330.045647583319,330.495729869341
2.77,100,0,3310.91137726458,44.2927066162717,2,1.00124780432376,1.00124780432376,328.787613263097,329.197875868527
2.78,100,0,3313.50760460037,44.3789045363818,2,1.00114592015068,1.00114592015068,327.837709918065,328.213385756013
2.79,100,0,3316.48059920206,44.4648553432383,2,1.00105467644572,1.00105467644572,327.119556292442,327.464561583398
2.8,100,0,3319.75777342101,44.5506031431355,2,1.00091619146282,1.00091619146282,326.359191765839,326.658199271149
2.81,100,0,3323.44150472294,44.6360768999438,2,1.00070280074449,1.00070280074449,325.493701816295,325.722459032258
2.82,100,0,3327.45233477072,44.7213247437222,2,1.00051722075856,1.00051722075856,324.902969369007,325.071015929283
2.83,100,0,3331.68645475019,44.8064119876926,2,1.00035077427228,1.00035077427228,324.49975097649,324.613577140494
2.84,100,0,3336.07290181563,44.891383271146,2,1.00019752595415,1.00019752595415,324.224932429502,324.288975268638
2.85,100,0,3340.563024114,44.9762691930434,2,1.0000534059101,1.0000534059101,324.038257527616,324.055563085668
2.86,100,0,3345.12339115582,45.0610907750246,2,0.999915617944307,0.999915617944307,323.912210289336,323.884877911168
2.87,100,0,3349.7309909074,45.1458624842804,2,0.999782237889323,0.999782237889323,323.827930144542,323.757412690977
2.88,100,0,3354.36996016788,45.230594291058,2,0.999651939868985,0.999651939868985,323.772461112999,323.659768827765
2.89,100,0,3359.02935068311,45.3152930742019,2,0.999523809188345,0.999523809188345,323.736887742503,323.582727211166
2.9,100,0,3363.701598704,45.3999635839765,2,0.999397214140845,0.999397214140845,323.715066136576,323.519935272314
2.91,100,0,3368.38147422889,45.4846091030406,2,0.999271718019192,0.999271718019192,323.702757119932,323.467010234783
2.92,100,0,3373.06535833975,45.569231900991,2,0.999147018629887,0.999147018629887,323.697032546293,323.42092500797
2.93,100,0,3377.7507454749,45.6538335473954,2,0.999022906660799,0.999022906660799,323.695867840893,323.379586764498
2.94,100,0,3382.43590020336,45.7384151276358,2,0.998899236993044,0.998899236993044,323.697861890694,323.341547258894
2.95,100,0,3387.11962028385,45.8229773919006,2,0.998775908912403,0.998775908912403,323.702044211978,323.305803424621
2.96,100,0,3391.80107293445,45.9075208581319,2,0.998652852446637,0.998652852446637,323.707742041335,323.271659948639
2.97,100,0,3396.47968158803,45.9920458832235,2,0.998530018923969,0.998530018923969,323.714488630596,323.238634458271
2.98,100,0,3401.15504749844,46.0765527123039,2,0.998407374443044,0.998407374443044,323.721959910053,323.206392043352
2.99,100,0,3405.82689542685,46.1610415128784,2,0.998284895352849,0.998284895352849,323.729930704661,323.174699996088
3,100,0,3410.49503598118,46.245512398501,2,0.998162565121431,0.998162565121431,323.738244440812,323.14339649895
3.01,100,0,3415.15933948212,46.3299654451995,2,0.998040372164989,0.998040372164989,323.746792169624,323.112368944193
3.02,100,0,3419.83836950014,46.4143924820978,2,0.998026729233025,0.998026729233025,323.633171493322,322.994555616791
3.03,100,0,3424.58171875926,46.4987741059081,2,0.99806504623213,0.99806504623213,323.513023089679,322.887040346696
3.04,100,0,3429.36912653744,46.5831230924977,2,0.998102050059918,0.998102050059918,323.436343871169,322.822477881698
3.05,100,0,3434.18445962874,46.6674491212795,2,0.998138182026135,0.998138182026135,323.388206365033,322.786116389887
3.06,100,0,3439.01711851996,46.7517585455366,2,0.998173731875664,0.998173731875664,323.358833318849,322.768293388836
3.07,100,0,3443.86013099059,46.8360555382397,2,0.998208890077103,0.998208890077103,323.341810427993,322.762669702848
3.08,100,0,3448.70890604787,46.9203428410023,2,0.998243781981402,0.998243781981402,323.33292382021,322.765080713391
3.09,100,0,3453.56041795057,47.0046222545422,2,0.998278490174541,0.998278490174541,323.329401811842,322.772787069763
3.1,100,0,3458.41267104733,47.0888949603622,2,0.998313069125618,0.998313069125618,323.329419286193,322.783984906203
3.11,100,0,3463.26434832032,47.1731617320125,2,0.998347554798063,0.998347554798063,323.33177317218,322.797485134968
3.12,100,0,3468.11458029878,47.2574230740015,2,0.99838197096317,0.99838197096317,323.335669645798,322.812503143669
3.13,100,0,3472.96279295031,47.3416793132341,2,0.998416333351836,0.998416333351836,323.34058441385,322.828520714316
3.14,100,0,3477.80860745457,47.4259306592623,2,0.998450652387466,0.998450652387466,323.346170875313,322.845195257446
3.15,100,0,3482.65177409754,47.5101772440263,2,0.998484934986704,0.998484934986704,323.352199689181,322.86230008446
3.16,100,0,3487.4921286287,47.5944191480912,2,0.998519185747056,0.998519185747056,323.358518968202,322.879685064503
3.17,100,0,3492.32956342116,47.6786564179855,2,0.998553407730905,0.998553407730905,323.365028033177,322.897250683528
3.18,100,0,3497.16400839615,47.7628890776696,2,0.998587602983543,0.998587602983543,323.371660091784,322.914930923863
3.19,100,0,3501.9954183946,47.8471171361283,2,0.998621772875784,0.998621772875784,323.378370796612,322.932681954596
3.2,100,0,3506.8237648091,47.9313405924017,2,0.998655918330747,0.998655918330747,323.385130679939,322.950474653683
3.21,100,0,3511.64903003419,48.0155594389223,2,0.99869003997412,0.99869003997412,323.391920147196,322.96828965911
3.22,100,0,3516.47120378231,48.0997736637299,2,0.998724138233798,0.998724138233798,323.398726160773,322.986114090826
3.23,100,0,3521.29028063625,48.1839832519434,2,0.998758213406023,0.998758213406023,323.405540041482,323.003939377441
3.24,100,0,3526.10625842152,48.2681881867393,2,0.998792265699314,0.998792265699314,323.412356009711,323.021759814092
3.25,100,0,3530.91913712314,48.3523884500033,2,0.998826295263678,0.998826295263678,323.419170216557,323.039571604656
3.26,100,0,3535.72891816405,48.4365840227641,2,0.998860302210056,0.998860302210056,323.425980099791,323.057372225061
3.27,100,0,3540.53560392403,48.5207748854827,2,0.998894286623261,0.998894286623261,323.432783955392,323.075159999697
3.28,100,0,3545.33919741872,48.6049610182453,2,0.998928248570619,0.998928248570619,323.439580652237,323.092933819355
3.29,100,0,3550.13970208527,48.6891424008925,2,0.99896218810772,0.99896218810772,323.446369441956,323.110692953235
3.3,100,0,3554.93712163903,48.7733190131052,2,0.998996105282272,0.998996105282272,323.453149832103,323.128436923554
3.31,100,0,3559.75425496737,48.8574769710038,2,0.999029398080828,0.999029398080828,323.354474905645,323.040626431729
3.32,100,0,3564.61268820095,48.9416030528993,2,0.999061498765525,0.999061498765525,323.282477406358,322.979076402228
3.33,100,0,3569.49699990762,49.0257065244438,2,0.999092817346655,0.999092817346655,323.238570795287,322.94533437097
3.34,100,0,3574.39688365957,49.1097935747522,2,0.999123627570053,0.999123627570053,323.212656535372,322.929401874174
3.35,100,0,3579.30573447689,49.1938681639467,2,0.999154104742012,0.999154104742012,323.198279937133,322.924888044744
3.36,100,0,3584.21931484117,49.277932826446,2,0.999184361262701,0.999184361262701,323.19130945618,322.927702104629
3.37,100,0,3589.13490351332,49.3619891835359,2,0.999214469281288,0.999214469281288,323.18909720801,322.9352222442
3.38,100,0,3594.05075155838,49.446038270952,2,0.999244475161647,0.999244475161647,323.189944209217,322.945766178861
3.39,100,0,3598.96573422658,49.5300807485217,2,0.999274408731009,0.999274408731009,323.192759139308,322.958253295076
3.4,100,0,3603.85595186657,49.6141154787035,2,0.999304867106126,0.999304867106126,323.175718865995,322.95106879331
3.41,100,0,3608.68513152493,49.6981308773766,2,0.999336735741156,0.999336735741156,323.106462332511,322.892157364244
3.42,100,0,3613.47216001327,49.7821151153832,2,0.999369516779527,0.999369516779527,323.003185017544,322.799536929231
3.43,100,0,3618.23005699859,49.8660606960913,2,0.999402868852129,0.999402868852129,322.87835762467,322.685556900359
3.44,100,0,3622.96710722334,49.9499628672065,2,0.999436575105112,0.999436575105112,322.739894773461,322.558055082172
3.45,100,0,3627.68858915398,50.0338186187154,2,0.999470497650171,0.999470497650171,322.592822970944,322.422009313143
3.46,100,0,3632.39787100406,50.1176260475785,2,0.999504548721228,0.999504548721228,322.440337260569,322.280583783145
3.47,100,0,3637.09710602432,50.2013839547315,2,0.999538672398026,0.999538672398026,322.284470500548,322.135791778619
3.48,100,0,3641.78767392061,50.2850915892516,2,0.99957283301547,0.99957283301547,322.126517428271,321.988915615184
3.49,100,0,3646.47046135689,50.3687484857971,2,0.999607007805789,0.999607007805789,321.967303529486,321.840772892408
3.5,100,0,3651.14604038543,50.4523543612102,2,0.999641182222782,0.999641182222782,321.807355654092,321.691885454044
3.51,100,0,3655.81478207044,50.5359090486783,2,0.9996753469672,0.9996753469672,321.647010388701,321.542586711288
3.52,100,0,3660.47692892368,50.6194124557656,2,0.999709496092225,0.999709496092225,321.486482965365,321.393089885767
3.53,100,0,3665.13264113494,50.7028645376298,2,0.999743625795466,0.999743625795466,321.325911125127,321.243531450267
3.54,100,0,3669.78202611144,50.7862652799095,2,0.99977773364782,0.99977773364782,321.165383070482,321.09399881234
3.55,100,0,3674.42515737399,50.8696146877796,2,0.999811818100631,0.999811818100631,321.004955298578,320.944547976383
3.56,100,0,3679.06208665876,50.9529127789411,2,0.999845878170363,0.999845878170363,320.844663991523,320.79521482488
3.57,100,0,3683.69285167646,51.0361595791286,2,0.999879913236596,0.999879913236596,320.684532299872,320.646022332314
3.58,100,0,3688.31748109304,51.1193551192252,2,0.999913922912488,0.999913922912488,320.524575005352,320.496985183459
3.59,100,0,3692.93599773051,51.2024994334101,2,0.999947906961603,0.999947906961603,320.364801509273,320.348112733367
3.6,100,0,3697.54842062628,51.2855925579658,2,0.999981865244449,0.999981865244449,320.205217750006,320.199410906656
3.61,100,0,3702.15476635956,51.3686345305111,2,1.00001579768408,1.00001579768408,320.045827434728,320.0508834176
3.62,100,0,3706.75504990679,51.4516253895054,2,1.00004970424392,1.00004970424392,319.88663283155,319.902532554776
3.63,100,0,3711.34928519381,51.5345651739302,2,1.00008358491349,1.00008358491349,319.727635279513,319.754359686249
3.64,100,0,3715.93748545284,51.617453923082,2,1.00011743969916,1.00011743969916,319.568835517293,319.606365585198
3.65,100,0,3720.51966345342,51.7002916764394,2,1.0001512686182,1.0001512686182,319.410233895317,319.458550640037
3.66,100,0,3725.0958316521,51.7830784735764,2,1.00018507169489,1.00018507169489,319.251830512773,319.310914990143
3.67,100,0,3729.66600228952,51.8658143541069,2,1.00021884895806,1.00021884895806,319.093625306221,319.163458613644
3.68,100,0,3734.23018745348,51.9484993576483,2,1.00025260043944,1.00025260043944,318.93561810695,319.016181384238
3.69,100,0,3738.78839911996,52.0311335237978,2,1.00028632617262,1.00028632617262,318.777808678165,318.86908310804
3.7,100,0,3743.34064917989,52.1137168921175,2,1.00032002619234,1.00032002619234,318.620196739099,318.722163547465
3.71,100,0,3747.88694945664,52.1962495021247,2,1.00035370053411,1.00035370053411,318.462781980679,318.575422436759
3.72,100,0,3752.42731171738,52.2787313932851,2,1.00038734923383,1.00038734923383,318.30556407572,318.428859492087
3.73,100,0,3756.96174768068,52.3611626050091,2,1.00042097232767,1.00042097232767,318.14854268554,318.282474418099
3.74,100,0,3761.49026902141,52.4435431766492,2,1.00045456985193,1.00045456985193,317.99171746429,318.136266912214
3.75,100,0,3766.01288737405,52.525873147498,2,1.00048814184295,1.00048814184295,317.835088061762,317.990236667403
3.76,100,0,3770.5296143349,52.6081525567878,2,1.00052168833706,1.00052168833706,317.678654125228,317.844383374018
3.77,100,0,3775.04046146356,52.6903814436894,2,1.00055520937055,1.00055520937055,317.522415300642,317.698706720976
3.78,100,0,3779.54544028395,52.7725598473123,2,1.00058870497964,1.00058870497964,317.366371233421,317.553206396537
3.79,100,0,3784.04456228506,52.8546878067041,2,1.00062217520049,1.00062217520049,317.210521568958,317.407882088813
3.8,100,0,3788.53783892142,52.9367653608509,2,1.00065562006915,1.00065562006915,317.05486595296,317.2627334861
3.81,100,0,3793.02528161355,53.0187925486768,2,1.00068903962159,1.00068903962159,316.899404031659,317.117760277096
3.82,100,0,3797.50690174821,53.1007694090446,2,1.00072243389369,1.00072243389369,316.744135451962,316.97296215104
3.83,100,0,3801.98271067868,53.1826959807557,2,1.00075580292121,1.00075580292121,316.589059861541,316.828338797807
3.84,100,0,3806.45271972494,53.2645723025497,2,1.00078914673982,1.00078914673982,316.43417690889,316.683889907965
3.85,100,0,3810.91694017388,53.3463984131057,2,1.00082246538509,1.00082246538509,316.279486243366,316.539615172816
3.86,100,0,3815.37538327944,53.4281743510412,2,1.0008557588925,1.0008557588925,316.124987515212,316.395514284418
3.87,100,0,3819.82806026279,53.5099001549133,2,1.00088902729739,1.00088902729739,315.970680375574,316.251586935603
3.88,100,0,3824.27498231243,53.5915758632183,2,1.00092227063504,1.00092227063504,315.816564476504,316.10783281998
3.89,100,0,3828.71616058439,53.6732015143919,2,1.00095548894061,1.00095548894061,315.662639470971,315.964251631948
3.9,100,0,3833.15160620233,53.7547771468097,2,1.00098868224915,1.00098868224915,315.508905012858,315.820843066692
3.91,100,0,3837.62419672045,53.8362763080744,2,1.00101038871347,1.00101038871347,315.075629738655,315.393978598832
3.92,100,0,3842.240026821,53.9176321202808,2,1.00102456070169,1.00102456070169,314.652568565847,314.974949222285
3.93,100,0,3846.94110604298,53.9988784736624,2,1.00103758513083,1.00103758513083,314.340416595044,314.66657153732
3.94,100,0,3851.68794731968,54.0800386612794,2,1.00104995726618,1.00104995726618,314.090892604384,314.420674619314
3.95,100,0,3856.45825732068,54.1611258540297,2,1.00106195654968,1.00106195654968,313.876863621691,314.210187212807
3.96,100,0,3861.23942131803,54.2421475255562,2,1.00107374101572,1.00107374101572,313.683032157817,314.01984649538
3.97,100,0,3866.02428836649,54.3231079335777,2,1.00108540021763,1.00108540021763,313.500751775791,313.841025559995
3.98,100,0,3870.80879904053,54.4040095163164,2,1.00109698499555,1.00109698499555,313.325124986628,313.668837947467
3.99,100,0,3875.59064662712,54.4848536805071,2,1.0011085242621,1.0011085242621,313.153372518759,313.500510629955
4,100,0,3880.36851988616,54.56564124706,2,1.00112003448786,1.00112003448786,312.983914372314,313.334467150555
4.01,100,0,3885.14167392204,54.6463727035976,2,1.00113152507169,1.00113152507169,312.815850784743,313.169809762727
4.02,100,0,3889.90968656559,54.7270483478086,2,1.00114300138658,1.00114300138658,312.648668490847,313.006026352443
4.03,100,0,3894.67231983938,54.8076683689609,2,1.00115446650996,1.00115446650996,312.482074185799,312.84282427541
4.04,100,0,3899.42944105183,54.8882328943255,2,1.0011659222083,1.0011659222083,312.315899946739,312.680035990492
4.05,100,0,3904.1809777834,54.9687420156579,2,1.0011773694982,1.0011773694982,312.150049433189,312.517565380254
4.06,100,0,3908.92689216733,55.0491958043279,2,1.00118880896672,1.00118880896672,311.984467235442,312.355357167567
4.07,100,0,3913.66716617194,55.1295943199767,2,1.00120024095444,1.00120024095444,311.819121383947,312.193379463808
4.08,100,0,3918.40179316578,55.209937615478,2,1.00121166566035,1.00121166566035,311.653993353352,312.031613795009
4.09,100,0,3923.13077307607,55.2902257397857,2,1.00122308320194,1.00122308320194,311.489072341044,311.870049393011
4.1,100,0,3927.85410960555,55.3704587395702,2,1.0012344936497,1.0012344936497,311.324351987343,311.708679922869
4.11,100,0,3932.57180863025,55.4506366601613,2,1.00124589704704,1.00124589704704,311.159828492546,311.547501604022
4.12,100,0,3937.28387727567,55.5307595460914,2,1.00125729342165,1.00125729342165,310.995499534274,311.386512130002
4.13,100,0,3941.99032338338,55.610827441409,2,1.00126868279217,1.00126868279217,310.831363644066,311.225710046387
4.14,100,0,3946.69115520258,55.6908403898601,2,1.00128006517194,1.00128006517194,310.667419847857,311.065094392061
4.15,100,0,3951.38638121151,55.7707984349937,2,1.00129144057126,1.00129144057126,310.503667458363,310.904664492044
4.16,100,0,3956.07601001387,55.8507016202227,2,1.00130280899863,1.00130280899863,310.340105954976,310.74441983765
4.17,100,0,3960.76005027871,55.9305499888591,2,1.00131417046151,1.00131417046151,310.176734914218,310.58436001709
4.18,100,0,3965.43851070546,56.0103435841349,2,1.00132552496674,1.00132552496674,310.013553969385,310.424484675199
4.19,100,0,3970.1114000036,56.0900824492144,2,1.0013368725208,1.0013368725208,309.850562787112,310.264793490056
4.2,100,0,3974.77872688084,56.1697666272007,2,1.00134821312995,1.00134821312995,309.687761053734,310.10528615937
4.21,100,0,3979.44050003617,56.2493961611405,2,1.00135954680031,1.00135954680031,309.525148467339,309.945962392553
4.22,100,0,3984.09672815592,56.3289710940263,2,1.00137087353794,1.00137087353794,309.362724733136,309.786821906097
4.23,100,0,3988.74741991136,56.408491468798,2,1.00138219334882,1.00138219334882,309.200489560746,309.627864420869
4.24,100,0,3993.39258395741,56.4879573283435,2,1.00139350623892,1.00139350623892,309.038442662615,309.469089660531
4.25,100,0,3998.03222893186,56.5673687154999,2,1.00140481221415,1.00140481221415,308.876583753083,309.310497350606
4.26,100,0,4002.66718067584,56.6467257194034,2,1.00141610184169,1.00141610184169,308.715770597462,309.152943568763
4.27,100,0,4007.30014150229,56.7260290735858,2,1.00142734451008,1.00142734451008,308.558782709749,308.999202394286
4.28,100,0,4011.93011516846,56.8052796990081,2,1.00143855268326,1.00143855268326,308.404482378129,308.848138473784
4.29,100,0,4016.55618675595,56.8844781753743,2,1.00144973755953,1.00144973755953,308.251850560908,308.698734846461
4.3,100,0,4021.17781400338,56.9636248631016,2,1.00146090581114,1.00146090581114,308.100281268117,308.550386759434
4.31,100,0,4025.79467637085,57.0427199921266,2,1.00147206141982,1.00147206141982,307.949413606374,308.4027340574
4.32,100,0,4030.40658541335,57.1217637146354,2,1.0014832067658,1.0014832067658,307.799032320269,308.255561927513
4.33,100,0,4035.0134314865,57.2007561364159,2,1.0014943432747,1.0014943432747,307.649008811248,308.108742038533
4.34,100,0,4039.61515201368,57.2796973355248,2,1.00150547180241,1.00150547180241,307.499266112072,307.962197586465
4.35,100,0,4044.21171256624,57.3585873734158,2,1.00151659286432,1.00151659286432,307.34975805894,307.815882508862
4.36,100,0,4048.80309556826,57.4374263015835,2,1.00152770677206,1.00152770677206,307.200456889699,307.66976910807
4.37,100,0,4053.38929354445,57.5162141655342,2,1.00153881371519,1.00153881371519,307.051345849543,307.523840671805
4.38,100,0,4057.97030507851,57.5949510071628,2,1.00154991381001,1.00154991381001,306.902414776566,307.378087067552
4.39,100,0,4062.54613239092,57.6736368661777,2,1.00156100712879,1.00156100712879,306.753657462854,307.232502108936
4.4,100,0,4067.11677988531,57.7522717809548,2,1.00157209371736,1.00157209371736,306.605070074969,307.087081979344
4.41,100,0,4071.68225327503,57.8308557890519,2,1.00158317360557,1.00158317360557,306.456650207287,306.941824287147
4.42,100,0,4076.24255905773,57.9093889275172,2,1.00159424681368,1.00159424681368,306.308396313922,306.796727498748
4.43,100,0,4080.79770419877,57.9878712330756,2,1.0016053133561,1.0016053133561,306.160307367386,306.651790597911
4.44,100,0,4085.34769594037,58.0663027422414,2,1.00161637324375,1.00161637324375,306.012382653243,306.507012880821
4.45,100,0,4089.89254168629,58.1446834913854,2,1.00162742648541,1.00162742648541,305.864621646399,306.362393832617
4.46,100,0,4094.43224893221,58.2230135167769,2,1.00163847308856,1.00163847308856,305.717023936504,306.217933052938
4.47,100,0,4098.96682522348,58.3012928546076,2,1.00164951305988,1.00164951305988,305.569589182892,306.07363021095
4.48,100,0,4103.49627812964,58.3795215410075,2,1.00166054640557,1.00166054640557,305.422317087335,305.929485018155
4.49,100,0,4108.02061522889,58.4576996120538,2,1.00167157313154,1.00167157313154,305.275207377559,305.785497211938
4.5,100,0,4112.53984409873,58.5358271037764,2,1.00168259324351,1.00168259324351,305.128259797242,305.641666545582
4.51,100,0,4117.0539723102,58.6139040521616,2,1.00169360674708,1.00169360674708,304.981474099945,305.497992782216
4.52,100,0,4121.5630074245,58.6919304931541,2,1.00170461364778,1.00170461364778,304.834850045429,305.354475691134
4.53,100,0,4126.06695699084,58.7699064626582,2,1.00171561395107,1.00171561395107,304.688387397407,305.211115045554
4.54,100,0,4130.56582854523,58.8478319965391,2,1.00172660766239,1.00172660766239,304.542085922183,305.067910621257
4.55,100,0,4135.05962960966,58.9257071306228,2,1.00173759478717,1.00173759478717,304.395945387812,304.924862195753
4.56,100,0,4139.54836769171,59.003531900697,2,1.00174857533079,1.00174857533079,304.249965563592,304.781969547771
4.57,100,0,4144.0320502843,59.0813063425111,2,1.00175954929864,1.00175954929864,304.104146219757,304.639232456951
4.58,100,0,4148.51068486548,59.1590304917764,2,1.00177051669608,1.00177051669608,303.958487127278,304.496650703651
4.59,100,0,4152.98427889843,59.2367043841664,2,1.00178147752846,1.00178147752846,303.81298805775,304.354224068829
4.6,100,0,4157.45283983139,59.3143280553166,2,1.00179243180113,1.00179243180113,303.667648783317,304.21195233397
4.61,100,0,4161.91637509769,59.3919015408249,2,1.00180337951941,1.00180337951941,303.522469076632,304.069835281046
4.62,100,0,4166.37489211572,59.4694248762516,2,1.00181432068863,1.00181432068863,303.377448710818,303.927872692479
4.63,100,0,4170.82839828902,59.5468980971194,2,1.00182525531411,1.00182525531411,303.232587459464,303.786064351134
4.64,100,0,4175.27690100623,59.6243212389138,2,1.00183618340112,1.00183618340112,303.087885096604,303.644410040301
4.65,100,0,4179.72040764119,59.7016943370824,2,1.00184710495498,1.00184710495498,302.943341396714,303.502909543686
4.66,100,0,4184.15892555297,59.7790174270361,2,1.00185801998096,1.00185801998096,302.798956134704,303.361562645415
4.67,100,0,4188.59246208585,59.8562905441482,2,1.00186892848432,1.00186892848432,302.654729085916,303.22036913002
4.68,100,0,4193.02102456943,59.9335137237549,2,1.00187983047034,1.00187983047034,302.510660026122,303.079328782442
4.69,100,0,4197.44462031863,60.0106870011555,2,1.00189072594425,1.00189072594425,302.366748731522,302.938441388029
4.7,100,0,4201.86325663373,60.0878104116121,2,1.00190161491131,1.00190161491131,302.222994978741,302.797706732534
4.71,100,0,4206.27694080044,60.1648839903501,2,1.00191249737674,1.00191249737674,302.079398544829,302.657124602113
4.72,100,0,4210.68568008988,60.2419077725578,2,1.00192337334577,1.00192337334577,301.935959207256,302.516694783324
4.73,100,0,4215.0894817587,60.3188817933869,2,1.0019342428236,1.0019342428236,301.792676743919,302.376417063125
4.74,100,0,4219.48835304904,60.3958060879523,2,1.00194510581544,1.00194510581544,301.64955093313,302.236291228875
4.75,100,0,4223.88230118862,60.4726806913324,2,1.00195596232648,1.00195596232648,301.506581553628,302.096317068332
4.76,100,0,4228.27133339076,60.5495056385688,2,1.0019668123619,1.0019668123619,301.363768384563,301.956494369652
4.77,100,0,4232.65545685441,60.6262809646669,2,1.00197765592689,1.00197765592689,301.221111205505,301.816822921384
4.78,100,0,4237.03467876422,60.7030067045955,2,1.0019884930266,1.0019884930266,301.07860979644,301.677302512477
4.79,100,0,4241.40900629055,60.7796828932871,2,1.00199932366618,1.00199932366618,300.936263937772,301.537932932275
4.8,100,0,4245.77844658951,60.856309565638,2,1.00201014785079,1.00201014785079,300.794073410316,301.39871397051
4.81,100,0,4250.14300680301,60.9328867565081,2,1.00202096558555,1.00202096558555,300.652037995301,301.259645417315
4.82,100,0,4254.50269405881,61.0094145007214,2,1.0020317768756,1.0020317768756,300.510157474366,301.120727063205
4.83,100,0,4258.85751547052,61.0858928330657,2,1.00204258172605,1.00204258172605,300.368431629568,300.981958699097
4.84,100,0,4263.20747813767,61.1623217882929,2,1.00205338014201,1.00205338014201,300.226860243365,300.843340116287
4.85,100,0,4267.55258914573,61.238701401119,2,1.00206417212858,1.00206417212858,300.085443098629,300.704871106466
4.86,100,0,4271.89285556616,61.3150317062239,2,1.00207495769084,1.00207495769084,299.944179978641,300.566551461711
4.87,100,0,4276.22828445644,61.3913127382521,2,1.00208573683388,1.00208573683388,299.803070667083,300.428380974485
4.88,100,0,4280.55888286012,61.4675445318121,2,1.00209650956277,1.00209650956277,299.662114948051,300.290359437641
4.89,100,0,4284.88465780683,61.5437271214769,2,1.00210727588257,1.00210727588257,299.52131260604,300.152486644411
4.9,100,0,4289.20561631235,61.6198605417839,2,1.00211803579833,1.00211803579833,299.380663425951,300.014762388416
4.91,100,0,4293.52176537861,61.6959448272351,2,1.0021287893151,1.0021287893151,299.240167193086,299.877186463655
4.92,100,0,4297.83311199378,61.7719800122968,2,1.0021395364379,1.0021395364379,299.099823693152,299.739758664514
4.93,100,0,4302.13966313225,61.8479661314001,2,1.00215027717177,1.00215027717177,298.959632712255,299.602478785758
4.94,100,0,4306.44142575469,61.923903218941,2,1.00216101152172,1.00216101152172,298.819594036901,299.465346622531
4.95,100,0,4310.7384068081,61.99979130928,2,1.00217173949276,1.00217173949276,298.679707453993,299.328361970356
4.96,100,0,4315.03061322582,62.0756304367425,2,1.00218246108988,1.00218246108988,298.539972750835,299.191524625138
4.97,100,0,4319.31805192761,62.1514206356188,2,1.00219317631808,1.00219317631808,298.400389715126,299.054834383155
4.98,100,0,4323.60072981963,62.2271619401643,2,1.00220388518233,1.00220388518233,298.260958134963,298.918291041065
4.99,100,0,4327.87865379449,62.3028543845995,2,1.00221458768761,1.00221458768761,298.121677798835,298.781894395898
5,100,0,4332.15183073134,62.3784980031096,2,1.00222528383887,0.982225283838873,297.982548495626,292.685993275147
5.01,100,0,4336.40350813983,62.4524555204889,2,1.00223491784613,0.982234917846134,297.91289990282,292.62045276135
5.02,100,0,4340.62510513464,62.5263806421551,2,1.00224483590552,0.982244835905524,297.820035417383,292.532191817925
5.03,100,0,4344.82557725045,62.6002682702893,2,1.00225493614501,0.982254936145005,297.712173075205,292.429251553577
5.04,100,0,4349.01073399807,62.6741151106673,2,1.00226515256158,0.982265152561584,297.594633093194,292.316837676795
5.05,100,0,4353.18434757993,62.7479190369591,2,1.00227544235996,0.98227544235996,297.470861466868,292.198322036566
5.06,100,0,4357.34887007974,62.8216786795361,2,1.0022857777702,0.982285777770202,297.343091688427,292.075890083762
5.07,100,0,4361.50589756753,62.8953931593963,2,1.00229614075751,0.982296140757509,297.212772448154,291.950959359661
5.08,100,0,4365.65647060323,62.969061915894,2,1.00230651959971,0.98230651959971,297.080844138724,291.824450045654
5.09,100,0,4369.80126894608,63.0426845951259,2,1.00231690667145,0.982316906671452,296.947917695566,291.696959953237
5.1,100,0,4373.94073781351,63.1162609775603,2,1.00232729700848,0.982327297008484,296.814390341702,291.568877777585
5.11,100,0,4378.07516982123,63.1897909310735,2,1.00233768737662,0.98233768737662,296.680520552115,291.440456448857
5.12,100,0,4382.20475820658,63.2632743804463,2,1.00234807566745,0.982348075667445,296.546476644526,291.311860677711
5.13,100,0,4386.32963142966,63.3367112875352,2,1.00235846050576,0.982358460505759,296.41236830159,291.183197799616
5.14,100,0,4390.44987568783,63.4101016383717,2,1.00236884099433,0.982368840994327,296.278267037885,291.054537801814
5.15,100,0,4394.56554957869,63.4834454347599,2,1.00237921654777,0.982379216547774,296.14421950056,290.925926338112
5.16,100,0,4398.67669365817,63.5567426888011,2,1.00238958678438,0.982389586784384,296.010256120563,290.797393194219
5.17,100,0,4402.76836093565,63.629992738653,2,1.00240011217647,0.982400112176473,295.863752360281,290.656583507692
5.18,100,0,4406.80157625592,63.7031865939783,2,1.00241120505648,0.982411205056482,295.672313665875,290.47179397033
5.19,100,0,4410.79250334869,63.7763139182169,2,1.00242268283747,0.982422682837467,295.450382227682,290.257157153474
5.2,100,0,4414.75354626973,63.8493680494738,2,1.0024344065802,0.982434406580204,295.208931844079,290.023411773413
5.21,100,0,4418.69272681903,63.9223447302922,2,1.00244628656572,0.982446286565724,294.955039906279,289.777483659768
5.22,100,0,4422.61523917725,63.9952412543123,2,1.00245826480785,0.982458264807845,294.693273386059,289.523842021411
5.23,100,0,4426.52445175663,64.0680559164246,2,1.00247030379422,0.982470303794223,294.426581425726,289.265372898428
5.24,100,0,4430.42255309519,64.1407876583372,2,1.00248237923371,0.982482379233711,294.156869993348,289.003941499005
5.25,100,0,4434.31096854211,64.2134358399612,2,1.00249447538106,0.982494475381055,293.885371919772,288.740754306483
5.26,100,0,4438.19062929381,64.2860000918311,2,1.00250658202043,0.982506582020426,293.612885298487,288.476592371772
5.27,100,0,4442.0621462583,64.3584802197498,2,1.00251869251737,0.982518692517375,293.339927187632,288.211961723534
5.28,100,0,4445.92592252475,64.4308761431179,2,1.00253080255954,0.982530802559544,293.066832789778,287.947190424524
5.29,100,0,4449.78222619176,64.5031878550085,2,1.00254290934176,0.982542909341759,292.793819509876,287.682491258519
5.3,100,0,4453.63123757535,64.5754153962916,2,1.00255501103815,0.982555011038146,292.521028369691,287.418002258672
5.31,100,0,4457.47307984191,64.6475588388482,2,1.00256710645982,0.982567106459817,292.248550810206,287.153812936659
5.32,100,0,4461.30783890666,64.7196182746687,2,1.00257919483265,0.982579194832646,291.976446055485,286.889981275296
5.33,100,0,4465.13557637298,64.7915938087656,2,1.00259127565286,0.982591275652864,291.704752373645,286.626544748822
5.34,100,0,4468.95633795546,64.8634855545617,2,1.00260334859311,0.982603348593109,291.433494387616,286.363527477463
5.35,100,0,4472.77015896868,64.9352936308846,2,1.00261541344125,0.982615413441252,291.162687826401,286.100944877206
5.36,100,0,4476.57706790787,65.0070181600079,2,1.00262747006051,0.982627470060508,290.892342616178,285.83880668491
5.37,100,0,4480.37708878711,65.0786592663719,2,1.00263951836341,0.982639518363406,290.622464893441,285.577118928476
5.38,100,0,4484.1702426679,65.150217075748,2,1.00265155829479,0.982651558294789,290.353058317488,285.315885211337
5.39,100,0,4487.95654865953,65.221691714692,2,1.00266358982069,0.982663589820691,290.084124927,285.055107550759
5.4,100,0,4491.73602457433,65.2930833101864,2,1.00267561292105,0.982675612921052,289.815665699655,284.794786925532
5.41,100,0,4495.50868735751,65.3643919894061,2,1.00268762758496,0.982687627584956,289.54768091812,284.534923634153
5.42,100,0,4499.27455336927,65.4356178795649,2,1.00269963380749,0.982699633807492,289.280170409646,284.275517529328
5.43,100,0,4503.03363857024,65.5067611078149,2,1.00271163158771,0.982711631587706,289.013133703095,284.016568171644
5.44,100,0,4506.78595864357,65.5778218011803,2,1.00272362092725,0.982723620927245,288.746570131946,283.758074930388
5.45,100,0,4510.53152907525,65.6488000865145,2,1.00273560182947,0.982735601829471,288.480478901932,283.500037049745
5.46,100,0,4514.27036520717,65.7196960904715,2,1.00274757429887,0.982747574298872,288.214859135508,283.242453692312
5.47,100,0,4518.00248227217,65.7905099394876,2,1.00275953834068,0.98275953834068,287.9497099011,282.985323967738
5.48,100,0,4521.72789541719,65.8612417597698,2,1.00277149396061,0.982771493960614,287.685030232373,282.728646951573
5.49,100,0,4525.44661971864,65.9318916772875,2,1.00278344116471,0.98278344116471,287.420819140934,282.472421697707
5.5,100,0,4529.15867019266,66.0024598177679,2,1.00279537995921,0.982795379959213,287.157075624711,282.216647246564
5.51,100,0,4532.86406180185,66.0729463066934,2,1.0028073103505,0.982807310350502,286.893798673483,281.961322630524
5.52,100,0,4536.56280945989,66.143351269299,2,1.00281923234504,0.98281923234504,286.630987272539,281.706446877498
5.53,100,0,4540.25492803458,66.213674830572,2,1.00283114594934,0.982831145949343,286.368640405099,281.452019013299
5.54,100,0,4543.94043234995,66.2839171152513,2,1.00284305116996,0.982843051169959,286.106757053904,281.198038063201
5.55,100,0,4547.61933718762,66.3540782478271,2,1.00285494801345,0.982854948013452,285.845336202284,280.944503052984
5.56,100,0,4551.29165728788,66.4241583525415,2,1.00286683648639,0.982866836486394,285.58437683485,280.691413009607
5.57,100,0,4554.95740735033,66.4941575533886,2,1.00287871659536,0.982878716595357,285.323877937961,280.438766961673
5.58,100,0,4558.61660203439,66.5640759741147,2,1.00289058834691,0.982890588346912,285.063838500024,280.186563939718
5.59,100,0,4562.26925595973,66.6339137382191,2,1.00290245174762,0.982902451747622,284.804257511699,279.93480297641
5.6,100,0,4565.91538370651,66.7036709689545,2,1.00291430680405,0.982914306804045,284.545133966025,279.68348310668
5.61,100,0,4569.55499981566,66.7733477893273,2,1.00292615352273,0.982926153522728,284.286466858506,279.432603367798
5.62,100,0,4573.18811878906,66.8429443220988,2,1.00293799191021,0.982937991910209,284.028255187168,279.182162799435
5.63,100,0,4576.81475508972,66.9124606897849,2,1.00294982197302,0.982949821973016,283.770497952586,278.932160443688
5.64,100,0,4580.43492314194,66.9818970146576,2,1.00296164371767,0.982961643717666,283.513194157906,278.682595345102
5.65,100,0,4584.04863733145,67.0512534187448,2,1.00297345715067,0.982973457150667,283.25634280886,278.43346655068
5.66,100,0,4587.65591200556,67.1205300238315,2,1.00298526227852,0.982985262278515,282.999942913763,278.18477310989
5.67,100,0,4591.25676147327,67.18972695146,2,1.0029970591077,0.982997059107695,282.743993483516,277.936514074662
5.68,100,0,4594.85120000543,67.2588443229308,2,1.00300884764468,0.983008847644681,282.488493531607,277.688688499387
5.69,100,0,4598.43924183482,67.3278822593028,2,1.00302062789594,0.983020627895937,282.2334420741,277.441295440913
5.7,100,0,4602.02090115632,67.3968408813943,2,1.00303239986792,0.983032399867915,281.978838129633,277.194333958539
5.71,100,0,4605.59619212703,67.4657203097832,2,1.00304416356706,0.983044163567057,281.724680719416,276.947803114014
5.72,100,0,4609.16512886633,67.5345206648082,2,1.00305591899979,0.983055918999794,281.470968867216,276.701701971524
5.73,100,0,4612.72772545608,67.6032420665686,2,1.00306766617255,0.983067666172546,281.217701599357,276.456029597688
5.74,100,0,4616.28399594069,67.6718846349255,2,1.00307940509172,0.983079405091723,280.964877944706,276.21078506155
5.75,100,0,4619.83395432724,67.7404484895021,2,1.00309113576372,0.983091135763722,280.712496934672,275.965967434577
5.76,100,0,4623.37761458564,67.8089337496844,2,1.00310285819493,0.983102858194932,280.460557603193,275.721575790644
5.77,100,0,4626.91499064868,67.8773405346216,2,1.00311457239173,0.98311457239173,280.209058986733,275.477609206031
5.78,100,0,4630.44609641221,67.9456689632271,2,1.00312627836048,0.983126278360483,279.95800012427,275.234066759417
5.79,100,0,4633.97094573521,68.0139191541784,2,1.00313797610755,0.983137976107546,279.70738005729,274.990947531869
5.8,100,0,4637.48955243996,68.0820912259184,2,1.00314966563927,0.983149665639266,279.457197829784,274.748250606838
5.81,100,0,4641.00193031207,68.1501852966555,2,1.00316134696198,0.983161346961977,279.207452488231,274.505975070151
5.82,100,0,4644.50809310069,68.2182014843645,2,1.003173020082,0.983173020082004,278.958143081597,274.264120010001
5.83,100,0,4648.00805451856,68.2861399067866,2,1.00318468500566,0.983184685005662,278.709268661325,274.022684516943
5.84,100,0,4651.50182824215,68.3540006814309,2,1.00319634173925,0.983196341739253,278.460828281331,273.781667683887
5.85,100,0,4654.98942791177,68.4217839255739,2,1.00320799028907,0.983207990289072,278.212820997991,273.541068606088
5.86,100,0,4658.47086713167,68.4894897562611,2,1.0032196306614,0.983219630661403,277.965245870136,273.300886381141
5.87,100,0,4661.94615947019,68.5571182903067,2,1.00323126286252,0.983231262862517,277.718101959046,273.061120108974
5.88,100,0,4665.41531845982,68.6246696442947,2,1.00324288689868,0.983242886898679,277.47138832844,272.821768891839
5.89,100,0,4668.87835759736,68.6921439345792,2,1.00325450277614,0.98325450277614,277.225104044468,272.582831834307
5.9,100,0,4672.33529034399,68.7595412772853,2,1.00326611050114,0.983266110501144,276.979248175708,272.34430804326
5.91,100,0,4675.78613012542,68.826861788309,2,1.00327771007992,0.983277710079922,276.733819793155,272.106196627883
5.92,100,0,4679.23089033198,68.8941055833185,2,1.0032893015187,0.983289301518698,276.48881797021,271.868496699658
5.93,100,0,4682.66958431872,68.9612727777544,2,1.00330088482368,0.983300884823684,276.244241782682,271.631207372359
5.94,100,0,4686.10222540554,69.0283634868302,2,1.00331246000108,0.983312460001083,276.000090308775,271.394327762042
5.95,100,0,4689.52882687731,69.0953778255329,2,1.00332402705709,0.983324027057086,275.756362629077,271.157856987038
5.96,100,0,4692.94940198394,69.1623159086237,2,1.00333558599788,0.983335585997879,275.513057826562,270.92179416795
5.97,100,0,4696.3639639405,69.2291778506383,2,1.00334713682963,0.983347136829632,275.270174986575,270.68613842764
5.98,100,0,4699.77252592737,69.2959637658878,2,1.00335867955851,0.98335867955851,275.027713196827,270.450888891228
5.99,100,0,4703.1751010903,69.3626737684587,2,1.00337021419067,0.983370214190665,274.785671547389,270.216044686082
6,100,0,4706.57170254053,69.4293079722142,2,1.00338174073224,0.983381740732242,274.544049130684,269.98160494181
6.01,100,0,4709.96234335491,69.4958664907939,2,1.00339325918938,0.983393259189375,274.30284504148,269.747568790259
6.02,100,0,4713.34703657599,69.562349437615,2,1.00340476956819,0.983404769568188,274.062058376882,269.513935365501
6.03,100,0,4716.72579521213,69.6287569258725,2,1.0034162718748,0.983416271874796,273.821688236326,269.28070380383
6.04,100,0,4720.09863223763,69.6950890685399,2,1.0034277661153,0.983427766115304,273.581733721572,269.047873243757
6.05,100,0,4723.4655605928,69.7613459783698,2,1.00343925229581,0.983439252295808,273.342193936696,268.815442826
6.06,100,0,4726.82659318408,69.827527767894,2,1.00345073042239,0.983450730422395,273.103067988083,268.583411693477
6.07,100,0,4730.18174288415,69.8936345494245,2,1.00346220050114,0.98346220050114,272.864354984421,268.351778991303
6.08,100,0,4733.53102253202,69.959666435054,2,1.00347366253811,0.983473662538112,272.626054036694,268.120543866781
6.09,100,0,4736.87444493317,70.0256235366561,2,1.00348511653937,0.983485116539369,272.388164258172,267.889705469394
6.1,100,0,4740.21202285959,70.0915059658861,2,1.00349656251096,0.98349656251096,272.150684764411,267.659262950802
6.11,100,0,4743.54376904995,70.1573138341816,2,1.00350800045892,0.983508000458923,271.913614673236,267.429215464833
6.12,100,0,4746.86969620967,70.2230472527626,2,1.00351943038929,0.983519430389289,271.676953104744,267.199562167475
6.13,100,0,4750.189817011,70.2887063326326,2,1.00353085230808,0.983530852308079,271.440699181292,266.970302216877
6.14,100,0,4753.50414409318,70.3542911845788,2,1.00354226622131,0.983542266221305,271.20485202749,266.741434773332
6.15,100,0,4756.81269006249,70.4198019191724,2,1.00355367213497,0.98355367213497,270.969410770197,266.512958999277
6.16,100,0,4760.11546749238,70.4852386467696,2,1.00356507005507,0.983565070055066,270.734374538511,266.284874059285
6.17,100,0,4763.41248892355,70.5506014775118,2,1.00357645998758,0.983576459987579,270.499742463763,266.05717912006
6.18,100,0,4766.70376686409,70.6158905213264,2,1.00358784193848,0.983587841938483,270.265513679514,265.829873350429
6.19,100,0,4769.98931378952,70.6811058879269,2,1.00359921591375,0.983599215913745,270.031687321542,265.602955921335
6.2,100,0,4773.26914214294,70.7462476868137,3,1.29973928310412,1.27973928310412,1004.19044380258,1285.10195865192
6.21,100,0,4485.93629800075,70.9563808685775,3,1.22942138332516,1.20942138332516,843.648841522668,1020.32694895501
6.22,100,0,4269.16916911495,71.1239241977253,3,1.16921115097207,1.14921115097207,727.363634719067,835.894399830726
6.23,100,0,4100.529492185,71.2619957356146,3,1.11783166502702,1.09783166502702,644.019273631844,707.024751480736
6.24,100,0,3967.31894762264,71.3789195340783,3,1.07256460836671,1.05256460836671,577.97823859266,608.359438348767
6.25,100,0,3864.69039629456,71.4783058516271,3,1.03296416112557,1.01296416112557,520.568194580754,527.316924532144
6.26,100,0,3787.2284007065,71.564360106031,3,1.00716829561742,0.987168295617416,473.533629512023,467.457385962913
6.27,100,0,3730.11621143344,71.6409687824343,3,1.002,0.982,433.756148584695,425.94853791017
6.28,100,0,3689.79178959609,71.7108918446654,3,1.00107981572136,0.981079815721364,405.351689812439,397.682361143532
6.29,100,0,3662.07505462288,71.775738138228,3,0.999002835375329,0.979002835375329,380.313168161034,372.327669960226
6.3,100,0,3644.20713672693,71.8365634569326,3,0.998175965488298,0.978175965488298,363.030406212088,355.107618098118
6.31,100,0,3633.29210923267,71.8946257086369,3,0.998516158695842,0.978516158695842,351.046192757426,343.504372061796
6.32,100,0,3626.8834136989,71.9509073849813,3,0.998744533829752,0.978744533829752,343.466719642615,336.166174402645
6.33,100,0,3623.34795499951,72.0060468549674,3,0.99890094418356,0.97890094418356,338.561056012627,331.417737394544
6.34,100,0,3621.67712070171,72.0604378412853,3,0.999010358856663,0.979010358856663,335.28890834944,328.251314483844
6.35,100,0,3621.31479918428,72.114295181053,3,0.999086644300329,0.979086644300329,332.879924970977,325.918288694779
6.36,100,0,3621.83396915085,72.167784753807,3,0.999140541559576,0.979140541559576,331.335069867371,324.423599747617
6.37,100,0,3622.90949063514,72.221033987016,3,0.999180272572164,0.979180272572164,330.329743731309,323.452368505517
6.38,100,0,3624.33746734621,72.2741227684469,3,0.999211006125158,0.979211006125158,329.664041987754,322.810658238115
6.39,100,0,3625.98918374875,72.3271015213265,3,0.999236009881148,0.979236009881148,329.213283106259,322.377501748846
6.4,100,0,3627.78302611872,72.3800022148036,3,0.999257357365881,0.97925735736588,328.899054814532,322.076819257814
6.41,100,0,3629.66709154931,72.4328451801298,3,0.999276367732453,0.979276367732453,328.671772008573,321.860499068744
6.42,100,0,3631.60830302792,72.4856433754759,3,0.999293881740265,0.979293881740265,328.499962641811,321.698003567031
6.43,100,0,3633.58554910657,72.5384050732705,3,0.999310435968784,0.979310435968784,328.363600111143,321.569900381123
6.44,100,0,3635.58533994026,72.5911355615559,3,0.999326373226602,0.979326373226602,328.249917687605,321.463801400933
6.45,100,0,3637.59904794832,72.6438382245868,3,0.99934191271422,0.97934191271422,328.150765733825,321.3717985724
6.46,100,0,3639.62115115229,72.6965152307061,3,0.999357194697085,0.979357194697085,328.060936466979,321.288838428
6.47,100,0,3641.64811304227,72.7491679709394,3,0.999372308989535,0.979372308989535,327.977099152934,321.211688893099
6.48,100,0,3643.67766745616,72.801797338988,3,0.999387313136318,0.979387313136318,327.897121992518,321.138281293384
6.49,100,0,3645.70836158918,72.854403910147,3,0.999402244028273,0.979402244028273,327.819639654839,321.067290714489
6.5,100,0,3647.73926372472,72.9069880557277,3,0.999417125328846,0.979417125328846,327.743777169082,320.99786807936
6.51,100,0,3649.76977618266,72.9595500162849,3,0.999431972225424,0.979431972225424,327.668973486772,320.929468939229
6.52,100,0,3651.79951553133,73.0120899485097,3,0.999446794470989,0.979446794470989,327.594868650231,320.861743984614
6.53,100,0,3653.82823583009,73.0646079552762,3,0.999461598332408,0.979461598332408,327.521231588999,320.794468979959
6.54,100,0,3655.85577941748,73.1171041049049,3,0.999476387839065,0.979476387839065,327.447913886877,320.727499899355
6.55,100,0,3657.88204534291,73.1695784435193,3,0.99949116558353,0.97949116558353,327.374820161365,320.660744182554
6.56,100,0,3659.90696910542,73.2220310029762,3,0.99950593323524,0.97950593323524,327.301889075916,320.594142308962
6.57,100,0,3661.93050964297,73.2744618059582,3,0.999520691870223,0.979520691870223,327.229081161673,320.527655979539
6.58,100,0,3663.95264097333,73.3268708692451,3,0.999535442182868,0.979535442182868,327.15637100256,320.461260532935
6.59,100,0,3665.97334682072,73.3792582058171,3,0.999550184621989,0.979550184621989,327.083742217794,320.394940076292
6.6,100,0,3667.99261716008,73.4316238262069,3,0.999564919478301,0.9795649194783,327.011184238803,320.328684357387
6.61,100,0,3670.01044599345,73.4839677393703,3,0.999579646940685,0.979579646940685,326.938690237772,320.262486754366
6.62,100,0,3672.02682991846,73.5362899532458,3,0.999594367132397,0.979594367132397,326.866255795664,320.19634298309
6.63,100,0,3674.04176720626,73.5885904751162,3,0.99960908013438,0.97960908013438,326.7938780453,320.130250265503
6.64,100,0,3676.05525720736,73.6408693118404,3,0.999623786000278,0.979623786000278,326.721555119791,320.064206794348
6.65,100,0,3678.06729996854,73.6931264700037,3,0.999638484766117,0.979638484766117,326.649285797337,319.998211388438
6.66,100,0,3680.07789598572,73.7453619560143,3,0.999653176456546,0.979653176456546,326.577069272374,319.932263270551
6.67,100,0,3682.0870460445,73.797575776166,3,0.999667861088861,0.979667861088861,326.504905008045,319.866361924253
6.68,100,0,3684.09475111714,73.8497679366779,3,0.999682538675604,0.979682538675604,326.432792641056,319.800507001556
6.69,100,0,3686.10101229611,73.9019384437211,3,0.999697209226243,0.979697209226243,326.360731920279,319.734698263331
6.7,100,0,3688.10583075102,73.9540873034351,3,0.999711872748254,0.979711872748254,326.288722667123,319.668935540843
6.71,100,0,3690.10920770086,74.006214521939,3,0.999726529247823,0.979726529247823,326.216764749929,319.603218710902
6.72,100,0,3692.11114439601,74.0583201053381,3,0.999741178730298,0.979741178730298,326.14485806743,319.53754767981
6.73,100,0,3694.11164210658,74.1104040597288,3,0.999755821200484,0.979755821200484,326.073002538055,319.471922372979
6.74,100,0,3696.1107021149,74.1624663912015,3,0.999770456662831,0.979770456662831,326.00119809301,319.406342728218
6.75,100,0,3698.10832571063,74.2145071058425,3,0.999785085121559,0.979785085121559,325.9294446718,319.340808691382
6.76,100,0,3700.10451418757,74.2665262097351,3,0.999799706580735,0.979799706580735,325.857742219335,319.275320213565
6.77,100,0,3702.09926884167,74.3185237089606,3,0.999814321044328,0.979814321044328,325.786090684045,319.209877249273
6.78,100,0,3704.09259096961,74.3704996095987,3,0.999828928516239,0.979828928516239,325.714490016668,319.144479755245
6.79,100,0,3706.08448186804,74.4224539177279,3,0.999843529000325,0.979843529000325,325.642940169461,319.079127689686
6.8,100,0,3708.07494283294,74.4743866394259,3,0.999858122500412,0.979858122500412,325.571441095682,319.013821011768
6.81,100,0,3710.0639751593,74.5262977807693,3,0.999872709020307,0.979872709020307,325.499992749265,318.948559681312
6.82,100,0,3712.05158014087,74.5781873478339,3,0.999887288563799,0.979887288563799,325.4285950846,318.883343658575
6.83,100,0,3714.03775907002,74.6300553466951,3,0.999901861134666,0.979901861134666,325.357248056395,318.818172904115
6.84,100,0,3716.02251323764,74.6819017834275,3,0.999916426736679,0.979916426736679,325.285951619582,318.753047378701
6.85,100,0,3718.00584393305,74.7337266641051,3,0.9999309853736,0.9799309853736,325.214705729259,318.687967043258
6.86,100,0,3719.98775244403,74.7855299948013,3,0.999945537049185,0.979945537049185,325.143510340654,318.622931858829
6.87,100,0,3721.9682400567,74.8373117815889,3,0.999960081767185,0.979960081767185,325.072365409095,318.557941786549
6.88,100,0,3723.9473080556,74.8890720305401,3,0.999974619531346,0.979974619531346,325.001270889996,318.492996787627
6.89,100,0,3725.9249577236,74.9408107477267,3,0.999989150345408,0.979989150345408,324.930226738848,318.428096823345
6.9,100,0,3727.90119034195,74.9925279392198,3,1.00000367421311,0.980003674213108,324.859232911209,318.363241855037
6.91,100,0,3729.87600719026,75.0442236110899,3,1.00001819113818,0.98001819113818,324.7882893627,318.298431844097
6.92,100,0,3731.84940954651,75.095897769407,3,1.00003270112435,0.980032701124349,324.717396049005,318.233666751971
6.93,100,0,3733.82139868701,75.1475504202408,3,1.00004720417534,0.980047204175341,324.646552925863,318.168946540154
6.94,100,0,3735.79197588646,75.19918156966,3,1.00006170029487,0.980061700294874,324.575759949073,318.10427117019
6.95,100,0,3737.76114241792,75.2507912237331,3,1.00007618948666,0.980076189486664,324.50501707449,318.039640603671
6.96,100,0,3739.72889955281,75.302379388528,3,1.00009067175442,0.980090671754422,324.434324258022,317.975054802236
6.97,100,0,3741.69524856091,75.353946070112,3,1.00010514710186,0.980105147101856,324.363681455635,317.910513727574
6.98,100,0,3743.66019071041,75.4054912745519,3,1.00011961553267,0.980119615532668,324.293088623348,317.846017341417
6.99,100,0,3745.62372726783,75.4570150079139,3,1.00013407705056,0.980134077050557,324.222545717236,317.781565605545
7,100,0,3747.58585949809,75.5085172762639,3,1.00014853165922,0.980148531659219,324.152052693428,317.717158481785
7.01,100,0,3749.54658866451,75.559998085667,3,1.00016297936234,0.980162979362345,324.081609508106,317.652795932009
7.02,100,0,3751.50591602875,75.6114574421879,3,1.00017742016362,0.98017742016362,324.011216117508,317.588477918136
7.03,100,0,3753.4638428509,75.6628953518909,3,1.00019185406673,0.980191854066729,323.940872477924,317.52420440213
7.04,100,0,3755.42037038941,75.7143118208396,3,1.00020628107535,0.98020628107535,323.870578545699,317.459975346001
7.05,100,0,3757.37549990114,75.7657068550971,3,1.00022070119316,0.980220701193157,323.800334277232,317.395790711807
7.06,100,0,3759.32923264134,75.8170804607262,3,1.00023511442382,0.980235114423821,323.730139628974,317.331650461647
7.07,100,0,3761.28156986366,75.8684326437889,3,1.00024952077101,0.980249520771011,323.659994557432,317.26755455767
7.08,100,0,3763.23251282015,75.919763410347,3,1.00026392023839,0.980263920238387,323.589899019164,317.20350296207
7.09,100,0,3765.18206276127,75.9710727664615,3,1.00027831282961,0.980278312829609,323.519852970783,317.139495637083
7.1,100,0,3767.13022093588,76.0223607181931,3,1.00029269854833,0.980292698548333,323.449856368955,317.075532544993
7.11,100,0,3769.07698859126,76.073627271602,3,1.00030707739821,0.980307077398208,323.379909170398,317.011613648131
7.12,100,0,3771.0223669731,76.1248724327477,3,1.00032144938288,0.980321449382882,323.310011331885,316.947738908869
7.13,100,0,3772.9663573255,76.1760962076896,3,1.000335814506,0.980335814505999,323.240162810239,316.883908289627
7.14,100,0,3774.90896089099,76.2272986024861,3,1.0003501727712,0.980350172771197,323.170363562339,316.82012175287
7.15,100,0,3776.85017891052,76.2784796231956,3,1.00036452418211,0.980364524182111,323.100613545114,316.756379261104
7.16,100,0,3778.79001262346,76.3296392758757,3,1.00037886874237,0.980378868742373,323.03091271555,316.692680776887
7.17,100,0,3780.72846326761,76.3807775665837,3,1.00039320645561,0.98039320645561,322.961261030678,316.629026262814
7.18,100,0,3782.66553207921,76.4318945013763,3,1.00040753732545,0.980407537325446,322.891658447591,316.565415681532
7.19,100,0,3784.60122029292,76.4829900863097,3,1.0004218613555,0.9804218613555,322.822104923426,316.501848995726
7.2,100,0,3786.53552914184,76.5340643274398,3,1.00043617854939,0.980436178549388,322.752600415378,316.438326168131
7.21,100,0,3788.46845985753,76.5851172308218,3,1.00045048891072,0.980450488910723,322.68314488069,316.374847161522
7.22,100,0,3790.40001366996,76.6361488025107,3,1.00046479244311,0.980464792443111,322.61373827666,316.311411938722
7.23,100,0,3792.33019180758,76.6871590485608,3,1.00047908915016,0.980479089150158,322.544380560639,316.248020462597
7.24,100,0,3794.25899549725,76.7381479750261,3,1.00049337903546,0.980493379035464,322.475071690025,316.184672696056
7.25,100,0,3796.18642596432,76.7891155879599,3,1.00050766210262,0.980507662102624,322.405811622273,316.121368602054
7.26,100,0,3798.11248443256,76.8400618934154,3,1.00052193835523,0.980521938355233,322.336600314887,316.058108143588
7.27,100,0,3800.03717212422,76.890986897445,3,1.00053620779688,0.980536207796878,322.267437725423,315.994891283703
7.28,100,0,3801.96049026,76.9418906061008,3,1.00055047043114,0.980550470431145,322.198323811489,315.931717985482
7.29,100,0,3803.88244005908,76.9927730254345,3,1.00056472626161,0.980564726261614,322.129258530745,315.868588212057
7.3,100,0,3805.80302273906,77.0436341614972,3,1.00057897529186,0.980578975291865,322.060241840901,315.805501926601
7.31,100,0,3807.72223951607,77.0944740203398,3,1.00059321752547,0.980593217525469,321.991273699721,315.742459092333
7.32,100,0,3809.64009160466,77.1452926080124,3,1.000607452966,0.980607452965998,321.922354065014,315.679459672512
7.33,100,0,3811.55658021788,77.196089930565,3,1.00062168161702,0.980621681617017,321.853482894648,315.616503630444
7.34,100,0,3813.47170656724,77.2468659940468,3,1.00063590348209,0.980635903482088,321.784660146538,315.553590929477
7.35,100,0,3815.38547186275,77.297620804507,3,1.00065011856477,0.980650118564771,321.715885778649,315.490721533002
7.36,100,0,3817.29787731289,77.3483543679941,3,1.00066432686862,0.980664326868619,321.647159748999,315.427895404455
7.37,100,0,3819.20892412463,77.3990666905561,3,1.00067852839719,0.980678528397186,321.578482015656,315.365112507315
7.38,100,0,3821.11861350341,77.4497577782407,3,1.00069272315402,0.980692723154016,321.509852536739,315.3023728051
7.39,100,0,3823.02694665317,77.5004276370951,3,1.00070691114266,0.980706911142655,321.441271270416,315.239676261378
7.4,100,0,3824.93392477637,77.5510762731662,3,1.00072109236664,0.980721092366643,321.372738174907,315.177022839754
7.41,100,0,3826.83954907392,77.6017036925003,3,1.00073526682952,0.980735266829515,321.304253208483,315.11441250388
7.42,100,0,3828.74382074526,77.6523099011434,3,1.0007494345348,0.980749434534805,321.235816329464,315.051845217448
7.43,100,0,3830.64674098832,77.7028949051411,3,1.00076359548604,0.980763595486041,321.16742749622,314.989320944195
7.44,100,0,3832.54831099954,77.7534587105384,3,1.00077774968675,0.980777749686748,321.099086667173,314.9268396479
7.45,100,0,3834.44853197386,77.80400132338,3,1.00079189714045,0.980791897140449,321.030793800794,314.864401292384
7.46,100,0,3836.34740510473,77.8545227497104,3,1.00080603785066,0.98080603785066,320.962548855601,314.802005841511
7.47,100,0,3838.24493158411,77.9050229955732,3,1.0008201718209,0.980820171820897,320.894351790168,314.739653259188
7.48,100,0,3840.14111260248,77.955502067012,3,1.00083429905467,0.980834299054669,320.826202563114,314.677343509363
7.49,100,0,3842.03594934885,78.0059599700698,3,1.00084841955548,0.980848419555484,320.758101133109,314.615076556029
7.5,100,0,3843.92944301071,78.0563967107893,3,1.00086253332685,0.980862533326846,320.690047458874,314.552852363218
7.51,100,0,3845.82159477412,78.1068122952128,3,1.00087664037225,0.980876640372253,320.622041499178,314.490670895007
7.52,100,0,3847.71240582364,78.1572067293821,3,1.0008907406952,0.980890740695202,320.55408321284,314.428532115514
7.53,100,0,3849.60187734236,78.2075800193385,3,1.00090483429919,0.980904834299186,320.486172558727,314.366435988898
7.54,100,0,3851.4900105119,78.2579321711233,3,1.00091892118769,0.980918921187693,320.418309495758,314.304382479363
7.55,100,0,3853.37680651241,78.3082631907769,3,1.00093300136421,0.980933001364208,320.350493982898,314.242371551151
7.56,100,0,3855.2622665226,78.3585730843398,3,1.00094707483221,0.980947074832214,320.282725979164,314.180403168549
7.57,100,0,3857.14639171968,78.4088618578516,3,1.00096114159519,0.980961141595189,320.215005443622,314.118477295885
7.58,100,0,3859.02918327944,78.459129517352,3,1.00097520165661,0.980975201656607,320.147332335382,314.056593897526
7.59,100,0,3860.91064237618,78.50937606888,3,1.00098925501994,0.980989255019939,320.079706613612,313.994752937888
7.6,100,0,3862.79211977116,78.559600957476,3,1.0010016344437,0.981001634443697,319.962836061742,313.88406513781
7.61,100,0,3864.72919871886,78.609780827837,3,1.00100794628451,0.981007946284512,319.748767555771,313.676081786891
7.62,100,0,3866.71513451013,78.6599178761211,3,1.0010136453509,0.981013645350897,319.59501222493,313.527067978743
7.63,100,0,3868.72832977846,78.7100206995557,3,1.00101899429894,0.981018994298939,319.475598761443,313.411630600002
7.64,100,0,3870.75648737132,78.7600941963483,3,1.00102414263959,0.981024142639594,319.375772612477,313.315343507013
7.65,100,0,3872.79259795119,78.8101411616768,3,1.00102917556859,0.981029175568588,319.28713851655,313.229998268545
7.66,100,0,3874.83266274234,78.8601631934374,3,1.0010341416762,0.981034141676199,319.204913998104,313.150918822954
7.67,100,0,3876.87439881592,78.9101612071728,3,1.00103906869734,0.981039068697342,319.126372043496,313.075438826313
7.68,100,0,3878.91650204695,78.9601357291924,3,1.00104397247465,0.98104397247465,319.049956384884,313.002036629691
7.69,100,0,3880.95822711114,79.0100870635992,3,1.00104886206418,0.981048862064179,318.97477820197,312.929843182216
7.7,100,0,3882.99914793913,79.0600153875496,3,1.00105374264627,0.981053742646268,318.900329498558,312.858361785689
7.71,100,0,3885.03902098715,79.1099208056239,3,1.00105861718633,0.981058617186334,318.826319726982,312.787308353961
7.72,100,0,3887.07770713681,79.159803380882,3,1.00106348738314,0.981063487383138,318.752582589716,312.716520287848
7.73,100,0,3889.11512705306,79.2096631526141,3,1.00106835421058,0.98106835421058,318.679022834678,312.645904453853
7.74,100,0,3891.15123564922,79.2595001464937,3,1.00107321822748,0.981073218227478,318.605585860539,312.57540746545
7.75,100,0,3893.18600747152,79.3093143803889,3,1.0010780797548,0.981078079754796,318.532240341016,312.504998693757
7.76,100,0,3895.21942832794,79.3591058676903,3,1.00108293897712,0.981082938977118,318.458968285031,312.434660548699
7.77,100,0,3897.25149049055,79.4088746192185,3,1.00108779600077,0.981087796000774,318.385759346818,312.364382915603
7.78,100,0,3899.28218994385,79.4586206443184,3,1.00109265088716,0.981092650887164,318.312607566666,312.294159968386
7.79,100,0,3901.31152480582,79.5083439514863,3,1.00109750367188,0.98109750367188,318.239509502771,312.223988342933
7.8,100,0,3903.33949442104,79.5580445487309,3,1.00110235437567,0.981102354375669,318.166463159726,312.153866089387
7.81,100,0,3905.36609883965,79.6077224437802,3,1.00110720301074,0.981107203010744,318.093467373543,312.083792070846
7.82,100,0,3907.39133851774,79.6573776442005,3,1.00111204958441,0.981112049584405,318.020521458465,312.013765618016
7.83,100,0,3909.41521414497,79.7070101574652,3,1.00111689410112,0.981116894101119,317.947625004006,311.943786330757
7.84,100,0,3911.4377265453,79.7566199909943,3,1.00112173656372,0.981121736563722,317.874777758213,311.873853963945
7.85,100,0,3913.45887661978,79.8062071521764,3,1.00112657697411,0.981126576974109,317.801979560524,311.803968361813
7.86,100,0,3915.47866531366,79.8557716483829,3,1.00113141533363,0.981131415333634,317.729230303084,311.734129420131
7.87,100,0,3917.49709359731,79.9053134869746,3,1.00113625164333,0.981136251643334,317.656529908464,311.664337064419
7.88,100,0,3919.51416245527,79.9548326753067,3,1.00114108590407,0.981141085904066,317.583878316822,311.594591237392
7.89,100,0,3921.5298728799,80.004329220731,3,1.00114591811658,0.981145918116582,317.511275478483,311.524891891703
7.9,100,0,3923.54422586775,80.0538031305973,3,1.00115074828157,0.981150748281574,317.438721349666,311.455238985771
7.91,100,0,3925.55722241739,80.1032544122544,3,1.0011555763997,0.981155576399698,317.366215890016,311.385632481359
7.92,100,0,3927.56886352822,80.1526830730508,3,1.00116040247159,0.981160402471589,317.293759061166,311.316072342178
7.93,100,0,3929.57915019977,80.2020891203345,3,1.00116522649787,0.981165226497872,317.221350825923,311.246558533077
7.94,100,0,3931.58808343124,80.2514725614533,3,1.00117004847916,0.981170048479163,317.148991147778,311.177091019582
7.95,100,0,3933.59566422132,80.3008334037553,3,1.00117486841607,0.981174868416074,317.076679990637,311.107669767619
7.96,100,0,3935.60189356801,80.3501716545884,3,1.00117968630922,0.981179686309216,317.004417318657,311.038294743356
7.97,100,0,3937.60677246858,80.3994873213006,3,1.0011845021592,0.981184502159198,316.932203096158,310.968965913122
7.98,100,0,3939.61030191948,80.44878041124,3,1.00118931596663,0.981189315966627,316.86003728756,310.899683243341
7.99,100,0,3941.61248291635,80.4980509317549,3,1.00119412773211,0.98119412773211,316.787919857359,310.830446700511
8,100,0,3943.61331645397,80.5472988901935,3,1.00119893745626,0.981198937456255,316.715850770107,310.761256251183
8.01,100,0,3945.61280352629,80.5965242939044,3,1.00120374513967,0.981203745139668,316.643829990399,310.692111861948
8.02,100,0,3947.61094512642,80.6457271502359,3,1.00120855078296,0.981208550782956,316.57185748287,310.623013499435
8.03,100,0,3949.60774224659,80.6949074665368,3,1.00121335438672,0.981213354386724,316.49993321219,310.553961130307
8.04,100,0,3951.60319587819,80.7440652501558,3,1.00121815595158,0.981218155951578,316.428057143063,310.484954721256
8.05,100,0,3953.59730701175,80.7932005084417,3,1.00122295547813,0.981222955478125,316.35622924022,310.415994239004
8.06,100,0,3955.59007663695,80.8423132487434,3,1.00122775296697,0.98122775296697,316.284449468431,310.347079650303
8.07,100,0,3957.58150574262,80.8914034784099,3,1.00123254841872,0.981232548418719,316.212717792488,310.278210921932
8.08,100,0,3959.57159531672,80.9404712047903,3,1.00123734183398,0.981237341833976,316.141034177219,310.209388020698
8.09,100,0,3961.56034634638,80.989516435234,3,1.00124213321335,0.981242133213348,316.06939858748,310.140610913439
8.1,100,0,3963.54775981786,81.0385391770901,3,1.00124692255744,0.981246922557439,315.997810988156,310.071879567016
8.11,100,0,3965.53383671658,81.087539437708,3,1.00125170986686,0.981251709866855,315.926271344164,310.003193948321
8.12,100,0,3967.51857802711,81.1365172244373,3,1.0012564951422,0.981256495142201,315.854779620449,309.934554024274
8.13,100,0,3969.50198473317,81.1854725446276,3,1.00126127838408,0.981261278384081,315.783335781987,309.865959761822
8.14,100,0,3971.48405781762,81.2344054056283,3,1.0012660595931,0.981266059593099,315.711939793783,309.797411127939
8.15,100,0,3973.46479826251,81.2833158147894,3,1.00127083876986,0.981270838769862,315.640591620871,309.728908089628
8.16,100,0,3975.44420704899,81.3322037794606,3,1.00127561591497,0.981275615914972,315.569291228316,309.660450613917
8.17,100,0,3977.42228515742,81.3810693069918,3,1.00128039102903,0.981280391029034,315.498038581214,309.592038667867
8.18,100,0,3979.39903356728,81.429912404733,3,1.00128516411265,0.981285164112653,315.426833644686,309.52367221856
8.19,100,0,3981.37445325722,81.4787330800343,3,1.00128993516643,0.981289935166432,315.355676383886,309.45535123311
8.2,100,0,3983.34854520504,81.5275313402457,3,1.00129470419098,0.981294704190975,315.284566763996,309.387075678655
8.21,100,0,3985.32131038772,81.5763071927175,3,1.00129947118689,0.981299471186887,315.213504750229,309.318845522365
8.22,100,0,3987.29274978138,81.6250606448,3,1.00130423615477,0.98130423615477,315.142490307827,309.250660731434
8.23,100,0,3989.2628643613,81.6737917038434,3,1.00130899909523,0.981308999095229,315.071523402059,309.182521273083
8.24,100,0,3991.23165510193,81.7225003771983,3,1.00131376000887,0.981313760008866,315.000603998227,309.114427114564
8.25,100,0,3993.19912297689,81.771186672215,3,1.00131851889629,0.981318518896285,314.929732061659,309.046378223151
8.26,100,0,3995.16526895895,81.8198505962442,3,1.00132327575809,0.98132327575809,314.858907557715,308.978374566151
8.27,100,0,3997.13009402005,81.8684921566364,3,1.00132803059488,0.981328030594882,314.788130451784,308.910416110894
8.28,100,0,3999.09359913129,81.9171113607423,3,1.00133278340727,0.981332783407266,314.717400709281,308.842502824739
8.29,100,0,4001.05609592257,81.9657082280254,3,1.00133753060484,0.981337530604842,314.647053824222,308.774962811951
8.3,100,0,4003.01873114804,82.0142829591855,3,1.00134225903708,0.98134225903708,314.578318017048,308.708997246935
8.31,100,0,4004.9811023352,82.0628358228134,3,1.00134697354032,0.981346973540318,314.510740725362,308.644163556758
8.32,100,0,4006.94280191967,82.111366987665,3,1.00135167894585,0.981351678945853,314.443870451847,308.580020202153
8.33,100,0,4008.9035875247,82.1598765568085,3,1.00135637813025,0.981356378130249,314.377438587734,308.516304498324
8.34,100,0,4010.86331507342,82.2083645942238,3,1.00136107280729,0.981361072807288,314.311285231898,308.452860070612
8.35,100,0,4012.82189901905,82.2568311406179,3,1.00136576399868,0.981365763998676,314.245315136641,308.389593772074
8.36,100,0,4014.77928868477,82.3052762228332,3,1.00137045231396,0.98137045231396,314.179471528996,308.326450082171
8.37,100,0,4016.73545417967,82.3536998594482,3,1.00137513811709,0.981375138117093,314.113720545128,308.263395884449
8.38,100,0,4018.69037801007,82.4021020641123,3,1.0013798216256,0.981379821625604,314.048041969825,308.200411410217
8.39,100,0,4020.64405008045,82.4504828475344,3,1.00138450296967,0.981384502969671,313.982423723939,308.13748484753
8.4,100,0,4022.59646471244,82.4988422186677,3,1.00138918222734,0.981389182227336,313.916858581029,308.074609130211
8.41,100,0,4024.54761886643,82.5471801854167,3,1.0013938594455,0.981393859445504,313.851342210653,308.011780024265
8.42,100,0,4026.4975110799,82.5954967550594,3,1.00139853465247,0.981398534652475,313.785872011612,307.948994986845
8.43,100,0,4028.44614083327,82.6437919344997,3,1.00140320786542,0.981403207865423,313.720446415836,307.886252485474
8.44,100,0,4030.39350817101,82.6920657304175,3,1.00140787909487,0.981407879094868,313.655064472849,307.823551591663
8.45,100,0,4032.33961347502,82.7403181493592,3,1.00141254834735,0.98141254834735,313.58972560157,307.760891738183
8.46,100,0,4034.28445732905,82.7885491977914,3,1.00141721562702,0.981417215627019,313.524429441986,307.698272574003
8.47,100,0,4036.22804043757,82.8367588821331,3,1.0014218809366,0.981421880936598,313.459175766465,307.635693877559
8.48,100,0,4038.17036357714,82.8849472087753,3,1.00142654427795,0.981426544277954,313.393964426689,307.573155504853
8.49,100,0,4040.11142756733,82.9331141840923,3,1.00143120565244,0.981431205652437,313.328795321897,307.510657358395
8.5,100,0,4042.05123325321,82.9812598144488,3,1.00143586506109,0.981435865061092,313.26366837986,307.448199368599
8.51,100,0,4043.9897814949,83.0293841062039,3,1.00144052250478,0.981440522504776,313.198583545473,307.385781482625
8.52,100,0,4045.92707316125,83.0774870657139,3,1.00144517798423,0.981445177984234,313.133540773934,307.323403657707
8.53,100,0,4047.86310912612,83.1255686993332,3,1.00144983150015,0.981449831500147,313.068540026626,307.261065857129
8.54,100,0,4049.79789026605,83.173629013416,3,1.00145448305315,0.981454483053152,313.003581268671,307.198768047829
8.55,100,0,4051.73141745894,83.2216680143163,3,1.00145913264387,0.981459132643866,312.938664467441,307.136510198945
8.56,100,0,4053.66369158319,83.2696857083882,3,1.00146378027289,0.981463780272887,312.873789591676,307.074292280951
8.57,100,0,4055.59471351727,83.3176821019865,3,1.00146842594081,0.981468425940807,312.808956610947,307.012114265132
8.58,100,0,4057.52448413933,83.3656572014665,3,1.00147306964821,0.98147306964821,312.744165495334,306.949976123273
8.59,100,0,4059.45300432712,83.413611013184,3,1.00147771139568,0.981477711395681,312.679416215233,306.887877827465
8.6,100,0,4061.38027495781,83.4615435434957,3,1.0014823511838,0.981482351183797,312.614708741243,306.825819349993
8.61,100,0,4063.30629690797,83.5094547987587,3,1.00148698901314,0.98148698901314,312.550043044092,306.763800663273
8.62,100,0,4065.2310710535,83.5573447853312,3,1.00149162488429,0.981491624884286,312.485419094593,306.701821739799
8.63,100,0,4067.15459826964,83.6052135095719,3,1.00149625879781,0.981496258797814,312.420836863626,306.639882552131
8.64,100,0,4069.0768794309,83.6530609778401,3,1.0015008907543,0.9815008907543,312.356296322115,306.57798307287
8.65,100,0,4070.99791541113,83.7008871964962,3,1.00150552075432,0.981505520754322,312.291797441023,306.516123274654
8.66,100,0,4072.91770708346,83.7486921719009,3,1.00151014879846,0.981510148798457,312.227340191342,306.454303130151
8.67,100,0,4074.83625532031,83.7964759104161,3,1.00151477488728,0.981514774887281,312.162924544096,306.392522612054
8.68,100,0,4076.75356099339,83.844238418404,3,1.00151939902137,0.98151939902137,312.098550470333,306.330781693082
8.69,100,0,4078.66962497371,83.8919797022277,3,1.0015240212013,0.981524021201302,312.034217941127,306.269080345978
8.7,100,0,4080.58444813156,83.9396997682512,3,1.00152864142765,0.981528641427652,311.969926927576,306.207418543508
8.71,100,0,4082.49803133653,83.9873986228388,3,1.001533259701,0.981533259700996,311.905677400803,306.145796258457
8.72,100,0,4084.4103754575,84.035076272356,3,1.00153787602191,0.981537876021912,311.841469331951,306.084213463636
8.73,100,0,4086.32148136263,84.0827327231686,3,1.00154249039097,0.981542490390974,311.777302692193,306.022670131875
8.74,100,0,4088.2313499194,84.1303679816435,3,1.00154710280876,0.981547102808758,311.713177452716,305.961166236026
8.75,100,0,4090.13998199457,84.1779820541479,3,1.00155171327584,0.981551713275841,311.649093584741,305.899701748965
8.76,100,0,4092.04737845418,84.2255749470501,3,1.0015563217928,0.981556321792797,311.585051059502,305.838276643585
8.77,100,0,4093.95354016359,84.2731466667189,3,1.0015609283602,0.981560928360204,311.521049848262,305.776890892805
8.78,100,0,4095.85846798744,84.3206972195239,3,1.00156553297863,0.981565532978635,311.457089922305,305.715544469562
8.79,100,0,4097.76216278968,84.3682266118352,3,1.00157013564867,0.981570135648666,311.393171252939,305.654237346815
8.8,100,0,4099.66462543354,84.415734850024,3,1.00157473637087,0.981574736370873,311.329293811493,305.592969497547
8.81,100,0,4101.56585678156,84.4632219404617,3,1.00157933514583,0.981579335145831,311.265457569321,305.531740894757
8.82,100,0,4103.46585769559,84.5106878895208,3,1.00158393197411,0.981583931974115,311.201662497801,305.470551511473
8.83,100,0,4105.36462903675,84.5581327035744,3,1.0015885268563,0.981588526856299,311.13790856833,305.409401320738
8.84,100,0,4107.26217166548,84.6055563889962,3,1.00159311979296,0.981593119792959,311.07419575233,305.348290295616
8.85,100,0,4109.15848644154,84.6529589521606,3,1.00159771078467,0.98159771078467,311.010524021246,305.287218409195
8.86,100,0,4111.05357422395,84.7003403994428,3,1.00160229983201,0.981602299832006,310.946893346543,305.226185634585
8.87,100,0,4112.94743587106,84.7477007372187,3,1.00160688693554,0.981606886935542,310.883303699715,305.165191944914
8.88,100,0,4114.84007224052,84.7950399718647,3,1.00161147209585,0.981611472095852,310.819755052272,305.104237313333
8.89,100,0,4116.73148418928,84.842358109758,3,1.00161605531351,0.981616055313511,310.756247375751,305.043321713015
8.9,100,0,4118.6216725736,84.8896551572766,3,1.00162063658909,0.981620636589092,310.692780641711,304.982445117151
8.91,100,0,4120.51063824904,84.9369311207989,3,1.00162521592317,0.981625215923172,310.629354821731,304.921607498957
8.92,100,0,4122.39838207048,84.9841860067043,3,1.00162979331632,0.981629793316322,310.565969887416,304.860808831668
8.93,100,0,4124.2849048921,85.0314198213726,3,1.00163436876912,0.981634368769117,310.502625810393,304.800049088539
8.94,100,0,4126.17020756736,85.0786325711845,3,1.00163894228213,0.981638942282132,310.439322562309,304.739328242847
8.95,100,0,4128.05429094908,85.1258242625212,3,1.00164351385594,0.98164351385594,310.376060114835,304.678646267889
8.96,100,0,4129.93715588935,85.1729949017646,3,1.00164808349111,0.981648083491115,310.312838439668,304.618003136988
8.97,100,0,4131.81880323959,85.2201444952974,3,1.00165265118823,0.98165265118823,310.249657508522,304.557398823481
8.98,100,0,4133.69923385053,85.2672730495028,3,1.00165721694786,0.981657216947859,310.186517293136,304.496833300729
8.99,100,0,4135.5784485722,85.3143805707648,3,1.00166178077058,0.981661780770576,310.123417765273,304.436306542115
9,100,0,4137.45644825395,85.3614670654679,3,1.00166634265695,0.981666342656953,310.060358896716,304.375818521042
9.01,100,0,4139.33323374444,85.4085325399975,3,1.00167090260756,0.981670902607565,309.997340659273,304.315369210933
9.02,100,0,4141.20880589165,85.4555770007393,3,1.00167546062298,0.981675460622984,309.93436302477,304.254958585232
9.03,100,0,4143.08316554287,85.5026004540801,3,1.00168001670378,0.981680016703783,309.871425965061,304.194586617406
9.04,100,0,4144.95631354471,85.5496029064069,3,1.00168457085054,0.981684570850536,309.808529452016,304.134253280938
9.05,100,0,4146.82825074309,85.5965843641077,3,1.00168912306381,0.981689123063815,309.745673457535,304.073958549338
9.06,100,0,4148.69897798325,85.6435448335711,3,1.00169367334419,0.981693673344193,309.682857953534,304.013702396133
9.07,100,0,4150.56849610974,85.6904843211861,3,1.00169822169224,0.981698221692243,309.620082911953,303.953484794869
9.08,100,0,4152.43680596645,85.7374028333426,3,1.00170276810854,0.981702768108538,309.557348304757,303.893305719119
9.09,100,0,4154.30390839656,85.784300376431,3,1.00170731259365,0.981707312593649,309.49465410393,303.83316514247
9.1,100,0,4156.16980424259,85.8311769568424,3,1.00171185514815,0.981711855148151,309.432000281478,303.773063038533
9.11,100,0,4158.03449434638,85.8780325809686,3,1.00171639577261,0.981716395772614,309.369386809433,303.71299938094
9.12,100,0,4159.89797954907,85.9248672552019,3,1.00172093446761,0.981720934467611,309.306813659845,303.652974143342
9.13,100,0,4161.76026069115,85.9716809859354,3,1.00172547123371,0.981725471233714,309.244280804788,303.592987299411
9.14,100,0,4163.62133861242,86.0184737795626,3,1.0017300060715,0.981730006071496,309.181788216358,303.533038822842
9.15,100,0,4165.481214152,86.0652456424778,3,1.00173453898153,0.981734538981529,309.119335866675,303.473128687346
9.16,100,0,4167.33988814834,86.111996581076,3,1.00173906996438,0.981739069964384,309.056923727877,303.41325686666
9.17,100,0,4169.1973614392,86.1587266017526,3,1.00174359902063,0.981743599020633,308.994551772127,303.353423334535
9.18,100,0,4171.05363486169,86.2054357109038,3,1.00174812615085,0.981748126150848,308.93221997161,303.293628064749
9.19,100,0,4172.90870925222,86.2521239149263,3,1.0017526513556,0.981752651355601,308.86992829853,303.233871031096
9.2,100,0,4174.76258544656,86.2987912202175,3,1.00175717463546,0.981757174635463,308.80767672512,303.174152207395
9.21,100,0,4176.61526427978,86.3454376331755,3,1.00176169599101,0.981761695991005,308.745465223627,303.11447156748
9.22,100,0,4178.46674658627,86.3920631601987,3,1.0017662154228,0.9817662154228,308.683293766322,303.054829085206
9.23,100,0,4180.31703319978,86.4386678076865,3,1.00177073293142,0.981770732931418,308.621162325503,302.995224734455
9.24,100,0,4182.16612495338,86.4852515820387,3,1.00177524851743,0.981775248517432,308.559070873484,302.935658489123
9.25,100,0,4184.01402267945,86.5318144896557,3,1.00177976218141,0.98177976218141,308.497019382603,302.876130323126
9.26,100,0,4185.86072720972,86.5783565369385,3,1.00178427392393,0.981784273923926,308.435007825222,302.816640210406
9.27,100,0,4187.70623937526,86.6248777302889,3,1.00178878374555,0.98178878374555,308.373036173721,302.75718812492
9.28,100,0,4189.55056000644,86.6713780761091,3,1.00179329164685,0.981793291646852,308.311104400503,302.697774040646
9.29,100,0,4191.393689933,86.7178575808018,3,1.0017977976284,0.981797797628404,308.249212477995,302.638397931585
9.3,100,0,4193.23562998398,86.7643162507707,3,1.00180230169078,0.981802301690777,308.187360378644,302.579059771757
9.31,100,0,4195.07638098779,86.8107540924197,3,1.00180680383454,0.98180680383454,308.125548074919,302.519759535202
9.32,100,0,4196.91594377215,86.8571711121534,3,1.00181130406026,0.981811304060265,308.06377553931,302.460497195979
9.33,100,0,4198.75431916411,86.9035673163772,3,1.00181580236852,0.981815802368521,308.00204274433,302.401272728168
9.34,100,0,4200.59150799009,86.9499427114967,3,1.00182029875988,0.981820298759881,307.940349662514,302.342086105872
9.35,100,0,4202.42751107581,86.9962973039185,3,1.00182479323491,0.981824793234912,307.878696266416,302.282937303209
9.36,100,0,4204.26232924636,87.0426311000495,3,1.00182928579419,0.981829285794187,307.817082528616,302.223826294322
9.37,100,0,4206.09596332613,87.0889441062972,3,1.00183377643827,0.981833776438275,307.755508421711,302.164753053369
9.38,100,0,4207.9284141389,87.1352363290699,3,1.00183826516775,0.981838265167746,307.693973918322,302.105717554534
9.39,100,0,4209.75968250774,87.1815077747763,3,1.00184275198317,0.98184275198317,307.632478991091,302.046719772018
9.4,100,0,4211.5897692551,87.2277584498256,3,1.00184723688512,0.981847236885117,307.571023612684,301.987759680041
9.41,100,0,4213.41867520274,87.2739883606278,3,1.00185171987416,0.981851719874156,307.509607755784,301.928837252844
9.42,100,0,4215.24640117179,87.3201975135933,3,1.00185620095086,0.981856200950858,307.448231393099,301.869952464689
9.43,100,0,4217.0729479827,87.3663859151331,3,1.00186068011579,0.981860680115793,307.386894497358,301.811105289857
9.44,100,0,4218.89831645528,87.4125535716589,3,1.00186515736953,0.981865157369529,307.325597041311,301.752295702651
9.45,100,0,4220.72250740867,87.4587004895827,3,1.00186963271264,0.981869632712637,307.264338997727,301.693523677389
9.46,100,0,4222.54552166137,87.5048266753173,3,1.00187410614568,0.981874106145685,307.203120339402,301.634789188415
9.47,100,0,4224.36736003121,87.550932135276,3,1.00187857766924,0.981878577669243,307.141941039148,301.576092210089
9.48,100,0,4226.18802333539,87.5970168758726,3,1.00188304728388,0.98188304728388,307.080801069802,301.517432716793
9.49,100,0,4228.00751239042,87.6430809035215,3,1.00188751499017,0.981887514990166,307.019700404221,301.458810682926
9.5,100,0,4229.82582801218,87.6891242246376,3,1.00189198078867,0.981891980788669,306.958639015282,301.40022608291
9.51,100,0,4231.64297101592,87.7351468456365,3,1.00189644467996,0.981896444679959,306.897616875887,301.341678891185
9.52,100,0,4233.45894221619,87.7811487729342,3,1.0019009066646,0.981900906664604,306.836633958955,301.283169082213
9.53,100,0,4235.27374242692,87.8271300129473,3,1.00190536674317,0.981905366743174,306.775690237428,301.224696630472
9.54,100,0,4237.08737246139,87.873090572093,3,1.00190982491624,0.981909824916236,306.71478568427,301.166261510463
9.55,100,0,4238.89983313223,87.9190304567888,3,1.00191428118436,0.981914281184361,306.653920272468,301.107863696706
9.56,100,0,4240.71112525141,87.9649496734532,3,1.00191873554812,0.981918735548116,306.593093975025,301.049503163741
9.57,100,0,4242.52124963026,88.0108482285047,3,1.00192318800807,0.981923188008069,306.532306764971,300.991179886128
9.58,100,0,4244.33020707947,88.0567261283629,3,1.00192763856479,0.981927638564791,306.471558615351,300.932893838443
9.59,100,0,4246.13799840907,88.1025833794474,3,1.00193208721885,0.981932087218848,306.410849499237,300.874644995286
9.6,100,0,4247.94462442846,88.1484199881786,3,1.00193653397081,0.981936533970809,306.35017938972,300.816433331277
9.61,100,0,4249.75008594637,88.1942359609775,3,1.00194097882124,0.981940978821242,306.289548259909,300.758258821051
9.62,100,0,4251.55438377091,88.2400313042655,3,1.00194542177072,0.981945421770716,306.22895608294,300.700121439268
9.63,100,0,4253.35751870954,88.2858060244645,3,1.0019498628198,0.981949862819799,306.168402831966,300.642021160606
9.64,100,0,4255.15949156907,88.3315601279971,3,1.00195430196906,0.981954301969058,306.10788848016,300.583957959758
9.65,100,0,4256.96030315568,88.3772936212863,3,1.00195873921906,0.981958739219062,306.047413000722,300.525931811445
9.66,100,0,4258.75995427488,88.4230065107554,3,1.00196317457038,0.981963174570378,305.986976366867,300.4679426904
9.67,100,0,4260.55844573158,88.4686988028287,3,1.00196760802357,0.981967608023575,305.926578551832,300.409990571379
9.68,100,0,4262.35577833002,88.5143705039307,3,1.00197203957922,0.981972039579219,305.866219528877,300.352075429157
9.69,100,0,4264.15195287381,88.5600216204864,3,1.00197646923788,0.981976469237879,305.805899271282,300.294197238528
9.7,100,0,4265.94697016593,88.6056521589214,3,1.00198089700012,0.981980897000122,305.745617752349,300.236355974308
9.71,100,0,4267.74083100869,88.6512621256618,3,1.00198532286651,0.981985322866515,305.685374945398,300.178551611328
9.72,100,0,4269.53353620379,88.6968515271343,3,1.00198974683763,0.981989746837626,305.625170823773,300.120784124443
9.73,100,0,4271.3250865523,88.7424203697659,3,1.00199416891402,0.981994168914023,305.565005360836,300.063053488523
9.74,100,0,4273.11548285462,88.7879686599842,3,1.00199858909627,0.981998589096272,305.504878529973,300.005359678461
9.75,100,0,4274.90472591055,88.8334964042173,3,1.00200300738494,0.982003007384941,305.444790304588,299.947702669168
9.76,100,0,4276.69281651923,88.8790036088938,3,1.0020074237806,0.982007423780597,305.384740658108,299.890082435575
9.77,100,0,4278.47975547918,88.9244902804429,3,1.00201183828381,0.982011838283807,305.32472956398,299.83249895263
9.78,100,0,4280.26554358827,88.9699564252941,3,1.00201625089514,0.982016250895137,305.264756995671,299.774952195304
9.79,100,0,4282.05018164376,89.0154020498776,3,1.00202066161516,0.982020661615156,305.204822926669,299.717442138584
9.8,100,0,4283.83367044225,89.0608271606238,3,1.00202507044443,0.982025070444428,305.144927330484,299.659968757479
9.81,100,0,4285.61601077973,89.1062317639638,3,1.00202947738352,0.982029477383523,305.085070180645,299.602532027014
9.82,100,0,4287.39720345156,89.1516158663293,3,1.002033882433,0.982033882433005,305.025251450703,299.545131922238
9.83,100,0,4289.17724925244,89.1969794741522,3,1.00203828559344,0.982038285593442,304.965471114228,299.487768418213
9.84,100,0,4290.95614897647,89.2423225938651,3,1.0020426868654,0.9820426868654,304.905729144814,299.430441490027
9.85,100,0,4292.73390341711,89.2876452319009,3,1.00204708624945,0.982047086249445,304.84602551607,299.373151112781
9.86,100,0,4294.5105133672,89.3329473946931,3,1.00205148374614,0.982051483746145,304.786360201631,299.315897261599
9.87,100,0,4296.28597961893,89.3782290886756,3,1.00205587935606,0.982055879356064,304.726733175151,299.258679911624
9.88,100,0,4298.06030296388,89.4234903202829,3,1.00206027307977,0.982060273079771,304.667144410304,299.201499038017
9.89,100,0,4299.83348419301,89.4687310959498,3,1.00206466491783,0.98206466491783,304.607593880783,299.144354615958
9.9,100,0,4301.60552409663,89.5139514221118,3,1.00206905487081,0.982069054870808,304.548081560304,299.087246620645
9.91,100,0,4303.37642346444,89.5591513052045,3,1.00207344293927,0.982073442939271,304.488607422603,299.0301750273
9.92,100,0,4305.14618308553,89.6043307516643,3,1.00207782912378,0.982077829123784,304.429171441436,298.973139811158
9.93,100,0,4306.91480374832,89.649489767928,3,1.00208221342491,0.982082213424914,304.369773590579,298.916140947476
9.94,100,0,4308.68228624065,89.6946283604327,3,1.00208659584323,0.982086595843227,304.310413843829,298.85917841153
9.95,100,0,4310.44863134972,89.7397465356161,3,1.00209097637929,0.982090976379288,304.251092175005,298.802252178615
9.96,100,0,4312.21383986211,89.7848442999163,3,1.00209535503366,0.982095355033664,304.191808557943,298.745362224045
9.97,100,0,4313.97791256378,89.8299216597718,3,1.00209973180692,0.982099731806918,304.132562966502,298.688508523152
9.98,100,0,4315.74085024006,89.8749786216218,3,1.00210410669962,0.982104106699619,304.07335537456,298.631691051288
9.99,100,0,4317.50265367567,89.9200151919055,3,1.00210847971233,0.982108479712329,304.014185756017,298.574909783823
10,100,0,4319.2633236547,89.9650313770631,3,1.00211285084562,0.982112850845616,303.955054084791,298.518164696147
10.01,100,0,4321.02286096064,90.0100271835347,3,1.00211722010004,0.982117220100044,303.895960334821,298.461455763668
10.02,100,0,4322.78126637633,90.0550026177613,3,1.00212158747618,0.982121587476179,303.836904480069,298.404782961813
10.03,100,0,4324.53854068403,90.099957686184,3,1.00212595297459,0.982125952974585,303.777886494513,298.348146266029
10.04,100,0,4326.29468466534,90.1448923952445,3,1.00213031659583,0.982130316595829,303.718906352154,298.29154565178
10.05,100,0,4328.04969910129,90.1898067513849,3,1.00213467834047,0.982134678340475,303.659964027013,298.23498109455
10.06,100,0,4329.80358477224,90.2347007610478,3,1.00213903820909,0.982139038209088,303.601059493129,298.178452569842
10.07,100,0,4331.556342458,90.2795744306761,3,1.00214339620223,0.982143396202233,303.542192724565,298.121960053177
10.08,100,0,4333.3079729377,90.3244277667132,3,1.00214775232047,0.982147752320475,303.483363695401,298.065503520095
10.09,100,0,4335.0584769899,90.369260775603,3,1.00215210656438,0.982152106564379,303.424572379738,298.009082946156
10.1,100,0,4336.80785539252,90.4140734637898,3,1.00215645893451,0.982156458934509,303.365818751697,297.952698306934
10.11,100,0,4338.55610892289,90.458865837718,3,1.00216080943143,0.98216080943143,303.30710278542,297.89634957803
10.12,100,0,4340.30323835771,90.503637903833,3,1.00216515805571,0.982165158055707,303.248424455068,297.840036735056
10.13,100,0,4342.04924447307,90.5483896685801,3,1.0021695048079,0.982169504807904,303.189783734823,297.783759753647
10.14,100,0,4343.79412804446,90.5931211384054,3,1.00217384968859,0.982173849688586,303.131180598886,297.727518609454
10.15,100,0,4345.53788984676,90.6378323197551,3,1.00217819269832,0.982178192698317,303.072615021479,297.67131327815
10.16,100,0,4347.28053065421,90.682523219076,3,1.00218253383766,0.982182533837662,303.014086976843,297.615143735421
10.17,100,0,4349.02205124048,90.7271938428153,3,1.00218687310718,0.982186873107185,302.95559643924,297.559009956979
10.18,100,0,4350.76245237861,90.7718441974204,3,1.00219121050745,0.982191210507449,302.897143382951,297.502911918549
10.19,100,0,4352.50173484103,90.8164742893396,3,1.00219554603902,0.98219554603902,302.838727782277,297.446849595876
10.2,100,0,4354.23989939958,90.8610841250209,3,1.00219987970246,0.98219987970246,302.780349611542,297.390822964726
10.21,100,0,4355.97694682547,90.9056737109133,3,1.00220421149834,0.982204211498336,302.722008845085,297.334832000879
10.22,100,0,4357.71287788932,90.9502430534659,3,1.00220854142721,0.982208541427209,302.663705457267,297.278876680136
10.23,100,0,4359.44769336114,90.9947921591284,3,1.00221286948964,0.982212869489644,302.60543942247,297.222956978319
10.24,100,0,4361.18139401034,91.0393210343505,3,1.00221719568621,0.982217195686206,302.547210715094,297.167072871263
10.25,100,0,4362.91398060572,91.0838296855828,3,1.00222152001746,0.982221520017457,302.48901930956,297.111224334825
10.26,100,0,4364.64545391546,91.1283181192759,3,1.00222584248396,0.982225842483961,302.430865180309,297.055411344882
10.27,100,0,4366.37581470717,91.172786341881,3,1.00223016308628,0.982230163086282,302.372748301801,296.999633877325
10.28,100,0,4368.10506374783,91.2172343598496,3,1.00223448182498,0.982234481824984,302.314668648516,296.943891908067
10.29,100,0,4369.83320180383,91.2616621796336,3,1.00223879870063,0.98223879870063,302.256626194954,296.888185413037
10.3,100,0,4371.56022964097,91.3060698076852,3,1.00224311371378,0.982243113713784,302.198620915634,296.832514368184
10.31,100,0,4373.28614802441,91.3504572504572,3,1.00224742686501,0.982247426865008,302.140652785094,296.776878749473
10.32,100,0,4375.01095771876,91.3948245144026,3,1.00225173815487,0.982251738154867,302.082721777896,296.721278532891
10.33,100,0,4376.73465948799,91.4391716059747,3,1.00225604758392,0.982256047583923,302.024827868617,296.665713694442
10.34,100,0,4378.4572540955,91.4834985316274,3,1.00226035515274,0.98226035515274,301.966971031854,296.610184210146
10.35,100,0,4380.17874230407,91.5278052978148,3,1.00226466086188,0.98226466086188,301.909151242227,296.554690056045
10.36,100,0,4381.89912487589,91.5720919109914,3,1.00226896471191,0.982268964711908,301.851368474372,296.499231208194
10.37,100,0,4383.61840257255,91.6163583776122,3,1.00227326670339,0.982273266703385,301.793622702948,296.443807642673
10.38,100,0,4385.33657615506,91.6606047041323,3,1.00227756683688,0.982277566836875,301.735913902629,296.388419335575
10.39,100,0,4387.05364638381,91.7048308970074,3,1.00228186511294,0.982281865112941,301.678242048112,296.333066263013
10.4,100,0,4388.7696140186,91.7490369626934,3,1.00228616153215,0.982286161532146,301.620607114115,296.277748401119
10.41,100,0,4390.48447981866,91.7932229076467,3,1.00229045609505,0.982290456095051,301.563009075372,296.222465726043
10.42,100,0,4392.19824454258,91.8373887383239,3,1.00229474880222,0.982294748802221,301.505447906637,296.167218213951
10.43,100,0,4393.9109089484,91.881534461182,3,1.00229903965422,0.982299039654218,301.447923582683,296.112005841027
10.44,100,0,4395.62247379354,91.9256600826786,3,1.0023033286516,0.982303328651603,301.390436078307,296.056828583479
10.45,100,0,4397.33293983485,91.9697656092712,3,1.00230761579494,0.982307615794941,301.33298536832,296.001686417526
10.46,100,0,4399.04230782855,92.013851047418,3,1.00231190108479,0.982311901084792,301.275571427555,295.946579319409
10.47,100,0,4400.74748005656,92.0579163113324,3,1.00231621778864,0.982316217788638,301.215508516135,295.888879064851
10.48,100,0,4402.4310898105,92.1019594716633,3,1.00232075156119,0.982320751561194,301.137814181848,295.813923950608
10.49,100,0,4404.09649455162,92.1459773043581,3,1.00232546448568,0.982325464485678,301.045560478355,295.724720028252
10.5,100,0,4405.74956075572,92.1899676136748,3,1.00233029226732,0.982330292267324,300.943944273651,295.626352734417
10.51,100,0,4407.39407901822,92.2339289896079,3,1.00233519338297,0.982335193382972,300.836320228247,295.522104808037
10.52,100,0,4409.03249968985,92.2778605294052,3,1.00234014100631,0.982340141006311,300.724854280184,295.414095757698
10.53,100,0,4410.66640759009,92.3217616578686,3,1.00234511779923,0.982345117799229,300.610945277463,295.303694450327
10.54,100,0,4412.29682838827,92.3656320113829,3,1.00235011255132,0.982350112551321,300.495496960794,295.191785260602
10.55,100,0,4413.92442639331,92.4094713630536,3,1.00235511801116,0.982355118011162,300.379093416987,295.07893976173
10.56,100,0,4415.5496322824,92.4532795743664,3,1.00236012948621,0.982360129486214,300.26211228306,294.965527502191
10.57,100,0,4417.17272561694,92.4970565639604,3,1.00236514393859,0.982365143938593,300.144797807252,294.851787500341
10.58,100,0,4418.79388817138,92.5408022874482,3,1.00237015940084,0.982370159400838,300.027308018375,294.737874402615
10.59,100,0,4420.41323841384,92.5845167243697,3,1.00237517459828,0.982375174598276,299.909745190904,294.623888295638
10.6,100,0,4422.03085380966,92.6281998697535,3,1.00238018870481,0.982380188704811,299.792175529496,294.509893968892
10.61,100,0,4423.64678525484,92.6718517286568,3,1.00238520118494,0.982385201184938,299.674641893299,294.395933366373
10.62,100,0,4425.26106642065,92.7154723126305,3,1.00239021169148,0.982390211691479,299.557172024714,294.282033639059
10.63,100,0,4426.87371980627,92.7590616374302,3,1.00239521999937,0.982395219999365,299.439783873288,294.168212354761
10.64,100,0,4428.48476066104,92.8026197215321,3,1.00240022596274,0.982400225962736,299.32248904175,294.054480870344
10.65,100,0,4430.09419952726,92.8461465851723,3,1.00240522948714,0.982405229487139,299.205295017561,293.940846515494
10.66,100,0,4431.70204388943,92.8896422497221,3,1.0024102305115,0.982410230511495,299.088206618658,293.827314007506
10.67,100,0,4433.3082992445,92.9331067372845,3,1.00241522899641,0.982415228996408,298.971226930523,293.713886368286
10.68,100,0,4434.91296979663,92.9765400704305,3,1.00242022491657,0.982420224916566,298.854357913828,293.600565518999
10.69,100,0,4436.51605890841,93.0199422720292,3,1.00242521825582,0.982425218255823,298.737600798647,293.487352665832
10.7,100,0,4438.11756939412,93.0633133651368,3,1.00243020900399,0.982430209003986,298.620956340309,293.37424855038
10.71,100,0,4439.71750371032,93.1066533729243,3,1.00243519715474,0.982435197154743,298.50442498554,293.261253612232
10.72,100,0,4441.31586407979,93.1499623186314,3,1.0024401827043,0.982440182704303,298.388006980383,293.14836809458
10.73,100,0,4442.91265257222,93.1932402255349,3,1.00244516565052,0.982445165650521,298.27170244035,293.035592112872
10.74,100,0,4444.50787115673,93.2364871169301,3,1.00245014599232,0.982450145992323,298.155511396024,292.922925699439
10.75,100,0,4446.10152173604,93.2797030161169,3,1.00245512372933,0.982455123729333,298.03943382273,292.810368832531
10.76,100,0,4447.69360616875,93.3228879463921,3,1.00246009886163,0.982460098861631,297.923469659845,292.697921455211
10.77,100,0,4449.28412628388,93.3660419310435,3,1.00246507138959,0.982465071389592,297.807618823362,292.585583487659
10.78,100,0,4450.87308389036,93.4091649933465,3,1.00247004131379,0.982470041313789,297.691881214086,292.473354835183
10.79,100,0,4452.46048078316,93.4522571565619,3,1.00247500863492,0.982475008634918,297.576256722967,292.361235393443
10.8,100,0,4454.04631874736,93.4953184439341,3,1.00247997335376,0.98247997335376,297.460745234578,292.249225051858
10.81,100,0,4455.63059956078,93.5383488786903,3,1.00248493547115,0.982484935471149,297.345346629384,292.137323695816
10.82,100,0,4457.21332499573,93.5813484840402,3,1.00248989498796,0.982489894987955,297.230060785223,292.025531208138
10.83,100,0,4458.79449682008,93.6243172831748,3,1.00249485190507,0.98249485190507,297.114887578277,291.913847470011
10.84,100,0,4460.37411679804,93.6672552992669,3,1.0024998062234,0.982499806223403,296.999826883693,291.802272361612
10.85,100,0,4461.95218669063,93.7101625554704,3,1.00250475794387,0.982504757943872,296.884878576002,291.690805762511
10.86,100,0,4463.52870825601,93.7530390749207,3,1.0025097070674,0.9825097070674,296.770042529389,291.57944755193
10.87,100,0,4465.10368324968,93.7958848807342,3,1.00251465359492,0.982514653594917,296.655318617866,291.468197608923
10.88,100,0,4466.67711342462,93.8386999960084,3,1.00251959752735,0.982519597527354,296.540706715391,291.357055812483
10.89,100,0,4468.24900053137,93.8814844438221,3,1.00252453886564,0.982524538865643,296.426206695935,291.246022041616
10.9,100,0,4469.81934631812,93.9242382472351,3,1.00252947761072,0.982529477610721,296.311818433544,291.135096175393
10.91,100,0,4471.38815253071,93.9669614292884,3,1.00253441376352,0.982534413763521,296.197541802359,291.024278092976
10.92,100,0,4472.9554209127,94.009654013004,3,1.00253934732498,0.982539347324979,296.083376676644,290.913567673646
10.93,100,0,4474.52115320536,94.0523160213851,3,1.00254427829603,0.982544278296033,295.969322930797,290.802964796805
10.94,100,0,4476.08535114771,94.0949474774161,3,1.00254920667762,0.982549206677617,295.855380439363,290.692469342001
10.95,100,0,4477.64801647651,94.1375484040626,3,1.00255413247067,0.982554132470668,295.741549077032,290.582081188915
10.96,100,0,4479.20915092626,94.1801188242713,3,1.00255905567612,0.982559055676123,295.62782871865,290.47180021738
10.97,100,0,4480.76875622922,94.2226587609702,3,1.00256397629492,0.982563976294919,295.514219239217,290.361626307374
10.98,100,0,4482.32683411545,94.2651682370684,3,1.00256889432799,0.982568894327992,295.400720513892,290.251559339027
10.99,100,0,4483.88338631274,94.3076472754562,3,1.00257380977628,0.982573809776278,295.287332417989,290.141599192617
11,100,0,4485.43841454666,94.3500958990055,3,1.00257872264071,0.982578722640715,295.174054826983,290.031745748577
11.01,100,0,4486.99192054057,94.392514130569,3,1.00258363292224,0.982583632922238,295.060887616505,289.921998887486
11.02,100,0,4488.54390601561,94.434901992981,3,1.00258854062179,0.982588540621785,294.947830662349,289.812358490079
11.03,100,0,4490.0943726907,94.477259509057,3,1.00259344574029,0.982593445740293,294.834883840463,289.702824437239
11.04,100,0,4491.64332228253,94.519586701594,3,1.0025983482787,0.982598348278697,294.722047026956,289.593396610003
11.05,100,0,4493.19075650562,94.5618835933699,3,1.00260324823793,0.982603248237935,294.609320098097,289.484074889559
11.06,100,0,4494.73667707225,94.6041502071445,3,1.00260814561894,0.982608145618943,294.496702930309,289.374859157244
11.07,100,0,4496.28108569251,94.6463865656586,3,1.00261304042266,0.982613040422658,294.384195400177,289.265749294546
11.08,100,0,4497.82398407429,94.6885926916345,3,1.00261793265002,0.982617932650016,294.271797384443,289.156745183105
11.09,100,0,4499.36537392329,94.7307686077761,3,1.00262282230195,0.982622822301955,294.159508760005,289.047846704712
11.1,100,0,4500.905256943,94.7729143367683,3,1.00262770937941,0.98262770937941,294.047329403921,288.939053741308
11.11,100,0,4502.44363483474,94.8150299012779,3,1.00263259388332,0.982632593883319,293.935259193405,288.830366174981
11.12,100,0,4503.98050929763,94.8571153239528,3,1.00263747581462,0.982637475814618,293.823298005827,288.721783887972
11.13,100,0,4505.51588202861,94.8991706274227,3,1.00264235517424,0.982642355174243,293.711445718718,288.613306762673
11.14,100,0,4507.04975472244,94.9411958342986,3,1.00264723196313,0.982647231963132,293.59970220976,288.504934681621
11.15,100,0,4508.5821290717,94.983190967173,3,1.00265210618222,0.982652106182221,293.488067356796,288.396667527505
11.16,100,0,4510.11300676681,95.02515604862,3,1.00265697783245,0.982656977832447,293.376541037822,288.288505183163
11.17,100,0,4511.64238949599,95.0670911011953,3,1.00266184691475,0.982661846914745,293.265123130992,288.18044753158
11.18,100,0,4513.17027894532,95.108996147436,3,1.00266671343005,0.982666713430054,293.153813514614,288.072494455893
11.19,100,0,4514.6966767987,95.1508712098609,3,1.00267157737931,0.982671577379308,293.042612067154,287.964645839383
11.2,100,0,4516.22158473788,95.1927163109705,3,1.00267643876345,0.982676438763446,292.931518667232,287.856901565483
11.21,100,0,4517.74500444243,95.2345314732467,3,1.0026812975834,0.982681297583404,292.820533193622,287.749261517773
11.22,100,0,4519.2669375898,95.2763167191531,3,1.00268615384012,0.982686153840118,292.709655525255,287.641725579978
11.23,100,0,4520.78738585524,95.3180720711351,3,1.00269100753452,0.982691007534525,292.598885541214,287.534293635975
11.24,100,0,4522.3063509119,95.3597975516197,3,1.00269585866756,0.98269585866756,292.488223120739,287.426965569784
11.25,100,0,4523.82383443074,95.4014931830153,3,1.00270070724016,0.982700707240163,292.377668143222,287.319741265574
11.26,100,0,4525.33983808062,95.4431589877125,3,1.00270555325327,0.982705553253268,292.267220488213,287.212620607664
11.27,100,0,4526.85436352821,95.4847949880832,3,1.00271039670781,0.982710396707812,292.156880035409,287.105603480513
11.28,100,0,4528.36741243809,95.5264012064812,3,1.00271523760473,0.982715237604732,292.046646664667,286.998689768734
11.29,100,0,4529.87898647268,95.5679776652422,3,1.00272007594496,0.982720075944964,291.936520255994,286.891879357079
11.3,100,0,4531.38908729228,95.6095243866833,3,1.00272491172945,0.982724911729445,291.82650068955,286.785172130451
11.31,100,0,4532.89771655504,95.6510413931039,3,1.00272974495911,0.982729744959112,291.71658784565,286.678567973898
11.32,100,0,4534.40487591702,95.6925287067847,3,1.0027345756349,0.982734575634902,291.60678160476,286.572066772613
11.33,100,0,4535.91056703213,95.7339863499884,3,1.00273940375775,0.98273940375775,291.497081847498,286.465668411934
11.34,100,0,4537.41479155218,95.7754143449598,3,1.00274422932859,0.982744229328593,291.387488454636,286.359372777346
11.35,100,0,4538.91755112685,95.8168127139252,3,1.00274905234837,0.982749052348369,291.278001307097,286.253179754477
11.36,100,0,4540.41884740371,95.8581814790928,3,1.00275387281801,0.982753872818013,291.168620285956,286.147089229101
11.37,100,0,4541.91868202823,95.8995206626529,3,1.00275869073846,0.982758690738462,291.059345272439,286.041101087136
11.38,100,0,4543.41705664376,95.9408302867777,3,1.00276350611065,0.982763506110653,290.950176147923,285.935215214645
11.39,100,0,4544.91397289156,95.982110373621,3,1.00276831893552,0.982768318935522,290.841112793939,285.829431497836
11.4,100,0,4546.40943241078,96.0233609453189,3,1.00277312921401,0.982773129214006,290.732155092165,285.723749823059
11.41,100,0,4547.90343683848,96.0645820239892,3,1.00277793694704,0.982777936947042,290.623302924435,285.618170076811
11.42,100,0,4549.3959878096,96.1057736317319,3,1.00278274213557,0.982782742135565,290.514556172726,285.512692145729
11.43,100,0,4550.88708695703,96.1469357906288,3,1.00278754478051,0.982787544780514,290.405914719173,285.407315916595
11.44,100,0,4552.37673591154,96.1880685227438,3,1.00279234488282,0.982792344882824,290.297378446055,285.302041276335
11.45,100,0,4553.86493630183,96.2291718501227,3,1.00279714244343,0.982797142443431,290.188947235804,285.196868112016
11.46,100,0,4555.3516897545,96.2702457947937,3,1.00280193746327,0.982801937463273,290.080620971002,285.09179631085
11.47,100,0,4556.8369978941,96.3112903787665,3,1.00280672994329,0.982806729943285,289.972399534378,284.98682576019
11.48,100,0,4558.32086234306,96.3523056240333,3,1.00281151988441,0.982811519884406,289.864282808813,284.881956347533
11.49,100,0,4559.80328472178,96.3932915525683,3,1.00281630728757,0.98281630728757,289.756270677336,284.777187960517
11.5,100,0,4561.28426664856,96.4342481863277,3,1.00282109215372,0.982821092153715,289.648363023125,284.672520486923
11.51,100,0,4562.76380973965,96.4751755472498,3,1.00282587448378,0.982825874483778,289.540559729504,284.567953814672
11.52,100,0,4564.24191560922,96.5160736572552,3,1.00283065427869,0.982830654278694,289.432860679949,284.463487831829
11.53,100,0,4565.71858586939,96.5569425382466,3,1.0028354315394,0.982835431539401,289.325265758083,284.359122426598
11.54,100,0,4567.19382213022,96.5977822121089,3,1.00284020626684,0.982840206266835,289.217774847676,284.254857487325
11.55,100,0,4568.6676259997,96.6385927007089,3,1.00284497846193,0.982844978461933,289.110387832648,284.1506929025
11.56,100,0,4570.13999908378,96.6793740258961,3,1.00284974812563,0.98284974812563,289.003104597063,284.046628560749
11.57,100,0,4571.61094298636,96.7201262095018,3,1.00285451525886,0.982854515258865,288.895925025135,283.942664350841
11.58,100,0,4573.08045930929,96.7608492733397,3,1.00285927986257,0.982859279862573,288.788849001226,283.838800161686
11.59,100,0,4574.54854965237,96.8015432392059,3,1.00286404193769,0.982864041937691,288.681876409842,283.735035882334
11.6,100,0,4576.01521561337,96.8422081288784,3,1.00286880148516,0.982868801485155,288.575007135637,283.631371401973
11.61,100,0,4577.480458788,96.8828439641178,3,1.0028735585059,0.982873558505903,288.468241063412,283.527806609934
11.62,100,0,4578.94428076997,96.9234507666669,3,1.00287831300087,0.98287831300087,288.361578078114,283.424341395685
11.63,100,0,4580.40668315092,96.9640285582509,3,1.00288306497099,0.982883064970993,288.255018064835,283.320975648834
11.64,100,0,4581.86766752048,97.0045773605771,3,1.00288781441721,0.98288781441721,288.148560908817,283.217709259131
11.65,100,0,4583.32723546626,97.0450971953355,3,1.00289256134046,0.982892561340455,288.042206495441,283.11454211646
11.66,100,0,4584.78538857382,97.0855880841982,3,1.00289730574167,0.982897305741667,287.935954710238,283.011474110848
11.67,100,0,4586.24212842672,97.1260500488196,3,1.00290204762178,0.982902047621782,287.829805438886,282.90850513246
11.68,100,0,4587.6974566065,97.1664831108369,3,1.00290678698174,0.982906786981735,287.723758567203,282.805635071598
11.69,100,0,4589.15137469267,97.2068872918694,3,1.00291152382246,0.982911523822465,287.617813981154,282.702863818702
11.7,100,0,4590.60388426275,97.2472626135189,3,1.00291625814491,0.982916258144907,287.511971566848,282.600191264351
11.71,100,0,4592.05498689222,97.2876090973697,3,1.00292098995,0.982920989949998,287.406231210541,282.497617299263
11.72,100,0,4593.50468415459,97.3279267649884,3,1.00292571923867,0.982925719238674,287.300592798632,282.395141814293
11.73,100,0,4594.95297762134,97.3682156379244,3,1.00293044601187,0.982930446011873,287.195056217662,282.292764700432
11.74,100,0,4596.39986886195,97.4084757377092,3,1.00293517027053,0.98293517027053,287.08962135432,282.19048584881
11.75,100,0,4597.84535944391,97.4487070858572,3,1.00293989201558,0.982939892015583,286.984288095434,282.088305150695
11.76,100,0,4599.28945093271,97.488909703865,3,1.00294461124797,0.982944611247968,286.879056327977,281.986222497487
11.77,100,0,4600.73214489186,97.529083613212,3,1.00294932796862,0.982949327968621,286.773925939068,281.88423778073
11.78,100,0,4602.17344288285,97.5692288353601,3,1.00295404217848,0.982954042178479,286.668896815964,281.782350892097
11.79,100,0,4603.61334646522,97.6093453917535,3,1.00295875387848,0.98295875387848,286.56396884607,281.680561723405
11.8,100,0,4605.0518571965,97.6494333038195,3,1.00296346306956,0.982963463069558,286.45914191693,281.578870166599
11.81,100,0,4606.48897663224,97.6894925929676,3,1.00296816975265,0.982968169752651,286.354415916231,281.477276113767
11.82,100,0,4607.92470632602,97.72952328059,3,1.0029728739287,0.982972873928696,286.249790731803,281.375779457128
11.83,100,0,4609.35904782945,97.7695253880618,3,1.00297757559863,0.982977575598629,286.145266251619,281.274380089041
11.84,100,0,4610.79200269216,97.8094989367403,3,1.00298227476339,0.982982274763387,286.040842363792,281.173077901996
11.85,100,0,4612.2235724618,97.849443947966,3,1.00298697142391,0.982986971423906,285.936518956578,281.071872788621
11.86,100,0,4613.65375868406,97.8893604430616,3,1.00299166558112,0.982991665581123,285.832295918373,280.970764641677
11.87,100,0,4615.08256290268,97.929248443333,3,1.00299635723597,0.982996357235974,285.728173137713,280.869753354062
11.88,100,0,4616.50998665941,97.9691079700683,3,1.0030010463894,0.983001046389397,285.624150503279,280.768838818806
11.89,100,0,4617.93603149406,98.0089390445386,3,1.00300573304233,0.983005733042327,285.520227903891,280.668020929077
11.9,100,0,4619.36069894449,98.048741687998,3,1.0030104171957,0.983010417195702,285.416405228509,280.567299578174
11.91,100,0,4620.78399054658,98.0885159216828,3,1.00301509885046,0.983015098850458,285.312682366233,280.466674659531
11.92,100,0,4622.20590783428,98.1282617668126,3,1.00301977800753,0.983019778007531,285.209059206304,280.366146066718
11.93,100,0,4623.6264523396,98.1679792445895,3,1.00302445466786,0.983024454667858,285.105535638104,280.265713693434
11.94,100,0,4625.04562559258,98.2076683761986,3,1.00302912883238,0.983029128832376,285.002111551152,280.165377433517
11.95,100,0,4626.46342912133,98.2473291828076,3,1.00303380050202,0.983033800502021,284.89878683511,280.065137180934
11.96,100,0,4627.87986445203,98.2869616855674,3,1.00303846967773,0.983038469677731,284.795561379778,279.964992829788
11.97,100,0,4629.2949331089,98.3265659056114,3,1.00304313636044,0.98304313636044,284.692435075095,279.864944274312
11.98,100,0,4630.70863661425,98.3661418640561,3,1.00304780055109,0.983047800551087,284.589407811138,279.764991408876
11.99,100,0,4632.12097648844,98.4056895820008,3,1.00305246225061,0.983052462250608,284.486479478126,279.665134127978
12,100,0,4633.53195424991,98.4452090805277,3,1.00305712145994,0.98305712145994,284.383649966413,279.565372326253
12.01,100,0,4634.94157141518,98.4847003807021,3,1.00306177818002,0.983061778180018,284.280919166492,279.465705898462
12.02,100,0,4636.34982949883,98.5241635035721,3,1.00306643241178,0.983066432411779,284.178286968999,279.366134739505
12.03,100,0,4637.75673001354,98.5635984701686,3,1.00307108415616,0.983071084156162,284.075753264701,279.266658744408
12.04,100,0,4639.16227447005,98.6030053015058,3,1.0030757334141,0.9830757334141,283.973317944509,279.167277808333
12.05,100,0,4640.5664643772,98.6423840185807,3,1.00308038018653,0.983080380186533,283.870980899467,279.067991826572
12.06,100,0,4641.96930124191,98.6817346423734,3,1.0030850244744,0.983085024474395,283.768742020758,278.968800694545
12.07,100,0,4643.3707865692,98.7210571938468,3,1.00308966627862,0.983089666278624,283.666601199705,278.869704307809
12.08,100,0,4644.77092186218,98.7603516939472,3,1.00309430560016,0.983094305600157,283.564558327764,278.770702562048
12.09,100,0,4646.16970862204,98.7996181636035,3,1.00309894243993,0.983098942439929,283.462613296531,278.671795353078
12.1,100,0,4647.56714834809,98.8388566237281,3,1.00310357679888,0.983103576798878,283.360765997737,278.572982576845
12.11,100,0,4648.96324253773,98.8780670952162,3,1.00310820867794,0.983108208677939,283.259016323249,278.474264129425
12.12,100,0,4650.35799268647,98.9172495989463,3,1.00311283807805,0.983112838078051,283.157364165073,278.375639907026
12.13,100,0,4651.75140028792,98.9564041557798,3,1.00311746500015,0.983117465000149,283.055809415349,278.277109805983
12.14,100,0,4653.14346683379,98.9955307865613,3,1.00312208944517,0.98312208944517,282.954351966352,278.178673722764
12.15,100,0,4654.53419381393,99.0346295121188,3,1.00312671141405,0.98312671141405,282.852991710496,278.080331553966
12.16,100,0,4655.92358271627,99.0737003532629,3,1.00313133090773,0.983131330907727,282.751728540328,277.982083196313
12.17,100,0,4657.31163502689,99.112743330788,3,1.00313594792714,0.983135947927136,282.650562348531,277.883928546661
12.18,100,0,4658.69835222997,99.1517584654713,3,1.00314056247321,0.983140562473214,282.549493027923,277.785867501994
12.19,100,0,4660.08373580781,99.1907457780733,3,1.0031451745469,0.983145174546899,282.448520471457,277.687899959424
12.2,100,0,4661.46778724085,99.2297052893378,3,1.00314978414913,0.983149784149126,282.347644572222,277.590025816195
12.21,100,0,4662.85050800764,99.2686370199917,3,1.00315439128083,0.983154391280833,282.246865223441,277.492244969675
12.22,100,0,4664.23189958488,99.3075409907452,3,1.00315899594295,0.983158995942955,282.14618231847,277.394557317365
12.23,100,0,4665.61196344738,99.3464172222918,3,1.00316359813643,0.98316359813643,282.0455957508,277.29696275689
12.24,100,0,4666.99070106811,99.3852657353083,3,1.00316819786219,0.983168197862193,281.945105414059,277.199461186006
12.25,100,0,4668.36811391816,99.4240865504548,3,1.00317279512118,0.983172795121183,281.844711202002,277.102052502595
12.26,100,0,4669.74420346677,99.4628796883746,3,1.00317738991433,0.983177389914334,281.744413008525,277.004736604668
12.27,100,0,4671.11897118131,99.5016451696944,3,1.00318198224258,0.983181982242585,281.644210727654,276.907513390363
12.28,100,0,4672.49241852733,99.5403830150244,3,1.00318657210687,0.983186572106871,281.544104253548,276.810382757945
12.29,100,0,4673.86454696848,99.5790932449578,3,1.00319115950813,0.983191159508129,281.444093480501,276.713344605808
12.3,100,0,4675.2353579666,99.6177758800716,3,1.0031957444473,0.983195744447295,281.344178302938,276.616398832469
12.31,100,0,4676.60485298167,99.6564309409258,3,1.00320032692531,0.983200326925307,281.244358615417,276.519545336576
12.32,100,0,4677.97303347183,99.695058448064,3,1.0032049069431,0.983204906943101,281.144634312629,276.4227840169
12.33,100,0,4679.33990089336,99.7336584220133,3,1.00320948450161,0.983209484501613,281.045005289399,276.326114772343
12.34,100,0,4680.70545670073,99.7722308832841,3,1.00321405960178,0.98321405960178,280.945471440682,276.229537501928
12.35,100,0,4682.06970234657,99.8107758523701,3,1.00321863224454,0.983218632244538,280.846032661564,276.133052104808
12.36,100,0,4683.43263928165,99.8492933497489,3,1.00322320243083,0.983223202430825,280.746688847265,276.036658480259
12.37,100,0,4684.79426895494,99.8877833958812,3,1.00322777016158,0.983227770161577,280.647439893137,275.940356527685
12.38,100,0,4686.15459281357,99.9262460112114,3,1.00323233543773,0.98323233543773,280.548285694663,275.844146146615
12.39,100,0,4687.51361230284,99.9646812161672,3,1.00323689826022,0.983236898260221,280.449226147455,275.748027236703
12.4,100,0,4688.87132886623,100.00308903116,3,1.00324145862999,0.983241458629987,280.350261147259,275.651999697729
12.41,100,0,4690.22774394541,100.041469476585,3,1.00324601654796,0.983246016547964,280.25139058995,275.556063429595
12.42,100,0,4691.58285898022,100.07982257282,3,1.00325057201509,0.983250572015088,280.152614371535,275.460218332335
12.43,100,0,4692.93667540868,100.118148340227,3,1.0032551250323,0.983255125032297,280.053932388151,275.364464306098
12.44,100,0,4694.28919466703,100.156446799153,3,1.00325967560053,0.983259675600527,279.955344536065,275.268801251165
12.45,100,0,4695.64041818965,100.194717969926,3,1.00326422372071,0.983264223720714,279.856850711674,275.173229067938
12.46,100,0,4696.99034740914,100.232961872858,3,1.00326876939379,0.983268769393795,279.758450811506,275.077747656944
12.47,100,0,4698.33898375631,100.271178528248,3,1.00327331262071,0.983273312620706,279.660144732218,274.982356918834
12.48,100,0,4699.68632866014,100.309367956373,4,1.32579269064414,1.30579269064414,990.200822184727,1292.99699587863
12.49,100,0,4419.39958667366,100.444643472569,4,1.26008009908229,1.24008009908229,839.003985801378,1040.43214584301
12.5,100,0,4205.16255298763,100.552237988539,4,1.20292893167331,1.18292893167331,725.344386745217,858.030860507754
12.51,100,0,4038.2282918927,100.639907274663,4,1.15404683240565,1.13404683240565,642.896783228047,729.07506058355
12.52,100,0,3906.01647259516,100.713352822705,4,1.11231755237494,1.09231755237494,581.826490817225,635.539288356369
12.53,100,0,3800.38480912434,100.776231628451,4,1.07595661582449,1.05595661582449,532.550091777103,562.349792669971
12.54,100,0,3717.85663353279,100.830184512773,4,1.04210002500777,1.02210002500777,489.125370628749,499.935053551578
12.55,100,0,3654.13426316912,100.87725295938,4,1.01923386021114,0.999233860211142,453.663187183438,453.315617764997
12.56,100,0,3605.82143307794,100.9190526497,4,1.00483793192616,0.984837931926157,426.281220393298,419.817915511094
12.57,100,0,3569.31908620748,100.957191427401,4,1.002,0.982,402.044294288568,394.807496991374
12.58,100,0,3542.76423556226,100.992532328794,4,1.00169462038866,0.981694620388656,383.930524174596,376.902530185197
12.59,100,0,3523.11720328977,101.02591543144,4,1.00117873304486,0.981178733044856,371.159538261022,364.173845508463
12.6,100,0,3508.70821065871,101.057803925,4,1.00037074583148,0.98037074583148,360.062347348644,352.994592016023
12.61,100,0,3498.93628792084,101.088352020157,4,0.999551465747292,0.979551465747292,351.485203445269,344.297846223299
12.62,100,0,3492.38971342869,101.117964573215,4,0.998975970080543,0.978975970080543,345.677601760891,338.410065518984
12.63,100,0,3488.04171932171,101.146937311102,4,0.998568042358304,0.978568042358304,341.692217893334,334.369084752947
12.64,100,0,3485.20940575494,101.175466800103,4,0.998276311155919,0.978276311155919,338.932108952066,331.569253277923
12.65,100,0,3483.43012542089,101.203686150238,4,0.998065641743367,0.978065641743367,337.008402703592,329.616339663196
12.66,100,0,3482.40701518123,101.231682550196,4,0.998028882277036,0.978028882277036,335.524439708043,328.152592744287
12.67,100,0,3481.97192912484,101.259510134413,4,0.998064482998865,0.978064482998865,334.46238530945,327.125779970255
12.68,100,0,3481.93235126093,101.287222558993,4,0.998089870562698,0.978089870562698,333.759821677193,326.447100783274
12.69,100,0,3482.15466955967,101.314856579812,4,0.998108487302654,0.978108487302654,333.294138836116,325.997825963834
12.7,100,0,3482.55069232452,101.342436458496,4,0.998122608524178,0.978122608524178,332.985079409736,325.700234471881
12.71,100,0,3483.06204078167,101.369978255331,4,0.998133741693792,0.978133741693792,332.779817886814,325.503168429808
12.72,100,0,3483.6499955375,101.397492622264,4,0.998142887163058,0.978142887163058,332.643454559332,325.372829038558
12.73,100,0,3484.28884173274,101.424986633576,4,0.998150709501155,0.978150709501155,332.552874176249,325.286829822146
12.74,100,0,3484.96148526244,101.452464991869,4,0.998157650551289,0.978157650551289,332.492740209051,325.230317588246
12.75,100,0,3485.65655512809,101.47993082522,4,0.998164004242349,0.978164004242349,332.452864965304,325.193425616302
12.76,100,0,3486.36648364075,101.507386215343,4,0.998169966188278,0.978169966188278,332.426475293856,325.16959409828
12.77,100,0,3487.08623244668,101.534832548079,4,0.998175666615503,0.978175666615503,332.409065422674,325.15445915886
12.78,100,0,3487.81244617783,101.56227074624,4,0.998181192242682,0.978181192242682,332.397636584472,325.145116452849
12.79,100,0,3488.54288974661,101.589701424424,4,0.998186600829078,0.978186600829078,332.390192295244,325.139632350209
12.8,100,0,3489.2760740115,101.617124992,4,0.998191930852857,0.978191930852857,332.385402994646,325.136719142637
12.81,100,0,3490.0110066488,101.64454172165,4,0.998197207951926,0.978197207951926,332.382383059106,325.135519080825
12.82,100,0,3490.74702629742,101.671951795,4,0.998202449211533,0.978202449211533,332.38054245649,325.135460701196
12.83,100,0,3491.48369211314,101.699355333007,4,0.998207666019149,0.978207666019149,332.379488018464,325.136163207182
12.84,100,0,3492.22071020446,101.726752416197,4,0.998212865965775,0.978212865965775,332.378957714593,325.137372812709
12.85,100,0,3492.95788462488,101.75414309815,4,0.998218054112405,0.978218054112405,332.378776885763,325.138920353452
12.86,100,0,3493.69508471865,101.781527414483,4,0.998223233833769,0.978223233833769,332.378829094072,325.140693054285
12.87,100,0,3494.43222335948,101.80890538884,4,0.998228407380528,0.978228407380528,332.37903670422,325.142615721844
12.88,100,0,3495.16924244641,101.836277036878,4,0.998233576253932,0.978233576253932,332.379347945428,325.144638213606
12.89,100,0,3495.90610323512,101.863642368931,4,0.998238741455531,0.978238741455531,332.379728289824,325.146727087569
12.9,100,0,3496.64277989179,101.891001391781,4,0.998243903653639,0.978243903653639,332.380154706342,325.148860036932
12.91,100,0,3497.37925519479,101.918354109843,4,0.998249063294311,0.978249063294311,332.380611830533,325.151022180409
12.92,100,0,3498.11551766823,101.945700525952,4,0.998254220675342,0.978254220675342,332.381089411112,325.153203589088
12.93,100,0,3498.85155967005,101.973040641889,4,0.998259375995615,0.978259375995615,332.381580607421,325.155397637452
12.94,100,0,3499.58737611665,102.000374458734,4,0.998264529388018,0.978264529388018,332.382080854098,325.157599903744
12.95,100,0,3500.32296363204,102.027701977095,4,0.998269680941396,0.978269680941396,332.382587103876,325.159807436585
12.96,100,0,3501.05831998005,102.055023197271,4,0.998274830715199,0.978274830715198,332.383097322509,325.162018265771
12.97,100,0,3501.79344368549,102.082338119353,4,0.998279978749257,0.978279978749257,332.38361015183,325.164231075933
12.98,100,0,3502.52833378128,102.10964674329,4,0.998285125070303,0.978285125070303,332.384124684933,325.166444988783
12.99,100,0,3503.26298963961,102.136949068944,4,0.998290269696322,0.978290269696322,332.384640316166,325.168659417817
13,100,0,3503.99741085927,102.164245096111,4,0.99829541263946,0.97829541263946,332.385156641003,325.170873971341
13.01,100,0,3504.73159719044,102.191534824551,4,0.998300553907962,0.978300553907962,332.38567338922,325.173088387745
13.02,100,0,3505.46554848439,102.218818253993,4,0.998305693507468,0.978305693507468,332.386190380289,325.175302492294
13.03,100,0,3506.19926465995,102.246095384154,4,0.998310831441878,0.978310831441878,332.386707493585,325.177516168278
13.04,100,0,3506.93274568111,102.273366214735,4,0.998315967713928,0.978315967713928,332.387224648502,325.179729337746
13.05,100,0,3507.665991542,102.300630745433,4,0.998321102325577,0.978321102325577,332.387741791168,325.181941948645
13.06,100,0,3508.39900225692,102.327888975939,4,0.998326235278267,0.978326235278267,332.388258885579,325.184153966226
13.07,100,0,3509.13177785367,102.355140905944,4,0.998331366573091,0.978331366573091,332.388775907668,325.186365367305
13.08,100,0,3509.86431836902,102.382386535134,4,0.998336496210909,0.978336496210909,332.389292841344,325.188576136422
13.09,100,0,3510.59662384579,102.4096258632,4,0.998341624192427,0.978341624192427,332.389809675854,325.190786263287
13.1,100,0,3511.32869433083,102.436858889827,4,0.998346750518249,0.978346750518249,332.39032640401,325.192995741063
13.11,100,0,3512.06052987364,102.464085614706,4,0.998351875188906,0.978351875188906,332.390843021005,325.195204565222
13.12,100,0,3512.79213052557,102.491306037525,4,0.998356998204885,0.978356998204885,332.39135952363,325.19741273278
13.13,100,0,3513.52349633914,102.518520157975,4,0.998362119566642,0.978362119566642,332.391875909741,325.199620241786
13.14,100,0,3514.25462736767,102.545727975748,4,0.998367239274611,0.978367239274611,332.392392177904,325.20182709098
13.15,100,0,3514.98552366503,102.572929490537,4,0.998372357329212,0.978372357329212,332.392908327169,325.204033279565
13.16,100,0,3515.71618528545,102.600124702034,4,0.998377473730858,0.978377473730858,332.393424356898,325.20623880705
13.17,100,0,3516.44661228337,102.627313609937,4,0.998382588479952,0.978382588479952,332.393940266671,325.208443673157
13.18,100,0,3517.17680471342,102.65449621394,4,0.998387701576896,0.978387701576896,332.39445605621,325.210647877738
13.19,100,0,3517.90676263031,102.681672513742,4,0.998392813022089,0.978392813022089,332.394971725331,325.212851420744
13.2,100,0,3518.63648608883,102.708842509041,4,0.998397922815925,0.978397922815925,332.395487273918,325.215054302188
13.21,100,0,3519.36597514379,102.736006199539,4,0.998403030958799,0.978403030958799,332.396002701893,325.217256522121
13.22,100,0,3520.09522985008,102.763163584936,4,0.998408137451107,0.978408137451107,332.39651800921,325.219458080624
13.23,100,0,3520.82425026254,102.790314664936,4,0.99841324229324,0.97841324229324,332.39703319584,325.221658977796
13.24,100,0,3521.55303643607,102.817459439242,4,0.998418345485593,0.978418345485593,332.397548261771,325.22385921375
13.25,100,0,3522.28158842555,102.844597907561,4,0.998423447028556,0.978423447028556,332.398063206994,325.226058788603
13.26,100,0,3523.00990628587,102.871730069598,4,0.998428546922524,0.978428546922524,332.39857803151,325.228257702484
13.27,100,0,3523.73799007192,102.898855925062,4,0.998433645167888,0.978433645167888,332.399092735321,325.23045595552
13.28,100,0,3524.46583983859,102.925975473663,4,0.998438741765041,0.978438741765041,332.399607318434,325.232653547843
13.29,100,0,3525.19345564075,102.953088715111,4,0.998443836714373,0.978443836714373,332.400121780857,325.234850479587
13.3,100,0,3525.92083753328,102.980195649118,4,0.998448930016279,0.978448930016279,332.400636122598,325.237046750886
13.31,100,0,3526.64798557107,103.007296275397,4,0.998454021671148,0.978454021671148,332.401150343666,325.239242361876
13.32,100,0,3527.37489980897,103.034390593663,4,0.998459111679374,0.978459111679374,332.401664444073,325.241437312693
13.33,100,0,3528.10158030186,103.061478603631,4,0.998464200041348,0.978464200041348,332.402178423828,325.243631603472
13.34,100,0,3528.8280271046,103.08856030502,4,0.998469286757461,0.978469286757461,332.402692282943,325.245825234351
13.35,100,0,3529.55424027203,103.115635697547,4,0.998474371828107,0.978474371828107,332.403206021427,325.248018205465
13.36,100,0,3530.28021985902,103.142704780932,4,0.998479455253675,0.978479455253675,332.403719639293,325.250210516951
13.37,100,0,3531.0059659204,103.169767554897,4,0.998484537034558,0.978484537034558,332.40423313655,325.252402168945
13.38,100,0,3531.73147851102,103.196824019163,4,0.998489617171148,0.978489617171148,332.404746513211,325.254593161584
13.39,100,0,3532.45675768571,103.223874173454,4,0.998494695663836,0.978494695663836,332.405259769285,325.256783495005
13.4,100,0,3533.1818034993,103.250918017496,4,0.998499772513014,0.978499772513014,332.405772904784,325.258973169344
13.41,100,0,3533.90661600663,103.277955551014,4,0.998504847719073,0.978504847719073,332.40628591972,325.261162184739
13.42,100,0,3534.6311952625,103.304986773736,4,0.998509921282404,0.978509921282404,332.406798814103,325.263350541324
13.43,100,0,3535.35554132173,103.332011685391,4,0.998514993203399,0.978514993203399,332.407311587945,325.265538239238
13.44,100,0,3536.07965423914,103.359030285708,4,0.99852006348245,0.97852006348245,332.407824241255,325.267725278616
13.45,100,0,3536.80353406954,103.38604257442,4,0.998525132119947,0.978525132119947,332.408336774047,325.269911659596
13.46,100,0,3537.52718086771,103.413048551259,4,0.998530199116282,0.978530199116282,332.40884918633,325.272097382314
13.47,100,0,3538.25059468845,103.440048215959,4,0.998535264471847,0.978535264471847,332.409361478115,325.274282446905
13.48,100,0,3538.97377558656,103.467041568255,4,0.998540328187032,0.978540328187032,332.409873649414,325.276466853508
13.49,100,0,3539.69672361683,103.494028607884,4,0.998545390262229,0.978545390262229,332.410385700238,325.278650602258
13.5,100,0,3540.41943883402,103.521009334584,4,0.998550450697829,0.978550450697829,332.410897630598,325.280833693292
13.51,100,0,3541.14192129292,103.547983748093,4,0.998555509494222,0.978555509494222,332.411409440505,325.283016126746
13.52,100,0,3541.8641710483,103.574951848153,4,0.998560566651801,0.978560566651801,332.411921129969,325.285197902757
13.53,100,0,3542.58618815492,103.601913634505,4,0.998565622170955,0.978565622170955,332.412432699003,325.287379021461
13.54,100,0,3543.30797266753,103.628869106892,4,0.998570676052077,0.978570676052077,332.412944147616,325.289559482994
13.55,100,0,3544.02952464091,103.655818265058,4,0.998575728295557,0.978575728295557,332.413455475819,325.291739287492
13.56,100,0,3544.75084412979,103.682761108749,4,0.998580778901786,0.978580778901786,332.413966683624,325.293918435093
13.57,100,0,3545.47193118893,103.709697637712,4,0.998585827871154,0.978585827871154,332.414477771043,325.296096925933
13.58,100,0,3546.19278587305,103.736627851695,4,0.998590875204053,0.978590875204053,332.414988738085,325.298274760148
13.59,100,0,3546.91340823691,103.763551750447,4,0.998595920900874,0.978595920900874,332.415499584762,325.300451937874
13.6,100,0,3547.63379833522,103.790469333719,4,0.998600964962006,0.978600964962006,332.416010311084,325.302628459247
13.61,100,0,3548.35395622271,103.817380601263,4,0.998606007387842,0.978606007387842,332.416520917063,325.304804324404
13.62,100,0,3549.07388195411,103.844285552833,4,0.998611048178772,0.978611048178772,332.41703140271,325.306979533481
13.63,100,0,3549.79357558413,103.871184188182,4,0.998616087335185,0.978616087335185,332.417541768034,325.309154086614
13.64,100,0,3550.51303716747,103.898076507067,4,0.998621124857474,0.978621124857474,332.418052013048,325.311327983939
13.65,100,0,3551.23226675885,103.924962509245,4,0.998626160746028,0.978626160746028,332.418562137762,325.313501225593
13.66,100,0,3551.95126441296,103.951842194474,4,0.998631195001238,0.978631195001238,332.419072142188,325.315673811712
13.67,100,0,3552.6700301845,103.978715562515,4,0.998636227623495,0.978636227623495,332.419582026335,325.317845742431
13.68,100,0,3553.38856412817,104.005582613127,4,0.998641258613188,0.978641258613188,332.420091790215,325.320017017888
13.69,100,0,3554.10686629863,104.032443346073,4,0.998646287970709,0.978646287970709,332.42060143384,325.322187638218
13.7,100,0,3554.82493675059,104.059297761117,4,0.998651315696448,0.978651315696448,332.421110957218,325.324357603557
13.71,100,0,3555.54277553871,104.086145858024,4,0.998656341790795,0.978656341790795,332.421620360363,325.326526914041
13.72,100,0,3556.26038271766,104.112987636559,4,0.998661366254141,0.978661366254141,332.422129643284,325.328695569807
13.73,100,0,3556.9777583421,104.13982309649,4,0.998666389086875,0.978666389086875,332.422638805992,325.33086357099
13.74,100,0,3557.69490246671,104.166652237586,4,0.998671410289388,0.978671410289388,332.423147848498,325.333030917727
13.75,100,0,3558.41181514613,104.193475059616,4,0.998676429862071,0.97867642986207,332.423656770813,325.335197610153
13.76,100,0,3559.12849643502,104.220291562351,4,0.998681447805312,0.978681447805312,332.424165572948,325.337363648405
13.77,100,0,3559.84494638802,104.247101745565,4,0.998686464119504,0.978686464119504,332.424674254913,325.339529032619
13.78,100,0,3560.56116505978,104.273905609031,4,0.998691478805034,0.978691478805034,332.425182816719,325.341693762929
13.79,100,0,3561.27715250492,104.300703152524,4,0.998696491862295,0.978696491862295,332.425691258378,325.343857839473
13.8,100,0,3561.99290877809,104.327494375819,4,0.998701503291675,0.978701503291675,332.4261995799,325.346021262387
13.81,100,0,3562.7084339339,104.354279278695,4,0.998706513093564,0.978706513093564,332.426707781295,325.348184031805
13.82,100,0,3563.42372802698,104.381057860931,4,0.998711521268353,0.978711521268353,332.427215862575,325.350346147865
13.83,100,0,3564.13879111195,104.407830122306,4,0.998716527816432,0.978716527816432,332.427723823751,325.352507610701
13.84,100,0,3564.85362324342,104.434596062603,4,0.99872153273819,0.97872153273819,332.428231664833,325.354668420451
13.85,100,0,3565.56822447599,104.461355681603,4,0.998726536034017,0.978726536034017,332.42873938583,325.356828577249
13.86,100,0,3566.28259486426,104.48810897909,4,0.998731537704303,0.978731537704303,332.429246986756,325.358988081232
13.87,100,0,3566.99673446284,104.51485595485,4,0.998736537749437,0.978736537749437,332.42975446762,325.361146932534
13.88,100,0,3567.71064332631,104.541596608669,4,0.99874153616981,0.97874153616981,332.430261828433,325.363305131293
13.89,100,0,3568.42432150927,104.568330940334,4,0.998746532965811,0.978746532965811,332.430769069206,325.365462677644
13.9,100,0,3569.13776906629,104.595058949636,4,0.99875152813783,0.97875152813783,332.431276189949,325.367619571722
13.91,100,0,3569.85098605196,104.621780636363,4,0.998756521686256,0.978756521686256,332.431783190674,325.369775813663
13.92,100,0,3570.56397252084,104.648496000308,4,0.998761513611479,0.978761513611479,332.43229007139,325.371931403604
13.93,100,0,3571.2767285275,104.675205041263,4,0.998766503913888,0.978766503913888,332.432796832109,325.374086341679
13.94,100,0,3571.98925412651,104.701907759023,4,0.998771492593873,0.978771492593873,332.433303472841,325.376240628024
13.95,100,0,3572.70154937243,104.728604153382,4,0.998776479651823,0.978776479651823,332.433809993597,325.378394262776
13.96,100,0,3573.4136143198,104.755294224137,4,0.998781465088128,0.978781465088128,332.434316394388,325.380547246069
13.97,100,0,3574.12544902317,104.781977971086,4,0.998786448903177,0.978786448903177,332.434822675224,325.38269957804
13.98,100,0,3574.8370535371,104.808655394028,4,0.99879143109736,0.97879143109736,332.435328836116,325.384851258824
13.99,100,0,3575.54842791612,104.835326492764,4,0.998796411671065,0.978796411671065,332.435834877075,325.387002288556
14,100,0,3576.25957221475,104.861991267095,4,0.998801390624683,0.978801390624683,332.436340798111,325.389152667372
14.01,100,0,3576.97048648754,104.888649716823,4,0.998806367958602,0.978806367958602,332.436846599236,325.391302395409
14.02,100,0,3577.681170789,104.915301841754,4,0.998811343673211,0.978811343673211,332.437352280458,325.393451472799
14.03,100,0,3578.39162517366,104.941947641692,4,0.998816317768899,0.978816317768899,332.43785784179,325.395599899682
14.04,100,0,3579.10184969603,104.968587116444,4,0.998821290246057,0.978821290246057,332.438363283241,325.397747676189
14.05,100,0,3579.81184441061,104.995220265819,4,0.998826261105072,0.978826261105072,332.438868604823,325.399894802459
14.06,100,0,3580.52160937192,105.021847089624,4,0.998831230346334,0.978831230346334,332.439373806547,325.402041278627
14.07,100,0,3581.23114463445,105.048467587671,4,0.998836197970232,0.978836197970232,332.439878888422,325.404187104827
14.08,100,0,3581.9404502527,105.075081759772,4,0.998841163977155,0.978841163977154,332.44038385046,325.406332281196
14.09,100,0,3582.64952628116,105.101689605738,4,0.998846128367491,0.978846128367491,332.440888692669,325.408476807867
14.1,100,0,3583.35837277431,105.128291125386,4,0.99885109114163,0.97885109114163,332.441393415063,325.410620684978
14.11,100,0,3584.06698978664,105.154886318529,4,0.998856052299961,0.978856052299961,332.441898017651,325.412763912664
14.12,100,0,3584.77537737262,105.181475184985,4,0.998861011842872,0.978861011842872,332.442402500442,325.414906491058
14.13,100,0,3585.48353558672,105.208057724571,4,0.998865969770752,0.978865969770752,332.44290686345,325.417048420298
14.14,100,0,3586.19146448341,105.234633937107,4,0.99887092608399,0.97887092608399,332.443411106683,325.419189700519
14.15,100,0,3586.89916411715,105.261203822414,4,0.998875880782974,0.978875880782974,332.443915230151,325.421330331855
14.16,100,0,3587.6066345424,105.287767380313,4,0.998880833868094,0.978880833868094,332.444419233868,325.423470314443
14.17,100,0,3588.3138758136,105.314324610626,4,0.998885785339738,0.978885785339738,332.444923117841,325.425609648417
14.18,100,0,3589.02088798521,105.340875513179,4,0.998890735198294,0.978890735198294,332.445426882083,325.427748333913
14.19,100,0,3589.72767111167,105.367420087797,4,0.998895683444151,0.978895683444151,332.445930526603,325.429886371066
14.2,100,0,3590.43422524742,105.393958334306,4,0.998900630077698,0.978900630077698,332.446434051412,325.432023760011
14.21,100,0,3591.14055044688,105.420490252535,4,0.998905575099323,0.978905575099323,332.44693745652,325.434160500884
14.22,100,0,3591.84664676449,105.447015842312,4,0.998910518509414,0.978910518509414,332.447440741939,325.436296593819
14.23,100,0,3592.55251425467,105.473535103469,4,0.998915460308361,0.978915460308361,332.447943907677,325.438432038952
14.24,100,0,3593.25815297184,105.500048035837,4,0.998920400496551,0.978920400496551,332.448446953748,325.440566836419
14.25,100,0,3593.96356297041,105.526554639248,4,0.998925339074372,0.978925339074372,332.448949880159,325.442700986353
14.26,100,0,3594.66874430479,105.553054913538,4,0.998930276042214,0.978930276042214,332.449452686922,325.444834488891
14.27,100,0,3595.37369702939,105.579548858541,4,0.998935211400463,0.978935211400463,332.449955374047,325.446967344168
14.28,100,0,3596.0784211986,105.606036474095,4,0.99894014514951,0.97894014514951,332.450457941546,325.449099552318
14.29,100,0,3596.78291686681,105.632517760037,4,0.998945077289741,0.978945077289741,332.450960389428,325.451231113477
14.3,100,0,3597.48718408843,105.658992716206,4,0.998950007821545,0.978950007821545,332.451462717703,325.45336202778
14.31,100,0,3598.19122291783,105.685461342444,4,0.99895493674531,0.97895493674531,332.451964926384,325.455492295362
14.32,100,0,3598.8950334094,105.711923638591,4,0.998959864061424,0.978959864061424,332.452467015479,325.457621916358
14.33,100,0,3599.5986156175,105.738379604491,4,0.998964789770275,0.978964789770275,332.452968984999,325.459750890903
14.34,100,0,3600.30081875281,105.764829217891,4,0.998969742612462,0.978969742612462,332.452503070085,325.46094136139
14.35,100,0,3600.99480629262,105.791271994517,4,0.998974892983792,0.978974892983792,332.445330886809,325.455632227875
14.36,100,0,3601.68168171409,105.817707096592,4,0.998980212524944,0.978980212524944,332.432405474464,325.444746961569
14.37,100,0,3602.36369789239,105.844133932264,4,0.998985644391499,0.978985644391499,332.415639457583,325.430139000194
14.38,100,0,3603.04236038884,105.870552106706,4,0.998991150602473,0.978991150602473,332.396310645483,325.413046614838
14.39,100,0,3603.71867547062,105.896961356724,4,0.998996705777751,0.978996705777751,332.375272785156,325.394297138649
14.4,100,0,3604.39428237505,105.923361237425,4,0.999002268590581,0.979002268590581,332.343994223965,325.365524297717
14.41,100,0,3605.07583370267,105.949749884921,4,0.999007671361203,0.979007671361203,332.304325525558,325.328483916031
14.42,100,0,3605.76248272266,105.97612749993,4,0.999012935461605,0.979012935461605,332.269859678825,325.296490689582
14.43,100,0,3606.45225672519,106.002494607816,4,0.999018110634206,0.979018110634206,332.238707067539,325.267711272813
14.44,100,0,3607.14390100692,106.028851543518,4,0.999023228514477,0.979023228514477,332.20966640922,325.240980151672
14.45,100,0,3607.83661738496,106.055198520902,4,0.999028309226444,0.979028309226444,332.181973817866,325.215556182408
14.46,100,0,3608.52989800966,106.081535676837,4,0.999033365574071,0.979033365574071,332.155143432735,325.190967967689
14.47,100,0,3609.22341971496,106.107863099214,4,0.999038405705549,0.979038405705549,332.128866162048,325.166915616083
14.48,100,0,3609.91697683768,106.134180844762,4,0.999043434807273,0.979043434807273,332.102945329947,325.143208305443
14.49,100,0,3610.61043848911,106.160488950382,4,0.999048456181109,0.979048456181109,332.077255766417,325.11972459097
14.5,100,0,3611.30372137317,106.186787440353,4,0.999053471929615,0.979053471929615,332.051717794173,325.096387166578
14.51,100,0,3611.99677249128,106.213076330921,4,0.999058483391972,0.979058483391972,332.02628068441,325.073146813155
14.52,100,0,3612.68955813578,106.239355633217,4,0.99906349142137,0.97906349142137,332.000912132612,325.049972187634
14.53,100,0,3613.38205688406,106.265625355113,4,0.99906849656155,0.97906849656155,331.975591562582,325.026843326308
14.54,100,0,3614.07425513838,106.291885502409,4,0.999073499159173,0.979073499159173,331.950305865351,325.003747510547
14.55,100,0,3614.76614428595,106.318136079582,4,0.99907849943537,0.97907849943537,331.925046687066,324.980676635388
14.56,100,0,3615.45771889016,106.344377090268,4,0.999083497531296,0.979083497531296,331.899808702474,324.957625534386
14.57,100,0,3616.14897553859,106.370608537568,4,0.999088493537143,0.979088493537143,331.874588515618,324.934590913015
14.58,100,0,3616.83991210896,106.396830424239,4,0.999093487510629,0.979093487510629,331.849383959771,324.911570669426
14.59,100,0,3617.53052730146,106.423042752822,4,0.999098479488767,0.979098479488767,331.824193651542,324.888563461811
14.6,100,0,3618.22082034071,106.449245525721,4,0.999103469495374,0.979103469495374,331.799016706807,324.865568432788
14.61,100,0,3618.91079078572,106.475438745248,4,0.999108457545849,0.979108457545849,331.773852559721,324.842585033792
14.62,100,0,3619.60043840879,106.501622413663,4,0.999113443650223,0.979113443650223,331.748700847368,324.819612913154
14.63,100,0,3620.28976311825,106.527796533188,4,0.999118427815106,0.979118427815105,331.723561336243,324.79665184477
14.64,100,0,3620.97876490922,106.553961106024,4,0.99912341004492,0.97912341004492,331.698433875382,324.773701682623
14.65,100,0,3621.66744383216,106.580116134357,4,0.999128390342697,0.979128390342697,331.673318366477,324.750762331789
14.66,100,0,3622.35579997285,106.606261620365,4,0.999133368710576,0.979133368710576,331.648214744818,324.727833729942
14.67,100,0,3623.04383343959,106.63239756622,4,0.99913834515013,0.97913834515013,331.623122967138,324.704915835561
14.68,100,0,3623.73154435503,106.658523974091,4,0.999143319662569,0.979143319662569,331.598043003854,324.682008620405
14.69,100,0,3624.41893285096,106.684640846145,4,0.99914829224887,0.97914829224887,331.572974834123,324.659112064709
14.7,100,0,3625.10599906497,106.710748184548,4,0.999153262909866,0.979153262909866,331.54791844268,324.636226154124
14.71,100,0,3625.79274313838,106.736845991467,4,0.999158231646291,0.979158231646291,331.522873817826,324.613350877759
14.72,100,0,3626.4791652148,106.762934269066,4,0.999163198458822,0.979163198458822,331.497840950137,324.59048622693
14.73,100,0,3627.16526543932,106.789013019512,4,0.999168163348095,0.979168163348095,331.472819831648,324.567632194369
14.74,100,0,3627.85104395796,106.815082244971,4,0.999173126314722,0.979173126314722,331.447810455324,324.544788773709
14.75,100,0,3628.53650091728,106.84114194761,4,0.9991780873593,0.9791780873593,331.422812814724,324.52195595916
14.76,100,0,3629.22163646418,106.867192129597,4,0.999183046482416,0.979183046482415,331.39782690379,324.499133745306
14.77,100,0,3629.90645074575,106.893232793098,4,0.999188003684648,0.979188003684648,331.37285271671,324.476322126963
14.78,100,0,3630.59094390915,106.919263940282,4,0.999192958966573,0.979192958966573,331.347890247829,324.453521099103
14.79,100,0,3631.27511610163,106.945285573318,4,0.999197912328764,0.979197912328764,331.322939491592,324.430730656797
14.8,100,0,3631.95896747038,106.971297694376,4,0.999202863771792,0.979202863771792,331.298000442512,324.407950795176
14.81,100,0,3632.64249816261,106.997300305625,4,0.999207813296227,0.979207813296227,331.273073095142,324.385181509415
14.82,100,0,3633.32570832547,107.023293409236,4,0.999212760902639,0.979212760902639,331.248157444069,324.362422794719
14.83,100,0,3634.00859810606,107.049277007381,4,0.999217706591595,0.979217706591595,331.223253483893,324.339674646305
14.84,100,0,3634.69116765142,107.075251102231,4,0.999222650363666,0.979222650363666,331.198361209231,324.316937059406
14.85,100,0,3635.37341710853,107.101215695958,4,0.999227592219418,0.979227592219418,331.173480614707,324.294210029263
14.86,100,0,3636.05534662433,107.127170790735,4,0.999232532159421,0.979232532159421,331.148611694953,324.271493551126
14.87,100,0,3636.73695634565,107.153116388736,4,0.999237470184241,0.979237470184241,331.123754444607,324.248787620245
14.88,100,0,3637.4182464193,107.179052492135,4,0.999242406294448,0.979242406294448,331.098908858309,324.226092231876
14.89,100,0,3638.099216992,107.204979103107,4,0.999247340490608,0.979247340490608,331.074074930705,324.203407381281
14.9,100,0,3638.77986821039,107.230896223827,4,0.999252272773289,0.979252272773289,331.049252656442,324.18073306372
14.91,100,0,3639.46020022108,107.256803856471,4,0.99925720314306,0.97925720314306,331.024442030172,324.158069274458
14.92,100,0,3640.14021317058,107.282702003215,4,0.999262131600486,0.979262131600486,330.999643046547,324.135416008762
14.93,100,0,3640.81990720535,107.308590666236,4,0.999267058146137,0.979267058146137,330.974855700227,324.112773261903
14.94,100,0,3641.49928247176,107.334469847712,4,0.99927198278058,0.97927198278058,330.950079985867,324.090141029152
14.95,100,0,3642.17833911615,107.360339549821,4,0.999276905504381,0.979276905504381,330.925315898132,324.067519305783
14.96,100,0,3642.85707728477,107.386199774741,4,0.999281826318108,0.979281826318108,330.900563431684,324.04490808707
14.97,100,0,3643.53549712378,107.412050524653,4,0.999286745222328,0.979286745222328,330.87582258119,324.022307368294
14.98,100,0,3644.21359877933,107.437891801736,4,0.999291662217609,0.979291662217609,330.851093341318,323.999717144732
14.99,100,0,3644.89138239744,107.46372360817,4,0.999296577304518,0.979296577304518,330.826375706742,323.97713741167
15,100,0,3645.5688481241,107.489545946136,4,0.999301490483621,0.979301490483621,330.801669672133,323.95456816439
15.01,100,0,3646.24599610524,107.515358817817,4,0.999306401755486,0.979306401755486,330.776975232169,323.932009398179
15.02,100,0,3646.92282648668,107.541162225394,4,0.99931131112068,0.97931131112068,330.752292381529,323.909461108325
15.03,100,0,3647.59933941422,107.566956171049,4,0.999316218579769,0.979316218579769,330.727621114893,323.886923290119
15.04,100,0,3648.27553503357,107.592740656968,4,0.99932112413332,0.97932112413332,330.702961426946,323.864395938854
15.05,100,0,3648.95141349037,107.618515685332,4,0.999326027781901,0.979326027781901,330.678313312374,323.841879049826
15.06,100,0,3649.62697493019,107.644281258326,4,0.999330929526077,0.979330929526077,330.653676765864,323.819372618329
15.07,100,0,3650.30221949855,107.670037378137,4,0.999335829366416,0.979335829366416,330.629051782109,323.796876639664
15.08,100,0,3650.9771473409,107.695784046948,4,0.999340727303485,0.979340727303485,330.604438355802,323.774391109131
15.09,100,0,3651.6517586026,107.721521266947,4,0.999345623337848,0.979345623337848,330.579836481638,323.751916022034
15.1,100,0,3652.32605342898,107.74724904032,4,0.999350517470074,0.979350517470074,330.555246154316,323.729451373677
15.11,100,0,3653.00003196526,107.772967369254,4,0.999355409700729,0.979355409700729,330.530667368537,323.706997159369
15.12,100,0,3653.67369435662,107.798676255937,4,0.999360300030378,0.979360300030378,330.506100119003,323.684553374417
15.13,100,0,3654.34704074819,107.824375702557,4,0.999365188459589,0.979365188459589,330.481544400422,323.662120014135
15.14,100,0,3655.02007128498,107.850065711304,4,0.999370074988927,0.979370074988927,330.457000207498,323.639697073833
15.15,100,0,3655.69278611199,107.875746284366,4,0.999374959618958,0.979374959618958,330.432467534947,323.617284548831
15.16,100,0,3656.36518537411,107.901417423934,4,0.99937984235025,0.97937984235025,330.407946377477,323.594882434443
15.17,100,0,3657.03726921619,107.927079132199,4,0.999384723183367,0.979384723183367,330.383436729806,323.57249072599
15.18,100,0,3657.70903778301,107.952731411351,4,0.999389602118876,0.979389602118876,330.35893858665,323.550109418793
15.19,100,0,3658.38049121926,107.978374263583,4,0.999394479157343,0.979394479157343,330.334451942731,323.527738508177
15.2,100,0,3659.0516296696,108.004007691086,4,0.999399354299334,0.979399354299334,330.30997679277,323.505377989467
15.21,100,0,3659.72245327859,108.029631696053,4,0.999404227545414,0.979404227545414,330.285513131493,323.483027857991
15.22,100,0,3660.39296219074,108.055246280678,4,0.999409098896149,0.979409098896149,330.261060953628,323.460688109079
15.23,100,0,3661.06315655049,108.080851447154,4,0.999413968352106,0.979413968352106,330.236620253902,323.438358738062
15.24,100,0,3661.73303650223,108.106447197676,4,0.999418835913849,0.979418835913849,330.212191027051,323.416039740276
15.25,100,0,3662.40260219025,108.132033534439,4,0.999423701581944,0.979423701581944,330.187773267808,323.393731111056
15.26,100,0,3663.07185375879,108.157610459639,4,0.999428565356957,0.979428565356957,330.163366970908,323.371432845739
15.27,100,0,3663.74079135204,108.183177975471,4,0.999433427239453,0.979433427239453,330.138972131095,323.349144939669
15.28,100,0,3664.4094151141,108.208736084132,4,0.999438287229998,0.979438287229998,330.114588743107,323.326867388184
15.29,100,0,3665.07772518901,108.234284787819,4,0.999443145329157,0.979443145329157,330.09021680169,323.30460018663
15.3,100,0,3665.74572172075,108.259824088731,4,0.999448001537496,0.979448001537496,330.06585630159,323.282343330355
15.31,100,0,3666.41340485322,108.285353989064,4,0.999452855855579,0.979452855855579,330.041507237557,323.260096814705
15.32,100,0,3667.08077473028,108.310874491018,4,0.999457708283971,0.979457708283971,330.017169604342,323.237860635031
15.33,100,0,3667.7478314957,108.336385596793,4,0.999462558823239,0.979462558823239,329.992843396698,323.215634786686
15.34,100,0,3668.41457529319,108.361887308588,4,0.999467407473946,0.979467407473946,329.968528609383,323.193419265025
15.35,100,0,3669.08100626639,108.387379628603,4,0.999472254236658,0.979472254236658,329.944225237156,323.171214065405
15.36,100,0,3669.74712455888,108.412862559039,4,0.999477099111941,0.979477099111941,329.919933274776,323.149019183183
15.37,100,0,3670.41293031418,108.438336102099,4,0.999481942100358,0.979481942100358,329.895652717008,323.12683461372
15.38,100,0,3671.07842367573,108.463800259983,4,0.999486783202474,0.979486783202474,329.871383558618,323.10466035238
15.39,100,0,3671.74360478692,108.489255034894,4,0.999491622418855,0.979491622418855,329.847125794374,323.082496394527
15.4,100,0,3672.40847379105,108.514700429035,4,0.999496459750065,0.979496459750064,329.822879419047,323.060342735529
15.41,100,0,3673.07303083138,108.540136444611,4,0.999501295196668,0.979501295196668,329.798644427409,323.038199370753
15.42,100,0,3673.73727605109,108.565563083824,4,0.99950612875923,0.97950612875923,329.774420814237,323.01606629557
15.43,100,0,3674.40120959329,108.59098034888,4,0.999510960438314,0.979510960438314,329.750208574308,322.993943505355
15.44,100,0,3675.06483160105,108.616388241984,4,0.999515790234486,0.979515790234486,329.726007702402,322.97183099548
15.45,100,0,3675.72814221733,108.641786765341,4,0.999520618148309,0.979520618148309,329.701818193303,322.949728761326
15.46,100,0,3676.39114158507,108.667175921158,4,0.999525444180348,0.979525444180348,329.677640041795,322.927636798268
15.47,100,0,3677.05382984711,108.69255571164,4,0.999530268331168,0.979530268331168,329.653473242666,322.90555510169
15.48,100,0,3677.71620714625,108.717926138997,4,0.999535090601331,0.979535090601331,329.629317790706,322.883483666974
15.49,100,0,3678.3782736252,108.743287205435,4,0.999539910991404,0.979539910991404,329.605173680705,322.861422489504
15.5,100,0,3679.04002942663,108.768638913162,4,0.999544729501949,0.979544729501949,329.581040907461,322.83937156467
15.51,100,0,3679.70147469312,108.793981264388,4,0.999549546133531,0.979549546133531,329.556919465769,322.817330887859
15.52,100,0,3680.36260956721,108.819314261321,4,0.999554360886714,0.979554360886714,329.532809350429,322.795300454463
15.53,100,0,3681.02343419134,108.844637906172,4,0.999559173762061,0.979559173762061,329.508710556242,322.773280259875
15.54,100,0,3681.68394870793,108.869952201151,4,0.999563984760138,0.979563984760138,329.484623078013,322.75127029949
15.55,100,0,3682.34415325929,108.895257148468,4,0.999568793881506,0.979568793881506,329.460546910548,322.729270568707
15.56,100,0,3683.00404798768,108.920552750335,4,0.99957360112673,0.97957360112673,329.436482048656,322.707281062923
15.57,100,0,3683.66363303532,108.945839008965,4,0.999578406496374,0.979578406496374,329.412428487148,322.685301777541
15.58,100,0,3684.32290854433,108.971115926569,4,0.999583209991001,0.979583209991001,329.388386220838,322.663332707964
15.59,100,0,3684.98187465678,108.99638350536,4,0.999588011611176,0.979588011611176,329.364355244541,322.641373849597
15.6,100,0,3685.64053151467,109.021641747551,4,0.999592811357461,0.979592811357461,329.340335553078,322.619425197849
15.61,100,0,3686.29887925995,109.046890655358,4,0.999597609230419,0.979597609230419,329.316327141266,322.597486748127
15.62,100,0,3686.95691803448,109.072130230993,4,0.999602405230615,0.979602405230615,329.292330003931,322.575558495844
15.63,100,0,3687.61464798006,109.097360476672,4,0.999607199358611,0.979607199358611,329.268344135896,322.553640436413
15.64,100,0,3688.27206923846,109.122581394611,4,0.999611991614971,0.979611991614971,329.244369531991,322.53173256525
15.65,100,0,3688.92918195133,109.147792987025,4,0.999616782000259,0.979616782000259,329.220406187045,322.509834877771
15.66,100,0,3689.58598626029,109.172995256131,4,0.999621570515036,0.979621570515036,329.196454095892,322.487947369399
15.67,100,0,3690.24248230689,109.198188204146,4,0.999626357159866,0.979626357159866,329.172513253365,322.466070035552
15.68,100,0,3690.89867023262,109.223371833287,4,0.999631141935313,0.979631141935313,329.148583654302,322.444202871655
15.69,100,0,3691.55455017888,109.248546145773,4,0.999635924841939,0.979635924841939,329.124665293543,322.422345873134
15.7,100,0,3692.21012228703,109.273711143821,4,0.999640705880307,0.979640705880307,329.10075816593,322.400499035416
15.71,100,0,3692.86538669836,109.29886682965,4,0.999645485050979,0.979645485050979,329.076862266307,322.378662353931
15.72,100,0,3693.5203435541,109.324013205481,4,0.99965026235452,0.97965026235452,329.052977589521,322.35683582411
15.73,100,0,3694.17499299539,109.349150273532,4,0.99965503779149,0.97965503779149,329.02910413042,322.335019441387
15.74,100,0,3694.82933516333,109.374278036025,4,0.999659811362454,0.979659811362454,329.005241883856,322.313213201197
15.75,100,0,3695.48337019895,109.399396495181,4,0.999664583067974,0.979664583067974,328.981390844684,322.291417098979
15.76,100,0,3696.13709824322,109.42450565322,4,0.999669352908611,0.979669352908611,328.957551007758,322.269631130172
15.77,100,0,3696.79051943703,109.449605512365,4,0.999674120884929,0.979674120884929,328.933722367938,322.247855290217
15.78,100,0,3697.44363392121,109.474696074838,4,0.99967888699749,0.97967888699749,328.909904920084,322.226089574558
15.79,100,0,3698.09644183654,109.499777342862,4,0.999683651246856,0.979683651246856,328.886098659059,322.20433397864
15.8,100,0,3698.74894332373,109.524849318661,4,0.99968841363359,0.97968841363359,328.862303579729,322.182588497913
15.81,100,0,3699.4011385234,109.549912004458,4,0.999693174158254,0.979693174158254,328.838519676962,322.160853127824
15.82,100,0,3700.05302757615,109.574965402478,4,0.999697932821409,0.979697932821409,328.814746945627,322.139127863826
15.83,100,0,3700.70461062248,109.600009514945,4,0.999702689623619,0.979702689623619,328.790985380599,322.117412701373
15.84,100,0,3701.35588780283,109.625044344086,4,0.999707444565445,0.979707444565445,328.76723497675,322.095707635919
15.85,100,0,3702.00685925759,109.650069892125,4,0.999712197647449,0.979712197647449,328.743495728959,322.074012662923
15.86,100,0,3702.65752512709,109.675086161289,4,0.999716948870193,0.979716948870193,328.719767632104,322.052327777844
15.87,100,0,3703.30788555156,109.700093153805,4,0.999721698234238,0.979721698234238,328.696050681069,322.030652976144
15.88,100,0,3703.95794067122,109.725090871899,4,0.999726445740148,0.979726445740148,328.672344870736,322.008988253286
15.89,100,0,3704.60769062617,109.750079317801,4,0.999731191388482,0.979731191388482,328.648650195992,321.987333604736
15.9,100,0,3705.25713555648,109.775058493738,4,0.999735935179804,0.979735935179804,328.624966651727,321.965689025961
15.91,100,0,3705.90627560215,109.800028401939,4,0.999740677114674,0.979740677114674,328.601294232831,321.944054512433
15.92,100,0,3706.55511090311,109.824989044633,4,0.999745417193655,0.979745417193655,328.577632934199,321.92243005962
15.93,100,0,3707.20364159923,109.849940424049,4,0.999750155417307,0.979750155417307,328.553982750725,321.900815662998
15.94,100,0,3707.85186783032,109.874882542418,4,0.999754891786192,0.979754891786192,328.530343677308,321.879211318042
15.95,100,0,3708.49978973611,109.899815401971,4,0.999759626300871,0.979759626300871,328.506715708849,321.857617020229
15.96,100,0,3709.14740745629,109.924739004938,4,0.999764358961907,0.979764358961907,328.48309884025,321.836032765039
15.97,100,0,3709.79472113046,109.949653353551,4,0.999769089769859,0.979769089769859,328.459493066417,321.814458547953
15.98,100,0,3710.44173089818,109.974558450042,4,0.999773818725289,0.979773818725289,328.435898382258,321.792894364455
15.99,100,0,3711.08843689894,109.999454296644,4,0.999778545828759,0.979778545828759,328.41231478268,321.771340210031
16,100,0,3711.73483927214,110.024340895589,4,0.999783271080828,0.979783271080828,328.388742262598,321.749796080167
16.01,100,0,3712.38093815715,110.049218249111,4,0.999787994482059,0.979787994482059,328.365180816925,321.728261970353
16.02,100,0,3713.02673369327,110.074086359444,4,0.999792716033013,0.979792716033013,328.341630440577,321.706737876081
16.03,100,0,3713.67222601972,110.098945228823,4,0.999797435734249,0.979797435734249,328.318091128475,321.685223792844
16.04,100,0,3714.31741527568,110.123794859481,4,0.999802153586329,0.979802153586329,328.29456287554,321.663719716137
16.05,100,0,3714.96230160023,110.148635253655,4,0.999806869589813,0.979806869589813,328.271045676695,321.642225641457
16.06,100,0,3715.60688513243,110.17346641358,4,0.999811583745263,0.979811583745263,328.247539526866,321.620741564305
16.07,100,0,3716.25116601124,110.198288341492,4,0.999816296053239,0.979816296053239,328.224044420982,321.59926748018
16.08,100,0,3716.89514437558,110.223101039629,4,0.999821006514301,0.979821006514301,328.200560353972,321.577803384587
16.09,100,0,3717.5388203643,110.247904510226,4,0.99982571512901,0.97982571512901,328.177087320772,321.556349273031
16.1,100,0,3718.18219411617,110.272698755523,4,0.999830421897926,0.979830421897926,328.153625316315,321.534905141019
16.11,100,0,3718.82526576993,110.297483777756,4,0.99983512682161,0.97983512682161,328.130174335539,321.51347098406
16.12,100,0,3719.46803546423,110.322259579165,4,0.999839829900622,0.979839829900622,328.106734373383,321.492046797665
16.13,100,0,3720.11050333767,110.347026161988,4,0.999844531135523,0.979844531135523,328.083305424791,321.470632577347
16.14,100,0,3720.75266952876,110.371783528465,4,0.999849230526871,0.979849230526871,328.059887484706,321.449228318621
16.15,100,0,3721.39453417599,110.396531680835,4,0.999853928075228,0.979853928075228,328.036480548075,321.427834017005
16.16,100,0,3722.03609741776,110.42127062134,4,0.999858623781154,0.979858623781154,328.013084609848,321.406449668017
16.17,100,0,3722.6773593924,110.446000352219,4,0.999863317645208,0.979863317645208,327.989699664976,321.385075267179
16.18,100,0,3723.31832023819,110.470720875715,4,0.999868009667951,0.979868009667951,327.966325708412,321.363710810012
16.19,100,0,3723.95898009336,110.495432194068,4,0.999872699849942,0.979872699849942,327.942962735112,321.342356292043
16.2,100,0,3724.59933909604,110.520134309521,4,0.999877388191741,0.979877388191741,327.919610740034,321.321011708797
16.21,100,0,3725.23939738433,110.544827224317,4,0.999882074693908,0.979882074693908,327.896269718141,321.299677055805
16.22,100,0,3725.87915509625,110.569510940698,4,0.999886759357002,0.979886759357002,327.872939664393,321.278352328596
16.23,100,0,3726.51861236977,110.594185460908,4,0.999891442181584,0.979891442181584,327.849620573756,321.257037522702
16.24,100,0,3727.15776934278,110.618850787192,4,0.999896123168212,0.979896123168212,327.826312441198,321.235732633661
16.25,100,0,3727.79662615311,110.643506921792,4,0.999900802317447,0.979900802317447,327.803015261689,321.214437657007
16.26,100,0,3728.43518293855,110.668153866955,4,0.999905479629847,0.979905479629847,327.779729030199,321.193152588279
16.27,100,0,3729.0734398368,110.692791624925,4,0.999910155105972,0.979910155105972,327.756453741706,321.171877423018
16.28,100,0,3729.71139698551,110.717420197948,4,0.999914828746381,0.979914828746381,327.733189391183,321.150612156766
16.29,100,0,3730.34905452225,110.74203958827,4,0.999919500551634,0.979919500551634,327.709935973609,321.129356785067
16.3,100,0,3730.98641258456,110.766649798139,4,0.999924170522289,0.979924170522289,327.686693483968,321.108111303469
16.31,100,0,3731.62347130989,110.7912508298,4,0.999928838658906,0.979928838658906,327.663461917241,321.086875707519
16.32,100,0,3732.26023083564,110.815842685501,4,0.999933504962044,0.979933504962044,327.640241268415,321.065649992768
16.33,100,0,3732.89669129913,110.840425367491,4,0.999938169432262,0.979938169432262,327.617031532478,321.044434154768
16.34,100,0,3733.53285283764,110.864998878017,4,0.999942832070119,0.979942832070119,327.593832704419,321.023228189073
16.35,100,0,3734.16871558838,110.889563219329,4,0.999947492876173,0.979947492876173,327.570644779232,321.00203209124
16.36,100,0,3734.80427968848,110.914118393675,4,0.999952151850983,0.979952151850983,327.547467751911,320.980845856826
16.37,100,0,3735.43954527504,110.938664403305,4,0.999956808995109,0.979956808995109,327.524301617454,320.959669481392
16.38,100,0,3736.07451248507,110.963201250469,4,0.999961464309108,0.979961464309108,327.50114637086,320.938502960499
16.39,100,0,3736.70918145553,110.987728937418,4,0.999966117793539,0.979966117793539,327.478002007131,320.917346289713
16.4,100,0,3737.34355232331,111.012247466403,4,0.999970769448961,0.979970769448961,327.454868521269,320.896199464596
16.41,100,0,3737.97762522524,111.036756839675,4,0.999975419275933,0.979975419275933,327.431745908282,320.875062480719
16.42,100,0,3738.61140029809,111.061257059485,4,0.999980067275012,0.979980067275012,327.408634163178,320.853935333651
16.43,100,0,3739.24487767857,111.085748128086,4,0.999984713446758,0.979984713446758,327.385533280968,320.832818018964
16.44,100,0,3739.87805750333,111.110230047731,4,0.999989357791728,0.979989357791728,327.362443256665,320.81171053223
16.45,100,0,3740.51093990895,111.134702820673,4,0.99999400031048,0.97999400031048,327.339364085285,320.790612869027
16.46,100,0,3741.14352503194,111.159166449165,4,0.999998641003573,0.979998641003573,327.316295761844,320.769525024931
16.47,100,0,3741.77581300876,111.183620935461,4,1.00000327987157,0.980003279871565,327.293238281364,320.748446995522
16.48,100,0,3742.40780397581,111.208066281815,4,1.00000791691501,0.980007916915014,327.270191638864,320.727378776381
16.49,100,0,3743.03949806942,111.232502490482,4,1.00001255213448,0.980012552134478,327.247155829371,320.706320363091
16.5,100,0,3743.67089542586,111.256929563718,4,1.00001718553051,0.980017185530514,327.22413084791,320.685271751238
16.51,100,0,3744.30199618135,111.281347503777,4,1.00002181710368,0.980021817103681,327.201116689512,320.664232936409
16.52,100,0,3744.93280047202,111.305756312916,4,1.00002644685454,0.980026446854536,327.178113349205,320.643203914192
16.53,100,0,3745.56330843396,111.330155993392,4,1.00003107478364,0.980031074783637,327.155120822025,320.622184680179
16.54,100,0,3746.19352020319,111.354546547461,4,1.00003570089154,0.980035700891542,327.132139103007,320.601175229964
16.55,100,0,3746.82343591568,111.37892797738,4,1.00004032517881,0.980040325178808,327.109168187188,320.580175559141
16.56,100,0,3747.45305570732,111.403300285407,4,1.00004494764599,0.980044947645993,327.086208069609,320.559185663306
16.57,100,0,3748.08237971394,111.4276634738,4,1.00004956829365,0.980049568293654,327.063258745312,320.538205538059
16.58,100,0,3748.71140807133,111.452017544818,4,1.00005418712235,0.980054187122348,327.040320209342,320.517235179
16.59,100,0,3749.34014091519,111.476362500719,4,1.00005880413263,0.980058804132634,327.017392456746,320.496274581731
16.6,100,0,3749.96857838117,111.500698343764,4,1.00006341932507,0.980063419325067,326.994475482573,320.475323741857
16.61,100,0,3750.59672060487,111.52502507621,4,1.00006803270021,0.980068032700206,326.971569281874,320.454382654986
16.62,100,0,3751.22456772181,111.54934270032,4,1.00007264425861,0.980072644258608,326.948673849703,320.433451316724
16.63,100,0,3751.85211986745,111.573651218352,4,1.00007725400083,0.980077254000829,326.925789181116,320.412529722682
16.64,100,0,3752.4793771772,111.597950632569,4,1.00008186192743,0.980081861927426,326.902915271171,320.391617868473
16.65,100,0,3753.1063397864,111.622240945232,4,1.00008646803896,0.980086468038957,326.880052114929,320.370715749711
16.66,100,0,3753.73300783032,111.646522158601,4,1.00009107233598,0.980091072335979,326.857199707451,320.349823362011
16.67,100,0,3754.3593814442,111.67079427494,4,1.00009567481905,0.980095674819047,326.834358043804,320.328940700992
16.68,100,0,3754.98546076317,111.695057296511,4,1.00010027548872,0.980100275488719,326.811527119053,320.308067762273
16.69,100,0,3755.61124592235,111.719311225577,4,1.00010487434555,0.980104874345552,326.788706928269,320.287204541477
16.7,100,0,3756.23673705676,111.743556064402,4,1.0001094713901,0.980109471390102,326.765897466524,320.266351034227
16.71,100,0,3756.86193430137,111.767791815248,4,1.00011406662293,0.980114066622926,326.743098728889,320.245507236148
16.72,100,0,3757.48683779109,111.792018480381,4,1.00011866004458,0.980118660044579,326.720310710443,320.224673142868
16.73,100,0,3758.11144766078,111.816236062064,4,1.00012325165562,0.98012325165562,326.697533406263,320.203848750017
16.74,100,0,3758.73576404522,111.840444562563,4,1.0001278414566,0.980127841456603,326.67476681143,320.183034053226
16.75,100,0,3759.35978707913,111.864643984143,4,1.00013242944809,0.980132429448086,326.652010921027,320.162229048128
16.76,100,0,3759.98351689719,111.888834329071,4,1.00013701563062,0.980137015630624,326.629265730138,320.14143373036
16.77,100,0,3760.60695363399,111.913015599611,4,1.00014160000477,0.980141600004774,326.60653123385,320.120648095555
16.78,100,0,3761.23009742407,111.93718779803,4,1.00014618257109,0.980146182571091,326.583807427254,320.099872139356
16.79,100,0,3761.85294840193,111.961350926596,4,1.00015076333013,0.980150763330132,326.561094305442,320.079105857402
16.8,100,0,3762.47550670197,111.985504987576,4,1.00015534228245,0.980155342282452,326.538391863505,320.058349245335
16.81,100,0,3763.09777245855,112.009649983237,4,1.00015991942861,0.980159919428609,326.515700096542,320.037602298802
16.82,100,0,3763.71974580598,112.033785915848,4,1.00016449476916,0.980164494769156,326.49301899965,320.016865013448
16.83,100,0,3764.34142687848,112.057912787677,4,1.00016906830465,0.980169068304651,326.47034856793,319.996137384922
16.84,100,0,3764.96281581024,112.082030600993,4,1.00017364003565,0.980173640035649,326.447688796484,319.975419408875
16.85,100,0,3765.58391273536,112.106139358065,4,1.00017820996271,0.980178209962705,326.425039680418,319.954711080957
16.86,100,0,3766.2047177879,112.130239061162,4,1.00018277808638,0.980182778086375,326.402401214839,319.934012396825
16.87,100,0,3766.82523110185,112.154329712556,4,1.00018734440721,0.980187344407215,326.379773394858,319.913323352134
16.88,100,0,3767.44545281115,112.178411314516,4,1.00019190892578,0.98019190892578,326.357156215584,319.892643942542
16.89,100,0,3768.06538304965,112.202483869312,4,1.00019647164262,0.980196471642625,326.334549672132,319.871974163708
16.9,100,0,3768.68502195118,112.226547379217,4,1.00020103255831,0.980201032558305,326.311953759618,319.851314011296
16.91,100,0,3769.30436964947,112.250601846502,4,1.00020559167338,0.980205591673377,326.289368473161,319.830663480967
16.92,100,0,3769.92342627822,112.274647273439,4,1.00021014898839,0.980210148988395,326.26679380788,319.810022568388
16.93,100,0,3770.54219197105,112.298683662299,4,1.00021470450391,0.980214704503914,326.2442297589,319.789391269228
16.94,100,0,3771.16066686153,112.322711015356,4,1.00021925822049,0.980219258220489,326.221676321345,319.768769579153
16.95,100,0,3771.77885108316,112.346729334883,4,1.00022381013868,0.980223810138675,326.199133490341,319.748157493837
16.96,100,0,3772.39674476939,112.370738623153,4,1.00022836025903,0.980228360259028,326.176601261019,319.727555008951
16.97,100,0,3773.01434805359,112.39473888244,4,1.0002329085821,0.980232908582101,326.15407962851,319.706962120173
16.98,100,0,3773.63166106909,112.418730115018,4,1.00023745510845,0.98023745510845,326.131568587948,319.686378823177
16.99,100,0,3774.24868394916,112.442712323162,4,1.00024199983863,0.98024199983863,326.109068134468,319.665805113643
17,100,0,3774.86541682699,112.466685509147,4,1.00024654277319,0.980246542773194,326.08657826321,319.645240987252
17.01,100,0,3775.48185983573,112.490649675248,4,1.0002510839127,0.980251083912699,326.064098969313,319.624686439686
17.02,100,0,3776.09801310845,112.51460482374,4,1.0002556232577,0.980255623257697,326.04163024792,319.60414146663
17.03,100,0,3776.71387677818,112.5385509569,4,1.00026016080874,0.980260160808744,326.019172094176,319.58360606377
17.04,100,0,3777.32945097787,112.562488077004,4,1.00026469656639,0.980264696566394,325.996724503228,319.563080226795
17.05,100,0,3777.94473584042,112.586416186329,4,1.0002692305312,0.980269230531202,325.974287470224,319.542563951393
17.06,100,0,3778.55973149867,112.610335287153,4,1.00027376270372,0.980273762703721,325.951860990318,319.522057233259
17.07,100,0,3779.17443808541,112.634245381751,4,1.00027829308451,0.980278293084505,325.929445058661,319.501560068084
17.08,100,0,3779.78885573333,112.658146472404,4,1.00028282167411,0.98028282167411,325.90703967041,319.481072451566
17.09,100,0,3780.40298457512,112.682038561387,4,1.00028734847309,0.980287348473088,325.884644820724,319.460594379401
17.1,100,0,3781.01682474335,112.705921650982,4,1.00029187348199,0.980291873481995,325.862260504762,319.440125847291
17.11,100,0,3781.63037637057,112.729795743465,4,1.00029639670138,0.980296396701383,325.839886717686,319.419666850934
17.12,100,0,3782.24363958925,112.753660841117,4,1.00030091813181,0.980300918131807,325.817523454661,319.399217386036
17.13,100,0,3782.85661453181,112.777516946217,4,1.00030543777382,0.98030543777382,325.795170710854,319.3787774483
17.14,100,0,3783.46930133061,112.801364061046,4,1.00030995562798,0.980309955627977,325.772828481435,319.358347033436
17.15,100,0,3784.08170011794,112.825202187883,4,1.00031447169483,0.98031447169483,325.750496761573,319.33792613715
17.16,100,0,3784.69381102603,112.84903132901,4,1.00031898597493,0.980318985974933,325.728175546442,319.317514755154
17.17,100,0,3785.30563418707,112.872851486707,4,1.00032349846884,0.980323498468841,325.705864831219,319.29711288316
17.18,100,0,3785.91716973316,112.896662663256,4,1.00032800917711,0.980328009177106,325.68356461108,319.276720516883
17.19,100,0,3786.52841779637,112.920464860939,4,1.00033251810028,0.980332518100282,325.661274881206,319.256337652041
17.2,100,0,3787.13937850869,112.944258082038,4,1.00033702523892,0.980337025238922,325.638995636778,319.235964284349
17.21,100,0,3787.75005200205,112.968042328836,4,1.00034153059358,0.980341530593579,325.616726872981,319.215600409529
17.22,100,0,3788.36043840833,112.991817603615,4,1.00034603416481,0.980346034164806,325.594468585001,319.195246023303
17.23,100,0,3788.97053785935,113.015583908659,4,1.00035053595316,0.980350535953157,325.572220768027,319.174901121395
17.24,100,0,3789.58035048686,113.039341246251,4,1.00035503595919,0.980355035959185,325.54998341725,319.15456569953
17.25,100,0,3790.18987642255,113.063089618675,4,1.00035953418344,0.980359534183442,325.527756527862,319.134239753435
17.26,100,0,3790.79911579807,113.086829028216,4,1.00036403062648,0.980364030626482,325.505540095058,319.113923278841
17.27,100,0,3791.408068745,113.110559477158,4,1.00036852528886,0.980368525288858,325.483334114038,319.09361627148
17.28,100,0,3792.01673539483,113.134280967785,4,1.00037301817112,0.980373018171121,325.461138579998,319.073318727082
17.29,100,0,3792.62511587904,113.157993502384,4,1.00037750927383,0.980377509273825,325.438953488142,319.053030641385
17.3,100,0,3793.23321032903,113.18169708324,4,1.00038199859752,0.980381998597523,325.416778833673,319.032752010125
17.31,100,0,3793.84101887612,113.205391712639,4,1.00038648614277,0.980386486142767,325.394614611798,319.01248282904
17.32,100,0,3794.4485416516,113.229077392868,4,1.00039097191011,0.98039097191011,325.372460817723,318.992223093871
17.33,100,0,3795.05577878668,113.252754126212,4,1.0003954559001,0.980395455900103,325.35031744666,318.971972800361
17.34,100,0,3795.66273041253,113.276421914959,4,1.0003999381133,0.9803999381133,325.328184493821,318.951731944255
17.35,100,0,3796.26939666024,113.300080761397,4,1.00040441855025,0.980404418550253,325.306061954422,318.931500521297
17.36,100,0,3796.87577766085,113.323730667813,4,1.00040889721151,0.980408897211514,325.283949823677,318.911278527236
17.37,100,0,3797.48187354534,113.347371636495,4,1.00041337409763,0.980413374097634,325.261848096807,318.891065957823
17.38,100,0,3798.08768444464,113.371003669731,4,1.00041784920917,0.980417849209168,325.239756769033,318.870862808808
17.39,100,0,3798.69321048961,113.394626769811,4,1.00042232254666,0.980422322546665,325.217675835579,318.850669075946
17.4,100,0,3799.29845181104,113.418240939023,4,1.00042679411068,0.980426794110678,325.195605291668,318.830484754992
17.41,100,0,3799.90340853968,113.441846179656,4,1.00043126390176,0.98043126390176,325.17354513253,318.810309841702
17.42,100,0,3800.50808080622,113.465442494001,4,1.00043573192046,0.980435731920462,325.151495353395,318.790144331838
17.43,100,0,3801.11246874127,113.489029884347,4,1.00044019816733,0.980440198167335,325.129455949492,318.769988221158
17.44,100,0,3801.7165724754,113.512608352985,4,1.00044466264293,0.980444662642932,325.107426916059,318.749841505427
17.45,100,0,3802.32039213913,113.536177902205,4,1.0004491253478,0.980449125347804,325.08540824833,318.729704180409
17.46,100,0,3802.92392786288,113.559738534299,4,1.0004535862825,0.980453586282502,325.063399941544,318.70957624187
17.47,100,0,3803.52717977706,113.583290251557,4,1.00045804544758,0.980458045447579,325.041401990941,318.689457685578
17.48,100,0,3804.13014801199,113.606833056272,4,1.00046250284358,0.980462502843585,325.019414391765,318.669348507306
17.49,100,0,3804.73283269793,113.630366950736,4,1.00046695847107,0.980466958471072,324.997437139259,318.649248702823
17.5,100,0,3805.3352339651,113.65389193724,4,1.00047141233059,0.980471412330591,324.975470228673,318.629158267905
17.51,100,0,3805.93735194366,113.677408018078,4,1.00047586442269,0.980475864422693,324.953513655252,318.609077198325
17.52,100,0,3806.53918676368,113.700915195542,4,1.00048031474793,0.98048031474793,324.931567414252,318.589005489864
17.53,100,0,3807.1407385552,113.724413471926,4,1.00048476330685,0.980484763306853,324.909631500923,318.568943138299
17.54,100,0,3807.7420074482,113.747902849523,4,1.00048921010001,0.980489210100012,324.887705910522,318.548890139413
17.55,100,0,3808.34299357259,113.771383330628,4,1.00049365512796,0.980493655127959,324.865790638306,318.528846488987
17.56,100,0,3808.94369705823,113.794854917534,4,1.00049809839124,0.980498098391244,324.843885679537,318.508812182809
17.57,100,0,3809.54411803492,113.818317612536,4,1.00050253989042,0.980502539890419,324.821991029475,318.488787216663
17.58,100,0,3810.14425663239,113.84177141793,4,1.00050697962603,0.980506979626034,324.800106683385,318.468771586339
17.59,100,0,3810.74411298032,113.86521633601,4,1.00051141759864,0.980511417598639,324.778232636531,318.448765287626
17.6,100,0,3811.34368720833,113.888652369071,4,1.00051585380879,0.980515853808785,324.756368884186,318.428768316318
17.61,100,0,3811.94297944598,113.912079519411,4,1.00052028825702,0.980520288257024,324.734515421616,318.408780668208
17.62,100,0,3812.54198982279,113.935497789324,4,1.0005247209439,0.980524720943904,324.712672244098,318.388802339094
17.63,100,0,3813.14071846818,113.958907181108,4,1.00052915186998,0.980529151869977,324.690839346904,318.368833324771
17.64,100,0,3813.73916551156,113.982307697058,4,1.00053358103579,0.980533581035794,324.669016725313,318.348873621041
17.65,100,0,3814.33733108223,114.005699339473,4,1.0005380084419,0.980538008441903,324.647204374601,318.328923223703
17.66,100,0,3814.93521530948,114.02908211065,4,1.00054243408886,0.980542434088856,324.625402290053,318.308982128562
17.67,100,0,3815.53281832252,114.052456012886,4,1.0005468579772,0.980546857977203,324.60361046695,318.289050331423
17.68,100,0,3816.13014025049,114.075821048479,4,1.00055128010749,0.980551280107493,324.581828900579,318.269127828094
17.69,100,0,3816.72718122248,114.099177219728,4,1.00055570048028,0.980555700480276,324.560057586226,318.24921461438
17.7,100,0,3817.32394136754,114.122524528931,4,1.0005601190961,0.980560119096104,324.538296519182,318.229310686096
17.71,100,0,3817.92042081463,114.145862978388,4,1.00056453595552,0.980564535955524,324.51654569474,318.209416039052
17.72,100,0,3818.51661969268,114.169192570397,4,1.00056895105909,0.980568951059088,324.494805108192,318.189530669063
17.73,100,0,3819.11253813054,114.192513307259,4,1.00057336440734,0.980573364407344,324.473074754835,318.169654571944
17.74,100,0,3819.70817625702,114.215825191272,4,1.00057777600084,0.980577776000843,324.451354629968,318.149787743515
17.75,100,0,3820.30353420085,114.239128224738,4,1.00058218584013,0.980582185840134,324.42964472889,318.129930179593
17.76,100,0,3820.89861209072,114.262422409956,4,1.00058659392577,0.980586593925767,324.407945046905,318.110081876001
17.77,100,0,3821.49341005526,114.285707749227,4,1.00059100025829,0.98059100025829,324.386255579316,318.090242828563
17.78,100,0,3822.08792822304,114.308984244853,4,1.00059540483825,0.980595404838254,324.364576321432,318.070413033103
17.79,100,0,3822.68216672255,114.332251899135,4,1.00059980766621,0.980599807666207,324.342907268561,318.050592485449
17.8,100,0,3823.27612568226,114.355510714375,4,1.0006042087427,0.980604208742699,324.321248416013,318.030781181429
17.81,100,0,3823.86980523056,114.378760692874,4,1.00060860806828,0.980608608068279,324.299599759102,318.010979116873
17.82,100,0,3824.46320549577,114.402001836934,4,1.0006130056435,0.980613005643496,324.277961293143,317.991186287615
17.83,100,0,3825.05632660619,114.425234148859,4,1.0006174014689,0.9806174014689,324.256333013455,317.971402689488
17.84,100,0,3825.64916869002,114.448457630951,4,1.00062179554504,0.980621795545038,324.234714915355,317.951628318329
17.85,100,0,3826.24173187543,114.471672285513,4,1.00062618787246,0.98062618787246,324.213106994167,317.931863169976
17.86,100,0,3826.83401629052,114.494878114849,4,1.00063057845171,0.980630578451715,324.191509245213,317.912107240268
17.87,100,0,3827.42602206333,114.518075121262,4,1.00063496728335,0.980634967283351,324.169921663819,317.892360525045
17.88,100,0,3828.01774932185,114.541263307057,4,1.00063935436792,0.980639354367917,324.148344245314,317.872623020154
17.89,100,0,3828.60919819401,114.564442674538,4,1.00064373970596,0.980643739705962,324.126776985027,317.852894721437
17.9,100,0,3829.20036880768,114.587613226008,4,1.00064812329803,0.980648123298034,324.105219878292,317.833175624743
17.91,100,0,3829.79126129067,114.610774963774,4,1.00065250514468,0.980652505144681,324.08367292044,317.813465725919
17.92,100,0,3830.38187577074,114.633927890141,4,1.00065688524645,0.980656885246453,324.06213610681,317.793765020816
17.93,100,0,3830.97221237558,114.657072007413,4,1.0006612636039,0.980661263603897,324.040609432739,317.774073505286
17.94,100,0,3831.56227123283,114.680207317897,4,1.00066564021756,0.980665640217561,324.019092893569,317.754391175185
17.95,100,0,3832.15205247008,114.703333823898,4,1.00067001508799,0.980670015087994,323.997586484643,317.734718026368
17.96,100,0,3832.74155621484,114.726451527723,4,1.00067438821574,0.980674388215744,323.976090201304,317.715054054692
17.97,100,0,3833.33078259459,114.749560431679,4,1.00067875960136,0.980678759601359,323.9546040389,317.695399256018
17.98,100,0,3833.91973173674,114.772660538071,4,1.00068312924539,0.980683129245387,323.93312799278,317.675753626205
17.99,100,0,3834.50840376862,114.795751849209,4,1.00068749714837,0.980687497148375,323.911662058294,317.656117161119
18,100,0,3835.09679881755,114.818834367398,4,1.00069186331087,0.980691863310872,323.890206230797,317.636489856622
18.01,100,0,3835.68491701074,114.841908094947,4,1.00069622773342,0.980696227733425,323.868760505643,317.616871708584
18.02,100,0,3836.27275847538,114.864973034164,4,1.00070059041658,0.980700590416582,323.847324878189,317.597262712871
18.03,100,0,3836.8603233386,114.888029187356,4,1.00070495136089,0.98070495136089,323.825899343795,317.577662865353
18.04,100,0,3837.44761172744,114.911076556833,4,1.0007093105669,0.980709310566898,323.804483897824,317.558072161905
18.05,100,0,3838.03462376893,114.934115144903,4,1.00071366803515,0.980713668035152,323.783078535638,317.538490598399
18.06,100,0,3838.62135959,114.957144953876,4,1.0007180237662,0.9807180237662,323.761683252603,317.518918170711
18.07,100,0,3839.20781931754,114.98016598606,4,1.00072237776059,0.980722377760589,323.740298044088,317.49935487472
18.08,100,0,3839.7940030784,115.003178243765,4,1.00072673001887,0.980726730018867,323.718922905461,317.479800706302
18.09,100,0,3840.37991099934,115.026181729302,4,1.00073108054158,0.98073108054158,323.697557832096,317.460255661342
18.1,100,0,3840.96554320709,115.04917644498,4,1.00073542932928,0.980735429329276,323.676202819365,317.44071973572
18.11,100,0,3841.5508998283,115.07216239311,4,1.0007397763825,0.980739776382502,323.654857862646,317.421192925322
18.12,100,0,3842.13598098958,115.095139576003,4,1.00074412170181,0.980744121701805,323.633522957316,317.401675226034
18.13,100,0,3842.72078681748,115.118107995969,4,1.00074846528773,0.980748465287732,323.612198098757,317.382166633745
18.14,100,0,3843.30531743848,115.14106765532,4,1.00075280714083,0.980752807140829,323.59088328235,317.362667144345
18.15,100,0,3843.88957297902,115.164018556367,4,1.00075714726164,0.980757147261643,323.56957850348,317.343176753725
18.16,100,0,3844.47355356547,115.186960701422,4,1.00076148565072,0.980761485650721,323.548283757533,317.323695457779
18.17,100,0,3845.05725932416,115.209894092798,4,1.00076582230861,0.98076582230861,323.526999039899,317.304223252404
18.18,100,0,3845.64069038133,115.232818732806,4,1.00077015723586,0.980770157235856,323.505724345968,317.284760133495
18.19,100,0,3846.2238468632,115.255734623759,4,1.00077449043301,0.980774490433006,323.484459671133,317.265306096951
18.2,100,0,3846.80672889591,115.27864176797,4,1.00077882190061,0.980778821900605,323.463205010789,317.245861138676
18.21,100,0,3847.38933660555,115.301540167752,4,1.0007831516392,0.980783151639201,323.441960360333,317.226425254569
18.22,100,0,3847.97167011815,115.324429825419,4,1.00078747964934,0.980787479649339,323.420725715164,317.206998440535
18.23,100,0,3848.55372955969,115.347310743283,4,1.00079180593157,0.980791805931566,323.399501070682,317.187580692482
18.24,100,0,3849.13551505609,115.370182923659,4,1.00079613048643,0.980796130486428,323.378286422292,317.168172006316
18.25,100,0,3849.71702673322,115.393046368862,4,1.00080045331447,0.980800453314471,323.357081765399,317.148772377948
18.26,100,0,3850.29826471686,115.415901081204,4,1.00080477441624,0.980804774416241,323.33588709541,317.129381803288
18.27,100,0,3850.87922913278,115.438747063002,4,1.00080909379228,0.980809093792283,323.314702407734,317.110000278251
18.28,100,0,3851.45992010666,115.46158431657,4,1.00081341144314,0.980813411443144,323.293527697783,317.090627798751
18.29,100,0,3852.04033776415,115.484412844222,4,1.00081772736937,0.98081772736937,323.272362960971,317.071264360706
18.3,100,0,3852.6204822308,115.507232648276,4,1.00082204157151,0.980822041571505,323.251208192713,317.051909960033
18.31,100,0,3853.20035363216,115.530043731045,4,1.0008263540501,0.980826354050096,323.230063388427,317.032564592652
18.32,100,0,3853.77995209368,115.552846094846,4,1.00083066480569,0.980830664805688,323.208928543533,317.013228254488
18.33,100,0,3854.35927774076,115.575639741996,4,1.00083497383883,0.980834973838827,323.187803653453,316.993900941462
18.34,100,0,3854.93833069877,115.598424674811,4,1.00083928115006,0.980839281150058,323.16668871361,316.974582649502
18.35,100,0,3855.51711109299,115.621200895606,4,1.00084358673993,0.980843586739926,323.14558371943,316.955273374533
18.36,100,0,3856.09561904866,115.6439684067,4,1.00084789060898,0.980847890608977,323.124488666342,316.935973112485
18.37,100,0,3856.67385469097,115.66672721041,4,1.00085219275776,0.980852192757755,323.103403549775,316.916681859291
18.38,100,0,3857.25181814503,115.689477309052,4,1.00085649318681,0.980856493186807,323.082328365163,316.897399610882
18.39,100,0,3857.82950953592,115.712218704944,4,1.00086079189668,0.980860791896676,323.061263107937,316.878126363192
18.4,100,0,3858.40692898865,115.734951400405,4,1.00086508888791,0.980865088887908,323.040207773536,316.858862112158
18.41,100,0,3858.98407662817,115.757675397753,4,1.00086938416105,0.980869384161048,323.019162357398,316.839606853719
18.42,100,0,3859.56095257938,115.780390699305,4,1.00087367771664,0.980873677716641,322.998126854963,316.820360583813
18.43,100,0,3860.13755696712,115.803097307381,4,1.00087796955523,0.980877969555231,322.977101261672,316.801123298383
18.44,100,0,3860.71388991618,115.825795224299,4,1.00088225967736,0.980882259677362,322.956085572972,316.781894993372
18.45,100,0,3861.28995155129,115.848484452379,4,1.00088654808358,0.980886548083581,322.935079784308,316.762675664725
18.46,100,0,3861.86574199712,115.871164993939,4,1.00089083477443,0.98089083477443,322.914083891129,316.74346530839
18.47,100,0,3862.4412613783,115.8938368513,4,1.00089511975046,0.980895119750455,322.893097888884,316.724263920313
18.48,100,0,3863.01650981937,115.916500026781,4,1.0008994030122,0.9808994030122,322.87212177303,316.705071496447
18.49,100,0,3863.59148744484,115.939154522702,4,1.00090368456021,0.980903684560209,322.851155539017,316.685888032743
18.5,100,0,3864.16619437917,115.961800341384,4,1.00090796439503,0.980907964395027,322.830199182304,316.666713525156
18.51,100,0,3864.74063074674,115.984437485147,4,1.0009122425172,0.980912242517198,322.809252698351,316.64754796964
18.52,100,0,3865.31479667189,116.007065956311,4,1.00091651892726,0.980916518927265,322.788316082616,316.628391362153
18.53,100,0,3865.8886922789,116.029685757199,4,1.00092079362577,0.980920793625773,322.767389330563,316.609243698655
18.54,100,0,3866.46231769199,116.05229689013,4,1.00092506661327,0.980925066613265,322.746472437659,316.590104975107
18.55,100,0,3867.03567303533,116.074899357427,4,1.00092933789029,0.980929337890286,322.725565399368,316.57097518747
18.56,100,0,3867.60875843304,116.097493161412,4,1.00093360745738,0.98093360745738,322.704668211161,316.551854331711
18.57,100,0,3868.18157400916,116.120078304405,4,1.00093787531509,0.980937875315089,322.683780868508,316.532742403794
18.58,100,0,3868.7541198877,116.14265478873,4,1.00094214146396,0.980942141463959,322.662903366883,316.513639399689
18.59,100,0,3869.3263961926,116.165222616708,4,1.00094640590453,0.980946405904531,322.642035701761,316.494545315364
18.6,100,0,3869.89840304775,116.187781790662,4,1.00095066863735,0.98095066863735,322.621177868618,316.475460146791
18.61,100,0,3870.47014057698,116.210332312915,4,1.00095492966296,0.98095492966296,322.600329862935,316.456383889943
18.62,100,0,3871.04160890407,116.232874185791,4,1.0009591889819,0.980959188981903,322.579491680192,316.437316540796
18.63,100,0,3871.61280815273,116.255407411612,4,1.00096344659472,0.980963446594723,322.558663315872,316.418258095325
18.64,100,0,3872.18373844663,116.277931992702,4,1.00096770250196,0.980967702501964,322.537844765463,316.399208549511
18.65,100,0,3872.75439990938,116.300447931384,4,1.00097195670417,0.980971956704167,322.517036024449,316.380167899332
18.66,100,0,3873.32479266453,116.322955229983,4,1.00097620920188,0.980976209201877,322.496237088321,316.361136140771
18.67,100,0,3873.89491683557,116.345453890823,4,1.00098045999564,0.980980459995636,322.475447952571,316.342113269812
18.68,100,0,3874.46477254596,116.367943916227,4,1.00098470908599,0.980984709085987,322.454668612691,316.323099282439
18.69,100,0,3875.03435991907,116.390425308522,4,1.00098895647347,0.980988956473473,322.433899064177,316.304094174641
18.7,100,0,3875.60367907823,116.412898070031,4,1.00099320215864,0.980993202158637,322.413139302528,316.285097942406
18.71,100,0,3876.17273014672,116.435362203079,4,1.00099744614202,0.980997446142022,322.392389323241,316.266110581724
18.72,100,0,3876.74392689926,116.457817027731,4,1.00100081530258,0.981000815302576,322.348292440828,316.223937695846
18.73,100,0,3877.33308870301,116.480258023417,4,1.0010026883084,0.9810026883084,322.286271983631,316.163699220835
18.74,100,0,3877.93609414859,116.502686232703,4,1.00100439146675,0.981004391466749,322.241087162636,316.119921617565
18.75,100,0,3878.54689759422,116.525103285935,4,1.00100599719351,0.981005997193513,322.205535738507,316.085562888424
18.76,100,0,3879.16204074689,116.547510116836,4,1.00100754690955,0.981007546909553,322.175500484102,316.056597404266
18.77,100,0,3879.7795447404,116.569907260805,4,1.00100906431436,0.981009064314357,322.148626691429,316.030722840714
18.78,100,0,3880.39827696603,116.592295025402,4,1.00101056297149,0.981010562971488,322.123567202964,316.006622008164
18.79,100,0,3881.01758903911,116.614673587815,4,1.00101205064543,0.981012050645434,322.099551075012,315.983541112071
18.8,100,0,3881.6371097185,116.637043050619,4,1.001013531782,0.981013531782,322.076137006347,315.9610486673
18.81,100,0,3882.25662642248,116.659403473675,4,1.00101500892735,0.981015008927345,322.05307233043,315.938897627316
18.82,100,0,3882.87601741894,116.681754892383,4,1.00101648354001,0.981016483540008,322.030212351267,315.916946514482
18.83,100,0,3883.49521300797,116.704097328136,4,1.0010179564557,0.981017956455697,322.007474186816,315.895114290211
18.84,100,0,3884.11417329616,116.726430794303,4,1.00101942815338,0.981019428153379,321.984810351576,315.873354525177
18.85,100,0,3884.73287546819,116.748755299655,4,1.00102089890764,0.981020898907645,321.96219363339,315.851640612505
18.86,100,0,3885.35130649581,116.771070850328,4,1.00102236887598,0.981022368875977,321.939608434021,315.829957300948
18.87,100,0,3885.96945896066,116.793377450948,4,1.00102383814874,0.981023838148742,321.91704580981,315.808295845845
18.88,100,0,3886.58732866059,116.815675105277,4,1.00102530677783,0.981025306777832,321.894500630821,315.786651231448
18.89,100,0,3887.20491323767,116.837963816579,4,1.00102677479308,0.981026774793079,321.871969953192,315.765020579474
18.9,100,0,3887.82221139168,116.860243587832,4,1.00102824221167,0.981028242211666,321.849452086397,315.743402237106
18.91,100,0,3888.43922242915,116.882514421854,4,1.00102970904352,0.981029709043519,321.826946058628,315.72179525426
18.92,100,0,3889.05594600472,116.904776321368,4,1.0010311752944,0.981031175294402,321.8044513103,315.700199083914
18.93,100,0,3889.67238197281,116.927029289042,4,1.00103264096769,0.981032640967691,321.78196751831,315.678613410267
18.94,100,0,3890.28853030245,116.949273327516,4,1.00103410606539,0.98103410606539,321.759494495246,315.657038050195
18.95,100,0,3890.90439102848,116.971508439409,4,1.00103557058872,0.981035570588717,321.737032131564,315.635472896709
18.96,100,0,3891.51996422351,116.993734627333,4,1.00103703453844,0.981037034538437,321.714580362428,315.613917886534
18.97,100,0,3892.13524998183,117.015951893894,4,1.00103849791506,0.981038497915057,321.692139148659,315.592372981482
18.98,100,0,3892.75024841013,117.038160241692,4,1.00103996071893,0.981039960718934,321.669708465823,315.570838157782
18.99,100,0,3893.36495962226,117.060359673327,4,1.00104142295034,0.981041422950341,321.647288297944,315.549313399934
19,100,0,3893.97938373612,117.0825501914,4,1.0010428846095,0.981042884609499,321.624878633916,315.527798697197
19.01,100,0,3894.59352087196,117.104731798509,4,1.0010443456966,0.981044345696603,321.602479465425,315.506294041563
19.02,100,0,3895.20737115132,117.126904497251,4,1.00104580621183,0.981045806211831,321.580090785768,315.484799426597
19.03,100,0,3895.82093469649,117.149068290226,4,1.00104726615535,0.981047266155351,321.55771258916,315.463314846763
19.04,100,0,3896.43421163019,117.171223180031,4,1.00104872552733,0.981048725527328,321.535344870353,315.44184029705
19.05,100,0,3897.04720207533,117.193369169265,4,1.00105018432792,0.981050184327922,321.512987624405,315.420375772744
19.06,100,0,3897.65990615493,117.215506260527,4,1.00105164255729,0.98105164255729,321.490640846551,315.398921269305
19.07,100,0,3898.27232399205,117.237634456414,4,1.00105310021559,0.981053100215592,321.468304532128,315.377476782294
19.08,100,0,3898.88445570979,117.259753759525,4,1.00105455730298,0.981054557302983,321.445978676532,315.356042307329
19.09,100,0,3899.49630143119,117.28186417246,4,1.00105601381962,0.98105601381962,321.423663275194,315.334617840062
19.1,100,0,3900.10786127929,117.303965697816,4,1.00105746976566,0.98105746976566,321.40135832357,315.313203376167
19.11,100,0,3900.71913537709,117.326058338193,4,1.00105892514126,0.981058925141258,321.379063817123,315.29179891133
19.12,100,0,3901.33012384756,117.34814209619,4,1.00106037994657,0.981060379946573,321.356779751325,315.270404441242
19.13,100,0,3901.94082681362,117.370216974406,4,1.00106183418176,0.981061834181759,321.334506121657,315.249019961602
19.14,100,0,3902.55124439816,117.39228297544,4,1.00106328784697,0.981063287846974,321.312242923599,315.227645468111
19.15,100,0,3903.16137672401,117.414340101892,4,1.00106474094237,0.981064740942373,321.289990152638,315.206280956475
19.16,100,0,3903.77122391399,117.436388356362,4,1.00106619346811,0.981066193468112,321.26774780426,315.184926422398
19.17,100,0,3904.38078609085,117.458427741448,4,1.00106764542435,0.981067645424348,321.245515873955,315.163581861591
19.18,100,0,3904.9900633773,117.480458259751,4,1.00106909681124,0.981069096811238,321.223294357212,315.142247269761
19.19,100,0,3905.59905589602,117.50247991387,4,1.00107054762894,0.981070547628937,321.201083249527,315.120922642622
19.2,100,0,3906.20776376965,117.524492706406,4,1.0010719978776,0.981071997877603,321.178882546393,315.099607975886
19.21,100,0,3906.81618712078,117.546496639958,4,1.00107344755739,0.981073447557391,321.156692243305,315.078303265267
19.22,100,0,3907.42432607194,117.568491717127,4,1.00107489666846,0.981074896668457,321.134512335761,315.057008506482
19.23,100,0,3908.03218074565,117.590477940513,4,1.00107634521096,0.981076345210959,321.112342819262,315.03572369525
19.24,100,0,3908.63975126437,117.612455312716,4,1.00107779318505,0.981077793185053,321.090183689307,315.014448827289
19.25,100,0,3909.24703775052,117.634423836337,4,1.00107924059089,0.981079240590894,321.0680349414,314.99318389832
19.26,100,0,3909.85404032648,117.656383513976,4,1.00108068742864,0.98108068742864,321.045896571045,314.971928904065
19.27,100,0,3910.46075911458,117.678334348234,4,1.00108213369845,0.981082133698447,321.023768573746,314.950683840247
19.28,100,0,3911.06719423712,117.700276341712,4,1.00108357940047,0.981083579400471,321.001650945011,314.929448702592
19.29,100,0,3911.67334581634,117.722209497011,4,1.00108502453487,0.981085024534869,320.979543680349,314.908223486827
19.3,100,0,3912.27921397447,117.744133816731,4,1.0010864691018,0.981086469101797,320.95744677527,314.887008188678
19.31,100,0,3912.88479883365,117.766049303474,4,1.00108791310141,0.981087913101413,320.935360225287,314.865802803877
19.32,100,0,3913.49010051602,117.787955959842,4,1.00108935653387,0.981089356533871,320.913284025912,314.844607328153
19.33,100,0,3914.09511914366,117.809853788434,4,1.00109079939933,0.98109079939933,320.891218172661,314.823421757241
19.34,100,0,3914.69985483861,117.831742791853,4,1.00109224169794,0.981092241697945,320.869162661051,314.802246086873
19.35,100,0,3915.30430772285,117.8536229727,4,1.00109368342987,0.981093683429872,320.847117486598,314.781080312783
19.36,100,0,3915.90847791836,117.875494333577,4,1.00109512459527,0.98109512459527,320.825082644826,314.759924430713
19.37,100,0,3916.51236554704,117.897356877084,4,1.00109656519429,0.981096565194294,320.803058131252,314.738778436397
19.38,100,0,3917.11597073075,117.919210605825,4,1.0010980052271,0.9810980052271,320.781043941402,314.717642325576
19.39,100,0,3917.71929359133,117.941055522401,4,1.00109944469385,0.981099444693846,320.759040070799,314.696516093992
19.4,100,0,3918.32233425057,117.962891629414,4,1.00110088359469,0.981100883594688,320.73704651497,314.675399737388
19.41,100,0,3918.9250928302,117.984718929465,4,1.00110232192978,0.981102321929782,320.715063269442,314.654293251507
19.42,100,0,3919.52756945192,118.006537425157,4,1.00110375969929,0.981103759699285,320.693090329745,314.633196632096
19.43,100,0,3920.1297642374,118.028347119092,4,1.00110519690335,0.981105196903355,320.67112769141,314.612109874901
19.44,100,0,3920.73167730824,118.050148013873,4,1.00110663354215,0.981106633542147,320.649175349969,314.591032975673
19.45,100,0,3921.33330878603,118.071940112101,4,1.00110806961582,0.981108069615819,320.627233300955,314.56996593016
19.46,100,0,3921.93465879229,118.09372341638,4,1.00110950512453,0.981109505124526,320.605301539905,314.548908734115
19.47,100,0,3922.53572744851,118.115497929311,4,1.00111094006843,0.981110940068426,320.583380062356,314.527861383291
19.48,100,0,3923.13651487614,118.137263653497,4,1.00111237444768,0.981112374447676,320.561468863846,314.506823873443
19.49,100,0,3923.73702119659,118.159020591542,4,1.00111380826243,0.981113808262431,320.539567939917,314.485796200326
19.5,100,0,3924.33724653121,118.180768746047,4,1.00111524151285,0.98111524151285,320.517677286109,314.464778359698
19.51,100,0,3924.93719100133,118.202508119616,4,1.00111667419909,0.981116674199088,320.495796897967,314.44377034732
19.52,100,0,3925.53685472821,118.224238714851,4,1.0011181063213,0.981118106321303,320.473926771035,314.422772158949
19.53,100,0,3926.13623783311,118.245960534356,4,1.00111953787965,0.981119537879651,320.45206690086,314.401783790351
19.54,100,0,3926.7353404372,118.267673580733,4,1.00112096887429,0.981120968874289,320.430217282989,314.380805237285
19.55,100,0,3927.33416266165,118.289377856587,4,1.00112239930537,0.981122399305374,320.408377912974,314.35983649552
19.56,100,0,3927.93270462755,118.311073364519,4,1.00112382917306,0.981123829173062,320.386548786366,314.338877560821
19.57,100,0,3928.53096645598,118.332760107134,4,1.00112525847751,0.981125258477511,320.364729898717,314.317928428957
19.58,100,0,3929.12894826796,118.354438087034,4,1.00112668721888,0.981126687218878,320.342921245581,314.296989095695
19.59,100,0,3929.72665018448,118.376107306823,4,1.00112811539732,0.981128115397318,320.321122822516,314.276059556807
19.6,100,0,3930.32407232646,118.397767769106,4,1.00112954301299,0.98112954301299,320.299334625077,314.255139808066
19.61,100,0,3930.92121481481,118.419419476484,4,1.00113097006605,0.981130970066049,320.277556648825,314.234229845246
19.62,100,0,3931.51807777038,118.441062431563,4,1.00113239655665,0.981132396556653,320.255788889321,314.213329664121
19.63,100,0,3932.11466131399,118.462696636945,4,1.00113382248496,0.981133822484959,320.234031342126,314.192439260469
19.64,100,0,3932.7109655664,118.484322095235,4,1.00113524785112,0.981135247851124,320.212284002806,314.171558630068
19.65,100,0,3933.30699064835,118.505938809036,4,1.0011366726553,0.981136672655304,320.190546866925,314.150687768697
19.66,100,0,3933.90273668052,118.527546780952,4,1.00113809689766,0.981138096897657,320.16881993005,314.129826672138
19.67,100,0,3934.49820378355,118.549146013588,4,1.00113952057834,0.981139520578339,320.147103187751,314.108975336174
19.68,100,0,3935.09339207805,118.570736509547,4,1.00114094369751,0.981140943697508,320.125396635597,314.088133756589
19.69,100,0,3935.68830168457,118.592318271434,4,1.00114236625532,0.98114236625532,320.10370026916,314.067301929167
19.7,100,0,3936.28293272364,118.613891301853,4,1.00114378825193,0.981143788251932,320.082014084013,314.046479849697
19.71,100,0,3936.87728531572,118.635455603407,4,1.0011452096875,0.981145209687502,320.060338075732,314.025667513967
19.72,100,0,3937.47135958126,118.657011178702,4,1.00114663056219,0.981146630562187,320.038672239892,314.004864917766
19.73,100,0,3938.06515564064,118.678558030341,4,1.00114805087614,0.981148050876142,320.017016572072,313.984072056887
19.74,100,0,3938.6586736142,118.70009616093,4,1.00114947062953,0.981149470629526,319.995371067854,313.963288927124
19.75,100,0,3939.25191362227,118.721625573072,4,1.0011508898225,0.981150889822496,319.973735722816,313.942515524269
19.76,100,0,3939.84487578509,118.743146269372,4,1.00115230845521,0.981152308455208,319.952110532541,313.921751844118
19.77,100,0,3940.4375602229,118.764658252435,4,1.00115372652782,0.981153726527819,319.930495492615,313.900997882471
19.78,100,0,3941.02996705587,118.786161524866,4,1.00115514404049,0.981155144040488,319.908890598622,313.880253635124
19.79,100,0,3941.62209640414,118.807656089268,4,1.00115656099337,0.981156560993369,319.887295846151,313.859519097878
19.8,100,0,3942.21394838781,118.829141948248,4,1.00115797738662,0.981157977386622,319.86571123079,313.838794266535
19.81,100,0,3942.80552312693,118.850619104409,4,1.0011593932204,0.981159393220403,319.844136748132,313.818079136901
19.82,100,0,3943.39682074151,118.872087560357,4,1.00116080849487,0.981160808494868,319.822572393768,313.797373704778
19.83,100,0,3943.98784135152,118.893547318696,4,1.00116222321018,0.981162223210176,319.80101816329,313.776677965972
19.84,100,0,3944.57858507688,118.914998382032,4,1.00116363736648,0.981163637366483,319.779474052295,313.75599191629
19.85,100,0,3945.1690520375,118.936440752969,4,1.00116505096395,0.981165050963947,319.757940056378,313.735315551543
19.86,100,0,3945.75924235319,118.957874434113,4,1.00116646400272,0.981166464002724,319.736416171141,313.714648867542
19.87,100,0,3946.34915614378,118.979299428069,4,1.00116787648297,0.981167876482972,319.714902392181,313.693991860097
19.88,100,0,3946.938793529,119.000715737442,4,1.00116928840485,0.981169288404848,319.6933987151,313.673344525023
19.89,100,0,3947.5281546286,119.022123364836,4,1.00117069976851,0.981170699768509,319.671905135505,313.652706858135
19.9,100,0,3948.11723956222,119.043522312858,4,1.00117211057411,0.981172110574112,319.650421648995,313.632078855249
19.91,100,0,3948.70604844952,119.064912584113,4,1.00117352082181,0.981173520821815,319.62894825118,313.611460512184
19.92,100,0,3949.29458141008,119.086294181206,4,1.00117493051177,0.981174930511774,319.607484937667,313.590851824759
19.93,100,0,3949.88283856344,119.107667106742,4,1.00117633964415,0.981176339644148,319.586031704066,313.570252788794
19.94,100,0,3950.47082002912,119.129031363327,4,1.00117774821909,0.981177748219092,319.564588545988,313.549663400113
19.95,100,0,3951.05852592658,119.150386953566,4,1.00117915623677,0.981179156236765,319.543155459043,313.529083654537
19.96,100,0,3951.64595637523,119.171733880065,4,1.00118056369732,0.981180563697324,319.521732438848,313.508513547895
19.97,100,0,3952.23311149447,119.19307214543,4,1.00118197060093,0.981181970600926,319.500319481018,313.487953076011
19.98,100,0,3952.81999140362,119.214401752265,4,1.00118337694773,0.981183376947728,319.478916581171,313.467402234715
19.99,100,0,3953.40659622199,119.235722703177,4,1.00118478273789,0.981184782737887,319.457523734925,313.446861019836
20,100,0,3953.99292606883,119.257035000771,4,1.00118618797156,0.981186187971562,319.436140937901,313.426329427205
20.01,100,0,3954.57898106335,119.278338647653,4,1.00118759264891,0.981187592648908,319.414768185719,313.405807452655
20.02,100,0,3955.16476132472,119.299633646428,4,1.00118899677008,0.981188996770084,319.393405474005,313.385295092019
20.03,100,0,3955.75026697206,119.320919999703,4,1.00119040033525,0.981190400335246,319.372052798383,313.364792341135
20.04,100,0,3956.33549812447,119.342197710083,4,1.00119180334455,0.981191803344553,319.35071015448,313.344299195838
20.05,100,0,3956.92045490099,119.363466780174,4,1.00119320579816,0.981193205798161,319.329377537925,313.323815651967
20.06,100,0,3957.50513742061,119.384727212582,4,1.00119460769623,0.981194607696228,319.308054944346,313.303341705363
20.07,100,0,3958.08954580231,119.405979009912,4,1.00119600903891,0.981196009038911,319.286742369376,313.282877351866
20.08,100,0,3958.67368016499,119.427222174771,4,1.00119740982637,0.981197409826367,319.265439808647,313.262422587321
20.09,100,0,3959.25754062753,119.448456709765,4,1.00119881005875,0.981198810058755,319.244147257793,313.241977407568
20.1,100,0,3959.84112730877,119.469682617499,4,1.00120020973623,0.98120020973623,319.222864712452,313.221541808458
20.11,100,0,3960.42444032749,119.49089990058,4,1.00120160885895,0.981201608858951,319.20159216826,313.201115785835
20.12,100,0,3961.00747980246,119.512108561613,4,1.00120300742708,0.981203007427076,319.180329620857,313.18069933555
20.13,100,0,3961.59024585237,119.533308603205,4,1.00120440544076,0.98120440544076,319.159077065883,313.160292453452
20.14,100,0,3962.17273859589,119.554500027962,4,1.00120580290016,0.981205802900163,319.137834498982,313.139895135393
20.15,100,0,3962.75495815165,119.575682838489,4,1.00120719980544,0.981207199805441,319.116601915795,313.119507377225
20.16,100,0,3963.33690463822,119.596857037393,4,1.00120859615675,0.981208596156752,319.09537931197,313.099129174804
20.17,100,0,3963.91857817415,119.61802262728,4,1.00120999195425,0.981209991954253,319.074166683153,313.078760523986
20.18,100,0,3964.49997887794,119.639179610756,4,1.0012113871981,0.981211387198101,319.052964024993,313.058401420629
20.19,100,0,3965.08110686803,119.660327990428,4,1.00121278188846,0.981212781888455,319.031771333139,313.038051860591
20.2,100,0,3965.66196226286,119.681467768901,4,1.00121417602547,0.981214176025471,319.010588603243,313.017711839732
20.21,100,0,3966.24254518078,119.702598948782,4,1.00121556960931,0.981215569609308,318.989415830961,312.997381353917
20.22,100,0,3966.82285574013,119.723721532676,4,1.00121696264012,0.981216962640122,318.968253011944,312.977060399006
20.23,100,0,3967.40289405919,119.744835523191,4,1.00121835511807,0.981218355118071,318.947100141851,312.956748970866
20.24,100,0,3967.98266025622,119.765940922932,4,1.00121974704331,0.981219747043313,318.925957216338,312.936447065362
20.25,100,0,3968.56215444942,119.787037734506,4,1.001221138416,0.981221138416005,318.904824231065,312.916154678362
20.26,100,0,3969.14137675695,119.808125960519,4,1.0012225292363,0.981222529236304,318.883701181693,312.895871805735
20.27,100,0,3969.72032729692,119.829205603577,4,1.00122391950437,0.981223919504369,318.862588063887,312.875598443354
20.28,100,0,3970.29900618743,119.850276666287,4,1.00122530922036,0.981225309220356,318.841484873308,312.855334587089
20.29,100,0,3970.8774135465,119.871339151255,4,1.00122669838442,0.981226698384424,318.820391605623,312.835080232815
20.3,100,0,3971.45554949214,119.892393061087,4,1.00122808699673,0.981228086996729,318.799308256499,312.814835376405
20.31,100,0,3972.03341414229,119.913438398389,4,1.00122947505743,0.98122947505743,318.778234821605,312.794600013738
20.32,100,0,3972.61100761487,119.934475165769,4,1.00123086256668,0.981230862566683,318.757171296612,312.774374140691
20.33,100,0,3973.18833002774,119.955503365831,4,1.00123224952465,0.981232249524647,318.736117677191,312.754157753143
20.34,100,0,3973.76538149874,119.976523001184,4,1.00123363593148,0.98123363593148,318.715073959017,312.733950846976
20.35,100,0,3974.34216214565,119.997534074432,4,1.00123502178734,0.981235021787338,318.694040137763,312.713753418072
20.36,100,0,3974.9186720862,120.018536588182,4,1.00123640709238,0.981236407092379,318.673016209105,312.693565462314
20.37,100,0,3975.49491143812,120.039530545042,4,1.00123779184676,0.981237791846761,318.652002168725,312.673386975589
20.38,100,0,3976.07088031905,120.060515947616,4,1.00123917605064,0.981239176050642,318.630998012301,312.653217953784
20.39,100,0,3976.64657884661,120.081492798512,4,1.00124055970418,0.981240559704179,318.610003735512,312.633058392784
20.4,100,0,3977.22200713839,120.102461100336,4,1.00124194280753,0.981241942807529,318.589019334044,312.612908288483
20.41,100,0,3977.79716531191,120.123420855694,4,1.00124332536085,0.981243325360851,318.568044803579,312.592767636769
20.42,100,0,3978.37205348466,120.144372067193,4,1.0012447073643,0.981244707364303,318.547080139805,312.572636433536
20.43,100,0,3978.94667177411,120.165314737438,4,1.00124608881804,0.981246088818041,318.526125338409,312.552514674679
20.44,100,0,3979.52102029765,120.186248869038,4,1.00124746972222,0.981247469722223,318.505180395079,312.532402356092
20.45,100,0,3980.09509917266,120.207174464596,4,1.00124885007701,0.981248850077007,318.484245305507,312.512299473672
20.46,100,0,3980.66890851647,120.228091526721,4,1.00125022988255,0.981250229882551,318.463320065385,312.492206023319
20.47,100,0,3981.24244844634,120.249000058019,4,1.00125160913901,0.981251609139013,318.442404670405,312.472122000932
20.48,100,0,3981.81571907954,120.269900061095,4,1.00125298784655,0.981252987846549,318.421499116265,312.452047402412
20.49,100,0,3982.38872053325,120.290791538557,4,1.00125436600532,0.981254366005319,318.40060339866,312.431982223663
20.5,100,0,3982.96145292464,120.31167449301,4,1.00125574361548,0.981255743615479,318.379717513289,312.411926460588
20.51,100,0,3983.53391637083,120.332548927061,4,1.00125712067719,0.981257120677187,318.358841455852,312.391880109094
20.52,100,0,3984.10611098888,120.353414843317,4,1.0012584971906,0.981258497190601,318.33797522205,312.371843165087
20.53,100,0,3984.67803689583,120.374272244382,4,1.00125987315588,0.981259873155879,318.317118807586,312.351815624477
20.54,100,0,3985.24969420868,120.395121132865,4,1.00126124857318,0.981261248573178,318.296272208166,312.331797483173
20.55,100,0,3985.82108304437,120.415961511371,4,1.00126262344266,0.981262623442656,318.275435419495,312.311788737087
20.56,100,0,3986.39220351981,120.436793382507,4,1.00126399776447,0.981263997764471,318.254608437281,312.291789382132
20.57,100,0,3986.96305575186,120.457616748878,4,1.00126537153878,0.981265371538781,318.233791257234,312.271799414224
20.58,100,0,3987.53363985736,120.478431613091,4,1.00126674476574,0.981266744765743,318.212983875062,312.251818829276
20.59,100,0,3988.10395595309,120.499237977753,4,1.00126811744552,0.981268117445515,318.192186286482,312.231847623209
20.6,100,0,3988.67400415578,120.520035845468,4,1.00126948957826,0.981269489578255,318.171398487204,312.211885791938
20.61,100,0,3989.24378458213,120.540825218845,4,1.00127086116412,0.981270861164121,318.150620472945,312.191933331387
20.62,100,0,3989.81329734881,120.561606100489,4,1.00127223220327,0.981272232203271,318.129852239424,312.171990237476
20.63,100,0,3990.38254257243,120.582378493005,4,1.00127360269586,0.981273602695861,318.109093782356,312.152056506128
20.64,100,0,3990.95152036956,120.603142399001,4,1.00127497264205,0.981274972642051,318.088345097463,312.132132133268
20.65,100,0,3991.52023085673,120.623897821083,4,1.001276342042,0.981276342041998,318.067606180467,312.112217114823
20.66,100,0,3992.08867415045,120.644644761856,4,1.00127771089586,0.981277710895859,318.046877027089,312.092311446719
20.67,100,0,3992.65685036715,120.665383223926,4,1.00127907920379,0.981279079203793,318.026157633057,312.072415124887
20.68,100,0,3993.22475962324,120.6861132099,4,1.00128044696596,0.981280446965957,318.005447994096,312.052528145256
20.69,100,0,3993.79240203509,120.706834722384,4,1.00128181418251,0.981281814182509,317.984748105933,312.032650503758
20.7,100,0,3994.35977771903,120.727547763984,4,1.00128318085361,0.981283180853607,317.9640579643,312.012782196329
20.71,100,0,3994.92688679133,120.748252337305,4,1.00128454697941,0.981284546979409,317.943377564925,311.9929232189
20.72,100,0,3995.49372936824,120.768948444955,4,1.00128591256007,0.981285912560073,317.922706903542,311.97307356741
20.73,100,0,3996.06030556596,120.789636089538,4,1.00128727759576,0.981287277595756,317.902045975884,311.953233237796
20.74,100,0,3996.62661550064,120.810315273661,4,1.00128864208662,0.981288642086616,317.881394777688,311.933402225997
20.75,100,0,3997.19265928841,120.830985999929,4,1.00129000603281,0.981290006032812,317.860753304691,311.913580527955
20.76,100,0,3997.75843704533,120.851648270949,4,1.0012913694345,0.9812913694345,317.840121552632,311.89376813961
20.77,100,0,3998.32394888743,120.872302089326,4,1.00129273229184,0.98129273229184,317.81949951725,311.873965056908
20.78,100,0,3998.88919493072,120.892947457666,4,1.00129409460499,0.981294094604988,317.798887194288,311.854171275791
20.79,100,0,3999.45417529113,120.913584378575,4,1.0012954563741,0.981295456374104,317.778284579489,311.834386792209
20.8,100,0,4000.01889289739,120.934212854659,4,1.00129681756679,0.981296817566788,317.757694753725,311.814614619189
20.81,100,0,4000.5836301969,120.954832903152,4,1.00129817492143,0.981298174921426,317.737426819595,311.795157042299
20.82,100,0,4001.14848840141,120.975444580695,4,1.00129952729012,0.981299527290124,317.717589601886,311.776120488089
20.83,100,0,4001.7133132593,120.996047931306,4,1.00130087647645,0.981300876476447,317.698012255141,311.757337880795
20.84,100,0,4002.27801302564,121.016642982174,4,1.00130222355357,0.981302223553571,317.678593147763,311.73870983127
20.85,100,0,4002.84253314185,121.037229750471,4,1.0013035691602,0.981303569160203,317.659271810819,311.720177204788
20.86,100,0,4003.40684117585,121.057808247415,4,1.00130491367656,0.981304913676555,317.640012259779,311.701704810802
20.87,100,0,4003.97091786343,121.078378480675,4,1.00130625732903,0.98130625732903,317.620793076402,311.683271703682
20.88,100,0,4004.53475177807,121.098940455812,4,1.00130760025248,0.981307600252485,317.601601509693,311.664865413823
20.89,100,0,4005.09833615913,121.11949417713,4,1.00130894252729,0.981308942527287,317.582429966704,311.646478515872
20.9,100,0,4005.66166702404,121.140039648184,4,1.00131028420136,0.981310284201364,317.563273924636,311.6281065869
20.91,100,0,4006.22474204459,121.160576872084,4,1.00131162530333,0.981311625303326,317.544130688401,311.609746991367
20.92,100,0,4006.78755987789,121.181105851677,4,1.00131296585028,0.981312965850282,317.524998651145,311.591398157962
20.93,100,0,4007.35011976801,121.201626589648,4,1.00131430585249,0.981314305852486,317.505876854073,311.57305914914
20.94,100,0,4007.91242130869,121.222139088591,4,1.00131564531611,0.981315645316112,317.486764724373,311.554729404822
20.95,100,0,4008.47446430204,121.242643351042,4,1.0013169842449,0.981316984244901,317.467661919163,311.536408589793
20.96,100,0,4009.03624867433,121.263139379506,4,1.00131832264115,0.981318322641146,317.448568232559,311.518096502808
20.97,100,0,4009.59777442583,121.283627176465,4,1.00131966050627,0.981319660506274,317.429483540311,311.49979302246
20.98,100,0,4010.1590416009,121.304106744391,4,1.0013209978412,0.981320997841199,317.410407766818,311.481498074916
20.99,100,0,4010.72005027021,121.32457808575,4,1.00132233464653,0.981322334646527,317.391340865487,311.463211614712
21,100,0,4011.28080052006,121.345041203001,4,1.00132367092268,0.981323670922682,317.372282807016,311.444933613292
21.01,100,0,4011.84129244609,121.365496098603,4,1.00132500666998,0.981325006669977,317.353233572411,311.426664052184
21.02,100,0,4012.40152614949,121.385942775011,4,1.00132634188866,0.98132634188866,317.334193148827,311.408402918928
21.03,100,0,4012.96150173473,121.406381234683,4,1.00132767657894,0.981327676578944,317.315161527095,311.390150204656
21.04,100,0,4013.52121930825,121.426811480072,4,1.00132901074101,0.981329010741013,317.296138700226,311.371905902636
21.05,100,0,4014.08067897763,121.447233513633,4,1.00133034437504,0.981330344375041,317.277124662541,311.353670007414
21.06,100,0,4014.63988085112,121.467647337822,4,1.00133167748119,0.981331677481192,317.258119409146,311.335442514305
21.07,100,0,4015.19882503736,121.488052955092,4,1.00133301005963,0.981333010059628,317.239122935606,311.317223419075
21.08,100,0,4015.75751164521,121.508450367898,4,1.0013343421105,0.981334342110504,317.22013523777,311.299012717762
21.09,100,0,4016.31594078364,121.528839578696,4,1.00133567363398,0.981335673633975,317.20115631165,311.280810406569
21.1,100,0,4016.87411256166,121.549220589938,4,1.0013370046302,0.981337004630196,317.182186153363,311.262616481799
21.11,100,0,4017.43202708831,121.569593404081,4,1.00133833509932,0.98133833509932,317.163224759082,311.244430939809
21.12,100,0,4017.98968447263,121.589958023577,4,1.0013396650415,0.981339665041501,317.144272125018,311.226253776996
21.13,100,0,4018.54708482363,121.610314450883,4,1.00134099445689,0.98134099445689,317.125328247406,311.208084989777
21.14,100,0,4019.1042282503,121.630662688451,4,1.00134232334564,0.981342323345642,317.106393122493,311.189924574584
21.15,100,0,4019.66111486161,121.651002738738,4,1.00134365170791,0.981343651707907,317.087466746535,311.171772527854
21.16,100,0,4020.21774476647,121.671334604197,4,1.00134497954384,0.98134497954384,317.068549115796,311.153628846036
21.17,100,0,4020.77411807378,121.691658287284,4,1.00134630685359,0.981346306853592,317.049640226541,311.135493525576
21.18,100,0,4021.33023489239,121.711973790452,4,1.00134763363732,0.981347633637317,317.030740075039,311.117366562927
21.19,100,0,4021.88609533113,121.732281116156,4,1.00134895989517,0.981348959895167,317.011848657561,311.099247954542
21.2,100,0,4022.44169949878,121.752580266851,4,1.00135028562729,0.981350285627294,316.992965970381,311.081137696877
21.21,100,0,4022.99704750408,121.772871244992,4,1.00135161083385,0.98135161083385,316.974092009775,311.063035786389
21.22,100,0,4023.55213945575,121.793154053033,4,1.00135293551499,0.98135293551499,316.955226772017,311.044942219538
21.23,100,0,4024.10697546245,121.813428693429,4,1.00135425967086,0.981354259670864,316.936370253386,311.026856992782
21.24,100,0,4024.66155563283,121.833695168635,4,1.00135558330163,0.981355583301626,316.917522450161,311.008780102584
21.25,100,0,4025.21588007548,121.853953481105,4,1.00135690640743,0.981356906407429,316.898683358622,310.990711545405
21.26,100,0,4025.76994889896,121.874203633293,4,1.00135822898842,0.981358228988424,316.87985297505,310.972651317708
21.27,100,0,4026.3237622118,121.894445627656,4,1.00135955104476,0.981359551044764,316.861031295731,310.95459941596
21.28,100,0,4026.87732012248,121.914679466647,4,1.0013608725766,0.981360872576603,316.842218316949,310.936555836627
21.29,100,0,4027.43062273946,121.934905152721,4,1.00136219358409,0.981362193584092,316.823414034987,310.918520576176
21.3,100,0,4027.98367017116,121.955122688333,4,1.00136351406738,0.981363514067384,316.804618446133,310.900493631074
21.31,100,0,4028.53646252593,121.975332075938,4,1.00136483402663,0.981364834026632,316.785831546676,310.882474997792
21.32,100,0,4029.08899991214,121.99553331799,4,1.00136615346199,0.981366153461988,316.767053332905,310.864464672801
21.33,100,0,4029.64128243807,122.015726416944,4,1.00136747237361,0.981367472373605,316.748283801111,310.846462652574
21.34,100,0,4030.19331021199,122.035911375255,4,1.00136879076164,0.981368790761636,316.729522947586,310.828468933583
21.35,100,0,4030.74508334214,122.056088195377,4,1.00137010862623,0.981370108626233,316.710770768624,310.810483512303
21.36,100,0,4031.2966019367,122.076256879766,4,1.00137142596755,0.981371425967549,316.692027260519,310.79250638521
21.37,100,0,4031.84786610383,122.096417430876,4,1.00137274278574,0.981372742785736,316.673292419568,310.774537548781
21.38,100,0,4032.39887595164,122.116569851161,4,1.00137405908095,0.981374059080947,316.654566242067,310.756576999494
21.39,100,0,4032.94963158822,122.136714143078,4,1.00137537485333,0.981375374853334,316.635848724315,310.738624733828
21.4,100,0,4033.5001331216,122.156850309079,4,1.00137669010305,0.981376690103051,316.617139862612,310.720680748265
21.41,100,0,4034.05038065981,122.176978351621,4,1.00137800483025,0.98137800483025,316.59843965326,310.702745039287
21.42,100,0,4034.60037431079,122.197098273157,4,1.00137931903508,0.981379319035083,316.57974809256,310.684817603375
21.43,100,0,4035.1501141825,122.217210076143,4,1.0013806327177,0.981380632717703,316.561065176816,310.666898437014
21.44,100,0,4035.69960038281,122.237313763033,4,1.00138194587826,0.981381945878263,316.542390902333,310.64898753669
21.45,100,0,4036.2488330196,122.257409336282,4,1.00138325851692,0.981383258516915,316.523725265418,310.631084898889
21.46,100,0,4036.79781220067,122.277496798344,4,1.00138457063381,0.981384570633812,316.505068262378,310.613190520099
21.47,100,0,4037.34653803383,122.297576151675,4,1.00138588222911,0.981385882229107,316.486419889522,310.59530439681
21.48,100,0,4037.8950106268,122.317647398729,4,1.00138719330295,0.981387193302952,316.46778014316,310.577426525512
21.49,100,0,4038.44323008732,122.337710541961,4,1.0013885038555,0.9813885038555,316.449149019603,310.559556902695
21.5,100,0,4038.99119652304,122.357765583825,4,1.0013898138869,0.981389813886903,316.430526515166,310.541695524854
21.51,100,0,4039.5389100416,122.377812526777,4,1.00139112339731,0.981391123397315,316.41191262616,310.52384238848
21.52,100,0,4040.08637075061,122.39785137327,4,1.00139243238689,0.981392432386887,316.3933073489,310.505997490069
21.53,100,0,4040.63357875762,122.417882125759,4,1.00139374085577,0.981393740855773,316.374710679706,310.48816082612
21.54,100,0,4041.18053417017,122.4379047867,4,1.00139504880412,0.981395048804125,316.356122614894,310.470332393128
21.55,100,0,4041.72723709574,122.457919358546,4,1.0013963562321,0.981396356232096,316.337543150782,310.452512187591
21.56,100,0,4042.27368764178,122.477925843752,4,1.00139766313984,0.981397663139838,316.318972283692,310.434700206011
21.57,100,0,4042.81988591571,122.497924244774,4,1.0013989695275,0.981398969527504,316.300410009946,310.416896444888
21.58,100,0,4043.36583202491,122.517914564064,4,1.00140027539525,0.981400275395246,316.281856325865,310.399100900724
21.59,100,0,4043.91152607671,122.537896804079,4,1.00140158074322,0.981401580743219,316.263311227775,310.381313570023
21.6,100,0,4044.45696817842,122.557870967272,4,1.00140288557157,0.981402885571573,316.244774712,310.363534449289
21.61,100,0,4045.00215843731,122.577837056098,4,1.00140418988046,0.981404189880462,316.226246774869,310.345763535029
21.62,100,0,4045.54709696061,122.597795073012,4,1.00140549367004,0.981405493670038,316.207727412708,310.328000823749
21.63,100,0,4046.09178385552,122.617745020468,4,1.00140679694045,0.981406796940454,316.189216621848,310.310246311959
21.64,100,0,4046.63621922918,122.63768690092,4,1.00140809969186,0.981408099691863,316.170714398617,310.292499996166
21.65,100,0,4047.18040318871,122.657620716823,4,1.00140940192442,0.981409401924417,316.152220739351,310.274761872883
21.66,100,0,4047.72433584122,122.677546470631,4,1.00141070363827,0.981410703638269,316.13373564038,310.257031938619
21.67,100,0,4048.26801729372,122.6974641648,4,1.00141200483357,0.981412004833572,316.11525909804,310.239310189891
21.68,100,0,4048.81144765324,122.717373801782,4,1.00141330551048,0.981413305510478,316.096791108666,310.221596623211
21.69,100,0,4049.35462702675,122.737275384033,4,1.00141460566914,0.98141460566914,316.078331668597,310.203891235096
21.7,100,0,4049.89755552119,122.757168914006,4,1.00141590530971,0.981415905309711,316.059880774169,310.186194022061
21.71,100,0,4050.44023324344,122.777054394157,4,1.00141720443234,0.981417204432343,316.041438421723,310.168504980624
21.72,100,0,4050.98266030038,122.796931826938,4,1.00141850303719,0.98141850303719,316.023004607599,310.150824107305
21.73,100,0,4051.52483679882,122.816801214806,4,1.0014198011244,0.981419801124403,316.00457932814,310.133151398623
21.74,100,0,4052.06676284556,122.836662560213,4,1.00142109869414,0.981421098694135,315.986162579688,310.115486851101
21.75,100,0,4052.60843854734,122.856515865614,4,1.00142239574654,0.98142239574654,315.96775435859,310.097830461262
21.76,100,0,4053.14986401088,122.876361133464,4,1.00142369228177,0.981423692281769,315.949354661192,310.080182225629
21.77,100,0,4053.69103934286,122.896198366215,4,1.00142498829998,0.981424988299975,315.930963483839,310.062542140727
21.78,100,0,4054.23196464992,122.916027566323,4,1.00142628380131,0.981426283801312,315.912580822882,310.044910203083
21.79,100,0,4054.77264003865,122.935848736241,4,1.00142757878593,0.981427578785931,315.894206674669,310.027286409223
21.8,100,0,4055.31306561563,122.955661878424,4,1.00142887325399,0.981428873253986,315.875841035553,310.009670755678
21.81,100,0,4055.85324148739,122.975466995325,4,1.00143016720563,0.981430167205629,315.857483901885,309.992063238977
21.82,100,0,4056.39316776042,122.995264089399,4,1.00143146064101,0.981431460641013,315.83913527002,309.97446385565
21.83,100,0,4056.93284454118,123.015053163098,4,1.00143275356029,0.98143275356029,315.820795136311,309.95687260223
21.84,100,0,4057.47227193607,123.034834218878,4,1.00143404596361,0.981434045963614,315.802463497116,309.939289475251
21.85,100,0,4058.0114500515,123.054607259192,4,1.00143533785114,0.981435337851136,315.784140348792,309.921714471248
21.86,100,0,4058.5503789938,123.074372286494,4,1.00143662922301,0.98143662922301,315.765825687699,309.904147586755
21.87,100,0,4059.08905886928,123.094129303238,4,1.00143792007939,0.981437920079388,315.747519510195,309.886588818311
21.88,100,0,4059.62748978422,123.113878311877,4,1.00143921042042,0.981439210420423,315.729221812643,309.869038162455
21.89,100,0,4060.16567184484,123.133619314865,4,1.00144050024627,0.981440500246268,315.710932591405,309.851495615725
21.9,100,0,4060.70360515735,123.153352314656,4,1.00144178955707,0.981441789557075,315.692651842845,309.83396117466
21.91,100,0,4061.24128982791,123.173077313703,4,1.001443078353,0.981443078352997,315.674379563329,309.816434835806
21.92,100,0,4061.77872596265,123.19279431446,4,1.00144436663419,0.981444366634187,315.656115749222,309.798916595703
21.93,100,0,4062.31591366764,123.21250331938,4,1.0014456544008,0.981445654400796,315.637860396893,309.781406450896
21.94,100,0,4062.85285304896,123.232204330918,4,1.00144694165298,0.981446941652979,315.619613502711,309.763904397931
21.95,100,0,4063.38954421259,123.251897351526,4,1.00144822839089,0.981448228390888,315.601375063047,309.746410433356
21.96,100,0,4063.92598726454,123.271582383658,4,1.00144951461468,0.981449514614675,315.583145074271,309.728924553716
21.97,100,0,4064.46218231073,123.291259429767,4,1.00145080032449,0.981450800324493,315.564923532757,309.711446755561
21.98,100,0,4064.99812945707,123.310928492306,4,1.0014520855205,0.981452085520496,315.546710434878,309.693977035443
21.99,100,0,4065.53382880944,123.330589573729,4,1.00145337020283,0.981453370202834,315.52850577701,309.676515389911
22,100,0,4066.06928047365,123.35024267649,4,1.00145465437166,0.981454654371662,315.51030955553,309.659061815519
22.01,100,0,4066.6044845555,123.36988780304,4,1.00145593802713,0.981455938027131,315.492121766817,309.641616308821
22.02,100,0,4067.13944116076,123.389524955834,4,1.0014572211694,0.981457221169395,315.47394240725,309.624178866373
22.03,100,0,4067.67415039513,123.409154137324,4,1.00145850379861,0.981458503798606,315.455771473207,309.606749484729
22.04,100,0,4068.20861236432,123.428775349963,4,1.00145978591492,0.981459785914917,315.437608961073,309.589328160448
22.05,100,0,4068.74282717395,123.448388596205,4,1.00146106751848,0.981461067518481,315.419454867231,309.57191489009
22.06,100,0,4069.27679492965,123.467993878501,4,1.00146234860945,0.98146234860945,315.401309188062,309.554509670211
22.07,100,0,4069.81051573698,123.487591199306,4,1.00146362918798,0.981463629187977,315.383171919956,309.537112497376
22.08,100,0,4070.34398970149,123.507180561072,4,1.00146490925421,0.981464909254214,315.365043059296,309.519723368144
22.09,100,0,4070.87721692867,123.526761966252,4,1.00146618880831,0.981466188808315,315.346922602473,309.50234227908
22.1,100,0,4071.41019752399,123.546335417298,4,1.00146746785043,0.981467467850432,315.328810545876,309.484969226749
22.11,100,0,4071.94293159287,123.565900916663,4,1.00146874638072,0.981468746380717,315.310706885895,309.467604207717
22.12,100,0,4072.4754192407,123.585458466799,4,1.00147002439932,0.981470024399324,315.292611618922,309.45024721855
22.13,100,0,4073.00766057284,123.60500807016,4,1.0014713019064,0.981471301906405,315.27452474135,309.432898255816
22.14,100,0,4073.53965569461,123.624549729197,4,1.00147257890211,0.981472578902112,315.256446249576,309.415557316086
22.15,100,0,4074.07140471128,123.644083446364,4,1.0014738553866,0.981473855386599,315.238376139993,309.39822439593
22.16,100,0,4074.6029077281,123.663609224112,4,1.00147513136002,0.981475131360018,315.220314408999,309.380899491919
22.17,100,0,4075.13416485027,123.683127064893,4,1.00147640682252,0.981476406822522,315.202261052993,309.363582600626
22.18,100,0,4075.66517618297,123.70263697116,4,1.00147768177426,0.981477681774263,315.184216068375,309.346273718627
22.19,100,0,4076.19594183132,123.722138945366,4,1.00147895621539,0.981478956215394,315.166179451545,309.328972842496
22.2,100,0,4076.72646190043,123.741632989961,4,1.00148023014607,0.981480230146068,315.148151198905,309.311679968809
22.21,100,0,4077.25673649536,123.761119107399,4,1.00148150356644,0.981481503566437,315.130131306859,309.294395094145
22.22,100,0,4077.78676572112,123.780597300131,4,1.00148277647665,0.981482776476655,315.112119771812,309.277118215082
22.23,100,0,4078.31654968271,123.80006757061,4,1.00148404887687,0.981484048876873,315.09411659017,309.259849328201
22.24,100,0,4078.84608848507,123.819529921286,4,1.00148532076724,0.981485320767244,315.07612175834,309.242588430084
22.25,100,0,4079.37538223312,123.838984354612,4,1.00148659214792,0.981486592147922,315.05813527273,309.225335517311
22.26,100,0,4079.90443103173,123.85843087304,4,1.00148786301906,0.981487863019059,315.040157129752,309.208090586469
22.27,100,0,4080.43323498576,123.877869479021,4,1.00148913338081,0.981489133380806,315.022187325815,309.19085363414
22.28,100,0,4080.96179419999,123.897300175006,4,1.00149040323332,0.981490403233318,315.004225857332,309.173624656912
22.29,100,0,4081.49010877919,123.916722963448,4,1.00149167257675,0.981491672576747,314.986272720717,309.156403651372
22.3,100,0,4082.01817882811,123.936137846798,4,1.00149294141125,0.981492941411245,314.968327912385,309.139190614108
22.31,100,0,4082.54600445142,123.955544827506,4,1.00149420973697,0.981494209736966,314.950391428752,309.121985541711
22.32,100,0,4083.07358575379,123.974943908026,4,1.00149547755406,0.981495477554061,314.932463266234,309.104788430769
22.33,100,0,4083.60092283985,123.994335090806,4,1.00149674486268,0.981496744862683,314.914543421252,309.087599277877
22.34,100,0,4084.12801581416,124.0137183783,4,1.00149801166299,0.981498011662985,314.896631890225,309.070418079627
22.35,100,0,4084.65486478128,124.033093772958,4,1.00149927795512,0.98149927795512,314.878728669575,309.053244832614
22.36,100,0,4085.18146984573,124.05246127723,4,1.00150054373924,0.981500543739241,314.860833755724,309.036079533434
22.37,100,0,4085.70783111197,124.071820893568,4,1.0015018090155,0.981501809015499,314.842947145096,309.018922178683
22.38,100,0,4086.23394868444,124.091172624424,4,1.00150307378405,0.981503073784048,314.825068834115,309.001772764958
22.39,100,0,4086.75982266754,124.110516472246,4,1.00150433804504,0.98150433804504,314.807198819209,308.984631288861
22.4,100,0,4087.28545316565,124.129852439487,4,1.00150560179863,0.981505601798628,314.789337096806,308.967497746991
22.41,100,0,4087.81084028308,124.149180528597,4,1.00150686504496,0.981506865044965,314.771483663333,308.95037213595
22.42,100,0,4088.33598412413,124.168500742026,4,1.0015081277842,0.981508127784203,314.753638515221,308.933254452341
22.43,100,0,4088.86088479305,124.187813082226,4,1.00150939001649,0.981509390016494,314.735801648902,308.916144692766
22.44,100,0,4089.38554239406,124.207117551645,4,1.00151065174199,0.981510651741992,314.717973060808,308.899042853832
22.45,100,0,4089.90995703135,124.226414152735,4,1.00151191296085,0.98151191296085,314.700152747373,308.881948932145
22.46,100,0,4090.43412880905,124.245702887947,4,1.00151317367322,0.981513173673218,314.682340705033,308.864862924314
22.47,100,0,4090.95805783128,124.264983759729,4,1.00151443387925,0.981514433879252,314.664536930224,308.847784826946
22.48,100,0,4091.48174420211,124.284256770532,4,1.0015156935791,0.981515693579102,314.646741419384,308.830714636651
22.49,100,0,4092.00518802558,124.303521922807,4,1.00151695277292,0.981516952772922,314.62895416895,308.813652350039
22.5,100,0,4092.52838940568,124.322779219002,4,1.00151821146086,0.981518211460864,314.611175175366,308.796597963726
22.51,100,0,4093.05134844637,124.342028661568,4,1.00151946964308,0.98151946964308,314.593404435072,308.779551474323
22.52,100,0,4093.57406525159,124.361270252956,4,1.00152072731972,0.981520727319725,314.57564194451,308.762512878444
22.53,100,0,4094.09653992523,124.380503995613,4,1.00152198449095,0.981521984490949,314.557887700125,308.745482172707
22.54,100,0,4094.61877257113,124.39972989199,4,1.00152324115691,0.981523241156906,314.540141698362,308.728459353729
22.55,100,0,4095.14076329311,124.418947944536,4,1.00152449731775,0.981524497317748,314.522403935668,308.711444418126
22.56,100,0,4095.66251219495,124.438158155701,4,1.00152575297363,0.981525752973628,314.504674408491,308.69443736252
22.57,100,0,4096.18401938041,124.457360527935,4,1.0015270081247,0.981527008124699,314.486953113279,308.67743818353
22.58,100,0,4096.70528495317,124.476555063685,4,1.00152826277111,0.981528262771113,314.469240046484,308.660446877778
22.59,100,0,4097.22630901692,124.495741765402,4,1.00152951691302,0.981529516913022,314.451535204557,308.643463441887
22.6,100,0,4097.74709167529,124.514920635534,4,1.00153077055058,0.98153077055058,314.433838583951,308.626487872482
22.61,100,0,4098.26763303188,124.53409167653,4,1.00153202368394,0.981532023683938,314.416150181121,308.609520166189
22.62,100,0,4098.78793319024,124.55325489084,4,1.00153327631325,0.98153327631325,314.398469992521,308.592560319633
22.63,100,0,4099.30799225391,124.572410280912,4,1.00153452843867,0.981534528438668,314.380798014609,308.575608329441
22.64,100,0,4099.82781032637,124.591557849194,4,1.00153578006034,0.981535780060344,314.363134243843,308.558664192245
22.65,100,0,4100.34738751108,124.610697598135,4,1.00153703117843,0.981537031178432,314.345478676681,308.541727904673
22.66,100,0,4100.86672391144,124.629829530185,4,1.00153828179308,0.981538281793084,314.327831309585,308.524799463356
22.67,100,0,4101.38581963084,124.64895364779,4,1.00153953190445,0.981539531904451,314.310192139016,308.507878864928
22.68,100,0,4101.90467477263,124.668069953399,4,1.00154078151269,0.981540781512688,314.292561161438,308.490966106023
22.69,100,0,4102.4232894401,124.687178449461,4,1.00154203061795,0.981542030617946,314.274938373317,308.474061183275
22.7,100,0,4102.94166373653,124.706279138424,4,1.00154327922038,0.981543279220379,314.257323771114,308.457164093319
22.71,100,0,4103.45979776516,124.725372022735,4,1.00154452732014,0.981544527320137,314.239717351299,308.440274832794
22.72,100,0,4103.97769162917,124.744457104843,4,1.00154577491738,0.981545774917375,314.222119110339,308.423393398338
22.73,100,0,4104.49534543173,124.763534387194,4,1.00154702201225,0.981547022012245,314.204529044705,308.40651978659
22.74,100,0,4105.01275927596,124.782603872238,4,1.0015482686049,0.981548268604899,314.186947150865,308.38965399419
22.75,100,0,4105.52993326496,124.801665562422,4,1.00154951469549,0.98154951469549,314.169373425295,308.372796017784
22.76,100,0,4106.04686750177,124.820719460192,4,1.00155076028417,0.98155076028417,314.151807864463,308.35594585401
22.77,100,0,4106.5635620894,124.839765567997,4,1.00155200537109,0.981552005371092,314.134250464848,308.339103499516
22.78,100,0,4107.08001713085,124.858803888284,4,1.00155324995641,0.981553249956409,314.116701222923,308.322268950946
22.79,100,0,4107.59623272904,124.8778344235,4,1.00155449404027,0.981554494040272,314.099160135167,308.305442204949
22.8,100,0,4108.11220898689,124.896857176091,4,1.00155573762283,0.981555737622835,314.081627198057,308.288623258169
22.81,100,0,4108.62794600727,124.915872148506,4,1.00155698070425,0.98155698070425,314.064102408072,308.271812107257
22.82,100,0,4109.14344389301,124.93487934319,4,1.00155822328467,0.981558223284669,314.046585761694,308.255008748865
22.83,100,0,4109.6587027469,124.953878762591,4,1.00155946536425,0.981559465364246,314.029077255405,308.238213179643
22.84,100,0,4110.17372267171,124.972870409155,4,1.00156070694313,0.981560706943132,314.011576885687,308.221425396243
22.85,100,0,4110.68850377015,124.991854285329,4,1.00156194802148,0.98156194802148,313.994084649026,308.204645395319
22.86,100,0,4111.20304614493,125.010830393559,4,1.00156318859944,0.981563188599442,313.976600541908,308.187873173528
22.87,100,0,4111.71734989869,125.029798736292,4,1.00156442867717,0.981564428677172,313.959124560818,308.171108727524
22.88,100,0,4112.23141513404,125.048759315973,4,1.00156566825482,0.981565668254822,313.941656702246,308.154352053966
22.89,100,0,4112.74524195357,125.067712135049,4,1.00156690733254,0.981566907332543,313.924196962681,308.137603149511
22.9,100,0,4113.25883045982,125.086657195966,4,1.00156814591049,0.981568145910489,313.906745338615,308.120862010821
22.91,100,0,4113.77218075529,125.10559450117,4,1.00156938398881,0.981569383988812,313.889301826539,308.104128634555
22.92,100,0,4114.28529294246,125.124524053106,4,1.00157062156766,0.981570621567665,313.871866422946,308.087403017374
22.93,100,0,4114.79816712375,125.143445854221,4,1.0015718586472,0.981571858647199,313.854439124331,308.070685155944
22.94,100,0,4115.31080340157,125.162359906959,4,1.00157309522757,0.981573095227569,313.837019927191,308.053975046929
22.95,100,0,4115.82320187828,125.181266213766,4,1.00157433130892,0.981574331308924,313.819608828022,308.037272686994
22.96,100,0,4116.33536265619,125.200164777087,4,1.00157556689142,0.98157556689142,313.802205823323,308.020578072806
22.97,100,0,4116.84728583761,125.219055599368,4,1.00157680197521,0.981576801975207,313.784810909592,308.003891201033
22.98,100,0,4117.35897152478,125.237938683054,4,1.00157803656044,0.981578036560439,313.767424083332,307.987212068343
22.99,100,0,4117.87041981992,125.256814030589,4,1.00157927064727,0.981579270647267,313.750045341045,307.97054067141
23,100,0,4118.38163082521,125.275681644419,4,1.00158050423585,0.981580504235845,313.732674679233,307.953877006902
23.01,100,0,4118.89260464279,125.294541526988,4,1.00158173732632,0.981581737326325,313.715312094402,307.937221071493
23.02,100,0,4119.40334137477,125.313393680741,4,1.00158296991886,0.981582969918858,313.697957583057,307.920572861857
23.03,100,0,4119.91384112323,125.332238108122,4,1.0015842020136,0.981584202013598,313.680611141708,307.903932374671
23.04,100,0,4120.42410399019,125.351074811576,4,1.0015854336107,0.981585433610697,313.663272766859,307.887299606608
23.05,100,0,4120.93413007765,125.369903793547,4,1.00158666471031,0.981586664710308,313.645942455022,307.870674554346
23.06,100,0,4121.44391948758,125.388725056479,4,1.00158789531258,0.981587895312582,313.628620202708,307.854057214565
23.07,100,0,4121.9534723219,125.407538602815,4,1.00158912541767,0.981589125417673,313.611306006429,307.837447583945
23.08,100,0,4122.46278868251,125.426344435001,4,1.00159035502573,0.981590355025732,313.5939998627,307.820845659167
23.09,100,0,4122.97186867125,125.445142555479,4,1.00159158413691,0.981591584136912,313.576701768034,307.804251436912
23.1,100,0,4123.48071238995,125.463932966693,4,1.00159281275137,0.981592812751366,313.559411718946,307.787664913864
23.11,100,0,4123.98931994038,125.482715671088,4,1.00159404086925,0.981594040869245,313.542129711956,307.771086086708
23.12,100,0,4124.49769142429,125.501490671105,4,1.0015952684907,0.981595268490703,313.52485574358,307.754514952129
23.13,100,0,4125.0058269434,125.520257969189,4,1.00159649561589,0.981596495615891,313.507589810341,307.737951506815
23.14,100,0,4125.51372659936,125.539017567782,4,1.00159772224496,0.981597722244963,313.490331908756,307.721395747452
23.15,100,0,4126.02139049383,125.557769469327,4,1.00159894837807,0.981598948378069,313.47308203535,307.704847670732
23.16,100,0,4126.5288187284,125.576513676268,4,1.00160017401536,0.981600174015364,313.455840186647,307.688307273344
23.17,100,0,4127.03601140463,125.595250191047,4,1.001601399157,0.981601399156999,313.438606359169,307.67177455198
23.18,100,0,4127.54296862405,125.613979016107,4,1.00160262380313,0.981602623803126,313.421380549444,307.655249503332
23.19,100,0,4128.04969048816,125.632700153889,4,1.0016038479539,0.981603847953898,313.404162753999,307.638732124095
23.2,100,0,4128.5561770984,125.651413606837,4,1.00160507160947,0.981605071609467,313.386952969362,307.622222410963
23.21,100,0,4129.06242855621,125.670119377393,4,1.00160629476999,0.981606294769986,313.369751192064,307.605720360635
23.22,100,0,4129.56844496296,125.688817467999,4,1.00160751743561,0.981607517435606,313.352557418637,307.589225969806
23.23,100,0,4130.07422642,125.707507881096,4,1.00160873960648,0.981608739606481,313.335371645609,307.572739235175
23.24,100,0,4130.57977302864,125.726190619127,4,1.00160996128276,0.981609961282762,313.318193869517,307.556260153441
23.25,100,0,4131.08508489016,125.744865684533,4,1.0016111824646,0.981611182464602,313.301024086895,307.539788721308
23.26,100,0,4131.59016210579,125.763533079755,4,1.00161240315215,0.981612403152154,313.283862294279,307.523324935475
23.27,100,0,4132.09500477674,125.782192807236,4,1.00161362334557,0.981613623345568,313.266708488206,307.506868792648
23.28,100,0,4132.59961300418,125.800844869416,4,1.001614843045,0.981614843044999,313.249562665216,307.49042028953
23.29,100,0,4133.10398688924,125.819489268736,4,1.0016160622506,0.981616062250597,313.232424821846,307.473979422827
23.3,100,0,4133.608126533,125.838126007638,4,1.00161728096252,0.981617280962516,313.215294954641,307.457546189247
23.31,100,0,4134.11203203653,125.856755088562,4,1.00161849918091,0.981618499180908,313.19817306014,307.441120585497
23.32,100,0,4134.61570350086,125.87537651395,4,1.00161971690592,0.981619716905925,313.181059134888,307.424702608286
23.33,100,0,4135.11914102696,125.89399028624,4,1.00162093413772,0.981620934137718,313.163953175429,307.408292254325
23.34,100,0,4135.62234471579,125.912596407875,4,1.00162215087644,0.981622150876442,313.14685517831,307.391889520327
23.35,100,0,4136.12531466826,125.931194881295,4,1.00162336712225,0.981623367122247,313.129765140079,307.375494403002
23.36,100,0,4136.62805098525,125.949785708938,4,1.00162458287529,0.981624582875286,313.112683057282,307.359106899066
23.37,100,0,4137.13055376761,125.968368893246,4,1.00162579813571,0.981625798135711,313.095608926471,307.342727005234
23.38,100,0,4137.63282311613,125.986944436659,4,1.00162701290368,0.981627012903675,313.078542744197,307.326354718222
23.39,100,0,4138.13485913159,126.005512341615,4,1.00162822717933,0.98162822717933,313.061484507012,307.309990034747
23.4,100,0,4138.63666191472,126.024072610555,4,1.00162944096283,0.981629440962828,313.044434211468,307.293632951528
23.41,100,0,4139.13823156623,126.042625245918,4,1.00163065425432,0.981630654254321,313.027391854122,307.277283465286
23.42,100,0,4139.63956818676,126.061170250144,4,1.00163186705396,0.981631867053961,313.010357431529,307.260941572739
23.43,100,0,4140.14067187695,126.07970762567,4,1.0016330793619,0.981633079361901,312.993330940246,307.244607270612
23.44,100,0,4140.64154273739,126.098237374938,4,1.00163429117829,0.981634291178293,312.976312376833,307.228280555628
23.45,100,0,4141.14218086862,126.116759500384,4,1.00163550250329,0.981635502503289,312.959301737848,307.211961424511
23.46,100,0,4141.64258637118,126.135274004449,4,1.00163671333704,0.981636713337041,312.942299019854,307.195649873987
23.47,100,0,4142.14275934554,126.15378088957,4,1.0016379236797,0.981637923679702,312.925304219412,307.179345900783
23.48,100,0,4142.64269989214,126.172280158185,4,1.00163913353142,0.981639133531423,312.908317333086,307.163049501626
23.49,100,0,4143.1424081114,126.190771812734,4,1.00164034289236,0.981640342892357,312.89133835744,307.146760673246
23.5,100,0,4143.64188410368,126.209255855655,4,1.00164155176266,0.981641551762657,312.874367289042,307.130479412375
23.51,100,0,4144.14112796934,126.227732289384,4,1.00164276014247,0.981642760142473,312.857404124458,307.114205715742
23.52,100,0,4144.64013980866,126.24620111636,4,1.00164396803196,0.981643968031959,312.840448860255,307.09793958008
23.53,100,0,4145.13891972192,126.264662339021,4,1.00164517543127,0.981645175431266,312.823501493006,307.081681002125
23.54,100,0,4145.63746780934,126.283115959804,4,1.00164638234055,0.981646382340547,312.80656201928,307.06542997861
23.55,100,0,4146.13578417112,126.301561981147,4,1.00164758875995,0.981647588759954,312.78963043565,307.049186506273
23.56,100,0,4146.63386890742,126.320000405486,4,1.00164879468964,0.981648794689638,312.772706738689,307.03295058185
23.57,100,0,4147.13172211835,126.338431235258,4,1.00165000012975,0.981650000129753,312.755790924973,307.01672220208
23.58,100,0,4147.62934390401,126.356854472901,4,1.00165120508045,0.98165120508045,312.738882991074,307.000501363702
23.59,100,0,4148.12673436444,126.375270120851,4,1.00165240954188,0.981652409541881,312.721982933576,306.984288063459
23.6,100,0,4148.62389359966,126.393678181545,4,1.0016536135142,0.981653613514198,312.705090749051,306.968082298091
23.61,100,0,4149.12082170965,126.412078657419,4,1.00165481699755,0.981654816997554,312.688206434083,306.951884064343
23.62,100,0,4149.61751879435,126.430471550909,4,1.0016560199921,0.9816560199921,312.671329985253,306.93569335896
23.63,100,0,4150.11398495366,126.448856864452,4,1.00165722249799,0.981657222497989,312.65446139914,306.919510178684
23.64,100,0,4150.61022028746,126.467234600483,4,1.00165842451537,0.981658424515373,312.63760067233,306.903334520265
23.65,100,0,4151.10622489558,126.485604761437,4,1.0016596260444,0.981659626044403,312.620747801407,306.887166380451
23.66,100,0,4151.60199887782,126.503967349752,4,1.00166082708523,0.981660827085233,312.603902782956,306.871005755989
23.67,100,0,4152.09754233394,126.522322367861,4,1.00166202763801,0.981662027638013,312.587065613566,306.85485264363
23.68,100,0,4152.59285536367,126.540669818201,4,1.0016632277029,0.981663227702896,312.570236289825,306.838707040127
23.69,100,0,4153.0879380667,126.559009703207,4,1.00166442728003,0.981664427280035,312.553414808322,306.822568942231
23.7,100,0,4153.58279054269,126.577342025312,4,1.00166562636958,0.98166562636958,312.53660116565,306.806438346697
23.71,100,0,4154.07741289125,126.595666786953,4,1.00166682497168,0.981666824971684,312.519795358399,306.79031525028
23.72,100,0,4154.57180521196,126.613983990564,4,1.0016680230865,0.9816680230865,312.502997383163,306.774199649735
23.73,100,0,4155.06596760439,126.632293638578,4,1.00166922071418,0.981669220714178,312.486207236537,306.75809154182
23.74,100,0,4155.55990016803,126.650595733431,4,1.00167041785487,0.981670417854872,312.469424915116,306.741990923294
23.75,100,0,4156.05360300236,126.668890277557,4,1.00167161450873,0.981671614508733,312.452650415499,306.725897790915
23.76,100,0,4156.54707620683,126.687177273389,4,1.00167281067591,0.981672810675912,312.435883734283,306.709812141446
23.77,100,0,4157.04031988083,126.705456723362,4,1.00167400635656,0.981674006356563,312.419124868067,306.693733971646
23.78,100,0,4157.53333412374,126.723728629908,4,1.00167520155084,0.981675201550837,312.402373813453,306.677663278281
23.79,100,0,4158.02611903489,126.741992995462,4,1.00167639625889,0.981676396258886,312.385630567043,306.661600058114
23.8,100,0,4158.51867471357,126.760249822456,4,1.00167759048086,0.981677590480862,312.36889512544,306.645544307911
23.81,100,0,4159.01100125905,126.778499113325,4,1.00167878421692,0.981678784216917,312.352167485249,306.629496024438
23.82,100,0,4159.50309877055,126.796740870499,4,1.0016799774672,0.981679977467202,312.335447643077,306.613455204464
23.83,100,0,4159.99496734726,126.814975096413,4,1.00168117023187,0.981681170231871,312.318735595529,306.597421844757
23.84,100,0,4160.48660708834,126.833201793499,4,1.00168236251107,0.981682362511074,312.302031339215,306.581395942088
23.85,100,0,4160.9780180929,126.85142096419,4,1.00168355430496,0.981683554304964,312.285334870742,306.565377493226
23.86,100,0,4161.46920046002,126.869632610917,4,1.00168474561369,0.981684745613692,312.268646186724,306.549366494946
23.87,100,0,4161.96015428875,126.887836736112,4,1.00168593643741,0.981685936437411,312.251965283771,306.533362944021
23.88,100,0,4162.4508796781,126.906033342208,4,1.00168712677627,0.981687126776273,312.235292158496,306.517366837224
23.89,100,0,4162.94137672704,126.924222431637,4,1.00168831663043,0.981688316630428,312.218626807516,306.501378171334
23.9,100,0,4163.43164553452,126.942404006829,4,1.00168950600003,0.98168950600003,312.201969227444,306.485396943126
23.91,100,0,4163.92168619944,126.960578070216,4,1.00169069488523,0.981690694885229,312.1853194149,306.46942314938
23.92,100,0,4164.41149882066,126.97874462423,4,1.00169188328618,0.981691883286179,312.168677366499,306.453456786874
23.93,100,0,4164.90108349702,126.996903671301,4,1.00169307120303,0.98169307120303,312.152043078863,306.43749785239
23.94,100,0,4165.39044032731,127.01505521386,4,1.00169425863594,0.981694258635935,312.135416548611,306.421546342707
23.95,100,0,4165.87956941029,127.033199254338,4,1.00169544558505,0.981695445585046,312.118797772365,306.405602254611
23.96,100,0,4166.36847084469,127.051335795165,4,1.00169663205051,0.981696632050513,312.10218674675,306.389665584885
23.97,100,0,4166.8571447292,127.069464838772,4,1.00169781803249,0.98169781803249,312.08558346839,306.373736330315
23.98,100,0,4167.34559116246,127.087586387588,4,1.00169900353113,0.981699003531127,312.068987933907,306.357814487684
23.99,100,0,4167.8338102431,127.105700444044,4,1.00170018854658,0.981700188546577,312.052400139933,306.341900053784
24,100,0,4168.3218020697,127.12380701057,4,1.00170137307899,0.981701373078992,312.035820083094,306.325993025403
24.01,100,0,4168.80956674081,127.141906089594,4,1.00170255712852,0.981702557128523,312.019247760019,306.310093399329
24.02,100,0,4169.29710435492,127.159997683546,4,1.00170374069532,0.981703740695322,312.002683167339,306.294201172354
24.03,100,0,4169.78441501053,127.178081794856,4,1.00170492377954,0.981704923779541,311.986126301686,306.278316341271
24.04,100,0,4170.27149880606,127.196158425953,4,1.00170610638133,0.981706106381332,311.969577159692,306.262438902872
24.05,100,0,4170.75835583992,127.214227579264,4,1.00170728850085,0.981707288500846,311.953035737992,306.246568853952
24.06,100,0,4171.24498621048,127.23228925722,4,1.00170847013823,0.981708470138235,311.936502033223,306.230706191308
24.07,100,0,4171.73139001608,127.250343462247,4,1.00170965129365,0.981709651293651,311.91997604202,306.214850911735
24.08,100,0,4172.21756735499,127.268390196776,4,1.00171083196725,0.981710831967245,311.903457761022,306.199003012033
24.09,100,0,4172.7035183255,127.286429463233,4,1.00171201215917,0.98171201215917,311.886947186867,306.183162489
24.1,100,0,4173.18924302582,127.304461264046,4,1.00171319186958,0.981713191869577,311.870444316197,306.167329339436
24.11,100,0,4173.67474155414,127.322485601644,4,1.00171437109862,0.981714371098617,311.853949145652,306.151503560144
24.12,100,0,4174.16001400862,127.340502478454,4,1.00171554984644,0.981715549846443,311.837461671878,306.135685147926
24.13,100,0,4174.64506048737,127.358511896903,4,1.00171672811321,0.981716728113206,311.820981891515,306.119874099586
24.14,100,0,4175.12988108847,127.376513859418,4,1.00171790589906,0.981717905899058,311.804509801212,306.104070411928
24.15,100,0,4175.61447590998,127.394508368426,4,1.00171908320415,0.98171908320415,311.788045397613,306.088274081759
24.16,100,0,4176.09884504991,127.412495426354,4,1.00172026002863,0.981720260028635,311.771588677368,306.072485105886
24.17,100,0,4176.58298860622,127.430475035628,4,1.00172143637266,0.981721436372663,311.755139637125,306.056703481119
24.18,100,0,4177.06690667686,127.448447198675,4,1.00172261223639,0.981722612236386,311.738698273534,306.040929204265
24.19,100,0,4177.55059935974,127.466411917921,4,1.00172378761996,0.981723787619957,311.722264583248,306.025162272137
24.2,100,0,4178.03406675273,127.484369195792,4,1.00172496252353,0.981724962523526,311.70583856292,306.009402681547
24.21,100,0,4178.51730895365,127.502319034714,4,1.00172613694725,0.981726136947246,311.689420209201,305.993650429306
24.22,100,0,4179.0003260603,127.520261437112,4,1.00172731089127,0.981727310891267,311.673009518751,305.977905512232
24.23,100,0,4179.48311817045,127.538196405412,4,1.00172848435574,0.981728484355742,311.656606488222,305.962167927136
24.24,100,0,4179.96568538183,127.556123942038,4,1.00172965734082,0.981729657340822,311.640211114274,305.946437670837
24.25,100,0,4180.44802779212,127.574044049417,4,1.00173082984666,0.981730829846658,311.623823393566,305.930714740154
24.26,100,0,4180.93014549899,127.591956729972,4,1.0017320018734,0.981732001873403,311.607443322758,305.914999131904
24.27,100,0,4181.41203860004,127.609861986128,4,1.00173317342121,0.981733173421207,311.591070898509,305.899290842906
24.28,100,0,4181.89370719287,127.62775982031,4,1.00173434449022,0.981734344490223,311.574706117486,305.883589869984
24.29,100,0,4182.37515137502,127.645650234941,4,1.0017355150806,0.981735515080602,311.55834897635,305.867896209958
24.3,100,0,4182.85637124402,127.663533232447,4,1.00173668519249,0.981736685192495,311.541999471767,305.852209859654
24.31,100,0,4183.33736689732,127.68140881525,4,1.00173785482605,0.981737854826054,311.525657600404,305.836530815896
24.32,100,0,4183.81813843239,127.699276985774,4,1.00173902398143,0.98173902398143,311.509323358926,305.820859075508
24.33,100,0,4184.29868594662,127.717137746443,4,1.00174019265878,0.981740192658775,311.492996744005,305.805194635319
24.34,100,0,4184.7790095374,127.734991099679,4,1.00174136085824,0.981741360858241,311.47667775231,305.789537492157
24.35,100,0,4185.25910930204,127.752837047907,4,1.00174252857998,0.981742528579978,311.460366380513,305.773887642851
24.36,100,0,4185.73898533786,127.770675593547,4,1.00174369582414,0.981743695824139,311.444062625284,305.758245084231
24.37,100,0,4186.21863774211,127.788506739024,4,1.00174486259087,0.981744862590874,311.427766483298,305.742609813128
24.38,100,0,4186.69806661204,127.80633048676,4,1.00174602888034,0.981746028880336,311.411477951231,305.726981826377
24.39,100,0,4187.17727204483,127.824146839176,4,1.00174719469268,0.981747194692676,311.395197025758,305.711361120811
24.4,100,0,4187.65625413764,127.841955798694,4,1.00174836002804,0.981748360028044,311.378923703556,305.695747693264
24.41,100,0,4188.13501298759,127.859757367737,4,1.00174952488659,0.981749524886594,311.362657981305,305.680141540573
24.42,100,0,4188.61354869178,127.877551548726,4,1.00175068926847,0.981750689268475,311.346399855684,305.664542659576
24.43,100,0,4189.09186134725,127.895338344083,4,1.00175185317384,0.981751853173839,311.330149323375,305.648951047111
24.44,100,0,4189.56995105103,127.913117756227,4,1.00175301660284,0.981753016602838,311.313906381059,305.633366700018
24.45,100,0,4190.04781790009,127.930889787581,4,1.00175417955562,0.981754179555624,311.29767102542,305.617789615138
24.46,100,0,4190.52546199138,127.948654440565,4,1.00175534203235,0.981755342032347,311.281443253144,305.602219789313
24.47,100,0,4191.0028834218,127.966411717599,4,1.00175650403316,0.981756504033159,311.265223060915,305.586657219385
24.48,100,0,4191.48008228825,127.984161621104,4,1.00175766555821,0.981757665558211,311.249010445421,305.5711019022
24.49,100,0,4191.95705868755,128.0019041535,4,1.00175882660765,0.981758826607654,311.232805403351,305.555553834602
24.5,100,0,4192.43381271651,128.019639317207,4,1.00175998718164,0.981759987181641,311.216607931395,305.54001301344
24.51,100,0,4192.9103444719,128.037367114644,4,1.00176114728032,0.981761147280321,311.200418026241,305.524479435558
24.52,100,0,4193.38665405045,128.055087548231,4,1.00176230690385,0.981762306903848,311.184235684584,305.508953097808
24.53,100,0,4193.86274154886,128.072800620387,4,1.00176346605237,0.981763466052371,311.168060903118,305.49343399704
24.54,100,0,4194.3386070638,128.090506333532,4,1.00176462472604,0.981764624726042,311.151893678535,305.477922130104
24.55,100,0,4194.81425069189,128.108204690083,4,1.00176578292501,0.981765782925013,311.135734007532,305.462417493853
24.56,100,0,4195.28967252973,128.125895692459,4,1.00176694064943,0.981766940649434,311.119581886806,305.44692008514
24.57,100,0,4195.76487267386,128.14357934308,4,1.00176809789946,0.981768097899457,311.103437313055,305.431429900821
24.58,100,0,4196.23985122082,128.161255644362,4,1.00176925467523,0.981769254675233,311.08730028298,305.415946937751
24.59,100,0,4196.71460826709,128.178924598724,4,1.00177041097691,0.981770410976914,311.071170793279,305.400471192788
24.6,100,0,4197.18914390912,128.196586208584,4,1.00177156680465,0.98177156680465,311.055048840656,305.385002662788
24.61,100,0,4197.66345824333,128.21424047636,4,1.00177272215859,0.981772722158594,311.038934421813,305.369541344612
24.62,100,0,4198.13755136609,128.231887404467,4,1.0017738770389,0.981773877038895,311.022827533455,305.35408723512
24.63,100,0,4198.61142337375,128.249526995324,4,1.00177503144571,0.981775031445706,311.006728172287,305.338640331173
24.64,100,0,4199.08507436262,128.267159251348,4,1.00177618537918,0.981776185379176,310.990636335015,305.323200629634
24.65,100,0,4199.55850442898,128.284784174954,4,1.00177733883946,0.981777338839459,310.97455201835,305.307768127368
24.66,100,0,4200.03171366906,128.30240176856,4,1.0017784918267,0.981778491826705,310.958475218998,305.292342821239
24.67,100,0,4200.50470217907,128.320012034581,4,1.00177964434106,0.981779644341064,310.94240593367,305.276924708114
24.68,100,0,4200.97747005518,128.337614975434,4,1.00178079638269,0.981780796382688,310.92634415908,305.261513784859
24.69,100,0,4201.45001739352,128.355210593534,4,1.00178194795173,0.981781947951729,310.910289891938,305.246110048344
24.7,100,0,4201.92234429018,128.372798891296,4,1.00178309904834,0.981783099048336,310.894243128961,305.230713495438
24.71,100,0,4202.39445084124,128.390379871137,4,1.00178424967266,0.981784249672663,310.878203866861,305.215324123012
24.72,100,0,4202.86633714272,128.407953535471,4,1.00178539982486,0.981785399824858,310.862172102358,305.199941927938
24.73,100,0,4203.3380032906,128.425519886713,4,1.00178654950508,0.981786549505075,310.846147832168,305.184566907089
24.74,100,0,4203.80944938085,128.443078927277,4,1.00178769871346,0.981787698713463,310.830131053009,305.169199057338
24.75,100,0,4204.2806755094,128.460630659578,4,1.00178884745017,0.981788847450174,310.814121761603,305.153838375563
24.76,100,0,4204.75168177212,128.47817508603,4,1.00178999571536,0.981789995715358,310.798119954671,305.138484858638
24.77,100,0,4205.22246826486,128.495712209047,4,1.00179114350917,0.981791143509168,310.782125628935,305.123138503442
24.78,100,0,4205.69303508345,128.513242031043,4,1.00179229083175,0.981792290831753,310.76613878112,305.107799306854
24.79,100,0,4206.16338232367,128.530764554432,4,1.00179343768327,0.981793437683265,310.750159407948,305.092467265752
24.8,100,0,4206.63351008125,128.548279781625,4,1.00179458406386,0.981794584063855,310.73418750615,305.077142377021
24.81,100,0,4207.10341845192,128.565787715037,4,1.00179572997367,0.981795729973674,310.718223072451,305.06182463754
24.82,100,0,4207.57310753134,128.583288357081,4,1.00179687541287,0.981796875412873,310.702266103578,305.046514044192
24.83,100,0,4208.04257741515,128.600781710168,4,1.0017980203816,0.981798020381602,310.686316596265,305.031210593865
24.84,100,0,4208.51182819897,128.618267776711,4,1.00179916488001,0.981799164880014,310.67037454724,305.015914283442
24.85,100,0,4208.98085997836,128.635746559122,4,1.00180030890826,0.981800308908258,310.654439953237,305.00062510981
24.86,100,0,4209.44967284886,128.653218059814,4,1.00180145246649,0.981801452466486,310.638512810988,304.985343069857
24.87,100,0,4209.91826690596,128.670682281197,4,1.00180259555485,0.981802595554848,310.62259311723,304.970068160474
24.88,100,0,4210.38664224513,128.688139225683,4,1.0018037381735,0.981803738173496,310.606680868698,304.95480037855
24.89,100,0,4210.85479896179,128.705588895684,4,1.00180488032258,0.981804880322581,310.590776062128,304.939539720975
24.9,100,0,4211.32273715135,128.72303129361,4,1.00180602200225,0.981806022002252,310.57487869426,304.924286184644
24.91,100,0,4211.79045690917,128.740466421871,4,1.00180716321266,0.981807163212662,310.558988761834,304.909039766449
24.92,100,0,4212.25795833055,128.75789428288,4,1.00180830395396,0.981808303953961,310.543106261589,304.893800463286
24.93,100,0,4212.72524151081,128.775314879044,4,1.0018094442263,0.9818094442263,310.527231190269,304.87856827205
24.94,100,0,4213.19230654518,128.792728212775,4,1.00181058402983,0.98181058402983,310.511363544617,304.863343189639
24.95,100,0,4213.65915352888,128.810134286483,4,1.0018117233647,0.981811723364701,310.495503321377,304.848125212951
24.96,100,0,4214.12578255711,128.827533102576,4,1.00181286223106,0.981812862231065,310.479650517294,304.832914338885
24.97,100,0,4214.592193725,128.844924663464,4,1.00181400062907,0.981814000629072,310.463805129116,304.817710564342
24.98,100,0,4215.05838712768,128.862308971557,4,1.00181513855887,0.981815138558873,310.447967153592,304.802513886224
24.99,100,0,4215.52436286021,128.879686029262,4,1.00181627602062,0.981816276020618,310.432136587471,304.787324301435
25,100,0,4215.99012101765,128.897055838989,4,1.00181741301446,0.98181741301446,310.416313427502,304.772141806876
25.01,100,0,4216.455661695,128.914418403145,4,1.00181854954055,0.981818549540547,310.400497670438,304.756966399453
25.02,100,0,4216.92098498723,128.931773724139,4,1.00181968559903,0.981819685599032,310.384689313032,304.741798076075
25.03,100,0,4217.38609098928,128.949121804379,4,1.00182082119006,0.981820821190065,310.368888352038,304.726636833646
25.04,100,0,4217.85097979606,128.966462646273,4,1.0018219563138,0.981821956313796,310.353094784212,304.711482669076
25.05,100,0,4218.31565150243,128.983796252227,4,1.00182309097038,0.981823090970377,310.337308606311,304.696335579276
25.06,100,0,4218.78010620322,129.001122624648,4,1.00182422515996,0.981824225159957,310.321529815091,304.681195561154
25.07,100,0,4219.24434399324,129.018441765944,4,1.00182535888269,0.981825358882688,310.305758407313,304.666062611625
25.08,100,0,4219.70836496724,129.035753678521,4,1.00182649213872,0.981826492138721,310.289994379736,304.6509367276
25.09,100,0,4220.17216921996,129.053058364786,4,1.00182762492821,0.981827624928205,310.274237729124,304.635817905995
25.1,100,0,4220.63575684608,129.070355827145,4,1.00182875725129,0.981828757251292,310.258488452236,304.620706143723
25.11,100,0,4221.09912794026,129.087646068002,4,1.00182988910813,0.981829889108133,310.242746545839,304.605601437703
25.12,100,0,4221.56228259713,129.104929089766,4,1.00183102049888,0.981831020498877,310.227012006695,304.590503784851
25.13,100,0,4222.02522091128,129.122204894839,4,1.00183215142368,0.981832151423676,310.211284831574,304.575413182087
25.14,100,0,4222.48794297725,129.139473485629,4,1.00183328188268,0.98183328188268,310.195565017241,304.56032962633
25.15,100,0,4222.95044888956,129.156734864538,4,1.00183441187604,0.98183441187604,310.179852560466,304.545253114502
25.16,100,0,4223.41273874271,129.173989033973,4,1.00183554140391,0.981835541403905,310.164147458019,304.530183643524
25.17,100,0,4223.87481263113,129.191235996338,4,1.00183667046643,0.981836670466428,310.14844970667,304.515121210321
25.18,100,0,4224.33667064923,129.208475754037,4,1.00183779906376,0.981837799063759,310.132759303193,304.500065811817
25.19,100,0,4224.79831289141,129.225708309473,4,1.00183892719605,0.981838927196047,310.11707624436,304.485017444938
25.2,100,0,4225.25973945199,129.24293366505,4,1.00184005486344,0.981840054863444,310.101400526947,304.469976106608
25.21,100,0,4225.72095042529,129.260151823172,4,1.0018411820661,0.981841182066099,310.08573214773,304.454941793759
25.22,100,0,4226.18194590558,129.277362786242,4,1.00184230880416,0.981842308804164,310.070071103485,304.439914503317
25.23,100,0,4226.6427259871,129.294566556662,4,1.00184343507779,0.98184343507779,310.054417390993,304.424894232215
25.24,100,0,4227.10329076406,129.311763136836,4,1.00184456088713,0.981844560887125,310.038771007031,304.409880977383
25.25,100,0,4227.56364033061,129.328952529165,4,1.00184568623232,0.981845686232322,310.02313194838,304.394874735751
25.26,100,0,4228.0237747809,129.346134736052,4,1.00184681111353,0.981846811113529,310.007500211824,304.379875504256
25.27,100,0,4228.48369420902,129.363309759899,4,1.0018479355309,0.981847935530899,309.991875794146,304.364883279833
25.28,100,0,4228.94339870904,129.380477603107,4,1.00184905948458,0.981849059484581,309.976258692129,304.349898059416
25.29,100,0,4229.40288837498,129.397638268078,4,1.00185018297473,0.981850182974725,309.960648902558,304.334919839941
25.3,100,0,4229.86216330085,129.414791757212,4,1.00185130600148,0.981851306001483,309.945046422222,304.319948618349
25.31,100,0,4230.32122358059,129.431938072911,4,1.001852428565,0.981852428565004,309.929451247909,304.304984391578
25.32,100,0,4230.78006930814,129.449077217575,4,1.00185355066544,0.981853550665439,309.913863376407,304.290027156569
25.33,100,0,4231.23870057738,129.466209193605,4,1.00185467230294,0.981854672302938,309.898282804508,304.275076910263
25.34,100,0,4231.69711748217,129.4833340034,4,1.00185579347765,0.981855793477651,309.882709529001,304.260133649602
25.35,100,0,4232.15532011632,129.500451649361,4,1.00185691418973,0.981856914189729,309.867143546683,304.245197371532
25.36,100,0,4232.61330857363,129.517562133887,4,1.00185803443932,0.981858034439322,309.851584854344,304.230268072995
25.37,100,0,4233.07108294784,129.534665459377,4,1.00185915422658,0.981859154226581,309.836033448781,304.215345750939
25.38,100,0,4233.52864333267,129.55176162823,4,1.00186027355166,0.981860273551656,309.820489326793,304.200430402313
25.39,100,0,4233.98598982179,129.568850642845,4,1.0018613924147,0.981861392414696,309.804952485174,304.185522024062
25.4,100,0,4234.44312250886,129.58593250562,4,1.00186251081585,0.981862510815853,309.789422920724,304.170620613136
25.41,100,0,4234.90004148749,129.603007218955,4,1.00186362875528,0.981863628755276,309.773900630244,304.155726166488
25.42,100,0,4235.35674685124,129.620074785246,4,1.00186474623312,0.981864746233116,309.758385610534,304.140838681067
25.43,100,0,4235.81323869367,129.637135206892,4,1.00186586324952,0.981865863249523,309.742877858398,304.125958153828
25.44,100,0,4236.26951710828,129.65418848629,4,1.00186697980465,0.981866979804647,309.72737737064,304.111084581725
25.45,100,0,4236.72558218853,129.671234625836,4,1.00186809589864,0.981868095898639,309.711884144063,304.096217961711
25.46,100,0,4237.18143402788,129.688273627929,4,1.00186921153165,0.981869211531648,309.696398175474,304.081358290744
25.47,100,0,4237.63707271972,129.705305494965,4,1.00187032670382,0.981870326703825,309.680919461681,304.066505565781
25.48,100,0,4238.09249835741,129.72233022934,4,1.00187144141532,0.98187144141532,309.665447999492,304.051659783782
25.49,100,0,4238.54771103429,129.73934783345,4,1.00187255566628,0.981872555666283,309.649983785717,304.036820941705
25.5,100,0,4239.00271084367,129.756358309692,4,1.00187366945686,0.981873669456863,309.634526817166,304.021989036511
25.51,100,0,4239.45749787879,129.77336166046,4,1.00187478278721,0.981874782787213,309.619077090653,304.007164065162
25.52,100,0,4239.9120722329,129.79035788815,4,1.00187589565748,0.981875895657481,309.603634602989,303.992346024621
25.53,100,0,4240.36643399918,129.807346995157,4,1.00187700806782,0.981877008067817,309.588199350991,303.977534911854
25.54,100,0,4240.82058327079,129.824328983877,4,1.00187812001837,0.981878120018371,309.572771331472,303.962730723823
25.55,100,0,4241.27452014086,129.841303856703,4,1.00187923150929,0.981879231509295,309.557350541252,303.947933457498
25.56,100,0,4241.72824470248,129.858271616029,4,1.00188034254074,0.981880342540737,309.541936977147,303.933143109845
25.57,100,0,4242.1817570487,129.875232264251,4,1.00188145311285,0.981881453112847,309.526530635978,303.918359677833
25.58,100,0,4242.63505727254,129.89218580376,4,1.00188256322578,0.981882563225777,309.511131514564,303.90358315843
25.59,100,0,4243.088145467,129.909132236952,4,1.00188367287967,0.981883672879675,309.495739609727,303.88881354861
25.6,100,0,4243.54102172501,129.926071566219,4,1.00188478207469,0.981884782074692,309.48035491829,303.874050845344
25.61,100,0,4243.9936861395,129.943003793954,4,1.00188589081098,0.981885890810977,309.464977437078,303.859295045604
25.62,100,0,4244.44613880335,129.959928922549,4,1.00188699908868,0.981886999088681,309.449607162916,303.844546146367
25.63,100,0,4244.89837980941,129.976846954397,4,1.00188810690795,0.981888106907954,309.434244092629,303.829804144605
25.64,100,0,4245.35040925048,129.993757891891,4,1.00188921426895,0.981889214268945,309.418888223047,303.815069037298
25.65,100,0,4245.80222721935,130.010661737421,4,1.00189032117181,0.981890321171805,309.403539550997,303.800340821422
25.66,100,0,4246.25383380876,130.02755849338,4,1.00189142761668,0.981891427616683,309.388198073311,303.785619493956
25.67,100,0,4246.70522911141,130.044448162158,4,1.00189253360373,0.98189253360373,309.372863786818,303.770905051881
25.68,100,0,4247.15641321999,130.061330746147,4,1.00189363913309,0.981893639133094,309.357536688353,303.756197492177
25.69,100,0,4247.60738622713,130.078206247737,4,1.00189474420493,0.981894744204926,309.342216774749,303.741496811827
25.7,100,0,4248.05814822543,130.095074669319,4,1.00189584881938,0.981895848819377,309.32690404284,303.726803007814
25.71,100,0,4248.50869930747,130.111936013283,4,1.00189695297659,0.981896952976594,309.311598489463,303.712116077123
25.72,100,0,4248.95903956578,130.128790282019,4,1.00189805667673,0.98189805667673,309.296300111454,303.697436016739
25.73,100,0,4249.40916909287,130.145637477916,4,1.00189915991993,0.981899159919932,309.281008905653,303.68276282365
25.74,100,0,4249.85908798119,130.162477603363,4,1.00190026270635,0.981900262706352,309.265724868898,303.668096494842
25.75,100,0,4250.30879632319,130.179310660751,4,1.00190136503614,0.981901365036139,309.250447998032,303.653437027305
25.76,100,0,4250.75829421125,130.196136652467,4,1.00190246690944,0.981902466909442,309.235178289895,303.638784418029
25.77,100,0,4251.20758173775,130.2129555809,4,1.00190356832641,0.981903568326412,309.219915741332,303.624138664007
25.78,100,0,4251.656658995,130.229767448438,4,1.0019046692872,0.981904669287197,309.204660349186,303.609499762228
25.79,100,0,4252.10552607531,130.246572257469,4,1.00190576979195,0.981905769791949,309.189412110306,303.59486770969
25.8,100,0,4252.55418307093,130.263370010381,4,1.00190686984082,0.981906869840816,309.174171021533,303.580242503382
25.81,100,0,4253.00263007409,130.280160709561,4,1.00190796943395,0.981907969433948,309.158937079719,303.565624140305
25.82,100,0,4253.45086717698,130.296944357396,4,1.0019090685715,0.981909068571495,309.143710281714,303.551012617454
25.83,100,0,4253.89889447174,130.313720956273,4,1.00191016725361,0.981910167253607,309.128490624367,303.536407931827
25.84,100,0,4254.34671205052,130.330490508578,4,1.00191126548043,0.981911265480433,309.113278104528,303.521810080422
25.85,100,0,4254.79432000538,130.347253016698,4,1.00191236325212,0.981912363252122,309.098072719053,303.507219060242
25.86,100,0,4255.24171842839,130.364008483019,4,1.00191346056883,0.981913460568825,309.082874464794,303.492634868286
25.87,100,0,4255.68890741156,130.380756909926,4,1.00191455743069,0.981914557430691,309.067683338606,303.478057501556
25.88,100,0,4256.13588704687,130.397498299804,4,1.00191565383787,0.98191565383787,309.052499337346,303.463486957058
25.89,100,0,4256.58265742628,130.414232655039,4,1.00191674979051,0.981916749790511,309.037322457872,303.448923231796
25.9,100,0,4257.02921864169,130.430959978016,4,1.00191784528876,0.981917845288763,309.022152697043,303.434366322775
25.91,100,0,4257.47557078499,130.447680271118,4,1.00191894033278,0.981918940332777,309.006990051717,303.419816227003
25.92,100,0,4257.92171394803,130.464393536731,4,1.0019200349227,0.981920034922702,308.991834518757,303.405272941488
25.93,100,0,4258.3676482226,130.481099777237,4,1.00192112905869,0.981921129058687,308.976686095025,303.390736463238
25.94,100,0,4258.8133737005,130.497798995021,4,1.00192222274088,0.981922222740882,308.961544777384,303.376206789265
25.95,100,0,4259.25889047346,130.514491192467,4,1.00192331596944,0.981923315969436,308.946410562699,303.36168391658
25.96,100,0,4259.70419863319,130.531176371956,4,1.0019244087445,0.981924408744499,308.931283447836,303.347167842196
25.97,100,0,4260.14929827136,130.547854535872,4,1.00192550106622,0.98192550106622,308.916163429662,303.332658563126
25.98,100,0,4260.59418947962,130.564525686598,4,1.00192659293475,0.981926592934748,308.901050505046,303.318156076384
25.99,100,0,4261.03887234956,130.581189826515,4,1.00192768435023,0.981927684350234,308.885944670856,303.303660378988
26,100,0,4261.48334697276,130.597846958006,4,1.00192877531283,0.981928775312826,308.870845923962,303.289171467953
26.01,100,0,4261.92761344075,130.614497083451,4,1.00192986582267,0.981929865822674,308.85575426124,303.2746893403
26.02,100,0,4262.37167184503,130.631140205233,4,1.00193095587993,0.981930955879927,308.84066967956,303.260213993047
26.03,100,0,4262.81552227708,130.647776325732,4,1.00193204548474,0.981932045484735,308.825592175795,303.245745423213
26.04,100,0,4263.25916482832,130.664405447329,4,1.00193313463725,0.981933134637247,308.810521746823,303.231283627822
26.05,100,0,4263.70259959015,130.681027572405,4,1.00193422333761,0.981934223337612,308.79545838952,303.216828603895
26.06,100,0,4264.14582665394,130.697642703339,4,1.00193531158598,0.981935311585979,308.780402100762,303.202380348455
26.07,100,0,4264.58884611102,130.714250842512,4,1.0019363993825,0.981936399382499,308.76535287743,303.18793885853
26.08,100,0,4265.03165805267,130.730851992303,4,1.00193748672732,0.981937486727319,308.750310716403,303.173504131144
26.09,100,0,4265.47426257017,130.747446155091,4,1.00193857362059,0.98193857362059,308.735275614564,303.159076163324
26.1,100,0,4265.91665975474,130.764033333255,4,1.00193966006246,0.98193966006246,308.720247568793,303.144654952099
26.11,100,0,4266.35884969756,130.780613529174,4,1.00194074605308,0.98194074605308,308.705226575976,303.130240494499
26.12,100,0,4266.80083248981,130.797186745226,4,1.0019418315926,0.981941831592597,308.690212632996,303.115832787552
26.13,100,0,4267.2426082226,130.813752983789,4,1.00194291668116,0.981942916681162,308.67520573674,303.101431828292
26.14,100,0,4267.68417698702,130.830312247241,4,1.00194400131892,0.981944001318923,308.660205884096,303.087037613751
26.15,100,0,4268.12553887413,130.84686453796,4,1.00194508550603,0.981945085506029,308.645213071951,303.072650140963
26.16,100,0,4268.56669397495,130.863409858322,4,1.00194616924263,0.981946169242631,308.630227297195,303.058269406964
26.17,100,0,4269.00764238046,130.879948210705,4,1.00194725252888,0.981947252528877,308.61524855672,303.043895408787
26.18,100,0,4269.44838418162,130.896479597485,4,1.00194833536492,0.981948335364915,308.600276847417,303.029528143473
26.19,100,0,4269.88891946934,130.913004021038,4,1.0019494177509,0.981949417750896,308.585312166179,303.015167608058
26.2,100,0,4270.32924833452,130.92952148374,4,1.00195049968697,0.981950499686968,308.570354509901,303.000813799582
26.21,100,0,4270.76937086799,130.946031987967,4,1.00195158117328,0.98195158117328,308.555403875478,302.986466715086
26.22,100,0,4271.20928716058,130.962535536095,4,1.00195266220998,0.981952662209982,308.540460259808,302.972126351611
26.23,100,0,4271.64899730306,130.979032130497,4,1.00195374279722,0.981953742797222,308.525523659786,302.9577927062
26.24,100,0,4272.08850138619,130.99552177355,4,1.00195482293515,0.98195482293515,308.510594072315,302.943465775898
26.25,100,0,4272.52779950067,131.012004467627,4,1.00195590262391,0.981955902623914,308.495671494292,302.929145557748
26.26,100,0,4272.96689173719,131.028480215103,4,1.00195698186366,0.981956981863663,308.48075592262,302.914832048797
26.27,100,0,4273.40577818639,131.044949018351,4,1.00195806065455,0.981958060654547,308.465847354201,302.900525246093
26.28,100,0,4273.84445893887,131.061410879745,4,1.00195913899671,0.981959138996715,308.45094578594,302.886225146684
26.29,100,0,4274.28293408522,131.077865801658,4,1.00196021689031,0.981960216890315,308.436051214741,302.871931747619
26.3,100,0,4274.72120371598,131.094313786463,4,1.0019612943355,0.981961294335496,308.421163637509,302.857645045948
26.31,100,0,4275.15926792165,131.110754836533,4,1.00196237133241,0.981962371332407,308.406283051153,302.843365038724
26.32,100,0,4275.59712679271,131.12718895424,4,1.0019634478812,0.981963447881197,308.391409452583,302.829091723
26.33,100,0,4276.03478041959,131.143616141956,4,1.00196452398202,0.981964523982015,308.376542838706,302.814825095829
26.34,100,0,4276.47222889271,131.160036402053,4,1.00196559963501,0.98196559963501,308.361683206433,302.800565154266
26.35,100,0,4276.90947230243,131.176449736901,4,1.00196667484033,0.981966674840331,308.346830552677,302.786311895367
26.36,100,0,4277.34651073909,131.192856148873,4,1.00196774959813,0.981967749598126,308.331984874352,302.772065316191
26.37,100,0,4277.783344293,131.209255640338,4,1.00196882390855,0.981968823908545,308.317146168371,302.757825413794
26.38,100,0,4278.21997305442,131.225648213668,4,1.00196989777174,0.981969897771736,308.30231443165,302.743592185237
26.39,100,0,4278.65639711358,131.242033871233,4,1.00197097118785,0.981970971187847,308.287489661107,302.729365627581
26.4,100,0,4279.09261656069,131.258412615401,4,1.00197204415703,0.981972044157029,308.272671853657,302.715145737885
26.41,100,0,4279.52863148592,131.274784448544,4,1.00197311667943,0.981973116679429,308.257861006223,302.700932513215
26.42,100,0,4279.96444197939,131.291149373029,4,1.0019741887552,0.981974188755196,308.243057115722,302.686725950632
26.43,100,0,4280.40004813121,131.307507391227,4,1.00197526038448,0.981975260384478,308.228260179078,302.672526047204
26.44,100,0,4280.83545003143,131.323858505504,4,1.00197633156743,0.981976331567426,308.213470193212,302.658332799996
26.45,100,0,4281.2706477701,131.340202718231,4,1.00197740230419,0.981977402304187,308.198687155049,302.644146206075
26.46,100,0,4281.70564143719,131.356540031774,4,1.00197847259491,0.981978472594909,308.183911061512,302.629966262509
26.47,100,0,4282.14043112269,131.372870448501,4,1.00197954243974,0.981979542439742,308.169141909529,302.615792966368
26.48,100,0,4282.57501691651,131.389193970781,4,1.00198061183883,0.981980611838835,308.154379696028,302.601626314722
26.49,100,0,4283.00939890855,131.405510600978,4,1.00198168079233,0.981981680792335,308.139624417936,302.587466304644
26.5,100,0,4283.44357718867,131.421820341462,4,1.00198274930039,0.981982749300391,308.124876072184,302.573312933205
26.51,100,0,4283.87755184669,131.438123194596,4,1.00198381736315,0.981983817363153,308.110134655701,302.559166197481
26.52,100,0,4284.31132297241,131.454419162749,4,1.00198488498077,0.981984884980768,308.09540016542,302.545026094544
26.53,100,0,4284.74489065558,131.470708248285,4,1.00198595215339,0.981985952153385,308.080672598276,302.530892621473
26.54,100,0,4285.17825498594,131.48699045357,4,1.00198701888115,0.981987018881153,308.065951951201,302.516765775344
26.55,100,0,4285.61141605316,131.50326578097,4,1.00198808516422,0.98198808516422,308.051238221132,302.502645553236
26.56,100,0,4286.0443739469,131.519534232848,4,1.00198915100274,0.981989151002735,308.036531405005,302.488531952228
26.57,100,0,4286.4771287568,131.535795811569,4,1.00199021639685,0.981990216396846,308.021831499758,302.4744249694
26.58,100,0,4286.90968057242,131.552050519498,4,1.0019912813467,0.981991281346702,308.00713850233,302.460324601834
26.59,100,0,4287.34202948334,131.568298358998,4,1.00199234585245,0.98199234585245,307.992452409663,302.446230846614
26.6,100,0,4287.77417557906,131.584539332433,4,1.00199340991424,0.98199340991424,307.977773218695,302.432143700821
26.61,100,0,4288.20611894908,131.600773442166,4,1.00199447353222,0.98199447353222,307.963100926372,302.418063161543
26.62,100,0,4288.63785968284,131.61700069056,4,1.00199553670654,0.981995536706538,307.948435529636,302.403989225863
26.63,100,0,4289.06939786977,131.633221079977,4,1.00199659943734,0.981996599437344,307.933777025433,302.389921890872
26.64,100,0,4289.50073359925,131.64943461278,4,1.00199766172478,0.981997661724783,307.919125410709,302.375861153657
26.65,100,0,4289.93186696063,131.665641291331,4,1.00199872356901,0.981998723569007,307.90448068241,302.361807011305
26.66,100,0,4290.36279804322,131.68184111799,4,1.00199978497016,0.981999784970162,307.889842837485,302.347759460907
26.67,100,0,4290.79352693631,131.69803409512,4,1.0020008459284,0.982000845928397,307.875211872885,302.333718499557
26.68,100,0,4291.22405372915,131.714220225082,4,1.00200190644386,0.98200190644386,307.860587785559,302.319684124346
26.69,100,0,4291.65437851096,131.730399510235,4,1.0020029665167,0.9820029665167,307.845970572461,302.305656332369
26.7,100,0,4292.0845013709,131.746571952941,4,1.00200402614706,0.982004026147065,307.831360230542,302.29163512072
26.71,100,0,4292.51442239814,131.762737555558,4,1.0020050853351,0.982005085335103,307.816756756758,302.277620486494
26.72,100,0,4292.94414168178,131.778896320448,4,1.00200614408096,0.982006144080962,307.802160148062,302.263612426789
26.73,100,0,4293.3736593109,131.795048249969,4,1.00200720238479,0.98200720238479,307.787570401415,302.249610938705
26.74,100,0,4293.80297537455,131.81119334648,4,1.00200826024674,0.982008260246737,307.772987513772,302.23561601934
26.75,100,0,4294.23208996175,131.82733161234,4,1.00200931766695,0.982009317666949,307.758411482092,302.221627665793
26.76,100,0,4294.66100316146,131.843463049907,4,1.00201037464557,0.982010374645575,307.743842303335,302.207645875167
26.77,100,0,4295.08971506263,131.859587661539,4,1.00201143118276,0.982011431182763,307.729279974465,302.193670644565
26.78,100,0,4295.51822575417,131.875705449593,4,1.00201248727866,0.982012487278662,307.71472449244,302.179701971089
26.79,100,0,4295.94653532497,131.891816416428,4,1.00201354293342,0.982013542933418,307.700175854227,302.165739851845
26.8,100,0,4296.37464386385,131.9079205644,4,1.00201459814718,0.982014598147182,307.68563405679,302.15178428394
26.81,100,0,4296.80255145964,131.924017895866,4,1.0020156529201,0.982015652920099,307.671099097095,302.137835264479
26.82,100,0,4297.23025820109,131.940108413183,4,1.00201670725232,0.98201670725232,307.656570972109,302.12389279057
26.83,100,0,4297.65776417697,131.956192118705,4,1.00201776114399,0.98201776114399,307.642049678802,302.109956859325
26.84,100,0,4298.08506947597,131.972269014789,4,1.00201881459526,0.98201881459526,307.62753521414,302.096027467851
26.85,100,0,4298.51217418676,131.988339103791,4,1.00201986760628,0.982019867606276,307.613027575097,302.082104613262
26.86,100,0,4298.939078398,132.004402388065,4,1.00202092017719,0.982020920177187,307.598526758642,302.068188292669
26.87,100,0,4299.36578219827,132.020458869966,4,1.00202197230814,0.98202197230814,307.58403276175,302.054278503185
26.88,100,0,4299.79228567616,132.036508551848,4,1.00202302399928,0.982023023999283,307.569545581394,302.040375241926
26.89,100,0,4300.21858892021,132.052551436066,4,1.00202407525076,0.982024075250765,307.555065214551,302.026478506009
26.9,100,0,4300.64469201891,132.068587524973,4,1.00202512606273,0.982025126062733,307.540591658197,302.012588292548
26.91,100,0,4301.07059506075,132.084616820923,4,1.00202617643534,0.982026176435335,307.526124909309,301.998704598664
26.92,100,0,4301.49629813415,132.100639326268,4,1.00202722636872,0.98202722636872,307.511664964864,301.984827421473
26.93,100,0,4301.92180132753,132.116655043361,4,1.00202827586303,0.982028275863034,307.497211821846,301.970956758098
26.94,100,0,4302.34710472924,132.132663974555,4,1.00202932491843,0.982029324918425,307.482765477234,301.957092605659
26.95,100,0,4302.77220842764,132.148666122201,4,1.00203037353504,0.982030373535043,307.46832592801,301.943234961278
26.96,100,0,4303.19711251101,132.164661488652,4,1.00203142171303,0.982031421713033,307.453893171159,301.92938382208
26.97,100,0,4303.62181706764,132.180650076258,4,1.00203246945255,0.982032469452545,307.439467203664,301.915539185189
26.98,100,0,4304.04632218575,132.196631887372,4,1.00203351675373,0.982033516753726,307.425048022511,301.90170104773
26.99,100,0,4304.47062795354,132.212606924342,4,1.00203456361672,0.982034563616722,307.410635624687,301.887869406829
27,100,0,4304.8947344592,132.228575189521,4,1.00203561004168,0.982035610041684,307.39623000718,301.874044259615
27.01,100,0,4305.31864179084,132.244536685257,4,1.00203665602876,0.982036656028757,307.381831166981,301.860225603219
27.02,100,0,4305.74235003657,132.2604914139,4,1.00203770157809,0.98203770157809,307.367439101079,301.846413434767
27.03,100,0,4306.16585928446,132.2764393778,4,1.00203874668983,0.982038746689831,307.353053806466,301.832607751394
27.04,100,0,4306.58916962253,132.292380579306,4,1.00203979136413,0.982039791364126,307.338675280135,301.81880855023
27.05,100,0,4307.0122811388,132.308315020766,4,1.00204083560112,0.982040835601124,307.324303519079,301.805015828409
27.06,100,0,4307.43519392123,132.324242704529,4,1.00204187940097,0.982041879400972,307.309938520293,301.791229583065
27.07,100,0,4307.85790805774,132.340163632942,4,1.00204292276382,0.982042922763818,307.295580280772,301.777449811333
27.08,100,0,4308.28042363625,132.356077808354,4,1.00204396568981,0.982043965689809,307.281228797519,301.763676510353
27.09,100,0,4308.70274074461,132.371985233112,4,1.00204500817909,0.982045008179094,307.266884067527,301.749909677259
27.1,100,0,4309.12485947065,132.387885909561,4,1.00204605023182,0.982046050231819,307.252546087797,301.736149309191
27.11,100,0,4309.54677990218,132.40377984005,4,1.00204709184813,0.982047091848132,307.238214855331,301.72239540329
27.12,100,0,4309.96850212695,132.419667026924,4,1.00204813302818,0.98204813302818,307.223890367131,301.708647956696
27.13,100,0,4310.39002623271,132.43554747253,4,1.00204917377211,0.982049173772111,307.209572620199,301.694906966549
27.14,100,0,4310.81135230714,132.451421179212,4,1.00205021408007,0.982050214080073,307.195261611539,301.681172429996
27.15,100,0,4311.23248043792,132.467288149316,4,1.00205125395221,0.982051253952213,307.180957338159,301.66744434418
27.16,100,0,4311.65341071267,132.483148385188,4,1.00205229338868,0.982052293388678,307.166659797064,301.653722706246
27.17,100,0,4312.07414321898,132.49900188917,4,1.00205333238962,0.982053332389615,307.152368985261,301.64000751334
27.18,100,0,4312.49467804443,132.514848663609,4,1.00205437095517,0.982054370955173,307.138084899761,301.626298762612
27.19,100,0,4312.91501527655,132.530688710847,4,1.0020554090855,0.982055409085499,307.123807537573,301.612596451207
27.2,100,0,4313.33515500282,132.546522033227,4,1.00205644678074,0.982056446780739,307.109536895709,301.598900576278
27.21,100,0,4313.75509731072,132.562348633094,4,1.00205748404104,0.982057484041041,307.09527297118,301.585211134974
27.22,100,0,4314.17484228766,132.57816851279,4,1.00205852086655,0.982058520866553,307.081015761001,301.571528124447
27.23,100,0,4314.59439002106,132.593981674658,4,1.00205955725742,0.982059557257422,307.066765262184,301.557851541849
27.24,100,0,4315.01374059826,132.609788121038,4,1.00206059321379,0.982060593213794,307.052521471749,301.544181384337
27.25,100,0,4315.43289410661,132.625587854274,4,1.00206162873582,0.982061628735818,307.038284386711,301.530517649065
27.26,100,0,4315.85185063339,132.641380876707,4,1.00206266382364,0.98206266382364,307.024054004088,301.516860333188
27.27,100,0,4316.27061026587,132.657167190678,4,1.00206369847741,0.982063698477408,307.009830320901,301.503209433865
27.28,100,0,4316.68917309127,132.672946798527,4,1.00206473269727,0.98206473269727,306.995613334168,301.489564948254
27.29,100,0,4317.1075391968,132.688719702594,4,1.00206576648337,0.982065766483371,306.981403040912,301.475926873514
27.3,100,0,4317.52570866961,132.704485905221,4,1.00206679983586,0.982066799835859,306.967199438158,301.462295206808
27.31,100,0,4317.94368159683,132.720245408746,4,1.00206783275488,0.982067832754882,306.953002522926,301.448669945294
27.32,100,0,4318.36145806556,132.735998215509,4,1.00206886524059,0.982068865240587,306.938812292243,301.435051086137
27.33,100,0,4318.77903816286,132.751744327848,4,1.00206989729312,0.98206989729312,306.924628743136,301.4214386265
27.34,100,0,4319.19642197575,132.767483748103,4,1.00207092891263,0.982070928912629,306.910451872632,301.40783256355
27.35,100,0,4319.61360959124,132.783216478612,4,1.00207196009926,0.982071960099261,306.896281677759,301.394232894451
27.36,100,0,4320.03060109627,132.798942521712,4,1.00207299085316,0.982072990853162,306.882118155546,301.380639616371
27.37,100,0,4320.4473965778,132.814661879741,4,1.00207402117448,0.982074021174481,306.867961303026,301.367052726478
27.38,100,0,4320.86399612269,132.830374555036,4,1.00207505106336,0.982075051063363,306.85381111723,301.353472221941
27.39,100,0,4321.28039981783,132.846080549935,4,1.00207608051996,0.982076080519956,306.839667595191,301.339898099932
27.4,100,0,4321.69660775003,132.861779866773,4,1.00207710954441,0.982077109544407,306.825530733945,301.326330357621
27.41,100,0,4322.11262000609,132.877472507886,4,1.00207813813686,0.982078138136863,306.811400530525,301.312768992182
27.42,100,0,4322.52843667277,132.893158475611,4,1.00207916629747,0.98207916629747,306.797276981969,301.299214000786
27.43,100,0,4322.9440578368,132.908837772283,4,1.00208019402638,0.982080194026376,306.783160085314,301.28566538061
27.44,100,0,4323.35948358487,132.924510400237,4,1.00208122132373,0.982081221323728,306.7690498376,301.27212312883
27.45,100,0,4323.77471400365,132.940176361807,4,1.00208224818967,0.982082248189672,306.754946235867,301.258587242622
27.46,100,0,4324.18974917977,132.955835659329,4,1.00208327462436,0.982083274624355,306.740849277156,301.245057719165
27.47,100,0,4324.60458919981,132.971488295135,4,1.00208430062792,0.982084300627925,306.726758958508,301.231534555637
27.48,100,0,4325.01923415034,132.98713427156,4,1.00208532620053,0.982085326200527,306.712675276969,301.218017749218
27.49,100,0,4325.43368411789,133.002773590937,4,1.00208635134231,0.982086351342308,306.698598229582,301.204507297091
27.5,100,0,4325.84793918895,133.018406255599,4,1.00208737605342,0.982087376053417,306.684527813394,301.191003196437
27.51,100,0,4326.26199944999,133.034032267878,4,1.002088400334,0.982088400333998,306.67046402545,301.17750544444
27.52,100,0,4326.67586498743,133.049651630106,4,1.0020894241842,0.9820894241842,306.656406862802,301.164014038284
27.53,100,0,4327.08953588767,133.065264344616,4,1.00209044760417,0.982090447604167,306.642356322495,301.150528975156
27.54,100,0,4327.50301223707,133.080870413738,4,1.00209147059405,0.982091470594049,306.628312401581,301.13705025224
27.55,100,0,4327.91629412196,133.096469839805,4,1.00209249315399,0.98209249315399,306.614275097113,301.123577866727
27.56,100,0,4328.32938162863,133.112062625146,4,1.00209351528414,0.982093515284138,306.600244406142,301.110111815804
27.57,100,0,4328.74227484335,133.127648772093,4,1.00209453698464,0.98209453698464,306.586220325722,301.096652096661
27.58,100,0,4329.15497385235,133.143228282974,4,1.00209555825564,0.982095558255641,306.572202852909,301.083198706489
27.59,100,0,4329.56747874182,133.15880116012,4,1.00209657909729,0.982096579097288,306.558191984758,301.06975164248
27.6,100,0,4329.97978959792,133.174367405861,4,1.00209759950973,0.982097599509729,306.544187718327,301.056310901829
27.61,100,0,4330.39190650678,133.189927022524,4,1.00209861949311,0.98209861949311,306.530190050675,301.042876481728
27.62,100,0,4330.8038295545,133.205480012439,4,1.00209963904758,0.982099639047576,306.51619897886,301.029448379373
27.63,100,0,4331.21555882715,133.221026377934,4,1.00210065817328,0.982100658173276,306.502214499944,301.016026591961
27.64,100,0,4331.62709441075,133.236566121336,4,1.00210167687035,0.982101676870354,306.488236610989,301.00261111669
27.65,100,0,4332.0384363913,133.252099244974,4,1.00210269513896,0.982102695138958,306.474265309057,300.989201950757
27.66,100,0,4332.44958485476,133.267625751173,4,1.00210371297923,0.982103712979234,306.460300591213,300.975799091362
27.67,100,0,4332.86053988707,133.283145642262,4,1.00210473039133,0.982104730391329,306.446342454522,300.962402535708
27.68,100,0,4333.27130157411,133.298658920566,4,1.00210574737539,0.982105747375389,306.432390896051,300.949012280993
27.69,100,0,4333.68187000176,133.314165588412,4,1.00210676393156,0.98210676393156,306.418445912867,300.935628324423
27.7,100,0,4334.09224525585,133.329665648124,4,1.00210778005999,0.982107780059989,306.404507502037,300.9222506632
27.71,100,0,4334.50242742217,133.345159102029,4,1.00210879576082,0.982108795760822,306.390575660634,300.908879294531
27.72,100,0,4334.91241658649,133.360645952452,4,1.00210981103421,0.982109811034205,306.376650385729,300.895514215621
27.73,100,0,4335.32221283454,133.376126201716,4,1.00211082588029,0.982110825880285,306.362731674391,300.882155423677
27.74,100,0,4335.73181625202,133.391599852146,4,1.00211184029921,0.982111840299208,306.348819523696,300.868802915907
27.75,100,0,4336.1412269246,133.407066906066,4,1.00211285429112,0.982112854291121,306.334913930718,300.855456689523
27.76,100,0,4336.5504449379,133.422527365799,4,1.00211386785617,0.982113867856169,306.321014892532,300.842116741732
27.77,100,0,4336.95947037753,133.437981233668,4,1.0021148809945,0.982114880994498,306.307122406215,300.828783069747
27.78,100,0,4337.36830332905,133.453428511996,4,1.00211589370626,0.982115893706256,306.293236468845,300.815455670781
27.79,100,0,4337.776943878,133.468869203106,4,1.00211690599159,0.982116905991588,306.279357077501,300.802134542048
27.8,100,0,4338.18539210987,133.484303309319,4,1.00211791785064,0.98211791785064,306.265484229263,300.788819680762
27.81,100,0,4338.59364811014,133.499730832957,4,1.00211892928356,0.982118929283559,306.251617921211,300.775511084138
27.82,100,0,4339.00171196424,133.515151776342,4,1.00211994029049,0.982119940290491,306.23775815043,300.762208749394
27.83,100,0,4339.40958375757,133.530566141793,4,1.00212095087158,0.982120950871581,306.223904914002,300.748912673748
27.84,100,0,4339.8172635755,133.545973931631,4,1.00212196102698,0.982121961026976,306.210058209011,300.735622854419
27.85,100,0,4340.22475150336,133.561375148177,4,1.00212297075682,0.982122970756822,306.196218032545,300.722339288627
27.86,100,0,4340.63204762645,133.576769793751,4,1.00212398006126,0.982123980061264,306.182384381689,300.709061973592
27.87,100,0,4341.03915203005,133.592157870671,4,1.00212498894045,0.98212498894045,306.168557253532,300.695790906539
27.88,100,0,4341.44606479939,133.607539381257,4,1.00212599739453,0.982125997394525,306.154736645164,300.68252608469
27.89,100,0,4341.85278601967,133.622914327827,4,1.00212700542364,0.982127005423635,306.140922553674,300.669267505269
27.9,100,0,4342.25931577607,133.638282712699,4,1.00212801302793,0.982128013027926,306.127114976154,300.656015165502
27.91,100,0,4342.66565415372,133.653644538192,4,1.00212902020754,0.982129020207543,306.113313909697,300.642769062615
27.92,100,0,4343.07180123773,133.668999806622,4,1.00213002696263,0.982130026962634,306.099519351396,300.629529193836
27.93,100,0,4343.47775711316,133.684348520308,4,1.00213103329334,0.982131033293343,306.085731298346,300.616295556393
27.94,100,0,4343.88352186506,133.699690681565,4,1.00213203919982,0.982132039199817,306.071949747644,300.603068147518
27.95,100,0,4344.28909557843,133.71502629271,4,1.0021330446822,0.982133044682201,306.058174696387,300.589846964439
27.96,100,0,4344.69447833825,133.730355356059,4,1.00213404974064,0.982134049740642,306.044406141672,300.57663200439
27.97,100,0,4345.09967022945,133.745677873928,4,1.00213505437528,0.982135054375284,306.0306440806,300.563423264603
27.98,100,0,4345.50467133694,133.760993848632,4,1.00213605858628,0.982136058586275,306.01688851027,300.550220742312
27.99,100,0,4345.9094817456,133.776303282485,4,1.00213706237376,0.982137062373759,306.003139427785,300.537024434753
28,100,0,4346.31410154027,133.791606177802,4,1.00213806573788,0.982138065737883,305.989396830249,300.523834339162
28.01,100,0,4346.71853080575,133.806902536898,4,1.00213906867879,0.982139068678792,305.975660714764,300.510650452776
28.02,100,0,4347.12276962681,133.822192362085,4,1.00214007119663,0.982140071196632,305.961931078437,300.497472772835
28.03,100,0,4347.52681808822,133.837475655678,4,1.00214107329155,0.982141073291549,305.948207918371,300.484301296575
28.04,100,0,4347.93067627466,133.852752419989,4,1.00214207496369,0.982142074963687,305.934491231676,300.471136021238
28.05,100,0,4348.33434427082,133.868022657331,4,1.00214307621319,0.982143076213194,305.92078101546,300.457976944067
28.06,100,0,4348.73782216135,133.883286370015,4,1.00214407704021,0.982144077040214,305.907077266833,300.444824062304
28.07,100,0,4349.14111003085,133.898543560355,4,1.00214507744489,0.982145077444894,305.893379982906,300.431677373191
28.08,100,0,4349.5442079639,133.91379423066,4,1.00214607742738,0.982146077427378,305.879689160789,300.418536873975
28.09,100,0,4349.94711604505,133.929038383243,4,1.00214707698781,0.982147076987813,305.866004797598,300.405402561901
28.1,100,0,4350.34983435881,133.944276020414,4,1.00214807612634,0.982148076126343,305.852326890446,300.392274434217
28.11,100,0,4350.75236298967,133.959507144483,4,1.00214907484312,0.982149074843115,305.838655436446,300.379152488168
28.12,100,0,4351.15470202206,133.97473175776,4,1.00215007313827,0.982150073138274,305.824990432718,300.366036721006
28.13,100,0,4351.5568515404,133.989949862554,4,1.00215107101197,0.982151071011965,305.811331876377,300.35292712998
28.14,100,0,4351.95881162908,134.005161461176,4,1.00215206846433,0.982152068464334,305.797679764544,300.33982371234
28.15,100,0,4352.36058237244,134.020366555932,4,1.00215306549553,0.982153065495527,305.784034094335,300.32672646534
28.16,100,0,4352.76216385479,134.035565149133,4,1.00215406210569,0.982154062105688,305.770394862876,300.313635386234
28.17,100,0,4353.16355616043,134.050757243085,4,1.00215505829496,0.982155058294963,305.756762067285,300.300550472274
28.18,100,0,4353.5647593736,134.065942840097,4,1.0021560540635,0.982156054063497,305.743135704688,300.287471720717
28.19,100,0,4353.96577357853,134.081121942475,4,1.00215704941144,0.982157049411437,305.729515772207,300.274399128818
28.2,100,0,4354.36659885938,134.096294552527,4,1.00215804433893,0.982158044338927,305.71590226697,300.261332693838
28.21,100,0,4354.76723530033,134.111460672559,4,1.00215903884611,0.982159038846112,305.702295186101,300.248272413031
28.22,100,0,4355.16768298548,134.126620304876,4,1.00216003293314,0.982160032933138,305.68869452673,300.235218283661
28.23,100,0,4355.56794199893,134.141773451785,4,1.00216102660015,0.98216102660015,305.675100285984,300.222170302986
28.24,100,0,4355.96801242473,134.156920115591,4,1.00216201984729,0.982162019847294,305.661512460996,300.20912846827
28.25,100,0,4356.36789434689,134.172060298598,4,1.00216301267471,0.982163012674713,305.647931048892,300.196092776773
28.26,100,0,4356.76758784942,134.187194003112,4,1.00216400508256,0.982164005082555,305.634356046809,300.183063225762
28.27,100,0,4357.16709301626,134.202321231436,4,1.00216499707096,0.982164997070964,305.620787451878,300.1700398125
28.28,100,0,4357.56640993134,134.217441985874,4,1.00216598864008,0.982165988640084,305.607225261235,300.157022534254
28.29,100,0,4357.96553867855,134.23255626873,4,1.00216697979006,0.982166979790062,305.593669472014,300.144011388291
28.3,100,0,4358.36447934175,134.247664082305,4,1.00216797052104,0.982167970521043,305.580120081352,300.131006371878
28.31,100,0,4358.76323200477,134.262765428904,4,1.00216896083317,0.98216896083317,305.566577086388,300.118007482286
28.32,100,0,4359.16179675139,134.277860310827,4,1.00216995072659,0.98216995072659,305.553040484259,300.105014716784
28.33,100,0,4359.56017366537,134.292948730378,4,1.00217094020145,0.982170940201448,305.539510272109,300.092028072647
28.34,100,0,4359.95836283046,134.308030689856,4,1.00217192925789,0.982171929257889,305.525986447075,300.079047547143
28.35,100,0,4360.35636433033,134.323106191563,4,1.00217291789606,0.982172917896057,305.512469006302,300.066073137548
28.36,100,0,4360.75417824866,134.338175237801,4,1.0021739061161,0.982173906116097,305.498957946932,300.053104841135
28.37,100,0,4361.15180466906,134.353237830868,4,1.00217489391816,0.982174893918155,305.485453266109,300.04014265518
28.38,100,0,4361.54924367515,134.368293973065,4,1.00217588130238,0.982175881302376,305.47195496098,300.02718657696
28.39,100,0,4361.94649535049,134.383343666691,4,1.0021768682689,0.982176868268904,305.458463028693,300.014236603755
28.4,100,0,4362.3435597786,134.398386914045,4,1.00217785481788,0.982177854817885,305.444977466395,300.001292732841
28.41,100,0,4362.74043704299,134.413423717426,4,1.00217884094946,0.982178840949462,305.431498271234,299.988354961499
28.42,100,0,4363.13712722712,134.428454079132,4,1.00217982666378,0.982179826663782,305.418025440361,299.975423287008
28.43,100,0,4363.53363041443,134.443478001461,4,1.00218081196099,0.982180811960988,305.404558970927,299.962497706653
28.44,100,0,4363.92994668832,134.458495486711,4,1.00218179684123,0.982181796841227,305.391098860086,299.949578217716
28.45,100,0,4364.32607613216,134.473506537177,4,1.00218278130464,0.982182781304642,305.37764510499,299.936664817481
28.46,100,0,4364.72201882929,134.488511155158,4,1.00218376535138,0.982183765351378,305.364197702794,299.923757503233
28.47,100,0,4365.11777486302,134.503509342949,4,1.00218474898158,0.98218474898158,305.350756650654,299.910856272258
28.48,100,0,4365.5133443166,134.518501102846,4,1.00218573219539,0.982185732195393,305.337321945727,299.897961121844
28.49,100,0,4365.90872727329,134.533486437145,4,1.00218671499296,0.982186714992961,305.323893585171,299.885072049279
28.5,100,0,4366.30392381629,134.548465348141,4,1.00218769737443,0.98218769737443,305.310471566145,299.872189051853
28.51,100,0,4366.69893402878,134.563437838128,4,1.00218867933994,0.982188679339943,305.29705588581,299.859312126856
28.52,100,0,4367.09375799389,134.5784039094,4,1.00218966088965,0.982189660889646,305.283646541326,299.846441271579
28.53,100,0,4367.48839579474,134.593363564252,4,1.00219064202368,0.982190642023682,305.270243529858,299.833576483317
28.54,100,0,4367.8828475144,134.608316804977,4,1.0021916227422,0.982191622742198,305.256846848567,299.82071775936
28.55,100,0,4368.27711323592,134.623263633868,4,1.00219260304534,0.982192603045336,305.243456494619,299.807865097006
28.56,100,0,4368.67119304232,134.638204053218,4,1.00219358293324,0.982193582933243,305.23007246518,299.795018493549
28.57,100,0,4369.06508701656,134.653138065319,4,1.00219456240606,0.982194562406061,305.216694757416,299.782177946284
28.58,100,0,4369.4587952416,134.668065672463,4,1.00219554146394,0.982195541463937,305.203323368497,299.769343452513
28.59,100,0,4369.85231780036,134.682986876942,4,1.00219652010701,0.982196520107013,305.189958295591,299.756515009534
28.6,100,0,4370.24565477571,134.697901681046,4,1.00219749833544,0.982197498335435,305.176599535868,299.743692614644
28.61,100,0,4370.63880625051,134.712810087066,4,1.00219847614935,0.982198476149348,305.163247086499,299.730876265146
28.62,100,0,4371.03177230757,134.727712097292,4,1.00219945354889,0.982199453548895,305.149900944659,299.718065958343
28.63,100,0,4371.42455302968,134.742607714015,4,1.00220043053422,0.982200430534221,305.136561107521,299.705261691538
28.64,100,0,4371.8171484996,134.757496939524,4,1.00220140710547,0.98220140710547,305.123227572258,299.692463462034
28.65,100,0,4372.20955880003,134.772379776108,4,1.00220238326279,0.982202383262787,305.109900336047,299.679671267137
28.66,100,0,4372.60178401368,134.787256226055,4,1.00220335900632,0.982203359006316,305.096579396066,299.666885104153
28.67,100,0,4372.9938242232,134.802126291654,4,1.0022043343362,0.982204334336201,305.083264749491,299.654104970389
28.68,100,0,4373.38567951121,134.816989975193,4,1.00220530925259,0.982205309252587,305.069956393505,299.641330863156
28.69,100,0,4373.7773499603,134.831847278959,4,1.00220628375562,0.982206283755618,305.056654325284,299.628562779759
28.7,100,0,4374.16883565303,134.846698205239,4,1.00220725784544,0.982207257845437,305.043358542011,299.615800717512
28.71,100,0,4374.56013667193,134.86154275632,4,1.00220823152219,0.98220823152219,305.030069040871,299.603044673726
28.72,100,0,4374.95125309949,134.876380934489,4,1.00220920478602,0.98220920478602,305.016785819045,299.590294645712
28.73,100,0,4375.34218501818,134.89121274203,4,1.00221017763707,0.982210177637072,305.00350887372,299.577550630786
28.74,100,0,4375.73293251043,134.90603818123,4,1.00221115007549,0.98221115007549,304.990238202079,299.564812626262
28.75,100,0,4376.12349565862,134.920857254373,4,1.00221212210142,0.982212122101418,304.976973801312,299.552080629455
28.76,100,0,4376.51387454513,134.935669963744,4,1.002213093715,0.982213093714999,304.963715668605,299.539354637682
28.77,100,0,4376.9040692523,134.950476311628,4,1.00221406491638,0.982214064916379,304.950463801148,299.52663464826
28.78,100,0,4377.29407986241,134.965276300308,4,1.0022150357057,0.9822150357057,304.937218196132,299.513920658511
28.79,100,0,4377.68390645774,134.980069932068,4,1.00221600608311,0.982216006083108,304.923978850748,299.501212665752
28.8,100,0,4378.07354912053,134.99485720919,4,1.00221697604875,0.982216976048746,304.910745762189,299.488510667306
28.81,100,0,4378.46300793298,135.009638133957,4,1.00221794560276,0.982217945602758,304.89751892765,299.475814660494
28.82,100,0,4378.85228297726,135.024412708652,4,1.00221891474529,0.982218914745288,304.884298344323,299.46312464264
28.83,100,0,4379.24137433552,135.039180935555,4,1.00221988347648,0.982219883476481,304.871084009406,299.450440611067
28.84,100,0,4379.63028208985,135.05394281695,4,1.00222085179648,0.982220851796479,304.857875920094,299.4377625631
28.85,100,0,4380.01900632233,135.068698355115,4,1.00222181970543,0.982221819705426,304.844674073588,299.425090496068
28.86,100,0,4380.40754711501,135.083447552333,4,1.00222278720347,0.982222787203468,304.831478467086,299.412424407295
28.87,100,0,4380.7959045499,135.098190410883,4,1.00222375429075,0.982223754290747,304.818289097786,299.39976429411
28.88,100,0,4381.18407870897,135.112926933045,4,1.00222472096741,0.982224720967408,304.805105962895,299.387110153846
28.89,100,0,4381.57206967417,135.127657121098,4,1.00222568723359,0.982225687233593,304.791929059611,299.374461983829
28.9,100,0,4381.95987752743,135.142380977322,4,1.00222665308945,0.982226653089447,304.778758385138,299.361819781392
28.91,100,0,4382.34750235061,135.157098503994,4,1.00222761853511,0.982227618535115,304.765593936684,299.349183543869
28.92,100,0,4382.73494422556,135.171809703392,4,1.00222858357074,0.982228583570738,304.752435711453,299.336553268592
28.93,100,0,4383.12220323412,135.186514577795,4,1.00222954819646,0.982229548196462,304.739283706651,299.323928952897
28.94,100,0,4383.50927945805,135.20121312948,4,1.00223051241243,0.982230512412429,304.726137919486,299.311310594117
28.95,100,0,4383.89617297912,135.215905360723,4,1.00223147621878,0.982231476218784,304.71299834717,299.298698189593
28.96,100,0,4384.28288387905,135.230591273802,4,1.00223243961567,0.98223243961567,304.699864986912,299.28609173666
28.97,100,0,4384.66941223953,135.245270870991,4,1.00223340260323,0.982233402603231,304.686737835922,299.273491232656
28.98,100,0,4385.0557581422,135.259944154567,4,1.00223436518161,0.98223436518161,304.673616891414,299.260896674923
28.99,100,0,4385.44192166871,135.274611126805,4,1.00223532735095,0.982235327350951,304.660502150601,299.248308060801
29,100,0,4385.82790290064,135.28927178998,4,1.0022362891114,0.982236289111397,304.6473936107,299.235725387632
29.01,100,0,4386.21370191955,135.303926146365,4,1.00223725046309,0.982237250463092,304.634291268924,299.223148652761
29.02,100,0,4386.59931880697,135.318574198235,4,1.00223821140618,0.982238211406179,304.621195122491,299.210577853529
29.03,100,0,4386.9847536444,135.333215947864,4,1.0022391719408,0.982239171940803,304.60810516862,299.198012987283
29.04,100,0,4387.3700065133,135.347851397525,4,1.00224013206711,0.982240132067106,304.595021404529,299.185454051368
29.05,100,0,4387.75507749511,135.36248054949,4,1.00224109178523,0.982241091785231,304.581943827438,299.172901043131
29.06,100,0,4388.13996667122,135.377103406032,4,1.00224205109532,0.982242051095323,304.568872434571,299.160353959922
29.07,100,0,4388.52467412301,135.391719969422,4,1.00224300999752,0.982243009997524,304.555807223146,299.147812799089
29.08,100,0,4388.90919993182,135.406330241932,4,1.00224396849198,0.982243968491978,304.542748190391,299.135277557983
29.09,100,0,4389.29354417894,135.420934225833,4,1.00224492657883,0.982244926578829,304.529695333528,299.122748233954
29.1,100,0,4389.67770694564,135.435531923396,4,1.00224588425822,0.982245884258219,304.516648649785,299.110224824357
29.11,100,0,4390.06168831318,135.450123336891,4,1.00224684153029,0.982246841530292,304.503608136386,299.097707326543
29.12,100,0,4390.44548836276,135.464708468587,4,1.00224779839519,0.982247798395191,304.490573790562,299.085195737868
29.13,100,0,4390.82910717555,135.479287320754,4,1.00224875485306,0.982248754853059,304.47754560954,299.072690055687
29.14,100,0,4391.21254483271,135.493859895662,4,1.00224971090404,0.98224971090404,304.464523590553,299.060190277357
29.15,100,0,4391.59580141534,135.508426195578,4,1.00225066654828,0.982250666548276,304.451507730828,299.047696400233
29.16,100,0,4391.97887700452,135.522986222771,4,1.00225162178591,0.982251621785912,304.438498027602,299.035208421679
29.17,100,0,4392.3617716813,135.537539979508,4,1.00225257661709,0.982252576617089,304.425494478104,299.022726339049
29.18,100,0,4392.74448552671,135.552087468057,4,1.00225353104195,0.982253531041952,304.412497079572,299.010250149708
29.19,100,0,4393.12701862172,135.566628690684,4,1.00225448506064,0.982254485060643,304.39950582924,298.997779851015
29.2,100,0,4393.50937104729,135.581163649657,4,1.00225543867331,0.982255438673305,304.386520724346,298.985315440334
29.21,100,0,4393.89154288433,135.59569234724,4,1.00225639188008,0.982256391880082,304.373541762127,298.972856915029
29.22,100,0,4394.27353421375,135.6102147857,4,1.00225734468112,0.982257344681116,304.360568939823,298.960404272465
29.23,100,0,4394.6553451164,135.624730967302,4,1.00225829707655,0.982258297076551,304.347602254674,298.947957510008
29.24,100,0,4395.03697567309,135.63924089431,4,1.00225924906653,0.982259249066529,304.33464170392,298.935516625024
29.25,100,0,4395.41842596463,135.653744568989,4,1.00226020065119,0.982260200651193,304.321687284804,298.923081614881
29.26,100,0,4395.79969607178,135.668241993603,4,1.00226115183069,0.982261151830687,304.308738994569,298.91065247695
29.27,100,0,4396.18078607527,135.682733170415,4,1.00226210260515,0.982262102605153,304.29579683046,298.898229208598
29.28,100,0,4396.56169605579,135.697218101689,4,1.00226305297473,0.982263052974734,304.282860789723,298.885811807199
29.29,100,0,4396.94242609402,135.711696789686,4,1.00226400293957,0.982264002939573,304.269930869604,298.873400270125
29.3,100,0,4397.32297627058,135.72616923667,4,1.00226495249981,0.982264952499812,304.257007067351,298.860994594747
29.31,100,0,4397.70334666608,135.740635444901,4,1.0022659016556,0.982265901655595,304.244089380213,298.848594778441
29.32,100,0,4398.08353736109,135.755095416643,4,1.00226685040707,0.982266850407065,304.23117780544,298.836200818582
29.33,100,0,4398.46354843615,135.769549154154,4,1.00226779875436,0.982267798754364,304.218272340283,298.823812712546
29.34,100,0,4398.84337997177,135.783996659696,4,1.00226874669763,0.982268746697635,304.205372981995,298.81143045771
29.35,100,0,4399.22303204842,135.798437935529,4,1.00226969423702,0.98226969423702,304.192479727826,298.799054051453
29.36,100,0,4399.60250474654,135.812872983913,4,1.00227064137266,0.982270641372662,304.179592575035,298.786683491154
29.37,100,0,4399.98179814655,135.827301807107,4,1.0022715881047,0.982271588104705,304.166711520874,298.774318774195
29.38,100,0,4400.35816216437,135.841724305748,4,1.00227256394262,0.982272563942622,304.151420694679,298.759595832554
29.39,100,0,4400.72973823836,135.856140006671,4,1.00227358868131,0.98227358868131,304.132099048217,298.740928365272
29.4,100,0,4401.09812390438,135.870548496798,4,1.00227464500797,0.982274645007974,304.110163326226,298.719702724586
29.41,100,0,4401.46437017529,135.88494951088,4,1.00227572153586,0.982275721535862,304.086545264364,298.6968306589
29.42,100,0,4401.82915586419,135.899342879072,4,1.00227681091178,0.982276810911781,304.061846475675,298.672900876073
29.43,100,0,4402.19291944676,135.913728493129,4,1.0022779083869,0.982277908386904,304.036455437865,298.648293520874
29.44,100,0,4402.55594419692,135.928106284591,4,1.0022790108941,0.982279010894098,304.010623018978,298.623254080381
29.45,100,0,4402.91841315639,135.942476210683,4,1.00228011645223,0.98228011645223,303.984511235123,298.597941095711
29.46,100,0,4403.28044462935,135.956838245224,4,1.00228122378154,0.982281223781541,303.958224728196,298.572456964477
29.47,100,0,4403.64211510351,135.971192372748,4,1.00228233205529,0.982282332055291,303.931831088823,298.546867827764
29.48,100,0,4404.00347405319,135.985538584711,4,1.00228344073937,0.982283440739369,303.905373978386,298.521216410674
29.49,100,0,4404.36455350024,135.99987687704,4,1.00228454948871,0.982284549488712,303.878881602297,298.495530313846
29.5,100,0,4404.72537418993,136.014207248551,4,1.0022856580804,0.982285658080399,303.852372181924,298.469827368011
29.51,100,0,4405.08594958066,136.028529699925,4,1.00228676637043,0.982286766370429,303.825857488634,298.444119092234
29.52,100,0,4405.44628842153,136.042844233049,4,1.00228787426581,0.982287874265807,303.799345126473,298.418412927628
29.53,100,0,4405.80639641787,136.057150850587,4,1.00228898170649,0.982288981706495,303.772840006716,298.392713680287
29.54,100,0,4406.16627730753,136.071449555707,4,1.00229008865376,0.982290088653762,303.746345300495,298.367024453479
29.55,100,0,4406.52593355641,136.0857403519,4,1.00229119508265,0.982291195082651,303.719863054304,298.341347249951
29.56,100,0,4406.885366808,136.100023242865,4,1.00229230097711,0.982292300977105,303.693394587709,298.315683361109
29.57,100,0,4407.24457817406,136.114298232439,4,1.00229340632683,0.982293406326826,303.666940750375,298.290033618532
29.58,100,0,4407.60356842241,136.128565324541,4,1.00229451112524,0.982294511125237,303.640502088179,298.26439855653
29.59,100,0,4407.96233809844,136.142824523148,4,1.00229561536817,0.982295615368169,303.614078950587,298.238778517206
29.6,100,0,4408.32088760361,136.157075832271,4,1.00229671905301,0.982296719053009,303.587671560055,298.213173718384
29.61,100,0,4408.67921724627,136.171319255945,4,1.00229782217815,0.982297822178151,303.561280056913,298.187584297518
29.62,100,0,4409.03732727452,136.185554798214,4,1.00229892474264,0.982298924742642,303.534904528373,298.162010340081
29.63,100,0,4409.3952178974,136.199782463136,4,1.00230002674595,0.982300026745947,303.50854502729,298.136451897931
29.64,100,0,4409.75288929869,136.21400225477,4,1.00230112818781,0.982301128187808,303.4822015843,298.110909001178
29.65,100,0,4410.11034164575,136.228214177177,4,1.00230222906814,0.98230222906814,303.455874215663,298.085381665867
29.66,100,0,4410.46757509533,136.242418234422,4,1.00230332938697,0.982303329386973,303.429562928341,298.059869898943
29.67,100,0,4410.82458979724,136.256614430568,4,1.00230442914441,0.982304429144411,303.40326772328,298.034373701465
29.68,100,0,4411.18138589679,136.270802769676,4,1.00230552834061,0.982305528340608,303.376988597541,298.00889307069
29.69,100,0,4411.53796353634,136.284983255809,4,1.00230662697574,0.982306626975744,303.350725545665,297.983428001407
29.7,100,0,4411.8943228563,136.299155893026,4,1.00230772505002,0.982307725050024,303.324478560568,297.957978486816
29.71,100,0,4412.25046399581,136.313320685387,4,1.00230882256366,0.982308822563662,303.298247634115,297.932544519089
29.72,100,0,4412.60638709312,136.327477636949,4,1.00230991951688,0.982309919516884,303.272032757496,297.907126089738
29.73,100,0,4412.96209228591,136.341626751767,4,1.00231101590992,0.982311015909918,303.245833921462,297.881723189842
29.74,100,0,4413.31757971143,136.355768033895,4,1.002312111743,0.982312111742997,303.219651116486,297.85633581021
29.75,100,0,4413.67284950665,136.369901487384,4,1.00231320701636,0.982313207016358,303.193484332859,297.830963941474
29.76,100,0,4414.0279018083,136.384027116287,4,1.00231430173024,0.982314301730235,303.167333560759,297.805607574154
29.77,100,0,4414.38273675293,136.39814492465,4,1.00231539588487,0.982315395884868,303.141198790292,297.780266698699
29.78,100,0,4414.73735447695,136.412254916521,4,1.00231648948049,0.982316489480493,303.115080011523,297.754941305518
29.79,100,0,4415.09175511667,136.426357095945,4,1.00231758251735,0.982317582517351,303.088977214487,297.729631384991
29.8,100,0,4415.44593880824,136.440451466966,4,1.00231867499568,0.982318674995678,303.062890389207,297.704336927486
29.81,100,0,4415.79990568775,136.454538033624,4,1.00231976691571,0.982319766915714,303.036819525695,297.67905792336
29.82,100,0,4416.15365589117,136.468616799961,4,1.0023208582777,0.982320858277698,303.010764613966,297.653794362973
29.83,100,0,4416.50718955438,136.482687770013,4,1.00232194908187,0.982321949081869,302.984725644032,297.628546236681
29.84,100,0,4416.86050681316,136.496750947817,4,1.00232303932847,0.982323039328466,302.958702605907,297.603313534844
29.85,100,0,4417.21360780323,136.510806337407,4,1.00232412901773,0.982324129017726,302.932695489612,297.578096247825
29.86,100,0,4417.56649266019,136.524853942817,4,1.00232521814989,0.982325218149891,302.90670428517,297.552894365994
29.87,100,0,4417.91916151956,136.538893768077,4,1.0023263067252,0.982326306725197,302.880728982611,297.527707879724
29.88,100,0,4418.27161451677,136.552925817216,4,1.00232739474388,0.982327394743884,302.854769571971,297.502536779393
29.89,100,0,4418.62385178717,136.566950094262,4,1.00232848220619,0.98232848220619,302.828826043291,297.477381055388
29.9,100,0,4418.97587346603,136.580966603241,4,1.00232956911235,0.982329569112354,302.802898386618,297.452240698098
29.91,100,0,4419.3276796885,136.594975348176,4,1.00233065546262,0.982330655462615,302.776986592006,297.42711569792
29.92,100,0,4419.67927058969,136.608976333089,4,1.00233174125721,0.982331741257211,302.751090649515,297.402006045257
29.93,100,0,4420.03064630458,136.622969562001,4,1.00233282649638,0.982332826496381,302.725210549211,297.376911730518
29.94,100,0,4420.38180696809,136.636955038931,4,1.00233391118036,0.982333911180363,302.699346281167,297.351832744118
29.95,100,0,4420.73275271503,136.650932767895,4,1.0023349953094,0.982334995309395,302.673497835462,297.326769076477
29.96,100,0,4421.08348368016,136.664902752909,4,1.00233607888372,0.982336078883716,302.647665202182,297.301720718023
29.97,100,0,4421.43399999811,136.678864997985,4,1.00233716190356,0.982337161903564,302.621848371418,297.27668765919
29.98,100,0,4421.78430180345,136.692819507135,4,1.00233824436918,0.982338244369177,302.596047333268,297.251669890415
29.99,100,0,4422.13438923067,136.706766284369,4,1.00233932628079,0.982339326280794,302.570262077837,297.226667402145
30,100,0,4422.48426241415,136.720705333695,4,1.00234040763865,0.982340407638653,302.544492595235,297.201680184833
