TimeSeconds,ThrottlePercent,Brake,RPM,SpeedMPH,Gear,TorqueRatioBefore,TorqueRatioAfter,ImpellerTorque,TurbineTorque
0,60,0,1000,0,1,2.232,2.232,52.9193384795879,118.11596348644
0.01,60,0,1101.37026247294,0.0573120121589636,1,2.22315577083205,2.22315577083205,64.2130880351901,142.75569722838
0.02,60,0,1200.04472766672,0.125997448519523,1,2.21415518727494,2.21415518727494,76.2599874293758,168.851446748274
0.03,60,0,1294.56328772058,0.206809716394834,1,2.20484840609775,2.20484840609775,88.7765766705441,195.738893570864
0.04,60,0,1383.66052585174,0.29992457413434,1,2.19515910461523,2.19515910461523,101.45350874608,222.706593419119
0.05,60,0,1467.28224596478,0.405291278209171,1,2.18505371051603,2.18505371051603,114.129569346495,249.379238980156
0.06,60,0,1545.44333924533,0.522698456130124,1,2.17451615530368,2.17451615530368,126.662165835892,275.428925875901
0.07,60,0,1618.22107189558,0.651796610197795,1,2.16354236011106,2.16354236011106,138.92915381387,300.579109330692
0.08,60,0,1685.79602326391,0.792125708251455,1,2.15213862918223,2.15213862918223,150.838309984757,324.624953678759
0.09,60,0,1748.3478894084,0.943142260473534,1,2.14031526611597,2.14031526611597,162.311034420208,347.396784828645
0.1,60,0,1806.06785055424,1.10423305912275,1,2.12808592875045,2.12808592875045,173.283729234255,368.762665864821
0.11,60,0,1859.17295480952,1.27473441568325,1,2.11546735734879,2.11546735734879,183.710043199668,388.632599606034
0.12,60,0,1907.89876489418,1.45395026160705,1,2.10247848960839,2.10247848960839,193.559122206659,406.953890906981
0.13,60,0,1952.49281366535,1.64116803580732,1,2.08913979042353,2.08913979042353,202.813684760734,423.706138876062
0.14,60,0,1993.20892328946,1.83567226098082,1,2.07547273399461,2.07547273399461,211.468043519691,438.896158436304
0.15,60,0,2030.10209172363,2.03707777450425,1,2.06637300727927,2.06637300727927,219.704570501325,453.991594059824
0.16,60,0,2063.12993810201,2.24502859981844,1,2.0572005340643,2.0572005340643,227.276825211952,467.554006206468
0.17,60,0,2092.6136072798,2.45881921872208,1,2.04780044887138,2.04780044887138,234.205268271427,479.60565349427
0.18,60,0,2118.86518046883,2.67777967947163,1,2.0381894647296,2.0381894647296,240.524037427748,490.233559099462
0.19,60,0,2142.17809620431,2.90128114206592,1,2.02838369659393,2.02838369659393,246.270136939784,499.530330726611
0.2,60,0,2162.82632244382,3.12873769262537,1,2.01839863885853,2.01839863885853,251.482064469956,507.59105662349
0.21,60,0,2181.06409197886,3.35960689480232,1,2.00824914829352,2.00824914829352,256.198719639895,514.510860510709
0.22,60,0,2197.12607702935,3.59338935959114,1,1.99794943231736,1.99794943231736,260.458559061483,520.383030219086
0.23,60,0,2211.22789604916,3.82962757564675,1,1.98751304237616,1.98751304237616,264.298962034479,525.297634130008
0.24,60,0,2223.5668625684,4.06790420381075,1,1.97695287210618,1.97695287210618,267.755772560672,529.34054358683
0.25,60,0,2234.38512141958,4.30759073012266,1,1.96377577344986,1.96377577344986,270.530169727466,531.260593298074
0.26,60,0,2243.95936198666,4.54787286541863,1,1.94997091781096,1.94997091781096,272.939594314992,532.224271233354
0.27,60,0,2252.42616522112,4.78845713329792,1,1.93611874631678,1.93611874631678,275.090192915497,532.607279431592
0.28,60,0,2259.90554151381,5.02909322869587,1,1.92223139769107,1.92223139769107,277.008017783188,532.47350919501
0.29,60,0,2266.50526227985,5.26955867035789,1,1.9083202166164,1.9083202166164,278.716880162594,531.881057126526
0.3,60,0,2272.32194871005,5.50965622873208,1,1.89439577421326,1.89439577421326,280.23845643759,530.882547647418
0.31,60,0,2277.44209954588,5.74921150940186,1,1.88046789285881,1.88046789285881,281.59241169089,529.525489057398
0.32,60,0,2281.94305225577,5.98807070319914,1,1.86654567430254,1.86654567430254,282.796533155197,527.852645668587
0.33,60,0,2285.89387501768,6.22609850720618,1,1.85263753019387,1.85263753019387,283.866867842753,525.902412944067
0.34,60,0,2289.41748837046,6.46306928370248,1,1.83893647212163,1.83893647212163,284.339030303478,522.881413272763
0.35,60,0,2292.8565744587,6.69838689560233,1,1.82551506305497,1.82551506305497,284.345170491437,519.076391839052
0.36,60,0,2296.26535367156,6.93197390301131,1,1.81223121992892,1.81223121992892,284.352454001412,515.312394604762
0.37,60,0,2299.64359582336,7.16384868087415,1,1.79908267337133,1.79908267337133,284.360676462183,511.588366011265
0.38,60,0,2302.99115886165,7.39402914304721,1,1.78606721693414,1.78606721693414,284.369660484892,507.903328082758
0.39,60,0,2306.30797672996,7.62253277561435,1,1.77318270459223,1.77318270459223,284.379252288384,504.256371702633
0.4,60,0,2309.59404875845,7.84937666647463,1,1.76042704832272,1.76042704832272,284.38931874177,500.646648967084
0.41,60,0,2312.8494303934,8.07457753166176,1,1.74779821577255,1.74779821577255,284.39974477265,497.073366479806
0.42,60,0,2316.07422509984,8.29815173879672,1,1.73529422801909,1.73529422801909,284.410431095821,493.535779468998
0.43,60,0,2319.26857729185,8.52011532802481,1,1.72291315742637,1.72291315742637,284.421292222926,490.03318662309
0.44,60,0,2322.47798575396,8.74029891506225,1,1.70845354212306,1.70845354212306,284.169530855187,485.490441552992
0.45,60,0,2325.80091365527,8.95829706132946,1,1.69353258427016,1.69353258427016,283.878032470805,480.75669794781
0.46,60,0,2329.21996225106,9.17416338524342,1,1.67883622420297,1.67883622420297,283.627760751206,476.164558938698
0.47,60,0,2332.71694674375,9.38795929379796,1,1.66435554734941,1.66435554734941,283.41333127573,471.700550101536
0.48,60,0,2336.27610262465,9.59974044916278,1,1.65008232853588,1.65008232853588,283.230059796031,467.352916579591
0.49,60,0,2339.88377094064,9.80955749871666,1,1.63600897058988,1.63600897058988,283.073869412592,463.111389698589
0.5,60,0,2343.52812512379,10.0174567063303,1,1.62212844777188,1.62212844777188,282.94121052335,458.966986636937
0.51,60,0,2347.19893370495,10.2234804988196,1,1.60843425384959,1.60843425384959,282.828991680806,454.911838201148
0.52,60,0,2350.8873540517,10.4276679394192,1,1.59492035458459,1.59492035458459,282.734519789332,450.939040555707
0.53,60,0,2354.58575296337,10.630055138388,1,1.58158114437438,1.58158114437438,282.655448317968,447.042527414385
0.54,60,0,2358.28755054132,10.8306756093908,1,1.56841140677886,1.56841140677886,282.589732405852,443.216959743924
0.55,60,0,2362.05242839594,11.0294612346969,1,1.55549009975057,1.55549009975057,282.089997892155,438.788198959906
0.56,60,0,2366.08362020248,11.2261354164603,1,1.54287747729679,1.54287747729679,281.454728655511,434.250161721269
0.57,60,0,2370.34891913505,11.4207880554646,1,1.53053073290674,1.53053073290674,280.912635527882,429.945421937252
0.58,60,0,2374.80733544294,11.6135187296561,1,1.51843088667445,1.51843088667445,280.450535526476,425.844755327791
0.59,60,0,2379.42373380488,11.8044146765701,1,1.50656105311848,1.50656105311848,280.057140145608,421.923179991118
0.6,60,0,2384.16799505636,11.9935525761662,1,1.49490619583601,1.49490619583601,279.722771818392,418.159304707736
0.61,60,0,2389.01430240065,12.1810000614197,1,1.48345290985391,1.48345290985391,279.439125581626,414.534783971095
0.62,60,0,2393.94053248836,12.3668170008854,1,1.47218922892112,1.47218922892112,279.199068091206,411.033860768688
0.63,60,0,2398.92773510637,12.5510565896685,1,1.46110445516072,1.46110445516072,278.996467646114,407.642981851842
0.64,60,0,2403.946201924,12.7337654676542,1,1.45018407913931,1.45018407913931,278.822317779857,404.34368615307
0.65,60,0,2408.95531282818,12.9149792792617,1,1.43940984709332,1.43940984709332,278.664741752592,401.112773316398
0.66,60,0,2413.94753848325,13.0947276971292,1,1.42877582234462,1.42877582234462,278.521133140797,397.944261043599
0.67,60,0,2418.91733462677,13.2730380462721,1,1.41827690830545,1.41827690830545,278.389475891287,394.833365171868
0.68,60,0,2423.8644308365,13.4499294881061,1,1.40791055208707,1.40791055208707,278.196589445017,391.675913834275
0.69,60,0,2428.95337876469,13.6251914199334,1,1.39775397260966,1.39775397260966,277.460172647711,387.821058559299
0.7,60,0,2434.2644911294,13.7987415066122,1,1.38784468752405,1.38784468752405,276.826156670475,384.191710902819
0.71,60,0,2439.75164252696,13.9706749861516,1,1.37815907380017,1.37815907380017,276.278220218508,380.7553360875
0.72,60,0,2445.37622304016,14.1410735154708,1,1.36867679437264,1.36867679437264,275.802714715369,377.484775455903
0.73,60,0,2451.10591247385,14.3100074029249,1,1.35938031432846,1.35938031432846,275.388209096481,374.357310243926
0.74,60,0,2456.9136613243,14.4775374545064,1,1.35025448868563,1.35025448868563,275.025116666889,371.353898280756
0.75,60,0,2462.77684174193,14.6437165044556,1,1.34128621132748,1.34128621132748,274.705388060845,368.458549183377
0.76,60,0,2468.67653876036,14.8085906870897,1,1.33246411611416,1.33246411611416,274.422257744059,365.657811106989
0.77,60,0,2474.59695761605,14.9722004957263,1,1.32377832246701,1.32377832246701,274.170034102635,362.94034781511
0.78,60,0,2480.52492740673,15.1345816659264,1,1.31522021883034,1.31522021883034,273.943925171955,360.2965892119
0.79,60,0,2486.44948488563,15.2957659133987,1,1.30678227837374,1.30678227837374,273.73989362279,357.718441870176
0.8,60,0,2492.36152505193,15.4557815513842,1,1.29845790212509,1.29845790212509,273.554535849104,355.199048735432
0.81,60,0,2498.25350751996,15.6146540079022,1,1.29024128543415,1.29024128543415,273.384980971941,352.732589267629
0.82,60,0,2504.11920954233,15.7724062596381,1,1.28212730427544,1.28212730427544,273.228806345799,350.314112930535
0.83,60,0,2509.95351811028,15.9290591963277,1,1.27411141841911,1.27411141841911,273.083966772055,347.93940025146
0.84,60,0,2515.75225482689,16.0846319271087,1,1.26618958894297,1.26618958894297,272.948735121927,345.604846726537
0.85,60,0,2521.51202829666,16.2391420383496,1,1.25835820793722,1.25835820793722,272.821652474582,343.307365694386
0.86,60,0,2527.25112584373,16.3925775817221,1,1.25055964038625,1.25055964038625,272.513937320541,340.794931455818
0.87,60,0,2533.09787304168,16.544781213184,1,1.24284310600772,1.24284310600772,272.019725441737,338.077840463374
0.88,60,0,2539.05362290589,16.6957699838011,1,1.23529223997171,1.23529223997171,271.589789119008,335.492758954263
0.89,60,0,2545.09002214226,16.8455996148419,1,1.22789049271144,1.22789049271144,271.213532601616,333.020518176209
0.9,60,0,2551.1835562964,16.9943178461337,1,1.22062380541053,1.22062380541053,270.882151014394,330.645201988979
0.91,60,0,2557.31473339457,17.1419657843014,1,1.21348021155973,1.21348021155973,270.588318383834,328.353569838006
0.92,60,0,2563.4674087567,17.2885790130213,1,1.2064495033911,1.2064495033911,270.325932403928,326.134586902456
0.93,60,0,2569.62822558446,17.4341885091833,1,1.19952295251286,1.19952295251286,270.089904996204,323.979040284964
0.94,60,0,2575.78615075426,17.5788214002854,1,1.19269307583843,1.19269307583843,269.875989996,321.87922460327
0.95,60,0,2581.93208908615,17.7225015916085,1,1.18595343937911,1.18595343937911,269.680641056782,319.828683795254
0.96,60,0,2588.058562435,17.8652502863381,1,1.17929849369954,1.17929849369954,269.500894235356,317.821998622434
0.97,60,0,2594.15944242429,18.0070864174956,1,1.17272343586039,1.17272343586039,269.33427079715,315.854611444186
0.98,60,0,2600.22972764352,18.1480270070861,1,1.16622409352732,1.16622409352732,269.17869663162,313.922681476075
0.99,60,0,2606.26535775436,18.2880874650772,1,1.15979682763729,1.15979682763729,269.032435344732,312.022965044355
1,60,0,2612.26305827369,18.4272818385671,1,1.15343845060752,1.15343845060752,268.894032637004,310.152716382434
1.01,60,0,2618.22021088357,18.5656230196611,1,1.14714615756728,1.14714615756728,268.762270011041,308.309605342226
1.02,60,0,2624.13474500462,18.7031229190767,1,1.1409174685063,1.1409174685063,268.636126204272,306.491649058317
1.03,60,0,2630.00504709824,18.8397926112744,1,1.1347501795778,1.1347501795778,268.514745027866,304.697155139658
1.04,60,0,2635.82988476301,18.9756424559068,1,1.12864232208234,1.12864232208234,268.397408525016,302.924674398555
1.05,60,0,2641.60834318618,19.1106821995518,1,1.12259212789854,1.12259212789854,268.283514551394,301.172961480348
1.06,60,0,2647.33977192046,19.2449210610187,1,1.11659800032772,1.11659800032772,268.17255803586,299.440942045609
1.07,60,0,2653.0237402956,19.3783678029574,1,1.11065848948684,1.11065848948684,268.064115306937,297.727685392429
1.08,60,0,2658.66000005513,19.5110307920341,1,1.10477227152467,1.10477227152467,267.957830975474,296.032381599598
1.09,60,0,2664.24845404241,19.6429180495608,1,1.09893813105285,1.09893813105285,267.853406950327,294.354322430131
1.1,60,0,2669.80939496448,19.7740140473016,1,1.09313017874228,1.09313017874228,267.586265995896,292.506622777072
1.11,60,0,2675.44459088464,19.9042123679275,1,1.08740321615676,1.08740321615676,267.190627222953,290.543947369182
1.12,60,0,2681.15182723876,20.0335293257825,1,1.08179204256077,1.08179204256077,266.842462770294,288.668052842222
1.13,60,0,2686.97359290076,20.1619067673026,1,1.07563079829938,1.07563079829938,266.109391679027,286.235457406674
1.14,60,0,2693.07849745859,20.289095954048,1,1.06941533660364,1.06941533660364,265.312957448426,283.729745695015
1.15,60,0,2699.40912587211,20.4151854451672,1,1.06344187645333,1.06344187645333,264.645128466768,281.434712010933
1.16,60,0,2705.90238920904,20.540275826857,1,1.05784163131749,1.05784163131749,264.133093431294,279.410982440296
1.17,60,0,2712.48677003801,20.6644907452396,1,1.05250886571641,1.05250886571641,263.727182529464,277.575197742672
1.18,60,0,2719.13081504458,20.7878828818194,1,1.04729357938361,1.04729357938361,263.372668844188,275.828505065644
1.19,60,0,2725.81321972528,20.9104891847645,1,1.04231744274536,1.04231744274536,263.017388699461,274.147611986784
1.2,60,0,2732.58844929716,21.0323322614503,1,1.03816555486972,1.03816555486972,262.50682686358,272.525545567918
1.21,60,0,2739.46288239543,21.1534539782684,1,1.03412237300731,1.03412237300731,262.066394437123,271.008721700787
1.22,60,0,2746.40649021787,21.2738976901795,1,1.0301712028844,1.0301712028844,261.682170251275,269.577436101156
1.23,60,0,2753.41780351898,21.3936724625917,1,1.02619780086581,1.02619780086581,261.145044943932,267.986470828467
1.24,60,0,2760.61080479367,21.5126530930507,1,1.02223924105975,1.02223924105975,260.463939100344,266.256459429369
1.25,60,0,2767.96320615683,21.6308753173705,1,1.01842667049898,1.01842667049898,259.893537876305,264.682510463566
1.26,60,0,2775.428176892,21.7484023833179,1,1.01473273755499,1.01473273755499,259.409347433889,263.231157268944
1.27,60,0,2782.96888833692,21.8652873118358,1,1.01145976688142,1.01145976688142,259.008337662313,261.976512832267
1.28,60,0,2790.53838662219,21.9816991351245,1,1.00925087383207,1.00925087383207,258.697178246396,261.090353203067
1.29,60,0,2798.11407063529,22.0977088801889,1,1.00707137770653,1.00707137770653,258.412103784721,260.239433374522
1.3,60,0,2805.68533925374,22.213331041038,1,1.00491725713233,1.00491725713233,258.147738273222,259.417117080441
1.31,60,0,2813.24392278824,22.3285774216299,1,1.00278531716471,1.00278531716471,257.899859858807,258.618192765247
1.32,60,0,2820.86655999292,22.4434221522996,1,1.002,1.002,257.091372428928,257.605555173786
1.33,60,0,2828.81098676361,22.5577874732162,1,1.002,1.002,256.14049507824,256.652776068396
1.34,60,0,2837.00699520659,22.6717552472732,1,1.002,1.002,255.369731859127,255.880471322845
1.35,60,0,2845.38050522505,22.7853963060799,1,1.002,1.002,254.731297402976,255.240759997782
1.36,60,0,2853.87711279676,22.8987627861603,1,1.002,1.002,254.190481841943,254.698862805627
1.37,60,0,2862.45661059123,23.0118932979212,1,1.00197150684792,1.00197150684792,253.737969269887,254.23821541388
1.38,60,0,2871.06397440269,23.1248294168311,1,1.00180658393887,1.00180658393887,253.40141694769,253.859207877635
1.39,60,0,2879.67244348705,23.237591713463,1,1.00164333391839,1.00164333391839,253.086453685144,253.502359238769
1.4,60,0,2888.27349898112,23.350189010127,1,1.00148145081697,1.00148145081697,252.787875426892,253.162368231462
1.41,60,0,2896.86080018641,23.462628030827,1,1.00132070417532,1.00132070417532,252.501793939018,252.83527411255
1.42,60,0,2905.42963484032,23.5749139303941,1,1.00116091996279,1.00116091996279,252.225298479382,252.518111863507
1.43,60,0,2913.97651015836,23.6870506879369,1,1.00100196639167,1.00100196639167,251.956206045628,252.208657696259
1.44,60,0,2922.6956887918,23.7988255951569,1,1.00055143976589,1.00055143976589,250.862378127641,251.000713618707
1.45,60,0,2931.70386637153,23.9101022180468,1,1.00013131678943,1.00013131678943,250.013604048602,250.0464350324
1.46,60,0,2940.90015222118,24.0209813872033,1,0.999735125265051,0.999735125265051,249.340742906614,249.274698843424
1.47,60,0,2950.21533719991,24.1315324952662,1,0.999355721711159,0.999355721711159,248.788613748615,248.628324646266
1.48,60,0,2959.60197864537,24.2418033223897,1,0.998988204919878,0.998988204919878,248.319788571178,248.068539830804
1.49,60,0,2969.02744555626,24.3518269522378,1,0.998629199299795,0.998629199299795,247.908733469466,247.568900004039
1.5,60,0,2978.46923802323,24.4616264218617,1,0.998276372035997,0.998276372035997,247.537946594313,247.111283267411
1.51,60,0,2987.91219874491,24.5712175434018,1,0.998023952113172,0.998023952113172,247.10216927193,246.61388355251
1.52,60,0,2997.46949820133,24.6805231948581,1,0.998134865643876,0.998134865643876,246.436030398712,245.976394091828
1.53,60,0,3007.13585108275,24.7895611802368,1,0.998240874093533,0.998240874093533,245.892749902639,245.460193596073
1.54,60,0,3016.8641142184,24.8983767676725,1,0.998343571659019,0.998343571659019,245.430643930241,245.02410565589
1.55,60,0,3026.62322845613,25.0069999301059,1,0.99844400903204,0.99844400903204,245.022487597795,244.641234820146
1.56,60,0,3036.39266918468,25.1154506250561,1,0.998542881361598,0.998542881361598,244.65040692827,244.293922260442
1.57,60,0,3046.15884404566,25.2237422205164,1,0.998640650193745,0.998640650193745,244.30261587191,243.970523158357
1.58,60,0,3055.91274065021,25.3318837313142,1,0.998737623006618,0.998737623006618,243.971313168011,243.663329395223
1.59,60,0,3065.64838307222,25.4398812861228,1,0.998834005319858,0.998834005319858,243.651317373268,243.367221233401
1.6,60,0,3075.36181486748,25.5477390937853,1,0.998929934967614,0.998929934967614,243.339176072082,243.078787328758
1.61,60,0,3085.05420122866,25.6554562897625,1,0.999025381262179,0.999025381262179,242.954479362947,242.717691374922
1.62,60,0,3094.80539261979,25.7629523640497,1,0.999117743835906,0.999117743835906,242.428434119513,242.214550139159
1.63,60,0,3104.6101691348,25.8702310033161,1,0.999207211020953,0.999207211020953,241.979643440262,241.787804645789
1.64,60,0,3114.43936589136,25.9773204868836,1,0.999294749389029,0.999294749389029,241.581037201101,241.410662027015
1.65,60,0,3124.27415618025,26.0842392243035,1,0.99938098350773,0.99938098350773,241.215252118139,241.065935898891
1.66,60,0,3134.10235997589,26.1909992806148,1,0.99946631844399,0.99946631844399,240.871100935326,240.742552471381
1.67,60,0,3143.91608819619,26.2976086253011,1,0.999551017828959,0.999551017828959,240.541347286871,240.433348510541
1.68,60,0,3153.71023194283,26.40407257417,1,0.999635253834859,0.999635253834859,240.221293684061,240.133673888405
1.69,60,0,3163.48148956718,26.5103947176921,1,0.999719139297927,0.999719139297927,239.90788054253,239.840499846768
1.7,60,0,3173.22773777739,26.616577520927,1,0.999802748439517,0.999802748439517,239.599108656171,239.551847358098
1.71,60,0,3182.94762376063,26.7226227125285,1,0.999886130276377,0.999886130276377,239.293667534318,239.266419230531
1.72,60,0,3192.64029981822,26.8285315377769,1,0.999969317326373,0.999969317326373,238.99069537328,238.983362499774
1.73,60,0,3202.30709096473,26.9343049370219,1,1.00005227898303,1.00005227898303,238.690994465221,238.70347298767
1.74,60,0,3212.02196089479,27.0399545572138,1,1.00013295996168,1.00013295996168,238.448390828693,238.480094917601
1.75,60,0,3221.78903898598,27.1455092178623,1,1.00021135721179,1.00021135721179,238.262798809025,238.313157369856
1.76,60,0,3231.58667238119,27.2509902235043,1,1.00028817066941,1.00028817066941,238.115832201448,238.184450200211
1.77,60,0,3241.40019263361,27.3564120166548,1,1.00036387420929,1.00036387420929,237.995112027745,238.08171231095
1.78,60,0,3251.21964156194,27.4617844121654,1,1.00043878951997,1.00043878951997,237.892276021812,237.996660659411
1.79,60,0,3261.03824745135,27.5671140943173,1,1.00051313553402,1.00051313553402,237.801658869772,237.923683350987
1.8,60,0,3270.85140012821,27.6724056237566,1,1.00058706161928,1.00058706161928,237.719412387343,237.858968330514
1.81,60,0,3280.65595934822,27.777662116951,1,1.00066066993392,1.00066066993392,237.642916407524,237.799919937404
1.82,60,0,3290.44978677422,27.8828857059776,1,1.00073403052409,1.00073403052409,237.570382885545,237.744766798203
1.83,60,0,3300.23142844722,27.9880778504596,1,1.00080719154563,1.00080719154563,237.500589018551,237.692297486089
1.84,60,0,3309.99989884822,28.0932395496976,2,1.47606344134733,1.47606344134733,534.670712552094,789.207891957276
1.85,60,0,3195.38263718752,28.2960751218284,2,1.43865624759586,1.43865624759586,490.147539662406,705.153820179059
1.86,60,0,3100.04654319457,28.4781795129032,2,1.40499535611309,1.40499535611309,454.168753687146,638.104989822111
1.87,60,0,3021.53447427023,28.6431584071424,2,1.37517457689207,1.37517457689207,422.906719168979,581.570568598015
1.88,60,0,2956.93797732799,28.794214235711,2,1.34892511741101,1.34892511741101,398.010698492053,536.886628194233
1.89,60,0,2903.51636662252,28.934191086227,2,1.3258072035612,1.3258072035612,377.953380723491,501.093314773513
1.9,60,0,2859.16050016006,29.0652415065269,2,1.30542873407921,1.30542873407921,361.636456162991,472.090621165747
1.91,60,0,2822.22213047311,29.1890221443489,2,1.28744164226441,1.28744164226441,348.25300968491,448.355426712264
1.92,60,0,2791.39616718321,29.3068265697963,2,1.27153819855626,1.27153819855626,337.198959778612,428.761357871941
1.93,60,0,2765.63753831336,29.419677593668,2,1.25744732879246,1.25744732879246,328.01451939725,412.460981221215
1.94,60,0,2744.19741289752,29.5283148266149,2,1.24479751794501,1.24479751794501,319.767507497791,398.045799652713
1.95,60,0,2726.59188908609,29.6332367935315,2,1.23360849034719,1.23360849034719,312.754163173326,385.816191082046
1.96,60,0,2712.16732698064,29.7350586704108,2,1.22372687408296,1.22372687408296,306.932373690891,375.601394211616
1.97,60,0,2700.38504363693,29.8342820625123,2,1.21496091100845,1.21496091100845,302.079540479952,367.014833698537
1.98,60,0,2690.80479388445,29.9313137725994,2,1.20714681886325,1.20714681886325,298.019701163067,359.753534217573
1.99,60,0,2683.06473034595,30.0264859186515,2,1.20014480125906,1.20014480125906,294.612400110457,353.577540379019
2,60,0,2676.8659980218,30.1200712000736,2,1.19383560321319,1.19383560321319,291.744570252776,348.295055011897
2.01,60,0,2671.96074619409,30.2122946338772,2,1.18811754279378,1.18811754279378,289.324519486397,343.751537162169
2.02,60,0,2668.1426975382,30.3033426832394,2,1.18290395751154,1.18290395751154,287.277412638421,339.821588313664
2.03,60,0,2665.23965682266,30.3933704327894,2,1.17812101112346,1.17812101112346,285.54183270996,336.402832670304
2.04,60,0,2663.10750902598,30.4825072818594,2,1.17370581281515,1.17370581281515,284.067132253555,333.411244355728
2.05,60,0,2661.62537414636,30.5708614998698,2,1.16960480643777,1.16960480643777,282.811371021147,330.777538861589
2.06,60,0,2660.6916695672,30.658523898549,2,1.16577239265284,1.16577239265284,281.739694117368,328.444357316482
2.07,60,0,2660.22089115123,30.7455708118313,2,1.16216975151388,1.16216975151388,280.82304504775,326.364048482514
2.08,60,0,2660.1409683168,30.8320665280929,2,1.15876383721042,1.15876383721042,280.037136181174,324.496906482713
2.09,60,0,2660.39108096693,30.918065285587,2,1.15552652044058,1.15552652044058,279.361619103622,322.809759667456
2.1,60,0,2660.91985055758,31.0036129169025,2,1.15243385719142,1.15243385719142,278.779411671723,321.274832698399
2.11,60,0,2661.68383607265,31.0887482095219,2,1.1494654656221,1.1494654656221,278.276148984934,319.868823164492
2.12,60,0,2662.64627980756,31.1735040353641,2,1.14660399529816,1.14660399529816,277.839733141177,318.572148072249
2.13,60,0,2663.77605878275,31.2579082913471,2,1.14383467524984,1.14383467524984,277.459962316491,317.368325891117
2.14,60,0,2665.04680612077,31.3419846846292,2,1.14114492925848,1.14114492925848,277.128223965785,316.243467532963
2.15,60,0,2666.43617341703,31.4257533896627,2,1.138524048445,1.138524048445,276.837240165834,315.185855433946
2.16,60,0,2667.92521044253,31.5092315990679,2,1.135962912675,1.135962912675,276.580855586953,314.1855943027
2.17,60,0,2669.49784275867,31.592433986275,2,1.13345375353353,1.13345375353353,276.353860482277,313.234320467119
2.18,60,0,2671.14043123499,31.6753730946416,2,1.13098995268664,1.13098995268664,276.151842564572,312.324959356434
2.19,60,0,2672.84140022272,31.7580596651541,2,1.12856587035782,1.12856587035782,275.971062803049,311.451522685896
2.2,60,0,2674.5909233841,31.8405029127148,2,1.12617669942736,1.12617669942736,275.808351092312,310.608938507643
2.21,60,0,2676.38065801725,31.9227107593111,2,1.12381834132897,1.12381834132897,275.661018478476,309.792908555536
2.22,60,0,2678.20352022764,32.0046900309627,2,1.12148730048685,1.12148730048685,275.526783215558,308.999788320242
2.23,60,0,2680.05349454527,32.0864466242,2,1.11918059452166,1.11918059452166,275.403708399987,308.226486100567
2.24,60,0,2681.92547261985,32.1679856468784,2,1.11689567786718,1.11689567786718,275.290149316678,307.47037793121
2.25,60,0,2683.81511648539,32.2493115373559,2,1.11463037679198,1.11463037679198,275.184708944755,306.729235818485
2.26,60,0,2685.71874260107,32.3304281654091,2,1.11238283411993,1.11238283411993,275.08620032917,306.001167149444
2.27,60,0,2687.63322347318,32.4113389177262,2,1.11015146219903,1.11015146219903,274.993614736985,305.284563495662
2.28,60,0,2689.55590416354,32.492046770363,2,1.10793490288493,1.10793490288493,274.906094692859,304.578057326009
2.29,60,0,2691.48453140945,32.5725543501737,2,1.10573199349017,1.10573199349017,274.822911134007,303.880485384978
2.3,60,0,2693.41719343328,32.6528639869101,2,1.1035417378075,1.1035417378075,274.743444046215,303.190857693977
2.31,60,0,2695.35226881615,32.7329777574223,2,1.10136328144891,1.10136328144891,274.667166043601,302.508331300055
2.32,60,0,2697.28838306076,32.8128975231676,2,1.0991958908558,1.0991958908558,274.593628439435,301.832188035811
2.33,60,0,2699.22437167874,32.8926249620495,2,1.09703893543189,1.09703893543189,274.522449426125,301.161815670591
2.34,60,0,2701.1676087247,32.9721557749917,2,1.09488203652756,1.09488203652756,274.387657271561,300.422116991513
2.35,60,0,2703.15620337107,33.0514647391964,2,1.09274525295665,1.09274525295665,274.207344962255,299.63877453335
2.36,60,0,2705.18827389791,33.1305550909319,2,1.09064075027166,1.09064075027166,274.045084164036,298.884736200925
2.37,60,0,2707.25561521684,33.2094343086704,2,1.08856436533411,1.08856436533411,273.898001126504,298.155603762553
2.38,60,0,2709.35134814087,33.2881087563344,2,1.0865125942828,1.0865125942828,273.763688154159,297.447695036803
2.39,60,0,2711.46970464243,33.3665838645069,2,1.08448248689532,1.08448248689532,273.640127173409,296.757925631371
2.4,60,0,2713.60584823395,33.4448642817636,2,1.08247155795752,1.08247155795752,273.525626035773,296.083710556248
2.41,60,0,2715.75572364239,33.5229540011374,2,1.0804777128902,1.0804777128902,273.418765383108,295.422882282402
2.42,60,0,2717.94600475239,33.6008291125546,2,1.07823608547152,1.07823608547152,273.143353511373,294.513020262667
2.43,60,0,2720.2374159998,33.6784340482727,2,1.07597838698321,1.07597838698321,272.854062968519,293.585074554682
2.44,60,0,2722.61159698452,33.7557847157904,2,1.07378310604883,1.07378310604883,272.602936429514,292.716427797315
2.45,60,0,2725.05158237826,33.832895997816,2,1.07163996557474,1.07163996557474,272.382957288561,291.896462971859
2.46,60,0,2727.54355000396,33.90978012638,2,1.06954056977883,1.06954056977883,272.188421832375,291.116559773797
2.47,60,0,2730.07623423332,33.9864471802925,2,1.06747805637509,1.06747805637509,272.014689588987,290.369712147924
2.48,60,0,2732.64045046025,34.0629054876015,2,1.06544681359111,1.06544681359111,271.857982276944,289.650220966278
2.49,60,0,2735.22870916379,34.1391619516319,2,1.06344224980926,1.06344224980926,271.715221556498,288.953446519463
2.5,60,0,2737.83490236495,34.2152223154163,2,1.06146060595383,1.06146060595383,271.583897863118,288.275608793088
2.51,60,0,2740.44984491008,34.2910962785069,2,1.05957533548504,1.05957533548504,271.486126411178,287.660003471659
2.52,60,0,2743.06083956391,34.3667984145985,2,1.05772312270069,1.05772312270069,271.398594136152,287.064568486268
2.53,60,0,2745.66672804897,34.4423304038006,2,1.0558789949739,1.0558789949739,271.312894560947,286.473586432473
2.54,60,0,2748.26683722883,34.517693415553,2,1.05404250556285,1.05404250556285,271.228741391483,285.886622156938
2.55,60,0,2750.8606225234,34.5928885098397,2,1.05221328179819,1.05221328179819,271.145899316043,285.303316565455
2.56,60,0,2753.4476448881,34.6679166562676,2,1.05039101192145,1.05039101192145,271.064174847247,284.723372913453
2.57,60,0,2756.02755192471,34.7427787497089,2,1.04857543428126,1.04857543428126,270.983408819055,284.146545585457
2.58,60,0,2758.60006237809,34.8174756231307,2,1.04676632846255,1.04676632846255,270.903470237706,283.572630908487
2.59,60,0,2761.1649534086,34.8920080581212,2,1.04496350800114,1.04496350800114,270.824251240695,283.001459628258
2.6,60,0,2763.72205014068,34.966376793529,2,1.04316681439878,1.04316681439878,270.745662962908,282.432890745302
2.61,60,0,2766.2883192769,35.0405811037393,2,1.04165451640023,1.04165451640023,270.587318180724,281.858502063578
2.62,60,0,2768.88268261905,35.11462316427,2,1.04019119911652,1.04019119911652,270.435486934886,281.30461343846
2.63,60,0,2771.49866121976,35.1885085887872,2,1.03874592549811,1.03874592549811,270.296387823775,280.769271528804
2.64,60,0,2774.13069871734,35.262242043765,2,1.03731600775811,1.03731600775811,270.167671634129,280.249250564819
2.65,60,0,2776.77428799373,35.3358273909052,2,1.03589925785991,1.03589925785991,270.047433036182,279.741935469156
2.66,60,0,2779.42577311971,35.4092678393044,2,1.03449389348962,1.03449389348962,269.934125943582,279.245204933094
2.67,60,0,2782.08218898498,35.4825660685283,2,1.03309846183469,1.03309846183469,269.826495199144,278.75733715248
2.68,60,0,2784.74113136587,35.5557243282204,2,1.03171177777268,1.03171177777268,269.723521386484,278.276933756758
2.69,60,0,2787.40065159749,35.6287445187661,2,1.0303328737275,1.0303328737275,269.624376209665,277.802858367089
2.7,60,0,2790.0591711499,35.7016282566489,2,1.02896095897638,1.02896095897638,269.528386391644,277.334186932903
2.71,60,0,2792.71861204098,35.7743746554759,2,1.02757003813845,1.02757003813845,269.385213113373,276.812173712842
2.72,60,0,2795.42806024985,35.846949493625,2,1.02614833940936,1.02614833940936,269.148292707462,276.186073616627
2.73,60,0,2798.19149588643,35.9193509343703,2,1.02476189143933,1.02476189143933,268.941279610778,275.600774380053
2.74,60,0,2800.99597545625,35.9915890737999,2,1.02340405988945,1.02340405988945,268.757987624168,275.048015662291
2.75,60,0,2803.83125749143,36.0636719739923,2,1.02206958591198,1.02206958591198,268.593532020727,274.521280051061
2.76,60,0,2806.68923530365,36.1356060914259,2,1.0207542983722,1.0207542983722,268.444052312927,274.015420270871
2.77,60,0,2809.56349017105,36.2073966139816,2,1.01945488678424,1.01945488678424,268.306495095653,273.526367581217
2.78,60,0,2812.44893898622,36.2790477263725,2,1.01816872201741,1.01816872201741,268.178443619103,273.05090321228
2.79,60,0,2815.34155612138,36.350562819427,2,1.01689371462762,1.01689371462762,268.057983819996,272.586478902306
2.8,60,0,2818.23815368976,36.4219446552531,2,1.01562820285043,1.01562820285043,267.943598868408,272.131075783996
2.81,60,0,2821.13620781113,36.4931954976922,2,1.01437086399565,1.01437086399565,267.834086064281,271.683093288509
2.82,60,0,2824.03372115755,36.5643172154311,2,1.01312064431817,1.01312064431817,267.728491281392,271.241261589335
2.83,60,0,2826.92897184002,36.6353118994495,2,1.01192288445388,1.01192288445388,267.628373841797,270.819276019692
2.84,60,0,2829.81503714174,36.7062040149241,2,1.01114657293811,1.01114657293811,267.549423579489,270.531682743967
2.85,60,0,2832.68846059002,36.7770101311228,2,1.01037003405858,1.01037003405858,267.468099012341,270.241752308682
2.86,60,0,2835.55040625827,36.8477296860344,2,1.00959362105838,1.00959362105838,267.384912553982,269.950102081753
2.87,60,0,2838.4018116692,36.9183622705284,2,1.00881761539871,1.00881761539871,267.300273601422,269.657224610009
2.88,60,0,2841.24343319822,36.9889075974498,2,1.0080422411809,1.0080422411809,267.214509312588,269.363512843516
2.89,60,0,2844.07588232814,37.0593654769562,2,1.00726767665814,1.00726767665814,267.127881176709,269.069280243475
2.9,60,0,2846.89965460648,37.1297357968316,2,1.00649406342679,1.00649406342679,267.040598232034,268.77477681448
2.91,60,0,2849.71515278056,37.2000185067689,2,1.00572151376739,1.00572151376739,266.952827611557,268.480201889981
2.92,60,0,2852.52270528633,37.2702136058179,2,1.00495011650954,1.00495011650954,266.864702958962,268.185714330893
2.93,60,0,2855.32258102843,37.3403211323573,2,1.00417994171896,1.00417994171896,266.776331146633,267.891440662825
2.94,60,0,2858.11500119902,37.4103411560832,2,1.00341104444446,1.00341104444446,266.687797639767,267.597481570312
2.95,60,0,2860.90014873154,37.4802737716044,2,1.00264346771422,1.00264346771422,266.599170780647,267.303917081244
2.96,60,0,2863.67912925211,37.5501188056568,2,1.002,1.002,266.451357166475,266.984259880808
2.97,60,0,2866.55071377133,37.6198525181308,2,1.002,1.002,266.049598989585,266.581698187564
2.98,60,0,2869.53780988516,37.6894791977558,2,1.002,1.002,265.7198965072,266.251336300214
2.99,60,0,2872.61028014194,37.7590161678827,2,1.002,1.002,265.444106688856,265.974994902233
3,60,0,2875.74557701328,37.8284763979532,2,1.002,1.002,265.208718772135,265.739136209679
3.01,60,0,2878.92681175301,37.8978696121044,2,1.002,1.002,265.00365243814,265.533659743017
3.02,60,0,2882.1413217663,37.9672031113012,2,1.002,1.002,264.821375000837,265.351017750839
3.03,60,0,2885.37960514287,38.0364823845836,2,1.002,1.002,264.656250095782,265.185562595973
3.04,60,0,2888.63452664999,38.1057115644616,2,1.002,1.002,264.504055500621,265.033063611622
3.05,60,0,2891.90072503692,38.1748937667745,2,1.002,1.002,264.361625182669,264.890348433034
3.06,60,0,2895.17416999417,38.2440313446847,2,1.002,1.002,264.226582976674,264.755036142627
3.07,60,0,2898.45183058618,38.3131260787296,2,1.002,1.002,264.097144076126,264.625338364279
3.08,60,0,2901.73142685343,38.382179319178,2,1.002,1.002,263.971966846874,264.499910780568
3.09,60,0,2905.01124355155,38.4511920927593,2,1.002,1.002,263.850042064625,264.377742148754
3.1,60,0,2908.28999036842,38.5201651827482,2,1.002,1.002,263.73061003375,264.258071253818
3.11,60,0,2911.56669694195,38.5890991891033,2,1.002,1.002,263.61309850894,264.140324705958
3.12,60,0,2914.84063395876,38.6579945736595,2,1.002,1.002,263.497076157937,264.024070310253
3.13,60,0,2918.10516580163,38.7268536166592,2,1.00194682749084,1.00194682749084,263.41000156726,263.922815399673
3.14,60,0,2921.35404923201,38.7956778994885,2,1.001889104269,1.001889104269,263.319809675679,263.817248252249
3.15,60,0,2924.58968563387,38.8644660594414,2,1.00183119548139,1.00183119548139,263.225310910347,263.707327910273
3.16,60,0,2927.81399123229,38.9332170403368,2,1.00177316041264,1.00177316041264,263.127561578823,263.59412895449
3.17,60,0,2931.0284329535,39.00193004628,2,1.00171504427218,1.00171504427218,263.027366826732,263.478470405634
3.18,60,0,2934.23413509154,39.070604479799,2,1.00165688154278,1.00165688154278,262.92534059115,263.360976735105
3.19,60,0,2937.43196053577,39.1392398947431,2,1.00159869852884,1.00159869852884,262.821951190821,263.242124257536
3.2,60,0,2940.62257264953,39.2078359604058,2,1.00154051529631,1.00154051529631,262.717556002967,263.122276416599
3.21,60,0,2943.80648242829,39.2763924341874,2,1.00148234715038,1.00148234715038,262.61242784734,263.001710631413
3.22,60,0,2946.98408445442,39.3449091407555,2,1.00142420576137,1.00142420576137,262.506775067816,262.880638729267
3.23,60,0,2950.15568432238,39.413385956152,2,1.00136610002315,1.00136610002315,262.400756822947,262.759222502917
3.24,60,0,2953.32151956727,39.4818227956668,2,1.00130803670777,1.00130803670777,262.294494733316,262.637585560673
3.25,60,0,2956.4817756431,39.5502196045816,2,1.0012500209651,1.0012500209651,262.188081757555,262.51582235655
3.26,60,0,2959.63659812733,39.6185763511013,2,1.00119205670417,1.00119205670417,262.081588959457,262.394005074616
3.27,60,0,2962.78610204741,39.6868930209527,2,1.00113414688454,1.00113414688454,261.975070669567,262.272188879795
3.28,60,0,2965.93037901142,39.7551696132567,2,1.00107629373887,1.00107629373887,261.868568424005,262.150415924607
3.29,60,0,2969.06950266229,39.8234061373707,2,1.00101849894312,1.00101849894312,261.762113971577,262.028718408005
3.3,60,0,2972.23860044863,39.8915794215678,2,1.00088556093021,1.00088556093021,261.424487757992,261.655995070552
3.31,60,0,2975.53224632054,39.9596254300689,2,1.00072789100792,1.00072789100792,261.062460653334,261.25248567095
3.32,60,0,2978.91634679771,40.0275642714101,2,1.0005793070778,1.0005793070778,260.771778852679,260.92284578986
3.33,60,0,2982.36232376447,40.0954131291173,2,1.00043714323198,1.00043714323198,260.531083825249,260.644973225263
3.34,60,0,2985.85016091677,40.1631840562804,2,1.00029953217768,1.00029953217768,260.325484342149,260.403460201379
3.35,60,0,2989.36581892133,40.2308855255946,2,1.00016516421438,1.00016516421438,260.144575223259,260.187541797652
3.36,60,0,2992.89943917935,40.2985235060475,2,1.00003311961703,1.00003311961703,259.98107281016,259.989683283726
3.37,60,0,2996.44409216485,40.3661022129125,2,0.999902751799627,0.999902751799627,259.829870821688,259.804602834347
3.38,60,0,2999.99490333373,40.4336246313401,2,0.999773605723058,0.999773605723058,259.687384771807,259.628593034101
3.39,60,0,3003.54844162261,40.5010928825527,2,0.999645360826883,0.999645360826883,259.551095507731,259.459048521838
3.4,60,0,3007.10229101369,40.5685084803457,2,0.999517791060754,0.999517791060754,259.419230697594,259.294136425539
3.41,60,0,3010.65474997404,40.635872510989,2,0.999390736858784,0.999390736858784,259.290542182506,259.132566012288
3.42,60,0,3014.20462036134,40.7031857595487,2,0.999264085467225,0.999264085467225,259.164150107984,258.973427443545
3.43,60,0,3017.7510590106,40.7704487986812,2,0.99913775712202,0.99913775712202,259.03943366471,258.816078757916
3.44,60,0,3021.29347328856,40.8376620511088,2,0.999011695327618,0.999011695327618,258.915954413274,258.660066565773
3.45,60,0,3024.83144752299,40.9048258336174,2,0.998885860014081,0.998885860014081,258.793402419384,258.505070341656
3.46,60,0,3028.3646911346,40.9719403880703,2,0.998760222716116,0.998760222716116,258.671558376859,258.350863254796
3.47,60,0,3031.89300203842,41.0390059032865,2,0.998634763173758,0.998634763173758,258.550266948627,258.197284602754
3.48,60,0,3035.41624079813,41.106022530489,2,0.9985094669335,0.9985094669335,258.429417986839,258.044220393973
3.49,60,0,3038.93431235921,41.1729903942205,2,0.998384323654062,0.998384323654062,258.308933292172,257.891589658707
3.5,60,0,3042.44715312829,41.2399096000633,2,0.998259325908871,0.998259325908871,258.188757270807,257.739334790405
3.51,60,0,3045.95472182677,41.3067802401035,2,0.998134468338956,0.998134468338956,258.068850336367,257.587414725335
3.52,60,0,3049.45699301119,41.3736023968008,2,0.998009747053245,0.998009747053245,257.949184246617,257.435800122557
3.53,60,0,3052.98329629999,41.4403633010372,2,0.998037396874222,0.998037396874222,257.697638748887,257.191880557573
3.54,60,0,3056.55825811187,41.5070541371791,2,0.998076380543698,0.998076380543698,257.477121290715,256.981833290648
3.55,60,0,3060.16493017725,41.5736847542119,2,0.9981142206112,0.9981142206112,257.286801545797,256.801615398432
3.56,60,0,3063.79151239982,41.6402619738535,2,0.998151277907669,0.998151277907669,257.116920854059,256.641583122164
3.57,60,0,3067.43003549074,41.7067904153206,2,0.998187796078172,0.998187796078172,256.960908764505,256.495243197886
3.58,60,0,3071.07511166846,41.7732732137539,2,0.998223939840263,0.998223939840263,256.814334528802,256.358216820796
3.59,60,0,3074.72309528705,41.8397125028437,2,0.99825982068008,0.99825982068008,256.674206214276,256.227547068665
3.6,60,0,3078.37151788706,41.9061097396291,2,0.9982955141389,0.9982955141389,256.538500973594,256.101234725857
3.61,60,0,3082.01870737819,41.9724659234117,2,0.998331071458599,0.998331071458599,256.405849584419,255.977926543865
3.62,60,0,3085.66353100116,42.038781743501,2,0.998366527436682,0.998366527436682,256.275324232015,255.856705521226
3.63,60,0,3089.30522162827,42.1050576790461,2,0.99840190573071,0.99840190573071,256.146295537307,255.736949610309
3.64,60,0,3092.94326025172,42.1712940665686,2,0.998437222444197,0.998437222444197,256.018336111469,255.61823640192
3.65,60,0,3096.57729640041,42.2374911456942,2,0.998472488553255,0.998472488553255,255.891155419615,255.500278750591
3.66,60,0,3100.20709418897,42.3036490901519,2,0.998507711550382,0.998507711550382,255.764555741452,255.382881249097
3.67,60,0,3103.83249570747,42.3697680288083,2,0.99854289655903,0.99854289655903,255.638402364788,255.265910769058
3.68,60,0,3107.45339615445,42.4358480599533,2,0.99857804709007,0.99857804709007,255.512603391843,255.149276501926
3.69,60,0,3111.06972693046,42.5018892610122,2,0.998613165555681,0.998613165555681,255.387096044829,255.032916423399
3.7,60,0,3114.68144413313,42.5678916951539,2,0.998648253618774,0.998648253618774,255.261837370179,254.916788105248
3.71,60,0,3118.28852072083,42.6338554157922,2,0.998683312430821,0.998683312430821,255.136797922648,254.800862472383
3.72,60,0,3121.8909411701,42.6997804696537,2,0.998718342793853,0.998718342793853,255.011957470091,254.685119557145
3.73,60,0,3125.48869783021,42.7656668988716,2,0.998753345270927,0.998753345270927,254.887302069733,254.569545609227
3.74,60,0,3129.08178843329,42.8315147424156,2,0.99878832026151,0.99878832026151,254.762822076216,254.454131126586
3.75,60,0,3132.67021439232,42.8973240370695,2,0.998823268052974,0.998823268052974,254.638510783221,254.338869512639
3.76,60,0,3136.25397963667,42.9630948180995,2,0.998858188855793,0.998858188855793,254.514363496335,254.223756159734
3.77,60,0,3139.83308981465,43.0288271197128,2,0.998893082827643,0.998893082827643,254.390376899681,254.108787823008
3.78,60,0,3143.40755174699,43.0945209753709,2,0.998927950089891,0.998927950089891,254.266548622847,253.993962192253
3.79,60,0,3146.97737305198,43.1601764180054,2,0.998962790738912,0.998962790738912,254.142876944515,253.879277598909
3.8,60,0,3150.54256188804,43.2257934801659,2,0.998997604853845,0.998997604853845,254.019360589453,253.764732815368
3.81,60,0,3154.12351657457,43.2913597255511,2,0.999031784557963,0.999031784557963,253.805428129291,253.559689794504
3.82,60,0,3157.73608899213,43.3568651531437,2,0.999064858593346,0.999064858593346,253.615109399286,253.377943409134
3.83,60,0,3161.36828498109,43.4223167141737,2,0.999097186006532,0.999097186006532,253.445935476377,253.217120939241
3.84,60,0,3165.01195341888,43.4877191511819,2,0.999129010711924,0.999129010711924,253.290812844186,253.070199259431
3.85,60,0,3168.6616968909,43.5530756170792,2,0.999160494201713,0.999160494201713,253.145056711754,252.932539968836
3.86,60,0,3172.3139380505,43.6183882141946,2,0.999191743526879,0.999191743526879,253.00556862321,252.801075234634
3.87,60,0,3175.96630415211,43.6836583495808,2,0.999222829732505,0.999222829732505,252.87029663764,252.673773361561
3.88,60,0,3179.61722068696,43.7488869695822,2,0.999253800021939,0.999253800021939,252.737880222663,252.549287221986
3.89,60,0,3183.26564270823,43.8140747149077,2,0.999284685793659,0.999284685793659,252.607416242685,252.42672256922
3.9,60,0,3186.91087696962,43.8792220232792,2,0.999315507957674,0.999315507957674,252.478304513989,252.305485123689
3.91,60,0,3190.55246404505,43.9443291974566,2,0.999346280456319,0.999346280456319,252.350145736488,252.185179514369
3.92,60,0,3194.19010011564,44.009396450369,2,0.999377012598446,0.999377012598446,252.222673957339,252.065542409077
3.93,60,0,3197.82358502074,44.0744239350876,2,0.999407710608542,0.999407710608542,252.095711832553,251.946398216803
3.94,60,0,3201.4566061293,44.1394119133387,2,0.999438271093516,0.999438271093516,251.972188910692,251.830648848551
3.95,60,0,3205.11562405447,44.2043641318003,2,0.999467955315831,0.999467955315831,251.873020285443,251.739012583915
3.96,60,0,3208.79781146563,44.2692873831019,2,0.99949685917573,0.99949685917573,251.795464268638,251.668775691198
3.97,60,0,3212.49493080264,44.3341865679175,2,0.999525226864231,0.999525226864231,251.732599343702,251.613083468137
3.98,60,0,3216.20138306524,44.3990650162852,2,0.999553224268407,0.999553224268407,251.679733138278,251.567288741378
3.99,60,0,3219.91335915771,44.4639249927897,2,0.999580964192284,0.999580964192284,251.633680545349,251.528237022773
4,60,0,3223.62826560783,44.528768038413,2,0.999608523414633,0.999608523414633,251.592277198825,251.493784713243
4.01,60,0,3227.34433539928,44.5935952021911,2,0.999635954240966,0.999635954240966,251.554050895127,251.462473709731
4.02,60,0,3231.06036392671,44.6584071983878,2,0.999663292335841,0.999663292335841,251.517999317967,251.433311279923
4.03,60,0,3234.77552965209,44.72320451325,2,0.999690562038643,0.999690562038643,251.483439467909,251.405620945085
4.04,60,0,3238.48927217235,44.7879874775871,2,0.999717779974813,0.999717779974813,251.449905544416,251.37894134574
4.05,60,0,3242.20120924446,44.8527563161616,2,0.999744957511296,0.999744957511296,251.417079615851,251.352957578163
4.06,60,0,3245.91108027222,44.917511181328,2,0.999772102427516,0.999772102427516,251.384744504653,251.32745453162
4.07,60,0,3249.61870778387,44.982252175963,2,0.999799220053458,0.999799220053458,251.352751740575,251.302285148517
4.08,60,0,3253.32397115203,45.0469793691077,2,0.999826314045408,0.999826314045408,251.320999744358,251.277348816609
4.09,60,0,3257.02678865114,45.111692806648,2,0.999853386915138,0.999853386915138,251.289418963695,251.252576646788
4.1,60,0,3260.72710519791,45.1763925186117,2,0.999880440391172,0.999880440391172,251.257961737844,251.227921434224
4.11,60,0,3264.42488396821,45.2410785241585,2,0.999907475665614,0.999907475665614,251.226595381162,251.203350807644
4.12,60,0,3268.12010066038,45.3057508349944,2,0.99993449356291,0.99993449356291,251.195297459597,251.178842550646
4.13,60,0,3271.81273956661,45.3704094577099,2,0.999961494655325,0.999961494655325,251.16405256236,251.154381403946
4.14,60,0,3275.50279088043,45.4350543953834,2,0.999988479342015,0.999988479342015,251.132850093833,251.129956878159
4.15,60,0,3279.19024885006,45.4996856486793,2,1.00001544790322,1.00001544790322,251.101682762141,251.105561756634
4.16,60,0,3282.87511051094,45.5643032166033,2,1.00004240053741,1.00004240053741,251.070545543825,251.081191069884
4.17,60,0,3286.55737481518,45.6289070970203,2,1.00006933738682,1.00006933738682,251.039434974114,251.056841392523
4.18,60,0,3290.23704203309,45.6934972870104,2,1.00009625855492,1.00009625855492,251.008348660037,251.032510360952
4.19,60,0,3293.91411334164,45.7580737831141,2,1.00012316411851,1.00012316411851,250.977284946168,251.008196342233
4.2,60,0,3297.58859054102,45.822636581501,2,1.00015005413593,1.00015005413593,250.946242684976,250.983898206588
4.21,60,0,3301.26047585953,45.8871856780857,2,1.00017692865285,1.00017692865285,250.915221078946,250.95961517099
4.22,60,0,3304.929771819,45.9517210686084,2,1.00020378770609,1.00020378770609,250.884219571943,250.935346691542
4.23,60,0,3308.596481142,46.0162427486898,2,1.00023063132641,1.00023063132641,250.853237774421,250.911092389383
4.24,60,0,3312.26060668772,46.0807507138692,2,1.00025745954035,1.00025745954035,250.822275411889,250.886851999627
4.25,60,0,3315.92215140779,46.145244959631,2,1.00028427237151,1.00028427237151,250.791332289375,250.86262533616
4.26,60,0,3319.58111831564,46.2097254814229,2,1.00031106984144,1.00031106984144,250.760408266911,250.838412267351
4.27,60,0,3323.23751046534,46.2741922746687,2,1.00033785197027,1.00033785197027,250.729503242598,250.814212699273
4.28,60,0,3326.89133093702,46.3386453347766,2,1.00036461877712,1.00036461877712,250.698617140911,250.790026564118
4.29,60,0,3330.54258282668,46.4030846571455,2,1.0003913702804,1.0003913702804,250.667749904612,250.765853812178
4.3,60,0,3334.19126923916,46.4675102371692,2,1.00041810649802,1.00041810649802,250.636901489148,250.741694406304
4.31,60,0,3337.83739328336,46.5319220702394,2,1.00044482744754,1.00044482744754,250.606071858775,250.717548318057
4.32,60,0,3341.48095806877,46.5963201517475,2,1.00047153314623,1.00047153314623,250.575260983878,250.693415525056
4.33,60,0,3345.12196670321,46.660704477086,2,1.00049822361118,1.00049822361118,250.544468839103,250.669296009129
4.34,60,0,3348.76042229117,46.7250750416499,2,1.00052489885934,1.00052489885934,250.513695402066,250.645189755031
4.35,60,0,3352.39632793273,46.7894318408367,2,1.00055155890752,1.00055155890752,250.482940652458,250.621096749557
4.36,60,0,3356.02968672277,46.8537748700475,2,1.00057820377246,1.00057820377246,250.452204571417,250.597016980922
4.37,60,0,3359.66050175041,46.918104124687,2,1.00060483347082,1.00060483347082,250.421487141101,250.572950438337
4.38,60,0,3363.28877609873,46.9824196001638,2,1.00063144801918,1.00063144801918,250.39078834438,250.548897111701
4.39,60,0,3366.91451284442,47.0467212918904,2,1.00065804743408,1.00065804743408,250.360108164628,250.524856991402
4.4,60,0,3370.53771505771,47.1110091952839,2,1.000684631732,1.000684631732,250.329446585579,250.500830068164
4.41,60,0,3374.15838580219,47.1752833057652,2,1.00071120092937,1.00071120092937,250.298803591222,250.476816332955
4.42,60,0,3377.7765281348,47.2395436187598,2,1.00073775504258,1.00073775504258,250.268179165731,250.452815776907
4.43,60,0,3381.39214510573,47.3037901296974,2,1.00076429408798,1.00076429408798,250.237573293415,250.428828391273
4.44,60,0,3385.00523975844,47.3680228340122,2,1.00079081808186,1.00079081808186,250.206985958685,250.40485416739
4.45,60,0,3388.61581512964,47.4322417271428,2,1.00081732704051,1.00081732704051,250.176417146026,250.380893096657
4.46,60,0,3392.22387424927,47.4964468045322,2,1.00084382098013,1.00084382098013,250.145866839983,250.356945170514
4.47,60,0,3395.82942014056,47.5606380616277,2,1.00087029991691,1.00087029991691,250.115335025147,250.333010380437
4.48,60,0,3399.43245581997,47.6248154938813,2,1.000896763867,1.000896763867,250.08482168615,250.309088717923
4.49,60,0,3403.03298429725,47.6889790967492,2,1.0009232128465,1.0009232128465,250.054326807657,250.285180174489
4.5,60,0,3406.63100857546,47.7531288656923,2,1.00094964687149,1.00094964687149,250.023850374359,250.261284741664
4.51,60,0,3410.22653165095,47.8172647961757,2,1.00097606595799,1.00097606595799,249.993392370977,250.237402410992
4.52,60,0,3413.82132524768,47.8813857959337,2,1.00100121018228,1.00100121018228,249.935109316473,250.185346892831
4.53,60,0,3417.48345295409,47.9454498099922,2,1.00101339836062,1.00101339836062,249.664537018493,249.917546651012
4.54,60,0,3421.22885823526,48.009446420706,2,1.00102437550158,1.00102437550158,249.486931145188,249.742499445418
4.55,60,0,3425.02399669111,48.0733957953885,2,1.001034614944,1.001034614944,249.365672785202,249.623670236787
4.56,60,0,3428.84851783891,48.1373101680248,2,1.00104440366934,1.00104440366934,249.278646432229,249.53899396525
4.57,60,0,3432.69005118584,48.2011969744699,2,1.00105391600262,1.00105391600262,249.21245629254,249.475105288279
4.58,60,0,3436.54106513806,48.2650607411577,2,1.00106325800238,1.00106325800238,249.158970374639,249.423890643755
4.59,60,0,3440.39696810112,48.3289042268611,2,1.00107249428215,1.00107249428215,249.113243463579,249.380415992801
4.6,60,0,3444.25495762788,48.3927291146552,2,1.00108166425506,1.00108166425506,249.072263852514,249.34167641725
4.61,60,0,3448.11332157143,48.4565364320994,2,1.00109079199061,1.00109079199061,249.034194979746,249.305839485018
4.62,60,0,3451.9710130387,48.5203268067929,2,1.00109989220465,1.00109989220465,248.997915554918,249.271786421211
4.63,60,0,3455.82739151694,48.5841006220171,2,1.00110897390437,1.00110897390437,248.962740212573,249.238833394628
4.64,60,0,3459.68206501164,48.6478581116466,2,1.00111804260908,1.00111804260908,248.928249579652,249.206561969285
4.65,60,0,3463.53479367019,48.7115994180915,2,1.00112710170475,1.00112710170475,248.894186768913,249.174715831124
4.66,60,0,3467.38543087814,48.7753246277112,2,1.00113615327117,1.00113615327117,248.860394257912,249.143137808912
4.67,60,0,3471.23388721962,48.8390337924808,2,1.0011451985875,1.0011451985875,248.82677535295,249.111731424617
4.68,60,0,3475.08010840367,48.9027269432621,3,1.3522542126247,1.3522542126247,550.931408563291,744.999318096967
4.69,60,0,3353.79685328286,49.0308800152906,3,1.31389120524192,1.31389120524192,500.345756897784,657.399889568109
4.7,60,0,3253.4434493543,49.1442848053934,3,1.27982729322114,1.27982729322114,460.528323906548,589.396718236987
4.71,60,0,3169.79477760371,49.2461409940723,3,1.24953858782931,1.24953858782931,428.335233294914,535.221402528866
4.72,60,0,3100.85901901812,49.3384989159302,3,1.2227228225302,1.2227228225302,400.879244781027,490.164201672431
4.73,60,0,3044.13432393899,49.4232141681133,3,1.19954157253795,1.19954157253795,379.054802413996,454.691993765745
4.74,60,0,2997.19985991417,49.5018713440503,3,1.1794936526257,1.1794936526257,361.503235625628,426.390771824081
4.75,60,0,2958.19557148497,49.5756668419367,3,1.16214542725556,1.16214542725556,347.250274839747,403.555319018249
4.76,60,0,2925.66968359443,49.6455197561211,3,1.14712181892969,1.14712181892969,335.581550219003,384.952918286467
4.77,60,0,2898.47390420819,49.7121467300079,3,1.13409861358272,1.13409861358272,325.962981463869,369.674165357462
4.78,60,0,2875.68963808985,49.7761137473169,3,1.12279579689574,1.12279579689574,317.988424857825,357.036066891863
4.79,60,0,2856.57490586535,49.8378727637995,3,1.11297174623283,1.11297174623283,311.344378340114,346.51749644097
4.8,60,0,2840.52541883052,49.8977881325514,3,1.10441815401584,1.10441815401584,305.785651242488,337.715224469759
4.81,60,0,2827.04553977849,49.9561560084447,3,1.0969555877792,1.0969555877792,301.118252340008,330.313349486679
4.82,60,0,2815.79772700572,50.0131847323016,3,1.09039259540948,1.09039259540948,296.840201159804,323.67235736451
4.83,60,0,2806.52524645998,50.0690366194532,3,1.0847046394909,1.0847046394909,293.226945023775,318.064627691032
4.84,60,0,2798.90095012131,50.1239004996434,3,1.07972485523866,1.07972485523866,290.182415248586,313.317166297084
4.85,60,0,2792.78287297115,50.1778506159024,3,1.07469239961321,1.07469239961321,287.152639469525,308.60075916677
4.86,60,0,2788.00201629673,50.2309787658878,3,1.07040631413189,1.07040631413189,284.686983910333,304.730745128784
4.87,60,0,2784.30763571389,50.2834295894611,3,1.06673237450542,1.06673237450542,282.674001581802,301.537508918304
4.88,60,0,2781.49789625618,50.3353190266253,3,1.06356088237229,1.06356088237229,281.025855039024,298.888106354732
4.89,60,0,2779.40947927979,50.3867406151753,3,1.06081236653503,1.06081236653503,279.67623338642,296.684007002252
4.9,60,0,2777.89993391449,50.4377781244104,3,1.0585141219845,1.0585141219845,278.601102240222,294.903201121723
4.91,60,0,2776.85770805904,50.4884966253864,3,1.05647193562055,1.05647193562055,277.709805576122,293.392615837811
4.92,60,0,2776.19979429896,50.5389428217524,3,1.05464143656713,1.05464143656713,276.969086576471,292.103075351695
4.93,60,0,2775.85812679483,50.5891549536079,3,1.05298602578342,1.05298602578342,276.351901778422,290.994690771351
4.94,60,0,2775.77681420797,50.6391643854288,3,1.05147550263638,1.05147550263638,275.836200677604,290.035007752794
4.95,60,0,2775.90990875582,50.6889968804328,3,1.05008493763847,1.05008493763847,275.403963141868,289.197553461215
4.96,60,0,2776.21960030739,50.7386736280413,3,1.04879374618622,1.04879374618622,275.040434790973,288.460687957111
4.97,60,0,2776.6747496032,50.788212075524,3,1.04758492674699,1.04758492674699,274.733515926913,287.806690157238
4.98,60,0,2777.24969353204,50.8376266033717,3,1.0464444338078,1.0464444338078,274.473270631655,287.221026281516
4.99,60,0,2777.92326967975,50.8869290752925,3,1.0453606614081,1.0453606614081,274.251530647743,286.691761470109
5,60,0,2778.67801830756,50.9361292871579,3,1.04432401751785,0.994324017517846,274.061574533668,272.506005837583
5.01,60,0,2779.49419028852,50.9826274550093,3,1.04340010555877,0.993400105558767,273.920811978059,272.112963533747
5.02,60,0,2780.35926131625,51.0290474368499,3,1.04258775877344,0.992587758773444,273.772483833302,271.743216141937
5.03,60,0,2781.27882006424,51.0753937683348,3,1.04186877035165,0.991868770351648,273.625535251228,271.400623186447
5.04,60,0,2782.24448902954,51.1216717421981,3,1.04117258848143,0.991172588481429,273.498252929762,271.083971301541
5.05,60,0,2783.24746878148,51.1678858402166,3,1.04049517069601,0.990495170696014,273.387013948978,270.788517047466
5.06,60,0,2784.28058471567,51.2140397263084,3,1.03983321835593,0.989833218355931,273.288868413673,270.510400162756
5.07,60,0,2785.33798563304,51.2601363986558,3,1.0391840392959,0.989184039295904,273.201413402211,270.24647765055
5.08,60,0,2786.41489864867,51.3061783132946,3,1.0385454359337,0.988545435933702,273.122690822739,269.99418946275
5.09,60,0,2787.50742978368,51.3521674845926,3,1.03791561409632,0.987915614096318,273.051104550667,269.75144963185
5.1,60,0,2788.61240164238,51.3981055669833,3,1.03729310870964,0.987293108709637,272.985353145289,269.516557939011
5.11,60,0,2789.72722121955,51.4439939214877,3,1.03667672321939,0.986676723219388,272.92437517371,269.288128183095
5.12,60,0,2790.84977220456,51.4898336698749,3,1.03606548019629,0.986065480196294,272.867304750405,269.065029888577
5.13,60,0,2791.97832721364,51.5356257387777,3,1.03545858105326,0.985458581053257,272.813435363405,268.846340905485
5.14,60,0,2793.11147624212,51.5813708956357,3,1.0348553731881,0.984855373188096,272.762190428486,268.631308846049
5.15,60,0,2794.24806832407,51.6270697779887,3,1.03425532317881,0.98425532317881,272.713099310119,268.419319696576
5.16,60,0,2795.38716395029,51.6727229173574,3,1.03365799491316,0.983657994913156,272.665777787228,268.20987225962
5.17,60,0,2796.52799625273,51.7183307587148,3,1.0330630317417,0.983063031741701,272.619912134884,268.002557336475
5.18,60,0,2797.66993933411,51.7638936763662,3,1.03247014191214,0.982470141912143,272.575246148994,267.79704076574
5.19,60,0,2798.81248242293,51.8094119869029,3,1.03187908668006,0.981879086680058,272.531570567277,267.59304960008
5.2,60,0,2799.95520877894,51.8548859597704,3,1.03128967060305,0.981289670603051,272.488714442064,267.390360837902
5.21,60,0,2801.09777847317,51.9003158258917,3,1.03070173361634,0.980701733616338,272.4465381034,267.188792235774
5.22,60,0,2802.23991432891,51.9457017847047,3,1.03011514456202,0.98011514456202,272.404927418221,266.988194815916
5.23,60,0,2803.38139044171,51.9910440099072,3,1.02952979590473,0.979529795904729,272.363789106109,266.788446754945
5.24,60,0,2804.52202280416,52.0363426541455,3,1.02894559941564,0.978945599415639,272.323046916535,266.589448398401
5.25,60,0,2805.66166164848,52.0815978528434,3,1.02836248264696,0.978362482646963,272.282638508694,266.391118193032
5.26,60,0,2806.80276575731,52.1268085180664,3,1.02776701219101,0.977767012191014,272.215569670213,266.163404228319
5.27,60,0,2807.96671158306,52.1719647466526,3,1.02716022291106,0.977160222911058,272.113559339214,265.898546301028
5.28,60,0,2809.15420012757,52.2170664176942,3,1.02656661800741,0.97656661800741,272.023360082742,265.648932775015
5.29,60,0,2810.36007085284,52.2621161373851,3,1.0259836569379,0.975983656937899,271.942574115736,265.411507962582
5.3,60,0,2811.58021624955,52.3071159910367,3,1.02540931649167,0.975409316491672,271.8692948486,265.183843063346
5.31,60,0,2812.81136632446,52.3520676498613,3,1.02484198507248,0.974841985072476,271.802005724931,264.964006807572
5.32,60,0,2814.05091741023,52.3969724557437,3,1.02428037866128,0.974280378661281,271.739500051378,264.750463007284
5.33,60,0,2815.29679611978,52.4418314885731,3,1.02372347399271,0.97372347399271,271.680817413743,264.541989349289
5.34,60,0,2816.54735118706,52.4866456197457,3,1.02317045540518,0.973170455405181,271.625193214683,264.337612980253
5.35,60,0,2817.80126744822,52.5314155546944,3,1.02262067255651,0.972620672556513,271.57201860291,264.136559381092
5.36,60,0,2819.05749740993,52.5761418667079,3,1.02207360677623,0.972073606776235,271.520808638917,263.938211768432
5.37,60,0,2820.31520679397,52.6208250238302,3,1.02152884428491,0.971528844284915,271.471176993868,263.742078841518
5.38,60,0,2821.57373119284,52.6654654102633,3,1.02098605487485,0.97098605487485,271.422815833712,263.547769149399
5.39,60,0,2822.8325415612,52.7100633433992,3,1.0204449749352,0.970444974935198,271.375479820816,263.354970712739
5.4,60,0,2824.0912167363,52.7546190873772,3,1.0199053939338,0.969905393933803,271.3289733867,263.163434818281
5.41,60,0,2825.34942155109,52.7991328638784,3,1.01936714364995,0.969367143649946,271.283140604471,262.972963128143
5.42,60,0,2826.60688939855,52.843604860721,3,1.01883008959676,0.968830089596757,271.237857128049,262.7833974234
5.43,60,0,2827.86340833943,52.8880352387064,3,1.01829412418686,0.968294124186863,271.193023775,262.594611441801
5.44,60,0,2829.11881003143,52.9324241370729,3,1.01775916128613,0.967759161286128,271.148561416812,262.406504380674
5.45,60,0,2830.37296090512,52.9767716778412,3,1.01722513187284,0.967225131872845,271.104406909443,262.218995724295
5.46,60,0,2831.62575512972,53.0210779692768,3,1.01669198057748,0.966691980577476,271.060509851766,262.032021124944
5.47,60,0,2832.87710900463,53.0653431086503,3,1.01615966292389,0.966159662923888,271.016830003026,261.845529122425
5.48,60,0,2834.126956487,53.109567184437,3,1.01562814312953,0.965628143129528,270.973335224975,261.659478530908
5.49,60,0,2835.37524562484,53.1537502780716,3,1.01509739235103,0.965097392351028,270.92999984182,261.473836357005
5.5,60,0,2836.62193571171,53.1978924653467,3,1.01456738728485,0.964567387284845,270.886803332949,261.288576140807
5.51,60,0,2837.86699501675,53.2419938175282,3,1.01403810905091,0.964038109050912,270.843729290735,261.103676633737
5.52,60,0,2839.11039897351,53.2860544022457,3,1.01350954230192,0.963509542301925,270.800764589542,260.919120744681
5.53,60,0,2840.35212873443,53.3300742842023,3,1.01298167451257,0.962981674512567,270.757898723041,260.734894699818
5.54,60,0,2841.59217001725,53.3740535257412,3,1.01245449541223,0.962454495412232,270.715123275641,260.550987372718
5.55,60,0,2842.83046605091,53.4179923040447,3,1.01195498218039,0.961954982180387,270.673820502995,260.376030178656
5.56,60,0,2844.06436660158,53.4618980183389,3,1.01162540296102,0.961625402961018,270.640215803756,260.254506579744
5.57,60,0,2845.29294665678,53.5057748391255,3,1.01129497822539,0.961294978225389,270.604946282111,260.131175943945
5.58,60,0,2846.51696797342,53.5496224592642,3,1.01096393984267,0.960963939842673,270.568348300855,260.006425979914
5.59,60,0,2847.73704329035,53.5934406380357,3,1.01063247402451,0.960632474024508,270.530692005475,259.880567960782
5.6,60,0,2848.95366564375,53.6372291880488,3,1.01030073031228,0.960300730312282,270.492194379382,259.753851806292
5.61,60,0,2850.16723190479,53.6809879647319,3,1.00996882879179,0.959968828791788,270.453029721687,259.626478185119
5.62,60,0,2851.37806167981,53.724716857896,3,1.00963686588553,0.959636865885532,270.413338056744,259.498608226419
5.63,60,0,2852.58641248838,53.7684157849617,3,1.00930491900368,0.959304919003677,270.373231884101,259.37037131334
5.64,60,0,2853.79249195337,53.8120846855203,3,1.00897305027896,0.958973050278965,270.332801596791,259.241871337733
5.65,60,0,2854.99646759246,53.855723516967,3,1.00864130956641,0.95864130956641,270.292119831046,259.113191720315
5.66,60,0,2856.1984746839,53.8993322509931,3,1.0083097368528,0.958309736852802,270.251244958506,258.984399440328
5.67,60,0,2857.39862258597,53.9429108707695,3,1.00797836419237,0.957978364192371,270.210223890268,258.855548270453
5.68,60,0,2858.59699981483,53.986459368683,3,1.00764721726201,0.957647217262012,270.169094328619,258.726681374
5.69,60,0,2859.79367812509,54.0299777445186,3,1.00731631661099,0.957316316610986,270.127886575447,258.597833390317
5.7,60,0,2860.98871578954,54.073466003999,3,1.00698567866526,0.95698567866526,270.08662498479,258.469032109479
5.71,60,0,2862.18216023533,54.1169241576102,3,1.00665531653475,0.956655316534754,270.045329129679,258.340299817285
5.72,60,0,2863.37405016331,54.1603522196585,3,1.00632524066227,0.956325240662266,270.004014739596,258.211654375622
5.73,60,0,2864.56441725207,54.2037502075121,3,1.00599545934519,0.955995459345186,269.962694453723,258.083110090351
5.74,60,0,2865.7532875281,54.2471181409917,3,1.00566597915499,0.95566597915499,269.921378426271,257.954678408607
5.75,60,0,2866.94068246783,54.2904560418799,3,1.0053368052746,0.9553368052746,269.880074812978,257.8263684791
5.76,60,0,2868.12661988392,54.3337639335281,3,1.0050079417697,0.955007941769701,269.83879016217,257.6981876024
5.77,60,0,2869.31111463837,54.3770418405388,3,1.004679391807,0.954679391807001,269.797529729143,257.57014159285
5.78,60,0,2870.49417921611,54.4202897885111,3,1.00435115782981,0.954351157829809,269.756297728925,257.442235069482
5.79,60,0,2871.67582418661,54.463507803836,3,1.00402324169931,0.954023241699305,269.715097539533,257.314471689909
5.8,60,0,2872.8560585754,54.5066959135308,3,1.00369564480822,0.953695644808223,269.673931865436,257.186854338376
5.81,60,0,2874.034890163,54.5498541451076,3,1.00336836817234,0.953368368172343,269.632802869036,257.059385276987
5.82,60,0,2875.21232572562,54.5929825264654,3,1.00304141250413,0.953041412504126,269.591712276429,256.932066267334
5.83,60,0,2876.38837122892,54.6360810858053,3,1.002714778272,0.952714778272,269.550661462504,256.80489866832
5.84,60,0,2877.56303198405,54.6791498515607,3,1.00238846574808,0.952388465748084,269.509651519402,256.677883514864
5.85,60,0,2878.73631277323,54.7221888523421,3,1.00206247504662,0.952062475046615,269.468683311625,256.551021581218
5.86,60,0,2879.93023726607,54.7651947353237,3,1.002,0.952,269.311078486931,256.384146719558
5.87,60,0,2881.17991700924,54.8081641850781,3,1.002,0.952,269.156032024512,256.236542487335
5.88,60,0,2882.47230891166,54.8511023640873,3,1.002,0.952,269.026603722758,256.113326744066
5.89,60,0,2883.79663642609,54.894013321668,3,1.002,0.952,268.916475869491,256.008485027755
5.9,60,0,2885.1447822883,54.9369001089218,3,1.002,0.952,268.820898495756,255.917495367959
5.91,60,0,2886.51062952066,54.9797650261797,3,1.002,0.952,268.736297798376,255.836955504054
5.92,60,0,2887.88956670435,55.0226098087401,3,1.002,0.952,268.659983301863,255.764304103373
5.93,60,0,2889.27811622457,55.0654357664215,3,1.002,0.952,268.589928499631,255.697611931649
5.94,60,0,2890.67365470798,55.1082438884958,3,1.002,0.952,268.524606321642,255.635425218203
5.95,60,0,2892.07420265548,55.1510349226428,3,1.002,0.952,268.462865595603,255.576648047014
5.96,60,0,2893.47826605847,55.193809434389,3,1.002,0.952,268.40383820906,255.520453975025
5.97,60,0,2894.88471709742,55.2365678518758,3,1.002,0.952,268.346869293828,255.466219567725
5.98,60,0,2896.29270424241,55.2793104995928,3,1.002,0.952,268.291464692685,255.413474387436
5.99,60,0,2897.70158448458,55.3220376238047,3,1.002,0.952,268.237251410356,255.361863342659
6,60,0,2899.11087223336,55.3647494117244,3,1.002,0.952,268.183947826544,255.311118330869
6.01,60,0,2900.52020076909,55.4074460059738,3,1.002,0.952,268.131341252671,255.261036872542
6.02,60,0,2901.92929315786,55.4501275154954,3,1.002,0.952,268.07927101588,255.211466007118
6.03,60,0,2903.33794029974,55.4927940237862,3,1.002,0.952,268.027615704951,255.162290151113
6.04,60,0,2904.74598435651,55.5354455951142,3,1.002,0.952,267.976283551253,255.113421940793
6.05,60,0,2906.15330623739,55.578082279212,3,1.002,0.952,267.925205172073,255.064795323814
6.06,60,0,2907.55981614662,55.6207041148222,3,1.002,0.952,267.874328094631,255.016360346089
6.07,60,0,2908.96544644209,55.6633111323752,3,1.002,0.952,267.82361262276,254.968079216868
6.08,60,0,2910.37014623867,55.7059033560137,3,1.002,0.952,267.773028716227,254.919923337848
6.09,60,0,2911.77387732888,55.7484808051217,3,1.002,0.952,267.72255363403,254.871871059597
6.1,60,0,2913.17661109884,55.7910434954815,3,1.002,0.952,267.672170154203,254.823905986801
6.11,60,0,2914.57832619589,55.833591440148,3,1.002,0.952,267.621865228767,254.776015697787
6.12,60,0,2915.97900676441,55.8761246501102,3,1.002,0.952,267.571628967235,254.728190776808
6.13,60,0,2917.37864111103,55.9186431347916,3,1.002,0.952,267.521453868214,254.68042408254
6.14,60,0,2918.77722069456,55.961146902429,3,1.002,0.952,267.471334238435,254.63271019499
6.15,60,0,2920.17473936139,56.0036359603591,3,1.002,0.952,267.421265753375,254.585044997213
6.16,60,0,2921.57119276662,56.0461103152353,3,1.002,0.952,267.371245124891,254.537425358896
6.17,60,0,2922.9665779357,56.0885699731924,3,1.002,0.952,267.321269849748,254.48984889696
6.18,60,0,2924.36089293237,56.1310149399708,3,1.002,0.952,267.271338019308,254.442313794381
6.19,60,0,2925.75413660712,56.1734452210109,3,1.002,0.952,267.22144817546,254.394818663038
6.2,60,0,2927.14630840654,56.2158608215244,3,1.002,0.952,267.171599201554,254.347362439879
6.21,60,0,2928.53740822881,56.2582617465488,3,1.002,0.952,267.121790239787,254.299944308277
6.22,60,0,2929.92743631421,56.3006480009882,3,1.002,0.952,267.07202062864,254.252563638465
6.23,60,0,2931.31639316197,56.3430195896444,3,1.002,0.952,267.022289855464,254.205219942401
6.24,60,0,2932.70427946737,56.3853765172407,3,1.002,0.952,266.972597520554,254.157912839567
6.25,60,0,2934.0910608268,56.4277187958781,3,1.00199900264448,0.951999002644478,266.923516927502,254.110921897338
6.26,60,0,2935.47358101183,56.470047044469,3,1.00197474599731,0.951974745997314,266.886524400614,254.06923127638
6.27,60,0,2936.85003571198,56.5123614427709,3,1.00195035373864,0.95195035373864,266.846861095216,254.024963813637
6.28,60,0,2938.22158263625,56.5546615578393,3,1.00192586088326,0.951925860883262,266.805158244331,253.978729949829
6.29,60,0,2939.58911011811,56.5969470589928,3,1.00190129427914,0.951901294279137,266.76189966966,253.930997559911
6.3,60,0,2940.95329999233,56.6392176939362,3,1.0018766745153,0.951876674515301,266.717456261981,253.882125301835
6.31,60,0,2942.31467576931,56.6814732704684,3,1.0018520173832,0.951852017383203,266.672112386103,253.832388154553
6.32,60,0,2943.67363954944,56.7237136424659,3,1.00182733499616,0.951827334996164,266.626086102735,253.781996975624
6.33,60,0,2945.03050031376,56.7659386991424,3,1.00180263664708,0.951802636647082,266.579544656474,253.73111348021
6.34,60,0,2946.38549560892,56.8081483568155,3,1.00177792946572,0.951777929465719,266.53261633948,253.679861714671
6.35,60,0,2947.73880817173,56.8503425525964,3,1.00175321892248,0.951753218922481,266.485399580191,253.62833684629
6.36,60,0,2949.09057867644,56.8925212395507,3,1.00172850921462,0.951728509214623,266.437969907212,253.576611897962
6.37,60,0,2950.44091551093,56.9346843829883,3,1.00170380356237,0.951703803562368,266.39038528603,253.524742909159
6.38,60,0,2951.78990227566,56.9768319576164,3,1.00167910443601,0.951679104436014,266.342690209446,253.472772891605
6.39,60,0,2953.13760353697,57.0189639453569,3,1.00165441373013,0.951654413730129,266.294918833364,253.420734861678
6.4,60,0,2954.4840692419,57.0610803336707,3,1.0016297328972,0.951629732897199,266.247097381161,253.368654165489
6.41,60,0,2955.82933810667,57.1031811142717,3,1.00160506305019,0.951605063050185,266.199245987606,253.316550261947
6.42,60,0,2957.1734402179,57.1452662821403,3,1.00158040504124,0.951580405041236,266.151380113232,253.264438090433
6.43,60,0,2958.51639902988,57.1873358347652,3,1.00155575952212,0.951555759522117,266.10351162945,253.212329120064
6.44,60,0,2959.85823289836,57.2293897715619,3,1.00153112699061,0.951531126990606,266.055649651199,253.160232154823
6.45,60,0,2961.19895625878,57.2714280934255,3,1.00150650782612,0.951506507826124,266.007801176018,253.108153951499
6.46,60,0,2962.53858053141,57.3134508023875,3,1.00148190231711,0.95148190231711,265.959971574625,253.056099694029
6.47,60,0,2963.87711481696,57.3554579013518,3,1.00145731068205,0.951457310682045,265.912164967593,253.004073357707
6.48,60,0,2965.21456643111,57.3974493938923,3,1.00143273308561,0.951432733085612,265.864384514623,252.952077988872
6.49,60,0,2966.55094131559,57.4394252840967,3,1.00140816965112,0.951408169651119,265.816632636731,252.900115919736
6.5,60,0,2967.88624435407,57.4813855764469,3,1.00138362047004,0.951383620470042,265.76891118696,252.848188933431
6.51,60,0,2969.22047961525,57.5233302757268,3,1.00135908560937,0.951359085609372,265.721221581549,252.796298390828
6.52,60,0,2970.55365053978,57.5652593869516,3,1.00133456511725,0.951334565117254,265.67356490075,252.744445328006
6.53,60,0,2971.88576008404,57.6071729153129,3,1.00131005902734,0.951310059027339,265.625941966329,252.692630531181
6.54,60,0,2973.21681083086,57.6490708661371,3,1.00128556736211,0.951285567362115,265.578353401154,252.640854594313
6.55,60,0,2974.54680507467,57.690953244853,3,1.00126109013549,0.951261090135486,265.530799675023,252.58911796341
6.56,60,0,2975.8757448871,57.7328200569672,3,1.00123662735475,0.951236627354748,265.48328113991,252.537420970601
6.57,60,0,2977.20363216743,57.7746713080445,3,1.00121217902211,0.951212179022113,265.435798057086,252.485763860355
6.58,60,0,2978.53046868153,57.8165070036936,3,1.00118774513588,0.951187745135881,265.388350617984,252.434146809651
6.59,60,0,2979.85625609177,57.8583271495555,3,1.00116332569134,0.951163325691344,265.34093896026,252.382569943505
6.6,60,0,2981.18099598013,57.9001317512952,3,1.00113892068148,0.951138920681482,265.293563180157,252.331033346919
6.61,60,0,2982.50468986596,57.9419208145942,3,1.0011145300975,0.951114530097499,265.246223342023,252.279537074084
6.62,60,0,2983.82733921971,57.9836943451462,3,1.00109015392924,0.951090153929236,265.198919485642,252.228081155466
6.63,60,0,2985.1489454735,58.0254523486526,3,1.00106579216549,0.951065792165487,265.151651631881,252.176665603262
6.64,60,0,2986.46951002926,58.0671948308195,3,1.00104144479425,0.951041444794251,265.104419787038,252.125290415606
6.65,60,0,2987.78903426501,58.1089217973552,3,1.00101711180291,0.951017111802912,265.057223946195,252.073955579808
6.66,60,0,2989.11045101936,58.1506319811674,3,1.0009786442453,0.950978644245295,264.964325656919,251.975415186585
6.67,60,0,2990.47820790003,58.1923058638326,3,1.00091027443811,0.950910274438109,264.792439966441,251.793851757625
6.68,60,0,2991.89208646302,58.2339428264892,3,1.00084620675826,0.950846206758262,264.655049584824,251.64624999715
6.69,60,0,2993.33818509626,58.2755483365195,3,1.00078518622624,0.950785186226241,264.541994345562,251.522609358507
6.7,60,0,2994.80669790381,58.3171262527536,3,1.00072632760208,0.950726327602083,264.44612289491,251.415891268487
6.71,60,0,2996.29070351488,58.3586793013267,3,1.00066900608236,0.950669006082358,264.36239657674,251.32113679916
6.72,60,0,2997.78531389235,58.4002094100314,3,1.0006127804499,0.950612780449899,264.287262392811,251.234849340722
6.73,60,0,2999.28707537092,58.4417179435522,3,1.00055733898359,0.950557338983588,264.218213259003,251.154561706476
6.74,60,0,3000.79354675782,58.4832058691376,3,1.00050246135524,0.950502461355236,264.15347909078,251.078532051335
6.75,60,0,3002.30300191201,58.5246738733758,3,1.00044799176957,0.950447991769569,264.091809512773,251.005529994207
6.76,60,0,3003.8142199342,58.5661224445634,3,1.00039382001855,0.950393820018551,264.032320860944,250.934686031396
6.77,60,0,3005.32633707474,58.6075519308378,3,1.00033986811114,0.950339868111139,263.974388365769,250.865385424243
6.78,60,0,3006.83874215175,58.6489625812253,3,1.00028608083329,0.950286080833285,263.91757012257,250.797193374821
6.79,60,0,3008.35100266202,58.6903545746406,3,1.00023241908003,0.950232419080032,263.861553446192,250.729802233391
6.8,60,0,3009.86281255502,58.7317280403813,3,1.00017885514375,0.950178855143755,263.806117000435,250.662994231392
6.81,60,0,3011.3739553041,58.7730830726184,3,1.00012536938342,0.950125369383416,263.751104051278,250.596615162004
6.82,60,0,3012.88427778432,58.8144197406456,3,1.00007194786919,0.95007194786919,263.696403568507,250.530555784432
6.83,60,0,3014.39367178791,58.8557380961314,3,1.00001858071623,0.950018580716227,263.641936867431,250.464738680074
6.84,60,0,3015.90206093941,58.8970381782517,3,0.999965260905525,0.949965260905525,263.587648163028,250.399108958665
6.85,60,0,3017.40939143012,58.9383200173244,3,0.999911983449204,0.949911983449204,263.533497888194,250.333627684281
6.86,60,0,3018.9156254546,58.979583637384,3,0.999858744799402,0.949858744799402,263.479457965548,250.268267223582
6.87,60,0,3020.4207365598,59.0208290580051,3,0.999805542429539,0.949805542429539,263.42550846047,250.203007953073
6.88,60,0,3021.92470634827,59.0620562955957,3,0.999752374537583,0.949752374537583,263.371635211053,250.137835927544
6.89,60,0,3023.4275221405,59.1032653643136,3,0.999699239835714,0.949699239835713,263.317828149271,250.072741228554
6.9,60,0,3024.92917531672,59.1444562767166,3,0.999646137401165,0.949646137401165,263.264080111345,250.00771679421
6.91,60,0,3026.42966014039,59.1856290442239,3,0.999593066570426,0.949593066570426,263.210385994502,249.942757589704
6.92,60,0,3027.92897292306,59.2267836774433,3,0.999540026864167,0.949540026864167,263.156742159053,249.877860019194
6.93,60,0,3029.42711143146,59.2679201864037,3,0.999487017933951,0.949487017933951,263.103146004283,249.813021508648
6.94,60,0,3030.92407446631,59.3090385807203,3,0.999434039524397,0.949434039524397,263.049595667528,249.74824020988
6.95,60,0,3032.41986156315,59.3501388697119,3,0.999381091446307,0.949381091446307,262.996089810584,249.683514790484
6.96,60,0,3033.91447277967,59.3912210624839,3,0.999328173557574,0.949328173557574,262.942627468066,249.618844284689
6.97,60,0,3035.40790854453,59.4322851679879,3,0.999275285749603,0.949275285749603,262.889207939693,249.554227987439
6.98,60,0,3036.90016954982,59.473331195064,3,0.999222427937671,0.949222427937671,262.83583071377,249.489665379139
6.99,60,0,3038.39125667459,59.5143591524701,3,0.999169600054059,0.949169600054059,262.782495412802,249.425156072177
7,60,0,3039.8811709304,59.555369048904,3,0.999116802043175,0.949116802043175,262.729201754828,249.360699772899
7.01,60,0,3041.36991342262,59.5963608930181,3,0.999064033858073,0.949064033858073,262.67594952593,249.296296254579
7.02,60,0,3042.85748532278,59.6373346934306,3,0.999011295457987,0.949011295457987,262.622738560665,249.231945338181
7.03,60,0,3044.34388784893,59.6782904587329,3,0.998958586806564,0.948958586806564,262.569568728149,249.167646878673
7.04,60,0,3045.82912225168,59.719228197495,3,0.998905907870612,0.948905907870612,262.516439922147,249.103400755286
7.05,60,0,3047.31318980418,59.7601479182701,3,0.998853258619205,0.948853258619205,262.463352054017,249.039206864574
7.06,60,0,3048.79609179502,59.8010496295964,3,0.998800639023048,0.948800639023048,262.410305047684,248.975065115476
7.07,60,0,3050.27782952317,59.8419333400002,3,0.998748049054016,0.948748049054016,262.357298836059,248.910975425792
7.08,60,0,3051.75840429434,59.8827990579963,3,0.998695488684839,0.948695488684839,262.304333358484,248.846937719678
7.09,60,0,3053.23781741841,59.9236467920898,3,0.998642957888862,0.948642957888862,262.251408558915,248.782951925849
7.1,60,0,3054.7160702076,59.9644765507765,3,0.998590456639886,0.948590456639886,262.198524384621,248.719017976312
7.11,60,0,3056.19316397515,60.0052883425432,3,0.998537984912048,0.948537984912048,262.145680785261,248.655135805448
7.12,60,0,3057.66910003437,60.0460821758688,3,0.998485542679734,0.948485542679734,262.092877712219,248.591305349367
7.13,60,0,3059.14387969799,60.0868580592238,3,0.998433129917525,0.948433129917525,262.040115118136,248.527526545442
7.14,60,0,3060.61750427769,60.1276160010709,3,0.998380746600147,0.948380746600147,261.987392956569,248.463799331977
7.15,60,0,3062.08997508375,60.1683560098653,3,0.998328392702445,0.948328392702445,261.934711181753,248.400123647971
7.16,60,0,3063.5612934248,60.2090780940542,3,0.99827606819936,0.94827606819936,261.882069748429,248.336499432951
7.17,60,0,3065.03146060766,60.2497822620776,3,0.998223773065912,0.948223773065912,261.829468611718,248.272926626846
7.18,60,0,3066.50047793723,60.290468522368,3,0.998171507277188,0.948171507277188,261.776907727035,248.209405169904
7.19,60,0,3067.96834671639,60.3311368833504,3,0.998119270808338,0.948119270808338,261.724387050027,248.145935002631
7.2,60,0,3069.43506824595,60.3717873534425,3,0.998067063634563,0.948067063634563,261.671906536527,248.082516065743
7.21,60,0,3070.9006438246,60.4124199410547,3,0.998014885731116,0.948014885731116,261.619466142517,248.019148300134
7.22,60,0,3072.37234414472,60.4530325864513,3,0.998012207322294,0.948012207322294,261.521569401021,247.925640270252
7.23,60,0,3073.86714604304,60.4936209416259,3,0.998028655268215,0.948028655268215,261.42275171874,247.836259768434
7.24,60,0,3075.37791026455,60.534187769332,3,0.998044593382174,0.948044593382174,261.337729489006,247.759821488825
7.25,60,0,3076.89920645717,60.5747351172041,3,0.99806018235773,0.94806018235773,261.262099264315,247.69219347169
7.26,60,0,3078.42734143526,60.6152643792987,3,0.998075531464772,0.948075531464772,261.192870497427,247.630569511657
7.27,60,0,3079.95980223666,60.6557765056554,3,0.998090715043219,0.948090715043219,261.128010838879,247.573042514047
7.28,60,0,3081.49487823272,60.6962721444777,3,0.998105783692906,0.948105783692906,261.066138319811,247.518315667385
7.29,60,0,3083.03140453013,60.7367517386728,3,0.998120771870449,0.948120771870449,261.006312730434,247.465506689039
7.3,60,0,3084.56858762053,60.7772155914443,3,0.998135703049886,0.948135703049886,260.947894098969,247.414015030913
7.31,60,0,3086.10588684769,60.8176639108834,3,0.998150593230218,0.948150593230218,260.890446617371,247.363431728357
7.32,60,0,3087.64293378157,60.8580968402994,3,0.998165453320552,0.948165453320552,260.833673378176,247.313478159883
7.33,60,0,3089.17947735058,60.8985144788583,3,0.998180290762748,0.948180290762748,260.777372016653,247.263964423096
7.34,60,0,3090.71534648635,60.9389168956345,3,0.998195110635808,0.948195110635808,260.721404546637,247.214761029222
7.35,60,0,3092.25042468052,60.9793041391807,3,0.998209916407846,0.948209916407845,260.665676838755,247.165779645671
7.36,60,0,3093.78463264787,61.0196762440486,3,0.998224710448315,0.948224710448315,260.610124652557,247.11695998857
7.37,60,0,3095.31791650816,61.0600332352343,3,0.998239494377063,0.948239494377063,260.554704125431,247.068260897464
7.38,60,0,3096.85023972687,61.1003751312086,3,0.998254269302287,0.948254269302287,260.4993852936,247.019654255278
7.39,60,0,3098.38157761705,61.1407019459855,3,0.998269035982815,0.948269035982815,260.444147676793,246.971120844838
7.4,60,0,3099.91191358693,61.1810136905328,3,0.998283794938831,0.948283794938831,260.388977268089,246.922647524025
7.41,60,0,3101.44123657798,61.2213103737358,3,0.998298546527437,0.948298546527437,260.33386448093,246.874225299137
7.42,60,0,3102.96953931515,61.2615920030553,3,0.998313290994249,0.948313290994249,260.278802748391,246.82584801037
7.43,60,0,3104.49681711124,61.3018585849771,3,0.998328028508642,0.948328028508642,260.223787567112,246.777511434571
7.44,60,0,3106.02306704965,61.3421101253192,3,0.998342759187828,0.948342759187828,260.168815844485,246.729212672588
7.45,60,0,3107.5482874256,61.3823466294422,3,0.99835748311332,0.94835748311332,260.113885452724,246.680949730772
7.46,60,0,3109.07247736387,61.4225681023928,3,0.998372200342187,0.948372200342186,260.058994924156,246.632721235
7.47,60,0,3110.5956365572,61.4627745490022,3,0.998386910914754,0.948386910914754,260.004143242912,246.584526235182
7.48,60,0,3112.1177650872,61.5029659739534,3,0.998401614859875,0.948401614859875,259.949329702474,246.536364071569
7.49,60,0,3113.63886330175,61.5431423818275,3,0.998416312198537,0.948416312198537,259.894553808233,246.488234283288
7.5,60,0,3115.15893173097,61.5833037771349,3,0.998431002946331,0.948431002946331,259.839815210782,246.440136545751
7.51,60,0,3116.67797102963,61.6234501643375,3,0.998445687115147,0.948445687115147,259.785113660261,246.392070627793
7.52,60,0,3118.19598193769,61.6635815478631,3,0.998460364714335,0.948460364714335,259.730448975085,246.344036362327
7.53,60,0,3119.71296525321,61.7036979321155,3,0.998475035751497,0.948475035751497,259.675821020511,246.296033626228
7.54,60,0,3121.22892181381,61.7437993214821,3,0.998489700233033,0.948489700233033,259.621229693959,246.248062326555
7.55,60,0,3122.74385248385,61.783885720338,3,0.998504358164521,0.948504358164521,259.566674914936,246.200122391091
7.56,60,0,3124.25775814575,61.8239571330497,3,0.998519009550966,0.948519009550966,259.512156618135,246.152213761868
7.57,60,0,3125.77063969396,61.8640135639772,3,0.998533654396981,0.948533654396981,259.457674748686,246.104336390715
7.58,60,0,3127.28249803079,61.9040550174758,3,0.99854829270691,0.94854829270691,259.403229258915,246.056490236203
7.59,60,0,3128.79333406361,61.9440814978966,3,0.998562924484906,0.948562924484906,259.348820106098,246.008675261551
7.6,60,0,3130.30314870291,61.9840930095882,3,0.998577549734992,0.948577549734992,259.294447250937,245.960891433183
7.61,60,0,3131.8119428609,62.024089556896,3,0.998592168461099,0.948592168461099,259.240110656496,245.913138719741
7.62,60,0,3133.31971745066,62.0640711441636,3,0.998606780667095,0.948606780667094,259.185810287481,245.865417091399
7.63,60,0,3134.82647338545,62.1040377757324,3,0.9986213863568,0.9486213863568,259.131546109741,245.817726519403
7.64,60,0,3136.33221157832,62.1439894559423,3,0.998635985534003,0.948635985534003,259.077318089925,245.770066975742
7.65,60,0,3137.83693294175,62.1839261891311,3,0.998650578202468,0.948650578202468,259.023126195243,245.722438432928
7.66,60,0,3139.34063838751,62.2238479796352,3,0.998665164365942,0.948665164365942,258.968970393308,245.674840863846
7.67,60,0,3140.84332882647,62.2637548317896,3,0.998679744028155,0.948679744028155,258.91485065202,245.627274241646
7.68,60,0,3142.34500516853,62.3036467499274,3,0.998694317192831,0.948694317192831,258.860766939491,245.579738539673
7.69,60,0,3143.84566832255,62.3435237383806,3,0.998708883863681,0.948708883863681,258.806719223992,245.532233731414
7.7,60,0,3145.34531919629,62.3833858014795,3,0.99872344404441,0.94872344404441,258.752707473913,245.484759790467
7.71,60,0,3146.8439586964,62.4232329435531,3,0.998737997738717,0.948737997738717,258.698731657743,245.437316690513
7.72,60,0,3148.34158772838,62.4630651689287,3,0.998752544950294,0.948752544950294,258.644791744048,245.389904405304
7.73,60,0,3149.83820719659,62.5028824819325,3,0.998767085682829,0.948767085682829,258.590887701461,245.342522908651
7.74,60,0,3151.33381800422,62.5426848868892,3,0.998781619940002,0.948781619940002,258.537019498674,245.295172174412
7.75,60,0,3152.8284210533,62.5824723881218,3,0.998796147725493,0.948796147725493,258.483187104429,245.24785217649
7.76,60,0,3154.32201724467,62.6222449899524,3,0.998810669042972,0.948810669042972,258.429390487519,245.200562888831
7.77,60,0,3155.81460747804,62.6620026967012,3,0.998825183896108,0.948825183896108,258.375629616781,245.153304285415
7.78,60,0,3157.3061926519,62.7017455126873,3,0.998839692288564,0.948839692288564,258.321904461097,245.106076340263
7.79,60,0,3158.7967736636,62.7414734422283,3,0.998854194223999,0.948854194223999,258.268214989388,245.058879027426
7.8,60,0,3160.28635140932,62.7811864896404,3,0.998868689706067,0.948868689706067,258.214561170618,245.011712320992
7.81,60,0,3161.77492678406,62.8208846592384,3,0.998883178738418,0.948883178738418,258.160942973794,244.964576195081
7.82,60,0,3163.26250068167,62.8605679553359,3,0.998897661324698,0.948897661324698,258.107360367959,244.917470623847
7.83,60,0,3164.7490739948,62.9002363822447,3,0.998912137468548,0.948912137468548,258.053813322198,244.870395581476
7.84,60,0,3166.23464761499,62.9398899442758,3,0.998926607173605,0.948926607173605,258.000301805634,244.823351042186
7.85,60,0,3167.71922243257,62.9795286457383,3,0.998941070443501,0.948941070443501,257.946825787429,244.776336980226
7.86,60,0,3169.20279933673,63.0191524909401,3,0.998955527281866,0.948955527281866,257.893385236786,244.729353369879
7.87,60,0,3170.68537921552,63.0587614841879,3,0.998969977692322,0.948969977692322,257.839980122944,244.682400185459
7.88,60,0,3172.16696295581,63.0983556297868,3,0.998984421678491,0.948984421678491,257.786610415183,244.635477401311
7.89,60,0,3173.64755144333,63.1379349320407,3,0.998998859243986,0.948998859243986,257.733276082821,244.588584991813
7.9,60,0,3175.13557191208,63.1774960196364,3,0.999013046700742,0.949013046700742,257.642091942696,244.505706632891
7.91,60,0,3176.63798527394,63.2170360141516,3,0.999026782926946,0.949026782926946,257.560205272178,244.431533019459
7.92,60,0,3178.14977509217,63.2565568123803,3,0.999040213196353,0.949040213196353,257.487196761303,244.365704109678
7.93,60,0,3179.66749062536,63.2960597228022,3,0.999053437418765,0.949053437418765,257.420121380606,244.30545105702
7.94,60,0,3181.18883005896,63.3355456198341,3,0.999066522228093,0.949066522228093,257.357017021686,244.248929115767
7.95,60,0,3182.71225729701,63.3750150886173,3,0.999079512086985,0.949079512086985,257.296575666367,244.194908495088
7.96,60,0,3184.2367468517,63.4144685214014,3,0.999092436677819,0.949092436677819,257.23792487303,244.14256892369
7.97,60,0,3185.76161389961,63.4539061817483,3,0.999105315825002,0.949105315825001,257.18048243923,244.091363009511
7.98,60,0,3187.28640100744,63.4933282473247,3,0.999118162774935,0.949118162774935,257.12385966359,244.040925289507
7.99,60,0,3188.81080259112,63.5327348384391,3,0.999130986382709,0.949130986382709,257.067796915271,243.991011653422
8,60,0,3190.3346145144,63.5721260370803,3,0.999143792570618,0.949143792570618,257.01212069734,243.941458975291
8.01,60,0,3191.85770044541,63.6115018996266,3,0.999156585301416,0.949156585301416,256.95671501919,243.892158197884
8.02,60,0,3193.37996938932,63.6508624653315,3,0.999169367228051,0.949169367228051,256.901502300327,243.843036378337
8.03,60,0,3194.9013606782,63.6902077619935,3,0.999182140127601,0.949182140127601,256.846430626346,243.794044706051
8.04,60,0,3196.42183393855,63.7295378097454,3,0.999194905191208,0.949194905191208,256.791465240394,243.745150502767
8.05,60,0,3197.94136238319,63.7688526235874,3,0.999207663217875,0.949207663217875,256.736582860025,243.696331879107
8.06,60,0,3199.45992832401,63.8081522150825,3,0.999220414744062,0.949220414744062,256.681767879647,243.647574163958
8.07,60,0,3200.98108293929,63.8474366966099,3,0.999233059844398,0.949233059844398,256.629926365412,243.601610251482
8.08,60,0,3202.51516390475,63.8867075200718,3,0.999245309379231,0.949245309379231,256.589464865767,243.566345959956
8.09,60,0,3204.05861768231,63.925966494628,3,0.999257266424717,0.949257266424717,256.557383177164,243.538960235833
8.1,60,0,3205.60824692799,63.9652148651476,3,0.999269023091457,0.949269023091457,256.53100328022,243.516934876486
8.11,60,0,3207.16187643651,64.0044534780469,3,0.999280642027227,0.949280642027227,256.508505263906,243.498558562365
8.12,60,0,3208.71802579759,64.0436829088964,3,0.999292165858295,0.949292165858295,256.488651740407,243.482667728725
8.13,60,0,3210.27568710972,64.0829035490738,3,0.999303623599157,0.949303623599157,256.470601012153,243.468470887491
8.14,60,0,3211.83417394763,64.1221156646405,3,0.999315035006434,0.949315035006434,256.453780304167,243.455429426982
8.15,60,0,3213.39301869204,64.1613194363649,3,0.999326413537708,0.949326413537708,256.437799693999,243.443176679005
8.16,60,0,3214.95190270489,64.2005149869414,3,0.999337768363138,0.949337768363138,256.422393641101,243.431462937577
8.17,60,0,3216.51060882306,64.2397023995094,3,0.999349105733638,0.949349105733638,256.407381246306,243.420118089685
8.18,60,0,3218.06898902453,64.2788817302582,3,0.999360429911762,0.949360429911762,256.392639229837,243.409026205449
8.19,60,0,3219.62694241336,64.3180530170081,3,0.999371743805294,0.949371743805294,256.378083550073,243.398108253392
8.2,60,0,3221.18440022504,64.3572162850565,3,0.999383049398643,0.949383049398643,256.363656895359,243.387310338303
8.21,60,0,3222.74131561011,64.3963715511596,3,0.999394348046654,0.949394348046654,256.34932016927,243.376595694307
8.22,60,0,3224.29765667102,64.4355188262474,3,0.999405640674797,0.949405640674797,256.335046692355,243.365939232359
8.23,60,0,3225.85340171464,64.474658117274,3,0.999416927915602,0.949416927915602,256.320818252365,243.355323825974
8.24,60,0,3227.40853601446,64.5137894284799,3,0.999428210201676,0.949428210201676,256.306622412764,243.344737780188
8.25,60,0,3228.96304960164,64.5529127622529,3,0.999439487829142,0.949439487829142,256.292450678073,243.334173106265
8.26,60,0,3230.51693575742,64.5920281197161,3,0.999450761000915,0.949450761000915,256.278297242862,243.323624345254
8.27,60,0,3232.07018998399,64.6311355011288,3,0.999462029856239,0.949462029856239,256.26415813844,243.313087765523
8.28,60,0,3233.62280930167,64.6702349061605,3,0.999473294490846,0.949473294490846,256.250030650625,243.302560815229
8.29,60,0,3235.1747917688,64.7093263340781,3,0.999484554970727,0.949484554970727,256.235912922352,243.292041748598
8.3,60,0,3236.72613615367,64.748409783874,3,0.999495811341534,0.949495811341533,256.221803682352,243.281529370766
8.31,60,0,3238.27684171025,64.787485254353,3,0.999507063635007,0.949507063635007,256.207702059841,243.271022863512
8.32,60,0,3239.82690802486,64.8265527441927,3,0.999518311873369,0.949518311873369,256.19360745792,243.260521666193
8.33,60,0,3241.3763349113,64.8656122519839,3,0.999529556072327,0.949529556072326,256.179519467058,243.250025394377
8.34,60,0,3242.92512233905,64.9046637762586,3,0.999540796243125,0.949540796243124,256.165437805941,243.239533784222
8.35,60,0,3244.4732703842,64.9437073155096,3,0.999552032393953,0.949552032393953,256.151362281023,243.229046654425
8.36,60,0,3246.02077919579,64.9827428682032,3,0.999563264530907,0.949563264530907,256.13729275886,243.218563880212
8.37,60,0,3247.56764897278,65.0217704327881,3,0.999574492658648,0.949574492658648,256.123229147177,243.208085375525
8.38,60,0,3249.11387994832,65.0607900077019,3,0.999585716780851,0.949585716780851,256.109171381902,243.197611080833
8.39,60,0,3250.65947237888,65.0998015913751,3,0.999596936900518,0.949596936900518,256.095119418301,243.187140954791
8.4,60,0,3252.20442653687,65.1388051822341,3,0.999608153020185,0.949608153020185,256.081073224894,243.176674968518
8.41,60,0,3253.74874270555,65.1778007787029,3,0.999619365142071,0.949619365142071,256.067032779293,243.166213101686
8.42,60,0,3255.29242117555,65.2167883792049,3,0.999630573268175,0.949630573268175,256.052998065349,243.155755339832
8.43,60,0,3256.83546224249,65.2557679821635,3,0.999641777400345,0.949641777400345,256.038969071193,243.14530167252
8.44,60,0,3258.3778662053,65.2947395860028,3,0.999652977540327,0.949652977540327,256.024945787895,243.134852092076
8.45,60,0,3259.91963336513,65.3337031891482,3,0.999664173689792,0.949664173689792,256.010928208547,243.124406592726
8.46,60,0,3261.46076402456,65.3726587900264,3,0.999675365850364,0.949675365850364,255.996916327624,243.113965170002
8.47,60,0,3263.00125848709,65.4116063870661,3,0.999686554023631,0.949686554023631,255.982910140559,243.103527820328
8.48,60,0,3264.54111705673,65.4505459786974,3,0.999697738211157,0.949697738211157,255.968909643439,243.09309454075
8.49,60,0,3266.08034003779,65.4894775633527,3,0.999708918414489,0.949708918414488,255.954914832802,243.082665328733
8.5,60,0,3267.6189277347,65.5284011394663,3,0.999720094635161,0.94972009463516,255.940925705499,243.072240182037
8.51,60,0,3269.15688045189,65.5673167054743,3,0.999731266874699,0.949731266874699,255.926942258595,243.061819098624
8.52,60,0,3270.69419849368,65.6062242598153,3,0.999742435134624,0.949742435134624,255.912964489302,243.05140207659
8.53,60,0,3272.23088216427,65.6451238009297,3,0.99975359941645,0.94975359941645,255.898992394936,243.040989114134
8.54,60,0,3273.76693176768,65.6840153272601,3,0.999764759721688,0.949764759721688,255.885025972884,243.030580209514
8.55,60,0,3275.30234760772,65.7228988372512,3,0.999775916051846,0.949775916051846,255.871065220582,243.02017536104
8.56,60,0,3276.83712998797,65.7617743293497,3,0.99978706840843,0.94978706840843,255.857110135501,243.00977456705
8.57,60,0,3278.37127921179,65.8006418020049,3,0.999798216792943,0.949798216792943,255.843160715135,242.999377825905
8.58,60,0,3279.90479558229,65.8395012536676,3,0.999809361206886,0.949809361206886,255.829216956998,242.988985135984
8.59,60,0,3281.43767940231,65.8783526827913,3,0.999820501651761,0.949820501651761,255.815278858615,242.978596495675
8.6,60,0,3282.96993097447,65.9171960878312,3,0.999831638129065,0.949831638129065,255.80134641752,242.968211903374
8.61,60,0,3284.50155060111,65.9560314672449,3,0.999842770640296,0.949842770640296,255.787419631255,242.957831357483
8.62,60,0,3286.03253858433,65.9948588194922,3,0.999853899186949,0.949853899186949,255.773498497365,242.947454856409
8.63,60,0,3287.56289522595,66.0336781430348,3,0.999865023770519,0.949865023770519,255.759583013401,242.937082398562
8.64,60,0,3289.09262082754,66.0724894363368,3,0.999876144392497,0.949876144392497,255.745673176917,242.926713982353
8.65,60,0,3290.62171569044,66.1112926978641,3,0.999887261054377,0.949887261054377,255.73176898547,242.916349606199
8.66,60,0,3292.15018011568,66.1500879260852,3,0.999898373757648,0.949898373757648,255.71787043662,242.905989268514
8.67,60,0,3293.67801440406,66.1888751194704,3,0.9999094825038,0.9499094825038,255.703977527927,242.895632967716
8.68,60,0,3295.20521885613,66.2276542764923,3,0.999920587294321,0.94992058729432,255.690090256956,242.885280702225
8.69,60,0,3296.73179377216,66.2664253956255,3,0.999931688130696,0.949931688130696,255.676208621271,242.87493247046
8.7,60,0,3298.25773945216,66.305188475347,3,0.999942785014411,0.949942785014411,255.662332618441,242.864588270843
8.71,60,0,3299.78305619592,66.3439435141356,3,0.99995387794695,0.94995387794695,255.648462246035,242.854248101795
8.72,60,0,3301.30774430292,66.3826905104727,3,0.999964966929797,0.949964966929797,255.634597501623,242.843911961741
8.73,60,0,3302.83180407241,66.4214294628413,3,0.999976051964432,0.949976051964432,255.620738382778,242.833579849104
8.74,60,0,3304.35523580339,66.460160369727,3,0.999987133052336,0.949987133052336,255.606884887075,242.823251762311
8.75,60,0,3305.87803979459,66.4988832296173,3,0.999998210194987,0.949998210194987,255.593037012091,242.812927699788
8.76,60,0,3307.4002163445,66.537598041002,3,1.00000928339386,0.950009283393865,255.579194755402,242.80260765996
8.77,60,0,3308.92176575132,66.5763048023728,3,1.00002035265044,0.950020352650444,255.565358114589,242.792291641259
8.78,60,0,3310.44268831303,66.6150035122239,3,1.0000314179662,0.950031417966201,255.551527087231,242.781979642111
8.79,60,0,3311.96298432735,66.6536941690514,3,1.00004247934261,0.95004247934261,255.537701670913,242.771671660947
8.8,60,0,3313.48265409172,66.6923767713535,3,1.00005353678114,0.950053536781143,255.52388186322,242.761367696199
8.81,60,0,3315.00169790336,66.7310513176306,3,1.00006459028327,0.950064590283272,255.510067661736,242.751067746299
8.82,60,0,3316.52011605922,66.7697178063855,3,1.00007563985047,0.950075639850468,255.49625906405,242.740771809679
8.83,60,0,3318.03790885599,66.8083762361228,3,1.0000866854842,0.9500866854842,255.482456067752,242.730479884773
8.84,60,0,3319.55507659011,66.8470266053494,3,1.00009772718593,0.950097727185935,255.468658670432,242.720191970017
8.85,60,0,3321.07161955778,66.8856689125742,3,1.00010876495714,0.95010876495714,255.454866869684,242.709908063846
8.86,60,0,3322.58753805495,66.9243031563086,3,1.00011979879928,0.950119798799282,255.441080663101,242.699628164696
8.87,60,0,3324.10283237729,66.9629293350657,3,1.00013082871382,0.950130828713823,255.42730004828,242.689352271007
8.88,60,0,3325.61750282024,67.001547447361,3,1.00014185470223,0.950141854702228,255.413525022819,242.679080381215
8.89,60,0,3327.13154967899,67.0401574917122,3,1.00015287676596,0.950152876765958,255.399755584316,242.668812493761
8.9,60,0,3328.64497324848,67.0787594666389,3,1.00016389490647,0.950163894906474,255.385991730374,242.658548607085
8.91,60,0,3330.1577738234,67.1173533706631,3,1.00017490912524,0.950174909125236,255.372233458594,242.648288719628
8.92,60,0,3331.66995169817,67.1559392023087,3,1.0001859194237,0.950185919423701,255.358480766581,242.638032829834
8.93,60,0,3333.18150716698,67.194516960102,3,1.00019692580333,0.950196925803326,255.344733651941,242.627780936144
8.94,60,0,3334.69244052378,67.2330866425712,3,1.00020792826557,0.950207928265568,255.330992112281,242.617533037003
8.95,60,0,3336.20275206225,67.2716482482468,3,1.00021892681188,0.950218926811881,255.317256145211,242.607289130856
8.96,60,0,3337.71244207584,67.3102017756614,3,1.00022992144372,0.950229921443719,255.30352574834,242.59704921615
8.97,60,0,3339.22151085773,67.3487472233498,3,1.00024091216253,0.950240912162533,255.289800919282,242.58681329133
8.98,60,0,3340.72995870087,67.3872845898488,3,1.00025189896978,0.950251898969776,255.276081655651,242.576581354846
8.99,60,0,3342.23778589797,67.4258138736975,3,1.0002628818669,0.950262881866896,255.262367955062,242.566353405145
9,60,0,3343.74499274147,67.4643350734371,3,1.00027386085534,0.950273860855343,255.248659815133,242.556129440678
9.01,60,0,3345.25157952359,67.5028481876108,3,1.00028483593656,0.950284835936564,255.234957233481,242.545909459894
9.02,60,0,3346.75754653627,67.5413532147641,3,1.000295807112,0.950295807112005,255.221260207729,242.535693461246
9.03,60,0,3348.26289407125,67.5798501534446,3,1.00030677438311,0.950306774383112,255.207568735497,242.525481443186
9.04,60,0,3349.76762241999,67.6183390022021,3,1.00031773775133,0.950317737751328,255.19388281441,242.515273404167
9.05,60,0,3351.27173187371,67.6568197595885,3,1.0003286972181,0.950328697218096,255.180202442093,242.505069342644
9.06,60,0,3352.77522272339,67.6952924241578,3,1.00033965278486,0.950339652784859,255.166527616172,242.494869257071
9.07,60,0,3354.27809525978,67.7337569944661,3,1.00035060445306,0.950350604453055,255.152858334277,242.484673145905
9.08,60,0,3355.78034977337,67.7722134690717,3,1.00036155222413,0.950361552224126,255.139194594036,242.474481007601
9.09,60,0,3357.28198655441,67.8106618465352,3,1.00037249609951,0.950372496099508,255.125536393083,242.46429284062
9.1,60,0,3358.78300589291,67.8491021254192,3,1.00038343608064,0.950383436080638,255.11188372905,242.454108643419
9.11,60,0,3360.28340807863,67.8875343042883,3,1.00039437216895,0.950394372168954,255.098236599572,242.443928414457
9.12,60,0,3361.7831934011,67.9259583817094,3,1.00040530436589,0.950405304365888,255.084595002285,242.433752152196
9.13,60,0,3363.2823621496,67.9643743562516,3,1.00041623267287,0.950416232672874,255.070958934828,242.423579855097
9.14,60,0,3364.78091461317,68.0027822264861,3,1.00042715709135,0.950427157091346,255.05732839484,242.413411521622
9.15,60,0,3366.27885108062,68.041181990986,3,1.00043807762273,0.950438077622733,255.043703379963,242.403247150234
9.16,60,0,3367.77617184049,68.079573648327,3,1.00044899426847,0.950448994268467,255.030083887838,242.393086739398
9.17,60,0,3369.27287718112,68.1179571970866,3,1.00045990702998,0.950459907029975,255.016469916111,242.38293028758
9.18,60,0,3370.76896739059,68.1563326358444,3,1.00047081590869,0.950470815908686,255.002861462428,242.372777793244
9.19,60,0,3372.26444275673,68.1946999631825,3,1.00048172090603,0.950481720906025,254.989258524436,242.362629254857
9.2,60,0,3373.75930356714,68.2330591776847,3,1.00049262202342,0.95049262202342,254.975661099784,242.352484670888
9.21,60,0,3375.25355010919,68.2714102779373,3,1.00050351926229,0.950503519262292,254.962069186122,242.342344039805
9.22,60,0,3376.74718267001,68.3097532625285,3,1.00051441262407,0.950514412624067,254.948482781103,242.332207360077
9.23,60,0,3378.24020153648,68.3480881300488,3,1.00052530211016,0.950525302110165,254.934901882381,242.322074630176
9.24,60,0,3379.73260699525,68.3864148790907,3,1.00053618772201,0.950536187722008,254.921326487611,242.311945848571
9.25,60,0,3381.22439933274,68.424733508249,3,1.00054706946101,0.950547069461015,254.907756594451,242.301821013737
9.26,60,0,3382.71557883512,68.4630440161205,3,1.0005579473286,0.950557947328605,254.894192200557,242.291700124144
9.27,60,0,3384.20614578832,68.5013464013042,3,1.0005688213262,0.950568821326195,254.880633303591,242.281583178268
9.28,60,0,3385.69610047806,68.5396406624013,3,1.0005796914552,0.950579691455202,254.867079901214,242.271470174584
9.29,60,0,3387.18544318981,68.5779267980149,3,1.00059055771704,0.95059055771704,254.853531991089,242.261361111567
9.3,60,0,3388.67417420878,68.6162048067506,3,1.00060142011312,0.950601420113125,254.839989570881,242.251255987694
9.31,60,0,3390.16229381999,68.6544746872159,3,1.00061227864487,0.950612278644868,254.826452638257,242.241154801442
9.32,60,0,3391.6498023082,68.6927364380204,3,1.00062313331368,0.950623133313682,254.812921190882,242.231057551289
9.33,60,0,3393.13669995793,68.7309900577761,3,1.00063398412098,0.950633984120977,254.799395226429,242.220964235716
9.34,60,0,3394.62298705347,68.7692355450968,3,1.00064483106816,0.950644831068163,254.785874742567,242.210874853201
9.35,60,0,3396.10866387891,68.8074728985986,3,1.00065567415665,0.950655674156648,254.772359736968,242.200789402227
9.36,60,0,3397.59373071805,68.8457021168999,3,1.00066651338784,0.950666513387839,254.758850207307,242.190707881275
9.37,60,0,3399.07818785449,68.883923198621,3,1.00067734876314,0.950677348763144,254.745346151258,242.180630288827
9.38,60,0,3400.56203557161,68.9221361423845,3,1.00068818028397,0.950688180283967,254.731847566499,242.170556623368
9.39,60,0,3402.04527415252,68.9603409468149,3,1.00069900795171,0.950699007951712,254.718354450709,242.160486883382
9.4,60,0,3403.52790388014,68.9985376105391,3,1.00070983176778,0.950709831767781,254.704866801568,242.150421067354
9.41,60,0,3405.00992503713,69.036726132186,3,1.00072065173358,0.950720651733578,254.691384616757,242.140359173771
9.42,60,0,3406.49133790592,69.0749065103868,3,1.0007314678505,0.950731467850502,254.67790789396,242.130301201119
9.43,60,0,3407.97214276873,69.1130787437745,3,1.00074228011995,0.950742280119953,254.664436630861,242.120247147888
9.44,60,0,3409.45233990752,69.1512428309846,3,1.00075308854333,0.95075308854333,254.650970825146,242.110197012564
9.45,60,0,3410.93192960406,69.1893987706546,3,1.00076389312203,0.950763893122029,254.637510474502,242.100150793639
9.46,60,0,3412.41091213984,69.227546561424,3,1.00077469385745,0.950774693857448,254.624055576621,242.090108489604
9.47,60,0,3413.88928779617,69.2656862019347,3,1.00078549075098,0.950785490750982,254.610606129191,242.080070098948
9.48,60,0,3415.36705685411,69.3038176908305,3,1.00079628380402,0.950796283804024,254.597162129906,242.070035620165
9.49,60,0,3416.84421959447,69.3419410267575,3,1.00080707301797,0.950807073017969,254.583723576458,242.060005051748
9.5,60,0,3418.32077629787,69.3800562083638,3,1.00081785839421,0.950817858394207,254.570290466544,242.04997839219
9.51,60,0,3419.79672724468,69.4181632342997,3,1.00082863993413,0.950828639934129,254.55686279786,242.039955639988
9.52,60,0,3421.27207271504,69.4562621032178,3,1.00083941763913,0.950839417639127,254.543440568104,242.029936793636
9.53,60,0,3422.74681298888,69.4943528137725,3,1.00085019151059,0.950850191510587,254.530023774977,242.019921851631
9.54,60,0,3424.22094834589,69.5324353646205,3,1.0008609615499,0.950860961549899,254.516612416179,242.009910812471
9.55,60,0,3425.69447906555,69.5705097544208,3,1.00087172775845,0.950871727758448,254.503206489413,241.999903674654
9.56,60,0,3427.16740542707,69.6085759818343,3,1.00088249013762,0.95088249013762,254.489805992385,241.989900436678
9.57,60,0,3428.6397277095,69.6466340455242,3,1.0008932486888,0.950893248688799,254.476410922798,241.979901097046
9.58,60,0,3430.11144619161,69.6846839441556,3,1.00090400341337,0.950904003413369,254.463021278362,241.969905654256
9.59,60,0,3431.58256115196,69.722725676396,3,1.00091475431271,0.950914754312712,254.449637056784,241.959914106811
9.6,60,0,3433.05307286891,69.7607592409149,3,1.00092550138821,0.95092550138821,254.436258255775,241.949926453213
9.61,60,0,3434.52298162057,69.7987846363839,3,1.00093624464124,0.950936244641241,254.422884873047,241.939942691966
9.62,60,0,3435.99228768482,69.8368018614769,3,1.00094698407319,0.950946984073187,254.409516906312,241.929962821574
9.63,60,0,3437.46099133934,69.8748109148698,3,1.00095771968542,0.950957719685424,254.396154353287,241.919986840543
9.64,60,0,3438.92909286157,69.9128117952406,3,1.00096845147933,0.95096845147933,254.382797211686,241.910014747377
9.65,60,0,3440.39659252873,69.9508045012696,3,1.00097917945628,0.95097917945628,254.369445479228,241.900046540585
9.66,60,0,3441.86349061783,69.988789031639,3,1.00098990361765,0.95098990361765,254.356099153632,241.890082218674
9.67,60,0,3443.33024234996,70.0267652016202,3,1.00100030578421,0.951000305784208,254.335595405377,241.873229002322
9.68,60,0,3444.82403722176,70.0647219998442,3,1.0010052813192,0.951005281319198,254.220948661217,241.765464798794
9.69,60,0,3446.35353711784,70.102655764735,3,1.00100976074678,0.95100976074678,254.145117191147,241.694487094915
9.7,60,0,3447.90467328493,70.1405720368277,3,1.0010139359762,0.951013935976197,254.093024308068,241.646007151311
9.71,60,0,3449.46883854218,70.1784742053944,3,1.00101792438621,0.951017924386206,254.055463510423,241.611299586657
9.72,60,0,3451.04076280262,70.2163643452723,3,1.00102179782538,0.951021797825377,254.026806091146,241.58502982464
9.73,60,0,3452.61721713874,70.2542437273224,3,1.00102560030084,0.951025600300841,254.003607635359,241.563933429997
9.74,60,0,3454.19622212449,70.2921131302536,3,1.00102935878181,0.951029358781814,253.983758865112,241.546011334483
9.75,60,0,3455.77656372364,70.3299730313069,3,1.00103308980436,0.951033089804358,253.965967330105,241.530038615102
9.76,60,0,3457.35749700977,70.3678237229548,4,1.37282560468764,1.32282560468764,552.837025840631,731.306973001347
9.77,60,0,3335.30347921817,70.4482699608605,4,1.33632388683139,1.28632388683139,502.187573622366,645.975871620347
9.78,60,0,3234.21650991924,70.5189831883627,4,1.30394686568952,1.25394686568952,462.288887056848,579.685700968032
9.79,60,0,3149.97938412751,70.5820741563128,4,1.27531655961935,1.22531655961935,430.445742066607,527.432295771852
9.8,60,0,3079.95513039379,70.6391400533833,4,1.2501811530753,1.2001811530753,404.616301553793,485.612859351895
9.81,60,0,3021.98490630562,70.6912201108695,4,1.22805775505671,1.17805775505671,382.428072803688,450.522356917777
9.82,60,0,2973.96968959668,70.7392440275128,4,1.20900096862656,1.15900096862656,364.598364621359,422.569857755813
9.83,60,0,2934.01309110397,70.7840180948999,4,1.1925877492111,1.1425877492111,350.131690161894,400.056179789557
9.84,60,0,2900.63574885162,70.8261615234718,4,1.17845139394866,1.12845139394866,338.298417808851,381.753321147022
9.85,60,0,2872.66815445149,70.8661569794307,4,1.16627441067812,1.11627441067812,328.553277687828,366.755616427346
9.86,60,0,2849.1752196691,70.9043855433722,4,1.15578225909642,1.10578225909642,320.481781740703,354.383068612479
9.87,60,0,2829.40202977043,70.9411514299493,4,1.14673783612193,1.09673783612193,313.764111066015,344.116972223261
9.88,60,0,2812.73407765439,70.9766998153264,4,1.13893661374161,1.08893661374161,308.150229246105,335.556067158956
9.89,60,0,2798.66760787847,71.0112299246602,4,1.13220235716667,1.08220235716667,303.442384494121,328.386063763813
9.9,60,0,2786.7871560421,71.0449047958036,4,1.12638336209053,1.07638336209053,299.482580515918,322.358066903271
9.91,60,0,2776.74829968757,71.0778586706053,4,1.12134915659317,1.07134915659317,296.143454329745,317.273040026759
9.92,60,0,2768.26424483496,71.1102026650759,4,1.11698761804023,1.06698761804023,293.321532106726,312.970442862467
9.93,60,0,2761.09527737527,71.1420291720071,4,1.11320245931228,1.06320245931228,290.932172246893,309.319801025959
9.94,60,0,2755.04038342641,71.1734153170222,4,1.10991104238119,1.05991104238119,288.905723866214,306.214366932931
9.95,60,0,2749.93053240287,71.2044256985759,4,1.10704248082222,1.05704248082222,287.184573271611,303.566293784895
9.96,60,0,2745.62324942065,71.2351145797571,4,1.10453599635231,1.05453599635231,285.720847841412,301.302918957072
9.97,60,0,2741.9981980922,71.2655276557122,4,1.10233949789431,1.05233949789431,284.474612682381,299.363871073854
9.98,60,0,2738.95356278798,71.2957034891455,4,1.10040835493832,1.05040835493832,283.412440997794,297.698795917546
9.99,60,0,2736.40306906006,71.3256746837348,4,1.09870434006303,1.04870434006303,282.506270998439,296.265552491086
10,60,0,2734.2735175539,71.3554688487954,4,1.09719471835896,1.04719471835896,281.732484797927,295.028770070534
10.01,60,0,2732.50319719508,71.3851092513243,4,1.09584980350519,1.04584980350519,281.061910555309,293.948543927063
10.02,60,0,2731.05878338088,71.4146097370691,4,1.09464343987018,1.04464343987018,280.427304992912,292.946544521319
10.03,60,0,2729.90201935785,71.4439853592472,4,1.09357318461739,1.04357318461739,279.891103419387,292.086850141446
10.04,60,0,2728.98734829662,71.4732529826794,4,1.09261782242139,1.04261782242139,279.437526388162,291.346545265646
10.05,60,0,2728.27649605198,71.5024267629252,4,1.09175945295292,1.04175945295292,279.053377116378,290.706493489422
10.06,60,0,2727.73728574993,71.5315185913482,4,1.09098297272381,1.04098297272381,278.727604077457,290.150689872737
10.07,60,0,2727.3426513093,71.5605384643919,4,1.09027563792844,1.04027563792844,278.450941799104,289.665731111838
10.08,60,0,2727.06981483076,71.5894947907236,4,1.08962669562381,1.03962669562381,278.215614748086,289.240380231499
10.09,60,0,2726.89959943294,71.6183946472326,4,1.08902707256767,1.03902707256767,278.015092407899,288.865207594209
10.1,60,0,2726.8158543778,71.6472439927827,4,1.08846911270206,1.03846911270206,277.843886116074,288.532293884652
10.11,60,0,2726.80497352518,71.6760478469633,4,1.08794635567779,1.03794635567779,277.697380123666,288.234983680629
10.12,60,0,2726.85549152845,71.7048104397645,4,1.08745335000332,1.03745335000332,277.571690813576,287.96768050063
10.13,60,0,2726.95774490895,71.7335353370451,4,1.0869854954046,1.0369854954046,277.463549170422,287.72567599321
10.14,60,0,2727.10358736211,71.7622255458085,4,1.0865389098282,1.0365389098282,277.37020250876,287.505007327258
10.15,60,0,2727.28615045799,71.7908836026072,4,1.08611031723445,1.03611031723445,277.289332194513,287.302337945785
10.16,60,0,2727.49964238372,71.8195116478297,4,1.08569695292962,1.03569695292962,277.21898467847,287.114857725735
10.17,60,0,2727.73917859818,71.848111488163,4,1.08529648369467,1.03529648369467,277.157513631961,286.940199292726
10.18,60,0,2728.00063927974,71.8766846491362,4,1.08490694039673,1.03490694039673,277.103531357319,286.776367810131
10.19,60,0,2728.28054928572,71.9052324193417,4,1.08452666113174,1.03452666113174,277.055867957731,286.621682025267
10.2,60,0,2728.57597703776,71.9337558876641,4,1.08415424325154,1.03415424325154,277.013537006719,286.474724733615
10.21,60,0,2728.88444932726,71.9622559746329,4,1.08378850288642,1.03378850288642,276.975706667776,286.334301131988
10.22,60,0,2729.20387951825,71.9907334588333,4,1.08342844079144,1.03342844079144,276.94167538826,286.199403786659
10.23,60,0,2729.5325070293,72.0191889991595,4,1.08307321352787,1.03307321352787,276.910851435393,286.069183153098
10.24,60,0,2729.86884631404,72.047623153568,4,1.08272210914597,1.03272210914597,276.882735661498,285.942922758448
10.25,60,0,2730.21164384328,72.076036394885,4,1.08237452666557,1.03237452666557,276.856906984927,285.820018302656
10.26,60,0,2730.55984182934,72.1044291241316,4,1.08202995876085,1.03202995876085,276.833010155856,285.69996005479
10.27,60,0,2730.91254763238,72.1328016817591,4,1.08168797714882,1.03168797714882,276.81074544531,285.582318021528
10.28,60,0,2731.26900795638,72.161154357122,4,1.08134822025888,1.03134822025888,276.789859953532,285.46672944878
10.29,60,0,2731.62858708304,72.1894873964676,4,1.08101038282727,1.03101038282727,276.770140282281,285.352888287592
10.3,60,0,2731.9907485103,72.2178010096729,4,1.08067420711562,1.03067420711562,276.751406356203,285.240536314313
10.31,60,0,2732.35503946195,72.246095375928,4,1.08033947549996,1.03033947549996,276.733506212488,285.12945564424
10.32,60,0,2732.72107781854,72.2743706485287,4,1.08000600421619,1.03000600421619,276.71631160662,285.019462419376
10.33,60,0,2733.09721057591,72.3026233923628,4,1.07961740415086,1.02961740415086,276.661904023486,284.855911448097
10.34,60,0,2733.49022468739,72.3308507326671,4,1.07923783558319,1.02923783558319,276.613606359459,284.701189502269
10.35,60,0,2733.89705044615,72.3590538244892,4,1.07886667306089,1.02886667306089,276.570959436182,284.554642900362
10.36,60,0,2734.3151423308,72.3872336289046,4,1.07850246387253,1.02850246387253,276.53295372432,284.414824247413
10.37,60,0,2734.74241071441,72.4153909373303,4,1.07814401511752,1.02814401511752,276.498760859379,284.280546164981
10.38,60,0,2735.17714008919,72.4435264019931,4,1.07779034717946,1.02779034717946,276.467701042892,284.150834438782
10.39,60,0,2735.61792199546,72.4716405609112,4,1.07744065554207,1.02744065554207,276.439216333705,284.024889647437
10.4,60,0,2736.06360000106,72.4997338583794,4,1.07709427944928,1.02709427944928,276.412848757962,283.902055725583
10.41,60,0,2736.51322455912,72.5278066617731,4,1.07675067618114,1.02675067618114,276.388222363479,283.781794200206
10.42,60,0,2736.96601596566,72.5558592753318,4,1.07640939993768,1.02640939993768,276.365028504308,283.663663070867
10.43,60,0,2737.42133396023,72.5838919514686,4,1.07607008450441,1.02607008450441,276.343013771665,283.547299492896
10.44,60,0,2737.87865277544,72.6119049000503,4,1.07573242902133,1.02573242902133,276.321970093592,283.432405576059
10.45,60,0,2738.33754065696,72.6398982960121,4,1.07539618629919,1.02539618629919,276.301726612446,283.318736736285
10.46,60,0,2738.79764305157,72.6678722856076,4,1.07506115322659,1.02506115322659,276.282143020103,283.2060921401
10.47,60,0,2739.25866880511,72.6958269915387,4,1.07472716289326,1.02472716289326,276.263104088641,283.094306864838
10.48,60,0,2739.72037883091,72.7237625171665,4,1.07439407812234,1.02439407812234,276.244515181613,282.983245465822
10.49,60,0,2740.18257680563,72.751678949967,4,1.07406178615922,1.02406178615922,276.226298569769,282.872796697509
10.5,60,0,2740.64510152946,72.7795763643696,4,1.07373019431002,1.02373019431002,276.208390406804,282.762869181215
10.51,60,0,2741.10782065262,72.8074548240863,4,1.07339922635964,1.02339922635964,276.190738246713,282.653387849385
10.52,60,0,2741.57062552341,72.8353143840247,4,1.0730688196301,1.0230688196301,276.173299005612,282.544291027023
10.53,60,0,2742.03342695716,72.8631550918583,4,1.07273892256436,1.02273892256436,276.15603728835,282.435528035931
10.54,60,0,2742.4961517613,72.8909769893164,4,1.07240949274188,1.02240949274188,276.138924014533,282.327057227988
10.55,60,0,2742.95873988126,72.918780113243,4,1.07208049524859,1.02208049524859,276.121935290335,282.218844370543
10.56,60,0,2743.42114205621,72.9465644964664,4,1.07175190133792,1.02175190133792,276.105051482062,282.1108613208
10.57,60,0,2743.88331789338,72.9743301685136,4,1.07142368733096,1.02142368733096,276.088256455368,282.003084937417
10.58,60,0,2744.34523428632,73.0020771561969,4,1.07109583371287,1.02109583371287,276.071536950459,281.895496186822
10.59,60,0,2744.80686411541,73.0298054840955,4,1.07076832439062,1.02076832439062,276.054882068957,281.788079409379
10.6,60,0,2745.26818518039,73.0575151749514,4,1.07044114608311,1.02044114608311,276.038282852454,281.680821716772
10.61,60,0,2745.7291793233,73.0852062499943,4,1.07011428782018,1.02011428782018,276.021731936347,281.57371249714
10.62,60,0,2746.18983170796,73.1128787292088,4,1.0697877405309,1.0197877405309,276.0052232655,281.466743008651
10.63,60,0,2746.6501302279,73.1405326315537,4,1.06946149670531,1.01946149670531,275.988751860684,281.359906045725
10.64,60,0,2747.11006501995,73.168167975142,4,1.06913555011653,1.01913555011653,275.972313626705,281.253195664885
10.65,60,0,2747.5696280645,73.1957847773893,4,1.0688098955923,1.0188098955923,275.955905194788,281.146606959581
10.66,60,0,2748.02881285703,73.2233830551351,4,1.06848452882732,1.01848452882732,275.939523793085,281.040135875236
10.67,60,0,2748.48761413825,73.250962824743,4,1.06815944622902,1.01815944622902,275.923167140286,280.933779057311
10.68,60,0,2748.94602767222,73.2785241021826,4,1.06783464479076,1.01783464479076,275.906833358216,280.827533726504
10.69,60,0,2749.4040500641,73.3060669030973,4,1.06751012198771,1.01751012198771,275.89052090001,280.721397576222
10.7,60,0,2749.8616786103,73.3335912428592,4,1.06718587569116,1.01718587569116,275.874228491104,280.615368688346
10.71,60,0,2750.31891117537,73.3610971366154,4,1.06686190409817,1.01686190409817,275.857955080744,280.509445464032
10.72,60,0,2750.77574609077,73.3885845993248,4,1.06653820567372,1.01653820567372,275.841699802138,280.403626566855
10.73,60,0,2751.23218207165,73.4160536457892,4,1.06621477910317,1.01621477910317,275.825461939709,280.297910876092
10.74,60,0,2751.68821814853,73.4435042906787,4,1.06589162325314,1.01589162325314,275.809240902187,280.192297448338
10.75,60,0,2752.14385361104,73.4709365485524,4,1.06556873713938,1.01556873713938,275.793036200488,280.086785485965
10.76,60,0,2752.59908796173,73.4983504338752,4,1.06524611990038,1.01524611990038,275.77684742954,279.981374311199
10.77,60,0,2753.05392087804,73.5257459610325,4,1.06492377077562,1.01492377077562,275.760674253341,279.876063344829
10.78,60,0,2753.50835218115,73.553123144341,4,1.06460168908774,1.01460168908774,275.744516392678,279.770852088693
10.79,60,0,2753.9623818102,73.580481998059,4,1.06427987422782,1.01427987422782,275.728373615036,279.6657401113
10.8,60,0,2754.41600980127,73.6078225363936,4,1.06395832564334,1.01395832564334,275.712245726295,279.560727036
10.81,60,0,2754.86923626996,73.6351447735074,4,1.06363704282825,1.01363704282825,275.696132563917,279.455812531272
10.82,60,0,2755.32206139714,73.6624487235239,4,1.06331602531478,1.01331602531478,275.680033991329,279.350996302736
10.83,60,0,2755.77448541721,73.6897344005315,4,1.06299527266676,1.01299527266676,275.663949893321,279.24627808658
10.84,60,0,2756.22650860845,73.7170018185874,4,1.06267478447408,1.01267478447408,275.647880172251,279.141657644173
10.85,60,0,2756.67813128511,73.7442509917206,4,1.06235456034817,1.01235456034817,275.631824744933,279.03713475762
10.86,60,0,2757.12935379082,73.771481933934,4,1.06203459991822,1.01203459991822,275.615783540068,278.93270922612
10.87,60,0,2757.58017649328,73.7986946592066,4,1.06171490282817,1.01171490282817,275.599756496146,278.828380862967
10.88,60,0,2758.03059977983,73.8258891814953,4,1.06139546873413,1.01139546873413,275.583743559708,278.724149493078
10.89,60,0,2758.4806240538,73.853065514736,4,1.06107629730234,1.01107629730234,275.567744683922,278.620014950976
10.9,60,0,2758.92956613318,73.8802240353157,4,1.06076978423114,1.01076978423114,275.555735599369,278.523411415427
10.91,60,0,2759.37596972332,73.9073655667356,4,1.06046636631354,1.01046636631354,275.544250815607,278.428197880234
10.92,60,0,2759.82016329919,73.9344900116185,4,1.06016220523046,1.01016220523046,275.532082748726,278.332096321195
10.93,60,0,2760.26246416306,73.9615972678807,4,1.05985747245183,1.00985747245183,275.51935202569,278.23527644823
10.94,60,0,2760.70313474262,73.988687253405,4,1.05955230970909,1.00955230970909,275.506158362848,278.137878514292
10.95,60,0,2761.14239210097,74.0157599025754,4,1.05924683414898,1.00924683414898,275.492584192435,278.040018427736
10.96,60,0,2761.58041579728,74.0428151634125,4,1.05894114259347,1.00894114259347,275.478697659894,277.941791977134
10.97,60,0,2762.01735438464,74.069852995207,4,1.05863531506098,1.00863531506098,275.464555101182,277.843278322613
10.98,60,0,2762.45333078116,74.0968733665632,4,1.05832941767711,1.00832941767711,275.450203090288,277.744542881072
10.99,60,0,2762.88844671013,74.1238762537822,4,1.05802350508075,1.00802350508075,275.435680131552,277.645639710508
11,60,0,2763.32278637041,74.1508616395254,4,1.05771762241317,1.00771762241317,275.421018058432,277.546613480458
11.01,60,0,2763.75641947077,74.17782951171,4,1.0574118069624,1.0074118069624,275.406243189646,277.447501100409
11.02,60,0,2764.18940373846,74.204779862596,4,1.05710608952272,1.00710608952272,275.391377284815,277.348333065586
11.03,60,0,2764.62178699302,74.2317126880314,4,1.05680049551857,1.00680049551857,275.376438334381,277.249134569194
11.04,60,0,2765.05360886098,74.2586279868286,4,1.05649504593386,1.00649504593386,275.36144121257,277.149926421659
11.05,60,0,2765.48490219346,74.2855257602486,4,1.05618975808028,1.00618975808028,275.34639821715,277.05072581039
11.06,60,0,2765.91569423829,74.3124060115745,4,1.05588464623263,1.00588464623262,275.331319515629,276.95154692774
11.07,60,0,2766.34600760923,74.3392687457596,4,1.0555797221541,1.0055797221541,275.316213514124,276.852401490053
11.08,60,0,2766.77586108729,74.3661139691356,4,1.05527499553071,1.00527499553071,275.301087162304,276.753299166685
11.09,60,0,2767.20527028345,74.3929416891719,4,1.05497047433046,1.00497047433046,275.285946205504,276.654247934653
11.1,60,0,2767.63424818662,74.4197519142764,4,1.05466616510039,1.00466616510039,275.270795393161,276.555254371782
11.11,60,0,2768.06280561679,74.4465446536311,4,1.05436207321232,1.00436207321232,275.255638651149,276.456323899048
11.12,60,0,2768.49095159982,74.4733199170556,4,1.05405820306589,1.00405820306589,275.240479224271,276.357460980916
11.13,60,0,2768.91869367731,74.5000777148948,4,1.05375455825671,1.00375455825671,275.225319794071,276.258669290958
11.14,60,0,2769.346038163,74.5268180579257,4,1.05345114171526,1.00345114171526,275.210162576262,276.159951848791
11.15,60,0,2769.77299035473,74.5535409572806,4,1.05314795582186,1.00314795582186,275.195009401282,276.061311133273
11.16,60,0,2770.19955470979,74.5802464243831,4,1.05284500250176,1.00284500250176,275.179861780909,275.962749176108
11.17,60,0,2770.62573498995,74.6069344708961,4,1.05254228330376,1.00254228330376,275.164720963352,275.86426763924
11.18,60,0,2771.05153438147,74.6336051086775,4,1.05223979946529,1.00223979946529,275.149587978811,275.765867878841
11.19,60,0,2771.47695559429,74.660258349745,4,1.05193755196621,1.00193755196621,275.134463677151,275.667550998222
11.2,60,0,2771.90200094414,74.6868942062458,4,1.05163554157334,1.00163554157334,275.11934875907,275.569317891595
11.21,60,0,2772.32667242048,74.713512690432,4,1.05133376887726,1.00133376887726,275.104243801866,275.471169280251
11.22,60,0,2772.75097174261,74.7401138146408,4,1.05103223432283,1.00103223432283,275.089149280758,275.373105742483
11.23,60,0,2773.17490040623,74.7666975912768,4,1.05073093823435,1.00073093823435,275.074065586518,275.275127738333
11.24,60,0,2773.59845972183,74.7932640327988,4,1.05042988083645,1.00042988083645,275.058993040055,275.177235630056
11.25,60,0,2774.02165084655,74.8198131517082,4,1.05012906227133,1.00012906227133,275.043931904481,275.079429699048
11.26,60,0,2774.44447481049,74.846344960539,4,1.04982848261304,0.999828482613044,275.02888239509,274.981710159844
11.27,60,0,2774.86693253848,74.8728594718504,4,1.04952814187932,0.999528141879321,275.013844687612,274.884077171697
11.28,60,0,2775.28902486813,74.8993566982202,4,1.04922804004133,0.999228040041327,274.998818925049,274.786530848157
11.29,60,0,2775.7107525647,74.9258366522393,4,1.04892817703177,0.998928177031769,274.983805223321,274.689071264991
11.3,60,0,2776.13211633349,74.9522993465073,4,1.04862855275158,0.99862855275158,274.968803675943,274.59169846674
11.31,60,0,2776.55311683005,74.9787447936288,4,1.04832916707547,0.998329167075467,274.953814357891,274.494412472135
11.32,60,0,2776.9737546686,75.0051730062105,4,1.04803001985649,0.998030019856492,274.938837328804,274.397213278587
11.33,60,0,2777.39403042904,75.0315839968585,4,1.04773111092987,0.997731110929867,274.923872635632,274.30010086589
11.34,60,0,2777.81394466276,75.0579777781765,4,1.0474324401161,0.997432440116096,274.908920314828,274.2030751993
11.35,60,0,2778.2334978974,75.0843543627636,4,1.04713400722357,0.997134007223573,274.893980394159,274.106136232066
11.36,60,0,2778.65269064086,75.1107137632134,4,1.04683581205073,0.996835812050733,274.879052894208,274.009283907534
11.37,60,0,2779.07152338454,75.1370559921126,4,1.04653785438783,0.996537854387832,274.864137829614,273.912518160885
11.38,60,0,2779.48999660608,75.16338106204,4,1.04624013401843,0.996240134018426,274.849235210102,273.815838920574
11.39,60,0,2779.90811077161,75.1896889855658,4,1.04594265072058,0.995942650720581,274.834345041332,273.719246109519
11.4,60,0,2780.32586633761,75.2159797752508,4,1.04564540426789,0.995645404267894,274.819467325602,273.622739646086
11.41,60,0,2780.74326375246,75.2422534436462,4,1.04534839443032,0.995348394430317,274.80460206243,273.526319444902
11.42,60,0,2781.16030345769,75.2685100032927,4,1.04505162097486,0.995051620974861,274.789749249042,273.429985417535
11.43,60,0,2781.5769858891,75.2947494667206,4,1.04475508366616,0.994755083666157,274.774908880762,273.333737473043
11.44,60,0,2781.99331147755,75.3209718464492,4,1.04445878226694,0.994458782266939,274.76008095135,273.237575518445
11.45,60,0,2782.40928064975,75.3471771549863,4,1.04416271653843,0.994162716538432,274.745265453269,273.141499459095
11.46,60,0,2782.82489382886,75.373365404829,4,1.04386688624068,0.993866886240675,274.730462377917,273.045509199002
11.47,60,0,2783.24015143493,75.3995366084622,4,1.04357129113279,0.993571291132794,274.715671715812,272.949604641092
11.48,60,0,2783.6550538854,75.4256907783597,4,1.04327593097322,0.993275930973222,274.700893456746,272.853785687425
11.49,60,0,2784.06966391846,75.4518279242676,4,1.04298403251516,0.99298403251516,274.685105944581,272.757924172704
11.5,60,0,2784.48770137534,75.4779479814443,4,1.042740010512,0.992740010511995,274.655822076982,272.661823695883
11.51,60,0,2784.91131011072,75.5040511910627,4,1.04249883134156,0.992498831341556,274.628951911508,272.568913824728
11.52,60,0,2785.33941019051,75.5301379282374,4,1.042260005968,0.992260005967996,274.604056695209,272.478622935224
11.53,60,0,2785.77111900386,75.5562085012124,4,1.04202313461765,0.992023134617645,274.58077793481,272.390484032641
11.54,60,0,2786.20571517715,75.582263163599,4,1.04178789046563,0.991787890465629,274.558822691064,272.304115565497
11.55,60,0,2786.64260909726,75.6083021243694,4,1.04155400630702,0.991554006307017,274.537951573548,272.219205766073
11.56,60,0,2787.08131883107,75.6343255560204,4,1.04132126366582,0.991321263665824,274.517968938353,272.135499866944
11.57,60,0,2787.52145045162,75.6603336012407,4,1.04108948389546,0.991089483895461,274.498714883305,272.052789663662
11.58,60,0,2787.962681963,75.6863263783582,4,1.04085852090611,0.990858520906107,274.480058710239,271.970904991848
11.59,60,0,2788.40475016497,75.7123039857906,4,1.04062825522127,0.990628255221265,274.461893584885,271.889706766719
11.6,60,0,2788.84743991874,75.7382665056812,4,1.04039858912034,0.990398589120339,274.444132174537,271.809081298018
11.61,60,0,2789.29057537453,75.7642140068701,4,1.04016944266858,0.990169442668579,274.426703084159,271.728935646218
11.62,60,0,2789.73401280188,75.7901465473221,4,1.03994075047215,0.989940750472149,274.409547944563,271.649193828964
11.63,60,0,2790.17763472963,75.8160641761107,4,1.03971245902574,0.989712459025741,274.392619033175,271.569793721837
11.64,60,0,2790.621345156,75.8419669350399,4,1.03948452454444,0.989484524544435,274.37587732984,271.490684526179
11.65,60,0,2791.06506563319,75.8678548599687,4,1.03925691119132,0.989256911191324,274.359290928033,271.411824700108
11.66,60,0,2791.50873206668,75.8937279818952,4,1.03902958962858,0.989029589628581,274.342833736412,271.333180267866
11.67,60,0,2791.95229209864,75.9195863278412,4,1.03880253583292,0.988802535832915,274.326484417615,271.254723438266
11.68,60,0,2792.39570296868,75.9454299215762,4,1.03857573012711,0.988575730127107,274.310225520886,271.176431475641
11.69,60,0,2792.83892976498,75.9712587842093,4,1.03834915638819,0.988349156388189,274.294042773113,271.098285777112
11.7,60,0,2793.28194399423,75.9970729346722,4,1.03812280140002,0.988122801400019,274.277924499299,271.02027111843
11.71,60,0,2793.72472241241,76.0228723901152,4,1.03789665432389,0.987896654323888,274.261861148826,270.942375037568
11.72,60,0,2794.16724606872,76.0486571662302,4,1.03767070626563,0.987670706265634,274.24584490817,270.864587330868
11.73,60,0,2794.60949952376,76.0744272775148,4,1.03744494992165,0.987444949921647,274.22986938429,270.78689964119
11.74,60,0,2795.05147021019,76.1001827374888,4,1.03721937928938,0.98721937928938,274.213929345767,270.70930512123
11.75,60,0,2795.49314790988,76.1259235588707,4,1.0369939894306,0.986993989430598,274.198020511166,270.631798158288
11.76,60,0,2795.93452432633,76.1516497537221,4,1.03676877627775,0.986768776277749,274.18213937598,270.554374149251
11.77,60,0,2796.37559273491,76.1773613335662,4,1.0365437364756,0.986543736475604,274.166283071138,270.477029316628
11.78,60,0,2796.81634769682,76.2030583094839,4,1.03631886725172,0.986318867251725,274.150449247292,270.399760558141
11.79,60,0,2797.25678482517,76.2287406921936,4,1.03609416631052,0.986094166310515,274.134635980206,270.322565323738
11.8,60,0,2797.69690059358,76.2544084921148,4,1.03586963174656,0.985869631746557,274.11884169337,270.245441515036
11.81,60,0,2798.13669217962,76.2800617194222,4,1.03564526197371,0.985645261973714,274.103065094727,270.16838740309
11.82,60,0,2798.57615733677,76.3057003840877,4,1.03542105566714,0.985421055667139,274.08730512491,270.09140156115
11.83,60,0,2799.01529428966,76.3313244959168,4,1.03519701171583,0.985197011715827,274.07156091492,270.014482809671
11.84,60,0,2799.45410164836,76.3569340645768,4,1.0349731291838,0.984973129183799,274.055831751498,269.937630171342
11.85,60,0,2799.89257833824,76.382529099621,4,1.03474940727835,0.984749407278346,274.040117048808,269.860842834302
11.86,60,0,2800.33072354263,76.4081096105078,4,1.03452584532404,0.984525845324043,274.024416325271,269.784120122065
11.87,60,0,2800.76853665588,76.4336756066163,4,1.03430244274149,0.984302442741487,274.008729184616,269.707461468908
11.88,60,0,2801.2060172449,76.4592270972601,4,1.03407919902991,0.984079199029906,273.993055300376,269.630866399751
11.89,60,0,2801.64316501782,76.484764091697,4,1.03385611375292,0.983856113752917,273.977394403208,269.554334513691
11.9,60,0,2802.07997979819,76.510286599138,4,1.03363318652688,0.983633186526877,273.961746270517,269.477865470537
11.91,60,0,2802.51646150398,76.5357946287546,4,1.03341041701136,0.983410417011355,273.946110717967,269.401458979794
11.92,60,0,2802.95261013032,76.5612881896845,4,1.03318780490133,0.983187804901325,273.930487592533,269.325114791652
11.93,60,0,2803.38842573547,76.5867672910364,4,1.03296534992078,0.98296534992078,273.914876766822,269.248832689607
11.94,60,0,2803.82390842922,76.6122319418936,4,1.03274305181751,0.982743051817508,273.899278134421,269.172612484434
11.95,60,0,2804.25905836345,76.6376821513175,4,1.03252091035881,0.982520910358813,273.883691606092,269.09645400925
11.96,60,0,2804.69387572445,76.6631179283503,4,1.03229892532801,0.982298925328013,273.868117106655,269.020357115474
11.97,60,0,2805.12836072657,76.6885392820169,4,1.03207709652158,0.982077096521577,273.852554572446,268.944321669525
11.98,60,0,2805.56251360701,76.7139462213266,4,1.03185542374677,0.981855423746771,273.837003949226,268.868347550113
11.99,60,0,2805.99633462164,76.739338755275,4,1.03163390681975,0.981633906819746,273.821465190475,268.792434646033
12,60,0,2806.42982404149,76.7647168928445,4,1.03141254556396,0.981412545563959,273.805938255997,268.716582854347
12.01,60,0,2806.86298214991,76.7900806430058,4,1.03119133980889,0.981191339808888,273.790423110777,268.640792078905
12.02,60,0,2807.29580924027,76.8154300147186,4,1.03097028938898,0.980970289388979,273.77491972404,268.565062229136
12.03,60,0,2807.72830561404,76.840765016932,4,1.03074939414278,0.980749394142779,273.75942806849,268.489393219046
12.04,60,0,2808.16047157923,76.8660856585853,4,1.03052865391223,0.980528653912232,273.743948119683,268.413784966413
12.05,60,0,2808.59230744913,76.8913919486084,4,1.0303080685421,0.9803080685421,273.728479855509,268.338237392119
12.06,60,0,2809.02381354123,76.916683895922,4,1.03008763787949,0.980087637879487,273.713023255776,268.262750419606
12.07,60,0,2809.45499017641,76.9419615094381,4,1.02986736177345,0.979867361773454,273.697578301862,268.187323974429
12.08,60,0,2809.88583767821,76.96722479806,4,1.0296472400747,0.979647240074697,273.68214497644,268.111957983892
12.09,60,0,2810.31635637228,76.9924737706829,4,1.02942727263529,0.979427272635289,273.666723263238,268.03665237675
12.1,60,0,2810.74654658586,77.0177084361936,4,1.02920745930847,0.979207459308466,273.651313146858,267.961407082961
12.11,60,0,2811.17640864748,77.042928803471,4,1.02898779994845,0.978987799948452,273.635914612618,267.886222033489
12.12,60,0,2811.60594288656,77.0681348813861,4,1.02876829441032,0.978768294410316,273.620527646423,267.81109716014
12.13,60,0,2812.03514963322,77.0933266788019,4,1.02854894254985,0.978548942549853,273.605152234668,267.736032395426
12.14,60,0,2812.46402921801,77.118504204574,4,1.02832974422349,0.978329744223491,273.589788364146,267.661027672454
12.15,60,0,2812.89258197179,77.1436674675499,4,1.02811069928821,0.978110699288208,273.574436021982,267.586082924838
12.16,60,0,2813.3224410377,77.1688159585932,4,1.02788538390231,0.97788538390231,273.54591498643,267.496552091414
12.17,60,0,2813.76162990552,77.1939471562391,4,1.02765751838235,0.977657518382347,273.507599069606,267.396760565105
12.18,60,0,2814.20967481598,77.2190612542434,4,1.02743425296074,0.977434252960736,273.473520419847,267.302386136116
12.19,60,0,2814.66471579155,77.2441588809366,4,1.02721468795318,0.977214687953176,273.442825547311,267.21234544025
12.2,60,0,2815.12526860159,77.2692405393839,4,1.02699810531474,0.976998105314739,273.41483365375,267.125774444659
12.21,60,0,2815.5901487627,77.2943066327385,4,1.02678393192223,0.976783931922226,273.389001620881,267.041983947536
12.22,60,0,2816.05841093926,77.3193574844535,4,1.02657171028856,0.976571710288556,273.364896117322,266.960424134147
12.23,60,0,2816.52930061535,77.3443933543977,4,1.0263610752024,0.976361075202402,273.342171370382,266.880656337345
12.24,60,0,2817.00221554756,77.3694144517069,4,1.02615173509243,0.976151735092428,273.320551447973,266.802330532358
12.25,60,0,2817.47667501525,77.3944209450338,4,1.0259434571593,0.975943457159296,273.299816132674,266.725167397522
12.26,60,0,2817.95229528824,77.4194129707242,4,1.02573605551269,0.975736055512693,273.27978965771,266.648944011952
12.27,60,0,2818.42877005284,77.4443906393393,4,1.02552938170531,0.975529381705309,273.260331723695,266.573482451004
12.28,60,0,2818.90585479252,77.4693540408599,4,1.02532331717891,0.975323317178907,273.241330333369,266.498640691119
12.29,60,0,2819.38335432327,77.4943032488382,4,1.02511776723583,0.975117767235829,273.222696075763,266.424305355552
12.3,60,0,2819.86111284574,77.5192383237113,4,1.02491265622759,0.974912656227591,273.204357566107,266.350385927726
12.31,60,0,2820.33900600528,77.5441593154451,4,1.02470792371457,0.974707923714574,273.186257807456,266.27681013486
12.32,60,0,2820.81693455425,77.5690662656447,4,1.02450352140066,0.974503521400655,273.168351287479,266.20352026486
12.33,60,0,2821.29481929288,77.5939592092387,4,1.02429941068623,0.974299410686225,273.150601661669,266.130470227552
12.34,60,0,2821.7725970305,77.6188381758235,4,1.02409556071474,0.974095560714744,273.1329799044,266.057623209666
12.35,60,0,2822.25021736114,77.6437031907362,4,1.02389194681319,0.973891946813188,273.115462833232,265.984949803442
12.36,60,0,2822.72764008911,77.6685542759119,4,1.0236885492469,0.9736885492469,273.098031931048,265.912426513126
12.37,60,0,2823.20483317347,77.693391450567,4,1.0234853522254,0.973485352225401,273.080672405847,265.840034562955
12.38,60,0,2823.68177108661,77.7182147317456,4,1.02328234310853,0.973282343108526,273.063372440193,265.767758945707
12.39,60,0,2824.15843350357,77.7430241347554,4,1.0230795117725,0.973079511772504,273.046122592029,265.695587663227
12.4,60,0,2824.63480425526,77.7678196735159,4,1.0228768501037,0.972876850103704,273.028915316294,265.623511120147
12.41,60,0,2825.11087049248,77.7926013608364,4,1.02267435159433,0.972674351594333,273.011744582979,265.551521639886
12.42,60,0,2825.58662201823,77.8173692086378,4,1.02247201101953,0.97247201101953,272.99460557214,265.479613078223
12.43,60,0,2826.0620507544,77.8421232281302,4,1.02226982417945,0.972269824179449,272.977494430377,265.407780514769
12.44,60,0,2826.5371503158,77.8668634299543,4,1.02206778769325,0.972067787693249,272.96040807635,265.336020006624
12.45,60,0,2827.0119156698,77.8915898242945,4,1.02186589883453,0.971865898834525,272.943344045474,265.264328391655
12.46,60,0,2827.48634286455,77.9163024209697,4,1.02166415539985,0.971664155399852,272.926300365876,265.192703131415
12.47,60,0,2827.96042881175,77.9410012295047,4,1.02146255560375,0.971462555603752,272.909275459329,265.121142185688
12.48,60,0,2828.43417111311,77.9656862591883,4,1.02126109799479,0.97126109799479,272.892268062113,265.049643912296
12.49,60,0,2828.90756792176,77.9903575191195,4,1.02105978138853,0.971059781388528,272.87527716181,264.978206987081
12.5,60,0,2829.38061783142,78.015015018244,4,1.02085860481396,0.970858604813958,272.858301946807,264.906830339983
12.51,60,0,2829.85331978787,78.0396587653837,4,1.0206575674707,0.970657567470695,272.841341765959,264.835513103986
12.52,60,0,2830.32567301826,78.0642887692604,4,1.02045666869477,0.970456668694771,272.824396096358,264.764254574334
12.53,60,0,2830.79767697452,78.0889050385141,4,1.0202559079313,0.970255907931298,272.807464517587,264.693054175947
12.54,60,0,2831.26933128816,78.1135075817186,4,1.02005528471262,0.970055284712622,272.790546691145,264.621911437391
12.55,60,0,2831.74063573424,78.1380964073929,4,1.01985479864086,0.969854798640857,272.773642344008,264.550825970081
12.56,60,0,2832.21159020241,78.1626715240115,4,1.01965444937393,0.969654449373933,272.756751255491,264.479797451666
12.57,60,0,2832.68219467388,78.1872329400112,4,1.01945423661444,0.969454236614436,272.739873246752,264.408825612748
12.58,60,0,2833.15244920298,78.2117806637981,4,1.01925416010069,0.969254160100691,272.723008172397,264.337910226271
12.59,60,0,2833.6223539024,78.2363147037518,4,1.01905421959963,0.969054219599631,272.706155913783,264.267051099047
12.6,60,0,2834.09190893139,78.2608350682298,4,1.0188544149011,0.968854414901101,272.68931637365,264.196248064974
12.61,60,0,2834.56111448636,78.2853417655702,4,1.0186547458133,0.968654745813295,272.67248947184,264.125500979624
12.62,60,0,2835.02997079334,78.3098348040948,4,1.01845521215912,0.968455212159119,272.655675141876,264.054809715914
12.63,60,0,2835.49847810192,78.3343141921104,4,1.01825581377327,0.968255813773271,272.638873328218,263.984174160642
12.64,60,0,2835.96663668049,78.3587799379109,4,1.01805655049991,0.968056550499915,272.62208398408,263.913594211726
12.65,60,0,2836.43444681234,78.3832320497787,4,1.01785742219082,0.967857422190816,272.605307069676,263.843069775993
12.66,60,0,2836.90190879258,78.407670535985,4,1.01765842870385,0.967658428703853,272.588542550827,263.772600767406
12.67,60,0,2837.36902292572,78.4320954047914,4,1.01745956990182,0.967459569901822,272.571790397834,263.702187105658
12.68,60,0,2837.83578952365,78.4565066644504,4,1.01726084565149,0.967260845651489,272.55505058459,263.631828715035
12.69,60,0,2838.30220890408,78.4809043232054,4,1.01706225582282,0.967062255822819,272.538323087865,263.561525523519
12.7,60,0,2838.76828138931,78.5052883892919,4,1.01686380028838,0.966863800288377,272.521607886728,263.491277462061
12.71,60,0,2839.23400730516,78.5296588709374,4,1.01666547892283,0.96666547892283,272.504904962096,263.421084464005
12.72,60,0,2839.69938698022,78.5540157763614,4,1.01646729160256,0.966467291602562,272.488214296366,263.350946464627
12.73,60,0,2840.16442074517,78.5783591137764,4,1.01626923820536,0.96626923820536,272.471535873119,263.280863400763
12.74,60,0,2840.6291089323,78.6026888913875,4,1.01607131861016,0.966071318610163,272.454869676891,263.210835210515
12.75,60,0,2841.09345187504,78.6270051173926,4,1.01587353269687,0.965873532696865,272.438215692984,263.140861833013
12.76,60,0,2841.55744990771,78.6513077999827,4,1.01567588034615,0.965675880346152,272.421573907314,263.07094320823
12.77,60,0,2842.02110336516,78.675596947342,4,1.01547836143937,0.965478361439374,272.404944306294,263.001079276825
12.78,60,0,2842.48441258266,78.6998725676477,4,1.01528097585844,0.965280975858443,272.388326876736,262.931269980024
12.79,60,0,2842.94737789565,78.7241346690704,4,1.01508372348575,0.965083723485752,272.371721605776,262.861515259527
12.8,60,0,2843.40999963965,78.7483832597738,4,1.01488660420411,0.964886604204105,272.355128480811,262.791815057423
12.81,60,0,2843.87227815012,78.7726183479152,4,1.01468961789667,0.964689617896671,272.338547489453,262.722169316135
12.82,60,0,2844.33421376244,78.7968399416452,4,1.01449276444693,0.964492764446935,272.321978619485,262.652577978366
12.83,60,0,2844.79580681173,78.8210480491078,4,1.01429604373867,0.964296043738666,272.305421858832,262.58304098706
12.84,60,0,2845.25705763292,78.8452426784404,4,1.01409945565589,0.964099455655893,272.288877195537,262.513558285372
12.85,60,0,2845.71796656062,78.8694238377739,4,1.01390300008288,0.963903000082881,272.272344617739,262.444129816639
12.86,60,0,2846.1785339291,78.8935915352328,4,1.01370667690411,0.963706676904111,272.255824113657,262.374755524363
12.87,60,0,2846.63876007229,78.917745778935,4,1.01351048600427,0.96351048600427,272.239315671578,262.305435352192
12.88,60,0,2847.09864532374,78.9418865769918,4,1.01331442726824,0.963314427268237,272.222819279845,262.236169243909
12.89,60,0,2847.5581900166,78.9660139375084,4,1.01311850058107,0.963118500581075,272.206334926852,262.166957143419
12.9,60,0,2848.01739448362,78.9901278685832,4,1.01292270582802,0.962922705828023,272.189862601032,262.097798994744
12.91,60,0,2848.47625905712,79.0142283783084,4,1.01272704289449,0.962727042894491,272.173402290858,262.02869474201
12.92,60,0,2848.934784069,79.0383154747695,4,1.01253151166605,0.962531511666054,272.156953984833,261.95964432945
12.93,60,0,2849.39296985071,79.0623891660459,4,1.01233611202845,0.962336112028449,272.140517671491,261.890647701392
12.94,60,0,2849.85081673328,79.0864494602105,4,1.01214084386757,0.962140843867572,272.124093339391,261.82170480226
12.95,60,0,2850.30826804064,79.1104964670029,4,1.01196604882513,0.96196604882513,272.108724521067,261.759354578377
12.96,60,0,2850.76420172923,79.1345323246581,4,1.01184377657224,0.96184377657224,272.095604845013,261.713464152835
12.97,60,0,2851.21848041456,79.1585577232561,4,1.01172116222148,0.961721162221477,272.081894307797,261.666915613115
12.98,60,0,2851.67137104471,79.1825725874465,4,1.01159828613914,0.961598286139138,272.067710035527,261.619843683962
12.99,60,0,2852.12308859702,79.2065768575277,4,1.01147521301947,0.961475213019466,272.053146309249,261.572356800301
13,60,0,2852.57380621254,79.2305704863929,4,1.01135199494128,0.961351994941283,272.03827902341,261.524542239548
13.01,60,0,2853.02366335286,79.2545534370736,4,1.01122867382801,0.961228673828015,272.023169273752,261.476470251502
13.02,60,0,2853.47277236553,79.2785256807613,4,1.01110528342764,0.961105283427638,272.007866244677,261.428197381638
13.03,60,0,2853.92122376861,79.3024871952165,4,1.0109818509063,0.960981850906303,271.992409532901,261.379769145392
13.04,60,0,2854.36909050452,79.326437963487,4,1.01085839813107,0.960858398131069,271.976831017515,261.331222180254
13.05,60,0,2854.81643136426,79.3503779728772,4,1.01073494270245,0.960734942702451,271.961156365036,261.282585977656
13.06,60,0,2855.26329374407,79.3743072141177,4,1.01061149878561,0.960611498785613,271.945406240746,261.233884276786
13.07,60,0,2855.70971586452,79.3982256806977,4,1.0104880777795,0.960488077779496,271.929597283658,261.185136186333
13.08,60,0,2856.15572855723,79.4221333683264,4,1.01036468885552,0.960364688855516,271.913742891279,261.136357087322
13.09,60,0,2856.60135670326,79.4460302745004,4,1.01024133939127,0.960241339391272,271.897853851296,261.08755935978
13.1,60,0,2857.04662039138,79.4699163981554,4,1.01011803531974,0.96011803531974,271.881938850064,261.038752967645
13.11,60,0,2857.49153585057,79.4937917393851,4,1.00999478141044,0.959994781410441,271.866004881948,260.989945929576
13.12,60,0,2857.93611620099,79.517656299215,4,1.00987158149584,0.959871581495839,271.850057578861,260.941144697956
13.13,60,0,2858.38037205871,79.5415100794213,4,1.00974843865365,0.95974843865365,271.834101475565,260.892354463992
13.14,60,0,2858.82431202265,79.5653530823836,4,1.00962535535366,0.959625355353662,271.818140223273,260.84357940333
13.15,60,0,2859.26794306677,79.5891853109672,4,1.00950233357596,0.959502333575959,271.802176761634,260.794822873813
13.16,60,0,2859.71127085598,79.6130067684281,4,1.00937937490615,0.959379374906154,271.786213457212,260.74608757469
13.17,60,0,2860.15430000047,79.6368174583366,4,1.00925648061208,0.959256480612076,271.77025221499,260.697375674808
13.18,60,0,2860.59703426069,79.6606173845154,4,1.00913365170554,0.959133651705543,271.75429456817,260.648688915833
13.19,60,0,2861.03947671234,79.6844065509901,4,1.00901088899212,0.959010888992123,271.738341750482,260.600028695375
13.2,60,0,2861.48162987942,79.7081849619493,4,1.00888819311121,0.958888193111209,271.722394754419,260.551396133915
13.21,60,0,2861.92349584122,79.7319526217123,4,1.00876556456831,0.958765564568313,271.70645437814,260.502792128712
13.22,60,0,2862.36507631873,79.7557095347033,4,1.00864300376107,0.958643003761072,271.690521263249,260.454217397212
13.23,60,0,2862.80637274406,79.7794557054302,4,1.00852051100021,0.958520511000205,271.674595925219,260.405672512015
13.24,60,0,2863.24738631653,79.8031911384682,4,1.0083980865264,0.958398086526398,271.658678777903,260.357157929032
13.25,60,0,2863.68811804775,79.8269158384458,4,1.00827573052391,0.958275730523905,271.642770153276,260.308674010168
13.26,60,0,2864.12856879799,79.8506298100342,4,1.00815344313151,0.958153443131512,271.626870317341,260.260221041597
13.27,60,0,2864.5687393055,79.8743330579384,4,1.00803122445137,0.958031224451366,271.61097948294,260.211799248476
13.28,60,0,2865.00863021013,79.8980255868899,4,1.0079090745561,0.957909074556095,271.595097820079,260.163408806804
13.29,60,0,2865.44824207232,79.9217074016415,4,1.00778699349454,0.957786993494541,271.579225464243,260.115049852974
13.3,60,0,2865.88757538848,79.9453785069622,4,1.00766498129639,0.957664981296386,271.5633625231,260.066722491468
13.31,60,0,2866.32663060333,79.9690389076335,4,1.00754303797587,0.957543037975874,271.547509081896,260.01842680106
13.32,60,0,2866.76540811986,79.9926886084468,4,1.00742116353482,0.957421163534815,271.531665207811,259.970162839808
13.33,60,0,2867.20390830739,80.0163276142008,4,1.00729935796501,0.957299357965007,271.515830953463,259.921930649085
13.34,60,0,2867.64213150799,80.0399559296994,4,1.00717762125018,0.957177621250183,271.500006359733,259.873730256818
13.35,60,0,2868.08007804174,80.0635735597502,4,1.00705595336759,0.957055953367585,271.484191458043,259.825561680105
13.36,60,0,2868.51774821095,80.0871805091635,4,1.00693435428924,0.956934354289236,271.468386272193,259.777424927321
13.37,60,0,2868.95514230348,80.110776782751,4,1.00681282398295,0.956812823982953,271.452590819836,259.729319999816
13.38,60,0,2869.39226059558,80.1343623853249,4,1.00669136241318,0.956691362413181,271.436805113676,259.681246893284
13.39,60,0,2869.82910335398,80.1579373216978,4,1.00656996954165,0.956569969541649,271.421029162425,259.633205598864
13.4,60,0,2870.26567083777,80.1815015966814,4,1.00644864532791,0.956448645327909,271.405262971578,259.585196104031
13.41,60,0,2870.70196329976,80.2050552150866,4,1.00632738972977,0.956327389729769,271.389506544041,259.537218393313
13.42,60,0,2871.13798098767,80.228598181723,4,1.00620620270364,0.95620620270364,271.373759880629,259.489272448866
13.43,60,0,2871.57372414509,80.2521305013988,4,1.00608508420482,0.956085084204815,271.358022980478,259.441358250943
13.44,60,0,2872.00919301214,80.2756521789201,4,1.0059640341877,0.955964034187699,271.342295841368,259.393475778266
13.45,60,0,2872.44438782618,80.2991632190914,4,1.00584305260599,0.955843052605988,271.326578459988,259.345625008333
13.46,60,0,2872.87930882226,80.3226636267147,4,1.00572213941282,0.955722139412817,271.310870832149,259.297805917656
13.47,60,0,2873.31395623346,80.34615340659,4,1.00560129456088,0.955601294560882,271.295172952958,259.250018481965
13.48,60,0,2873.74833029132,80.3696325635151,4,1.00548051800253,0.955480518002532,271.27948481695,259.20226267636
13.49,60,0,2874.182431226,80.393101102285,4,1.00535980968985,0.955359809689848,271.263806418208,259.154538475443
13.5,60,0,2874.61625926652,80.4165590276928,4,1.0052391695747,0.955239169574704,271.248137750444,259.106845853419
13.51,60,0,2875.04981464095,80.4400063445286,4,1.00511859760882,0.955118597608819,271.23247880708,259.059184784182
13.52,60,0,2875.48309757652,80.4634430575803,4,1.00499809374379,0.954998093743795,271.216829581301,259.011555241378
13.53,60,0,2875.91610829973,80.4868691716331,4,1.00487765793115,0.954877657931152,271.201190066105,258.963957198463
13.54,60,0,2876.34884703644,80.5102846914696,4,1.00475729012235,0.954757290122354,271.185560254338,258.916390628744
13.55,60,0,2876.78131401195,80.5336896218698,4,1.00463699026883,0.954636990268828,271.169940138728,258.868855505414
13.56,60,0,2877.21350945105,80.5570839676111,4,1.00451675832199,0.954516758321986,271.154329711909,258.821351801583
13.57,60,0,2877.64543357807,80.5804677334684,4,1.00439659423323,0.954396594233232,271.13872896644,258.773879490298
13.58,60,0,2878.07708661692,80.6038409242138,4,1.00427649795398,0.95427649795398,271.123137894821,258.726438544564
13.59,60,0,2878.5084687911,80.6272035446167,4,1.00415646943565,0.954156469435655,271.107556489507,258.679028937355
13.6,60,0,2878.93958032375,80.650555599444,4,1.00403650862971,0.95403650862971,271.091984742918,258.631650641632
13.61,60,0,2879.37042143768,80.67389709346,4,1.00391661548762,0.953916615487624,271.076422647449,258.584303630347
13.62,60,0,2879.80099235534,80.6972280314261,4,1.00379678996091,0.95379678996091,271.060870195473,258.536987876453
13.63,60,0,2880.23129329887,80.7205484181013,4,1.00367703200112,0.953677032001117,271.045327379349,258.489703352909
13.64,60,0,2880.6613244901,80.7438582582417,4,1.00355734155984,0.953557341559835,271.029794191429,258.442450032689
13.65,60,0,2881.09108615056,80.7671575566011,4,1.0034377185887,0.953437718588697,271.014270624057,258.395227888781
13.66,60,0,2881.5205785015,80.7904463179303,4,1.00331816303938,0.953318163039379,270.998756669573,258.348036894194
13.67,60,0,2881.94980176386,80.8137245469776,4,1.0031986748636,0.953198674863605,270.983252320318,258.300877021957
13.68,60,0,2882.37875615831,80.8369922484886,4,1.00307925401314,0.953079254013143,270.967757568633,258.253748245126
13.69,60,0,2882.80744190525,80.8602494272064,4,1.00295990043981,0.952959900439812,270.95227240686,258.206650536782
13.7,60,0,2883.23585922478,80.8834960878714,4,1.00284061409548,0.952840614095479,270.936796827348,258.159583870033
13.71,60,0,2883.66400833676,80.9067322352211,4,1.00272139493206,0.952721394932061,270.921330822449,258.112548218014
13.72,60,0,2884.09188946076,80.9299578739906,4,1.00260224290152,0.952602242901523,270.905874384519,258.065543553891
13.73,60,0,2884.51950281607,80.9531730089125,4,1.00248315795588,0.952483157955883,270.890427505923,258.01856985086
13.74,60,0,2884.94684862175,80.9763776447165,4,1.00236414004721,0.952364140047208,270.87499017903,257.971627082148
13.75,60,0,2885.37392709656,80.9995717861297,4,1.00224518912762,0.952245189127616,270.859562396218,257.92471522101
13.76,60,0,2885.80073845902,81.0227554378767,4,1.00212630514928,0.952126305149276,270.844144149872,257.877834240735
13.77,60,0,2886.22728292737,81.0459286046795,4,1.00200748806441,0.95200748806441,270.828735432383,257.830984114643
13.78,60,0,2886.66439525333,81.0690901849125,4,1.002,0.952,270.764585852215,257.767885731308
13.79,60,0,2887.12176626835,81.0922397698719,4,1.002,0.952,270.708615189896,257.714601660781
13.8,60,0,2887.59450081591,81.1153786254606,4,1.002,0.952,270.661683993635,257.669923161941
13.81,60,0,2888.07878666004,81.1385077211101,4,1.002,0.952,270.6215816273,257.631745709189
13.82,60,0,2888.57174443291,81.1616277892808,4,1.002,0.952,270.586639519131,257.598480822212
13.83,60,0,2889.07119900292,81.1847393835466,4,1.002,0.952,270.555597924696,257.568929224311
13.84,60,0,2889.57550699832,81.207842922411,4,1.002,0.952,270.527505555462,257.5421852888
13.85,60,0,2890.08342665004,81.2309387223716,4,1.002,0.952,270.501643921002,257.517565012794
13.86,60,0,2890.59401954337,81.2540270228762,4,1.002,0.952,270.477470272924,257.494551699824
13.87,60,0,2891.10657643883,81.2771080051662,4,1.002,0.952,270.454574560721,257.472754981807
13.88,60,0,2891.62056125504,81.3001818065045,4,1.002,0.952,270.432646948518,257.451879894989
13.89,60,0,2892.13556875948,81.323248530922,4,1.002,0.952,270.411453295391,257.431703537212
13.9,60,0,2892.65129260824,81.3463082573357,4,1.002,0.952,270.390816642988,257.412057444125
13.91,60,0,2893.1675012,81.369361045681,4,1.002,0.952,270.370603236132,257.392814280798
13.92,60,0,2893.68401943153,81.3924069415453,4,1.002,0.952,270.350711964778,257.373877790469
13.93,60,0,2894.2007149108,81.4154459796701,4,1.002,0.952,270.331066388852,257.355175202188
13.94,60,0,2894.71748753741,81.4384781865964,4,1.002,0.952,270.311608713346,257.336651495105
13.95,60,0,2895.2342616272,81.4615035826655,4,1.002,0.952,270.292295236203,257.318265064866
13.96,60,0,2895.75097995914,81.4845221835306,4,1.002,0.952,270.273092908615,257.299984449001
13.97,60,0,2896.26759927502,81.5075340012994,4,1.002,0.952,270.253976735593,257.281785852285
13.98,60,0,2896.78408687688,81.5305390453985,4,1.002,0.952,270.234927811378,257.263651276432
13.99,60,0,2897.3004180544,81.5535373232265,4,1.002,0.952,270.215931834479,257.245567106424
14,60,0,2897.81657413948,81.5765288406483,4,1.002,0.952,270.196977985159,257.227523041872
14.01,60,0,2898.332541035,81.5995136023682,4,1.002,0.952,270.178058076824,257.209511289137
14.02,60,0,2898.84830810216,81.6224916122129,4,1.002,0.952,270.159165914406,257.191525950515
14.03,60,0,2899.36386731885,81.6454628733449,4,1.002,0.952,270.140296809231,257.173562562388
14.04,60,0,2899.879212643,81.6684273884244,4,1.002,0.952,270.121447212153,257.155617745969
14.05,60,0,2900.39433953097,81.6913851597314,4,1.002,0.952,270.102614436116,257.137688943183
14.06,60,0,2900.90924457317,81.7143361892583,4,1.002,0.952,270.083796446316,257.119774216893
14.07,60,0,2901.42392521833,81.7372804787801,4,1.002,0.952,270.064991701477,257.101872099806
14.08,60,0,2901.9383795649,81.7602180299067,4,1.002,0.952,270.04619903379,257.083981480168
14.09,60,0,2902.45260620315,81.7831488441238,4,1.002,0.952,270.027417558082,257.066101515294
14.1,60,0,2902.96660409569,81.8060729228228,4,1.002,0.952,270.008646603092,257.048231566144
14.11,60,0,2903.48037248701,81.8289902673239,4,1.002,0.952,269.989885659474,257.030371147819
14.12,60,0,2903.99391083505,81.8519008788934,4,1.002,0.952,269.971134340447,257.012519892105
14.13,60,0,2904.50721875932,81.8748047587567,4,1.002,0.952,269.95239235202,256.994677519123
14.14,60,0,2905.02029600174,81.8977019081088,4,1.002,0.952,269.933659470454,256.976843815872
14.15,60,0,2905.53314239687,81.9205923281211,4,1.002,0.952,269.914935525202,256.959018619992
14.16,60,0,2906.04575784943,81.9434760199477,4,1.002,0.952,269.896220385997,256.941201807469
14.17,60,0,2906.55814231728,81.9663529847297,4,1.002,0.952,269.877513953079,256.923393283331
14.18,60,0,2907.07029579849,81.9892232235978,4,1.002,0.952,269.85881614979,256.9055929746
14.19,60,0,2907.58221832161,82.0120867376758,4,1.002,0.952,269.840126916974,256.88780082496
14.2,60,0,2908.09390993823,82.0349435280817,4,1.002,0.952,269.821446208731,256.870016790712
14.21,60,0,2908.60537071739,82.0577935959293,4,1.002,0.952,269.802773989204,256.852240837722
14.22,60,0,2909.11660074132,82.0806369423295,4,1.002,0.952,269.784110230148,256.8344729391
14.23,60,0,2909.62760010225,82.103473568391,4,1.002,0.952,269.765454909083,256.816713073447
14.24,60,0,2910.13836889993,82.1263034752208,4,1.002,0.952,269.746808007901,256.798961223522
14.25,60,0,2910.64890723983,82.1491266639247,4,1.002,0.952,269.728169511806,256.781217375239
14.26,60,0,2911.1592152317,82.1719431356078,4,1.002,0.952,269.709539408512,256.763481516904
14.27,60,0,2911.66929298851,82.1947528913748,4,1.002,0.952,269.690917687641,256.745753638635
14.28,60,0,2912.17914062568,82.2175559323299,4,1.002,0.952,269.672304340256,256.728033731924
14.29,60,0,2912.68875826043,82.2403522595772,4,1.002,0.952,269.653699358517,256.710321789308
14.3,60,0,2913.19814601137,82.2631418742208,4,1.002,0.952,269.635102735413,256.692617804113
14.31,60,0,2913.70730399807,82.2859247773649,4,1.002,0.952,269.616514464569,256.67492177027
14.32,60,0,2914.21623234088,82.3087009701136,4,1.002,0.952,269.597934540085,256.657233682161
14.33,60,0,2914.72493116065,82.3314704535713,4,1.002,0.952,269.579362956426,256.639553534518
14.34,60,0,2915.23340057866,82.3542332288427,4,1.002,0.952,269.560799708336,256.621881322336
14.35,60,0,2915.74164071643,82.3769892970326,4,1.002,0.952,269.542244790769,256.604217040812
14.36,60,0,2916.24965169566,82.3997386592461,4,1.002,0.952,269.523698198839,256.586560685295
14.37,60,0,2916.75743363819,82.4224813165886,4,1.002,0.952,269.505159927783,256.568912251249
14.38,60,0,2917.26498666591,82.4452172701657,4,1.002,0.952,269.486629972933,256.551271734232
14.39,60,0,2917.77231090073,82.4679465210835,4,1.002,0.952,269.468108329691,256.533639129866
14.4,60,0,2918.27940646458,82.490669070448,4,1.002,0.952,269.449594993516,256.516014433827
14.41,60,0,2918.78627347934,82.5133849193661,4,1.002,0.952,269.43108995991,256.498397641834
14.42,60,0,2919.29291206687,82.5360940689444,4,1.002,0.952,269.412593224407,256.480788749636
14.43,60,0,2919.79932234897,82.5587965202902,4,1.002,0.952,269.394104782569,256.463187753006
14.44,60,0,2920.30550444737,82.581492274511,4,1.002,0.952,269.375624629977,256.445594647738
14.45,60,0,2920.81145848375,82.6041813327147,4,1.002,0.952,269.357152762227,256.42800942964
14.46,60,0,2921.31718457969,82.6268636960094,4,1.002,0.952,269.338689174932,256.410432094535
14.47,60,0,2921.8226828567,82.6495393655035,4,1.002,0.952,269.320233863713,256.392862638255
14.48,60,0,2922.32795343623,82.6722083423059,4,1.002,0.952,269.301786824201,256.37530105664
14.49,60,0,2922.8329964396,82.6948706275256,4,1.002,0.952,269.283348052035,256.357747345537
14.5,60,0,2923.33781198808,82.7175262222721,4,1.002,0.952,269.264917542858,256.340201500801
14.51,60,0,2923.84240020283,82.7401751276552,4,1.002,0.952,269.246495292322,256.322663518291
14.52,60,0,2924.34676120495,82.762817344785,4,1.002,0.952,269.228081296083,256.305133393871
14.53,60,0,2924.85089511542,82.7854528747718,4,1.002,0.952,269.2096755498,256.28761112341
14.54,60,0,2925.35480205514,82.8080817187264,4,1.002,0.952,269.191278049139,256.27009670278
14.55,60,0,2925.85848214493,82.8307038777598,4,1.002,0.952,269.172888789769,256.25259012786
14.56,60,0,2926.3619355055,82.8533193529835,4,1.002,0.952,269.154507767362,256.235091394529
14.57,60,0,2926.86516225749,82.875928145509,4,1.002,0.952,269.136134977595,256.21760049867
14.58,60,0,2927.36816252142,82.8985302564484,4,1.002,0.952,269.117770416147,256.200117436171
14.59,60,0,2927.87093641776,82.9211256869141,4,1.002,0.952,269.099414078701,256.182642202923
14.6,60,0,2928.37348406686,82.9437144380187,4,1.002,0.952,269.081065960945,256.16517479482
14.61,60,0,2928.87580558898,82.9662965108752,4,1.002,0.952,269.062726058569,256.147715207757
14.62,60,0,2929.3779011043,82.9888719065968,4,1.002,0.952,269.044394367265,256.130263437637
14.63,60,0,2929.87977073289,83.0114406262973,4,1.002,0.952,269.026070882732,256.112819480361
14.64,60,0,2930.38141459477,83.0340026710905,4,1.002,0.952,269.007755600669,256.095383331836
14.65,60,0,2930.88283280982,83.0565580420907,4,1.002,0.952,268.989448516778,256.077954987972
14.66,60,0,2931.38402549785,83.0791067404125,4,1.002,0.952,268.971149626766,256.060534444681
14.67,60,0,2931.8849927786,83.1016487671709,4,1.002,0.952,268.952858926343,256.043121697878
14.68,60,0,2932.38573477168,83.1241841234809,4,1.002,0.952,268.934576411222,256.025716743483
14.69,60,0,2932.88625159665,83.1467128104582,4,1.002,0.952,268.916302077118,256.008319577417
14.7,60,0,2933.38654337294,83.1692348292187,4,1.002,0.952,268.898035919751,255.990930195603
14.71,60,0,2933.88661021992,83.1917501808784,4,1.002,0.952,268.879777934844,255.973548593971
14.72,60,0,2934.38645225686,83.214258866554,4,1.002,0.952,268.86152811812,255.95617476845
14.73,60,0,2934.88606960294,83.2367608873621,4,1.002,0.952,268.843286465309,255.938808714974
14.74,60,0,2935.38546237724,83.2592562444201,4,1.002,0.952,268.825052972143,255.92145042948
14.75,60,0,2935.88463069877,83.2817449388452,4,1.002,0.952,268.806827634357,255.904099907908
14.76,60,0,2936.38357468644,83.3042269717553,4,1.002,0.952,268.788610447688,255.886757146199
14.77,60,0,2936.88229445907,83.3267023442685,4,1.002,0.952,268.770401407878,255.8694221403
14.78,60,0,2937.38079013538,83.3491710575032,4,1.002,0.952,268.75220051067,255.852094886158
14.79,60,0,2937.87906183402,83.3716331125781,4,1.002,0.952,268.734007751814,255.834775379727
14.8,60,0,2938.37710967355,83.3940885106122,4,1.002,0.952,268.715823127058,255.817463616959
14.81,60,0,2938.87493377242,83.416537252725,4,1.002,0.952,268.697646632156,255.800159593813
14.82,60,0,2939.372534249,83.438979340036,4,1.002,0.952,268.679478262866,255.782863306249
14.83,60,0,2939.8699112216,83.4614147736653,4,1.002,0.952,268.661318014947,255.76557475023
14.84,60,0,2940.36706480839,83.4838435547332,4,1.002,0.952,268.643165884162,255.748293921722
14.85,60,0,2940.86399512749,83.5062656843603,4,1.002,0.952,268.625021866277,255.731020816696
14.86,60,0,2941.36070229692,83.5286811636675,4,1.002,0.952,268.606885957061,255.713755431122
14.87,60,0,2941.8571864346,83.5510899937762,4,1.002,0.952,268.588758152287,255.696497760977
14.88,60,0,2942.35344765839,83.5734921758077,4,1.002,0.952,268.57063844773,255.679247802239
14.89,60,0,2942.84948608602,83.5958877108842,4,1.002,0.952,268.552526839168,255.662005550887
14.9,60,0,2943.34459289141,83.6182766956174,4,1.00199301943525,0.95199301943525,268.538205971382,255.646497536422
14.91,60,0,2943.83760456021,83.640659253491,4,1.00198430497639,0.951984304976392,268.523888673191,255.630527528106
14.92,60,0,2944.32892139638,83.663035278297,4,1.00197555013794,0.95197555013794,268.508785233412,255.613798539447
14.93,60,0,2944.81888315113,83.6854046841397,4,1.00196676505557,0.951966765055568,268.493079368887,255.596488206607
14.94,60,0,2945.30775103372,83.7077674053009,4,1.00195795752004,0.951957957520039,268.476912272002,255.578733047742
14.95,60,0,2945.79572588821,83.7301233915704,4,1.00194913352004,0.951949133520044,268.460392459797,255.560637986555
14.96,60,0,2946.2829621608,83.7524726046567,4,1.00194029765927,0.951940297659273,268.443603340741,255.542283668912
14.97,60,0,2946.76957863313,83.7748150154303,4,1.00193145347689,0.951931453476894,268.426609028207,255.523732084095
14.98,60,0,2947.25566667081,83.7971506018044,4,1.00192260369382,0.951922603693822,268.409458807085,255.50503088369
14.99,60,0,2947.74129656282,83.8194793471061,4,1.00191375040197,0.951913750401965,268.392190565717,255.486216700011
15,100,0,2948.22652239396,83.8418012388249,4,1.00190489520967,0.951904895209672,268.374833432984,255.467317695938
15.01,100,0,2974.64510117583,83.8650454608133,4,1.002,0.952,282.965487157553,269.38314377399
15.02,100,0,2995.20246804199,83.8898895481129,4,1.00421700478943,0.954217004789432,293.587262124999,280.145957909247
15.03,100,0,3011.87284501086,83.9159336419801,4,1.00869990740109,0.958699907401091,300.865051944965,288.439297439862
15.04,100,0,3025.52747944426,83.9429498517829,4,1.01244399502155,0.962443995021547,306.889698739596,295.364147685896
15.05,100,0,3036.67295595453,83.9708135713871,4,1.0169843328158,0.966984332815797,311.917607653061,301.619439729895
15.06,100,0,3045.75287215692,83.9994012568026,4,1.02056393196737,0.970563931967366,316.00321858859,306.701326347684
15.07,100,0,3053.15833315602,84.0285741698376,4,1.02337363736404,0.973373637364037,319.307378186706,310.805384142768
15.08,100,0,3059.21219822884,84.0582172931279,4,1.02556761041889,0.975567610418892,321.96936411348,314.102883176278
15.09,100,0,3064.17881815119,84.088236142467,4,1.02726993720972,0.977269937209716,324.107445329749,316.740462746605
15.1,100,0,3068.2830311559,84.118550564562,4,1.02854801152962,0.978548011529617,325.741394786393,318.753594141109
15.11,100,0,3071.74407190138,84.1490840173907,4,1.02951043752815,0.979510437528153,326.995057478052,320.29507181987
15.12,100,0,3074.68743483273,84.1797912350443,4,1.03025637370288,0.980256373702885,328.025404915567,321.548993904954
15.13,100,0,3077.2055240102,84.2106383871114,4,1.03082507512815,0.980825075128152,328.871463449931,322.565377845784
15.14,100,0,3079.37452871429,84.2415975553727,4,1.03124872379826,0.981248723798261,329.565703154871,323.385925628394
15.15,100,0,3081.25716992343,84.2726457415645,4,1.03155368922589,0.981553689225888,330.135049785246,324.045276059481
15.16,100,0,3082.90501508888,84.3037640278302,4,1.03176156906296,0.98176156906296,330.601771606995,324.572114027878
15.17,100,0,3084.36041747705,84.3349368711842,4,1.03189004655998,0.981890046559983,330.984245015865,324.990135749248
15.18,100,0,3085.65813326824,84.366151513793,4,1.03195359604442,0.981953596044417,331.297608024547,325.318877560618
15.19,100,0,3086.82666483314,84.3973974921838,4,1.03196406264594,0.981964062645937,331.554313151718,325.574420330244
15.2,100,0,3087.88937314481,84.4286662301956,4,1.03193113820925,0.981931138209254,331.764591989779,325.769983430053
15.21,100,0,3088.86539673652,84.4599507023217,4,1.03186275166755,0.98186275166755,331.936843445844,325.916422485577
15.22,100,0,3089.77040934036,84.4912451558928,4,1.03176538904057,0.981765389040572,332.07795679968,326.022644449236
15.23,100,0,3090.61724352334,84.5225448822319,4,1.03164435560498,0.98164435560498,332.193579598462,326.095952381043
15.24,100,0,3091.41640335614,84.5538460284223,4,1.03150399059514,0.981503990595144,332.288339195628,326.142330948742
15.25,100,0,3092.17648541845,84.5851454426638,4,1.03134784296901,0.981347842969008,332.366025549575,326.166682249258
15.26,100,0,3092.90452423731,84.6164405473447,4,1.03117881526024,0.981178815260236,332.429741787719,326.173020204541
15.27,100,0,3093.60627552903,84.6477292349418,4,1.03099928128563,0.98099928128563,332.482028041971,326.164630549563
15.28,100,0,3094.28644831565,84.6790097826961,4,1.03081118244313,0.980811182443125,332.524963182507,326.144202330891
15.29,100,0,3094.94889506025,84.7102807827119,4,1.03061610648403,0.980616106484025,332.560248316337,326.113935875328
15.3,100,0,3095.59676735921,84.7415410847146,4,1.03041535194255,0.980415351942549,332.589275267612,326.075631363813
15.31,100,0,3096.23264339474,84.7727897491893,4,1.0302099808302,0.980209980830201,332.613182706817,326.030761444921
15.32,100,0,3096.85863224698,84.8040260090281,4,1.03000086173004,0.980000861730036,332.632902134111,325.980530731192
15.33,100,0,3097.47645925194,84.8352492381463,4,1.02978870503849,0.979788705038492,332.649195536071,325.925924526383
15.34,100,0,3098.08753584008,84.866458925806,4,1.02957409178493,0.979574091784927,332.662686214003,325.867748718816
15.35,100,0,3098.69301667123,84.8976546556117,4,1.02935749719896,0.979357497198957,332.673884015835,325.806662433205
15.36,100,0,3099.29384637297,84.9288360883285,4,1.0291393099827,0.979139309982699,332.683205983514,325.743204749529
15.37,100,0,3099.89079777222,84.9600029478298,4,1.02891984807078,0.978919848070782,332.690993246314,325.677816563199
15.38,100,0,3100.48450316708,84.991155009603,4,1.02869937151834,0.978699371518337,332.697524841031,325.610858467624
15.39,100,0,3101.07547990526,85.0222920913495,4,1.02847809304052,0.978478093040521,332.703029017074,325.542625381432
15.4,100,0,3101.66415130537,85.0534140452967,4,1.02825618663168,0.978256186631682,332.707692483592,325.473358512025
15.41,100,0,3102.25086376896,85.0845207519108,4,1.02803379461424,0.97803379461424,332.71166797291,325.403255139978
15.42,100,0,3102.84127964924,85.1156104203712,4,1.02780079260457,0.97780079260457,332.688210036879,325.302795464256
15.43,100,0,3103.4431547504,85.1466806830427,4,1.02757089776097,0.977570897760968,332.665470484917,325.204082636015
15.44,100,0,3104.0542222739,85.1777323731847,4,1.02734536737102,0.977345367371023,332.647592692014,325.111583684662
15.45,100,0,3104.67250740472,85.2087662093427,4,1.02712333407353,0.977123334073528,332.633577322619,325.024030098283
15.46,100,0,3105.29644118718,85.239782763687,4,1.02690410868751,0.976904108687509,332.622630710257,324.940414583298
15.47,100,0,3105.92477701655,85.2707824921482,4,1.02668714356445,0.976687143564454,332.614122450665,324.859937165538
15.48,100,0,3106.55652434332,85.301765758336,4,1.02647200348788,0.976472003487879,332.607551762238,324.781962444471
15.49,100,0,3107.19089603346,85.3327328525284,4,1.02625834256335,0.976258342563351,332.602520793721,324.70598568247
15.5,100,0,3107.82726656567,85.3636840067492,4,1.02604588586398,0.976045885863981,332.598713439474,324.631605896252
15.51,100,0,3108.4651388303,85.3946194067411,4,1.02583441485152,0.975834414851515,332.595878522574,324.558504500102
15.52,100,0,3109.10411775721,85.4255392014748,4,1.02562375579541,0.975623755795408,332.593816442957,324.486428352406
15.53,100,0,3109.74388936573,85.4564435107018,4,1.02541377057266,0.975413770572659,332.592368575112,324.415176295541
15.54,100,0,3110.38420412051,85.4873324309547,4,1.02520434935846,0.975204349358464,332.591408848046,324.344588467874
15.55,100,0,3111.02486370708,85.5182060403127,4,1.02499540481868,0.974995404818676,332.590837057591,324.274537815948
15.56,100,0,3111.66571052381,85.5490644021895,4,1.02478686749519,0.974786867495194,332.590573554107,324.204923353238
15.57,100,0,3112.30661933155,85.5799075683416,4,1.02457868213902,0.97457868213902,332.590555022335,324.135664805553
15.58,100,0,3112.94749061754,85.610735581259,4,1.02437080479618,0.97437080479618,332.590731128591,324.066698357516
15.59,100,0,3113.58824532129,85.6415484760659,4,1.0241632004918,0.974163200491799,332.591061856819,323.997973273404
15.6,100,0,3114.22882064265,85.6723462820298,4,1.02395584138944,0.97395584138944,332.59151539183,323.929449212439
15.61,100,0,3114.86916670972,85.7031290237622,4,1.02374870532809,0.973748705328093,332.592066437218,323.861094095637
15.62,100,0,3115.50924393022,85.7338967221718,4,1.02354177465927,0.973541774659268,332.592694878593,323.792882410814
15.63,100,0,3116.14902088591,85.7646493952232,4,1.02333503532257,0.973335035322566,332.593384721178,323.724793865639
15.64,100,0,3116.78847265859,85.7953870585392,4,1.0231284761108,0.9731284761108,332.594123245407,323.65681231721
15.65,100,0,3117.42757949929,85.82610972588,4,1.02292208808575,0.972922088085749,332.594900335752,323.588924921331
15.66,100,0,3118.06632577002,85.8568174095239,4,1.02271586411366,0.97271586411366,332.595707947203,323.521121456358
15.67,100,0,3118.70469910246,85.8875101205705,4,1.02250979849592,0.972509798495921,332.596539681151,323.453393785757
15.68,100,0,3119.34268972882,85.918187869181,4,1.02230388667539,0.972303886675393,332.597390448218,323.385735430895
15.69,100,0,3119.98028994982,85.9488506647699,4,1.02209812500289,0.972098125002893,332.59825620019,323.318141231437
15.7,100,0,3120.61749371154,85.9794985161573,4,1.02189251055149,0.971892510551489,332.599133716892,323.250607075361
15.71,100,0,3121.2542962689,86.0101314316897,4,1.02168704096882,0.97168704096882,332.600020436715,323.183129684321
15.72,100,0,3121.89069391802,86.0407494193363,4,1.02148171435964,0.971481714359642,332.600914321863,323.115706442987
15.73,100,0,3122.52668378329,86.0713524867659,4,1.0212765291924,0.971276529192404,332.601813751194,323.048335263358
15.74,100,0,3123.16226364804,86.1019406414073,4,1.02107148422495,0.971071484224948,332.602717435001,322.981014476857
15.75,100,0,3123.79743181986,86.1325138904983,4,1.0208665784454,0.970866578445398,332.603624347238,322.913742748541
15.76,100,0,3124.43218702335,86.1630722411235,4,1.02066181102515,0.970661811025145,332.604533671613,322.846519008861
15.77,100,0,3125.06652831494,86.1936157002458,4,1.02045718128144,0.970457181281443,332.605444758714,322.779342399403
15.78,100,0,3125.70045501503,86.2241442747301,4,1.02025268864765,0.970252688647646,332.606357091909,322.712212229723
15.79,100,0,3126.33396665398,86.2546579713631,4,1.02004833264954,0.970048332649539,332.607270260209,322.64512794303
15.8,100,0,3126.96706292922,86.2851567968683,4,1.01984411288649,0.969844112886493,332.608183936694,322.57808908887
15.81,100,0,3127.59974367104,86.315640757919,4,1.01964002901648,0.969640029016481,332.609097861341,322.511095301416
15.82,100,0,3128.23200881541,86.3461098611472,4,1.01943608074414,0.969436080744145,332.610011827363,322.444146282182
15.83,100,0,3128.86385838233,86.3765641131522,4,1.01923226781131,0.969232267811307,332.610925670341,322.377241786283
15.84,100,0,3129.49529245858,86.4070035205062,4,1.01902858998942,0.969028589989416,332.611839259579,322.310381611496
15.85,100,0,3130.12631118408,86.4374280897594,4,1.01882504707353,0.96882504707353,332.612752491215,322.243565589558
15.86,100,0,3130.75691474091,86.4678378274441,4,1.01862163887754,0.96862163887754,332.613665282756,322.176793579248
15.87,100,0,3131.38710334466,86.4982327400775,4,1.01841836523035,0.968418365230349,332.614577568709,322.110065460873
15.88,100,0,3132.01687723749,86.5286128341646,4,1.01821522597285,0.968215225972852,332.615489297122,322.043381131884
15.89,100,0,3132.64623668265,86.5589781161997,4,1.01801222095551,0.968012220955513,332.616400426816,321.976740503391
15.9,100,0,3133.2751819601,86.5893285926684,4,1.01780935003645,0.967809350036452,332.617310925193,321.910143497384
15.91,100,0,3133.90371336299,86.6196642700485,4,1.01760661307991,0.967606613079907,332.618220766484,321.843590044523
15.92,100,0,3134.53183119494,86.6499851548112,4,1.01740400995502,0.967404009955021,332.61912993036,321.77708008238
15.93,100,0,3135.15953576774,86.6802912534221,4,1.01720154053487,0.96720154053487,332.620038400821,321.710613554042
15.94,100,0,3135.78682739969,86.7105825723412,4,1.01699920469569,0.966999204695693,332.620946165313,321.644190406987
15.95,100,0,3136.41370641413,86.7408591180242,4,1.01679700231627,0.966797002316274,332.621853214031,321.577810592209
15.96,100,0,3137.04017313833,86.7711208969223,4,1.01659493327745,0.966594933277455,332.622759539353,321.511474063504
15.97,100,0,3137.66622790265,86.8013679154826,4,1.01639299746174,0.966392997461741,332.623665135398,321.445180776907
15.98,100,0,3138.29187103976,86.8316001801489,4,1.016191194753,0.966191194752998,332.624569997671,321.378930690252
15.99,100,0,3138.91710288414,86.861817697361,4,1.0159895250362,0.965989525036197,332.625474122782,321.312723762806
16,100,0,3139.54192377158,86.8920204735558,4,1.01578798819722,0.965787988197219,332.626377508218,321.24655995499
16.01,100,0,3140.16633403888,86.9222085151666,4,1.0155865841227,0.965586584122701,332.627280152166,321.180439228155
16.02,100,0,3140.79033402351,86.952381828624,4,1.01538531269991,0.965385312699907,332.628182053372,321.114361544396
16.03,100,0,3141.4139240634,86.9825404203552,4,1.01518417381663,0.96518417381663,332.629083211023,321.048326866415
16.04,100,0,3142.03710449679,87.0126842967846,4,1.01498316736111,0.964983167361111,332.62998362466,320.982335157399
16.05,100,0,3142.65987566203,87.0428134643337,4,1.01478229322198,0.964782293221979,332.630883294104,320.916386380938
16.06,100,0,3143.28223789754,87.0729279294212,4,1.0145815512882,0.964581551288196,332.631782219401,320.850480500948
16.07,100,0,3143.90419154165,87.1030276984629,4,1.01438094144902,0.964380941449019,332.632680400774,320.78461748161
16.08,100,0,3144.52573693254,87.1331127778719,4,1.01418046359397,0.964180463593968,332.633577838587,320.718797287329
16.09,100,0,3145.14687440825,87.1631831740582,4,1.0139801176128,0.963980117612799,332.634474533316,320.653019882698
16.1,100,0,3145.76760430652,87.1932388934296,4,1.01377990339548,0.963779903395483,332.635370485527,320.587285232462
16.11,100,0,3146.38792696487,87.2232799423907,4,1.01357982083219,0.963579820832193,332.636265695856,320.521593301503
16.12,100,0,3147.00784272048,87.2533063273436,4,1.01337986981329,0.963379869813287,332.637160164995,320.455944054815
16.13,100,0,3147.62735191022,87.2833180546876,4,1.0131800502293,0.9631800502293,332.638053893681,320.390337457492
16.14,100,0,3148.24645487063,87.3133151308194,4,1.01298036197093,0.962980361970933,332.638946882685,320.324773474718
16.15,100,0,3148.86515193786,87.3432975621329,4,1.01278080492905,0.962780804929047,332.639839132806,320.259252071752
16.16,100,0,3149.48344344772,87.3732653550193,4,1.01258137899466,0.962581378994663,332.640730644865,320.193773213926
16.17,100,0,3150.10132973563,87.4032185158673,4,1.01238208405895,0.962382084058947,332.641621419698,320.128336866637
16.18,100,0,3150.71881113663,87.4331570510627,4,1.01218292001322,0.962182920013217,332.642511458157,320.06294299534
16.19,100,0,3151.33586488768,87.4630810072717,4,1.01198992259645,0.96198992259645,332.643777200625,319.99996148142
16.2,100,0,3151.95137351298,87.4929924836958,4,1.0118652734075,0.961865273407496,332.648872444939,319.963398642946
16.21,100,0,3152.56476869742,87.5228929961335,4,1.0117402094002,0.9617402094002,332.653104474892,319.925866355309
16.22,100,0,3153.17640266486,87.5527824327609,4,1.01161482664313,0.961614826643127,332.656644241198,319.887561283684
16.23,100,0,3153.7865578951,87.5826607045549,4,1.01148920215512,0.961489202155121,332.65962879682,319.848641081073
16.24,100,0,3154.39546095248,87.6125277407708,4,1.01136339768359,0.961363397683588,332.662168022479,319.809232130879
16.25,100,0,3155.00329357085,87.6423834853177,4,1.01123746273289,0.961237462732891,332.664350017215,319.769435752234
16.26,100,0,3155.61020153969,87.6722278938526,4,1.01111143699176,0.961111436991764,332.666245419018,319.729333173327
16.27,100,0,3156.21630182761,87.7020609314514,4,1.0109853522791,0.960985352279101,332.667910867941,319.688989517381
16.28,100,0,3156.82168829315,87.7318825707421,4,1.01085923410374,0.960859234103739,332.669391781958,319.648456997368
16.29,100,0,3157.42643626317,87.761692790408,4,1.01073310291487,0.960733102914869,332.670724581996,319.607777476599
16.3,100,0,3158.03060620356,87.7914915739876,4,1.01060697510448,0.960606975104477,332.671938475527,319.566984521119
16.31,100,0,3158.6342466623,87.821278908913,4,1.01048086381103,0.960480863811029,332.673056886319,319.526105044827
16.32,100,0,3159.23739662927,87.8510547857387,4,1.01035477956383,0.960354779563835,332.674098600614,319.48516062819
16.33,100,0,3159.84008742839,87.8808191975229,4,1.0102287307997,0.960228730799698,332.675078685992,319.44416857534
16.34,100,0,3160.44234423495,87.9105721393317,4,1.01010272427719,0.960102724277191,332.676009228049,319.403142761514
16.35,100,0,3161.04418729235,87.940313607842,4,1.00997676540884,0.959976765408842,332.67689992102,319.362094312422
16.36,100,0,3161.64563288787,87.9700436010224,4,1.00985085852753,0.959850858527527,332.677758541341,319.321032148919
16.37,100,0,3162.24669413521,87.9997621178774,4,1.0097250071001,0.959725007100099,332.678591327354,319.279963423696
16.38,100,0,3162.84738160217,88.0294691582425,4,1.00959921389872,0.959599213898718,332.679403283784,319.238893871414
16.39,100,0,3163.447703814,88.0591647226199,4,1.00947348113826,0.959473481138262,332.68019842589,319.197828089456
16.4,100,0,3164.04766765721,88.0888488120466,4,1.00934781058653,0.959347810586533,332.680979975262,319.15676976305
16.41,100,0,3164.64727870345,88.1185214279882,4,1.00922220365266,0.959222203652662,332.681750516843,319.115721845792
16.42,100,0,3165.24654146931,88.1481825722548,4,1.00909666145802,0.95909666145802,332.68251212486,319.074686704421
16.43,100,0,3165.84545962476,88.1778322469323,4,1.00897118489309,0.958971184893093,332.683266463827,319.033666234921
16.44,100,0,3166.44403616036,88.2074704543281,4,1.00884577466312,0.958845774663118,332.684014869556,318.992661955636
16.45,100,0,3167.0422735214,88.2370971969273,4,1.00872043132469,0.958720431324693,332.684758414142,318.951675081958
16.46,100,0,3167.64017371553,88.2667124773575,4,1.00859515531514,0.95859515531514,332.685497958084,318.910706586224
16.47,100,0,3168.23773839915,88.2963162983604,4,1.00846994697607,0.958469946976074,332.686234192102,318.869757245774
16.48,100,0,3168.83496894668,88.3259086627698,4,1.00834480657231,0.958344806572311,332.686967670682,318.828827681488
16.49,100,0,3169.43186650615,88.3554895734927,4,1.00821973430704,0.958219734307036,332.687698838984,318.787918388711
16.5,100,0,3170.02843204386,88.3850590334953,4,1.00809473033398,0.958094730333976,332.688428054441,318.747029762054
16.51,100,0,3170.62466638017,88.4146170457911,4,1.00796979476718,0.957969794767177,332.689155604073,318.706162115299
16.52,100,0,3171.22057021824,88.4441636134314,4,1.00784492768883,0.957844927688833,332.689881718398,318.665315697365
16.53,100,0,3171.81614416711,88.4736987394981,4,1.00772012915559,0.957720129155586,332.690606582575,318.624490705114
16.54,100,0,3172.41138876019,88.5032224270972,4,1.00759539920357,0.957595399203574,332.691330345365,318.583687293638
16.55,100,0,3173.00630447014,88.5327346793546,4,1.00747073785248,0.957470737852481,332.692053126306,318.542905584501
16.56,100,0,3173.60089172078,88.5622354994114,4,1.00734614510879,0.957346145108795,332.69277502148,318.502145672362
16.57,100,0,3174.19515089668,88.5917248904215,4,1.00722162096842,0.957221620968416,332.693496108142,318.461407630284
16.58,100,0,3174.78908235087,88.6212028555488,4,1.00709716541875,0.957097165418753,332.694216448426,318.420691514001
16.59,100,0,3175.38268641095,88.6506693979649,4,1.00697277844041,0.95697277844041,332.694936092334,318.379997365335
16.6,100,0,3175.97596338409,88.6801245208482,4,1.00684846000853,0.95684846000853,332.695655080122,318.339325214944
16.61,100,0,3176.56891356102,88.7095682273818,4,1.00672421009389,0.956724210093887,332.696373444223,318.298675084525
16.62,100,0,3177.16153721917,88.7390005207531,4,1.00660002866375,0.956600028663753,332.697091210787,318.258046988586
16.63,100,0,3177.75383462529,88.7684214041524,4,1.0064759156826,0.956475915682597,332.69780840092,318.217440935863
16.64,100,0,3178.34580603749,88.797830880773,4,1.00635187111265,0.956351871112648,332.698525031676,318.176856930462
16.65,100,0,3178.93745170686,88.8272289538096,4,1.00622789491435,0.956227894914347,332.699241116858,318.136294972773
16.66,100,0,3179.52877187887,88.856615626459,4,1.0061039870467,0.956103987046702,332.699956667653,318.095755060208
16.67,100,0,3180.11976679437,88.8859909019188,4,1.00598014746759,0.955980147467589,332.70067169315,318.055237187783
16.68,100,0,3180.71043669049,88.9153547833878,4,1.00585637613398,0.955856376133977,332.701386200754,318.014741348603
16.69,100,0,3181.3007818013,88.9447072740653,4,1.00573267300212,0.955732673002121,332.702100196513,317.974267534233
16.7,100,0,3181.89080235839,88.9740483771514,4,1.00560903802771,0.955609038027707,332.70281368539,317.933815735007
16.71,100,0,3182.48049859128,89.0033780958463,4,1.00548547116598,0.95548547116598,332.703526671471,317.893385940274
16.72,100,0,3183.06987072782,89.0326964333505,4,1.00536197237183,0.955361972371834,332.704239158142,317.852978138593
16.73,100,0,3183.65891899444,89.0620033928649,4,1.0052385415999,0.955238541599896,332.704951148223,317.812592317893
16.74,100,0,3184.24764361639,89.0912989775903,4,1.00511517880458,0.955115178804584,332.705662644081,317.772228465599
16.75,100,0,3184.83604481794,89.1205831907275,4,1.00499188394016,0.954991883940158,332.706373647719,317.731886568734
16.76,100,0,3185.42412282252,89.1498560354775,4,1.00486865696077,0.954868656960766,332.707084160847,317.691566614
16.77,100,0,3186.01187785282,89.179117515041,4,1.00474549782047,0.954745497820467,332.707794184936,317.651268587846
16.78,100,0,3186.59931013092,89.2083676326189,4,1.00462240647327,0.954622406473266,332.708503721272,317.610992476521
16.79,100,0,3187.18641987837,89.2376063914117,4,1.00449938287313,0.95449938287313,332.709212770987,317.570738266112
16.8,100,0,3187.77320731618,89.26683379462,4,1.004376426974,0.954376426974002,332.709921335088,317.530505942583
16.81,100,0,3188.35967266499,89.2960498454441,4,1.00425353872983,0.954253538729825,332.710629414488,317.490295491802
16.82,100,0,3188.94581614499,89.3252545470843,4,1.00413071809454,0.954130718094541,332.711337010014,317.45010689956
16.83,100,0,3189.53163797605,89.3544479027405,4,1.00400796502211,0.954007965022106,332.712044122436,317.40994015159
16.84,100,0,3190.11713837766,89.3836299156128,4,1.0038852794665,0.953885279466497,332.712750752466,317.369795233583
16.85,100,0,3190.70231756904,89.4128005889008,4,1.00376266138172,0.953762661381715,332.71345690078,317.329672131198
16.86,100,0,3191.28717576909,89.441959925804,4,1.00364011072179,0.953640110721792,332.714162568015,317.28957083007
16.87,100,0,3191.87171319641,89.4711079295217,4,1.00351762744079,0.95351762744079,332.714867754784,317.249491315818
16.88,100,0,3192.45593006936,89.5002446032531,4,1.00339521149281,0.953395211492813,332.715572461677,317.209433574053
16.89,100,0,3193.039826606,89.5293699501971,4,1.003272862832,0.953272862831998,332.716276689266,317.16939759038
16.9,100,0,3193.62340302418,89.5584839735525,4,1.00315058141252,0.953150581412525,332.71698043811,317.129383350404
16.91,100,0,3194.20665954145,89.5875866765178,4,1.00302836718862,0.953028367188615,332.717683708753,317.089390839731
16.92,100,0,3194.78959637514,89.6166780622914,4,1.00290622011453,0.952906220114534,332.718386501732,317.049420043972
16.93,100,0,3195.37221374234,89.6457581340714,4,1.00278414014459,0.952784140144587,332.719088817575,317.009470948744
16.94,100,0,3195.95451185988,89.6748268950558,4,1.00266212723313,0.952662127233129,332.719790656804,316.969543539672
16.95,100,0,3196.53649094439,89.7038843484422,4,1.00254018133456,0.952540181334556,332.720492019935,316.929637802392
16.96,100,0,3197.11815121223,89.7329304974283,4,1.00241830240331,0.952418302403312,332.721192907479,316.889753722546
16.97,100,0,3197.69949287955,89.7619653452113,4,1.00229649039389,0.952296490393885,332.721893319945,316.849891285792
16.98,100,0,3198.28051616227,89.7909888949885,4,1.00217474526081,0.952174745260811,332.722593257836,316.810050477797
16.99,100,0,3198.86122127606,89.8200011499567,4,1.00205306695867,0.952053066958671,332.723292721656,316.77023128424
17,100,0,3199.44684632137,89.8490015579379,4,1.002,0.952,332.685710074072,316.716795990516
17.01,100,0,3200.05729233962,89.877988578084,4,1.002,0.952,332.63200263483,316.665666508358
17.02,100,0,3200.68888647262,89.9069637314096,4,1.002,0.952,332.592025997457,316.627608749579
17.03,100,0,3201.33621495023,89.935928481491,4,1.002,0.952,332.562299725121,316.599309338315
17.04,100,0,3201.99523586227,89.9648839208587,4,1.002,0.952,332.540227150735,316.5782962475
17.05,100,0,3202.66293095791,89.9938308651752,4,1.002,0.952,332.523870394175,316.562724615255
17.06,100,0,3203.33704602916,90.0227699234534,4,1.002,0.952,332.511782874942,316.551217296944
17.07,100,0,3204.01589726396,90.051701550432,4,1.002,0.952,332.502884537389,316.542746079594
17.08,100,0,3204.69822675897,90.0806260856556,4,1.002,0.952,332.496368843944,316.536543139435
17.09,100,0,3205.38309468384,90.1095437826405,4,1.002,0.952,332.491633417591,316.532035013547
17.1,100,0,3206.0697987821,90.1384548306476,4,1.002,0.952,332.488228302077,316.528793343577
17.11,100,0,3206.75781426776,90.1673593709385,4,1.002,0.952,332.485817353748,316.526498120768
17.12,100,0,3207.44674894277,90.1962575089149,4,1.002,0.952,332.484149425477,316.524910253054
17.13,100,0,3208.13630967622,90.2251493231852,4,1.002,0.952,332.483036854901,316.523851085865
17.14,100,0,3208.82627736572,90.2540348723365,4,1.002,0.952,332.482339402788,316.523187111454
17.15,100,0,3209.51648823259,90.2829141999938,4,1.002,0.952,332.481952258939,316.52281855051
17.16,100,0,3210.20681984715,90.3117873385998,4,1.002,0.952,332.481797084371,316.522670824321
17.17,100,0,3210.8971806868,90.3406543122392,4,1.002,0.952,332.481815320337,316.522688184961
17.18,100,0,3211.5875023331,90.3695151387487,4,1.002,0.952,332.481963190017,316.522828956896
17.19,100,0,3212.27773364034,90.3983698312949,4,1.002,0.952,332.482207964259,316.523061981974
17.2,100,0,3212.96783637707,90.4272183995528,4,1.002,0.952,332.482525171428,316.523363963199
17.21,100,0,3213.65778196822,90.4560608505871,4,1.002,0.952,332.482896512483,316.523717479884
17.22,100,0,3214.34754905978,90.4848971895105,4,1.002,0.952,332.483308302864,316.524109504327
17.23,100,0,3215.03712169799,90.5137274199767,4,1.002,0.952,332.483750307996,316.524530293212
17.24,100,0,3215.72648796814,90.5425515445482,4,1.002,0.952,332.484214872875,316.524972558977
17.25,100,0,3216.41563897661,90.5713695649721,4,1.002,0.952,332.484696271427,316.525430850398
17.26,100,0,3217.10456808975,90.6001814823851,4,1.002,0.952,332.485190220092,316.525901089527
17.27,100,0,3217.79327036454,90.6289872974685,4,1.002,0.952,332.485693514167,316.526380225487
17.28,100,0,3218.48174212291,90.6577870105626,4,1.002,0.952,332.486203755889,316.526865975606
17.29,100,0,3219.16998063323,90.6865806217531,4,1.002,0.952,332.486719151106,316.527356631852
17.3,100,0,3219.85798387208,90.7153681309357,4,1.002,0.952,332.487238357218,316.527850916071
17.31,100,0,3220.54575034601,90.7441495378639,4,1.002,0.952,332.487760369453,316.528347871719
17.32,100,0,3221.23327895826,90.7729248421856,4,1.002,0.952,332.488284435809,316.52884678289
17.33,100,0,3221.92056890892,90.8016940434695,4,1.002,0.952,332.488809993421,316.529347113737
17.34,100,0,3222.60761962028,90.8304571412258,4,1.002,0.952,332.489336620964,316.529848463157
17.35,100,0,3223.29443068099,90.859214134921,4,1.002,0.952,332.489864003043,316.530350530897
17.36,100,0,3223.98100180422,90.8879650239893,4,1.002,0.952,332.490391903544,316.530853092174
17.37,100,0,3224.66733279635,90.916709807841,4,1.002,0.952,332.4909201457,316.531355978706
17.38,100,0,3225.35342353358,90.9454484858692,4,1.002,0.952,332.49144859717,316.531859064506
17.39,100,0,3226.03927394432,90.9741810574539,4,1.002,0.952,332.491977158869,316.532362255243
17.4,100,0,3226.72488399614,91.0029075219662,4,1.002,0.952,332.492505756615,316.532865480297
17.41,100,0,3227.41025368589,91.0316278787704,4,1.002,0.952,332.493034334871,316.533368686797
17.42,100,0,3228.09538303232,91.0603421272263,4,1.002,0.952,332.493562852062,316.533871835163
17.43,100,0,3228.78027207063,91.0890502666909,4,1.002,0.952,332.494091277071,316.534374895772
17.44,100,0,3229.46492084828,91.117752296519,4,1.002,0.952,332.494619586608,316.534877846451
17.45,100,0,3230.14932942193,91.1464482160644,4,1.002,0.952,332.495147763253,316.535380670617
17.46,100,0,3230.83349785512,91.1751380246804,4,1.002,0.952,332.495675793977,316.535883355866
17.47,100,0,3231.51742621653,91.2038217217202,4,1.002,0.952,332.496203669045,316.536385892931
17.48,100,0,3232.20111457865,91.2324993065376,4,1.002,0.952,332.496731381186,316.536888274889
17.49,100,0,3232.88456301688,91.2611707784867,4,1.002,0.952,332.497258924978,316.537390496579
17.5,100,0,3233.56777160874,91.2898361369226,4,1.002,0.952,332.497786296383,316.537892554157
17.51,100,0,3234.25074043331,91.3184953812013,4,1.002,0.952,332.4983134924,316.538394444765
17.52,100,0,3234.9334695709,91.3471485106798,4,1.002,0.952,332.498840510806,316.538896166288
17.53,100,0,3235.61595910264,91.3757955247165,4,1.002,0.952,332.499367349962,316.539397717163
17.54,100,0,3236.29820911035,91.4044364226705,4,1.002,0.952,332.499894008662,316.539899096246
17.55,100,0,3236.98021967628,91.4330712039027,4,1.002,0.952,332.500420486033,316.540400302704
17.56,100,0,3237.66199088304,91.461699867775,4,1.002,0.952,332.500946781442,316.540901335933
17.57,100,0,3238.34352281349,91.4903224136506,4,1.002,0.952,332.501472894444,316.54140219551
17.58,100,0,3239.02481555063,91.5189388408942,4,1.002,0.952,332.501998824728,316.541902881141
17.59,100,0,3239.70586917762,91.5475491488716,4,1.002,0.952,332.502524572091,316.54240339263
17.6,100,0,3240.38668377765,91.5761533369502,4,1.002,0.952,332.503050136402,316.542903729855
17.61,100,0,3241.06725943398,91.6047514044986,4,1.002,0.952,332.503575517595,316.54340389275
17.62,100,0,3241.74759622989,91.6333433508869,4,1.002,0.952,332.50410071564,316.543903881289
17.63,100,0,3242.42769424866,91.6619291754864,4,1.002,0.952,332.504625730545,316.544403695479
17.64,100,0,3243.10755357355,91.69050887767,4,1.002,0.952,332.50515056234,316.544903335348
17.65,100,0,3243.78717428783,91.7190824568118,4,1.002,0.952,332.505675211075,316.545402800943
17.66,100,0,3244.46655647472,91.7476499122874,4,1.002,0.952,332.506199676812,316.545902092325
17.67,100,0,3245.14570021742,91.7762112434737,4,1.002,0.952,332.506723959624,316.546401209562
17.68,100,0,3245.82460559908,91.804766449749,4,1.002,0.952,332.507248059591,316.546900152731
17.69,100,0,3246.50327270284,91.833315530493,4,1.002,0.952,332.507771976801,316.547398921914
17.7,100,0,3247.18170161178,91.8618584850868,4,1.002,0.952,332.508295711342,316.547897517198
17.71,100,0,3247.85989240893,91.8903953129128,4,1.002,0.952,332.50881926331,316.548395938671
17.72,100,0,3248.5378451773,91.918926013355,4,1.002,0.952,332.5093426328,316.548894186425
17.73,100,0,3249.21555999985,91.9474505857985,4,1.002,0.952,332.509865819909,316.549392260554
17.74,100,0,3249.89303695947,91.97596902963,4,1.002,0.952,332.510388824737,316.54989016115
17.75,100,0,3250.57027613904,92.0044813442374,4,1.002,0.952,332.510911647384,316.55038788831
17.76,100,0,3251.24727762137,92.0329875290102,4,1.002,0.952,332.51143428795,316.550885442128
17.77,100,0,3251.92404148924,92.0614875833391,4,1.002,0.952,332.511956746536,316.551382822702
17.78,100,0,3252.60056782538,92.0899815066163,4,1.002,0.952,332.512479023244,316.551880030128
17.79,100,0,3253.27685671246,92.1184692982353,4,1.002,0.952,332.513001118174,316.552377064502
17.8,100,0,3253.95290823312,92.146950957591,4,1.002,0.952,332.51352303143,316.552873925921
17.81,100,0,3254.62872246995,92.1754264840798,4,1.002,0.952,332.514044763111,316.553370614482
17.82,100,0,3255.3042995055,92.2038958770992,4,1.002,0.952,332.514566313321,316.553867130281
17.83,100,0,3255.97963942225,92.2323591360484,4,1.002,0.952,332.51508768216,316.554363473417
17.84,100,0,3256.65474230265,92.2608162603277,4,1.002,0.952,332.515608869731,316.554859643984
17.85,100,0,3257.32960822912,92.2892672493391,4,1.002,0.952,332.516129876134,316.555355642079
17.86,100,0,3258.00423728401,92.3177121024857,4,1.002,0.952,332.516650701471,316.5558514678
17.87,100,0,3258.67862954962,92.3461508191721,4,1.002,0.952,332.517171345844,316.556347121243
17.88,100,0,3259.35278510823,92.3745833988043,4,1.002,0.952,332.517691809353,316.556842602504
17.89,100,0,3260.02670404206,92.4030098407895,4,1.002,0.952,332.518212092101,316.55733791168
17.9,100,0,3260.70038643328,92.4314301445365,4,1.002,0.952,332.518732194187,316.557833048866
17.91,100,0,3261.37383236401,92.4598443094554,4,1.002,0.952,332.519252115713,316.558328014159
17.92,100,0,3262.04704191634,92.4882523349576,4,1.002,0.952,332.519771856779,316.558822807654
17.93,100,0,3262.7200151723,92.516654220456,4,1.002,0.952,332.520291417486,316.559317429447
17.94,100,0,3263.39275221388,92.5450499653648,4,1.002,0.952,332.520810797935,316.559811879634
17.95,100,0,3264.06525312304,92.5734395690996,4,1.002,0.952,332.521329998226,316.560306158311
17.96,100,0,3264.73751798166,92.6018230310774,4,1.002,0.952,332.521849018459,316.560800265573
17.97,100,0,3265.4095468716,92.6302003507164,4,1.002,0.952,332.522367858734,316.561294201515
17.98,100,0,3266.08133987467,92.6585715274365,4,1.002,0.952,332.522886519151,316.561787966232
17.99,100,0,3266.75289707263,92.6869365606587,4,1.002,0.952,332.523404999811,316.56228155982
18,100,0,3267.4242185472,92.7152954498055,4,1.002,0.952,332.523923300812,316.562774982373
18.01,100,0,3268.09530438005,92.7436481943007,4,1.002,0.952,332.524441422254,316.563268233986
18.02,100,0,3268.76615465281,92.7719947935696,4,1.002,0.952,332.524959364237,316.563761314754
18.03,100,0,3269.43676944705,92.8003352470387,4,1.002,0.952,332.52547712686,316.564254224771
18.04,100,0,3270.10714884432,92.8286695541359,4,1.002,0.952,332.525994710223,316.564746964132
18.05,100,0,3270.7772929261,92.8569977142906,4,1.002,0.952,332.526512114424,316.565239532931
18.06,100,0,3271.44720177385,92.8853197269335,4,1.002,0.952,332.527029339562,316.565731931263
18.07,100,0,3272.11687546896,92.9136355914967,4,1.002,0.952,332.527546385736,316.566224159221
18.08,100,0,3272.78631409278,92.9419453074136,4,1.002,0.952,332.528063253045,316.566716216899
18.09,100,0,3273.45551772664,92.970248874119,4,1.002,0.952,332.528579941587,316.567208104391
18.1,100,0,3274.12448645179,92.998546291049,4,1.002,0.952,332.529096451461,316.567699821791
18.11,100,0,3274.79322034947,93.0268375576413,4,1.002,0.952,332.529612782765,316.568191369192
18.12,100,0,3275.46042765198,93.0551228423191,4,1.00199145130082,0.951991451300818,332.535663792732,316.571109183324
18.13,100,0,3276.12514954143,93.0834022086189,4,1.00198266877872,0.95198266877872,332.540495580238,316.572788459473
18.14,100,0,3276.78791903052,93.1116755090832,4,1.00197384363666,0.951973843636664,332.544297933991,316.573473483678
18.15,100,0,3277.44914563725,93.1399426308993,4,1.0019649868652,0.9519649868652,332.547317300498,316.573402546026
18.16,100,0,3278.10914085306,93.1682034881862,4,1.00195610682226,0.951956106822255,332.549741077814,316.572756841185
18.17,100,0,3278.76814162795,93.1964580155428,4,1.0019472098641,0.951947209864098,332.551711771613,316.571674156517
18.18,100,0,3279.4263282257,93.2247061631418,4,1.00193830082498,0.951938300824982,332.553337755996,316.570259277119
18.19,100,0,3280.08383779954,93.2529478930011,4,1.00192938338177,0.951929383381773,332.554701453582,316.568591895418
18.2,100,0,3280.74077471445,93.281183176147,4,1.00192046033118,0.951920460331176,332.555865554007,316.566732624003
18.21,100,0,3281.39721839629,93.3094119904586,4,1.0019115338005,0.951911533800498,332.556877741442,316.56472756676
18.22,100,0,3282.05322930061,93.3376343190276,4,1.00190260540792,0.951902605407918,332.557774288802,316.56261179417
18.23,100,0,3282.70885345197,93.3658501489115,4,1.00189367638435,0.951893676384355,332.55858279048,316.560411985601
18.24,100,0,3283.36412589627,93.3940594701852,4,1.00188474766614,0.951884747666135,332.559324240204,316.558148438407
18.25,100,0,3284.01907332659,93.4222622752192,4,1.00187581996548,0.951875819965485,332.560014611071,316.555836595647
18.26,100,0,3284.67371608054,93.4504585581316,4,1.00186689382413,0.951866893824128,332.560666057089,316.553488207844
18.27,100,0,3285.32806965967,93.47864831437,4,1.00185796965407,0.951857969654066,332.561287826965,316.551112216516
18.28,100,0,3285.98214588537,93.5068315403947,4,1.00184904776859,0.951849047768591,332.561886959099,316.548715426144
18.29,100,0,3286.63595377825,93.5350082334361,4,1.00184012840588,0.951840128405883,332.562468810201,316.546303015279
18.3,100,0,3287.28950022725,93.5631783913121,4,1.00183121174696,0.951831211746959,332.563037457397,316.543878925324
18.31,100,0,3287.94279049883,93.5913420122872,4,1.00182229792933,0.951822297929334,332.563596004118,316.541446156282
18.32,100,0,3288.59582862438,93.6194990949668,4,1.00181338705741,0.951813387057408,332.564146812811,316.539006991759
18.33,100,0,3289.24861769506,93.6476496382156,4,1.00180447921038,0.95180447921038,332.564691681994,316.536563170141
18.34,100,0,3289.90116008624,93.6757936410964,4,1.00179557444826,0.951795574448262,332.565231980973,316.534116014849
18.35,100,0,3290.55345762829,93.7039311028231,4,1.00178667281646,0.95178667281646,332.565768752353,316.53166653345
18.36,100,0,3291.20551173659,93.7320620227249,4,1.00177777434926,0.951777774349259,332.56630279005,316.529215493076
18.37,100,0,3291.85732351051,93.7601864002189,4,1.00176887907248,0.951768879072481,332.566834698658,316.526763477825
18.38,100,0,3292.50889380875,93.7883042347899,4,1.0017599870055,0.951759987005497,332.567364938634,316.524310932447
18.39,100,0,3293.16022330673,93.8164155259742,4,1.00175109816277,0.951751098162772,332.567893860696,316.521858195598
18.4,100,0,3293.81131254024,93.8445202733478,4,1.00174221255503,0.951742212555033,332.568421732,316.519405525149
18.41,100,0,3294.46216193871,93.8726184765174,4,1.00173333019016,0.951733330190157,332.568948756068,316.516953117452
18.42,100,0,3295.11277185055,93.900710135113,4,1.00172445107386,0.951724451073855,332.569475087967,316.514501122016
18.43,100,0,3295.76314256242,93.928795248783,4,1.00171557521019,0.951715575210187,332.570000845858,316.512049652668
18.44,100,0,3296.41327431393,93.9568738171902,4,1.00170670260195,0.951706702601954,332.570526119791,316.509598796064
18.45,100,0,3297.06316730884,93.9849458400082,4,1.001697833251,0.951697833251,332.571050978408,316.507148618159
18.46,100,0,3297.71282172356,94.0130113169199,4,1.00168896715844,0.951688967158437,332.571575474038,316.504699169141
18.47,100,0,3298.36223771368,94.0410702476147,4,1.00168010432482,0.951680104324823,332.572099646586,316.502250487189
18.48,100,0,3299.01141541887,94.0691226317881,4,1.00167124475029,0.951671244750292,332.572623526492,316.499802601327
18.49,100,0,3299.66035496668,94.0971684691402,4,1.00166238843466,0.951662388434656,332.57314713698,316.497355533609
18.5,100,0,3300.30905647542,94.1252077593747,4,1.00165353537748,0.951653535377481,332.573670495781,316.494909300776
18.51,100,0,3300.95752005631,94.1532405021987,4,1.00164468557815,0.951644685578146,332.574193616436,316.492463915519
18.52,100,0,3301.60574581519,94.1812666973223,4,1.00163583903589,0.951635839035888,332.574716509296,316.490019387447
18.53,100,0,3302.25373385375,94.2092863444577,4,1.00162699574983,0.951626995749834,332.575239182278,316.487575723814
18.54,100,0,3302.90148427055,94.2372994433194,4,1.00161815571903,0.951618155719032,332.575761641445,316.485132930084
18.55,100,0,3303.5489971617,94.2653059936241,4,1.00160931894246,0.951609318942463,332.576283891446,316.482691010354
18.56,100,0,3304.19627262147,94.29330599509,4,1.00160048541906,0.951600485419063,332.576805935856,316.480249967682
18.57,100,0,3304.84331074269,94.3212994474371,4,1.00159165514773,0.951591655147733,332.577327777424,316.477809804329
18.58,100,0,3305.4901116171,94.3492863503871,4,1.00158282812734,0.951582828127343,332.577849418275,316.475370521952
18.59,100,0,3306.13667533557,94.3772667036633,4,1.00157400435675,0.951574004356746,332.578370860058,316.472932121748
18.6,100,0,3306.78300198833,94.4052405069902,4,1.00156518383478,0.951565183834777,332.578892104055,316.470494604562
18.61,100,0,3307.42909166506,94.433207760094,4,1.00155636656026,0.95155636656026,332.579413151272,316.468057970968
18.62,100,0,3308.07494445508,94.4611684627023,4,1.00154755253201,0.951547552532009,332.579934002502,316.465622221338
18.63,100,0,3308.72056044733,94.489122614544,4,1.00153874174883,0.951538741748835,332.580454658377,316.463187355887
18.64,100,0,3309.36593973055,94.5170702153494,4,1.00152993420954,0.95152993420954,332.580975119406,316.460753374713
18.65,100,0,3310.01108239323,94.5450112648503,4,1.00152112991292,0.951521129912924,332.581495386003,316.45832027782
18.66,100,0,3310.6559885237,94.5729457627796,4,1.00151232885779,0.951512328857786,332.582015458512,316.455888065145
18.67,100,0,3311.30065821015,94.6008737088718,4,1.00150353104292,0.951503531042922,332.58253533722,316.453456736572
18.68,100,0,3311.94509154065,94.6287951028625,4,1.00149473646713,0.951494736467126,332.583055022374,316.451026291945
18.69,100,0,3312.58928860316,94.6567099444889,4,1.00148594512919,0.951485945129191,332.583574514187,316.448596731076
18.7,100,0,3313.23324948556,94.6846182334893,4,1.00147715702791,0.951477157027914,332.58409381285,316.446168053756
18.71,100,0,3313.87697427563,94.7125199696034,4,1.00146837216209,0.951468372162085,332.584612918534,316.443740259755
18.72,100,0,3314.5204630611,94.7404151525723,4,1.0014595905305,0.9514595905305,332.585131831396,316.441313348832
18.73,100,0,3315.1637159296,94.7683037821383,4,1.00145081213195,0.951450812131952,332.58565055158,316.438887320735
18.74,100,0,3315.80673296873,94.7961858580451,4,1.00144203696524,0.951442036965235,332.586169079226,316.436462175203
18.75,100,0,3316.44951426599,94.8240613800377,4,1.00143326502914,0.951433265029144,332.586687414464,316.434037911971
18.76,100,0,3317.09205990887,94.8519303478624,4,1.00142449632247,0.951424496322474,332.58720555742,316.431614530767
18.77,100,0,3317.73436998475,94.8797927612668,4,1.00141573084402,0.95141573084402,332.587723508216,316.429192031318
18.78,100,0,3318.376444581,94.9076486199998,4,1.00140696859258,0.951406968592579,332.588241266973,316.426770413348
18.79,100,0,3319.01828378491,94.9354979238118,4,1.00139820956695,0.951398209566947,332.588758833806,316.424349676576
18.8,100,0,3319.65988768372,94.9633406724542,4,1.00138945376592,0.951389453765922,332.589276208833,316.421929820725
18.81,100,0,3320.30125636464,94.99117686568,4,1.0013807011883,0.951380701188302,332.589793392165,316.41951084551
18.82,100,0,3320.9423899148,95.0190065032434,4,1.00137195183288,0.951371951832884,332.590310383916,316.417092750651
18.83,100,0,3321.58328842129,95.0468295848998,4,1.00136320569847,0.95136320569847,332.5908271842,316.414675535866
18.84,100,0,3322.22395197115,95.0746461104061,4,1.00135446278386,0.951354462783858,332.591343793126,316.412259200871
18.85,100,0,3322.86438065137,95.1024560795203,4,1.00134572308785,0.95134572308785,332.591860210805,316.409843745382
18.86,100,0,3323.50457454889,95.130259492002,4,1.00133698660925,0.951336986609246,332.592376437348,316.407429169115
18.87,100,0,3324.1445337506,95.1580563476118,4,1.00132825334685,0.951328253346849,332.592892472865,316.405015471787
18.88,100,0,3324.78425834334,95.1858466461118,4,1.00131952329946,0.951319523299461,332.593408317466,316.402602653114
18.89,100,0,3325.42374841389,95.2136303872654,4,1.00131079646589,0.951310796465886,332.593923971259,316.400190712812
18.9,100,0,3326.06300404899,95.2414075708373,4,1.00130207284493,0.951302072844927,332.594439434353,316.397779650597
18.91,100,0,3326.70202533534,95.2691781965933,4,1.00129335243539,0.95129335243539,332.594954706858,316.395369466184
18.92,100,0,3327.34081235958,95.2969422643008,4,1.00128463523608,0.951284635236079,332.595469788882,316.392960159289
18.93,100,0,3327.97936520829,95.3246997737284,4,1.0012759212458,0.951275921245801,332.595984680535,316.39055172963
18.94,100,0,3328.61768396802,95.3524507246459,4,1.00126721046336,0.951267210463363,332.596499381922,316.388144176921
18.95,100,0,3329.25576872527,95.3801951168245,4,1.00125850288757,0.951258502887572,332.597013893154,316.385737500879
18.96,100,0,3329.89361956646,95.4079329500368,4,1.00124979851724,0.951249798517235,332.597528214338,316.38333170122
18.97,100,0,3330.531236578,95.4356642240565,4,1.00124109735116,0.951241097351162,332.598042345582,316.38092677766
18.98,100,0,3331.16861984624,95.4633889386588,4,1.00123239938816,0.951232399388163,332.598556286993,316.378522729916
18.99,100,0,3331.80576945747,95.49110709362,4,1.00122370462705,0.951223704627047,332.59907003868,316.376119557704
19,100,0,3332.44268549794,95.5188186887178,4,1.00121501306662,0.951215013066625,332.599583600748,316.37371726074
19.01,100,0,3333.07936805384,95.5465237237313,4,1.00120632470571,0.951206324705708,332.600096973307,316.371315838741
19.02,100,0,3333.71581721133,95.5742221984408,4,1.00119763954311,0.951197639543109,332.600610156462,316.368915291424
19.03,100,0,3334.35203305651,95.6019141126279,4,1.00118895757764,0.951188957577641,332.60112315032,316.366515618506
19.04,100,0,3334.98801567542,95.6295994660754,4,1.00118027880812,0.951180278808117,332.60163595499,316.364116819703
19.05,100,0,3335.62376515409,95.6572782585677,4,1.00117160323335,0.951171603233351,332.602148570576,316.361718894732
19.06,100,0,3336.25928157845,95.6849504898901,4,1.00116293085216,0.951162930852158,332.602660997186,316.35932184331
19.07,100,0,3336.89456503443,95.7126161598295,4,1.00115426166335,0.951154261663353,332.603173234927,316.356925665155
19.08,100,0,3337.52961560787,95.7402752681741,4,1.00114559566575,0.951145595665754,332.603685283904,316.354530359983
19.09,100,0,3338.16443338458,95.7679278147132,4,1.00113693285818,0.951136932858175,332.604197144223,316.352135927512
19.1,100,0,3338.79901845034,95.7955737992374,4,1.00112827323944,0.951128273239436,332.604708815991,316.349742367459
19.11,100,0,3339.43337089085,95.8232132215389,4,1.00111961680835,0.951119616808353,332.605220299313,316.347349679541
19.12,100,0,3340.06749079179,95.8508460814109,4,1.00111096356375,0.951110963563747,332.605731594296,316.344957863476
19.13,100,0,3340.70137823876,95.878472378648,4,1.00110231350444,0.951102313504436,332.606242701044,316.342566918981
19.14,100,0,3341.33503331734,95.906092113046,4,1.00109366662924,0.95109366662924,332.606753619664,316.340176845775
19.15,100,0,3341.96845611305,95.9337052844021,4,1.00108502293698,0.951085022936981,332.607264350261,316.337787643574
19.16,100,0,3342.60164671137,95.9613118925148,4,1.00107638242648,0.95107638242648,332.60777489294,316.335399312098
19.17,100,0,3343.23460519772,95.9889119371839,4,1.00106774509656,0.951067745096559,332.608285247805,316.333011851063
19.18,100,0,3343.86733165748,96.0165054182103,4,1.00105911094604,0.95105911094604,332.608795414963,316.330625260188
19.19,100,0,3344.49982617598,96.0440923353965,4,1.00105047997375,0.951050479973748,332.609305394517,316.328239539191
19.2,100,0,3345.13208883851,96.0716726885461,4,1.00104185217851,0.951041852178506,332.609815186573,316.325854687789
19.21,100,0,3345.7641197303,96.0992464774639,4,1.00103322755914,0.95103322755914,332.610324791235,316.323470705702
19.22,100,0,3346.39591893654,96.1268137019563,4,1.00102460611447,0.951024606114474,332.610834208608,316.321087592648
19.23,100,0,3347.02748654236,96.1543743618307,4,1.00101598784333,0.951015987843334,332.611343438795,316.318705348345
19.24,100,0,3347.65882263287,96.1819284568959,4,1.00100737274455,0.951007372744548,332.611852481902,316.316323972511
19.25,100,0,3348.29021141873,96.2094759039994,4,1.00099630508103,0.950996305081026,332.602258307559,316.303518712094
19.26,100,0,3348.939426994,96.237011466104,4,1.00097193972785,0.95097193972785,332.545777901811,316.241703459592
19.27,100,0,3349.61010184708,96.2645339718791,4,1.00094931128461,0.950949311284609,332.506804707212,316.19711693377
19.28,100,0,3350.29557274509,96.2920452839204,4,1.00092788883645,0.950927888836451,332.479960304234,316.164466732532
19.29,100,0,3350.99122285488,96.3195466927931,4,1.00090730453494,0.950907304534938,332.46152091326,316.140088713214
19.3,100,0,3351.69385245121,96.3470390929462,4,1.00088730345646,0.950887303456456,332.448907348141,316.121445045319
19.31,100,0,3352.40124348142,96.3745231044332,4,1.00086770890184,0.950867708901841,332.440332649947,316.106777453421
19.32,100,0,3353.11185811535,96.401999157176,4,1.00084839837205,0.950848398372049,332.434558437131,316.094867453465
19.33,100,0,3353.82462997174,96.4294675493224,4,1.00082928692981,0.950829286929811,332.430726319113,316.084870459561
19.34,100,0,3354.53881948493,96.4569284876745,4,1.00081031567354,0.950810315673538,332.428241190523,316.07620094516
19.35,100,0,3355.2539136816,96.4843821157021,4,1.00079144375095,0.950791443750946,332.426690409922,316.068452916198
19.36,100,0,3355.96955671681,96.5118285329589,4,1.00077264282432,0.950772642824316,332.425787812648,316.061344821586
19.37,100,0,3356.68550172049,96.5392678085421,4,1.00075389323414,0.950753893234143,332.425334917542,316.054681382517
19.38,100,0,3357.40157741126,96.5666999904235,4,1.00073518133962,0.950735181339619,332.425194041754,316.048327139145
19.39,100,0,3358.11766494542,96.5941251119204,4,1.00071649767467,0.950716497674669,332.425269664982,316.042188114449
19.4,100,0,3358.8336818611,96.6215431961834,4,1.0006978356693,0.950697835669295,332.425495509833,316.036199102491
19.41,100,0,3359.54957094167,96.6489542593084,4,1.00067919076279,0.950679190762791,332.4258255837,316.030314854565
19.42,100,0,3360.26529249016,96.6763583124966,4,1.00066055978866,0.950660559788664,332.426227966588,316.024503967151
19.43,100,0,3360.98081896942,96.7037553635518,4,1.00064194054796,0.950641940547958,332.426680502608,316.018744642915
19.44,100,0,3361.69613128292,96.7311454179204,4,1.00062333151323,0.950623331513229,332.427167811387,316.013021750368
19.45,100,0,3362.41121619387,96.758528479412,4,1.00060473162315,0.950604731623154,332.427679214795,316.007324784088
19.46,100,0,3363.12606453394,96.7859045507009,4,1.00058614013999,0.950586140139994,332.428207298459,316.0016464495
19.47,100,0,3363.84066995988,96.8132736336729,4,1.00056755655067,0.950567556550671,332.428746913609,315.995981680871
19.48,100,0,3364.5550280904,96.8406357296669,4,1.00054898049811,0.950548980498108,332.429294484366,315.990326959819
19.49,100,0,3365.26913590684,96.8679908396421,4,1.00053041173356,0.950530411733563,332.42984752696,315.984679842327
19.5,100,0,3365.9829913371,96.8953389642946,4,1.00051185008353,0.950511850083534,332.430404315996,315.979038630415
19.51,100,0,3366.69659296665,96.9226801041378,4,1.00049329542679,0.950493295426786,332.430963652764,315.973402144218
19.52,100,0,3367.40993983781,96.9500142595588,4,1.00047474767839,0.950474747678393,332.431524704377,315.967769563736
19.53,100,0,3368.12303131035,96.9773414308573,4,1.00045620677865,0.950456206778653,332.432086892067,315.962140318945
19.54,100,0,3368.83586696467,97.0046616182722,4,1.0004376726854,0.950437672685395,332.432649813613,315.956514013489
19.55,100,0,3369.54844653447,97.0319748220014,4,1.00041914536863,0.95041914536863,332.43321318946,315.950890371674
19.56,100,0,3370.26076986002,97.0592810422137,4,1.00040062480683,0.950400624806835,332.433776825295,315.945269201657
19.57,100,0,3370.97283685566,97.0865802790589,4,1.00038211098437,0.950382110984372,332.434340586046,315.939650369865
19.58,100,0,3371.68464748725,97.1138725326732,4,1.0003636038897,0.950363603889697,332.434904377816,315.934033783228
19.59,100,0,3372.3962017564,97.1411578031843,4,1.00034510351411,0.950345103514108,332.435468135329,315.92841937683
19.6,100,0,3373.10749968963,97.1684360907143,4,1.00032660985088,0.950326609850885,332.436031813209,315.922807105328
19.61,100,0,3373.81854133077,97.1957073953813,4,1.00030812289468,0.950308122894681,332.436595379917,315.917196936987
19.62,100,0,3374.52932673565,97.2229717173017,4,1.00028964264111,0.950289642641109,332.437158813532,315.911588849537
19.63,100,0,3375.23985596846,97.2502290565905,4,1.00027116908645,0.950271169086447,332.437722098827,315.905982827288
19.64,100,0,3375.9501290992,97.2774794133624,4,1.00025270222744,0.950252702227436,332.438285225226,315.900378859126
19.65,100,0,3376.66014620189,97.3047227877323,4,1.00023424206114,0.950234242061141,332.438848185393,315.894776937126
19.66,100,0,3377.36990735335,97.3319591798154,4,1.00021578858485,0.950215788584852,332.439410974242,315.889177055573
19.67,100,0,3378.07941263232,97.3591885897277,4,1.00019734179601,0.950197341796015,332.439973588255,315.883579210297
19.68,100,0,3378.7886621189,97.386411017586,4,1.00017890169219,0.950178901692185,332.440536025003,315.877983398199
19.69,100,0,3379.49765589409,97.4136264635082,4,1.000160468271,0.950160468270995,332.441098282818,315.872389616926
19.7,100,0,3380.20639403954,97.4408349276129,4,1.00014204153013,0.950142041530131,332.441660360557,315.866797864646
19.71,100,0,3380.91487663732,97.4680364100202,4,1.00012362146732,0.950123621467315,332.442222257449,315.86120813989
19.72,100,0,3381.62310376978,97.4952309108512,4,1.0001052080803,0.950105208080297,332.442783972975,315.855620441437
19.73,100,0,3382.33107551949,97.5224184302281,4,1.00008680136684,0.950086801366844,332.443345506795,315.850034768243
19.74,100,0,3383.03879196911,97.5495989682743,4,1.00006840132474,0.950068401324738,332.443906858695,315.84445111939
19.75,100,0,3383.74625320142,97.5767725251146,4,1.00005000795177,0.950050007951769,332.444468028545,315.83886949404
19.76,100,0,3384.45345929919,97.6039391008748,4,1.00003162124573,0.950031621245735,332.445029016275,315.833289891417
19.77,100,0,3385.16041034527,97.6310986956819,4,1.00001324120444,0.950013241204438,332.445589821859,315.827712310786
19.78,100,0,3385.86710642246,97.6582513096643,4,0.999994867825684,0.949994867825684,332.4461504453,315.82213675144
19.79,100,0,3386.5735476136,97.6853969429515,4,0.999976501107283,0.949976501107283,332.446710886618,315.816563212694
19.8,100,0,3387.27973400149,97.7125355956743,4,0.999958141047046,0.949958141047046,332.44727114585,315.810991693875
19.81,100,0,3387.98566566891,97.7396672679645,4,0.999939787642785,0.949939787642785,332.447831223044,315.805422194323
19.82,100,0,3388.69134269864,97.7667919599556,4,0.999921440892316,0.949921440892316,332.44839111825,315.799854713381
19.83,100,0,3389.39676517341,97.7939096717817,4,0.999903100793454,0.949903100793454,332.448950831529,315.7942892504
19.84,100,0,3390.10193317594,97.8210204035787,4,0.999884767344017,0.949884767344017,332.449510362939,315.788725804732
19.85,100,0,3390.80684678891,97.8481241554834,4,0.999866440541822,0.949866440541822,332.450069712545,315.783164375736
19.86,100,0,3391.51150609497,97.8752209276339,4,0.99984812038469,0.94984812038469,332.450628880412,315.777604962767
19.87,100,0,3392.21591117676,97.9023107201695,4,0.999829806870439,0.949829806870439,332.451187866605,315.772047565186
19.88,100,0,3392.92006211686,97.9293935332308,4,0.999811499996892,0.949811499996892,332.451746671191,315.766492182351
19.89,100,0,3393.62395899785,97.9564693669596,4,0.999793199761869,0.949793199761869,332.452305294237,315.760938813623
19.9,100,0,3394.32760190226,97.9835382214989,4,0.999774906163195,0.949774906163195,332.452863735811,315.755387458366
19.91,100,0,3395.03099091259,98.0106000969929,4,0.999756619198692,0.949756619198691,332.45342199598,315.749838115938
19.92,100,0,3395.73412611131,98.037654993587,4,0.999738338866184,0.949738338866184,332.453980074813,315.744290785704
19.93,100,0,3396.43700758088,98.064702911428,4,0.999720065163498,0.949720065163498,332.454537972375,315.738745467025
19.94,100,0,3397.13963540369,98.0917438506637,4,0.999701798088459,0.949701798088459,332.455095688737,315.733202159264
19.95,100,0,3397.84200966213,98.1187778114433,4,0.999683537638895,0.949683537638895,332.455653223965,315.727660861785
19.96,100,0,3398.54413043855,98.145804793917,4,0.999665283812633,0.949665283812633,332.456210578127,315.72212157395
19.97,100,0,3399.24599781528,98.1728247982364,4,0.999647036607502,0.949647036607502,332.456767751292,315.716584295123
19.98,100,0,3399.94761187458,98.1998378245543,4,0.999628796021331,0.949628796021331,332.457324743526,315.711049024668
19.99,100,0,3400.64897269874,98.2268438730248,4,0.999610562051951,0.949610562051951,332.457881554898,315.705515761948
20,100,0,3401.35008036996,98.2538429438029,4,0.999592334697193,0.949592334697193,332.458438185475,315.699984506327
20.01,100,0,3402.05093497045,98.2808350370452,4,0.999574113954888,0.949574113954888,332.458994635324,315.694455257171
20.02,100,0,3402.75153658238,98.3078201529091,4,0.99955589982287,0.94955589982287,332.459550904514,315.688928013843
20.03,100,0,3403.45188528787,98.3347982915537,4,0.999537692298971,0.949537692298971,332.460106993112,315.683402775709
20.04,100,0,3404.15198116903,98.361769453139,4,0.999519491381027,0.949519491381027,332.460662901185,315.677879542132
20.05,100,0,3404.85182430794,98.3887336378262,4,0.999501297066873,0.949501297066873,332.461218628799,315.672358312478
20.06,100,0,3405.55141478663,98.4156908457779,4,0.999483109354344,0.949483109354344,332.461774176024,315.666839086113
20.07,100,0,3406.25075268712,98.4426410771578,4,0.999464928241278,0.949464928241278,332.462329542926,315.661321862402
20.08,100,0,3406.9498380914,98.4695843321307,4,0.999446753725512,0.949446753725511,332.462884729571,315.65580664071
20.09,100,0,3407.6486710814,98.4965206108629,4,0.999428585804884,0.949428585804884,332.463439736028,315.650293420404
20.1,100,0,3408.34725173905,98.5234499135216,4,0.999410424477234,0.949410424477234,332.463994562362,315.644782200849
20.11,100,0,3409.04558014625,98.5503722402754,4,0.999392269740402,0.949392269740402,332.464549208641,315.639272981411
20.12,100,0,3409.74365638485,98.5772875912941,4,0.999374121592228,0.949374121592228,332.465103674933,315.633765761458
20.13,100,0,3410.44148053668,98.6041959667486,4,0.999355980030555,0.949355980030555,332.465657961302,315.628260540356
20.14,100,0,3411.13905268354,98.6310973668112,4,0.999337845053226,0.949337845053226,332.466212067817,315.62275731747
20.15,100,0,3411.8363729072,98.6579917916552,4,0.999319716658082,0.949319716658082,332.466765994544,315.61725609217
20.16,100,0,3412.53344128939,98.6848792414552,4,0.999301594842969,0.949301594842969,332.46731974155,315.611756863821
20.17,100,0,3413.23025791183,98.711759716387,4,0.999283479605731,0.949283479605731,332.467873308901,315.606259631791
20.18,100,0,3413.9268228562,98.7386332166276,4,0.999265370944215,0.949265370944215,332.468426696664,315.600764395448
20.19,100,0,3414.62313620413,98.7654997423553,4,0.999247268856266,0.949247268856266,332.468979904905,315.59527115416
20.2,100,0,3415.31919803725,98.7923592937494,4,0.999229173339732,0.949229173339732,332.46953293369,315.589779907293
20.21,100,0,3416.01500843714,98.8192118709905,4,0.999211084392461,0.949211084392461,332.470085783085,315.584290654217
20.22,100,0,3416.71056748537,98.8460574742605,4,0.999193002012303,0.949193002012303,332.470638453158,315.5788033943
20.23,100,0,3417.40587526346,98.8728961037425,4,0.999174926197106,0.949174926197106,332.471190943974,315.57331812691
20.24,100,0,3418.1009318529,98.8997277596206,4,0.999156856944722,0.949156856944722,332.471743255599,315.567834851417
20.25,100,0,3418.79573733516,98.9265524420802,4,0.999138794253001,0.949138794253001,332.472295388099,315.562353567188
20.26,100,0,3419.49029179168,98.9533701513081,4,0.999120738119797,0.949120738119797,332.47284734154,315.556874273593
20.27,100,0,3420.18459530387,98.9801808874919,4,0.999102688542961,0.949102688542961,332.473399115989,315.551396970002
20.28,100,0,3420.87864795311,99.0069846508208,4,0.999084645520349,0.949084645520349,332.47395071151,315.545921655783
20.29,100,0,3421.57244982073,99.033781441485,4,0.999066609049813,0.949066609049813,332.47450212817,315.540448330307
20.3,100,0,3422.26600098806,99.0605712596759,4,0.99904857912921,0.94904857912921,332.475053366034,315.534976992943
20.31,100,0,3422.95930153638,99.0873541055861,4,0.999030555756396,0.949030555756396,332.475604425169,315.529507643062
20.32,100,0,3423.65235154696,99.1141299794094,4,0.999012538929227,0.949012538929227,332.476155305639,315.524040280033
20.33,100,0,3424.34515110102,99.1408988813409,4,0.998994528645562,0.948994528645562,332.47670600751,315.518574903226
20.34,100,0,3425.03770027975,99.1676608115767,4,0.998976524903259,0.948976524903259,332.477256530849,315.513111512014
20.35,100,0,3425.72999916433,99.1944157703143,4,0.998958527700177,0.948958527700177,332.477806875719,315.507650105766
20.36,100,0,3426.4220478359,99.2211637577523,4,0.998940537034177,0.948940537034177,332.478357042186,315.502190683853
20.37,100,0,3427.11384637555,99.2479047740904,4,0.998922552903119,0.948922552903119,332.478907030317,315.496733245647
20.38,100,0,3427.80539486438,99.2746388195296,4,0.998904575304865,0.948904575304865,332.479456840175,315.491277790518
20.39,100,0,3428.49669338343,99.3013658942722,4,0.998886604237277,0.948886604237277,332.480006471826,315.485824317839
20.4,100,0,3429.18774201372,99.3280859985214,4,0.99886863969822,0.94886863969822,332.480555925336,315.480372826981
20.41,100,0,3429.87854083624,99.3547991324818,4,0.998850681685556,0.948850681685556,332.481105200768,315.474923317316
20.42,100,0,3430.56908993195,99.3815052963592,4,0.998832730197151,0.948832730197151,332.481654298188,315.469475788215
20.43,100,0,3431.25938938178,99.4082044903606,4,0.99881478523087,0.94881478523087,332.482203217662,315.464030239053
20.44,100,0,3431.94943926663,99.434896714694,4,0.99879684678458,0.94879684678458,332.482751959253,315.458586669199
20.45,100,0,3432.63923966739,99.4615819695687,4,0.998778914856148,0.948778914856148,332.483300523028,315.453145078029
20.46,100,0,3433.32879066488,99.4882602551953,4,0.998760989443442,0.948760989443442,332.48384890905,315.447705464914
20.47,100,0,3434.01809233992,99.5149315717854,4,0.998743070544331,0.948743070544331,332.484397117383,315.442267829227
20.48,100,0,3434.7071447733,99.541595919552,4,0.998725158156684,0.948725158156684,332.484945148094,315.436832170341
20.49,100,0,3435.39594804576,99.568253298709,4,0.998707252278372,0.948707252278372,332.485493001245,315.431398487631
20.5,100,0,3436.08450223804,99.5949037094718,4,0.998689352907265,0.948689352907265,332.486040676902,315.425966780469
20.51,100,0,3436.77280743084,99.6215471520567,4,0.998671460041237,0.948671460041237,332.48658817513,315.42053704823
20.52,100,0,3437.46086370481,99.6481836266813,4,0.998653573678159,0.948653573678159,332.487135495991,315.415109290286
20.53,100,0,3438.14867114059,99.6748131335646,4,0.998635693815904,0.948635693815904,332.487682639552,315.409683506014
20.54,100,0,3438.8362298188,99.7014356729264,4,0.998617820452348,0.948617820452348,332.488229605876,315.404259694786
20.55,100,0,3439.52353982001,99.7280512449878,4,0.998599953585365,0.948599953585365,332.488776395026,315.398837855977
20.56,100,0,3440.21060122477,99.7546598499713,4,0.998582093212832,0.948582093212832,332.489323007068,315.393417988962
20.57,100,0,3440.8974141136,99.7812614881004,4,0.998564239332624,0.948564239332623,332.489869442065,315.388000093116
20.58,100,0,3441.583978567,99.8078561595998,4,0.998546391942618,0.948546391942618,332.490415700082,315.382584167814
20.59,100,0,3442.27029466542,99.8344438646952,4,0.998528551040694,0.948528551040694,332.490961781181,315.377170212431
20.6,100,0,3442.9563624893,99.8610246036139,4,0.99851071662473,0.94851071662473,332.491507685428,315.371758226342
20.61,100,0,3443.64218211904,99.887598376584,4,0.998492888692605,0.948492888692605,332.492053412886,315.366348208924
20.62,100,0,3444.32775363502,99.9141651838349,4,0.998475067242201,0.948475067242201,332.492598963619,315.360940159553
20.63,100,0,3445.01307711759,99.9407250255972,4,0.998457252271398,0.948457252271398,332.49314433769,315.355534077602
20.64,100,0,3445.69815264706,99.9672779021028,4,0.998439443778078,0.948439443778078,332.493689535163,315.350129962451
20.65,100,0,3446.38298030372,99.9938238135845,4,0.998421641760125,0.948421641760125,332.494234556102,315.344727813474
20.66,100,0,3447.06756016783,100.020362760276,4,0.998403846215421,0.948403846215421,332.494779400569,315.339327630048
20.67,100,0,3447.75189231962,100.046894742414,4,0.998386057141851,0.948386057141851,332.49532406863,315.33392941155
20.68,100,0,3448.43597683929,100.073419760233,4,0.9983682745373,0.9483682745373,332.495868560346,315.328533157356
20.69,100,0,3449.11981380701,100.099937813972,4,0.998350498399655,0.948350498399655,332.496412875782,315.323138866845
20.7,100,0,3449.80340330294,100.12644890387,4,0.998332728726801,0.948332728726801,332.496957015,315.317746539393
20.71,100,0,3450.48674540718,100.152953030166,4,0.998314965516625,0.948314965516625,332.497500978064,315.312356174377
20.72,100,0,3451.16984019983,100.179450193101,4,0.998297208767017,0.948297208767017,332.498044765037,315.306967771175
20.73,100,0,3451.85268776093,100.205940392919,4,0.998279458475865,0.948279458475865,332.498588375982,315.301581329166
20.74,100,0,3452.53528817052,100.232423629862,4,0.998261714641058,0.948261714641058,332.499131810962,315.296196847726
20.75,100,0,3453.21764150861,100.258899904174,4,0.998243977260488,0.948243977260488,332.499675070041,315.290814326235
20.76,100,0,3453.89974785515,100.285369216103,4,0.998226246332045,0.948226246332045,332.50021815328,315.285433764071
20.77,100,0,3454.5816072901,100.311831565894,4,0.998208521853621,0.948208521853621,332.500761060744,315.280055160612
20.78,100,0,3455.26321989337,100.338286953797,4,0.99819080382311,0.94819080382311,332.501303792494,315.274678515237
20.79,100,0,3455.94458574485,100.364735380059,4,0.998173092238404,0.948173092238404,332.501846348594,315.269303827325
20.8,100,0,3456.62570492439,100.391176844933,4,0.998155387097397,0.948155387097397,332.502388729106,315.263931096255
20.81,100,0,3457.30657751182,100.417611348669,4,0.998137688397986,0.948137688397986,332.502930934093,315.258560321406
20.82,100,0,3457.98720358695,100.44403889152,4,0.998119996138065,0.948119996138065,332.503472963617,315.253191502158
20.83,100,0,3458.66758322954,100.47045947374,4,0.998102310315531,0.948102310315531,332.504014817742,315.24782463789
20.84,100,0,3459.34771651934,100.496873095585,4,0.998084630928281,0.948084630928281,332.504556496529,315.242459727983
20.85,100,0,3460.02760353607,100.52327975731,4,0.998066957974214,0.948066957974214,332.50509800004,315.237096771816
20.86,100,0,3460.70724435942,100.549679459174,4,0.998049291451229,0.948049291451229,332.505639328339,315.23173576877
20.87,100,0,3461.38663906903,100.576072201434,4,0.998031631357224,0.948031631357224,332.506180481487,315.226376718224
20.88,100,0,3462.06578774455,100.602457984351,4,0.9980139776901,0.9480139776901,332.506721459547,315.221019619559
20.89,100,0,3462.74472145111,100.628836801091,4,0.9980012223814,0.9480012223814,332.500861878958,315.211223504121
20.9,100,0,3463.43192569597,100.655207076888,4,0.998006881588916,0.948006881588916,332.478189665516,315.191611781133
20.91,100,0,3464.12754624246,100.681569058193,4,0.998012314956773,0.948012314956773,332.463312242207,315.179314276931
20.92,100,0,3464.82867615447,100.707923519632,4,0.998017597950391,0.948017597950391,332.453604996102,315.171868038353
20.93,100,0,3465.53338711555,100.73427097496,4,0.998022780624522,0.948022780624522,332.447327746963,315.167640061868
20.94,100,0,3466.24039973629,100.760611764948,4,0.998027896185566,0.948027896185566,332.443326422479,315.165547349234
20.95,100,0,3466.94886503374,100.786946115635,4,0.998032966666369,0.948032966666369,332.440835489557,315.164871510211
20.96,100,0,3467.65821955249,100.813274176944,4,0.998038006688273,0.948038006688273,332.439347051553,315.165135923506
20.97,100,0,3468.36808928677,100.8395960483,4,0.998043025955692,0.948043025955692,332.438524085625,315.16602431838
20.98,100,0,3469.07822595227,100.865911795615,4,0.998048030910546,0.948048030910546,332.438142920211,315.167326795065
20.99,100,0,3469.78846470791,100.892221462555,4,0.998053025829701,0.948053025829701,332.438055089603,315.168904028639
21,100,0,3470.4986961031,100.918525078025,4,0.998058013553044,0.948058013553044,332.438162033232,315.170663526451
21.01,100,0,3471.20884746122,100.944822661126,4,0.998062995966587,0.948062995966587,332.438398311544,315.172543877576
21.02,100,0,3471.91887052335,100.971114224452,4,0.998067974323066,0.948067974323066,332.438720469864,315.174504302416
21.03,100,0,3472.62873324603,100.997399776273,4,0.998072949454734,0.948072949454734,332.439099648545,315.176517717872
21.04,100,0,3473.33841435563,101.023679321993,4,0.998077921914605,0.948077921914605,332.439516678416,315.178566134769
21.05,100,0,3474.04789973256,101.049952865107,4,0.998082892070241,0.948082892070241,332.439958825235,315.180637602741
21.06,100,0,3474.75718000996,101.076220407845,4,0.998087860166011,0.948087860166011,332.440417628422,315.182724182026
21.07,100,0,3475.46624897888,101.102481951598,4,0.998092826364445,0.948092826364445,332.440887466064,315.184820596805
21.08,100,0,3476.17510252887,101.128737497196,4,0.998097790773698,0.948097790773697,332.441364602005,315.186923340954
21.09,100,0,3476.8837379442,101.1549870451,4,0.998102753465788,0.948102753465788,332.441846552983,315.189030084135
21.1,100,0,3477.59215343613,101.181230595525,4,0.998107714488722,0.948107714488722,332.442331668269,315.191139277304
21.11,100,0,3478.30034783226,101.207468148523,4,0.998112673874544,0.948112673874544,332.442818850405,315.193249890648
21.12,100,0,3479.0083203699,101.233699704038,4,0.998117631644685,0.948117631644685,332.443307369678,315.195361239465
21.13,100,0,3479.71607055884,101.259925261941,4,0.998122587813524,0.948122587813524,332.443796740828,315.197472868467
21.14,100,0,3480.42359809007,101.286144822058,4,0.998127542390745,0.948127542390745,332.444286641115,315.199584474885
21.15,100,0,3481.13090277509,101.312358384183,4,0.998132495382916,0.948132495382916,332.444776855866,315.201695857369
21.16,100,0,3481.83798450559,101.338565948091,4,0.998137446794528,0.948137446794528,332.445267242265,315.203806882006
21.17,100,0,3482.54484322657,101.364767513541,4,0.998142396628692,0.948142396628691,332.445757705296,315.205917459741
21.18,100,0,3483.25147891854,101.390963080287,4,0.9981473448876,0.9481473448876,332.446248181734,315.208027531355
21.19,100,0,3483.95789158561,101.417152648076,4,0.998152291572834,0.948152291572834,332.446738629504,315.210137057479
21.2,100,0,3484.66408124762,101.443336216653,4,0.998157236685569,0.948157236685569,332.447229020605,315.212246011951
21.21,100,0,3485.37004793487,101.469513785762,4,0.998162180226709,0.948162180226709,332.447719336399,315.214354377397
21.22,100,0,3486.0757916846,101.495685355143,4,0.998167122196979,0.948167122196979,332.448209564479,315.216462142291
21.23,100,0,3486.78131253871,101.52185092454,4,0.998172062596982,0.948172062596982,332.44869969659,315.218569299001
21.24,100,0,3487.48661054217,101.548010493696,4,0.998177001427243,0.948177001427243,332.449189727236,315.220675842487
21.25,100,0,3488.19168574201,101.574164062353,4,0.998181938688233,0.948181938688233,332.449679652758,315.222781769434
21.26,100,0,3488.89653818662,101.600311630256,4,0.998186874380388,0.948186874380388,332.450169470724,315.224887077675
21.27,100,0,3489.60116792529,101.62645319715,4,0.998191808504119,0.948191808504119,332.450659179515,315.226991765811
21.28,100,0,3490.30557500794,101.652588762781,4,0.998196741059823,0.948196741059823,332.451148778058,315.229095832949
21.29,100,0,3491.00975948488,101.678718326896,4,0.998201672047885,0.948201672047885,332.45163826564,315.231199278538
21.3,100,0,3491.71372140666,101.704841889243,4,0.998206601468685,0.948206601468685,332.452127641786,315.233302102252
21.31,100,0,3492.41746082404,101.730959449573,4,0.998211529322597,0.948211529322597,332.452616906187,315.235404303915
21.32,100,0,3493.12097778789,101.757071007635,4,0.998216455609991,0.948216455609991,332.453106058637,315.237505883453
21.33,100,0,3493.82427234914,101.783176563181,4,0.998221380331236,0.948221380331236,332.453595099004,315.239606840859
21.34,100,0,3494.52734455877,101.809276115965,4,0.9982263034867,0.9482263034867,332.4540840272,315.241707176169
21.35,100,0,3495.23019446782,101.83536966574,4,0.99823122507675,0.94823122507675,332.454572843174,315.24380688945
21.36,100,0,3495.93282212731,101.861457212261,4,0.99823614510175,0.94823614510175,332.45506154689,315.245905980788
21.37,100,0,3496.6352275883,101.887538755286,4,0.998241063562068,0.948241063562068,332.45555013833,315.248004450283
21.38,100,0,3497.33741090185,101.913614294572,4,0.998245980458067,0.948245980458067,332.456038617485,315.250102298042
21.39,100,0,3498.039372119,101.939683829877,4,0.998250895790112,0.948250895790112,332.456526984352,315.252199524182
21.4,100,0,3498.74111129084,101.965747360962,4,0.998255809558569,0.948255809558569,332.457015238931,315.254296128818
21.41,100,0,3499.4426284684,101.991804887587,4,0.998260721763802,0.948260721763802,332.457503381225,315.256392112073
21.42,100,0,3500.14392370275,102.017856409517,4,0.998265632406176,0.948265632406176,332.457991411241,315.258487474067
21.43,100,0,3500.84499704495,102.043901926512,4,0.998270541486055,0.948270541486055,332.458479328985,315.260582214927
21.44,100,0,3501.54584854604,102.06994143834,4,0.998275449003803,0.948275449003803,332.458967134464,315.262676334775
21.45,100,0,3502.24647825707,102.095974944765,4,0.998280354959785,0.948280354959785,332.459454827687,315.264769833736
21.46,100,0,3502.94688622909,102.122002445554,4,0.998285259354365,0.948285259354365,332.459942408664,315.266862711937
21.47,100,0,3503.64707251313,102.148023940477,4,0.998290162187908,0.948290162187908,332.4604298774,315.268954969501
21.48,100,0,3504.34703716023,102.174039429302,4,0.998295063460777,0.948295063460777,332.460917233906,315.271046606555
21.49,100,0,3505.04678022143,102.200048911799,4,0.998299963173338,0.948299963173338,332.461404478191,315.273137623225
21.5,100,0,3505.74630174774,102.226052387742,4,0.998304861325954,0.948304861325954,332.461891610264,315.275228019635
21.51,100,0,3506.44560179019,102.252049856903,4,0.998309757918989,0.948309757918989,332.462378630134,315.277317795913
21.52,100,0,3507.1446803998,102.278041319055,4,0.998314652952807,0.948314652952807,332.46286553781,315.279406952184
21.53,100,0,3507.84353762759,102.304026773975,4,0.998319546427773,0.948319546427773,332.463352333301,315.281495488573
21.54,100,0,3508.54217352456,102.330006221439,4,0.998324438344251,0.948324438344251,332.463839016616,315.283583405206
21.55,100,0,3509.24058814173,102.355979661225,4,0.998329328702605,0.948329328702605,332.464325587764,315.285670702209
21.56,100,0,3509.9387815301,102.381947093111,4,0.998334217503198,0.948334217503197,332.464812046756,315.287757379708
21.57,100,0,3510.63675374065,102.407908516877,4,0.998339104746394,0.948339104746394,332.465298393599,315.289843437828
21.58,100,0,3511.3345048244,102.433863932306,4,0.998343990432558,0.948343990432558,332.465784628303,315.291928876697
21.59,100,0,3512.03203483232,102.459813339178,4,0.998348874562054,0.948348874562054,332.466270750877,315.294013696437
21.6,100,0,3512.72934381541,102.485756737279,4,0.998353757135245,0.948353757135245,332.46675676133,315.296097897176
21.61,100,0,3513.42643182464,102.511694126391,4,0.998358638152495,0.948358638152495,332.467242659671,315.298181479041
21.62,100,0,3514.12329891099,102.537625506303,4,0.998363517614168,0.948363517614168,332.467728445909,315.300264442154
21.63,100,0,3514.81994512545,102.5635508768,4,0.998368395520628,0.948368395520628,332.468214120054,315.302346786644
21.64,100,0,3515.51637051896,102.589470237671,4,0.998373271872238,0.948373271872238,332.468699682114,315.304428512635
21.65,100,0,3516.21257514251,102.615383588705,4,0.998378146669363,0.948378146669362,332.469185132099,315.306509620253
21.66,100,0,3516.90855904705,102.641290929693,4,0.998383019912365,0.948383019912365,332.469670470017,315.308590109623
21.67,100,0,3517.60432228354,102.667192260426,4,0.998387891601609,0.948387891601609,332.470155695878,315.310669980872
21.68,100,0,3518.29986490293,102.693087580699,4,0.998392761737457,0.948392761737457,332.470640809692,315.312749234126
21.69,100,0,3518.99518695617,102.718976890304,4,0.998397630320275,0.948397630320275,332.471125811466,315.314827869509
21.7,100,0,3519.69028849421,102.744860189037,4,0.998402497350425,0.948402497350425,332.47161070121,315.316905887146
21.71,100,0,3520.38516956798,102.770737476694,4,0.99840736282827,0.94840736282827,332.472095478933,315.318983287164
21.72,100,0,3521.07983022842,102.796608753074,4,0.998412226754175,0.948412226754175,332.472580144645,315.321060069689
21.73,100,0,3521.77427052646,102.822474017975,4,0.998417089128503,0.948417089128503,332.473064698353,315.323136234845
21.74,100,0,3522.46849051304,102.848333271196,4,0.998421949951616,0.948421949951616,332.473549140068,315.325211782758
21.75,100,0,3523.16249023907,102.874186512539,4,0.99842680922388,0.94842680922388,332.474033469798,315.327286713554
21.76,100,0,3523.85626975548,102.900033741807,4,0.998431666945656,0.948431666945656,332.474517687552,315.329361027358
21.77,100,0,3524.54982911317,102.925874958803,4,0.998436523117308,0.948436523117308,332.47500179334,315.331434724296
21.78,100,0,3525.24316836307,102.95171016333,4,0.9984413777392,0.9484413777392,332.47548578717,315.333507804493
21.79,100,0,3525.93628755608,102.977539355196,4,0.998446230811694,0.948446230811694,332.475969669052,315.335580268075
21.8,100,0,3526.6291867431,103.003362534207,4,0.998451082335155,0.948451082335155,332.476453438993,315.337652115167
21.81,100,0,3527.32186597504,103.029179700172,4,0.998455932309945,0.948455932309945,332.476937097004,315.339723345894
21.82,100,0,3528.01432530278,103.054990852898,4,0.998460780736427,0.948460780736427,332.477420643094,315.341793960382
21.83,100,0,3528.70656477722,103.080795992198,4,0.998465627614965,0.948465627614965,332.477904077271,315.343863958757
21.84,100,0,3529.39858444925,103.106595117882,4,0.998470472945921,0.948470472945921,332.478387399543,315.345933341142
21.85,100,0,3530.09038436975,103.132388229763,4,0.998475316729659,0.948475316729659,332.478870609922,315.348002107665
21.86,100,0,3530.78196458959,103.158175327656,4,0.998480158966542,0.948480158966542,332.479353708415,315.350070258451
21.87,100,0,3531.47332515966,103.183956411374,4,0.998484999656933,0.948484999656933,332.479836695031,315.352137793624
21.88,100,0,3532.16446613082,103.209731480736,4,0.998489838801194,0.948489838801194,332.480319569779,315.354204713309
21.89,100,0,3532.85538755394,103.235500535557,4,0.998494676399689,0.948494676399689,332.480802332669,315.356271017634
21.9,100,0,3533.54608947988,103.261263575656,4,0.998499512452781,0.948499512452781,332.481284983709,315.358336706722
21.91,100,0,3534.2365719595,103.287020600854,4,0.998504346960832,0.948504346960832,332.481767522907,315.360401780698
21.92,100,0,3534.92683504366,103.312771610971,4,0.998509179924206,0.948509179924206,332.482249950273,315.362466239689
21.93,100,0,3535.6168787832,103.338516605829,4,0.998514011343265,0.948514011343265,332.482732265817,315.364530083819
21.94,100,0,3536.30670322898,103.364255585251,4,0.998518841218372,0.948518841218372,332.483214469547,315.366593313214
21.95,100,0,3536.99630843183,103.389988549061,4,0.998523669549889,0.948523669549889,332.483696561472,315.368655927999
21.96,100,0,3537.68569444259,103.415715497086,4,0.99852849633818,0.94852849633818,332.4841785416,315.370717928299
21.97,100,0,3538.3748613121,103.441436429152,4,0.998533321583608,0.948533321583608,332.484660409942,315.37277931424
21.98,100,0,3539.06380909118,103.467151345086,4,0.998538145286534,0.948538145286534,332.485142166505,315.374840085946
21.99,100,0,3539.75253783067,103.492860244717,4,0.998542967447322,0.948542967447321,332.485623811298,315.376900243543
22,100,0,3540.44104758138,103.518563127876,4,0.998547788066333,0.948547788066333,332.486105344331,315.378959787155
22.01,100,0,3541.12933839413,103.544259994394,4,0.998552607143932,0.948552607143932,332.486586765613,315.381018716909
22.02,100,0,3541.81741031974,103.569950844104,4,0.99855742468048,0.94855742468048,332.487068075151,315.383077032929
22.03,100,0,3542.50526340901,103.595635676838,4,0.998562240676339,0.948562240676339,332.487549272956,315.38513473534
22.04,100,0,3543.19289771276,103.621314492432,4,0.998567055131873,0.948567055131873,332.488030359036,315.387191824267
22.05,100,0,3543.88031328177,103.646987290721,4,0.998571868047443,0.948571868047443,332.488511333399,315.389248299836
22.06,100,0,3544.56751016686,103.672654071543,4,0.998576679423413,0.948576679423413,332.488992196056,315.391304162171
22.07,100,0,3545.25448841882,103.698314834736,4,0.998581489260144,0.948581489260144,332.489472947014,315.393359411399
22.08,100,0,3545.94124808842,103.723969580138,4,0.998586297557999,0.948586297557999,332.489953586283,315.395414047643
22.09,100,0,3546.62778922647,103.749618307591,4,0.99859110431734,0.94859110431734,332.490434113871,315.397468071029
22.1,100,0,3547.31411188374,103.775261016936,4,0.99859590953853,0.94859590953853,332.490914529788,315.399521481682
22.11,100,0,3548.000216111,103.800897708016,4,0.99860071322193,0.94860071322193,332.491394834041,315.401574279726
22.12,100,0,3548.68610195904,103.826528380675,4,0.998605515367904,0.948605515367903,332.491875026641,315.403626465287
22.13,100,0,3549.37176947862,103.852153034758,4,0.998610315976812,0.948610315976812,332.492355107595,315.405678038491
22.14,100,0,3550.05721872051,103.877771670111,4,0.998615115049018,0.948615115049018,332.492835076914,315.407728999461
22.15,100,0,3550.74244973547,103.903384286581,4,0.998619912584884,0.948619912584884,332.493314934604,315.409779348322
22.16,100,0,3551.42746257425,103.928990884017,4,0.998624708584771,0.948624708584771,332.493794680676,315.411829085201
22.17,100,0,3552.11225728761,103.954591462269,4,0.998629503049042,0.948629503049041,332.494274315138,315.413878210221
22.18,100,0,3552.79683392629,103.980186021188,4,0.998634295978058,0.948634295978058,332.494753837999,315.415926723508
22.19,100,0,3553.48119254106,104.005774560624,4,0.998639087372183,0.948639087372182,332.495233249267,315.417974625186
22.2,100,0,3554.16533318264,104.031357080432,4,0.998643877231777,0.948643877231777,332.495712548953,315.420021915381
22.21,100,0,3554.84925590177,104.056933580466,4,0.998648665557203,0.948648665557203,332.496191737064,315.422068594218
22.22,100,0,3555.53296074918,104.082504060581,4,0.998653452348822,0.948653452348822,332.496670813609,315.42411466182
22.23,100,0,3556.21644777561,104.108068520633,4,0.998658237606997,0.948658237606997,332.497149778598,315.426160118314
22.24,100,0,3556.89971703179,104.133626960481,4,0.99866302133209,0.94866302133209,332.497628632037,315.428204963824
22.25,100,0,3557.58276856842,104.159179379982,4,0.998667803524461,0.948667803524461,332.498107373938,315.430249198475
22.26,100,0,3558.26560243623,104.184725778998,4,0.998672584184474,0.948672584184474,332.498586004308,315.432292822391
22.27,100,0,3558.94821868594,104.210266157388,4,0.99867736331249,0.94867736331249,332.499064523157,315.434335835698
22.28,100,0,3559.63061736825,104.235800515016,4,0.99868214090887,0.94868214090887,332.499542930492,315.43637823852
22.29,100,0,3560.31279853386,104.261328851744,4,0.998686916973976,0.948686916973976,332.500021226323,315.438420030982
22.3,100,0,3560.99476223349,104.286851167438,4,0.998691691508171,0.948691691508171,332.500499410658,315.440461213209
22.31,100,0,3561.67650851781,104.312367461962,4,0.998696464511815,0.948696464511815,332.500977483507,315.442501785326
22.32,100,0,3562.35803743754,104.337877735183,4,0.99870123598527,0.94870123598527,332.501455444878,315.444541747457
22.33,100,0,3563.03934904336,104.36338198697,4,0.998706005928898,0.948706005928898,332.501933294779,315.446581099727
22.34,100,0,3563.72044338595,104.388880217191,4,0.998710774343061,0.948710774343061,332.502411033221,315.448619842261
22.35,100,0,3564.401320516,104.414372425717,4,0.998715541228119,0.948715541228119,332.50288866021,315.450657975184
22.36,100,0,3565.08198048418,104.439858612419,4,0.998720306584435,0.948720306584435,332.503366175757,315.452695498621
22.37,100,0,3565.76242334117,104.465338777169,4,0.998725070412369,0.948725070412369,332.503843579869,315.454732412695
22.38,100,0,3566.44264913764,104.490812919842,4,0.998729832712284,0.948729832712284,332.504320872556,315.456768717532
22.39,100,0,3567.12265792424,104.51628104031,4,0.998734593484541,0.948734593484541,332.504798053827,315.458804413256
22.4,100,0,3567.80244975165,104.541743138452,4,0.998739352729501,0.948739352729501,332.505275123689,315.460839499993
22.41,100,0,3568.48202467052,104.567199214143,4,0.998744110447525,0.948744110447525,332.505752082152,315.462873977866
22.42,100,0,3569.16138273151,104.592649267261,4,0.998748866638975,0.948748866638975,332.506228929225,315.464907847002
22.43,100,0,3569.84052398525,104.618093297686,4,0.998753621304212,0.948753621304211,332.506705664916,315.466941107522
22.44,100,0,3570.51944848241,104.643531305299,4,0.998758374443597,0.948758374443597,332.507182289233,315.468973759554
22.45,100,0,3571.19815627362,104.66896328998,4,0.998763126057491,0.948763126057491,332.507658802187,315.471005803221
22.46,100,0,3571.87664740952,104.694389251613,4,0.998767876146257,0.948767876146257,332.508135203785,315.473037238647
22.47,100,0,3572.55492194075,104.719809190081,4,0.998772624710254,0.948772624710254,332.508611494035,315.475068065958
22.48,100,0,3573.23297991792,104.745223105269,4,0.998777371749844,0.948777371749844,332.509087672948,315.477098285278
22.49,100,0,3573.91082139168,104.770630997063,4,0.998782117265388,0.948782117265388,332.509563740531,315.479127896732
22.5,100,0,3574.58844641263,104.796032865351,4,0.998786861257247,0.948786861257247,332.510039696793,315.481156900443
22.51,100,0,3575.26585503141,104.82142871002,4,0.998791603725783,0.948791603725783,332.510515541744,315.483185296538
22.52,100,0,3575.94304729861,104.84681853096,4,0.998796344671355,0.948796344671355,332.51099127539,315.485213085139
22.53,100,0,3576.62002326486,104.872202328061,4,0.998801084094326,0.948801084094326,332.511466897742,315.487240266372
22.54,100,0,3577.29678298076,104.897580101216,4,0.998805821995056,0.948805821995056,332.511942408807,315.489266840361
22.55,100,0,3577.97332649692,104.922951850316,4,0.998810558373906,0.948810558373906,332.512417808596,315.491292807231
22.56,100,0,3578.64965386392,104.948317575257,4,0.998815293231237,0.948815293231237,332.512893097115,315.493318167106
22.57,100,0,3579.32576513236,104.973677275932,4,0.99882002656741,0.94882002656741,332.513368274374,315.495342920111
22.58,100,0,3580.00166035284,104.999030952239,4,0.998824758382785,0.948824758382785,332.513843340382,315.497367066369
22.59,100,0,3580.67733957594,105.024378604074,4,0.998829488677724,0.948829488677724,332.514318295147,315.499390606006
22.6,100,0,3581.35280285224,105.049720231336,4,0.998834217452586,0.948834217452586,332.514793138678,315.501413539146
22.61,100,0,3582.02805023233,105.075055833924,4,0.998838944707734,0.948838944707734,332.515267870984,315.503435865914
22.62,100,0,3582.70308176677,105.100385411739,4,0.998843670443527,0.948843670443527,332.515742492074,315.505457586434
22.63,100,0,3583.37789750614,105.125708964683,4,0.998848394660327,0.948848394660327,332.516217001954,315.507478700829
22.64,100,0,3584.052497501,105.151026492659,4,0.998853117358493,0.948853117358493,332.516691400635,315.509499209225
22.65,100,0,3584.72688180191,105.17633799557,4,0.998857838538387,0.948857838538387,332.517165688126,315.511519111746
22.66,100,0,3585.40105045945,105.201643473322,4,0.998862558200369,0.948862558200369,332.517639864435,315.513538408517
22.67,100,0,3586.07500352415,105.226942925822,4,0.9988672763448,0.9488672763448,332.51811392957,315.515557099661
22.68,100,0,3586.74874104658,105.252236352976,4,0.99887199297204,0.94887199297204,332.51858788354,315.517575185303
22.69,100,0,3587.42226307727,105.277523754693,4,0.998876708082449,0.948876708082449,332.519061726353,315.519592665567
22.7,100,0,3588.09556966678,105.302805130882,4,0.998881421676389,0.948881421676389,332.51953545802,315.521609540578
22.71,100,0,3588.76866086563,105.328080481455,4,0.998886133754219,0.948886133754219,332.520009078547,315.52362581046
22.72,100,0,3589.44153672438,105.353349806324,4,0.9988908443163,0.9488908443163,332.520482587944,315.525641475337
22.73,100,0,3590.11419729354,105.3786131054,4,0.998895553362993,0.948895553362992,332.520955986218,315.527656535334
22.74,100,0,3590.78664262364,105.403870378599,4,0.998900260894657,0.948900260894657,332.52142927338,315.529670990574
22.75,100,0,3591.45887276521,105.429121625835,4,0.998904966911653,0.948904966911653,332.521902449437,315.531684841183
22.76,100,0,3592.13088776878,105.454366847025,4,0.998909671414341,0.948909671414341,332.522375514399,315.533698087284
22.77,100,0,3592.80268768484,105.479606042087,4,0.998914374403082,0.948914374403082,332.522848468273,315.535710729002
22.78,100,0,3593.47427256393,105.504839210938,4,0.998919075878236,0.948919075878236,332.523321311068,315.53772276646
22.79,100,0,3594.14564245653,105.530066353499,4,0.998923775840162,0.948923775840162,332.523794042793,315.539734199784
22.8,100,0,3594.81679741317,105.55528746969,4,0.998928474289222,0.948928474289222,332.524266663456,315.541745029096
22.81,100,0,3595.48773748433,105.580502559433,4,0.998933171225775,0.948933171225775,332.524739173067,315.543755254522
22.82,100,0,3596.15846272051,105.605711622651,4,0.998937866650181,0.948937866650181,332.525211571633,315.545764876185
22.83,100,0,3596.82897317221,105.630914659269,4,0.9989425605628,0.9489425605628,332.525683859164,315.547773894211
22.84,100,0,3597.49926888992,105.656111669211,4,0.998947252963993,0.948947252963993,332.526156035668,315.549782308723
22.85,100,0,3598.16934992412,105.681302652403,4,0.998951943854119,0.948951943854119,332.526628101153,315.551790119845
22.86,100,0,3598.83921632528,105.706487608774,4,0.998956633233539,0.948956633233539,332.527100055628,315.553797327701
22.87,100,0,3599.50886814389,105.731666538252,4,0.998961321102612,0.948961321102612,332.527571899101,315.555803932414
22.88,100,0,3600.17799810958,105.756839437501,4,0.998966015138661,0.948966015138661,332.527785052706,315.557567104352
22.89,100,0,3600.83979857649,105.782005975025,4,0.998970885154428,0.948970885154428,332.522019274654,315.553714964406
22.9,100,0,3601.49441609341,105.807165352191,4,0.998975926742276,0.948975926742276,332.510421166609,315.544385078047
22.91,100,0,3602.14413412539,105.832316987603,4,0.99898108230382,0.94898108230382,332.494929360586,315.531397925142
22.92,100,0,3602.79047865803,105.857460493388,4,0.998986313354401,0.948986313354401,332.476839056716,315.515969772157
22.93,100,0,3603.43446958748,105.882595610968,4,0.998991594177587,0.948991594177587,332.457015624477,315.498913252996
22.94,100,0,3604.07678865614,105.907722168152,4,0.998996907587025,0.948996907587025,332.436037295755,315.480771364157
22.95,100,0,3604.71885922004,105.932839788809,4,0.999002217714912,0.949002217714912,332.405409742127,315.453471025712
22.96,100,0,3605.36688431374,105.957946785807,4,0.999007368272974,0.949007368272974,332.367258944741,315.418977711251
22.97,100,0,3606.01991619587,105.983043381257,4,0.999012383167596,0.949012383167596,332.334201487358,315.389272561618
22.98,100,0,3606.67602335945,106.008130073633,4,0.9990173110824,0.9490173110824,332.304387665949,315.362616443623
22.99,100,0,3607.33397718402,106.033207180757,4,0.999022182982684,0.949022182982684,332.276641430707,315.337903604724
23,100,0,3607.99299600696,106.058274905582,4,0.999027018568011,0.949027018568011,332.250214859249,315.314430826454
23.01,100,0,3608.65258244695,106.083333377999,4,0.999031830373336,0.949031830373336,332.224632197085,315.291750789107
23.02,100,0,3609.31241997365,106.108382681421,4,0.999036626376256,0.949036626376256,332.199590754599,315.269578893317
23.03,100,0,3609.97230713094,106.133422869685,4,0.999041411654914,0.949041411654914,332.174897914172,315.247734032793
23.04,100,0,3610.63211569721,106.158453977813,4,0.999046189442436,0.949046189442436,332.150431079862,315.226100938005
23.05,100,0,3611.2917640665,106.183476028842,4,0.999050961797702,0.949050961797702,332.126112208113,315.204606229241
23.06,100,0,3611.95120031013,106.208489038187,4,0.999055730032115,0.949055730032115,332.101891607706,315.183203184798
23.07,100,0,3612.61039139634,106.233493016404,4,0.999060494981186,0.949060494981186,332.077737633559,315.161862050738
23.08,100,0,3613.26931632804,106.25848797096,4,0.999065257177389,0.949065257177389,332.053630128879,315.14056387495
23.09,100,0,3613.92796177381,106.283473907349,4,0.999070016960199,0.949070016960199,332.029556251662,315.119296583053
23.1,100,0,3614.5863192858,106.308450829814,4,0.999074774546153,0.949074774546153,332.00550781816,315.098052480601
23.11,100,0,3615.24438352785,106.333418741797,4,0.999079530073461,0.949079530073461,331.981479611622,315.07682666289
23.12,100,0,3615.90215114689,106.358377646232,4,0.999084283630426,0.949084283630426,331.957468305408,315.055616002408
23.13,100,0,3616.55962005381,106.383327545726,4,0.999089035273543,0.949089035273543,331.933471777164,315.034418503986
23.14,100,0,3617.21678896525,106.408268442684,4,0.99909378503903,0.94909378503903,331.909488671978,315.013232894056
23.15,100,0,3617.87365711162,106.433200339375,4,0.99909853295018,0.94909853295018,331.885518124079,314.992058358973
23.16,100,0,3618.53022405092,106.458123237987,4,0.999103279022045,0.949103279022044,331.861559579515,314.970894378287
23.17,100,0,3619.1864895501,106.483037140654,4,0.999108023264418,0.949108023264418,331.837612683142,314.94974061848
23.18,100,0,3619.84245350936,106.507942049477,4,0.999112765683742,0.949112765683742,331.813677206595,314.928596865243
23.19,100,0,3620.49811591392,106.532837966535,4,0.999117506284319,0.949117506284319,331.789753002367,314.907462980297
23.2,100,0,3621.15347680321,106.557724893893,4,0.999122245069087,0.949122245069087,331.765839974537,314.886338873864
23.21,100,0,3621.80853625127,106.582602833609,4,0.999126982040112,0.949126982040112,331.74193806009,314.865224487111
23.22,100,0,3622.46329435417,106.607471787734,4,0.999131717198906,0.949131717198906,331.718047217014,314.844119780952
23.23,100,0,3623.11775122207,106.632331758319,4,0.999136450546624,0.949136450546624,331.694167416701,314.823024728905
23.24,100,0,3623.77190697406,106.657182747409,4,0.999141182084195,0.949141182084195,331.670298639102,314.801939312535
23.25,100,0,3624.42576173495,106.682024757052,4,0.999145911812404,0.949145911812404,331.646440869627,314.780863518541
23.26,100,0,3625.07931563317,106.706857789293,4,0.999150639731943,0.949150639731943,331.622594097183,314.759797336908
23.27,100,0,3625.73256879942,106.731681846178,4,0.999155365843444,0.949155365843444,331.5987583129,314.738740759713
23.28,100,0,3626.38552136586,106.756496929753,4,0.999160090147503,0.949160090147503,331.574933509337,314.717693780375
23.29,100,0,3627.03817346555,106.781303042064,4,0.99916481264469,0.94916481264469,331.551119679963,314.696656393169
23.3,100,0,3627.69052523209,106.806100185157,4,0.999169533335562,0.949169533335562,331.527316818829,314.675628592919
23.31,100,0,3628.34257679942,106.83088836108,4,0.999174252220663,0.949174252220663,331.503524920359,314.654610374796
23.32,100,0,3628.99432830167,106.85566757188,4,0.999178969300533,0.949178969300532,331.47974397922,314.633601734201
23.33,100,0,3629.64577987308,106.880437819604,4,0.999183684575706,0.949183684575706,331.45597399023,314.612602666676
23.34,100,0,3630.29693164791,106.905199106302,4,0.999188398046716,0.949188398046716,331.432214948303,314.591613167855
23.35,100,0,3630.94778376046,106.929951434022,4,0.999193109714094,0.949193109714094,331.408466848426,314.570633233437
23.36,100,0,3631.59833634497,106.954694804813,4,0.999197819578368,0.949197819578368,331.384729685618,314.549662859156
23.37,100,0,3632.24858953569,106.979429220726,4,0.999202527640068,0.949202527640068,331.361003454932,314.528702040771
23.38,100,0,3632.89854346679,107.004154683809,4,0.999207233899723,0.949207233899723,331.337288151437,314.507750774061
23.39,100,0,3633.54819827241,107.028871196116,4,0.99921193835786,0.94921193835786,331.313583770216,314.486809054816
23.4,100,0,3634.19755408665,107.053578759696,4,0.999216641015008,0.949216641015008,331.289890306358,314.465876878832
23.41,100,0,3634.84661104352,107.078277376602,4,0.999221341871694,0.949221341871694,331.266207754962,314.444954241912
23.42,100,0,3635.49536927701,107.102967048886,4,0.999226040928446,0.949226040928446,331.242536111129,314.424041139865
23.43,100,0,3636.14382892102,107.127647778602,4,0.999230738185792,0.949230738185792,331.218875369966,314.4031375685
23.44,100,0,3636.79199010942,107.152319567801,4,0.999235433644258,0.949235433644258,331.195225526582,314.382243523633
23.45,100,0,3637.439852976,107.176982418539,4,0.999240127304374,0.949240127304374,331.171586576089,314.361359001079
23.46,100,0,3638.0874176545,107.20163633287,4,0.999244819166665,0.949244819166665,331.147958513602,314.340483996654
23.47,100,0,3638.7346842786,107.226281312848,4,0.999249509231659,0.949249509231659,331.124341334238,314.319618506182
23.48,100,0,3639.38165298193,107.250917360529,4,0.999254197499883,0.949254197499883,331.100735033117,314.298762525483
23.49,100,0,3640.02832389803,107.27554447797,4,0.999258883971865,0.949258883971865,331.077139605361,314.277916050383
23.5,100,0,3640.67469716043,107.300162667225,4,0.999263568648132,0.949263568648132,331.053555046094,314.257079076706
23.51,100,0,3641.32077290255,107.324771930353,4,0.99926825152921,0.94926825152921,331.029981350443,314.236251600282
23.52,100,0,3641.96655125778,107.349372269411,4,0.999272932615627,0.949272932615627,331.006418513536,314.21543361694
23.53,100,0,3642.61203235944,107.373963686456,4,0.99927761190791,0.94927761190791,330.982866530505,314.194625122512
23.54,100,0,3643.2572163408,107.398546183547,4,0.999282289406586,0.949282289406586,330.95932539648,314.17382611283
23.55,100,0,3643.90210333507,107.423119762743,4,0.999286965112181,0.949286965112181,330.935795106599,314.15303658373
23.56,100,0,3644.54669347539,107.447684426103,4,0.999291639025222,0.949291639025222,330.912275655998,314.132256531049
23.57,100,0,3645.19098689484,107.472240175687,4,0.999296311146236,0.949296311146236,330.888767039816,314.111485950624
23.58,100,0,3645.83498372646,107.496787013555,4,0.99930098147575,0.94930098147575,330.865269253197,314.090724838298
23.59,100,0,3646.47868410322,107.521324941769,4,0.999305650014291,0.949305650014291,330.841782291282,314.069973189912
23.6,100,0,3647.12208815801,107.54585396239,4,0.999310316762384,0.949310316762384,330.818306149217,314.049231001309
23.61,100,0,3647.7651960237,107.570374077479,4,0.999314981720558,0.949314981720558,330.794840822152,314.028498268336
23.62,100,0,3648.40800783307,107.594885289098,4,0.999319644889337,0.949319644889337,330.771386305235,314.00777498684
23.63,100,0,3649.05052371886,107.619387599312,4,0.999324306269249,0.949324306269249,330.74794259362,313.98706115267
23.64,100,0,3649.69274381374,107.643881010182,4,0.99932896586082,0.94932896586082,330.724509682462,313.966356761678
23.65,100,0,3650.33466825032,107.668365523773,4,0.999333623664576,0.949333623664576,330.701087566915,313.945661809715
23.66,100,0,3650.97629716116,107.692841142148,4,0.999338279681044,0.949338279681044,330.677676242139,313.924976292638
23.67,100,0,3651.61763067876,107.717307867374,4,0.999342933910749,0.949342933910749,330.654275703296,313.904300206301
23.68,100,0,3652.25866893555,107.741765701514,4,0.999347586354219,0.949347586354219,330.630885945547,313.883633546562
23.69,100,0,3652.89941206391,107.766214646635,4,0.999352237011979,0.949352237011979,330.60750696406,313.862976309283
23.7,100,0,3653.53986019617,107.790654704802,4,0.999356885884556,0.949356885884555,330.584138753999,313.842328490324
23.71,100,0,3654.18001346457,107.815085878083,4,0.999361532972474,0.949361532972474,330.560781310535,313.821690085549
23.72,100,0,3654.81987200133,107.839508168544,4,0.999366178276261,0.949366178276261,330.537434628841,313.801061090822
23.73,100,0,3655.45943593859,107.863921578254,4,0.999370821796442,0.949370821796442,330.514098704089,313.780441502012
23.74,100,0,3656.09870540844,107.888326109279,4,0.999375463533544,0.949375463533544,330.490773531455,313.759831314985
23.75,100,0,3656.73768054289,107.91272176369,4,0.999380103488091,0.949380103488091,330.467459106118,313.739230525613
23.76,100,0,3657.37636147392,107.937108543554,4,0.99938474166061,0.94938474166061,330.444155423258,313.718639129768
23.77,100,0,3658.01474833343,107.961486450942,4,0.999389378051627,0.949389378051627,330.420862478055,313.698057123322
23.78,100,0,3658.65284125329,107.985855487923,4,0.999394012661667,0.949394012661667,330.397580265695,313.677484502154
23.79,100,0,3659.29064036527,108.010215656568,4,0.999398645491256,0.949398645491256,330.374308781365,313.656921262138
23.8,100,0,3659.92814580111,108.034566958948,4,0.999403276540919,0.949403276540918,330.351048020254,313.636367399155
23.81,100,0,3660.56535769249,108.058909397133,4,0.999407905811181,0.949407905811181,330.327797977551,313.615822909086
23.82,100,0,3661.20227617102,108.083242973197,4,0.99941253330257,0.94941253330257,330.304558648452,313.595287787814
23.83,100,0,3661.83890136827,108.107567689211,4,0.999417159015609,0.949417159015609,330.281330028147,313.57476203122
23.84,100,0,3662.47523341572,108.131883547248,4,0.999421782950824,0.949421782950824,330.258112111839,313.554245635195
23.85,100,0,3663.11127244483,108.156190549382,4,0.99942640510874,0.94942640510874,330.234904894722,313.533738595623
23.86,100,0,3663.74701858697,108.180488697686,4,0.999431025489883,0.949431025489883,330.211708372001,313.513240908396
23.87,100,0,3664.38247197347,108.204777994234,4,0.999435644094779,0.949435644094779,330.188522538878,313.492752569403
23.88,100,0,3665.0176327356,108.229058441101,4,0.999440260923951,0.949440260923951,330.165347390559,313.472273574539
23.89,100,0,3665.65250100456,108.253330040362,4,0.999444875977925,0.949444875977925,330.142182922252,313.451803919699
23.9,100,0,3666.2870769115,108.277592794093,4,0.999449489257227,0.949449489257227,330.119029129167,313.431343600779
23.91,100,0,3666.92136058752,108.30184670437,4,0.99945410076238,0.94945410076238,330.095886006515,313.410892613676
23.92,100,0,3667.55535216365,108.326091773269,4,0.999458710493911,0.949458710493911,330.07275354951,313.390450954293
23.93,100,0,3668.18905177086,108.350328002867,4,0.999463318452344,0.949463318452344,330.04963175337,313.370018618528
23.94,100,0,3668.82245954007,108.374555395242,4,0.999467924638204,0.949467924638204,330.026520613312,313.349595602288
23.95,100,0,3669.45557560215,108.398773952471,4,0.999472529052015,0.949472529052015,330.003420124555,313.329181901476
23.96,100,0,3670.08840008788,108.422983676633,4,0.999477131694303,0.949477131694302,329.980330282326,313.308777512001
23.97,100,0,3670.72093312802,108.447184569807,4,0.999481732565591,0.949481732565591,329.957251081845,313.28838242977
23.98,100,0,3671.35317485325,108.471376634071,4,0.999486331666406,0.949486331666406,329.934182518341,313.267996650694
23.99,100,0,3671.9851253942,108.495559871506,4,0.99949092899727,0.94949092899727,329.911124587044,313.247620170687
24,100,0,3672.61678488143,108.519734284192,4,0.999495524558709,0.949495524558709,329.888077283182,313.227252985659
24.01,100,0,3673.24815344546,108.54389987421,4,0.999500118351248,0.949500118351248,329.86504060199,313.206895091528
24.02,100,0,3673.87923121674,108.568056643639,4,0.99950471037541,0.94950471037541,329.842014538703,313.186546484213
24.03,100,0,3674.51001832567,108.592204594563,4,0.99950930063172,0.94950930063172,329.818999088559,313.166207159631
24.04,100,0,3675.14051490259,108.616343729062,4,0.999513889120702,0.949513889120702,329.795994246795,313.145877113703
24.05,100,0,3675.77072107777,108.640474049219,4,0.999518475842881,0.949518475842881,329.773000008656,313.125556342353
24.06,100,0,3676.40063698144,108.664595557118,4,0.999523060798781,0.949523060798781,329.750016369383,313.105244841505
24.07,100,0,3677.03026274376,108.688708254841,4,0.999527643988925,0.949527643988925,329.727043324222,313.084942607083
24.08,100,0,3677.65959849484,108.712812144471,4,0.999532225413839,0.949532225413839,329.704080868421,313.064649635016
24.09,100,0,3678.28864436473,108.736907228095,4,0.999536805074045,0.949536805074045,329.681128997231,313.044365921235
24.1,100,0,3678.91740048341,108.760993507795,4,0.999541382970069,0.949541382970069,329.658187705903,313.02409146167
24.11,100,0,3679.54586698084,108.785070985656,4,0.999545959102433,0.949545959102433,329.635256989692,313.003826252254
24.12,100,0,3680.17404398687,108.809139663766,4,0.999550533471662,0.949550533471662,329.612336843852,312.983570288921
24.13,100,0,3680.80193163133,108.833199544208,4,0.99955510607828,0.94955510607828,329.589427263644,312.963323567609
24.14,100,0,3681.42953004399,108.857250629071,4,0.99955967692281,0.94955967692281,329.566528244327,312.943086084256
24.15,100,0,3682.05683935454,108.88129292044,4,0.999564246005776,0.949564246005776,329.543639781164,312.9228578348
24.16,100,0,3682.68385969263,108.905326420402,4,0.999568813327702,0.949568813327702,329.520761869419,312.902638815184
24.17,100,0,3683.31059118786,108.929351131047,4,0.999573378889111,0.949573378889111,329.497894504359,312.882429021352
24.18,100,0,3683.93703396974,108.953367054461,4,0.999577942690528,0.949577942690528,329.475037681252,312.862228449248
24.19,100,0,3684.56318816777,108.977374192733,4,0.999582504732474,0.949582504732474,329.45219139537,312.842037094818
24.2,100,0,3685.18905391134,109.001372547952,4,0.999587065015475,0.949587065015475,329.429355641985,312.821854954011
24.21,100,0,3685.81463132984,109.025362122208,4,0.999591623540053,0.949591623540053,329.406530416372,312.801682022779
24.22,100,0,3686.43992055254,109.04934291759,4,0.999596180306731,0.949596180306731,329.38371571381,312.781518297072
24.23,100,0,3687.06492170871,109.073314936189,4,0.999600735316034,0.949600735316034,329.360911529575,312.761363772844
24.24,100,0,3687.68963492753,109.097278180096,4,0.999605288568483,0.949605288568483,329.338117858951,312.74121844605
24.25,100,0,3688.31406033813,109.121232651401,4,0.999609840064603,0.949609840064603,329.31533469722,312.721082312648
24.26,100,0,3688.93819806959,109.145178352197,4,0.999614389804916,0.949614389804916,329.292562039668,312.700955368596
24.27,100,0,3689.56204825091,109.169115284575,4,0.999618937789946,0.949618937789946,329.269799881581,312.680837609855
24.28,100,0,3690.18561101107,109.193043450627,4,0.999623484020215,0.949623484020215,329.24704821825,312.660729032386
24.29,100,0,3690.80888647896,109.216962852447,4,0.999628028496247,0.949628028496247,329.224307044968,312.640629632156
24.3,100,0,3691.43187478342,109.240873492128,4,0.999632571218564,0.949632571218563,329.201576357026,312.620539405127
24.31,100,0,3692.05457605325,109.264775371764,4,0.999637112187689,0.949637112187689,329.178856149721,312.600458347268
24.32,100,0,3692.67699041718,109.288668493448,4,0.999641651404145,0.949641651404145,329.15614641835,312.580386454547
24.33,100,0,3693.29911800388,109.312552859275,4,0.999646188868455,0.949646188868455,329.133447158215,312.560323722936
24.34,100,0,3693.92095894197,109.336428471341,4,0.999650724581141,0.949650724581141,329.110758364616,312.540270148407
24.35,100,0,3694.54251336,109.36029533174,4,0.999655258542727,0.949655258542727,329.088080032858,312.520225726934
24.36,100,0,3695.16378138649,109.384153442569,4,0.999659790753734,0.949659790753734,329.065412158247,312.500190454492
24.37,100,0,3695.78476314988,109.408002805923,4,0.999664321214686,0.949664321214686,329.042754736092,312.480164327061
24.38,100,0,3696.40545877856,109.431843423899,4,0.999668849926104,0.949668849926104,329.020107761702,312.460147340618
24.39,100,0,3697.02586840086,109.455675298595,4,0.999673376888511,0.949673376888511,328.997471230389,312.440139491144
24.4,100,0,3697.64599214506,109.479498432108,4,0.99967790210243,0.94967790210243,328.974845137469,312.420140774623
24.41,100,0,3698.26583013938,109.503312826536,4,0.999682425568382,0.949682425568382,328.952229478259,312.40015118704
24.42,100,0,3698.88538251198,109.527118483976,4,0.99968694728689,0.94968694728689,328.929624248075,312.380170724378
24.43,100,0,3699.50464939097,109.550915406528,4,0.999691467258477,0.949691467258477,328.907029442239,312.360199382627
24.44,100,0,3700.12363090439,109.574703596292,4,0.999695985483664,0.949695985483664,328.884445056075,312.340237157777
24.45,100,0,3700.74232718025,109.598483055366,4,0.999700501962973,0.949700501962973,328.861871084905,312.320284045817
24.46,100,0,3701.36073834647,109.62225378585,4,0.999705016696927,0.949705016696927,328.839307524058,312.300340042741
24.47,100,0,3701.97886453094,109.646015789845,4,0.999709529686047,0.949709529686047,328.816754368861,312.280405144544
24.48,100,0,3702.59670586148,109.669769069451,4,0.999714040930856,0.949714040930856,328.794211614648,312.260479347222
24.49,100,0,3703.21426246585,109.693513626771,4,0.999718550431875,0.949718550431874,328.771679256749,312.240562646773
24.5,100,0,3703.83153447177,109.717249463905,4,0.999723058189625,0.949723058189625,328.7491572905,312.220655039196
24.51,100,0,3704.4485220069,109.740976582955,4,0.99972756420463,0.94972756420463,328.726645711239,312.200756520493
24.52,100,0,3705.06522519882,109.764694986024,4,0.99973206847741,0.94973206847741,328.704144514303,312.180867086667
24.53,100,0,3705.68164417508,109.788404675214,4,0.999736571008487,0.949736571008487,328.681653695035,312.160986733722
24.54,100,0,3706.29777906317,109.812105652629,4,0.999741071798383,0.949741071798383,328.659173248778,312.141115457665
24.55,100,0,3706.9136299905,109.835797920373,4,0.99974557084762,0.94974557084762,328.636703170877,312.121253254504
24.56,100,0,3707.52919708446,109.859481480549,4,0.999750068156718,0.949750068156718,328.614243456679,312.101400120249
24.57,100,0,3708.14448047237,109.883156335262,4,0.999754563726199,0.949754563726199,328.591794101534,312.081556050912
24.58,100,0,3708.75948028147,109.906822486616,4,0.999759057556585,0.949759057556585,328.569355100793,312.061721042504
24.59,100,0,3709.37419663897,109.930479936717,4,0.999763549648396,0.949763549648396,328.546926449809,312.041895091041
24.6,100,0,3709.98862967203,109.954128687671,4,0.999768040002155,0.949768040002155,328.524508143939,312.022078192541
24.61,100,0,3710.60277950772,109.977768741583,4,0.999772528618382,0.949772528618382,328.50210017854,312.002270343021
24.62,100,0,3711.2166462731,110.00140010056,4,0.999777015497599,0.949777015497599,328.479702548971,311.982471538501
24.63,100,0,3711.83023009512,110.025022766709,4,0.999781500640326,0.949781500640326,328.457315250595,311.962681775003
24.64,100,0,3712.44353110073,110.048636742137,4,0.999785984047085,0.949785984047085,328.434938278775,311.94290104855
24.65,100,0,3713.05654941677,110.072242028951,4,0.999790465718396,0.949790465718396,328.412571628876,311.923129355166
24.66,100,0,3713.66928517007,110.095838629259,4,0.999794945654781,0.949794945654781,328.390215296266,311.903366690879
24.67,100,0,3714.28173848738,110.11942654517,4,0.99979942385676,0.94979942385676,328.367869276315,311.883613051716
24.68,100,0,3714.8939094954,110.143005778793,4,0.999803900324854,0.949803900324854,328.345533564396,311.863868433709
24.69,100,0,3715.50579832077,110.166576332237,4,0.999808375059585,0.949808375059585,328.323208155882,311.844132832888
24.7,100,0,3716.11740509007,110.19013820761,4,0.999812848061472,0.949812848061472,328.300893046148,311.824406245286
24.71,100,0,3716.72872992984,110.213691407024,4,0.999817319331036,0.949817319331036,328.278588230573,311.80468866694
24.72,100,0,3717.33977296655,110.237235932589,4,0.999821788868798,0.949821788868798,328.256293704537,311.784980093885
24.73,100,0,3717.95053432663,110.260771786414,4,0.999826256675279,0.949826256675279,328.234009463423,311.765280522161
24.74,100,0,3718.56101413643,110.284298970612,4,0.999830722750998,0.949830722750998,328.211735502613,311.745589947806
24.75,100,0,3719.17121252226,110.307817487293,4,0.999835187096477,0.949835187096477,328.189471817494,311.725908366863
24.76,100,0,3719.78112961037,110.331327338571,4,0.999839649712235,0.949839649712235,328.167218403455,311.706235775376
24.77,100,0,3720.39076552697,110.354828526555,4,0.999844110598794,0.949844110598794,328.144975255885,311.686572169389
24.78,100,0,3721.00012039818,110.378321053361,4,0.999848569756672,0.949848569756672,328.122742370176,311.666917544949
24.79,100,0,3721.6091943501,110.4018049211,4,0.999853027186392,0.949853027186392,328.100519741723,311.647271898104
24.8,100,0,3722.21798750875,110.425280131885,4,0.999857482888471,0.949857482888471,328.078307365923,311.627635224906
24.81,100,0,3722.82650000011,110.448746687831,4,0.999861936863432,0.949861936863432,328.056105238172,311.608007521404
24.82,100,0,3723.4347319501,110.472204591052,4,0.999866389111793,0.949866389111793,328.033913353872,311.588388783654
24.83,100,0,3724.04268348457,110.495653843662,4,0.999870839634075,0.949870839634074,328.011731708426,311.568779007709
24.84,100,0,3724.65035472934,110.519094447777,4,0.999875288430797,0.949875288430797,327.989560297236,311.549178189628
24.85,100,0,3725.25774581015,110.54252640551,4,0.99987973550248,0.94987973550248,327.967399115711,311.529586325467
24.86,100,0,3725.8648568527,110.565949718979,4,0.999884180849643,0.949884180849643,327.945248159256,311.510003411288
24.87,100,0,3726.47168798263,110.589364390298,4,0.999888624472806,0.949888624472806,327.923107423285,311.490429443152
24.88,100,0,3727.07823932553,110.612770421586,4,0.999893066372488,0.949893066372488,327.900976903208,311.470864417122
24.89,100,0,3727.68451100693,110.636167814957,4,0.99989750654921,0.94989750654921,327.87885659444,311.451308329265
24.9,100,0,3728.2905031523,110.659556572529,4,0.999901945003491,0.949901945003491,327.856746492399,311.431761175646
24.91,100,0,3728.89621588705,110.682936696421,4,0.99990638173585,0.94990638173585,327.834646592501,311.412222952334
24.92,100,0,3729.50164933656,110.706308188749,4,0.999910816746807,0.949910816746807,327.812556890168,311.392693655399
24.93,100,0,3730.10680362612,110.729671051632,4,0.999915250036882,0.949915250036881,327.790477380822,311.373173280912
24.94,100,0,3730.71167888101,110.753025287188,4,0.999919681606592,0.949919681606592,327.768408059888,311.353661824948
24.95,100,0,3731.3162752264,110.776370897537,4,0.999924111456459,0.949924111456459,327.746348922792,311.334159283581
24.96,100,0,3731.92059278744,110.799707884798,4,0.999928539587001,0.949928539587001,327.724299964962,311.314665652888
24.97,100,0,3732.52463168923,110.823036251091,4,0.999932965998737,0.949932965998737,327.702261181829,311.295180928948
24.98,100,0,3733.12839205679,110.846355998535,4,0.999937390692187,0.949937390692187,327.680232568826,311.27570510784
24.99,100,0,3733.7318740151,110.869667129251,4,0.999941813667869,0.949941813667869,327.658214121388,311.256238185646
25,100,0,3734.33507768908,110.89296964536,4,0.999946234926303,0.949946234926303,327.636205834951,311.236780158451
25.01,100,0,3734.9380032036,110.916263548983,4,0.999950654468007,0.949950654468007,327.614207704953,311.217331022337
25.02,100,0,3735.54065068347,110.939548842241,4,0.9999550722935,0.9499550722935,327.592219726834,311.197890773393
25.03,100,0,3736.14302025345,110.962825527257,4,0.999959488403302,0.949959488403301,327.570241896039,311.178459407707
25.04,100,0,3736.74511203824,110.986093606152,4,0.99996390279793,0.94996390279793,327.54827420801,311.159036921368
25.05,100,0,3737.34692616248,111.00935308105,4,0.999968315477904,0.949968315477904,327.526316658195,311.139623310468
25.06,100,0,3737.94846275078,111.032603954073,4,0.999972726443742,0.949972726443742,327.504369242042,311.120218571101
25.07,100,0,3738.54972192766,111.055846227344,4,0.999977135695964,0.949977135695964,327.482431955002,311.100822699361
25.08,100,0,3739.1507038176,111.079079902988,4,0.999981543235086,0.949981543235086,327.460504792528,311.081435691346
25.09,100,0,3739.75140854505,111.102304983127,4,0.999985949061629,0.949985949061629,327.438587750073,311.062057543153
25.1,100,0,3740.35183623436,111.125521469887,4,0.99999035317611,0.94999035317611,327.416680823095,311.042688250882
25.11,100,0,3740.95198700985,111.148729365393,4,0.999994755579048,0.949994755579048,327.394784007052,311.023327810634
25.12,100,0,3741.5518609958,111.171928671769,4,0.999999156270961,0.949999156270961,327.372897297404,311.003976218514
25.13,100,0,3742.1514583164,111.19511939114,4,1.00000355525237,0.950003555252367,327.351020689615,310.984633470625
25.14,100,0,3742.75077909581,111.218301525633,4,1.00000795252378,0.950007952523784,327.329154179149,310.965299563075
25.15,100,0,3743.34982345813,111.241475077374,4,1.00001234808573,0.950012348085731,327.307297761471,310.945974491971
25.16,100,0,3743.9485915274,111.264640048489,4,1.00001674193873,0.950016741938726,327.285451432052,310.926658253424
25.17,100,0,3744.54708342761,111.287796441104,4,1.00002113408329,0.950021134083287,327.263615186361,310.907350843543
25.18,100,0,3745.14529928271,111.310944257348,4,1.00002552451993,0.950025524519932,327.24178901987,310.888052258443
25.19,100,0,3745.74323921656,111.334083499348,4,1.00002991324918,0.950029913249178,327.219972928055,310.868762494239
25.2,100,0,3746.34090335299,111.357214169231,4,1.00003430027154,0.950034300271543,327.198166906392,310.849481547046
25.21,100,0,3746.93829181578,111.380336269126,4,1.00003868558755,0.950038685587546,327.176370950359,310.830209412983
25.22,100,0,3747.53540472864,111.403449801161,4,1.0000430691977,0.950043069197704,327.154585055437,310.810946088169
25.23,100,0,3748.13224221524,111.426554767465,4,1.00004745110253,0.950047451102535,327.132809217108,310.791691568725
25.24,100,0,3748.72880439917,111.449651170168,4,1.00005183130256,0.950051831302556,327.111043430856,310.772445850775
25.25,100,0,3749.325091404,111.472739011398,4,1.00005620979828,0.950056209798284,327.089287692168,310.753208930442
25.26,100,0,3749.92110335323,111.495818293287,4,1.00006058659024,0.950060586590239,327.067541996533,310.733980803854
25.27,100,0,3750.51684037029,111.518889017964,4,1.00006496167894,0.950064961678935,327.04580633944,310.714761467137
25.28,100,0,3751.11230257859,111.541951187559,4,1.00006933506489,0.950069335064893,327.024080716382,310.695550916421
25.29,100,0,3751.70749010145,111.565004804204,4,1.00007370674863,0.950073706748627,327.002365122854,310.676349147838
25.3,100,0,3752.30240306215,111.58804987003,4,1.00007807673066,0.950078076730657,326.980659554351,310.65715615752
25.31,100,0,3752.89704158393,111.611086387168,4,1.0000824450115,0.950082445011498,326.958964006373,310.637971941601
25.32,100,0,3753.49140578995,111.634114357751,4,1.00008681159167,0.950086811591669,326.937278474418,310.618796496217
25.33,100,0,3754.08549580335,111.65713378391,4,1.00009117647169,0.950091176471686,326.91560295399,310.599629817507
25.34,100,0,3754.67931174717,111.680144667779,4,1.00009553965207,0.950095539652065,326.893937440592,310.580471901608
25.35,100,0,3755.27285374443,111.70314701149,4,1.00009990113333,0.950099901133326,326.872281929732,310.561322744663
25.36,100,0,3755.8661219181,111.726140817177,4,1.00010426091598,0.950104260915983,326.850636416916,310.542182342813
25.37,100,0,3756.45911639106,111.749126086972,4,1.00010861900055,0.950108619000555,326.829000897655,310.523050692202
25.38,100,0,3757.05183728617,111.772102823011,4,1.00011297538756,0.950112975387557,326.807375367461,310.503927788977
25.39,100,0,3757.64428472623,111.795071027427,4,1.00011733007751,0.950117330077507,326.785759821849,310.484813629284
25.4,100,0,3758.23645883397,111.818030702355,4,1.00012168307092,0.950121683070921,326.764154256333,310.465708209273
25.41,100,0,3758.82835973208,111.840981849929,4,1.00012603436832,0.950126034368316,326.742558666433,310.446611525095
25.42,100,0,3759.41998754319,111.863924472286,4,1.00013038397021,0.950130383970209,326.720973047668,310.427523572901
25.43,100,0,3760.01134238988,111.88685857156,4,1.00013473187711,0.950134731877115,326.699397395561,310.408444348846
25.44,100,0,3760.60242439467,111.909784149888,4,1.00013907808955,0.950139078089552,326.677831705634,310.389373849085
25.45,100,0,3761.19323368004,111.932701209405,4,1.00014342260804,0.950143422608035,326.656275973414,310.370312069774
25.46,100,0,3761.7837703684,111.955609752248,4,1.00014776543308,0.950147765433082,326.634730194428,310.351259007073
25.47,100,0,3762.37403458212,111.978509780555,4,1.00015210656521,0.950152106565207,326.613194364207,310.332214657143
25.48,100,0,3762.9640264435,112.001401296462,4,1.00015644600493,0.950156446004929,326.591668478282,310.313179016144
25.49,100,0,3763.5537460748,112.024284302106,4,1.00016078375276,0.950160783752762,326.570152532187,310.294152080242
25.5,100,0,3764.14319359821,112.047158799626,4,1.00016511980922,0.950165119809223,326.548646521457,310.2751338456
25.51,100,0,3764.7323691359,112.07002479116,4,1.00016945417483,0.950169454174828,326.527150441631,310.256124308386
25.52,100,0,3765.32127280995,112.092882278845,4,1.00017378685009,0.950173786850092,326.505664288247,310.237123464769
25.53,100,0,3765.9099047424,112.115731264822,4,1.00017811783553,0.950178117835533,326.484188056848,310.218131310917
25.54,100,0,3766.49826505523,112.138571751228,4,1.00018244713166,0.950182447131664,326.462721742975,310.199147843004
25.55,100,0,3767.08635387039,112.161403740204,4,1.000186774739,0.950186774739004,326.441265342176,310.180173057202
25.56,100,0,3767.67417130975,112.184227233889,4,1.00019110065807,0.950191100658066,326.419818849998,310.161206949686
25.57,100,0,3768.26171749514,112.207042234423,4,1.00019542488937,0.950195424889367,326.39838226199,310.142249516633
25.58,100,0,3768.84899254833,112.229848743947,4,1.00019974743342,0.950199747433422,326.376955573703,310.123300754221
25.59,100,0,3769.43599659103,112.2526467646,4,1.00020406829075,0.950204068290747,326.355538780689,310.10436065863
25.6,100,0,3770.02272974492,112.275436298525,4,1.00020838746186,0.950208387461858,326.334131878505,310.08542922604
25.61,100,0,3770.6091921316,112.298217347861,4,1.00021270494727,0.950212704947269,326.312734862709,310.066506452635
25.62,100,0,3771.19538387263,112.320989914752,4,1.0002170207475,0.950217020747497,326.291347728857,310.0475923346
25.63,100,0,3771.78130508953,112.343754001338,4,1.00022133486306,0.950221334863056,326.269970472513,310.028686868121
25.64,100,0,3772.36695590373,112.366509609763,4,1.00022564729446,0.950225647294462,326.248603089239,310.009790049386
25.65,100,0,3772.95233643664,112.389256742168,4,1.00022995804223,0.95022995804223,326.2272455746,309.990901874584
25.66,100,0,3773.5374468096,112.411995400696,4,1.00023426710687,0.950234267106875,326.205897924161,309.972022339905
25.67,100,0,3774.1222871439,112.43472558749,4,1.00023857448891,0.950238574488912,326.184560133493,309.953151441543
25.68,100,0,3774.70685756078,112.457447304694,4,1.00024288018886,0.950242880188856,326.163232198167,309.934289175693
25.69,100,0,3775.29115818144,112.480160554452,4,1.00024718420722,0.950247184207222,326.141914113754,309.915435538549
25.7,100,0,3775.87518912698,112.502865338908,4,1.00025148654453,0.950251486544526,326.12060587583,309.896590526309
25.71,100,0,3776.45895051851,112.525561660205,4,1.00025578720128,0.950255787201281,326.099307479972,309.877754135173
25.72,100,0,3777.04244247704,112.548249520488,4,1.000260086178,0.950260086178003,326.078018921756,309.85892636134
25.73,100,0,3777.62566512354,112.570928921903,4,1.00026438347521,0.950264383475206,326.056740196764,309.840107201014
25.74,100,0,3778.20861857893,112.593599866595,4,1.00026867909341,0.950268679093406,326.03547130058,309.821296650398
25.75,100,0,3778.79130296408,112.616262356709,4,1.00027297303312,0.950272973033115,326.014212228786,309.802494705697
25.76,100,0,3779.3737183998,112.638916394391,4,1.00027726529485,0.95027726529485,325.992962976968,309.783701363118
25.77,100,0,3779.95586500685,112.661561981786,4,1.00028155587912,0.950281555879125,325.971723540716,309.764916618871
25.78,100,0,3780.53774290594,112.684199121043,4,1.00028584478645,0.950285844786453,325.950493915619,309.746140469165
25.79,100,0,3781.11935221771,112.706827814306,4,1.00029013201735,0.95029013201735,325.929274097269,309.727372910213
25.8,100,0,3781.70069306278,112.729448063724,4,1.00029441757233,0.950294417572329,325.908064081261,309.708613938228
25.81,100,0,3782.28176556169,112.752059871443,4,1.00029870145191,0.950298701451906,325.886863863191,309.689863549425
25.82,100,0,3782.86256983493,112.774663239612,4,1.00030298365659,0.950302983656593,325.865673438655,309.671121740019
25.83,100,0,3783.44310600294,112.797258170377,4,1.00030726418691,0.950307264186905,325.844492803255,309.652388506231
25.84,100,0,3784.02337418611,112.819844665887,4,1.00031154304336,0.950311543043356,325.823321952591,309.633663844279
25.85,100,0,3784.60337450479,112.842422728291,4,1.00031582022646,0.950315820226461,325.802160882268,309.614947750386
25.86,100,0,3785.18310707925,112.864992359737,4,1.00032009573673,0.950320095736733,325.78100958789,309.596240220773
25.87,100,0,3785.76257202972,112.887553562375,4,1.00032436957469,0.950324369574685,325.759868065065,309.577541251665
25.88,100,0,3786.34176947638,112.910106338353,4,1.00032864174083,0.950328641740832,325.738736309403,309.55885083929
25.89,100,0,3786.92069953935,112.932650689822,4,1.00033291223569,0.950332912235688,325.717614316516,309.540168979875
25.9,100,0,3787.49936233871,112.955186618931,4,1.00033718105977,0.950337181059766,325.696502082014,309.521495669648
25.91,100,0,3788.07775799448,112.97771412783,4,1.00034144821358,0.950341448213579,325.675399601517,309.502830904841
25.92,100,0,3788.65588662662,113.00023321867,4,1.00034571369764,0.950345713697642,325.654306870638,309.484174681688
25.93,100,0,3789.23374835505,113.022743893601,4,1.00034997751247,0.950349977512468,325.633223884999,309.465526996421
25.94,100,0,3789.81134329962,113.045246154775,4,1.00035423965857,0.950354239658569,325.612150640218,309.446887845276
25.95,100,0,3790.38867158015,113.067740004343,4,1.00035850013646,0.950358500136461,325.59108713192,309.428257224491
25.96,100,0,3790.9657333164,113.090225444457,4,1.00036275894666,0.950362758946655,325.570033355728,309.409635130305
25.97,100,0,3791.54252862806,113.112702477268,4,1.00036701608967,0.950367016089665,325.548989307272,309.391021558959
25.98,100,0,3792.11905763478,113.135171104928,4,1.00037127156601,0.950371271566005,325.527954982177,309.372416506693
25.99,100,0,3792.69532045617,113.157631329591,4,1.00037552537619,0.950375525376187,325.506930376075,309.353819969753
26,100,0,3793.27131721178,113.180083153408,4,1.00037977752073,0.950379777520725,325.485915484599,309.335231944383
26.01,100,0,3793.84704802109,113.202526578532,4,1.00038402800013,0.950384028000131,325.464910303382,309.316652426829
26.02,100,0,3794.42251300354,113.224961607118,4,1.00038827681492,0.950388276814919,325.443914828061,309.298081413342
26.03,100,0,3794.99771227853,113.247388241318,4,1.0003925239656,0.950392523965601,325.422929054273,309.27951890017
26.04,100,0,3795.57264596539,113.269806483286,4,1.00039676945269,0.95039676945269,325.401952977661,309.260964883565
26.05,100,0,3796.14731418341,113.292216335176,4,1.0004010132767,0.950401013276699,325.380986593864,309.242419359781
26.06,100,0,3796.72171705181,113.314617799143,4,1.00040525543814,0.950405255438141,325.360029898528,309.223882325071
26.07,100,0,3797.29585468978,113.337010877342,4,1.00040949593753,0.950409495937528,325.339082887297,309.205353775694
26.08,100,0,3797.86972721644,113.359395571926,4,1.00041373477537,0.950413734775372,325.318145555819,309.186833707904
26.09,100,0,3798.44333475087,113.381771885052,4,1.00041797195219,0.950417971952187,325.297217899745,309.168322117965
26.1,100,0,3799.01667741209,113.404139818875,4,1.00042220746848,0.950422207468485,325.276299914725,309.149819002134
26.11,100,0,3799.58975531907,113.42649937555,4,1.00042644132478,0.950426441324777,325.255391596414,309.131324356676
26.12,100,0,3800.16256859073,113.448850557234,4,1.00043067352158,0.950430673521578,325.234492940465,309.112838177855
26.13,100,0,3800.73511734593,113.471193366082,4,1.0004349040594,0.950434904059398,325.213603942538,309.094360461937
26.14,100,0,3801.30740170349,113.493527804252,4,1.00043913293875,0.950439132938749,325.192724598289,309.075891205187
26.15,100,0,3801.87942178217,113.515853873899,4,1.00044336016015,0.950443360160145,325.171854903382,309.057430403878
26.16,100,0,3802.45117770068,113.538171577182,4,1.0004475857241,0.950447585724097,325.150994853477,309.038978054276
26.17,100,0,3803.02266957768,113.560480916256,4,1.00045180963112,0.950451809631117,325.130144444241,309.020534152656
26.18,100,0,3803.59389753177,113.582781893281,4,1.00045603188172,0.950456031881717,325.109303671341,309.00209869529
26.19,100,0,3804.16486168151,113.605074510413,4,1.00046025247641,0.950460252476409,325.088472530443,308.983671678455
26.2,100,0,3804.73556214539,113.627358769811,4,1.0004644714157,0.950464471415705,325.06765101722,308.965253098427
26.21,100,0,3805.30599904188,113.649634673633,4,1.00046868870012,0.950468688700116,325.046839127344,308.946842951485
26.22,100,0,3805.87617248935,113.671902224038,4,1.00047290433015,0.950472904330154,325.026036856489,308.928441233907
26.23,100,0,3806.44608260617,113.694161423184,4,1.00047711830633,0.950477118306332,325.00524420033,308.910047941976
26.24,100,0,3807.01572951062,113.716412273231,4,1.00048133062916,0.950481330629159,324.984461154547,308.891663071975
26.25,100,0,3807.58511332095,113.738654776338,4,1.00048554129915,0.950485541299149,324.963687714819,308.873286620187
26.26,100,0,3808.15423415534,113.760888934665,4,1.00048975031681,0.950489750316812,324.942923876827,308.8549185829
26.27,100,0,3808.72309213194,113.783114750371,4,1.00049395768266,0.95049395768266,324.922169636256,308.836558956402
26.28,100,0,3809.29168736883,113.805332225617,4,1.0004981633972,0.950498163397203,324.901424988792,308.818207736981
26.29,100,0,3809.86001998405,113.827541362562,4,1.00050236746095,0.950502367460954,324.880689930121,308.799864920928
26.3,100,0,3810.42809009557,113.849742163369,4,1.00050656987442,0.950506569874424,324.859964455934,308.781530504537
26.31,100,0,3810.99589782133,113.871934630197,4,1.00051077063812,0.950510770638123,324.839248561921,308.7632044841
26.32,100,0,3811.56344327922,113.894118765208,4,1.00051496975256,0.950514969752563,324.818542243775,308.744886855914
26.33,100,0,3812.13072658705,113.916294570563,4,1.00051916721825,0.950519167218255,324.797845497192,308.726577616275
26.34,100,0,3812.6977478626,113.938462048424,4,1.00052336303571,0.950523363035709,324.777158317869,308.708276761481
26.35,100,0,3813.26450722361,113.960621200953,4,1.00052755720544,0.950527557205437,324.756480701505,308.689984287836
26.36,100,0,3813.83100478773,113.982772030311,4,1.00053174972795,0.950531749727949,324.735812643799,308.671700191638
26.37,100,0,3814.3972406726,114.004914538662,4,1.00053594060376,0.950535940603756,324.715154140455,308.653424469191
26.38,100,0,3814.96321499578,114.027048728168,4,1.00054012983337,0.950540129833369,324.694505187177,308.635157116801
26.39,100,0,3815.52892787479,114.049174600991,4,1.0005443174173,0.950544317417299,324.673865779673,308.616898130775
26.4,100,0,3816.0943794271,114.071292159295,4,1.00054850335606,0.950548503356055,324.653235913648,308.598647507419
26.41,100,0,3816.65956977012,114.093401405244,4,1.00055268765015,0.950552687650149,324.632615584816,308.580405243044
26.42,100,0,3817.22449902122,114.115502341,4,1.00055687030009,0.95055687030009,324.612004788885,308.56217133396
26.43,100,0,3817.78916729771,114.137594968728,4,1.00056105130639,0.95056105130639,324.591403521571,308.543945776481
26.44,100,0,3818.35357471685,114.159679290592,4,1.00056523066956,0.950565230669559,324.570811778589,308.525728566921
26.45,100,0,3818.91772139585,114.181755308756,4,1.00056940839011,0.950569408390106,324.550229555658,308.507519701595
26.46,100,0,3819.48160745187,114.203823025385,4,1.00057358446854,0.950573584468543,324.529656848496,308.489319176821
26.47,100,0,3820.04523300202,114.225882442644,4,1.00057775890538,0.950577758905378,324.509093652824,308.471126988917
26.48,100,0,3820.60859816335,114.247933562697,4,1.00058193170112,0.950581931701123,324.488539964367,308.452943134205
26.49,100,0,3821.17170305286,114.26997638771,4,1.00058610285629,0.950586102856287,324.467995778849,308.434767609006
26.5,100,0,3821.73454778752,114.292010919848,4,1.00059027237138,0.950590272371379,324.447461091997,308.416600409644
26.51,100,0,3822.29713248422,114.314037161278,4,1.00059444024691,0.950594440246911,324.426935899539,308.398441532443
26.52,100,0,3822.85945725981,114.336055114165,4,1.00059860648339,0.950598606483392,324.406420197207,308.380290973731
26.53,100,0,3823.42152223109,114.358064780675,4,1.00060277108133,0.950602771081331,324.385913980734,308.362148729836
26.54,100,0,3823.98332751481,114.380066162976,4,1.00060693404124,0.950606934041238,324.365417245853,308.344014797087
26.55,100,0,3824.54487322767,114.402059263233,4,1.00061109536362,0.950611095363623,324.3449299883,308.325889171815
26.56,100,0,3825.10615948631,114.424044083613,4,1.000615255049,0.950615255048995,324.324452203814,308.307771850354
26.57,100,0,3825.66718640734,114.446020626284,4,1.00061941309786,0.950619413097864,324.303983888136,308.289662829039
26.58,100,0,3826.22795410729,114.467988893414,4,1.00062356951074,0.950623569510739,324.283525037006,308.271562104204
26.59,100,0,3826.78846270265,114.489948887169,4,1.00062772428813,0.950627724288129,324.263075646169,308.253469672187
26.6,100,0,3827.34871230987,114.511900609718,4,1.00063187743054,0.950631877430545,324.242635711369,308.235385529327
26.61,100,0,3827.90870304534,114.533844063228,4,1.00063602893849,0.950636028938494,324.222205228355,308.217309671965
26.62,100,0,3828.4684350254,114.555779249869,4,1.00064017881249,0.950640178812487,324.201784192877,308.199242096443
26.63,100,0,3829.02790836634,114.577706171808,4,1.00064432705303,0.950644327053031,324.181372600684,308.181182799105
26.64,100,0,3829.5871231844,114.599624831214,4,1.00064847366064,0.950648473660637,324.16097044753,308.163131776296
26.65,100,0,3830.14607959575,114.621535230257,4,1.00065261863581,0.950652618635814,324.14057772917,308.145089024361
26.66,100,0,3830.70477771655,114.643437371105,4,1.00065676197907,0.950656761979069,324.120194441361,308.12705453965
26.67,100,0,3831.26321766288,114.665331255928,4,1.00066090369091,0.950660903690912,324.099820579861,308.109028318513
26.68,100,0,3831.82139955077,114.687216886895,4,1.00066504377185,0.950665043771852,324.07945614043,308.0910103573
26.69,100,0,3832.3793234962,114.709094266178,4,1.0006691822224,0.950669182222398,324.059101118832,308.073000652366
26.7,100,0,3832.93698961511,114.730963395944,4,1.00067331904306,0.950673319043058,324.03875551083,308.054999200062
26.71,100,0,3833.49439802337,114.752824278366,4,1.00067745423434,0.95067745423434,324.01841931219,308.037005996748
26.72,100,0,3834.05154883683,114.774676915613,4,1.00068158779675,0.950681587796753,323.99809251868,308.019021038778
26.73,100,0,3834.60844217127,114.796521309856,4,1.00068571973081,0.950685719730806,323.977775126069,308.001044322513
26.74,100,0,3835.1650781424,114.818357463266,4,1.00068985003701,0.950689850037007,323.95746713013,307.983075844312
26.75,100,0,3835.72145686592,114.840185378014,4,1.00069397871586,0.950693978715864,323.937168526635,307.965115600538
26.76,100,0,3836.27757845745,114.862005056273,4,1.00069810576789,0.950698105767886,323.91687931136,307.947163587555
26.77,100,0,3836.83344303258,114.883816500212,4,1.00070223119358,0.950702231193581,323.896599480082,307.929219801727
26.78,100,0,3837.38905070681,114.905619712005,4,1.00070635499346,0.950706354993456,323.87632902858,307.911284239422
26.79,100,0,3837.94440159565,114.927414693823,4,1.00071047716802,0.95071047716802,323.856067952634,307.893356897008
26.8,100,0,3838.49949581451,114.949201447839,4,1.00071459771778,0.950714597717781,323.835816248028,307.875437770854
26.81,100,0,3839.05433347876,114.970979976224,4,1.00071871664325,0.950718716643247,323.815573910545,307.85752685733
26.82,100,0,3839.60891470374,114.992750281152,4,1.00072283394493,0.950722833944925,323.795340935973,307.839624152811
26.83,100,0,3840.16323960471,115.014512364796,4,1.00072694962332,0.950726949623324,323.775117320099,307.821729653671
26.84,100,0,3840.71730829691,115.036266229328,4,1.00073106367895,0.950731063678951,323.754903058712,307.803843356285
26.85,100,0,3841.27112089551,115.058011876923,4,1.00073517611231,0.950735176112314,323.734698147605,307.78596525703
26.86,100,0,3841.82467751563,115.079749309752,4,1.00073928692392,0.950739286923921,323.714502582573,307.768095352287
26.87,100,0,3842.37797827235,115.101478529991,4,1.00074339611428,0.950743396114278,323.694316359409,307.750233638434
26.88,100,0,3842.93102328069,115.123199539814,4,1.00074750368389,0.950747503683893,323.674139473911,307.732380111853
26.89,100,0,3843.48381265561,115.144912341393,4,1.00075160963327,0.950751609633275,323.653971921879,307.71453476893
26.9,100,0,3844.03634651205,115.166616936904,4,1.00075571396293,0.950755713962929,323.633813699114,307.696697606047
26.91,100,0,3844.58862496488,115.188313328521,4,1.00075981667336,0.950759816673364,323.613664801419,307.678868619592
26.92,100,0,3845.14064812892,115.21000151842,4,1.00076391776509,0.950763917765087,323.593525224596,307.661047805953
26.93,100,0,3845.69241611894,115.231681508774,4,1.0007680172386,0.950768017238604,323.573394964456,307.643235161519
26.94,100,0,3846.24392904966,115.253353301759,4,1.00077211509442,0.950772115094423,323.553274016804,307.625430682682
26.95,100,0,3846.79518703575,115.27501689955,4,1.00077621133305,0.950776211333051,323.53316237745,307.607634365833
26.96,100,0,3847.34619019184,115.296672304324,4,1.000780305955,0.950780305954995,323.513060042208,307.589846207367
26.97,100,0,3847.8969386325,115.318319518255,4,1.00078439896076,0.950784398960761,323.492967006891,307.57206620368
26.98,100,0,3848.44743247224,115.33995854352,4,1.00078849035086,0.950788490350857,323.472883267315,307.554294351169
26.99,100,0,3848.99767182554,115.361589382295,4,1.00079258012579,0.950792580125789,323.452808819296,307.536530646232
27,100,0,3849.54765680682,115.383212036756,4,1.00079666828606,0.950796668286063,323.432743658655,307.518775085269
27.01,100,0,3850.09738753045,115.40482650908,4,1.00080075483219,0.950800754832188,323.412687781212,307.501027664683
27.02,100,0,3850.64686411075,115.426432801443,4,1.00080483976467,0.950804839764668,323.392641182791,307.483288380876
27.03,100,0,3851.19608666199,115.448030916022,4,1.00080892308401,0.95080892308401,323.372603859216,307.465557230253
27.04,100,0,3851.74505529839,115.469620854996,4,1.00081300479072,0.950813004790721,323.352575806314,307.447834209221
27.05,100,0,3852.29377013413,115.49120262054,4,1.00081708488531,0.950817084885308,323.332557019912,307.430119314186
27.06,100,0,3852.84223128332,115.512776214832,4,1.00082116336828,0.950821163368276,323.312547495843,307.412412541559
27.07,100,0,3853.39043886003,115.534341640051,4,1.00082524024013,0.950825240240132,323.292547229937,307.394713887749
27.08,100,0,3853.93839297829,115.555898898373,4,1.00082931550138,0.950829315501381,323.272556218028,307.377023349169
27.09,100,0,3854.48609375207,115.577447991978,4,1.00083338915253,0.95083338915253,323.252574455953,307.359340922234
27.1,100,0,3855.03354129528,115.598988923043,4,1.00083746119409,0.950837461194086,323.232601939548,307.341666603358
27.11,100,0,3855.58073572181,115.620521693747,4,1.00084153162655,0.950841531626553,323.212638664653,307.324000388958
27.12,100,0,3856.12767714547,115.642046306269,4,1.00084560045044,0.950845600450438,323.19268462711,307.306342275453
27.13,100,0,3856.67436568003,115.663562762787,4,1.00084966766625,0.950849667666246,323.17273982276,307.288692259261
27.14,100,0,3857.22080143922,115.68507106548,4,1.00085373327448,0.950853733274484,323.152804247449,307.271050336806
27.15,100,0,3857.76698453671,115.706571216528,4,1.00085779727566,0.950857797275656,323.132877897024,307.253416504508
27.16,100,0,3858.31291508612,115.72806321811,4,1.00086185967027,0.95086185967027,323.112960767333,307.235790758793
27.17,100,0,3858.85859320103,115.749547072405,4,1.00086592045883,0.950865920458829,323.093052854226,307.218173096086
27.18,100,0,3859.40401899495,115.771022781594,4,1.00086997964184,0.950869979641839,323.073154153555,307.200563512815
27.19,100,0,3859.94919258137,115.792490347857,4,1.00087403721981,0.950874037219807,323.053264661174,307.182962005409
27.2,100,0,3860.49411407371,115.813949773372,4,1.00087809319324,0.950878093193237,323.033384372938,307.165368570297
27.21,100,0,3861.03878358533,115.835401060322,4,1.00088214756263,0.950882147562635,323.013513284706,307.147783203913
27.22,100,0,3861.58320122957,115.856844210885,4,1.00088620032851,0.950886200328505,322.993651392335,307.130205902688
27.23,100,0,3862.12736711971,115.878279227244,4,1.00089025149135,0.950890251491354,322.97379869169,307.112636663059
27.24,100,0,3862.67128136896,115.899706111579,4,1.00089430105168,0.950894301051685,322.95395517863,307.095075481461
27.25,100,0,3863.21494409051,115.92112486607,4,1.00089834901,0.950898349010004,322.934120849021,307.077522354331
27.26,100,0,3863.75835539749,115.942535492899,4,1.00090239536682,0.950902395366817,322.91429569873,307.059977278111
27.27,100,0,3864.30151540296,115.963937994248,4,1.00090644012263,0.950906440122627,322.894479723625,307.042440249239
27.28,100,0,3864.84442421996,115.985332372298,4,1.00091048327794,0.950910483277939,322.874672919575,307.024911264159
27.29,100,0,3865.38708196147,116.00671862923,4,1.00091452483326,0.950914524833259,322.854875282454,307.007390319316
27.3,100,0,3865.92948874041,116.028096767228,4,1.00091856478909,0.950918564789091,322.835086808134,306.989877411152
27.31,100,0,3866.47164466967,116.049466788471,4,1.00092260314594,0.95092260314594,322.815307492491,306.972372536116
27.32,100,0,3867.01354986208,116.070828695144,4,1.00092663990431,0.950926639904309,322.795537331403,306.954875690657
27.33,100,0,3867.55520443042,116.092182489428,4,1.0009306750647,0.950930675064705,322.775776320748,306.937386871223
27.34,100,0,3868.09660848742,116.113528173506,4,1.00093470862763,0.95093470862763,322.756024456408,306.919906074266
27.35,100,0,3868.63776214577,116.134865749561,4,1.00093874059359,0.95093874059359,322.736281734264,306.902433296239
27.36,100,0,3869.17866551809,116.156195219776,4,1.00094277096309,0.950942770963088,322.716548150203,306.884968533597
27.37,100,0,3869.71931871698,116.177516586333,4,1.00094679973663,0.950946799736629,322.696823700109,306.867511782794
27.38,100,0,3870.25972185496,116.198829851417,4,1.00095082691472,0.950950826914717,322.677108379872,306.850063040289
27.39,100,0,3870.79987504453,116.22013501721,4,1.00095485249786,0.950954852497855,322.65740218538,306.832622302539
27.4,100,0,3871.33977839812,116.241432085896,4,1.00095887648655,0.950958876486549,322.637705112526,306.815189566006
27.41,100,0,3871.87943202812,116.262721059659,4,1.0009628988813,0.950962898881302,322.618017157204,306.797764827152
27.42,100,0,3872.41883604686,116.284001940683,4,1.00096691968262,0.950966919682617,322.598338315307,306.780348082438
27.43,100,0,3872.95799056664,116.305274731151,4,1.000970938891,0.950970938890999,322.578668582733,306.76293932833
27.44,100,0,3873.4968956997,116.326539433249,4,1.00097495650695,0.950974956506951,322.559007955382,306.745538561295
27.45,100,0,3874.03555155824,116.347796049161,4,1.00097897253098,0.950978972530977,322.539356429155,306.7281457778
27.46,100,0,3874.57395825438,116.36904458107,4,1.00098298696358,0.950982986963581,322.519713999952,306.710760974314
27.47,100,0,3875.11211590023,116.390285031163,4,1.00098699980526,0.950986999805265,322.500080663678,306.693384147307
27.48,100,0,3875.65002460782,116.411517401624,4,1.00099101105653,0.950991011056534,322.48045641624,306.676015293253
27.49,100,0,3876.18768448917,116.432741694637,4,1.00099502071789,0.95099502071789,322.460841253546,306.658654408624
27.5,100,0,3876.7250956562,116.453957912389,4,1.00099902878984,0.950999028789838,322.441235171503,306.641301489895
27.51,100,0,3877.26920553762,116.47516414929,4,1.00100143445715,0.951001434457146,322.382747655203,306.586455464334
27.52,100,0,3877.83142516363,116.496357193355,4,1.00100313393196,0.951003133931956,322.331060993911,306.537849168822
27.53,100,0,3878.40424580196,116.517538999187,4,1.00100470272982,0.951004702729823,322.292319630343,306.50151162216
27.54,100,0,3878.98301883106,116.538710782424,4,1.00100619651001,0.951006196510007,322.260988253857,306.472196722856
27.55,100,0,3879.56508447943,116.559873239652,4,1.00100764711629,0.951007647116289,322.233901529201,306.446904514388
27.56,100,0,3880.14892051207,116.581026770591,4,1.00100907277213,0.95100907277213,322.209248688684,306.42391883403
27.57,100,0,3880.73365553527,116.602171605106,4,1.0010104839089,0.9510104839089,322.185993550783,306.4022576354
27.58,100,0,3881.31879063606,116.62330787586,4,1.00101188649898,0.951011886498984,322.163543027675,306.381358815946
27.59,100,0,3881.90404012542,116.644435659869,4,1.00101328396255,0.951013283962546,322.141557571489,306.360900566871
27.6,100,0,3882.48924039932,116.665555002289,4,1.0010146782586,0.951014678258601,322.119842746578,306.340698610348
27.61,100,0,3883.07429776995,116.686665930032,4,1.00101607050949,0.951016070509487,322.09828718991,306.320647401185
27.62,100,0,3883.65915859736,116.707768459559,4,1.00101746135835,0.951017461358353,322.076827105048,306.300686475795
27.63,100,0,3884.24379218539,116.728862601343,4,1.00101885117385,0.951018851173846,322.05542593717,306.280781189071
27.64,100,0,3884.82818098509,116.749948362427,4,1.00102024016734,0.95102024016734,322.03406273592,306.260911685179
27.65,100,0,3885.41231498257,116.771025747888,4,1.00102162846008,0.951021628460081,322.012725491153,306.241066581465
27.66,100,0,3885.99618848327,116.792094761675,4,1.00102301612166,0.951023016121658,321.991407315789,306.221239350719
27.67,100,0,3886.57979826911,116.813155407091,4,1.00102440319204,0.951024403192043,321.970104259016,306.201426248611
27.68,100,0,3887.16314254209,116.834207687069,4,1.00102578969423,0.951025789694228,321.948814053238,306.181625126101
27.69,100,0,3887.74622031878,116.85525160433,4,1.00102717564147,0.95102717564147,321.927535395957,306.161834748836
27.7,100,0,3888.32903108293,116.876287161472,4,1.00102856104144,0.951028561041436,321.906267538126,306.142054407004
27.71,100,0,3888.91157458642,116.897314361023,4,1.00102994589859,0.951029945898591,321.88501004815,306.12228369166
27.72,100,0,3889.49385073493,116.918333205473,4,1.00103133021556,0.951031330215559,321.863762676547,306.102522366461
27.73,100,0,3890.07585952244,116.939343697286,4,1.00103271399391,0.951032713993912,321.842525278336,306.08277029411
27.74,100,0,3890.65760099356,116.960345838916,4,1.00103409723461,0.951034097234612,321.821297768504,306.06302739414
27.75,100,0,3891.23907522202,116.981339632806,4,1.00103547993828,0.951035479938277,321.800080096465,306.043293618718
27.76,100,0,3891.82028229821,117.002325081399,4,1.00103686210532,0.951036862105322,321.778872231399,306.023568938739
27.77,100,0,3892.40122232209,117.023302187131,4,1.00103824373605,0.951038243736051,321.757674153833,306.003853335858
27.78,100,0,3892.9818953991,117.04427095244,4,1.0010396248307,0.951039624830698,321.736485850815,305.984146797906
27.79,100,0,3893.56230163781,117.065231379762,4,1.00104100538946,0.951041005389461,321.715307313135,305.964449316264
27.8,100,0,3894.14244114859,117.086183471533,4,1.00104238541252,0.951042385412519,321.694138533741,305.944760884354
27.81,100,0,3894.72231404278,117.107127230187,4,1.00104376490003,0.951043764900033,321.672979506814,305.925081496772
27.82,100,0,3895.30192043234,117.128062658161,4,1.00104514385216,0.951045143852161,321.65183022725,305.905411148786
27.83,100,0,3895.88126042949,117.148989757889,4,1.00104652226906,0.951046522269055,321.630690690351,305.885749836053
27.84,100,0,3896.46033414664,117.169908531807,4,1.00104790015087,0.951047900150867,321.609560891661,305.866097554456
27.85,100,0,3897.03914169627,117.190818982351,4,1.00104927749774,0.951049277497743,321.588440826855,305.846454300006
27.86,100,0,3897.61768319088,117.211721111956,4,1.00105065430983,0.951050654309834,321.567330491688,305.826820068786
27.87,100,0,3898.19595874297,117.232614923057,4,1.00105203058729,0.951052030587286,321.546229881965,305.807194856929
27.88,100,0,3898.77396846504,117.25350041809,4,1.00105340633025,0.951053406330246,321.525138993514,305.787578660588
27.89,100,0,3899.35171246954,117.274377599491,4,1.00105478153886,0.951054781538863,321.504057822181,305.767971475932
27.9,100,0,3899.92919086891,117.295246469695,4,1.00105615621328,0.951056156213282,321.482986363822,305.748373299144
27.91,100,0,3900.50640377555,117.316107031139,4,1.00105753035365,0.951057530353652,321.461924614298,305.728784126406
27.92,100,0,3901.08335130182,117.336959286257,4,1.00105890396012,0.95105890396012,321.440872569476,305.709203953911
27.93,100,0,3901.66003356005,117.357803237486,4,1.00106027703283,0.951060277032831,321.419830225226,305.689632777849
27.94,100,0,3902.23645066252,117.378638887262,4,1.00106164957194,0.951061649571935,321.398797577417,305.670070594415
27.95,100,0,3902.81260272149,117.39946623802,4,1.00106302157758,0.951063021577577,321.377774621924,305.650517399805
27.96,100,0,3903.38848984916,117.420285292197,4,1.00106439304991,0.951064393049906,321.356761354624,305.630973190219
27.97,100,0,3903.96411215772,117.44109605223,4,1.00106576398907,0.951065763989067,321.335757771392,305.611437961855
27.98,100,0,3904.53946975931,117.461898520553,4,1.00106713439521,0.951067134395208,321.314763868107,305.591911710914
27.99,100,0,3905.11456276601,117.482692699604,4,1.00106850426848,0.951068504268477,321.293779640649,305.572394433598
28,100,0,3905.68939128989,117.503478591818,4,1.00106987360902,0.951069873609021,321.272805084898,305.552886126109
28.01,100,0,3906.26395544298,117.524256199632,4,1.00107124241699,0.951071242416986,321.251840196738,305.533386784655
28.02,100,0,3906.83825533726,117.545025525482,4,1.00107261069252,0.95107261069252,321.230884972053,305.513896405439
28.03,100,0,3907.41229108468,117.565786571806,4,1.00107397843577,0.951073978435771,321.209939406729,305.494414984671
28.04,100,0,3907.98606279714,117.586539341038,4,1.00107534564688,0.951075345646884,321.189003496653,305.474942518558
28.05,100,0,3908.55957058653,117.607283835617,4,1.00107671232601,0.951076712326008,321.168077237712,305.455479003309
28.06,100,0,3909.13281456466,117.628020057978,4,1.00107807847329,0.95107807847329,321.147160625799,305.436024435138
28.07,100,0,3909.70579484334,117.648748010557,4,1.00107944408888,0.951079444088877,321.126253656802,305.416578810255
28.08,100,0,3910.27851153432,117.669467695793,4,1.00108080917292,0.951080809172917,321.105356326616,305.397142124876
28.09,100,0,3910.85096474933,117.690179116121,4,1.00108217372556,0.951082173725556,321.084468631133,305.377714375213
28.1,100,0,3911.42315460004,117.710882273979,4,1.00108353774694,0.951083537746941,321.063590566251,305.358295557485
28.11,100,0,3911.99508119809,117.731577171803,4,1.00108490123722,0.951084901237221,321.042722127866,305.33888566791
28.12,100,0,3912.5667446551,117.75226381203,4,1.00108626419654,0.951086264196542,321.021863311876,305.319484702705
28.13,100,0,3913.13814508262,117.772942197096,4,1.00108762662505,0.951087626625052,321.00101411418,305.300092658091
28.14,100,0,3913.70928259219,117.79361232944,4,1.0010889885229,0.951088988522898,320.980174530683,305.28070953029
28.15,100,0,3914.28015729529,117.814274211498,4,1.00109034989023,0.951090349890227,320.959344557283,305.261335315524
28.16,100,0,3914.85076930339,117.834927845707,4,1.00109171072719,0.951091710727186,320.938524189886,305.241970010017
28.17,100,0,3915.42111872789,117.855573234504,4,1.00109307103392,0.951093071033924,320.917713424398,305.222613609995
28.18,100,0,3915.99120568018,117.876210380326,4,1.00109443081059,0.951094430810587,320.896912256726,305.203266111685
28.19,100,0,3916.56103027158,117.896839285611,4,1.00109579005732,0.951095790057322,320.876120682778,305.183927511315
28.2,100,0,3917.13059261341,117.917459952795,4,1.00109714877428,0.951097148774278,320.855338698463,305.164597805114
28.21,100,0,3917.69989281692,117.938072384316,4,1.0010985069616,0.951098506961601,320.834566299692,305.14527698931
28.22,100,0,3918.26893099335,117.958676582612,4,1.00109986461944,0.951099864619438,320.81380348238,305.125965060139
28.23,100,0,3918.83770725387,117.979272550119,4,1.00110122174794,0.951101221747938,320.793050242439,305.106662013832
28.24,100,0,3919.40622170963,117.999860289275,4,1.00110257834725,0.951102578347248,320.772306575784,305.087367846622
28.25,100,0,3919.97447447175,118.020439802518,4,1.00110393441751,0.951103934417514,320.751572478333,305.068082554747
28.26,100,0,3920.54246565131,118.041011092284,4,1.00110528995888,0.951105289958885,320.730847946004,305.048806134443
28.27,100,0,3921.11019535933,118.061574161012,4,1.00110664497151,0.951106644971507,320.710132974716,305.029538581948
28.28,100,0,3921.67766370681,118.082129011139,4,1.00110799945553,0.951107999455528,320.68942756039,305.010279893501
28.29,100,0,3922.24487080471,118.102675645101,4,1.0011093534111,0.951109353411097,320.668731698948,304.991030065343
28.3,100,0,3922.81181676395,118.123214065338,4,1.00111070683836,0.951110706838359,320.648045386317,304.971789093718
28.31,100,0,3923.37850169543,118.143744274286,4,1.00111205973746,0.951112059737463,320.627368618419,304.952556974867
28.32,100,0,3923.94492570997,118.164266274384,4,1.00111341210856,0.951113412108556,320.606701391183,304.933333705037
28.33,100,0,3924.5110889184,118.184780068068,4,1.00111476395179,0.951114763951786,320.586043700535,304.914119280471
28.34,100,0,3925.07699143147,118.205285657777,4,1.0011161152673,0.951116115267299,320.565395542407,304.894913697419
28.35,100,0,3925.64263335992,118.225783045948,4,1.00111746605524,0.951117466055244,320.544756912726,304.875716952126
28.36,100,0,3926.20801481445,118.246272235019,4,1.00111881631577,0.951118816315768,320.524127807428,304.856529040845
28.37,100,0,3926.77313590571,118.266753227427,4,1.00112016604902,0.951120166049018,320.503508222446,304.837349959826
28.38,100,0,3927.33799674432,118.287226025612,4,1.00112151525514,0.951121515255143,320.482898153715,304.818179705321
28.39,100,0,3927.90259744085,118.307690632009,4,1.00112286393429,0.951122863934289,320.462297597172,304.799018273585
28.4,100,0,3928.46693810586,118.328147049058,4,1.0011242120866,0.951124212086604,320.441706548753,304.77986566087
28.41,100,0,3929.03101884984,118.348595279196,4,1.00112555971224,0.951125559712235,320.421125004401,304.760721863435
28.42,100,0,3929.59483978326,118.36903532486,4,1.00112690681133,0.951126906811331,320.400552960054,304.741586877536
28.43,100,0,3930.15840101655,118.38946718849,4,1.00112825338404,0.951128253384038,320.379990411654,304.722460699432
28.44,100,0,3930.7217026601,118.409890872522,4,1.0011295994305,0.951129599430505,320.359437355147,304.703343325383
28.45,100,0,3931.28474482426,118.430306379395,4,1.00113094495088,0.951130944950878,320.338893786477,304.684234751651
28.46,100,0,3931.84752761935,118.450713711547,4,1.00113228994531,0.951132289945306,320.31835970159,304.665134974498
28.47,100,0,3932.41005115564,118.471112871415,4,1.00113363441394,0.951133634413936,320.297835096434,304.646043990187
28.48,100,0,3932.97231554337,118.491503861438,4,1.00113497835692,0.951134978356915,320.277319966959,304.626961794985
28.49,100,0,3933.53432089275,118.511886684054,4,1.00113632177439,0.951136321774392,320.256814309115,304.607888385156
28.5,100,0,3934.09606731393,118.5322613417,4,1.00113766466651,0.951137664666514,320.236318118855,304.58882375697
28.51,100,0,3934.65755491705,118.552627836815,4,1.00113900703343,0.951139007033427,320.215831392131,304.569767906695
28.52,100,0,3935.21878381219,118.572986171837,4,1.00114034887528,0.951140348875281,320.1953541249,304.550720830602
28.53,100,0,3935.7797541094,118.593336349204,4,1.00114169019222,0.951141690192223,320.174886313117,304.531682524961
28.54,100,0,3936.34046591869,118.613678371354,4,1.0011430309844,0.9511430309844,320.15442795274,304.512652986046
28.55,100,0,3936.90091935003,118.634012240724,4,1.00114437125196,0.95114437125196,320.133979039729,304.493632210131
28.56,100,0,3937.46111451337,118.654337959754,4,1.00114571099505,0.95114571099505,320.113539570044,304.474620193491
28.57,100,0,3938.02105151859,118.674655530882,4,1.00114705021382,0.951147050213819,320.093109539646,304.455616932403
28.58,100,0,3938.58073047557,118.694964956544,4,1.00114838890841,0.951148388908413,320.0726889445,304.436622423145
28.59,100,0,3939.14015149412,118.715266239181,4,1.00114972707898,0.951149727078982,320.05227778057,304.417636661996
28.6,100,0,3939.69931468402,118.735559381229,4,1.00115106472567,0.951151064725671,320.031876043823,304.398659645236
28.61,100,0,3940.25822015504,118.755844385127,4,1.00115240184863,0.95115240184863,320.011483730226,304.379691369148
28.62,100,0,3940.81686801686,118.776121253312,4,1.00115373844801,0.951153738448005,319.991100835748,304.360731830014
28.63,100,0,3941.37525837917,118.796389988224,4,1.00115507452394,0.951155074523945,319.970727356359,304.341781024119
28.64,100,0,3941.9333913516,118.816650592301,4,1.0011564100766,0.951156410076597,319.950363288032,304.322838947748
28.65,100,0,3942.49126704375,118.836903067979,4,1.00115774510611,0.951157745106108,319.93000862674,304.303905597188
28.66,100,0,3943.04888556517,118.857147417699,4,1.00115907961263,0.951159079612627,319.909663368458,304.284980968728
28.67,100,0,3943.60624702538,118.877383643897,4,1.0011604135963,0.951160413596302,319.889327509161,304.266065058657
28.68,100,0,3944.16335153386,118.897611749013,4,1.00116174705728,0.951161747057279,319.869001044828,304.247157863265
28.69,100,0,3944.72019920007,118.917831735483,4,1.00116307999571,0.951163079995708,319.848683971436,304.228259378844
28.7,100,0,3945.2767901334,118.938043605747,4,1.00116441241173,0.951164412411734,319.828376284967,304.20936960169
28.71,100,0,3945.83312444323,118.958247362243,4,1.00116574430551,0.951165744305507,319.808077981403,304.190488528095
28.72,100,0,3946.38920223888,118.978443007408,4,1.00116707567717,0.951167075677174,319.787789056724,304.171616154353
28.73,100,0,3946.94502362966,118.998630543682,4,1.00116840652688,0.951168406526883,319.767509506919,304.152752476766
28.74,100,0,3947.50058872481,119.018809973501,4,1.00116973685478,0.951169736854781,319.747239327971,304.133897491629
28.75,100,0,3948.05589763356,119.038981299304,4,1.00117106666102,0.951171066661017,319.726978515868,304.115051195243
28.76,100,0,3948.61095046508,119.05914452353,4,1.00117239594574,0.951172395945738,319.706727066599,304.096213583907
28.77,100,0,3949.16574732851,119.079299648617,4,1.00117372470909,0.951173724709092,319.686484976155,304.077384653926
28.78,100,0,3949.72028833297,119.099446677002,4,1.00117505295123,0.951175052951227,319.666252240525,304.058564401602
28.79,100,0,3950.27457358752,119.119585611124,4,1.00117638067229,0.95117638067229,319.646028855705,304.03975282324
28.8,100,0,3950.82860320118,119.139716453422,4,1.00117770787243,0.951177707872429,319.625814817687,304.020949915145
28.81,100,0,3951.38237728296,119.159839206332,4,1.00117903455179,0.951179034551793,319.605610122468,304.002155673626
28.82,100,0,3951.93589594179,119.179953872294,4,1.00118036071053,0.951180360710529,319.585414766045,303.983370094991
28.83,100,0,3952.48915928661,119.200060453744,4,1.00118168634878,0.951181686348785,319.565228744417,303.964593175549
28.84,100,0,3953.04216742628,119.220158953123,4,1.00118301146671,0.951183011466708,319.545052053584,303.945824911614
28.85,100,0,3953.59492046966,119.240249372867,4,1.00118433606445,0.951184336064447,319.524884689546,303.927065299495
28.86,100,0,3954.14741852553,119.260331715414,4,1.00118566014215,0.951185660142149,319.504726648308,303.908314335508
28.87,100,0,3954.69966170267,119.280405983204,4,1.00118698369996,0.951186983699962,319.484577925872,303.889572015966
28.88,100,0,3955.2516501098,119.300472178673,4,1.00118830673804,0.951188306738035,319.464438518246,303.870838337187
28.89,100,0,3955.80338385562,119.320530304259,4,1.00118962925651,0.951189629256515,319.444308421435,303.852113295489
28.9,100,0,3956.35486304877,119.340580362402,4,1.00119095125555,0.951190951255549,319.424187631449,303.833396887189
28.91,100,0,3956.90608779787,119.360622355538,4,1.00119227273529,0.951192272735286,319.404076144296,303.814689108607
28.92,100,0,3957.4570582115,119.380656286106,4,1.00119359369587,0.951193593695874,319.383973955988,303.795989956066
28.93,100,0,3958.00777439819,119.400682156544,4,1.00119491413746,0.95119491413746,319.363881062539,303.777299425888
28.94,100,0,3958.55823646645,119.42069996929,4,1.00119623406019,0.951196234060193,319.343797459962,303.758617514397
28.95,100,0,3959.10844452474,119.440709726781,4,1.00119755346422,0.95119755346422,319.323723144271,303.739944217917
28.96,100,0,3959.65839868149,119.460711431456,4,1.00119887234969,0.951198872349689,319.303658111486,303.721279532776
28.97,100,0,3960.20809904509,119.480705085752,4,1.00120019071675,0.951200190716749,319.283602357622,303.702623455301
28.98,100,0,3960.75754572388,119.500690692107,4,1.00120150856555,0.951201508565546,319.263555878701,303.683975981821
28.99,100,0,3961.30673882618,119.52066825296,4,1.00120282589623,0.951202825896229,319.243518670743,303.665337108667
29,100,0,3961.85567846026,119.540637770748,4,1.00120414270895,0.951204142708947,319.223490729771,303.64670683217
29.01,100,0,3962.40436473437,119.560599247908,4,1.00120545900385,0.951205459003846,319.20347205181,303.628085148663
29.02,100,0,3962.95279775669,119.580552686879,4,1.00120677478107,0.951206774781074,319.183462632882,303.60947205448
29.03,100,0,3963.50097763541,119.600498090098,4,1.00120809004078,0.951208090040781,319.163462469016,303.590867545955
29.04,100,0,3964.04890447863,119.620435460003,4,1.00120940478311,0.951209404783113,319.14347155624,303.572271619427
29.05,100,0,3964.59657839445,119.640364799032,4,1.00121071900822,0.951210719008219,319.123489890582,303.553684271232
29.06,100,0,3965.14399949091,119.660286109623,4,1.00121203271625,0.951212032716246,319.103517468075,303.535105497712
29.07,100,0,3965.69116787604,119.680199394212,4,1.00121334590734,0.951213345907343,319.08355428475,303.516535295204
29.08,100,0,3966.23808365779,119.700104655238,4,1.00121465858166,0.951214658581657,319.06360033664,303.497973660051
29.09,100,0,3966.78474694412,119.720001895139,4,1.00121597073934,0.951215970739337,319.043655619782,303.479420588597
29.1,100,0,3967.33115784292,119.739891116351,4,1.00121728238053,0.95121728238053,319.02372013021,303.460876077185
29.11,100,0,3967.87731646204,119.759772321312,4,1.00121859350538,0.951218593505385,319.003793863965,303.442340122162
29.12,100,0,3968.42322290932,119.779645512461,4,1.00121990411405,0.951219904114049,318.983876817084,303.423812719874
29.13,100,0,3968.96887729254,119.799510692233,4,1.00122121420667,0.95122121420667,318.963968985607,303.405293866668
29.14,100,0,3969.51427971945,119.819367863068,4,1.0012225237834,0.951222523783397,318.944070365579,303.386783558895
29.15,100,0,3970.05943029776,119.839217027401,4,1.00122383284438,0.951223832844377,318.924180953042,303.368281792906
29.16,100,0,3970.60432913515,119.859058187671,4,1.00122514138976,0.951225141389759,318.904300744039,303.349788565051
29.17,100,0,3971.14897633924,119.878891346315,4,1.00122644941969,0.95122644941969,318.884429734618,303.331303871683
29.18,100,0,3971.69337201765,119.89871650577,4,1.00122775693432,0.951227756934318,318.864567920827,303.312827709159
29.19,100,0,3972.23751627792,119.918533668473,4,1.00122906393379,0.951229063933792,318.844715298714,303.294360073832
29.2,100,0,3972.78140922759,119.938342836862,4,1.00123037041826,0.951230370418259,318.824871864331,303.275900962062
29.21,100,0,3973.32505097414,119.958144013373,4,1.00123167638787,0.951231676387868,318.805037613729,303.257450370205
29.22,100,0,3973.86844162502,119.977937200445,4,1.00123298184277,0.951232981842766,318.785212542961,303.23900829462
29.23,100,0,3974.41158128763,119.997722400513,4,1.0012342867831,0.951234286783102,318.765396648081,303.22057473167
29.24,100,0,3974.95447006936,120.017499616015,4,1.00123559120902,0.951235591209024,318.745589925147,303.202149677716
29.25,100,0,3975.49710807753,120.037268849389,4,1.00123689512068,0.951236895120678,318.725792370214,303.18373312912
29.26,100,0,3976.03949541945,120.05703010307,4,1.00123819851822,0.951238198518215,318.706003979343,303.16532508225
29.27,100,0,3976.58163220237,120.076783379497,4,1.00123950140178,0.951239501401782,318.686224748594,303.146925533469
29.28,100,0,3977.12351853352,120.096528681105,4,1.00124080377153,0.951240803771526,318.666454674029,303.128534479145
29.29,100,0,3977.66515452009,120.116266010332,4,1.0012421056276,0.951242105627596,318.646693751707,303.110151915646
29.3,100,0,3978.20654026922,120.135995369614,4,1.00124340697014,0.95124340697014,318.626941977696,303.091777839341
29.31,100,0,3978.74767588803,120.155716761389,4,1.00124470779931,0.951244707799306,318.607199348063,303.073412246603
29.32,100,0,3979.28856148358,120.175430188093,4,1.00124600811524,0.951246008115242,318.587465858873,303.055055133804
29.33,100,0,3979.82919716291,120.195135652162,4,1.0012473079181,0.951247307918096,318.567741506195,303.036706497316
29.34,100,0,3980.36958303303,120.214833156033,4,1.00124860720802,0.951248607208016,318.5480262861,303.018366333515
29.35,100,0,3980.90971920088,120.234522702144,4,1.00124990598515,0.951249905985151,318.528320194657,303.000034638776
29.36,100,0,3981.4496057734,120.254204292929,4,1.00125120424965,0.951251204249647,318.508623227942,302.981711409477
29.37,100,0,3981.98924285747,120.273877930826,4,1.00125250200165,0.951252502001655,318.488935382025,302.963396641995
29.38,100,0,3982.52863055993,120.293543618272,4,1.00125379924132,0.951253799241321,318.469256652986,302.945090332712
29.39,100,0,3983.06776898761,120.313201357702,4,1.00125509596879,0.951255095968793,318.4495870369,302.926792478009
29.4,100,0,3983.60665824727,120.332851151553,4,1.00125639218422,0.95125639218422,318.429926529845,302.908503074267
29.41,100,0,3984.14529844564,120.352493002261,4,1.00125768788775,0.95125768788775,318.410275127902,302.890222117871
29.42,100,0,3984.68368968943,120.372126912262,4,1.00125898307953,0.951258983079531,318.390632827151,302.871949605204
29.43,100,0,3985.2218320853,120.391752883993,4,1.00126027775971,0.951260277759711,318.370999623675,302.853685532654
29.44,100,0,3985.75972573987,120.411370919889,4,1.00126157192844,0.951261571928438,318.351375513558,302.835429896608
29.45,100,0,3986.29737075972,120.430981022387,4,1.00126286558586,0.95126286558586,318.331760492885,302.817182693453
29.46,100,0,3986.83476725142,120.450583193923,4,1.00126415873213,0.951264158732126,318.312154557744,302.798943919583
29.47,100,0,3987.37191532145,120.470177436932,4,1.00126545136738,0.951265451367383,318.292557704221,302.780713571385
29.48,100,0,3987.90881507631,120.48976375385,4,1.00126674349178,0.95126674349178,318.272969928407,302.762491645253
29.49,100,0,3988.44546662243,120.509342147114,4,1.00126803510546,0.951268035105464,318.253391226393,302.744278137582
29.5,100,0,3988.9818700662,120.528912619158,4,1.00126932620858,0.951269326208585,318.233821594271,302.726073044765
29.51,100,0,3989.51802551399,120.548475172419,4,1.00127061680129,0.951270616801289,318.214261028134,302.707876363199
29.52,100,0,3990.05393307211,120.568029809333,4,1.00127190688373,0.951271906883725,318.194709524078,302.689688089283
29.53,100,0,3990.58959284687,120.587576532334,4,1.00127319645604,0.951273196456042,318.175167078199,302.671508219414
29.54,100,0,3991.12500494451,120.607115343858,4,1.00127448551839,0.951274485518387,318.155633686594,302.653336749991
29.55,100,0,3991.66016947123,120.626646246342,4,1.00127577407091,0.951275774070909,318.136109345365,302.635173677419
29.56,100,0,3992.19508653322,120.646169242219,4,1.00127706211376,0.951277062113755,318.11659405061,302.617018998098
29.57,100,0,3992.72975623661,120.665684333926,4,1.00127834964707,0.951278349647074,318.097087798432,302.598872708433
29.58,100,0,3993.2641786875,120.685191523898,4,1.00127963667101,0.951279636671015,318.077590584935,302.580734804829
29.59,100,0,3993.79835399195,120.704690814569,4,1.00128092318572,0.951280923185724,318.058102406222,302.56260528369
29.6,100,0,3994.332282256,120.724182208376,4,1.00128220919135,0.95128220919135,318.038623258402,302.544484141428
29.61,100,0,3994.86596358562,120.743665707753,4,1.00128349468804,0.951283494688042,318.01915313758,302.526371374449
29.62,100,0,3995.39939808676,120.763141315134,4,1.00128477967595,0.951284779675948,317.999692039866,302.508266979164
29.63,100,0,3995.93258586535,120.782609032956,4,1.00128606415522,0.951286064155216,317.980239961372,302.490170951984
29.64,100,0,3996.46552702725,120.802068863652,4,1.00128734812599,0.951287348125993,317.960796898206,302.472083289322
29.65,100,0,3996.99822167831,120.821520809658,4,1.00128863158843,0.951288631588429,317.941362846486,302.454003987593
29.66,100,0,3997.53066992432,120.840964873409,4,1.00128991454267,0.95128991454267,317.921937802321,302.43593304321
29.67,100,0,3998.06287187105,120.860401057338,4,1.00129119698887,0.951291196988866,317.902521761831,302.417870452591
29.68,100,0,3998.59482762423,120.879829363881,4,1.00129247892717,0.951292478927165,317.883114721132,302.399816212154
29.69,100,0,3999.12653728954,120.899249795472,4,1.00129376035772,0.951293760357715,317.863716676343,302.381770318318
29.7,100,0,3999.65800097264,120.918662354545,4,1.00129504128066,0.951295041280664,317.844327623584,302.363732767502
29.71,100,0,4000.18925732225,120.938067044404,4,1.00129632125041,0.951296321250412,317.824989815689,302.345743613114
29.72,100,0,4000.72063821299,120.957463893927,4,1.00129759643804,0.951297596438035,317.806066243908,302.328146951257
29.73,100,0,4001.25208148481,120.976852955257,4,1.00129886758453,0.951298867584533,317.787486722664,302.310876251805
29.74,100,0,4001.78346434782,120.996234262765,4,1.00130013612527,0.951300136125275,317.769115252356,302.293802595975
29.75,100,0,4002.31471377144,121.015607837837,4,1.0013014029144,0.951301402914401,317.75087092461,302.276849287854
29.76,100,0,4002.84578632966,121.03497369413,4,1.00130266846029,0.951302668460291,317.732705597496,302.259970692006
29.77,100,0,4003.37665621257,121.054331840705,4,1.00130393306559,0.951303933065593,317.714590620663,302.243139649762
29.78,100,0,4003.90730809438,121.073682283885,4,1.00130519691054,0.951305196910537,317.696508940422,302.226339995358
29.79,100,0,4004.43773288975,121.093025028365,4,1.00130646010249,0.951306460102487,317.678450403697,302.209562104385
29.8,100,0,4004.96792522843,121.112360077869,4,1.00130772270543,0.951307722705434,317.660408964264,302.192800245471
29.81,100,0,4005.49788195222,121.131687435546,4,1.00130898475755,0.951308984757551,317.642381020443,302.176051004528
29.82,100,0,4006.02760122014,121.151007104199,4,1.00131024628163,0.95131024628163,317.624364425857,302.159312347008
29.83,100,0,4006.5570819758,121.170319086427,4,1.00131150729131,0.951311507291311,317.606357900646,302.142583059767
29.84,100,0,4007.0863236301,121.189623384708,4,1.00131276779478,0.951312767794778,317.588360680963,302.125862418813
29.85,100,0,4007.6153258724,121.208920001446,4,1.00131402779696,0.951314027796965,317.570372310305,302.109149991498
29.86,100,0,4008.14408855791,121.228208939001,4,1.00131528730087,0.951315287300872,317.552392515249,302.092445518724
29.87,100,0,4008.6726116407,121.24749019971,4,1.00131654630834,0.951316546308345,317.534421131449,302.07574884479
29.88,100,0,4009.20089513375,121.266763785892,4,1.00131780482054,0.951317804820541,317.516458059555,302.059059875609
29.89,100,0,4009.72893908514,121.286029699857,4,1.00131906283821,0.951319062838209,317.498503238951,302.042378553813
29.9,100,0,4010.25674356386,121.305287943911,4,1.00132032036185,0.951320320361854,317.480556632114,302.025704843922
29.91,100,0,4010.78430865138,121.324538520356,4,1.00132157739183,0.951321577391834,317.462618215281,302.009038723503
29.92,100,0,4011.31163443656,121.343781431491,4,1.00132283392842,0.951322833928419,317.444687972904,301.992380177906
29.93,100,0,4011.83872101269,121.363016679616,4,1.00132408997183,0.951324089971831,317.426765894321,301.975729197116
29.94,100,0,4012.36556847568,121.382244267028,4,1.00132534552226,0.951325345522257,317.408851971797,301.959085773893
29.95,100,0,4012.89217692296,121.401464196026,4,1.00132660057987,0.951326600579868,317.390946199336,301.942449902642
29.96,100,0,4013.4185464529,121.420676468905,4,1.00132785514482,0.951327855144823,317.373048571981,301.925821578757
29.97,100,0,4013.9446771644,121.439881087965,4,1.00132910921728,0.951329109217276,317.355159085398,301.909200798218
29.98,100,0,4014.47056915665,121.4590780555,4,1.00133036279737,0.951330362797375,317.337277735623,301.892587557362
29.99,100,0,4014.996222529,121.47826737381,4,1.00133161588527,0.951331615885266,317.319404518916,301.87598185273
30,100,0,4015.52163738092,121.49744904519,4,1.0013328684811,0.951332868481095,317.301539431666,301.859383680994
