TimeSeconds,ThrottlePercent,Brake,RPM,SpeedMPH,Gear,TorqueRatioBefore,TorqueRatioAfter,ImpellerTorque,TurbineTorque
0,100,0,1000,0,1,2.232,2.232,52.9193384795879,118.11596348644
0.01,100,0,1104.48889403316,0.0574796856898863,1,2.22315494152199,2.22315494152199,64.5772554486182,143.565244560523
0.02,100,0,1207.43738671318,0.126808552117413,1,2.21415027202683,2.21415027202683,77.2024673272837,170.937864033848
0.03,100,0,1306.92015534301,0.208939130569908,1,2.20482820029014,2.20482820029014,90.4795136674712,199.491783282577
0.04,100,0,1401.49737650773,0.304214701368952,1,2.19510771238295,2.19510771238295,104.086253252924,228.480537268539
0.05,100,0,1490.99657303805,0.412738924187929,1,2.18495142655893,2.18495142655893,117.848970390366,257.49427597293
0.06,100,0,1575.31960670478,0.534436437202697,1,2.17433994412162,2.17433994412162,131.607589112682,286.15963795725
0.07,100,0,1654.35708213101,0.669068473518559,1,2.16326325085915,2.16326325085915,145.204707829223,314.116008298699
0.08,100,0,1727.90056477408,0.816218890641855,1,2.1517147854187,2.1517147854187,158.469591196803,340.981362417419
0.09,100,0,1796.0719435795,0.975334164134925,1,2.13970516763325,2.13970516763325,171.296953449113,366.5249764949
0.1,100,0,1859.04752225567,1.1457695352317,1,2.12724989761073,2.12724989761073,183.60484469047,390.573387068636
0.11,100,0,1917.03775484589,1.32681255567668,1,2.11436770135024,2.11436770135024,195.331549363903,413.002719029738
0.12,100,0,1970.27866461485,1.51770466462616,1,2.10107960965433,2.10107960965433,206.433836674488,433.73392497948
0.13,100,0,2019.02888384457,1.71766059935022,1,2.08740858797392,2.08740858797392,216.885934684869,452.729562671947
0.14,100,0,2063.58718580403,1.92590023099981,1,2.07396799130718,2.07396799130718,226.710117547558,470.189527099124
0.15,100,0,2104.16135494643,2.14209485129267,1,2.06479338023519,2.06479338023519,236.092229231738,487.48167204266
0.16,100,0,2140.96818879264,2.36582191085773,1,2.05537557591481,2.05537557591481,244.828230069312,503.213964378915
0.17,100,0,2174.2657778319,2.59637831826764,1,2.04572832733278,2.04572832733278,252.93088872155,517.42788391513
0.18,100,0,2204.30718919075,2.83308326826743,1,2.03586536697229,2.03586536697229,260.419487715618,530.179015924892
0.19,100,0,2231.33780896558,3.07528383222082,1,2.02580031530547,2.02580031530547,267.318260226178,541.533415853101
0.2,100,0,2255.59333029583,3.32235899736241,1,2.0155466010051,2.0155466010051,273.655021159531,551.564447746071
0.21,100,0,2277.2983036002,3.5737223715893,1,2.00511739458348,2.00511739458348,279.459993963471,560.350094986349
0.22,100,0,2296.66516610729,3.82882376502004,1,1.99452555364687,1.99452555364687,284.764825809588,567.970721857022
0.23,100,0,2313.89367185274,4.08714984651129,1,1.98378357828885,1.98378357828885,289.601777923512,574.507251287917
0.24,100,0,2329.17057151594,4.34822445958192,1,1.97229557929428,1.97229557929428,293.912285092329,579.681900587882
0.25,100,0,2342.81481509543,4.61102671280557,1,1.95814894295278,1.95814894295278,297.46191790652,582.47474011736
0.26,100,0,2355.04075400522,4.87491911907352,1,1.94392753710983,1.94392753710983,300.672264440764,584.485094491571
0.27,100,0,2365.9838064589,5.13956130076211,1,1.92964439927924,1.92964439927924,303.572026289831,585.786060308023
0.28,100,0,2375.76790317448,5.4046451409777,1,1.91531192828622,1.91531192828622,306.188198239675,586.445908388917
0.29,100,0,2384.50617684227,5.66989256612735,1,1.90094187356225,1.90094187356225,308.546012167052,586.528034448996
0.3,100,0,2392.30167269002,5.93505333058669,1,1.88654533230087,1.88654533230087,310.66892647273,586.091013128049
0.31,100,0,2399.24806205318,6.19990284448315,1,1.87213275312889,1.87213275312889,312.578650335165,585.188729221285
0.32,100,0,2405.42763151317,6.46423987226848,1,1.85771353351216,1.85771353351216,314.294487688061,583.869123286381
0.33,100,0,2410.91434677828,6.72788340295027,1,1.84335928116625,1.84335928116625,315.629089784623,581.817812060539
0.34,100,0,2416.10578858056,6.99011087751236,1,1.82937309752338,1.82937309752338,316.006382811839,578.093575361652
0.35,100,0,2421.17207254478,7.25063170849737,1,1.81552191635513,1.81552191635513,316.359490111594,574.357587744534
0.36,100,0,2426.12266383937,7.50944163090603,1,1.80180463518512,1.80180463518512,316.690892719104,570.615118422196
0.37,100,0,2430.9660337606,7.76653863475596,1,1.78822010885378,1.78822010885378,317.00279972482,566.870781030872
0.38,100,0,2435.70976904815,8.02192268343951,1,1.77476715273718,1.77476715273718,317.297177974603,563.128609125527
0.39,100,0,2440.36066924419,8.27559546458193,1,1.76144454628574,1.76144454628574,317.575778623889,559.392123289496
0.4,100,0,2444.92483336532,8.52756016977703,1,1.74825103674503,1.74825103674503,317.84016085601,555.664390735726
0.41,100,0,2449.4077370305,8.77782129995938,1,1.73518534294991,1.73518534294991,318.091713049444,551.948078197223
0.42,100,0,2453.81430107334,9.02638449351878,1,1.72224615910769,1.72224615910769,318.331671654248,548.245498828858
0.43,100,0,2458.21238548678,9.27299765220027,1,1.70695021948172,1.70695021948172,318.231324352454,543.205028949379
0.44,100,0,2462.71142231598,9.5172192966019,1,1.69136678206352,1.69136678206352,318.103962346916,538.030475156358
0.45,100,0,2467.29474884919,9.75910913516452,1,1.67602260872067,1.67602260872067,318.018618752172,533.00639502276
0.46,100,0,2471.94512557932,9.99873250384172,1,1.66090871074051,1.66090871074051,317.969842757808,528.118881589232
0.47,100,0,2476.64750681771,10.2361487903336,1,1.64601672875386,1.64601672875386,317.952856872175,523.355721366681
0.48,100,0,2481.38877053188,10.4714121557642,1,1.63133888271295,1.63133888271295,317.96347247087,518.706175924157
0.49,100,0,2486.15748200069,10.7045721635939,1,1.61686792515615,1.61686792515615,317.998016379659,514.160792947549
0.5,100,0,2490.943686881,10.9356743282231,1,1.60259709773193,1.60259709773193,318.053266950486,509.711242539006
0.51,100,0,2495.73872989222,11.1647605939657,1,1.58852009090344,1.58852009090344,318.126398325487,505.350175186786
0.52,100,0,2500.53509584517,11.3918697535722,1,1.57463100671887,1.57463100671887,318.214931779813,501.071098381423
0.53,100,0,2505.32981739055,11.6170323573336,1,1.56094550747404,1.56094550747404,318.130087084582,496.583730227003
0.54,100,0,2510.36906463886,11.8399062178926,1,1.54761026849997,1.54761026849997,317.50158226362,491.368708976167
0.55,100,0,2515.70685254046,12.0604644336151,1,1.53457840211819,1.53457840211819,316.9957146893,486.45477732622
0.56,100,0,2521.29355590147,12.2788354293095,1,1.52182798041897,1.52182798041897,316.595463440842,481.803834737983
0.57,100,0,2527.08636798134,12.4951315129659,1,1.50933939398567,1.50933939398567,316.286181986772,477.383194245955
0.58,100,0,2533.04835273572,12.7094511539762,1,1.49709509599373,1.49709509599373,316.055249704349,473.164764395454
0.59,100,0,2539.14763554684,12.9218809195344,1,1.48507937306431,1.48507937306431,315.891778762441,469.124364760696
0.6,100,0,2545.35671057592,13.1324971244899,1,1.47327814052513,1.47327814052513,315.786366625336,465.241151024962
0.61,100,0,2551.65184668965,13.3413672401038,1,1.46167875981955,1.46167875981955,315.730886352665,461.497130400691
0.62,100,0,2558.01257698559,13.5485510992756,1,1.45026987592659,1.45026987592659,315.718308369058,457.876751906145
0.63,100,0,2564.4212594305,13.7541019294383,1,1.4390412727944,1.4390412727944,315.742548556473,454.366558950054
0.64,100,0,2570.86269815438,13.9580672391433,1,1.42798374493931,1.42798374493931,315.79833845663,450.954893994911
0.65,100,0,2577.3238166065,14.1604895801261,1,1.41708898351408,1.41708898351408,315.881114116475,447.631646914609
0.66,100,0,2583.80053990448,14.3613971227537,1,1.40635271612747,1.40635271612747,315.788620316866,444.110183904769
0.67,100,0,2590.52637923802,14.5604911254366,1,1.39587832102777,1.39587832102777,315.203067692495,439.985128913404
0.68,100,0,2597.54199261183,14.7577626709977,1,1.38568227572078,1.38568227572078,314.751070420851,436.144979546316
0.69,100,0,2604.79349158997,14.9533321606579,1,1.37573805037137,1.37573805037137,314.412277392563,432.548933512867
0.7,100,0,2612.23511403814,15.1473028776324,1,1.3660225628226,1.3660225628226,314.169465078787,429.16257784753
0.71,100,0,2619.82798034331,15.3397636527452,1,1.3565157093369,1.3565157093369,314.008031304919,425.956827323074
0.72,100,0,2627.53904989985,15.5307910906447,1,1.34719995950883,1.34719995950883,313.915577525443,422.907053331469
0.73,100,0,2635.34024310615,15.7204514346139,1,1.33806000667684,1.33806000667684,313.881562541306,419.992365669757
0.74,100,0,2643.20770075335,15.9088021327853,1,1.32908246629289,1.32908246629289,313.897014261401,417.195017876517
0.75,100,0,2651.12115791545,16.0958931566639,1,1.32025561570587,1.32025561570587,313.954288900181,414.499912995406
0.76,100,0,2659.06341359983,16.2817681134411,1,1.31156916968793,1.31156916968793,314.046869149506,411.894191413512
0.77,100,0,2667.01988073552,16.466465186088,1,1.30301408679664,1.30301408679664,314.169194527373,409.36688610672
0.78,100,0,2674.97820374765,16.6500179292,1,1.29458240233056,1.29458240233056,314.316518407679,406.908633492391
0.79,100,0,2682.92793313101,16.8324559437172,1,1.28626708421431,1.28626708421431,314.484787260726,404.511430339612
0.8,100,0,2690.86024819917,17.0138054497048,1,1.27806190865026,1.27806190865026,314.670538448224,402.168428965143
0.81,100,0,2698.76772063042,17.194089773169,1,1.26996135280878,1.26996135280878,314.870813567206,399.873764357812
0.82,100,0,2706.64411262172,17.373329760248,1,1.26196050220436,1.26196050220436,315.083084860794,397.622408007028
0.83,100,0,2714.48420444532,17.5515441299512,1,1.25405497072986,1.25405497072986,315.305192637442,395.41004412392
0.84,100,0,2722.39455637334,17.7286030387878,1,1.24614525355475,1.24614525355475,315.060355345268,392.610966396779
0.85,100,0,2730.46100846554,17.9044152630345,1,1.23842253535573,1.23842253535573,314.898812220152,389.97778541019
0.86,100,0,2738.6485397218,18.0790525726268,1,1.23086861772599,1.23086861772599,314.81020740852,387.490004838957
0.87,100,0,2746.92758970966,18.2525762753187,1,1.2234669423512,1.2234669423512,314.78272797522,385.126261700812
0.88,100,0,2755.27331304915,18.4250387395123,1,1.2162033095355,1.2162033095355,314.806442257878,382.868636937127
0.89,100,0,2763.66483103193,18.5964848296713,1,1.20906552284968,1.20906552284968,314.872990363339,380.702076724893
0.9,100,0,2772.08460590511,18.766953101878,1,1.2020430883766,1.2020430883766,314.975328312642,378.613916407363
0.91,100,0,2780.51791667277,18.9364768017287,1,1.19512696003012,1.19512696003012,315.107515843813,376.593487493058
0.92,100,0,2788.95241917621,19.1050846988111,1,1.18830932377822,1.18830932377822,315.264539916243,374.631792239123
0.93,100,0,2797.37777633441,19.2728017856858,1,1.18158341473576,1.18158341473576,315.442167537601,372.721233470727
0.94,100,0,2805.77092225088,19.4396491904582,1,1.17493731065106,1.17493731065106,315.632030415149,370.84784897131
0.95,100,0,2814.08101714096,19.6056364619154,1,1.16834796062581,1.16834796062581,315.816767766576,368.983876551515
0.96,100,0,2822.30833736042,19.7707675197188,1,1.16181416140495,1.16181416140495,315.996184562617,367.12884217478
0.97,100,0,2830.45519000848,19.9350465562875,1,1.15533558392264,1.15533558392264,316.170762400608,365.283332397374
0.98,100,0,2838.52367895168,20.0984780059403,1,1.14891183216737,1.14891183216737,316.340915449564,363.447820758662
0.99,100,0,2846.51573305003,20.2610664976225,1,1.14254245622301,1.14254245622301,316.507000859594,361.622686173899
1,100,0,2854.43313003651,20.4228168153253,1,1.1362269631801,1.1362269631801,316.669327518886,359.80822833907
1.01,100,0,2862.27751673897,20.5837338649491,1,1.12996482625864,1.12996482625864,316.828163424097,358.004680637352
1.02,100,0,2870.05042622298,20.7438226465666,1,1.12375549242882,1.12375549242882,316.983741886871,356.21222095601
1.03,100,0,2877.75329234098,20.9030882312128,1,1.11759838877026,1.11759838877026,317.136266763093,354.430980755049
1.04,100,0,2885.38746209574,21.0615357414694,1,1.1114929277714,1.1114929277714,317.28591686126,352.661052672754
1.05,100,0,2892.95420616054,21.219170335234,1,1.1054385117386,1.1054385117386,317.432849661084,350.902496906289
1.06,100,0,2900.45472784407,21.3759971921601,1,1.09943453645745,1.09943453645745,317.577204452228,349.155346566388
1.07,100,0,2907.9090298454,21.5319999420133,1,1.09345810263663,1.09345810263663,317.546120863381,347.223378818895
1.08,100,0,2915.44330000647,21.68704515038,1,1.08756120968832,1.08756120968832,317.326728411169,345.112240617289
1.09,100,0,2923.06346779427,21.8411439719368,1,1.08178882984961,1.08178882984961,317.166444068275,343.107116396181
1.1,100,0,2930.82391730341,21.9942231936323,1,1.07545062374819,1.07545062374819,316.532136095359,340.414683200102
1.11,100,0,2938.93131269497,22.145984044036,1,1.06908753053998,1.06908753053998,315.839928211102,337.660528897132
1.12,100,0,2947.31441969678,22.2965436292345,1,1.06298886148981,1.06298886148981,315.31323925334,335.174461206571
1.13,100,0,2955.89505618731,22.446032493824,1,1.05730874889087,1.05730874889087,314.991257485433,333.043012363485
1.14,100,0,2964.58707101935,22.5946027948941,1,1.0518817650869,1.0518817650869,314.790673630946,331.122569411813
1.15,100,0,2973.3550359625,22.7423147006769,1,1.04658083955326,1.04658083955326,314.654868415135,329.311756355431
1.16,100,0,2982.17946871787,22.8892124254215,1,1.04166050486426,1.04166050486426,314.473776871875,327.57491318293
1.17,100,0,2991.13297723723,23.0353259208301,1,1.03745903111671,1.03745903111671,314.162314749014,325.930530672895
1.18,100,0,3000.20748581787,23.1807116473576,1,1.03337262831769,1.03337262831769,313.9382435139,324.415187829397
1.19,100,0,3009.36748080254,23.3254224803486,1,1.02938304254936,1.02938304254936,313.783673243568,323.003592265776
1.2,100,0,3018.63552939628,23.4694418229706,1,1.02533340017831,1.02533340017831,313.339594615044,321.277551957137
1.21,100,0,3028.14545075756,23.6126271914908,1,1.02137250679001,1.02137250679001,312.858506226636,319.545076775276
1.22,100,0,3037.84206011848,23.7550588876331,1,1.01756262950452,1.01756262950452,312.512638098992,318.001181777404
1.23,100,0,3047.67119137699,23.8968129248749,1,1.01387456957466,1.01387456957466,312.271151686223,316.603779506452
1.24,100,0,3057.58661143593,24.0379770154976,1,1.01092629569768,1.01092629569768,312.146036528881,315.556636424854
1.25,100,0,3067.53460047471,24.178755013241,1,1.00871818616829,1.00871818616829,312.105342335677,314.826334814278
1.26,100,0,3077.49404915627,24.3192010279791,1,1.00653921558491,1.00653921558491,312.094400495834,314.135253063521
1.27,100,0,3087.45298192638,24.4593310087926,1,1.00438524051821,1.00438524051821,312.106647618549,313.47531033569
1.28,100,0,3097.40206905317,24.5991576363674,1,1.00225298595062,1.00225298595062,312.136950162956,312.840190326344
1.29,100,0,3107.53044662327,24.73861152364,1,1.002,1.002,311.251160131573,311.873662451836
1.3,100,0,3118.05225142702,24.8776583944384,1,1.002,1.002,310.512339143003,311.133363821289
1.31,100,0,3128.85891324084,25.016410677085,1,1.002,1.002,309.986843643526,310.606817330813
1.32,100,0,3139.86744996387,25.154951780798,1,1.002,1.002,309.616229125762,310.235461584013
1.33,100,0,3151.01751508726,25.2933423503133,1,1.002,1.002,309.35843922272,309.977156101166
1.34,100,0,3162.26129840858,25.4316286299823,1,1.00193884090135,1.00193884090135,309.222792812572,309.822326610907
1.35,100,0,3173.53532564187,25.5698578935576,1,1.00177660189361,1.00177660189361,309.194906700759,309.744222957499
1.36,100,0,3184.81679821814,25.7080485446113,1,1.00161584704972,1.00161584704972,309.188944476359,309.688546520097
1.37,100,0,3196.09711092009,25.8462093799008,1,1.0014562962782,1.0014562962782,309.199193502307,309.649479137026
1.38,100,0,3207.36990155493,25.984346903363,1,1.00129774078247,1.00129774078247,309.221425167529,309.622714421784
1.39,100,0,3218.63046962655,26.1224659204694,1,1.0011400245201,1.0011400245201,309.252504032154,309.605059469655
1.4,100,0,3229.88316442811,26.2605614985471,1,1.0009498159319,1.0009498159319,309.165241179145,309.458891250806
1.41,100,0,3241.39939228449,26.3983370537068,1,1.0005075358607,1.0005075358607,308.247349616323,308.403796200218
1.42,100,0,3253.2557943051,26.5357028780727,1,1.00010017999543,1.00010017999543,307.647548034555,307.67836816451
1.43,100,0,3265.33342201039,26.6727826568654,1,0.999716601815851,0.999716601815851,307.260175968965,307.173098993035
1.44,100,0,3277.55263775921,26.8096591906746,1,0.999349341111185,0.999349341111185,307.015404446634,306.815642144728
1.45,100,0,3289.85987724164,26.9463881717227,1,0.998993382761443,0.998993382761443,306.866744140816,306.557846786224
1.46,100,0,3302.21898284656,27.08300719969,1,0.998645342667618,0.998645342667618,306.783067678957,306.367481746876
1.47,100,0,3314.6054775184,27.2195417365793,1,0.998302929681328,0.998302929681328,306.74343822494,306.222873040481
1.48,100,0,3327.0061731346,27.3560065126587,1,0.998011704297087,0.998011704297087,306.679664670858,306.069894811422
1.49,100,0,3339.53054006684,27.4923283362735,1,0.998119784416887,0.998119784416887,306.267580271393,305.691731194365
1.5,100,0,3352.20302636753,27.6285076716726,1,0.998222654186551,0.998222654186551,306.016248226382,305.47235152875
1.51,100,0,3364.964651232,27.7646029440384,1,0.998322112447896,0.998322112447896,305.867942036256,305.354730023726
1.52,100,0,3377.77754248932,27.900651649188,1,0.998419312735532,0.998419312735532,305.785924338623,305.302572422367
1.53,100,0,3390.61729554155,28.0366779287174,1,0.998514997612911,0.998514997612911,305.746692383922,305.292657815887
1.54,100,0,3403.46813938405,28.1726973626949,1,0.998609646752604,0.998609646752604,305.735145559546,305.310065707075
1.55,100,0,3416.31985980841,28.3087200204154,1,0.998703571025408,0.998703571025408,305.741545991805,305.345173792845
1.56,100,0,3429.16583150593,28.4447524117812,1,0.998796972551802,0.998796972551802,305.759593605536,305.391756421878
1.57,100,0,3442.00175430675,28.5807987405415,1,0.998889983175327,0.998889983175327,305.785200367462,305.445773650318
1.58,100,0,3454.82483874673,28.7168617119975,1,0.998982689194496,0.998982689194496,305.815706285611,305.504596663114
1.59,100,0,3467.68268731816,28.8528934655557,1,0.999073709103075,0.999073709103075,305.597122957663,305.314051124541
1.6,100,0,3480.64013543057,28.9888285304677,1,0.99916117572587,0.99916117572587,305.428028863767,305.171828419156
1.61,100,0,3493.65579682259,29.1247079405613,1,0.999246317320186,0.999246317320186,305.335143976863,305.10501816731
1.62,100,0,3506.70199766336,29.260559133707,1,0.999329953088259,0.999329953088259,305.290011235303,305.08545260609
1.63,100,0,3519.76137327486,29.3963993058567,1,0.999412596532194,0.999412596532194,305.274887575448,305.095568047852
1.64,100,0,3532.82299902697,29.5322392545474,1,0.999494570655978,0.999494570655978,305.278665554131,305.124368758456
1.65,100,0,3545.8799885628,29.668085764933,1,0.99957607931997,0.99957607931997,305.294367166983,305.164946571244
1.66,100,0,3558.9279962867,29.8039430975672,1,0.999657251621475,0.999657251621475,305.31759459389,305.212947483408
1.67,100,0,3571.96428011858,29.9398139196139,1,0.99973816959891,0.99973816959891,305.345567901761,305.265619149246
1.68,100,0,3584.98711291341,30.0756998896679,1,0.99981888558294,0.99981888558294,305.376524915459,305.321216824165
1.69,100,0,3597.99541168522,30.2116020261838,1,0.999899433096891,0.999899433096891,305.409345625313,305.378631553243
1.7,100,0,3610.91720105081,30.3475129130781,1,0.999981606175417,0.999981606175417,305.383550111188,305.377932939737
1.71,100,0,3623.66551999769,30.4833834150345,1,1.00006743191951,1.00006743191951,305.230807181128,305.251389480351
1.72,100,0,3636.28707748636,30.6191664593854,1,1.00015557312422,1.00015557312422,304.996211364515,305.043660577993
1.73,100,0,3648.81358012766,30.7548323033042,1,1.00024513381645,1.00024513381645,304.709946488602,304.784641200694
1.74,100,0,3661.26528392559,30.8903621539672,1,1.0003355455177,1.0003355455177,304.391123053111,304.493260130079
1.75,100,0,3673.65518656212,31.0257441573759,1,1.00042644669064,1.00042644669064,304.051862396945,304.181524307448
1.76,100,0,3685.99167501121,31.1609708654556,1,1.00051760686081,1.00051760686081,303.699869838858,303.857066975113
1.77,100,0,3698.28020006854,31.2960376343387,1,1.00060887877274,1.00060887877274,303.340055483553,303.52475280426
1.78,100,0,3710.52433760201,31.4309416094457,1,1.00070016815499,1.00070016815499,302.975556176424,303.1876900126
1.79,100,0,3722.72646274362,31.5656810808559,1,1.00079141456448,1.00079141456448,302.608380993907,302.847869673958
1.8,100,0,3734.88817930939,31.7002550728039,1,1.00088257921759,1.00088257921759,302.239819849346,302.506570433073
1.81,100,0,3747.01059406255,31.834663081559,1,1.00097363723802,1.00097363723802,301.870702789761,302.164615347064
1.82,100,0,3759.22056651322,31.9687762754718,1,1.00103055734089,1.00103055734089,300.725411005305,301.035325785209
1.83,100,0,3771.77841372645,32.1023233559299,1,1.00106895099453,1.00106895099453,299.692683364264,300.0130401562
1.84,100,0,3784.51970743283,32.235464187302,1,1.00110427386511,1.00110427386511,298.940884274338,299.270996880056
1.85,100,0,3797.34621941191,32.3682948747694,1,1.00113788217343,1.00113788217343,298.343419909513,298.682899568588
1.86,100,0,3810.20401930688,32.5008684293823,1,1.00117051978294,1.00117051978294,297.831562118235,298.180179853679
1.87,100,0,3823.06333234628,32.6332143690385,1,1.00120259730998,1.00120259730998,297.36767246382,297.725286026799
1.88,100,0,3835.90765709176,32.7653493046248,1,1.00123434268004,1.00123434268004,296.930998098586,297.297512702566
1.89,100,0,3848.72783086914,32.8972827114692,1,1.00126588306036,1.00126588306036,296.510030617448,296.885377642435
1.9,100,0,3861.51877018836,33.0290200985455,1,1.00129728975433,1.00129728975433,296.098355061675,296.48248042397
1.91,100,0,3874.27766982744,33.1605647590624,1,1.00132860294275,1.00132860294275,295.692378168025,296.085235931808
1.92,100,0,3887.00300266683,33.2919187424725,1,1.00135984538842,1.00135984538842,295.290077553679,295.691626403887
1.93,100,0,3899.69396158981,33.423083396751,1,1.00139103006313,1.00139103006313,294.890309394108,295.300510679801
1.94,100,0,3912.3501466596,33.554059672293,1,1.00142216441138,1.00142216441138,294.492423384595,294.911240028554
1.95,100,0,3924.97138902041,33.6848482929579,1,1.00145325274424,1.00145325274424,294.096047631923,294.523443520213
1.96,100,0,3937.55765134918,33.8154498527457,1,1.00148429758898,1.00148429758898,293.700967959821,294.136907598446
1.97,100,0,3950.10897135058,33.9458648706659,1,1.00151530045326,1.00151530045326,293.307059903956,293.751508224772
1.98,100,0,3962.62542955546,34.0760938220056,1,1.0015462622594,1.0015462622594,292.914250237116,293.367172487498
1.99,100,0,3975.10713089731,34.2061371562203,1,1.00157718359233,1.00157718359233,292.522495113647,292.983856793328
2,100,0,3987.55419413141,34.3359953072116,1,1.00160806484161,1.00160806484161,292.131767605059,292.601534429661
2.01,100,0,3999.96674573545,34.4656686992561,1,1.0016389062831,1.0016389062831,291.742050563646,292.220188443359
2.02,100,0,4012.35097486271,34.5951586649008,1,1.00166963889052,1.00166963889052,291.359123392156,291.84558791568
2.03,100,0,4024.71013940375,34.7244694017123,1,1.00170023216,1.00170023216,290.985509110856,291.48025203154
2.04,100,0,4037.04127671771,34.8536042669834,1,1.00173072673644,1.00173072673644,290.617789932588,291.120769911711
2.05,100,0,4049.34266797289,34.9825654053196,1,1.00176114687014,1.00176114687014,290.253938632755,290.765118448325
2.06,100,0,4061.61333408356,35.1113542415049,1,1.00179150708409,1.00179150708409,289.892749118041,290.412094031713
2.07,100,0,4073.85273619006,35.2399717713261,1,1.00182181612297,1.00182181612297,289.53350082912,290.06097762907
2.08,100,0,4086.06059822579,35.3684187338249,1,1.00185207928683,1.00185207928683,289.175761339047,289.711337776877
2.09,100,0,4098.2368014342,35.4966957136848,1,1.00188229981511,1.00188229981511,288.819269810674,289.362914268838
2.1,100,0,4110.38132144237,35.6248032023025,1,1.00191247971025,1.00191247971025,288.463867946101,289.01554924069
2.11,100,0,4122.49419059466,35.7527416343405,1,1.00194262022961,1.00194262022961,288.109458932294,288.669146195559
2.12,100,0,4134.57547533142,35.8805114096788,1,1.00197272218012,1.00197272218012,287.755982948649,288.323645558674
2.13,100,0,4146.62526255913,36.0081129066429,1,1.00200278609549,1.00200278609549,287.403402506118,287.979010044454
2.14,100,0,4158.64365141188,36.1355464900009,1,1.00203281234304,1.00203281234304,287.051693642342,287.635215868269
2.15,100,0,4170.63074825632,36.262812515815,1,1.00206280118841,1.00206280118841,286.700840616443,287.292247451183
2.16,100,0,4182.58666365407,36.389911334395,1,1.00209275283474,1.00209275283474,286.350832702176,286.950094219045
2.17,100,0,4194.5115105094,36.5168432921019,1,1.00212266744667,1.00212266744667,286.001662243291,286.608748661428
2.18,100,0,4206.4054029368,36.6436087324544,1,1.00215254516485,1.00215254516485,285.653323470567,286.268205150826
2.19,100,0,4218.26845556718,36.7702079968098,1,1.00218238611494,1.00218238611494,285.305811779957,285.928459222098
2.2,100,0,4230.10078312207,36.8966414247849,1,1.00221219041312,1.00221219041312,284.959123290743,285.589507131419
2.21,100,0,4241.90250015219,37.0229093545181,1,1.00224195816947,1.00224195816947,284.613254574227,285.251345585459
2.22,100,0,4253.67372087705,37.1490121228335,1,1.00227168949004,1.00227168949004,284.268202486664,284.913971574606
2.23,100,0,4265.41455908683,37.2749500653444,1,1.00230138447822,1.00230138447822,283.923964066038,284.577382269934
2.24,100,0,4277.12512808277,37.4007235165192,1,1.00233104323548,1.00233104323548,283.580536468109,284.241574959358
2.25,100,0,4288.80554064149,37.5263328097252,1,1.00236066586195,1.00236066586195,283.237916926652,283.90654700795
2.26,100,0,4300.45590899406,37.6517782772565,1,1.00239025245666,1.00239025245666,282.896102728666,283.572295833194
2.27,100,0,4312.07634481447,37.7770602503539,1,1.00241980311783,1.00241980311783,282.555091198864,283.238818889505
2.28,100,0,4323.66695921368,37.9021790592192,1,1.00244931794291,1.00244931794291,282.214879689921,282.906113658503
2.29,100,0,4335.22786273749,38.027135033025,1,1.00247879702874,1.00247879702874,281.875465576341,282.574177642886
2.3,100,0,4346.75916536651,38.1519284999233,1,1.00250824047154,1.00250824047154,281.536846250554,282.243008362551
2.31,100,0,4358.26097651758,38.2765597870521,1,1.002537648367,1.002537648367,281.19901912044,281.912603352114
2.32,100,0,4369.73340504616,38.4010292205415,1,1.00256702081026,1.00256702081026,280.861981607733,281.582960159331
2.33,100,0,4381.17655924912,38.5253371255186,1,1.00259635789594,1.00259635789594,280.525731146984,281.254076344062
2.34,100,0,4392.59054686799,38.6494838261125,1,1.00262565971817,1.00262565971817,280.190265184884,280.925949477604
2.35,100,0,4403.96259919455,38.7734688844035,1,1.00265506476425,1.00265506476425,279.845525725411,280.588533720199
2.36,100,0,4415.17144866696,38.897268103785,1,1.00268585312025,1.00268585312025,279.398776450875,280.1492005264
2.37,100,0,4426.22588939321,39.020833478629,1,1.00271786417039,1.00271786417039,278.862258564971,279.620168305999
2.38,100,0,4437.16329070483,39.1441321150994,1,1.00275064983719,1.00275064983719,278.268883371073,279.034303629813
2.39,100,0,4448.00789361091,39.2671432422669,1,1.00278392130134,1.00278392130134,277.639801507626,278.412728865142
2.4,100,0,4458.77549057423,39.3898538843753,1,1.00281749197894,1.00281749197894,276.988622373823,277.76903559562
2.41,100,0,4469.47642751565,39.5122560855475,1,1.00285124104163,1.00285124104163,276.324117986171,277.111984652166
2.42,100,0,4480.1175313236,39.634345128564,1,1.00288509005009,1.00288509005009,275.651953388516,276.447234096525
2.43,100,0,4490.70334949367,39.7561183898432,1,1.0029189879595,1.0029189879595,274.975794336806,275.778445369629
2.44,100,0,4501.23694905139,39.8775746018793,1,1.00295290147582,1.00295290147582,274.298017210185,275.107992230018
2.45,100,0,4511.72043266712,39.9987133770312,1,1.00298680883814,1.00298680883814,273.62016481224,274.437415938794
2.46,100,0,4522.1552729236,40.1195348992826,1,1.00302069579947,1.00302069579947,272.943239659556,273.767718157088
2.47,100,0,4532.54252938205,40.2400397242058,1,1.00305455302159,1.00305455302159,272.267893156805,273.09954987253
2.48,100,0,4542.88298992181,40.3602286488017,1,1.00308837438198,1.00308837438198,271.594547929509,272.433333573619
2.49,100,0,4553.17726302356,40.4801026265827,1,1.0031221558703,1.0031221558703,270.923477140997,271.769342465555
2.5,100,0,4563.42583818843,40.5996627120272,1,1.00315589486736,1.00315589486736,270.254856056961,271.10775197007
2.51,100,0,4573.6291256042,40.7189100241517,1,1.00318958967254,1.00318958967254,269.588795658306,270.44867329677
2.52,100,0,4583.78748225871,40.8378457225623,1,1.00322323919332,1.00322323919332,268.925364610997,269.792175386289
2.53,100,0,4593.90122917871,40.9564709916724,1,1.00325684274074,1.00325684274074,268.264603664372,269.138299291414
2.54,100,0,4603.97066284189,41.0747870302795,1,1.00329039989424,1.00329039989424,267.606535112407,268.487067627238
2.55,100,0,4613.9960627529,41.1927950446671,1,1.00332391041219,1.00332391041219,266.95116902718,267.838490797455
2.56,100,0,4623.97769648752,41.310496244033,2,1.43065734682341,1.43065734682341,1022.80156745618,1463.27857682368
2.57,100,0,4333.08282048228,41.6686126727309,2,1.36127419485166,1.36127419485166,861.711088788682,1173.02506858556
2.58,100,0,4110.739389954,41.958793966081,2,1.30121335243445,1.30121335243445,745.488940165578,970.04016303566
2.59,100,0,3936.71278278315,42.2014880515652,2,1.24897341849654,1.24897341849654,660.364939461784,824.778255894842
2.6,100,0,3799.99294225813,42.4087743504465,2,1.20334631322613,1.20334631322613,592.506015456217,712.989929263543
2.61,100,0,3692.03221765702,42.5895303047601,2,1.16444989015686,1.16444989015686,541.909255561211,631.026173113239
2.62,100,0,3605.83675969616,42.7505870464752,2,1.13124177962626,1.13124177962626,503.330978035574,569.389031333991
2.63,100,0,3535.94517788009,42.8966486404788,2,1.10267295879781,1.10267295879781,473.188498791017,521.772162030987
2.64,100,0,3478.65525953235,43.0307375742393,2,1.07731968207427,1.07731968207427,446.938394765739,481.495529355811
2.65,100,0,3433.1074504661,43.1539935379159,2,1.05284441966369,1.05284441966369,422.638471743407,444.972556510237
2.66,100,0,3397.25610546,43.2685146661302,2,1.03483491452555,1.03483491452555,403.505528419738,417.561609012828
2.67,100,0,3369.44564814677,43.3762335623143,2,1.02090248720943,1.02090248720943,386.998163689225,395.087387855812
2.68,100,0,3348.53384182837,43.4782878077948,2,1.01029132850823,1.01029132850823,373.663852417863,377.509349874746
2.69,100,0,3332.86925231459,43.576302390404,2,1.00435921112078,1.00435921112078,363.668107081667,365.253413138329
2.7,100,0,3321.4158372898,43.6712646579173,2,1.002,1.002,354.436076840996,355.144948994678
2.71,100,0,3313.99748495448,43.7637014921886,2,1.002,1.002,346.618054530409,347.31129063947
2.72,100,0,3309.61620018366,43.8542784593177,2,1.002,1.002,340.950050545805,341.631950646897
2.73,100,0,3307.43188199356,43.9435029387501,2,1.00184805307097,1.00184805307097,336.902865980932,337.525480357027
2.74,100,0,3306.81911310622,44.0317420976675,2,1.00165686867374,1.00165686867374,333.936234765999,334.489523252408
2.75,100,0,3307.37727601386,44.1192428425108,2,1.00149806826442,1.00149806826442,331.715001326072,332.211933042392
2.76,100,0,3308.8138057379,44.2061861995952,2,1.00136369708044,1.00136369708044,330.045647583319,330.495729869341
2.77,100,0,3310.91137726458,44.2927066162717,2,1.00124780432376,1.00124780432376,328.787613263097,329.197875868527
2.78,100,0,3313.50760460037,44.3789045363818,2,1.00114592015068,1.00114592015068,327.837709918065,328.213385756013
2.79,100,0,3316.48059920206,44.4648553432383,2,1.00105467644572,1.00105467644572,327.119556292442,327.464561583398
2.8,100,0,3319.75777342101,44.5506031431355,2,1.00091619146282,1.00091619146282,326.359191765839,326.658199271149
2.81,100,0,3323.44150472294,44.6360768999438,2,1.00070280074449,1.00070280074449,325.493701816295,325.722459032258
2.82,100,0,3327.45233477072,44.7213247437222,2,1.00051722075856,1.00051722075856,324.902969369007,325.071015929283
2.83,100,0,3331.68645475019,44.8064119876926,2,1.00035077427228,1.00035077427228,324.49975097649,324.613577140494
2.84,100,0,3336.07290181563,44.891383271146,2,1.00019752595415,1.00019752595415,324.224932429502,324.288975268638
2.85,100,0,3340.563024114,44.9762691930434,2,1.0000534059101,1.0000534059101,324.038257527616,324.055563085668
2.86,100,0,3345.12339115582,45.0610907750246,2,0.999915617944307,0.999915617944307,323.912210289336,323.884877911168
2.87,100,0,3349.7309909074,45.1458624842804,2,0.999782237889323,0.999782237889323,323.827930144542,323.757412690977
2.88,100,0,3354.36996016788,45.230594291058,2,0.999651939868985,0.999651939868985,323.772461112999,323.659768827765
2.89,100,0,3359.02935068311,45.3152930742019,2,0.999523809188345,0.999523809188345,323.736887742503,323.582727211166
2.9,100,0,3363.701598704,45.3999635839765,2,0.999397214140845,0.999397214140845,323.715066136576,323.519935272314
2.91,100,0,3368.38147422889,45.4846091030406,2,0.999271718019192,0.999271718019192,323.702757119932,323.467010234783
2.92,100,0,3373.06535833975,45.569231900991,2,0.999147018629887,0.999147018629887,323.697032546293,323.42092500797
2.93,100,0,3377.7507454749,45.6538335473954,2,0.999022906660799,0.999022906660799,323.695867840893,323.379586764498
2.94,100,0,3382.43590020336,45.7384151276358,2,0.998899236993044,0.998899236993044,323.697861890694,323.341547258894
2.95,100,0,3387.11962028385,45.8229773919006,2,0.998775908912403,0.998775908912403,323.702044211978,323.305803424621
2.96,100,0,3391.80107293445,45.9075208581319,2,0.998652852446637,0.998652852446637,323.707742041335,323.271659948639
2.97,100,0,3396.47968158803,45.9920458832235,2,0.998530018923969,0.998530018923969,323.714488630596,323.238634458271
2.98,100,0,3401.15504749844,46.0765527123039,2,0.998407374443044,0.998407374443044,323.721959910053,323.206392043352
2.99,100,0,3405.82689542685,46.1610415128784,2,0.998284895352849,0.998284895352849,323.729930704661,323.174699996088
3,100,0,3410.49503598118,46.245512398501,2,0.998162565121431,0.998162565121431,323.738244440812,323.14339649895
3.01,100,0,3415.15933948212,46.3299654451995,2,0.998040372164989,0.998040372164989,323.746792169624,323.112368944193
3.02,100,0,3419.83836950014,46.4143924820978,2,0.998026729233025,0.998026729233025,323.633171493322,322.994555616791
3.03,100,0,3424.58171875926,46.4987741059081,2,0.99806504623213,0.99806504623213,323.513023089679,322.887040346696
3.04,100,0,3429.36912653744,46.5831230924977,2,0.998102050059918,0.998102050059918,323.436343871169,322.822477881698
3.05,100,0,3434.18445962874,46.6674491212795,2,0.998138182026135,0.998138182026135,323.388206365033,322.786116389887
3.06,100,0,3439.01711851996,46.7517585455366,2,0.998173731875664,0.998173731875664,323.358833318849,322.768293388836
3.07,100,0,3443.86013099059,46.8360555382397,2,0.998208890077103,0.998208890077103,323.341810427993,322.762669702848
3.08,100,0,3448.70890604787,46.9203428410023,2,0.998243781981402,0.998243781981402,323.33292382021,322.765080713391
3.09,100,0,3453.56041795057,47.0046222545422,2,0.998278490174541,0.998278490174541,323.329401811842,322.772787069763
3.1,100,0,3458.41267104733,47.0888949603622,2,0.998313069125618,0.998313069125618,323.329419286193,322.783984906203
3.11,100,0,3463.26434832032,47.1731617320125,2,0.998347554798063,0.998347554798063,323.33177317218,322.797485134968
3.12,100,0,3468.11458029878,47.2574230740015,2,0.99838197096317,0.99838197096317,323.335669645798,322.812503143669
3.13,100,0,3472.96279295031,47.3416793132341,2,0.998416333351836,0.998416333351836,323.34058441385,322.828520714316
3.14,100,0,3477.80860745457,47.4259306592623,2,0.998450652387466,0.998450652387466,323.346170875313,322.845195257446
3.15,100,0,3482.65177409754,47.5101772440263,2,0.998484934986704,0.998484934986704,323.352199689181,322.86230008446
3.16,100,0,3487.4921286287,47.5944191480912,2,0.998519185747056,0.998519185747056,323.358518968202,322.879685064503
3.17,100,0,3492.32956342116,47.6786564179855,2,0.998553407730905,0.998553407730905,323.365028033177,322.897250683528
3.18,100,0,3497.16400839615,47.7628890776696,2,0.998587602983543,0.998587602983543,323.371660091784,322.914930923863
3.19,100,0,3501.9954183946,47.8471171361283,2,0.998621772875784,0.998621772875784,323.378370796612,322.932681954596
3.2,100,0,3506.8237648091,47.9313405924017,2,0.998655918330747,0.998655918330747,323.385130679939,322.950474653683
3.21,100,0,3511.64903003419,48.0155594389223,2,0.99869003997412,0.99869003997412,323.391920147196,322.96828965911
3.22,100,0,3516.47120378231,48.0997736637299,2,0.998724138233798,0.998724138233798,323.398726160773,322.986114090826
3.23,100,0,3521.29028063625,48.1839832519434,2,0.998758213406023,0.998758213406023,323.405540041482,323.003939377441
3.24,100,0,3526.10625842152,48.2681881867393,2,0.998792265699314,0.998792265699314,323.412356009711,323.021759814092
3.25,100,0,3530.91913712314,48.3523884500033,2,0.998826295263678,0.998826295263678,323.419170216557,323.039571604656
3.26,100,0,3535.72891816405,48.4365840227641,2,0.998860302210056,0.998860302210056,323.425980099791,323.057372225061
3.27,100,0,3540.53560392403,48.5207748854827,2,0.998894286623261,0.998894286623261,323.432783955392,323.075159999697
3.28,100,0,3545.33919741872,48.6049610182453,2,0.998928248570619,0.998928248570619,323.439580652237,323.092933819355
3.29,100,0,3550.13970208527,48.6891424008925,2,0.99896218810772,0.99896218810772,323.446369441956,323.110692953235
3.3,100,0,3554.93712163903,48.7733190131052,2,0.998996105282272,0.998996105282272,323.453149832103,323.128436923554
3.31,100,0,3559.75425496737,48.8574769710038,2,0.999029398080828,0.999029398080828,323.354474905645,323.040626431729
3.32,100,0,3564.61268820095,48.9416030528993,2,0.999061498765525,0.999061498765525,323.282477406358,322.979076402228
3.33,100,0,3569.49699990762,49.0257065244438,2,0.999092817346655,0.999092817346655,323.238570795287,322.94533437097
3.34,100,0,3574.39688365957,49.1097935747522,2,0.999123627570053,0.999123627570053,323.212656535372,322.929401874174
3.35,100,0,3579.30573447689,49.1938681639467,2,0.999154104742012,0.999154104742012,323.198279937133,322.924888044744
3.36,100,0,3584.21931484117,49.277932826446,2,0.999184361262701,0.999184361262701,323.19130945618,322.927702104629
3.37,100,0,3589.13490351332,49.3619891835359,2,0.999214469281288,0.999214469281288,323.18909720801,322.9352222442
3.38,100,0,3594.05075155838,49.446038270952,2,0.999244475161647,0.999244475161647,323.189944209217,322.945766178861
3.39,100,0,3598.96573422658,49.5300807485217,2,0.999274408731009,0.999274408731009,323.192759139308,322.958253295076
3.4,100,0,3603.85595186657,49.6141154787035,2,0.999304867106126,0.999304867106126,323.175718865995,322.95106879331
3.41,100,0,3608.68513152493,49.6981308773766,2,0.999336735741156,0.999336735741156,323.106462332511,322.892157364244
3.42,100,0,3613.47216001327,49.7821151153832,2,0.999369516779527,0.999369516779527,323.003185017544,322.799536929231
3.43,100,0,3618.23005699859,49.8660606960913,2,0.999402868852129,0.999402868852129,322.87835762467,322.685556900359
3.44,100,0,3622.96710722334,49.9499628672065,2,0.999436575105112,0.999436575105112,322.739894773461,322.558055082172
3.45,100,0,3627.68858915398,50.0338186187154,2,0.999470497650171,0.999470497650171,322.592822970944,322.422009313143
3.46,100,0,3632.39787100406,50.1176260475785,2,0.999504548721228,0.999504548721228,322.440337260569,322.280583783145
3.47,100,0,3637.09710602432,50.2013839547315,2,0.999538672398026,0.999538672398026,322.284470500548,322.135791778619
3.48,100,0,3641.78767392061,50.2850915892516,2,0.99957283301547,0.99957283301547,322.126517428271,321.988915615184
3.49,100,0,3646.47046135689,50.3687484857971,2,0.999607007805789,0.999607007805789,321.967303529486,321.840772892408
3.5,100,0,3651.14604038543,50.4523543612102,2,0.999641182222782,0.999641182222782,321.807355654092,321.691885454044
3.51,100,0,3655.81478207044,50.5359090486783,2,0.9996753469672,0.9996753469672,321.647010388701,321.542586711288
3.52,100,0,3660.47692892368,50.6194124557656,2,0.999709496092225,0.999709496092225,321.486482965365,321.393089885767
3.53,100,0,3665.13264113494,50.7028645376298,2,0.999743625795466,0.999743625795466,321.325911125127,321.243531450267
3.54,100,0,3669.78202611144,50.7862652799095,2,0.99977773364782,0.99977773364782,321.165383070482,321.09399881234
3.55,100,0,3674.42515737399,50.8696146877796,2,0.999811818100631,0.999811818100631,321.004955298578,320.944547976383
3.56,100,0,3679.06208665876,50.9529127789411,2,0.999845878170363,0.999845878170363,320.844663991523,320.79521482488
3.57,100,0,3683.69285167646,51.0361595791286,2,0.999879913236596,0.999879913236596,320.684532299872,320.646022332314
3.58,100,0,3688.31748109304,51.1193551192252,2,0.999913922912488,0.999913922912488,320.524575005352,320.496985183459
3.59,100,0,3692.93599773051,51.2024994334101,2,0.999947906961603,0.999947906961603,320.364801509273,320.348112733367
3.6,100,0,3697.54842062628,51.2855925579658,2,0.999981865244449,0.999981865244449,320.205217750006,320.199410906656
3.61,100,0,3702.15476635956,51.3686345305111,2,1.00001579768408,1.00001579768408,320.045827434728,320.0508834176
3.62,100,0,3706.75504990679,51.4516253895054,2,1.00004970424392,1.00004970424392,319.88663283155,319.902532554776
3.63,100,0,3711.34928519381,51.5345651739302,2,1.00008358491349,1.00008358491349,319.727635279513,319.754359686249
3.64,100,0,3715.93748545284,51.617453923082,2,1.00011743969916,1.00011743969916,319.568835517293,319.606365585198
3.65,100,0,3720.51966345342,51.7002916764394,2,1.0001512686182,1.0001512686182,319.410233895317,319.458550640037
3.66,100,0,3725.0958316521,51.7830784735764,2,1.00018507169489,1.00018507169489,319.251830512773,319.310914990143
3.67,100,0,3729.66600228952,51.8658143541069,2,1.00021884895806,1.00021884895806,319.093625306221,319.163458613644
3.68,100,0,3734.23018745348,51.9484993576483,2,1.00025260043944,1.00025260043944,318.93561810695,319.016181384238
3.69,100,0,3738.78839911996,52.0311335237978,2,1.00028632617262,1.00028632617262,318.777808678165,318.86908310804
3.7,100,0,3743.34064917989,52.1137168921175,2,1.00032002619234,1.00032002619234,318.620196739099,318.722163547465
3.71,100,0,3747.88694945664,52.1962495021247,2,1.00035370053411,1.00035370053411,318.462781980679,318.575422436759
3.72,100,0,3752.42731171738,52.2787313932851,2,1.00038734923383,1.00038734923383,318.30556407572,318.428859492087
3.73,100,0,3756.96174768068,52.3611626050091,2,1.00042097232767,1.00042097232767,318.14854268554,318.282474418099
3.74,100,0,3761.49026902141,52.4435431766492,2,1.00045456985193,1.00045456985193,317.99171746429,318.136266912214
3.75,100,0,3766.01288737405,52.525873147498,2,1.00048814184295,1.00048814184295,317.835088061762,317.990236667403
3.76,100,0,3770.5296143349,52.6081525567878,2,1.00052168833706,1.00052168833706,317.678654125228,317.844383374018
3.77,100,0,3775.04046146356,52.6903814436894,2,1.00055520937055,1.00055520937055,317.522415300642,317.698706720976
3.78,100,0,3779.54544028395,52.7725598473123,2,1.00058870497964,1.00058870497964,317.366371233421,317.553206396537
3.79,100,0,3784.04456228506,52.8546878067041,2,1.00062217520049,1.00062217520049,317.210521568958,317.407882088813
3.8,100,0,3788.53783892142,52.9367653608509,2,1.00065562006915,1.00065562006915,317.05486595296,317.2627334861
3.81,100,0,3793.02528161355,53.0187925486768,2,1.00068903962159,1.00068903962159,316.899404031659,317.117760277096
3.82,100,0,3797.50690174821,53.1007694090446,2,1.00072243389369,1.00072243389369,316.744135451962,316.97296215104
3.83,100,0,3801.98271067868,53.1826959807557,2,1.00075580292121,1.00075580292121,316.589059861541,316.828338797807
3.84,100,0,3806.45271972494,53.2645723025497,2,1.00078914673982,1.00078914673982,316.43417690889,316.683889907965
3.85,100,0,3810.91694017388,53.3463984131057,2,1.00082246538509,1.00082246538509,316.279486243366,316.539615172816
3.86,100,0,3815.37538327944,53.4281743510412,2,1.0008557588925,1.0008557588925,316.124987515212,316.395514284418
3.87,100,0,3819.82806026279,53.5099001549133,2,1.00088902729739,1.00088902729739,315.970680375574,316.251586935603
3.88,100,0,3824.27498231243,53.5915758632183,2,1.00092227063504,1.00092227063504,315.816564476504,316.10783281998
3.89,100,0,3828.71616058439,53.6732015143919,2,1.00095548894061,1.00095548894061,315.662639470971,315.964251631948
3.9,100,0,3833.15160620233,53.7547771468097,2,1.00098868224915,1.00098868224915,315.508905012858,315.820843066692
3.91,100,0,3837.62419672045,53.8362763080744,2,1.00101038871347,1.00101038871347,315.075629738655,315.393978598832
3.92,100,0,3842.240026821,53.9176321202808,2,1.00102456070169,1.00102456070169,314.652568565847,314.974949222285
3.93,100,0,3846.94110604298,53.9988784736624,2,1.00103758513083,1.00103758513083,314.340416595044,314.66657153732
3.94,100,0,3851.68794731968,54.0800386612794,2,1.00104995726618,1.00104995726618,314.090892604384,314.420674619314
3.95,100,0,3856.45825732068,54.1611258540297,2,1.00106195654968,1.00106195654968,313.876863621691,314.210187212807
3.96,100,0,3861.23942131803,54.2421475255562,2,1.00107374101572,1.00107374101572,313.683032157817,314.01984649538
3.97,100,0,3866.02428836649,54.3231079335777,2,1.00108540021763,1.00108540021763,313.500751775791,313.841025559995
3.98,100,0,3870.80879904053,54.4040095163164,2,1.00109698499555,1.00109698499555,313.325124986628,313.668837947467
3.99,100,0,3875.59064662712,54.4848536805071,2,1.0011085242621,1.0011085242621,313.153372518759,313.500510629955
4,100,0,3880.36851988616,54.56564124706,2,1.00112003448786,1.00112003448786,312.983914372314,313.334467150555
4.01,100,0,3885.14167392204,54.6463727035976,2,1.00113152507169,1.00113152507169,312.815850784743,313.169809762727
4.02,100,0,3889.90968656559,54.7270483478086,2,1.00114300138658,1.00114300138658,312.648668490847,313.006026352443
4.03,100,0,3894.67231983938,54.8076683689609,2,1.00115446650996,1.00115446650996,312.482074185799,312.84282427541
4.04,100,0,3899.42944105183,54.8882328943255,2,1.0011659222083,1.0011659222083,312.315899946739,312.680035990492
4.05,100,0,3904.1809777834,54.9687420156579,2,1.0011773694982,1.0011773694982,312.150049433189,312.517565380254
4.06,100,0,3908.92689216733,55.0491958043279,2,1.00118880896672,1.00118880896672,311.984467235442,312.355357167567
4.07,100,0,3913.66716617194,55.1295943199767,2,1.00120024095444,1.00120024095444,311.819121383947,312.193379463808
4.08,100,0,3918.40179316578,55.209937615478,2,1.00121166566035,1.00121166566035,311.653993353352,312.031613795009
4.09,100,0,3923.13077307607,55.2902257397857,2,1.00122308320194,1.00122308320194,311.489072341044,311.870049393011
4.1,100,0,3927.85410960555,55.3704587395702,2,1.0012344936497,1.0012344936497,311.324351987343,311.708679922869
4.11,100,0,3932.57180863025,55.4506366601613,2,1.00124589704704,1.00124589704704,311.159828492546,311.547501604022
4.12,100,0,3937.28387727567,55.5307595460914,2,1.00125729342165,1.00125729342165,310.995499534274,311.386512130002
4.13,100,0,3941.99032338338,55.610827441409,2,1.00126868279217,1.00126868279217,310.831363644066,311.225710046387
4.14,100,0,3946.69115520258,55.6908403898601,2,1.00128006517194,1.00128006517194,310.667419847857,311.065094392061
4.15,100,0,3951.38638121151,55.7707984349937,2,1.00129144057126,1.00129144057126,310.503667458363,310.904664492044
4.16,100,0,3956.07601001387,55.8507016202227,2,1.00130280899863,1.00130280899863,310.340105954976,310.74441983765
4.17,100,0,3960.76005027871,55.9305499888591,2,1.00131417046151,1.00131417046151,310.176734914218,310.58436001709
4.18,100,0,3965.43851070546,56.0103435841349,2,1.00132552496674,1.00132552496674,310.013553969385,310.424484675199
4.19,100,0,3970.1114000036,56.0900824492144,2,1.0013368725208,1.0013368725208,309.850562787112,310.264793490056
4.2,100,0,3974.77872688084,56.1697666272007,2,1.00134821312995,1.00134821312995,309.687761053734,310.10528615937
4.21,100,0,3979.44050003617,56.2493961611405,2,1.00135954680031,1.00135954680031,309.525148467339,309.945962392553
4.22,100,0,3984.09672815592,56.3289710940263,2,1.00137087353794,1.00137087353794,309.362724733136,309.786821906097
4.23,100,0,3988.74741991136,56.408491468798,2,1.00138219334882,1.00138219334882,309.200489560746,309.627864420869
4.24,100,0,3993.39258395741,56.4879573283435,2,1.00139350623892,1.00139350623892,309.038442662615,309.469089660531
4.25,100,0,3998.03222893186,56.5673687154999,2,1.00140481221415,1.00140481221415,308.876583753083,309.310497350606
4.26,100,0,4002.66718067584,56.6467257194034,2,1.00141610184169,1.00141610184169,308.715770597462,309.152943568763
4.27,100,0,4007.30014150229,56.7260290735858,2,1.00142734451008,1.00142734451008,308.558782709749,308.999202394286
4.28,100,0,4011.93011516846,56.8052796990081,2,1.00143855268326,1.00143855268326,308.404482378129,308.848138473784
4.29,100,0,4016.55618675595,56.8844781753743,2,1.00144973755953,1.00144973755953,308.251850560908,308.698734846461
4.3,100,0,4021.17781400338,56.9636248631016,2,1.00146090581114,1.00146090581114,308.100281268117,308.550386759434
4.31,100,0,4025.79467637085,57.0427199921266,2,1.00147206141982,1.00147206141982,307.949413606374,308.4027340574
4.32,100,0,4030.40658541335,57.1217637146354,2,1.0014832067658,1.0014832067658,307.799032320269,308.255561927513
4.33,100,0,4035.0134314865,57.2007561364159,2,1.0014943432747,1.0014943432747,307.649008811248,308.108742038533
4.34,100,0,4039.61515201368,57.2796973355248,2,1.00150547180241,1.00150547180241,307.499266112072,307.962197586465
4.35,100,0,4044.21171256624,57.3585873734158,2,1.00151659286432,1.00151659286432,307.34975805894,307.815882508862
4.36,100,0,4048.80309556826,57.4374263015835,2,1.00152770677206,1.00152770677206,307.200456889699,307.66976910807
4.37,100,0,4053.38929354445,57.5162141655342,2,1.00153881371519,1.00153881371519,307.051345849543,307.523840671805
4.38,100,0,4057.97030507851,57.5949510071628,2,1.00154991381001,1.00154991381001,306.902414776566,307.378087067552
4.39,100,0,4062.54613239092,57.6736368661777,2,1.00156100712879,1.00156100712879,306.753657462854,307.232502108936
4.4,100,0,4067.11677988531,57.7522717809548,2,1.00157209371736,1.00157209371736,306.605070074969,307.087081979344
4.41,100,0,4071.68225327503,57.8308557890519,2,1.00158317360557,1.00158317360557,306.456650207287,306.941824287147
4.42,100,0,4076.24255905773,57.9093889275172,2,1.00159424681368,1.00159424681368,306.308396313922,306.796727498748
4.43,100,0,4080.79770419877,57.9878712330756,2,1.0016053133561,1.0016053133561,306.160307367386,306.651790597911
4.44,100,0,4085.34769594037,58.0663027422414,2,1.00161637324375,1.00161637324375,306.012382653243,306.507012880821
4.45,100,0,4089.89254168629,58.1446834913854,2,1.00162742648541,1.00162742648541,305.864621646399,306.362393832617
4.46,100,0,4094.43224893221,58.2230135167769,2,1.00163847308856,1.00163847308856,305.717023936504,306.217933052938
4.47,100,0,4098.96682522348,58.3012928546076,2,1.00164951305988,1.00164951305988,305.569589182892,306.07363021095
4.48,100,0,4103.49627812964,58.3795215410075,2,1.00166054640557,1.00166054640557,305.422317087335,305.929485018155
4.49,100,0,4108.02061522889,58.4576996120538,2,1.00167157313154,1.00167157313154,305.275207377559,305.785497211938
4.5,100,0,4112.53984409873,58.5358271037764,2,1.00168259324351,1.00168259324351,305.128259797242,305.641666545582
4.51,100,0,4117.0539723102,58.6139040521616,2,1.00169360674708,1.00169360674708,304.981474099945,305.497992782216
4.52,100,0,4121.5630074245,58.6919304931541,2,1.00170461364778,1.00170461364778,304.834850045429,305.354475691134
4.53,100,0,4126.06695699084,58.7699064626582,2,1.00171561395107,1.00171561395107,304.688387397407,305.211115045554
4.54,100,0,4130.56582854523,58.8478319965391,2,1.00172660766239,1.00172660766239,304.542085922183,305.067910621257
4.55,100,0,4135.05962960966,58.9257071306228,2,1.00173759478717,1.00173759478717,304.395945387812,304.924862195753
4.56,100,0,4139.54836769171,59.003531900697,2,1.00174857533079,1.00174857533079,304.249965563592,304.781969547771
4.57,100,0,4144.0320502843,59.0813063425111,2,1.00175954929864,1.00175954929864,304.104146219757,304.639232456951
4.58,100,0,4148.51068486548,59.1590304917764,2,1.00177051669608,1.00177051669608,303.958487127278,304.496650703651
4.59,100,0,4152.98427889843,59.2367043841664,2,1.00178147752846,1.00178147752846,303.81298805775,304.354224068829
4.6,100,0,4157.45283983139,59.3143280553166,2,1.00179243180113,1.00179243180113,303.667648783317,304.21195233397
4.61,100,0,4161.91637509769,59.3919015408249,2,1.00180337951941,1.00180337951941,303.522469076632,304.069835281046
4.62,100,0,4166.37489211572,59.4694248762516,2,1.00181432068863,1.00181432068863,303.377448710818,303.927872692479
4.63,100,0,4170.82839828902,59.5468980971194,2,1.00182525531411,1.00182525531411,303.232587459464,303.786064351134
4.64,100,0,4175.27690100623,59.6243212389138,2,1.00183618340112,1.00183618340112,303.087885096604,303.644410040301
4.65,100,0,4179.72040764119,59.7016943370824,2,1.00184710495498,1.00184710495498,302.943341396714,303.502909543686
4.66,100,0,4184.15892555297,59.7790174270361,2,1.00185801998096,1.00185801998096,302.798956134704,303.361562645415
4.67,100,0,4188.59246208585,59.8562905441482,2,1.00186892848432,1.00186892848432,302.654729085916,303.22036913002
4.68,100,0,4193.02102456943,59.9335137237549,2,1.00187983047034,1.00187983047034,302.510660026122,303.079328782442
4.69,100,0,4197.44462031863,60.0106870011555,2,1.00189072594425,1.00189072594425,302.366748731522,302.938441388029
4.7,100,0,4201.86325663373,60.0878104116121,2,1.00190161491131,1.00190161491131,302.222994978741,302.797706732534
4.71,100,0,4206.27694080044,60.1648839903501,2,1.00191249737674,1.00191249737674,302.079398544829,302.657124602113
4.72,100,0,4210.68568008988,60.2419077725578,2,1.00192337334577,1.00192337334577,301.935959207256,302.516694783324
4.73,100,0,4215.0894817587,60.3188817933869,2,1.0019342428236,1.0019342428236,301.792676743919,302.376417063125
4.74,100,0,4219.48835304904,60.3958060879523,2,1.00194510581544,1.00194510581544,301.64955093313,302.236291228875
4.75,100,0,4223.88230118862,60.4726806913324,2,1.00195596232648,1.00195596232648,301.506581553628,302.096317068332
4.76,100,0,4228.27133339076,60.5495056385688,2,1.0019668123619,1.0019668123619,301.363768384563,301.956494369652
4.77,100,0,4232.65545685441,60.6262809646669,2,1.00197765592689,1.00197765592689,301.221111205505,301.816822921384
4.78,100,0,4237.03467876422,60.7030067045955,2,1.0019884930266,1.0019884930266,301.07860979644,301.677302512477
4.79,100,0,4241.40900629055,60.7796828932871,2,1.00199932366618,1.00199932366618,300.936263937772,301.537932932275
4.8,100,0,4245.77844658951,60.856309565638,2,1.00201014785079,1.00201014785079,300.794073410316,301.39871397051
4.81,100,0,4250.14300680301,60.9328867565081,2,1.00202096558555,1.00202096558555,300.652037995301,301.259645417315
4.82,100,0,4254.50269405881,61.0094145007214,2,1.0020317768756,1.0020317768756,300.510157474366,301.120727063205
4.83,100,0,4258.85751547052,61.0858928330657,2,1.00204258172605,1.00204258172605,300.368431629568,300.981958699097
4.84,100,0,4263.20747813767,61.1623217882929,2,1.00205338014201,1.00205338014201,300.226860243365,300.843340116287
4.85,100,0,4267.55258914573,61.238701401119,2,1.00206417212858,1.00206417212858,300.085443098629,300.704871106466
4.86,100,0,4271.89285556616,61.3150317062239,2,1.00207495769084,1.00207495769084,299.944179978641,300.566551461711
4.87,100,0,4276.22828445644,61.3913127382521,2,1.00208573683388,1.00208573683388,299.803070667083,300.428380974485
4.88,100,0,4280.55888286012,61.4675445318121,2,1.00209650956277,1.00209650956277,299.662114948051,300.290359437641
4.89,100,0,4284.88465780683,61.5437271214769,2,1.00210727588257,1.00210727588257,299.52131260604,300.152486644411
4.9,100,0,4289.20561631235,61.6198605417839,2,1.00211803579833,1.00211803579833,299.380663425951,300.014762388416
4.91,100,0,4293.52176537861,61.6959448272351,2,1.0021287893151,1.0021287893151,299.240167193086,299.877186463655
4.92,100,0,4297.83311199378,61.7719800122968,2,1.0021395364379,1.0021395364379,299.099823693152,299.739758664514
4.93,100,0,4302.13966313225,61.8479661314001,2,1.00215027717177,1.00215027717177,298.959632712255,299.602478785758
4.94,100,0,4306.44142575469,61.923903218941,2,1.00216101152172,1.00216101152172,298.819594036901,299.465346622531
4.95,100,0,4310.7384068081,61.99979130928,2,1.00217173949276,1.00217173949276,298.679707453993,299.328361970356
4.96,100,0,4315.03061322582,62.0756304367425,2,1.00218246108988,1.00218246108988,298.539972750835,299.191524625138
4.97,100,0,4319.31805192761,62.1514206356188,2,1.00219317631808,1.00219317631808,298.400389715126,299.054834383155
4.98,100,0,4323.60072981963,62.2271619401643,2,1.00220388518233,1.00220388518233,298.260958134963,298.918291041065
4.99,100,0,4327.87865379449,62.3028543845995,2,1.00221458768761,1.00221458768761,298.121677798835,298.781894395898
5,100,0,4332.15183073134,62.3784980031096,2,1.00222528383887,0.952225283838873,297.982548495626,283.746516820279
5.01,100,0,4336.3783565045,62.4499987952752,2,1.00223333369996,0.95223333369996,298.01697021326,283.781693045334
5.02,100,0,4340.53673040559,62.5214905864359,2,1.00224210283191,0.952242102831914,297.993183400401,283.761655590774
5.03,100,0,4344.64932356738,62.5929609790191,2,1.00225133691895,0.952251336918951,297.931668592122,283.705829727342
5.04,100,0,4348.73065864933,62.6644019366794,2,1.00226087104362,0.952260871043621,297.845710410502,283.626815632111
5.05,100,0,4352.79016773394,62.7358082517013,2,1.00227059821227,0.952270598212274,297.743924698111,283.532785286341
5.06,100,0,4356.83398090641,62.8071765510637,2,1.00228044896842,0.952280448968416,297.631900583341,283.429039914827
5.07,100,0,4360.86608564962,62.8785046521679,2,1.00229037819174,0.952290378191738,297.513265411032,283.319020035331
5.08,100,0,4364.88907839372,62.9497911452206,2,1.002300356549,0.952300356549002,297.39037475058,283.204959909218
5.09,100,0,4368.90465184555,63.0210351224522,2,1.0023103649553,0.952310364955305,297.264759354303,283.088311469047
5.1,100,0,4372.91391115335,63.0922360024521,2,1.00232039098365,0.952320390983652,297.137414717574,282.970018959712
5.11,100,0,4376.91757915824,63.1633934161351,2,1.00233042653589,0.952330426535893,297.008988744341,282.850696935893
5.12,100,0,4380.91612973917,63.2345071326641,2,1.00234046633076,0.952340466330758,296.879903443686,282.730745689791
5.13,100,0,4384.90987451073,63.3055770112883,2,1.00235050692154,0.95235050692154,296.750433900875,282.610426154685
5.14,100,0,4388.89901923806,63.3766029700076,2,1.00236054605736,0.952360546057364,296.620759561587,282.489908548022
5.15,100,0,4392.88370057722,63.4475849651658,2,1.00237058226751,0.952370582267507,296.490997562659,282.369303985823
5.16,100,0,4396.86401002286,63.5185229781507,2,1.00238061459066,0.952380614590659,296.361224412338,282.248685046663
5.17,100,0,4400.83974470853,63.5894170415144,2,1.0023906452761,0.952390645276101,296.231263662339,282.12788435033
5.18,100,0,4404.76749968788,63.660263158847,2,1.00240113847401,0.952401138474011,296.064558474854,281.972222553257
5.19,100,0,4408.64685071886,63.7310504742471,2,1.0024120897771,0.952412089777103,295.8615290946,281.782097209637
5.2,100,0,4412.4925167696,63.8017712904177,2,1.00242333442328,0.952423334423276,295.635211168206,281.569873593752
5.21,100,0,4416.31401186595,63.8724206785897,2,1.00243476605465,0.95243476605465,295.394010994629,281.343525755615
5.22,100,0,4420.11749224491,63.9429954956681,2,1.00244631595935,0.952446315959349,295.143351838639,281.108198138606
5.23,100,0,4423.90694672318,64.0134937509144,2,1.00245793970703,0.952457939707029,294.886734692322,280.867211771983
5.24,100,0,4427.68496401085,64.0839141977645,2,1.00246960854136,0.952469608541364,294.626421326317,280.62271218662
5.25,100,0,4431.453227594,64.1542560706124,2,1.00248130383285,0.952481303832848,294.363874116136,280.376086619425
5.26,100,0,4435.21283514524,64.2245189149532,2,1.00249301350103,0.952493013501035,294.100039356846,280.128232757775
5.27,100,0,4438.96450485473,64.2947024776791,2,1.00250472970499,0.952504729704988,293.835529872899,279.879731959307
5.28,100,0,4442.70870883772,64.3648066361625,2,1.00251644735097,0.95251644735097,293.570742809854,279.630960987428
5.29,100,0,4446.44575947543,64.4348313523679,2,1.00252816312725,0.952528163127255,293.305935681811,279.382164149317
5.3,100,0,4450.17586535039,64.5047766431288,2,1.00253987487923,0.952539874879233,293.041275514323,279.133499912864
5.31,100,0,4453.89916752032,64.5746425608775,2,1.00255158120442,0.952551581204422,292.776870632234,278.885071060817
5.32,100,0,4457.61576306583,64.6444291811371,2,1.00256328118973,0.952563281189729,292.512791242027,278.636944215471
5.33,100,0,4461.32572039243,64.7141365943963,2,1.00257497424082,0.95257497424082,292.249082772228,278.389162493658
5.34,100,0,4465.02908918441,64.7837649008249,2,1.00258665997119,0.952586659971195,291.985774528797,278.141753717489
5.35,100,0,4468.72590688648,64.8533142068331,2,1.00259833813,0.952598338129999,291.722885316571,277.894735747054
5.36,100,0,4472.41620292884,64.9227846228302,2,1.002610008555,0.952610008555001,291.460427093994,277.648119947454
5.37,100,0,4476.10000148395,64.992176261762,2,1.00262167114193,0.952621671141926,291.198407351637,277.401913445184
5.38,100,0,4479.77732326726,65.0614892381565,2,1.00263332582444,0.95263332582444,290.93683066172,277.156120598096
5.39,100,0,4483.4481867146,65.1307236674994,2,1.00264497256107,0.952644972561066,290.675699688614,276.910743954029
5.4,100,0,4487.1126087528,65.1998796658266,2,1.00265661132663,0.952656611326633,290.415015848491,276.665784876594
5.41,100,0,4490.77060530457,65.2689573494568,2,1.00266824210668,0.952668242106676,290.15477974036,276.421243954099
5.42,100,0,4494.42219161972,65.3379568348168,2,1.00267986489376,0.952679864893756,289.894991428021,276.177121267023
5.43,100,0,4498.0673824925,65.4068782383264,2,1.00269147968506,0.95269147968506,289.63565062468,275.933416563171
5.44,100,0,4501.70619240461,65.475721676324,2,1.00270308648082,0.952703086480817,289.376756813936,275.690129372445
5.45,100,0,4505.33863561915,65.5444872650166,2,1.00271468528325,0.952714685283255,289.118309329162,275.447259082159
5.46,100,0,4508.96472624266,65.6131751204484,2,1.00272627609592,0.95272627609592,288.860307405631,275.20480498649
5.47,100,0,4512.58447826592,65.6817853584791,2,1.00273785892323,0.952737858923226,288.602750214785,274.962766318989
5.48,100,0,4516.19790559099,65.7503180947706,2,1.00274943377016,0.952749433770155,288.345636886771,274.721142273966
5.49,100,0,4519.80502204909,65.8187734447778,2,1.00276100064206,0.952761000642061,288.088966525293,274.479932020575
5.5,100,0,4523.40584141238,65.8871515237434,2,1.00277255954455,0.952772559544546,287.832738217394,274.239134712102
5.51,100,0,4527.00037740191,65.9554524466939,2,1.00278411048336,0.952784110483365,287.576951039916,273.998749492084
5.52,100,0,4530.58864369284,66.0236763284377,2,1.00279565346438,0.952795653464378,287.32160406375,273.758775498354
5.53,100,0,4534.17065391796,66.0918232835638,2,1.00280718849351,0.952807188493508,287.06669635667,273.519211865719
5.54,100,0,4537.74642167005,66.159893426441,2,1.00281871557672,0.952818715576719,286.812226985176,273.280057727714
5.55,100,0,4541.31596050353,66.2278868712175,2,1.00283023471999,0.952830234719995,286.558195015734,273.04131221778
5.56,100,0,4544.87928393553,66.2958037318216,2,1.00284174592933,0.952841745929333,286.304599515585,272.802974470028
5.57,100,0,4548.43640544666,66.363644121961,2,1.00285324921073,0.952853249210735,286.051439553288,272.565043619758
5.58,100,0,4551.98733848162,66.4314081551236,2,1.0028647445702,0.952864744570202,285.798714199067,272.327518803786
5.59,100,0,4555.53209644952,66.499095944578,2,1.00287623201373,0.952876232013731,285.546422525049,272.090399160669
5.6,100,0,4559.07069272426,66.5667076033734,2,1.00288771154732,0.952887711547316,285.294563605417,271.853683830856
5.61,100,0,4562.6031406447,66.6342432443405,2,1.00289918317694,0.95289918317694,285.043136516509,271.617371956775
5.62,100,0,4566.12945351493,66.7017029800918,2,1.00291064690858,0.952910646908582,284.79214033688,271.381462682896
5.63,100,0,4569.64964460437,66.7690869230222,2,1.00292210274821,0.952922102748209,284.541574147346,271.145955155775
5.64,100,0,4573.16372714794,66.8363951853093,2,1.00293355070178,0.952933550701781,284.291437031005,270.910848524068
5.65,100,0,4576.6717143462,66.9036278789142,2,1.00294499077525,0.952944990775249,284.041728073252,270.676141938551
5.66,100,0,4580.17361936548,66.9707851155817,2,1.00295642297455,0.952956422974555,283.792446361788,270.441834552128
5.67,100,0,4583.66945533797,67.0378670068411,2,1.00296784730563,0.952967847305628,283.543590986622,270.207925519829
5.68,100,0,4587.15923536184,67.1048736640063,2,1.00297926377439,0.952979263774393,283.295161040068,269.974413998812
5.69,100,0,4590.64297250138,67.171805198177,2,1.00299067238676,0.952990672386761,283.047155616744,269.741299148361
5.7,100,0,4594.12067978705,67.2386617202383,2,1.00300207314864,0.953002073148636,282.79957381357,269.508580129883
5.71,100,0,4597.59237021567,67.3054433408622,2,1.00301346606591,0.953013466065911,282.552414729758,269.276256106899
5.72,100,0,4601.05805675042,67.3721501705071,2,1.00302485114447,0.953024851144471,282.305677466811,269.044326245047
5.73,100,0,4604.51775232104,67.4387823194193,2,1.00303622839019,0.95303622839019,282.059361128515,268.812789712067
5.74,100,0,4607.97146982387,67.5053398976327,2,1.00304759780893,0.953047597808934,281.813464820933,268.581645677803
5.75,100,0,4611.41922212199,67.5718230149696,2,1.00305895940656,0.953058959406559,281.567987652397,268.350893314192
5.76,100,0,4614.8610220453,67.6382317810416,2,1.00307031318891,0.95307031318891,281.322928733505,268.120531795263
5.77,100,0,4618.29688239064,67.7045663052493,2,1.00308165916183,0.953081659161827,281.078287177112,267.890560297126
5.78,100,0,4621.72681592185,67.7708266967835,2,1.00309299733114,0.953092997331136,280.834062098323,267.660977997969
5.79,100,0,4625.15083536993,67.8370130646253,2,1.00310432770266,0.953104327702655,280.590252614488,267.43178407805
5.8,100,0,4628.5689534331,67.9031255175469,2,1.0031156502822,0.953115650282196,280.346857845193,267.202977719692
5.81,100,0,4631.98118277693,67.9691641641117,2,1.00312696507556,0.953126965075558,280.103876912256,266.974558107276
5.82,100,0,4635.38753603438,68.0351291126752,2,1.00313827208853,0.953138272088532,279.861308939719,266.746524427239
5.83,100,0,4638.78802580597,68.1010204713852,2,1.0031495713269,0.953149571326901,279.619153053841,266.51887586806
5.84,100,0,4642.18266465986,68.1668383481826,2,1.00316086279644,0.953160862796437,279.377408383092,266.291611620261
5.85,100,0,4645.5714651319,68.2325828508014,2,1.0031721465029,0.953172146502905,279.136074058147,266.064730876398
5.86,100,0,4648.95443972579,68.2982540867699,2,1.00318342245206,0.953183422452059,278.895149211878,265.838232831055
5.87,100,0,4652.33160091315,68.3638521634103,2,1.00319469064965,0.953194690649645,278.654632979348,265.61211668084
5.88,100,0,4655.70296113362,68.4293771878401,2,1.0032059511014,0.953205951101401,278.414524497806,265.386381624376
5.89,100,0,4659.06853279496,68.4948292669718,2,1.00321720381305,0.953217203813055,278.174822906677,265.161026862294
5.9,100,0,4662.42832827313,68.5602085075141,2,1.00322844879033,0.953228448790326,277.935527347559,264.936051597235
5.91,100,0,4665.78235991242,68.6255150159716,2,1.00323968603892,0.953239686038924,277.696636964217,264.711455033835
5.92,100,0,4669.13064002552,68.6907488986461,2,1.00325091556455,0.953250915564552,277.458150902571,264.487236378724
5.93,100,0,4672.47318089361,68.7559102616365,2,1.0032621373729,0.953262137372902,277.220068310696,264.263394840516
5.94,100,0,4675.80999476648,68.8209992108393,2,1.00327335146966,0.953273351469658,276.982388338814,264.039929629811
5.95,100,0,4679.14109386261,68.8860158519496,2,1.0032845578605,0.953284557860497,276.745110139283,263.816839959181
5.96,100,0,4682.46649036927,68.9509602904608,2,1.00329575655108,0.953295756551085,276.508232866596,263.594125043165
5.97,100,0,4685.7861964426,69.0158326316659,2,1.00330694754708,0.953306947547079,276.271755677374,263.37178409827
5.98,100,0,4689.10022420773,69.0806329806573,2,1.00331813085413,0.953318130854131,276.03567773036,263.14981634296
5.99,100,0,4692.40858575886,69.1453614423275,2,1.00332930647788,0.953329306477881,275.799998186406,262.928220997647
6,100,0,4695.71129315932,69.2100181213698,2,1.00334047442396,0.953340474423962,275.564716208477,262.706997284694
6.01,100,0,4699.00835844174,69.2746031222784,2,1.003351634698,0.953351634697998,275.329830961638,262.486144428401
6.02,100,0,4702.29979360807,69.3391165493493,2,1.0033627873056,0.953362787305604,275.095341613051,262.265661655006
6.03,100,0,4705.58561062971,69.40355850668,2,1.00337393225239,0.953373932252388,274.861247331967,262.045548192673
6.04,100,0,4708.86582144757,69.4679290981711,2,1.00338506954395,0.953385069543948,274.627547289718,261.825803271492
6.05,100,0,4712.14043797223,69.5322284275256,2,1.00339619918588,0.953396199185876,274.394240659716,261.606426123468
6.06,100,0,4715.40947208393,69.5964565982502,2,1.00340732118375,0.953407321183753,274.161326617444,261.387415982522
6.07,100,0,4718.67293563275,69.6606137136555,2,1.00341843554315,0.953418435543153,273.928804340449,261.168772084477
6.08,100,0,4721.93084043866,69.7246998768561,2,1.00342954226964,0.953429542269643,273.696673008335,260.950493667061
6.09,100,0,4725.18319829162,69.7887151907718,2,1.00344064136878,0.953440641368779,273.464931802763,260.732579969896
6.1,100,0,4728.43002095164,69.8526597581272,2,1.00345173284611,0.95345173284611,273.233579907438,260.515030234493
6.11,100,0,4731.67132014894,69.916533681453,2,1.00346281670718,0.953462816707178,273.002616508107,260.297843704249
6.12,100,0,4734.90710758395,69.9803370630858,2,1.00347389295752,0.953473892957516,272.772040792551,260.08101962444
6.13,100,0,4738.13739492748,70.0440700051689,2,1.00348496160265,0.953484961602647,272.541851950579,259.864557242212
6.14,100,0,4741.36219382076,70.1077326096525,2,1.00349602264809,0.95349602264809,272.312049174023,259.648455806582
6.15,100,0,4744.58151587553,70.1713249782946,2,1.00350707609935,0.953507076099353,272.082631656735,259.432714568431
6.16,100,0,4747.79537267415,70.2348472126609,2,1.00351812196194,0.953518121961937,271.853598594575,259.217332780493
6.17,100,0,4751.00377576969,70.2982994141255,2,1.00352916024133,0.953529160241333,271.624949185407,259.002309697356
6.18,100,0,4754.20673668598,70.3616816838715,2,1.00354019094303,0.953540190943028,271.396682629098,258.787644575455
6.19,100,0,4757.40426691773,70.4249941228913,2,1.0035512140725,0.953551214072498,271.168798127505,258.573336673063
6.2,100,0,4760.59637793063,70.4882368319869,2,1.00356222963521,0.953562229635212,270.941294884475,258.359385250292
6.21,100,0,4763.78308116138,70.5514099117706,2,1.00357323763663,0.953573237636631,270.714172105834,258.145789569081
6.22,100,0,4766.96438801783,70.6145134626653,2,1.00358423808221,0.953584238082208,270.487428999387,257.932548893195
6.23,100,0,4770.14030987905,70.6775475849049,2,1.00359523097739,0.953595230977389,270.261064774905,257.719662488221
6.24,100,0,4773.31085809541,70.7405123785348,3,1.29983261644416,1.24983261644416,1004.26904676925,1255.1682103375
6.25,100,0,4485.93203754135,70.9454292664063,3,1.22959480633792,1.17959480633792,843.768422258346,995.304848647886
6.26,100,0,4269.11043471748,71.1085582584182,3,1.16945203513827,1.11945203513827,727.485214746507,814.384804180979
6.27,100,0,4100.41747788305,71.2427829260201,3,1.11813263951001,1.06813263951001,644.137547684443,688.024339015692
6.28,100,0,3967.15542712138,71.3562763092059,3,1.07299145570912,1.02299145570912,578.229829087679,591.52417459284
6.29,100,0,3864.42201681799,71.4526186453029,3,1.03332805477837,0.983328054778368,520.809279883537,512.126376098401
6.3,100,0,3786.83610299785,71.5359237941915,3,1.00741944434596,0.957419444345962,473.791164327876,453.616873286822
6.31,100,0,3729.58430113174,71.6100129620304,3,1.002,0.952,434.144774042859,413.305824888802
6.32,100,0,3689.12139215646,71.6776079843103,3,1.00110465326949,0.951104653269492,405.644299115653,385.810180461139
6.33,100,0,3661.21282538681,71.7403034362118,3,0.999071542148702,0.949071542148702,380.719209283739,361.329767080553
6.34,100,0,3643.17293231502,71.7990874276254,3,0.998154745348812,0.948154745348812,363.453466926187,344.610129379541
6.35,100,0,3632.10676287595,71.8551826654915,3,0.998496245850866,0.948496245850866,351.380098308289,333.28270411212
6.36,100,0,3625.58000178133,71.9095403967227,3,0.998725181693515,0.948725181693515,343.750224118796,326.124493834291
6.37,100,0,3621.94593564273,71.962784396328,3,0.998881709021751,0.948881709021751,338.815437097253,321.495770995793
6.38,100,0,3620.18731890363,72.0152994867184,3,0.998990995162153,0.948990995162153,335.571350336906,318.454189704128
6.39,100,0,3619.71555052816,72.0673068272467,3,0.999067721290014,0.949067721290014,333.164092199009,316.19528579897
6.4,100,0,3620.13933934794,72.118952961099,3,0.999121715931354,0.949121715931354,331.596107949208,314.725066972911
6.41,100,0,3621.12909481204,72.170363040016,3,0.999161308965444,0.949161308965444,330.577558033597,313.771427697769
6.42,100,0,3622.47724473477,72.2216158795168,3,0.999191759857603,0.949191759857603,329.904656801174,313.142781774325
6.43,100,0,3624.0528278417,72.2727611974658,3,0.999216391839671,0.949216391839671,329.450391455838,312.719711867878
6.44,100,0,3625.77284981326,72.3238304991777,3,0.999237312664191,0.949237312664191,329.134930736346,312.427157156084
6.45,100,0,3627.58455603513,72.374843810776,3,0.999255862622893,0.949255862622893,328.907818776937,312.217675236516
6.46,100,0,3629.45434317112,72.4258138895433,3,0.999272895545814,0.949272895545814,328.737046623064,312.061168121055
6.47,100,0,3631.36077435762,72.4767488755033,3,0.999288956095471,0.949288956095471,328.602255757185,311.938492338355
6.48,100,0,3633.2901586092,72.5276539693093,3,0.999304392076151,0.949304392076151,328.490474029171,311.837449751069
6.49,100,0,3635.2337441241,72.5785324974381,3,0.999319425772416,0.949319425772416,328.393424648183,311.75025731445
6.5,100,0,3637.18593230098,72.6293865899465,3,0.999334199350629,0.949334199350629,328.30582116783,311.671943880513
6.51,100,0,3639.14313943706,72.6802176124128,3,0.999348803794484,0.949348803794484,328.224284240471,311.599331619992
6.52,100,0,3641.10307035095,72.7310264415541,3,0.999363297366361,0.94936329736636,328.14665206861,311.530387627587
6.53,100,0,3643.06425442251,72.7818136412633,3,0.999377717396279,0.949377717396279,328.071540844274,311.463810589417
6.54,100,0,3645.02574901314,72.8325795751331,3,0.999392087815579,0.949392087815579,327.998064241074,311.398767009302
6.55,100,0,3646.98694975211,72.8833244784322,3,0.999406423974425,0.949406423974425,327.925654249761,311.334722730739
6.56,100,0,3648.94746910743,72.9340485041723,3,0.999420735724242,0.949420735724241,327.853946658745,311.271335246842
6.57,100,0,3650.90705861894,72.9847517526108,3,0.999435029391092,0.949435029391092,327.78270780713,311.208384820754
6.58,100,0,3652.86555906694,73.0354342901537,3,0.999449309039702,0.949449309039702,327.711787707922,311.145730403452
6.59,100,0,3654.82286852474,73.0860961614749,3,0.99946357728354,0.94946357728354,327.641090030971,311.083281405884
6.6,100,0,3656.7789218662,73.136737397289,3,0.999477835804243,0.949477835804243,327.570552871616,311.020979613741
6.61,100,0,3658.73367761441,73.1873580193406,3,0.999492085684831,0.949492085684831,327.500136423154,310.958787594488
6.62,100,0,3660.68710949753,73.2379580436061,3,0.999506327623585,0.949506327623585,327.429815070731,310.89668126228
6.63,100,0,3662.63920102418,73.2885374823522,3,0.999520562071382,0.949520562071382,327.359572318327,310.834645107145
6.64,100,0,3664.58994199711,73.3390963454573,3,0.999534789319935,0.949534789319935,327.28939753201,310.772669132206
6.65,100,0,3666.53932627122,73.3896346412626,3,0.999549009558505,0.949549009558505,327.219283848158,310.710746886462
6.66,100,0,3668.48735031141,73.4401523771184,3,0.99956322291038,0.94956322291038,327.149226829277,310.648874200647
6.67,100,0,3670.43401226414,73.4906495597364,3,0.99957742945634,0.94957742945634,327.079223599802,310.587048374476
6.68,100,0,3672.37931135974,73.5411261954166,3,0.999591629249762,0.949591629249762,327.009272290222,310.525267653851
6.69,100,0,3674.32324752718,73.591582290193,3,0.999605822326354,0.949605822326354,326.939371679351,310.463530894431
6.7,100,0,3676.26582114586,73.642017849928,3,0.999620008710417,0.949620008710417,326.869520964009,310.401837345012
6.71,100,0,3678.20703288553,73.6924328803731,3,0.999634188418892,0.949634188418892,326.799719610658,310.340186507989
6.72,100,0,3680.14688360294,73.7428273872078,3,0.999648361463962,0.949648361463962,326.729967259786,310.278578049429
6.73,100,0,3682.08537427523,73.7932013760653,3,0.999662527854736,0.949662527854736,326.660263664256,310.217011741092
6.74,100,0,3684.02250595682,73.8435548525484,3,0.999676687598336,0.949676687598336,326.590608649539,310.155487423019
6.75,100,0,3685.95827975162,73.8938878222403,3,0.999690840700595,0.949690840700595,326.521002088046,310.094004979398
6.76,100,0,3687.89269679506,73.9442002907115,3,0.999704987166512,0.949704987166512,326.451443882553,310.03256432297
6.77,100,0,3689.82575824241,73.9944922635241,3,0.999719127000544,0.949719127000544,326.3819339555,309.971165384966
6.78,100,0,3691.75746526131,74.0447637462344,3,0.999733260206795,0.949733260206795,326.312472242066,309.909808108597
6.79,100,0,3693.68781902689,74.0950147443952,3,0.999747386789144,0.949747386789144,326.243058685699,309.84849244484
6.8,100,0,3695.61682071858,74.1452452635568,3,0.999761506751315,0.949761506751315,326.17369323522,309.787218349723
6.81,100,0,3697.54447151811,74.1954553092676,3,0.999775620096936,0.949775620096936,326.104375842948,309.72598578256
6.82,100,0,3699.47077260819,74.245644887075,3,0.999789726829569,0.949789726829569,326.035106463491,309.664794704808
6.83,100,0,3701.39572517161,74.2958140025253,3,0.999803826952733,0.949803826952733,325.965885052954,309.60364507933
6.84,100,0,3703.31933039073,74.3459626611643,3,0.999817920469916,0.949817920469916,325.896711568439,309.542536869919
6.85,100,0,3705.24158944709,74.396090868537,3,0.999832007384588,0.949832007384588,325.827585967703,309.481470040978
6.86,100,0,3707.16250352121,74.4461986301882,3,0.999846087700202,0.949846087700202,325.758508208952,309.420444557327
6.87,100,0,3709.0820737924,74.4962859516621,3,0.9998601614202,0.9498601614202,325.689478250701,309.359460384071
6.88,100,0,3711.00030143869,74.5463528385028,3,0.999874228548019,0.949874228548019,325.62049605168,309.298517486513
6.89,100,0,3712.91718763677,74.5963992962539,3,0.999888289087085,0.949888289087085,325.551561570777,309.237615830094
6.9,100,0,3714.83273356193,74.6464253304586,3,0.999902343040821,0.949902343040821,325.482674767003,309.17675538037
6.91,100,0,3716.74694038806,74.69643094666,3,0.999916390412645,0.949916390412645,325.413835599461,309.115936102974
6.92,100,0,3718.65980928761,74.7464161504008,3,0.999930431205969,0.949930431205969,325.345044027337,309.055157963613
6.93,100,0,3720.57134143161,74.7963809472234,3,0.999944465424204,0.949944465424204,325.27630000988,308.994420928048
6.94,100,0,3722.48153798963,74.84632534267,3,0.999958493070753,0.949958493070753,325.207603506405,308.933724962095
6.95,100,0,3724.3904001298,74.8962493422826,3,0.999972514149019,0.949972514149019,325.138954476282,308.873070031617
6.96,100,0,3726.29792901883,74.9461529516027,3,0.999986528662398,0.949986528662398,325.070352878938,308.812456102523
6.97,100,0,3728.20412582196,74.9960361761716,3,1.00000053661428,0.950000536614284,325.001798673847,308.751883140762
6.98,100,0,3730.10899170299,75.0458990215305,3,1.00001453800807,0.950014538008067,324.933291820539,308.69135111233
6.99,100,0,3732.01252782429,75.0957414932203,3,1.00002853284713,0.950028532847134,324.86483227859,308.630859983259
7,100,0,3733.91473534678,75.1455635967814,3,1.00004252113487,0.950042521134869,324.796420007627,308.570409719626
7.01,100,0,3735.81561542995,75.1953653377542,3,1.00005650287465,0.950056502874649,324.728054967326,308.510000287545
7.02,100,0,3737.71516923186,75.2451467216788,3,1.00007047806985,0.950070478069851,324.659737117411,308.449631653171
7.03,100,0,3739.61339790913,75.2949077540949,3,1.00008444672385,0.950084446723848,324.591466417656,308.389303782701
7.04,100,0,3741.51030261696,75.3446484405421,3,1.00009840884001,0.950098408840008,324.523242827879,308.329016642368
7.05,100,0,3743.4058845091,75.3943687865598,3,1.0001123644217,0.950112364421697,324.455066307952,308.268770198446
7.06,100,0,3745.30014473792,75.444068797687,3,1.00012631347228,0.950126313472275,324.386936817787,308.208564417248
7.07,100,0,3747.19308445432,75.4937484794624,3,1.0001402559951,0.950140255995103,324.318854317352,308.148399265127
7.08,100,0,3749.08470480781,75.5434078374248,3,1.00015419199353,0.950154191993533,324.250818766657,308.088274708475
7.09,100,0,3750.97500694648,75.5930468771123,3,1.00016812147092,0.950168121470918,324.182830125763,308.028190713722
7.1,100,0,3752.86399201699,75.6426656040632,3,1.00018204443061,0.950182044430605,324.114888354775,307.968147247337
7.11,100,0,3754.75166116462,75.6922640238152,3,1.00019596087594,0.950195960875939,324.046993413848,307.908144275831
7.12,100,0,3756.63801553319,75.7418421419059,3,1.00020987081026,0.950209870810261,323.979145263185,307.84818176575
7.13,100,0,3758.52305626517,75.7913999638729,3,1.00022377423691,0.950223774236907,323.911343863033,307.78825968368
7.14,100,0,3760.4067845016,75.8409374952531,3,1.00023767115921,0.950237671159212,323.843589173689,307.728377996247
7.15,100,0,3762.2892013821,75.8904547415836,3,1.00025156158051,0.950251561580507,323.775881155496,307.668536670115
7.16,100,0,3764.17030804492,75.9399517084011,3,1.00026544550412,0.950265445504118,323.708219768844,307.608735671985
7.17,100,0,3766.05010562691,75.989428401242,3,1.00027932293337,0.95027932293337,323.640604974168,307.548974968598
7.18,100,0,3767.9285952635,76.0388848256426,3,1.00029319387158,0.950293193871582,323.573036731953,307.489254526735
7.19,100,0,3769.80577808877,76.0883209871388,3,1.00030705832207,0.950307058322071,323.505515002731,307.429574313212
7.2,100,0,3771.68165523538,76.1377368912666,3,1.00032091628815,0.950320916288151,323.438039747078,307.369934294886
7.21,100,0,3773.5562278346,76.1871325435615,3,1.00033476777313,0.950334767773132,323.370610925617,307.310334438652
7.22,100,0,3775.42949701635,76.2365079495589,3,1.00034861278032,0.950348612780321,323.303228499018,307.25077471144
7.23,100,0,3777.30146390912,76.2858631147939,3,1.00036245131302,0.950362451313021,323.235892427998,307.191255080224
7.24,100,0,3779.17212964006,76.3351980448016,3,1.00037628337453,0.950376283374531,323.16860267332,307.13177551201
7.25,100,0,3781.04149533494,76.3845127451165,3,1.00039010896815,0.950390108968148,323.101359195792,307.072335973846
7.26,100,0,3782.90956211813,76.4338072212733,3,1.00040392809717,0.950403928097166,323.034161956272,307.012936432817
7.27,100,0,3784.77633111264,76.4830814788063,3,1.00041774076487,0.950417740764875,322.967010915658,306.953576856044
7.28,100,0,3786.64180344013,76.5323355232497,3,1.00043154697456,0.95043154697456,322.8999060349,306.89425721069
7.29,100,0,3788.50598022087,76.5815693601372,3,1.0004453467295,0.950445346729505,322.83284727499,306.834977463951
7.3,100,0,3790.36886257377,76.6307829950026,3,1.00045914003299,0.95045914003299,322.765834596968,306.775737583065
7.31,100,0,3792.23045161638,76.6799764333795,3,1.00047292688829,0.950472926888291,322.698867961918,306.716537535303
7.32,100,0,3794.0907484649,76.7291496808012,3,1.00048670729868,0.950486707298682,322.631947330971,306.657377287977
7.33,100,0,3795.94975423414,76.7783027428007,3,1.00050048126743,0.950500481267432,322.565072665304,306.598256808436
7.34,100,0,3797.8074700376,76.827435624911,3,1.00051424879781,0.950514248797808,322.498243926138,306.539176064066
7.35,100,0,3799.6638969874,76.8765483326648,3,1.00052800989307,0.950528009893074,322.431461074741,306.48013502229
7.36,100,0,3801.51903619431,76.9256408715947,3,1.00054176455649,0.950541764556489,322.364724072425,306.421133650568
7.37,100,0,3803.37288876776,76.9747132472329,3,1.00055551279131,0.95055551279131,322.298032880548,306.3621719164
7.38,100,0,3805.22545581583,77.0237654651118,3,1.00056925460079,0.95056925460079,322.231387460514,306.303249787319
7.39,100,0,3807.07673844526,77.0727975307632,3,1.00058298998818,0.95058298998818,322.164787773771,306.244367230899
7.4,100,0,3808.92673776145,77.1218094497189,3,1.00059671895673,0.950596718956726,322.098233781813,306.185524214748
7.41,100,0,3810.77545486845,77.1708012275106,3,1.00061044150967,0.950610441509673,322.031725446178,306.126720706513
7.42,100,0,3812.622890869,77.2197728696696,3,1.00062415765026,0.950624157650261,321.965262728449,306.067956673877
7.43,100,0,3814.46904686447,77.2687243817272,3,1.00063786738173,0.950637867381726,321.898845590256,306.009232084561
7.44,100,0,3816.31392395493,77.3176557692145,3,1.0006515707073,0.950651570707303,321.832473993271,305.95054690632
7.45,100,0,3818.15752323911,77.3665670376623,3,1.00066526763022,0.950665267630223,321.766147899211,305.891901106949
7.46,100,0,3819.9998458144,77.4154581926015,3,1.00067895815371,0.950678958153712,321.69986726984,305.833294654279
7.47,100,0,3821.8408927769,77.4643292395624,3,1.000692642281,0.950692642280996,321.633632066964,305.774727516176
7.48,100,0,3823.68066522135,77.5131801840755,3,1.0007063200153,0.950706320015295,321.567442252435,305.716199660544
7.49,100,0,3825.51916424118,77.562011031671,3,1.00071999135983,0.950719991359828,321.50129778815,305.657711055323
7.5,100,0,3827.35639092853,77.610821787879,3,1.00073365631781,0.950733656317809,321.435198636046,305.599261668489
7.51,100,0,3829.19234637419,77.6596124582292,3,1.00074731489245,0.950747314892449,321.36914475811,305.540851468056
7.52,100,0,3831.02703166765,77.7083830482514,3,1.00076096708696,0.950760967086958,321.30313611637,305.482480422073
7.53,100,0,3832.86044789709,77.7571335634752,3,1.00077461290454,0.950774612904539,321.2371726729,305.424148498625
7.54,100,0,3834.69259614939,77.8058640094298,3,1.0007882523484,0.950788252348396,321.171254389816,305.365855665835
7.55,100,0,3836.52347751011,77.8545743916445,3,1.00080188542173,0.950801885421726,321.105381229278,305.307601891859
7.56,100,0,3838.35309306352,77.9032647156484,3,1.00081551212773,0.950815512127726,321.039553153491,305.249387144893
7.57,100,0,3840.18144389257,77.9519349869703,3,1.00082913246959,0.950829132469589,320.973770124704,305.191211393166
7.58,100,0,3842.00853107893,78.000585211139,3,1.0008427464505,0.950842746450502,320.908032105209,305.133074604943
7.59,100,0,3843.83435570296,78.0492153936832,3,1.00085635407365,0.950856354073654,320.842339057342,305.074976748528
7.6,100,0,3845.65891884373,78.0978255401311,3,1.00086995534223,0.950869955342227,320.776690943483,305.016917792257
7.61,100,0,3847.48222157902,78.1464156560111,3,1.0008835502594,0.950883550259402,320.711087726054,304.958897704504
7.62,100,0,3849.30426498532,78.1949857468513,3,1.00089713882835,0.950897138828354,320.645529367522,304.90091645368
7.63,100,0,3851.12505013783,78.2435358181797,3,1.00091072105226,0.950910721052258,320.580015830397,304.842974008227
7.64,100,0,3852.94457811046,78.2920658755241,3,1.00092429693428,0.950924296934285,320.514547077231,304.785070336627
7.65,100,0,3854.76284997584,78.3405759244123,3,1.0009378664776,0.950937866477602,320.449123070622,304.727205407396
7.66,100,0,3856.57986680532,78.3890659703717,3,1.00095142968537,0.950951429685374,320.383743773209,304.669379189086
7.67,100,0,3858.39562966898,78.4375360189298,3,1.00096498656076,0.950964986560762,320.318409147674,304.611591650283
7.68,100,0,3860.21013963561,78.4859860756137,3,1.00097853710693,0.950978537106925,320.253119156744,304.553842759611
7.69,100,0,3862.02339777272,78.5344161459507,3,1.00099208132702,0.950992081327019,320.187873763187,304.496132485726
7.7,100,0,3863.84371397688,78.5828228707836,3,1.00100270871771,0.951002708717708,320.045952120718,304.36456738094
7.71,100,0,3865.72073000899,78.6311859090954,3,1.00100867009523,0.951008670095234,319.851554485925,304.181601459553
7.72,100,0,3867.64057338655,78.67951031241,3,1.00101409356016,0.951014093560157,319.710095942308,304.048807094604
7.73,100,0,3869.58428350291,78.7278033971298,3,1.00101920949849,0.951019209498494,319.598797284732,303.944595550395
7.74,100,0,3871.54105955499,78.7760693338736,3,1.001024149113,0.951024149112997,319.504709224313,303.856694227648
7.75,100,0,3873.50474276938,78.8243105037499,3,1.00102898719613,0.951028987196129,319.420459993492,303.778116557333
7.76,100,0,3875.47181846863,78.8725282686088,3,1.00103376641932,0.951033766419324,319.341848421091,303.704880879219
7.77,100,0,3877.44027953632,78.9207234091811,3,1.0010385111464,0.951038511146401,319.266478106802,303.634715997648
7.78,100,0,3879.4089791294,78.9688963746004,3,1.0010432352981,0.9510432352981,319.192981033075,303.566325366141
7.79,100,0,3881.37726167994,79.0170474246421,3,1.00104794683378,0.951047946833781,319.120575677895,303.498968290877
7.8,100,0,3883.34475236911,79.0651767108725,3,1.00105265030741,0.951052650307409,319.048815260417,303.432221330859
7.81,100,0,3885.31123692592,79.1132843229801,3,1.00105734832634,0.951057348326338,318.977444188991,303.365842246294
7.82,100,0,3887.27659294979,79.1613703152464,3,1.00106204238446,0.951062042384458,318.906316145011,303.299692362177
7.83,100,0,3889.24075064506,79.209434721679,3,1.00106673333834,0.951066733338342,318.8353473055,303.233692234637
7.84,100,0,3891.2036703568,79.2574775646703,3,1.00107142167955,0.951071421679552,318.764489613303,303.167796317481
7.85,100,0,3893.16532971046,79.3054988599531,3,1.00107610769046,0.95107610769046,318.693715492942,303.101978476438
7.86,100,0,3895.1257162449,79.3534986194402,3,1.00108079153347,0.951080791533471,318.623009105465,303.036223700802
7.87,100,0,3897.08482318952,79.4014768528516,3,1.00108547330216,0.951085473302156,318.552361341513,302.970523358012
7.88,100,0,3899.04264704218,79.4494335686478,3,1.00109015305056,0.951090153050556,318.481766952844,302.904872474992
7.89,100,0,3900.99918617903,79.4973687745657,3,1.00109483081001,0.951094830810006,318.411222907942,302.839268179637
7.9,100,0,3902.95444005621,79.5452824779259,3,1.00109950659878,0.951099506598781,318.340727448742,302.773708806795
7.91,100,0,3904.90840875106,79.5931746858097,3,1.00110418042765,0.951104180427649,318.27027954921,302.70819338513
7.92,100,0,3906.86109269828,79.6410454051607,3,1.00110885230305,0.951108852303051,318.199878604383,302.642721342385
7.93,100,0,3908.81249253821,79.6888946428435,3,1.00111352222894,0.95111352222894,318.129524251652,302.577292336006
7.94,100,0,3910.7626090294,79.7367224056767,3,1.00111819020783,0.951118190207833,318.059216267996,302.511906155738
7.95,100,0,3912.7114429983,79.7845287004531,3,1.00112285624142,0.951122856241419,317.988954510845,302.446562667577
7.96,100,0,3914.6589953102,79.8323135339504,3,1.00112752033091,0.95112752033091,317.918738884024,302.381261781491
7.97,100,0,3916.60526685252,79.8800769129378,3,1.00113218247724,0.95113218247724,317.848569318145,302.316003432835
7.98,100,0,3918.55025852516,79.9278188441796,3,1.00113684268119,0.951136842681187,317.778445759295,302.25078757163
7.99,100,0,3920.4939712349,79.9755393344375,3,1.00114150094343,0.951141500943435,317.708368162506,302.185614156375
8,100,0,3922.43640589216,80.0232383904718,3,1.00114615726461,0.951146157264613,317.638336488003,302.120483150488
8.01,100,0,3924.37756340921,80.0709160190419,3,1.00115081164532,0.951150811645322,317.568350699015,302.055394520235
8.02,100,0,3926.31744469899,80.1185722269073,3,1.00115546408614,0.951155464086142,317.498410760528,301.990348233542
8.03,100,0,3928.25605067457,80.166207020827,3,1.00116011458765,0.951160114587646,317.42851663855,301.92534425931
8.04,100,0,3930.19338224875,80.2138204075603,3,1.0011647631504,0.951164763150399,317.358668299703,301.860382567012
8.05,100,0,3932.12944033387,80.2614123938666,3,1.00116940977496,0.951169409774961,317.288865710964,301.795463126464
8.06,100,0,3934.06422584165,80.3089829865056,3,1.00117405446189,0.951174054461892,317.219108839534,301.730585907688
8.07,100,0,3935.99773968317,80.3565321922371,3,1.00117869721175,0.951178697211751,317.149397652757,301.665750880841
8.08,100,0,3937.92998276881,80.4040600178212,3,1.00118333802509,0.951183338025095,317.079732118067,301.600958016166
8.09,100,0,3939.86095600822,80.4515664700182,3,1.00118797690248,0.95118797690248,317.01011220296,301.536207283962
8.1,100,0,3941.79066031031,80.4990515555888,3,1.00119261384446,0.951192613844463,316.940537874985,301.471498654577
8.11,100,0,3943.71909658324,80.5465152812938,3,1.0011972488516,0.951197248851601,316.871009101729,301.406832098395
8.12,100,0,3945.64626573445,80.5939576538942,3,1.00120188192445,0.951201881924449,316.801525850812,301.342207585829
8.13,100,0,3947.57216867058,80.6413786801515,3,1.00120651306356,0.951206513063563,316.732088089886,301.277625087322
8.14,100,0,3949.49680629757,80.6887783668273,3,1.0012111422695,0.9512111422695,316.662695786632,301.213084573342
8.15,100,0,3951.42017952058,80.7361567206834,3,1.00121576954281,0.951215769542815,316.59334890876,301.148586014383
8.16,100,0,3953.34228924401,80.783513748482,3,1.00122039488406,0.951220394884063,316.524047424005,301.084129380964
8.17,100,0,3955.26313637154,80.8308494569853,3,1.0012250182938,0.9512250182938,316.45479130013,301.019714643627
8.18,100,0,3957.18272180608,80.878163852956,3,1.00122963977258,0.951229639772582,316.385580504924,300.955341772938
8.19,100,0,3959.10104644978,80.9254569431569,3,1.00123425932096,0.951234259320964,316.316415006203,300.891010739489
8.2,100,0,3961.01811120408,80.9727287343512,3,1.0012388769395,0.951238876939501,316.247294771812,300.826721513894
8.21,100,0,3962.93391696962,81.0199792333022,3,1.00124349262875,0.951243492628749,316.178219769616,300.76247406679
8.22,100,0,3964.84846464634,81.0672084467733,3,1.00124810638926,0.951248106389262,316.109189967514,300.698268368841
8.23,100,0,3966.76175513341,81.1144163815285,3,1.0012527182216,0.951252718221595,316.040205333424,300.634104390731
8.24,100,0,3968.67378932926,81.1616030443318,3,1.0012573281263,0.951257328126304,315.971265835295,300.569982103169
8.25,100,0,3970.58456813156,81.2087684419475,3,1.00126193610394,0.951261936103942,315.902371441101,300.505901476889
8.26,100,0,3972.49409243726,81.25591258114,3,1.00126654215507,0.951266542155065,315.833522118843,300.441862482647
8.27,100,0,3974.40236314256,81.3030354686741,3,1.00127114628023,0.951271146280228,315.764717836544,300.377865091222
8.28,100,0,3976.30938114291,81.3501371113148,3,1.00127574847998,0.951275748479984,315.695958562258,300.313909273419
8.29,100,0,3978.21514733303,81.3972175158272,3,1.00128034875489,0.951280348754889,315.627244264064,300.249995000063
8.3,100,0,3980.11966260687,81.4442766889769,3,1.0012849471055,0.951284947105496,315.558574910063,300.186122242005
8.31,100,0,3982.02292785769,81.4913146375293,3,1.00128954353236,0.95128954353236,315.489950468389,300.12229097012
8.32,100,0,3983.92494397797,81.5383313682505,3,1.00129413803603,0.951294138036034,315.421370907195,300.058501155304
8.33,100,0,3985.82571185946,81.5853268879064,3,1.00129873061707,0.951298730617074,315.352836194664,299.994752768478
8.34,100,0,3987.72523239318,81.6323012032634,3,1.00130332127603,0.951303321276033,315.284346299005,299.931045780586
8.35,100,0,3989.62350646942,81.679254321088,3,1.00130791001346,0.951307910013464,315.215901188451,299.867380162596
8.36,100,0,3991.52053497771,81.7261862481469,3,1.00131249682992,0.951312496829922,315.147500831262,299.803755885498
8.37,100,0,3993.41631880687,81.7730969912071,3,1.00131708172596,0.951317081725961,315.079145195724,299.740172920306
8.38,100,0,3995.31085884497,81.8199865570357,3,1.00132166470213,0.951321664702133,315.010834250147,299.676631238058
8.39,100,0,3997.20415597936,81.8668549524,3,1.00132624575899,0.951326245758993,314.94256796287,299.613130809813
8.4,100,0,3999.09621109663,81.9137021840678,3,1.00133082489709,0.951330824897094,314.874346302254,299.549671606657
8.41,100,0,4000.98731012125,81.9605282695274,3,1.00133539882202,0.95133539882202,314.806477331297,299.486545663725
8.42,100,0,4002.87856493122,82.0073333924355,3,1.00133995477638,0.951339954776383,314.740153453495,299.42488335276
8.43,100,0,4004.76960274549,82.0541178049661,3,1.00134449724148,0.951344497241482,314.674955027688,299.364286885302
8.44,100,0,4006.66002713191,82.1008816660766,3,1.00134903091282,0.951349030912818,314.610442934551,299.304340000837
8.45,100,0,4008.54960231899,82.1476250727967,3,1.00135355858605,0.951353558586049,314.546355926395,299.24479505085
8.46,100,0,4010.43818814156,82.1943480853055,3,1.00135808192669,0.95135808192669,314.482538485886,299.185504613369
8.47,100,0,4012.3257013597,82.2410507418415,3,1.0013626019276,0.951362601927603,314.418897979851,299.12638087732
8.48,100,0,4014.21209264614,82.2877330675729,3,1.00136711918107,0.95136711918107,314.355379197064,299.067371505783
8.49,100,0,4016.09733288764,82.3343950798778,3,1.00137163404069,0.951371634040691,314.291949208176,299.008445284016
8.5,100,0,4017.98140502628,82.3810367914889,3,1.00137614671777,0.951376146717767,314.228588358236,298.949583580822
8.51,100,0,4019.86429919745,82.4276582123671,3,1.00138065733872,0.951380657338724,314.165284904823,298.890775265758
8.52,100,0,4021.74600983102,82.474259350819,3,1.00138516597933,0.951385165979327,314.102031824517,298.832013681812
8.53,100,0,4023.62653392194,82.5208402141631,3,1.00138967268509,0.951389672685095,314.038824909831,298.773294841376
8.54,100,0,4025.50586999799,82.5674008091281,3,1.00139417748347,0.951394177483472,313.975661634506,298.71461635059
8.55,100,0,4027.38401750335,82.6139411420898,3,1.0013986803911,0.951398680391099,313.912540476593,298.655976767648
8.56,100,0,4029.26097643025,82.6604612192139,3,1.00140318141816,0.951403181418156,313.849460514403,298.597375219775
8.57,100,0,4031.13674709871,82.7069610465399,3,1.00140768057096,0.951407680570955,313.786421185217,298.538811174488
8.58,100,0,4033.01133002489,82.7534406300326,3,1.00141217785349,0.951412177853495,313.723422141101,298.480284302916
8.59,100,0,4034.88472584218,82.7998999756121,3,1.00141667326839,0.951416673268385,313.660463162707,298.421794398084
8.6,100,0,4036.75693525402,82.8463390891722,3,1.00142116681741,0.951421166817406,313.597544107714,298.363341326034
8.61,100,0,4038.62795900564,82.892757976591,3,1.00142565850184,0.951425658501837,313.534664879968,298.304924996576
8.62,100,0,4040.49779786708,82.9391566437379,3,1.00143014832266,0.951430148322659,313.471825411006,298.246545345768
8.63,100,0,4042.36645262303,82.985535096477,3,1.00143463628068,0.951434636280676,313.409025648985,298.188202325423
8.64,100,0,4044.23392406673,83.0318933406698,3,1.00143912237658,0.951439122376581,313.346265552046,298.129895896818
8.65,100,0,4046.1002129963,83.0782313821763,3,1.001443606611,0.951443606611002,313.283545084333,298.071626026918
8.66,100,0,4047.96532021257,83.1245492268565,3,1.00144808898453,0.95144808898453,313.220864213608,298.013392686121
8.67,100,0,4049.8292465177,83.1708468805699,3,1.00145256949773,0.951452569497731,313.158222909814,297.955195846886
8.68,100,0,4051.69199271445,83.2171243491766,3,1.00145704815116,0.951457048151158,313.095621144215,297.897035482928
8.69,100,0,4053.55355960566,83.2633816385374,3,1.00146152494535,0.951461524945353,313.033058888875,297.838911568718
8.7,100,0,4055.41394799397,83.3096187545134,3,1.00146599988086,0.951465999880855,312.970536116355,297.780824079195
8.71,100,0,4057.27315868167,83.3558357029667,3,1.0014704729582,0.951470472958201,312.908052799515,297.722772989584
8.72,100,0,4059.13119247055,83.40203248976,3,1.00147494417792,0.951474944177922,312.845608911411,297.664758275293
8.73,100,0,4060.9880501619,83.4482091207568,3,1.00147941354055,0.951479413540552,312.783204425221,297.606779911844
8.74,100,0,4062.8437325564,83.4943656018213,3,1.00148388104662,0.951483881046622,312.720839314207,297.548837874838
8.75,100,0,4064.69824045418,83.5405019388186,3,1.00148834669666,0.951488346696662,312.658513551685,297.490932139929
8.76,100,0,4066.55157465473,83.5866181376146,3,1.0014928104912,0.951492810491203,312.59622711102,297.433062682811
8.77,100,0,4068.40373595693,83.6327142040759,3,1.00149727243078,0.951497272430776,312.533979965606,297.375229479209
8.78,100,0,4070.25472515905,83.67879014407,3,1.00150173251591,0.951501732515911,312.471772088872,297.317432504878
8.79,100,0,4072.10454305874,83.724845963465,3,1.00150619074714,0.951506190747138,312.409603454265,297.259671735592
8.8,100,0,4073.95319045302,83.7708816681301,3,1.00151064712499,0.951510647124987,312.347474035263,297.201947147148
8.81,100,0,4075.80066813828,83.8168972639349,3,1.00151510164999,0.951515101649987,312.285383805359,297.144258715362
8.82,100,0,4077.64697691031,83.8628927567502,3,1.00151955432267,0.951519554322669,312.223332738075,297.086606416071
8.83,100,0,4079.49211756426,83.9088681524472,3,1.00152400514356,0.951524005143563,312.161320806948,297.028990225131
8.84,100,0,4081.33609089465,83.9548234568981,3,1.0015284541132,0.951528454113197,312.099347985538,296.971410118416
8.85,100,0,4083.1788976954,84.0007586759759,3,1.0015329012321,0.951532901232102,312.037414247427,296.913866071818
8.86,100,0,4085.02053875979,84.0466738155543,3,1.00153734650081,0.951537346500808,311.975519566216,296.856358061248
8.87,100,0,4086.86101488049,84.0925688815077,3,1.00154178991984,0.951541789919842,311.913663915526,296.798886062635
8.88,100,0,4088.70032684953,84.1384438797115,3,1.00154623148974,0.951546231489736,311.851847269,296.741450051929
8.89,100,0,4090.53847545836,84.1842988160416,3,1.00155067121102,0.951550671211018,311.790069600299,296.684050005095
8.9,100,0,4092.37546149776,84.2301336963749,3,1.00155510908422,0.951555109084218,311.728330883108,296.626685898117
8.91,100,0,4094.21128575794,84.275948526589,3,1.00155954510986,0.951559545109864,311.666631091128,296.569357706998
8.92,100,0,4096.04594902846,84.3217433125621,3,1.00156397928849,0.951563979288486,311.604970198084,296.512065407758
8.93,100,0,4097.87945209828,84.3675180601735,3,1.00156841162061,0.951568411620612,311.543348177716,296.454808976436
8.94,100,0,4099.71179575572,84.4132727753028,3,1.00157284210677,0.951572842106772,311.481765003791,296.397588389091
8.95,100,0,4101.54298078851,84.4590074638309,3,1.0015772707475,0.951577270747495,311.420220650093,296.340403621798
8.96,100,0,4103.37300798376,84.5047221316391,3,1.00158169754331,0.951581697543309,311.358715090425,296.28325465065
8.97,100,0,4105.20187812794,84.5504167846094,3,1.00158612249474,0.951586122494743,311.29724829861,296.226141451757
8.98,100,0,4107.02959200695,84.5960914286248,3,1.00159054560233,0.951590545602326,311.235820248493,296.169064001251
8.99,100,0,4108.85615040604,84.641746069569,3,1.00159496686659,0.951594966866586,311.174430913938,296.112022275278
9,100,0,4110.68155410985,84.6873807133262,3,1.00159938628805,0.951599386288053,311.113080268831,296.055016250005
9.01,100,0,4112.50580390244,84.7329953657818,3,1.00160380386725,0.951603803867253,311.051768287074,295.998045901615
9.02,100,0,4114.32890056721,84.7785900328214,3,1.00160821960472,0.951608219604717,310.990494942593,295.941111206311
9.03,100,0,4116.15084488699,84.8241647203319,3,1.00161263350097,0.951612633500971,310.929260209333,295.884212140313
9.04,100,0,4117.97163764399,84.8697194342004,3,1.00161704555655,0.951617045556545,310.868064061259,295.827348679858
9.05,100,0,4119.79127961978,84.9152541803152,3,1.00162145577197,0.951621455771966,310.806906472354,295.770520801203
9.06,100,0,4121.60977159537,84.9607689645651,3,1.00162586414776,0.951625864147764,310.745787416622,295.71372848062
9.07,100,0,4123.42711435112,85.0062637928397,3,1.00163027068446,0.951630270684465,310.684706868089,295.656971694403
9.08,100,0,4125.24330866681,85.0517386710291,3,1.0016346753826,0.951634675382597,310.623664800798,295.60025041886
9.09,100,0,4127.05835532159,85.0971936050246,3,1.00163907824269,0.95163907824269,310.562661188816,295.543564630321
9.1,100,0,4128.87225509402,85.1426286007179,3,1.00164347926527,0.95164347926527,310.501696006222,295.486914305129
9.11,100,0,4130.68500876205,85.1880436640014,3,1.00164787845087,0.951647878450866,310.440769227125,295.430299419648
9.12,100,0,4132.49661710302,85.2334388007684,3,1.0016522758,0.951652275800004,310.379880825647,295.373719950261
9.13,100,0,4134.30708089367,85.2788140169128,3,1.00165667131321,0.951656671313214,310.31903077593,295.317175873364
9.14,100,0,4136.11640091013,85.3241693183292,3,1.00166106499102,0.951661064991022,310.25821905214,295.260667165377
9.15,100,0,4137.92457792794,85.3695047109131,3,1.00166545683396,0.951665456833955,310.197445628458,295.204193802732
9.16,100,0,4139.73161272202,85.4148202005606,3,1.00166984684254,0.951669846842543,310.136710479088,295.147755761884
9.17,100,0,4141.53750606669,85.4601157931684,3,1.00167423501731,0.951674235017311,310.076013578253,295.091353019301
9.18,100,0,4143.34225873569,85.5053914946341,3,1.00167862135879,0.951678621358787,310.015354900195,295.034985551473
9.19,100,0,4145.14587150212,85.5506473108558,3,1.0016830058675,0.951683005867499,309.954734419177,294.978653334904
9.2,100,0,4146.94834513852,85.5958832477326,3,1.00168738854397,0.951687388543974,309.894152109479,294.922356346119
9.21,100,0,4148.7496804168,85.641099311164,3,1.00169176938874,0.951691769388739,309.833607945404,294.866094561658
9.22,100,0,4150.54987810829,85.6862955070505,3,1.00169614840232,0.95169614840232,309.773101901274,294.809867958081
9.23,100,0,4152.34893898371,85.731471841293,3,1.00170052558525,0.951700525585246,309.712633951427,294.753676511964
9.24,100,0,4154.14686381318,85.7766283197932,3,1.00170490093804,0.951704900938043,309.652204070225,294.6975201999
9.25,100,0,4155.94365336623,85.8217649484538,3,1.00170927446124,0.951709274461237,309.591812232048,294.641398998502
9.26,100,0,4157.7393084118,85.8668817331777,3,1.00171364615536,0.951713646155357,309.531458411297,294.585312884401
9.27,100,0,4159.53382971821,85.9119786798687,3,1.00171801602093,0.951718016020928,309.471142582388,294.52926183424
9.28,100,0,4161.32721805321,85.9570557944315,3,1.00172238405848,0.951722384058477,309.410864719762,294.473245824687
9.29,100,0,4163.11947418394,86.0021130827713,3,1.00172675026853,0.951726750268531,309.350624797877,294.417264832423
9.3,100,0,4164.91059887695,86.0471505507938,3,1.00173111465162,0.951731114651617,309.290422791209,294.361318834147
9.31,100,0,4166.70059289819,86.0921682044057,3,1.00173547720826,0.951735477208261,309.230258674256,294.305407806577
9.32,100,0,4168.48945701302,86.1371660495143,3,1.00173983793899,0.95173983793899,309.170132421535,294.249531726448
9.33,100,0,4170.27719198622,86.1821440920275,3,1.00174419684433,0.951744196844329,309.110044007583,294.193690570512
9.34,100,0,4172.06379858195,86.2271023378538,3,1.00174855392481,0.951748553924806,309.049993406953,294.137884315538
9.35,100,0,4173.84927756381,86.2720407929027,3,1.00175290918095,0.951752909180947,308.989980594221,294.082112938315
9.36,100,0,4175.63362969479,86.3169594630841,3,1.00175726261328,0.951757262613278,308.930005543982,294.026376415645
9.37,100,0,4177.41685573729,86.3618583543085,3,1.00176161422232,0.951761614222324,308.870068230848,293.970674724352
9.38,100,0,4179.19895645313,86.4067374724874,3,1.00176596400861,0.951765964008613,308.810168629454,293.915007841275
9.39,100,0,4180.97993260353,86.4515968235327,3,1.00177031197267,0.95177031197267,308.750306714451,293.85937574327
9.4,100,0,4182.75978494912,86.496436413357,3,1.00177465811502,0.951774658115022,308.690482460509,293.803778407212
9.41,100,0,4184.53851424996,86.5412562478737,3,1.00177900243619,0.951779002436194,308.630695842322,293.748215809993
9.42,100,0,4186.31612126551,86.5860563329967,3,1.00178334493671,0.951783344936712,308.570946834598,293.692687928522
9.43,100,0,4188.09260675463,86.6308366746407,3,1.0017876856171,0.951787685617101,308.511235412067,293.637194739724
9.44,100,0,4189.86797147562,86.6755972787208,3,1.00179202447789,0.951792024477889,308.451561549477,293.581736220543
9.45,100,0,4191.64221618618,86.7203381511532,3,1.0017963615196,0.9517963615196,308.391925221598,293.526312347941
9.46,100,0,4193.41534164342,86.7650592978543,3,1.00180069674276,0.95180069674276,308.332326403213,293.470923098894
9.47,100,0,4195.18734860388,86.8097607247414,3,1.00180503014789,0.951805030147895,308.272765069132,293.4155684504
9.48,100,0,4196.95823782351,86.8544424377323,3,1.00180936173553,0.951809361735529,308.213241194179,293.36024837947
9.49,100,0,4198.72801005766,86.8991044427458,3,1.00181369150619,0.95181369150619,308.153754753198,293.304962863134
9.5,100,0,4200.49666606113,86.9437467457008,3,1.0018180194604,0.951818019460402,308.094305721052,293.249711878439
9.51,100,0,4202.26420658811,86.9883693525173,3,1.00182234559869,0.95182234559869,308.034894072625,293.19449540245
9.52,100,0,4204.03063239221,87.0329722691157,3,1.00182666992158,0.95182666992158,307.975519782819,293.139313412248
9.53,100,0,4205.79594422649,87.0775555014171,3,1.0018309924296,0.951830992429596,307.916182826554,293.084165884932
9.54,100,0,4207.56014284339,87.1221190553433,3,1.00183531312327,0.951835313123266,307.856883178771,293.029052797618
9.55,100,0,4209.32322899479,87.1666629368166,3,1.00183963200311,0.951839632003112,307.797620814428,292.973974127439
9.56,100,0,4211.08520343199,87.21118715176,3,1.00184394906966,0.951843949069661,307.738395708503,292.918929851544
9.57,100,0,4212.8460669057,87.2556917060972,3,1.00184826432344,0.951848264323437,307.679207835992,292.863919947099
9.58,100,0,4214.60582016607,87.3001766057525,3,1.00185257776497,0.951852577764966,307.620057171913,292.808944391292
9.59,100,0,4216.36446396266,87.3446418566506,3,1.00185688939477,0.951856889394772,307.560943691299,292.754003161321
9.6,100,0,4218.12199904446,87.3890874647172,3,1.00186119921338,0.95186119921338,307.501867369205,292.699096234405
9.61,100,0,4219.87842615988,87.4335134358784,3,1.00186550722132,0.951865507221315,307.442828180703,292.644223587781
9.62,100,0,4221.63374605675,87.4779197760609,3,1.0018698134191,0.951869813419102,307.383826100885,292.589385198699
9.63,100,0,4223.38795948232,87.5223064911921,3,1.00187411780727,0.951874117807266,307.324861104861,292.53458104443
9.64,100,0,4225.14106718329,87.5666735872,3,1.00187842038633,0.95187842038633,307.265933167761,292.47981110226
9.65,100,0,4226.89306990576,87.6110210700131,3,1.00188272115682,0.95188272115682,307.207042264734,292.425075349493
9.66,100,0,4228.64396839526,87.6553489455608,3,1.00188702011926,0.95188702011926,307.148188370945,292.370373763448
9.67,100,0,4230.39376339677,87.6996572197728,3,1.00189131727418,0.951891317274175,307.089371461581,292.315706321462
9.68,100,0,4232.14245565467,87.7439458985795,3,1.00189561262209,0.951895612622089,307.030591511846,292.261073000891
9.69,100,0,4233.89004591278,87.788214987912,3,1.00189990616353,0.951899906163526,306.971848496964,292.206473779104
9.7,100,0,4235.63653491435,87.8324644937019,3,1.00190419789901,0.951904197899011,306.913142392178,292.151908633491
9.71,100,0,4237.38192340205,87.8766944218815,3,1.00190848782907,0.951908487829068,306.854473172747,292.097377541455
9.72,100,0,4239.12621211799,87.9209047783835,3,1.00191277595422,0.951912775954222,306.795840813952,292.042880480418
9.73,100,0,4240.8694018037,87.9650955691414,3,1.001917062275,0.951917062274995,306.73724529109,291.988417427819
9.74,100,0,4242.61149320016,88.0092668000893,3,1.00192134679191,0.951921346791913,306.678686579479,291.933988361113
9.75,100,0,4244.35248704776,88.0534184771616,3,1.0019256295055,0.9519256295055,306.620164654456,291.879593257773
9.76,100,0,4246.09238408634,88.0975506062938,3,1.00192991041628,0.951929910416279,306.561679491372,291.825232095286
9.77,100,0,4247.83118505516,88.1416631934214,3,1.00193418952477,0.951934189524774,306.503231065604,291.77090485116
9.78,100,0,4249.56889069291,88.185756244481,3,1.00193846683151,0.95193846683151,306.44481935254,291.716611502916
9.79,100,0,4251.30550173772,88.2298297654094,3,1.00194274233701,0.95194274233701,306.386444327592,291.662352028094
9.8,100,0,4253.04101892717,88.2738837621443,3,1.0019470160418,0.951947016041798,306.32810596619,291.60812640425
9.81,100,0,4254.77544299825,88.3179182406237,3,1.0019512879464,0.951951287946397,306.269804243778,291.553934608955
9.82,100,0,4256.50877468739,88.3619332067864,3,1.00195555805133,0.951955558051332,306.211539135825,291.499776619801
9.83,100,0,4258.24101473046,88.4059286665715,3,1.00195982635713,0.951959826357126,306.153310617812,291.445652414391
9.84,100,0,4259.97216386278,88.449904625919,3,1.0019640928643,0.951964092864303,306.095118665244,291.39156197035
9.85,100,0,4261.70222281909,88.4938610907694,3,1.00196835757338,0.951968357573385,306.036963253643,291.337505265317
9.86,100,0,4263.43119233356,88.5377980670634,3,1.0019726204849,0.951972620484897,305.978844358548,291.283482276947
9.87,100,0,4265.15907313983,88.5817155607429,3,1.00197688159936,0.951976881599362,305.920761955517,291.229492982914
9.88,100,0,4266.88586597095,88.6256135777497,3,1.0019811409173,0.951981140917303,305.862716020127,291.175537360906
9.89,100,0,4268.61157155941,88.6694921240267,3,1.00198539843924,0.951985398439244,305.804706527974,291.121615388629
9.9,100,0,4270.33619063716,88.713351205517,3,1.00198965416571,0.951989654165708,305.74673345467,291.067727043806
9.91,100,0,4272.05972393557,88.7571908281646,3,1.00199390809722,0.951993908097218,305.688796775848,291.013872304176
9.92,100,0,4273.78217218546,88.8010109979136,3,1.0019981602343,0.951998160234298,305.630896467158,290.960051147494
9.93,100,0,4275.5035361171,88.8448117207091,3,1.00200241057747,0.95200241057747,305.573032504269,290.906263551531
9.94,100,0,4277.22381646018,88.8885930024964,3,1.00200665912726,0.952006659127257,305.515204862866,290.852509494077
9.95,100,0,4278.94301394385,88.9323548492218,3,1.00201090588418,0.952010905884183,305.457413518658,290.798788952937
9.96,100,0,4280.66112929671,88.9760972668315,3,1.00201515084877,0.952015150848771,305.399658447366,290.745101905932
9.97,100,0,4282.37816324677,89.0198202612729,3,1.00201939402154,0.952019394021543,305.341939624732,290.6914483309
9.98,100,0,4284.09411652152,89.0635238384935,3,1.00202363540302,0.952023635403022,305.284257026517,290.637828205695
9.99,100,0,4285.80898984787,89.1072080044414,3,1.00202787499373,0.952027874993732,305.226610628499,290.584241508189
10,100,0,4287.5227839522,89.1508727650656,3,1.00203211279419,0.952032112794194,305.169000406474,290.530688216268
10.01,100,0,4289.23549956032,89.1945181263152,3,1.00203634880493,0.952036348804932,305.111426336259,290.477168307837
10.02,100,0,4290.94713739747,89.23814409414,3,1.00204058302647,0.952040583026469,305.053888393684,290.423681760814
10.03,100,0,4292.65769818838,89.2817506744903,3,1.00204481545933,0.952044815459326,304.996386554602,290.370228553137
10.04,100,0,4294.36718265718,89.3253378733171,3,1.00204904610403,0.952049046104027,304.938920794882,290.316808662759
10.05,100,0,4296.07559152748,89.3689056965717,3,1.00205327496109,0.952053274961094,304.881491090412,290.263422067648
10.06,100,0,4297.78292552234,89.412454150206,3,1.00205750203105,0.95205750203105,304.824097417097,290.210068745791
10.07,100,0,4299.48918536423,89.4559832401726,3,1.00206172731442,0.952061727314417,304.766739750861,290.156748675188
10.08,100,0,4301.19437177512,89.4994929724242,3,1.00206595081172,0.952065950811717,304.709418067645,290.103461833857
10.09,100,0,4302.8984854764,89.5429833529146,3,1.00207017252347,0.952070172523473,304.65213234341,290.050208199834
10.1,100,0,4304.60152718892,89.5864543875976,3,1.00207439245021,0.952074392450206,304.594882554133,289.996987751168
10.11,100,0,4306.30349763298,89.6299060824278,3,1.00207861059244,0.952078610592441,304.537668675811,289.943800465927
10.12,100,0,4308.00439752832,89.6733384433602,3,1.0020828269507,0.952082826950698,304.480490684457,289.890646322194
10.13,100,0,4309.70422759415,89.7167514763504,3,1.0020870415255,0.952087041525499,304.423348556104,289.837525298067
10.14,100,0,4311.40298854913,89.7601451873545,3,1.00209125431737,0.952091254317367,304.366242266802,289.784437371664
10.15,100,0,4313.10068111136,89.8035195823289,3,1.00209546532682,0.952095465326824,304.309171792618,289.731382521113
10.16,100,0,4314.79730599841,89.8468746672308,3,1.00209967455439,0.952099674554392,304.252137109639,289.678360724565
10.17,100,0,4316.4928639273,89.8902104480178,3,1.00210388200059,0.952103882000593,304.195138193967,289.625371960183
10.18,100,0,4318.18735561449,89.9335269306479,3,1.00210808766595,0.952108087665949,304.138175021726,289.572416206148
10.19,100,0,4319.88078177591,89.9768241210797,3,1.00211229155098,0.952112291550981,304.081247569056,289.519493440655
10.2,100,0,4321.57314312694,90.0201020252723,3,1.00211649365621,0.952116493656211,304.024355812112,289.466603641917
10.21,100,0,4323.26444038244,90.0633606491853,3,1.00212069398216,0.952120693982162,303.967499727072,289.413746788163
10.22,100,0,4324.95467425668,90.1065999987787,3,1.00212489252936,0.952124892529355,303.910679290128,289.360922857636
10.23,100,0,4326.64384546343,90.149820080013,3,1.00212908929831,0.952129089298312,303.853894477491,289.308131828599
10.24,100,0,4328.33195471589,90.1930208988494,3,1.00213328428955,0.952133284289554,303.797145265391,289.255373679327
10.25,100,0,4330.01900272674,90.2362024612494,3,1.0021374775036,0.952137477503603,303.740431630073,289.202648388113
10.26,100,0,4331.70499020811,90.2793647731749,3,1.00214166894098,0.95214166894098,303.683753547803,289.149955933266
10.27,100,0,4333.38991787158,90.3225078405884,3,1.00214585860221,0.952145858602208,303.627110994864,289.097296293113
10.28,100,0,4335.07378642821,90.3656316694531,3,1.00215004648781,0.952150046487807,303.570503947555,289.044669445991
10.29,100,0,4336.7565965885,90.4087362657321,3,1.0021542325983,0.952154232598299,303.513932382194,288.992075370259
10.3,100,0,4338.43834906243,90.4518216353897,3,1.0021584169342,0.952158416934205,303.457396275116,288.93951404429
10.31,100,0,4340.11904455942,90.49488778439,3,1.00216259949605,0.952162599496047,303.400895602674,288.88698544647
10.32,100,0,4341.79868378837,90.5379347186981,3,1.00216678028435,0.952166780284345,303.344430341241,288.834489555208
10.33,100,0,4343.47726745764,90.5809624442792,3,1.00217095929962,0.952170959299622,303.288000467203,288.782026348921
10.34,100,0,4345.15479627505,90.6239709670992,3,1.0021751365424,0.952175136542399,303.231605956969,288.729595806048
10.35,100,0,4346.83127094789,90.6669602931244,3,1.0021793120132,0.952179312013195,303.175246786961,288.677197905039
10.36,100,0,4348.50669218289,90.7099304283215,3,1.00218348571253,0.952183485712534,303.118922933621,288.624832624364
10.37,100,0,4350.18106068628,90.7528813786576,3,1.00218765764094,0.952187657640935,303.062634373408,288.572499942506
10.38,100,0,4351.85437716373,90.7958131501006,3,1.00219182779892,0.95219182779892,303.006381082799,288.520199837967
10.39,100,0,4353.52664232038,90.8387257486184,3,1.00219599618701,0.95219599618701,302.95016303829,288.467932289261
10.4,100,0,4355.19785686085,90.8816191801797,3,1.00220016280573,0.952200162805726,302.893980216389,288.41569727492
10.41,100,0,4356.86802148922,90.9244934507535,3,1.00220432765559,0.952204327655588,302.837832593627,288.36349477349
10.42,100,0,4358.53713690902,90.9673485663094,3,1.00220849073712,0.952208490737118,302.781720146552,288.311324763537
10.43,100,0,4360.20520382327,91.0101845328171,3,1.00221265205084,0.952212652050835,302.725642851727,288.259187223637
10.44,100,0,4361.87222293445,91.0530013562471,3,1.00221681159726,0.952216811597262,302.669600685736,288.207082132388
10.45,100,0,4363.5381949445,91.0957990425702,3,1.00222096937692,0.952220969376919,302.613593625177,288.155009468399
10.46,100,0,4365.20312055486,91.1385775977577,3,1.00222512539033,0.952225125390326,302.557621646666,288.102969210295
10.47,100,0,4366.8670004664,91.1813370277813,3,1.002229279638,0.952229279638004,302.501684726839,288.050961336721
10.48,100,0,4368.52983537949,91.2240773386131,3,1.00223343212047,0.952233432120474,302.445782842347,287.998985826331
10.49,100,0,4370.19162599394,91.2667985362257,3,1.00223758283826,0.952237582838257,302.389915969859,287.947042657802
10.5,100,0,4371.85237300908,91.3095006265921,3,1.00224173179187,0.952241731791871,302.33408408606,287.895131809819
10.51,100,0,4373.51207712366,91.3521836156858,3,1.00224587898184,0.95224587898184,302.278287167657,287.843253261091
10.52,100,0,4375.17073903593,91.3948475094806,3,1.00225002440868,0.952250024408682,302.22252519137,287.791406990335
10.53,100,0,4376.82835944361,91.4374923139509,3,1.00225416807292,0.952254168072918,302.166798133937,287.739592976289
10.54,100,0,4378.48493904389,91.4801180350713,3,1.00225830997507,0.952258309975068,302.111105972114,287.687811197704
10.55,100,0,4380.14047853344,91.5227246788171,3,1.00226245011565,0.952262450115654,302.055448682675,287.636061633347
10.56,100,0,4381.79497860839,91.5653122511638,3,1.00226658849519,0.952266588495194,301.999826242408,287.584344261999
10.57,100,0,4383.44843996436,91.6078807580873,3,1.00227072511421,0.95227072511421,301.944238628125,287.532659062463
10.58,100,0,4385.10086329645,91.6504302055641,3,1.00227485997322,0.95227485997322,301.888685816649,287.481006013549
10.59,100,0,4386.7522492992,91.6929605995711,3,1.00227899307275,0.952278993072747,301.833167784822,287.429385094087
10.6,100,0,4388.40259866668,91.7354719460854,3,1.00228312441331,0.952283124413309,301.777684509503,287.377796282924
10.61,100,0,4390.05191209238,91.7779642510847,3,1.00228725399543,0.952287253995427,301.722235967571,287.326239558919
10.62,100,0,4391.70019026932,91.8204375205471,3,1.00229138181962,0.952291381819621,301.666822135917,287.274714900947
10.63,100,0,4393.34743388997,91.862891760451,3,1.00229550788641,0.952295507886411,301.611442991456,287.223222287902
10.64,100,0,4394.99364364627,91.9053269767753,3,1.00229963219632,0.952299632196316,301.556098511113,287.171761698689
10.65,100,0,4396.63882022966,91.9477431754993,3,1.00230375474986,0.952303754749857,301.500788671835,287.120333112232
10.66,100,0,4398.28296433104,91.9901403626026,3,1.00230787554755,0.952307875547553,301.445513450585,287.068936507468
10.67,100,0,4399.92607664082,92.0325185440654,3,1.00231199458992,0.952311994589925,301.390272824341,287.01757186335
10.68,100,0,4401.55615873295,92.0748770983065,3,1.00231624054381,0.952316240543809,301.324673547767,286.9563802961
10.69,100,0,4403.16515827575,92.1172131149377,3,1.00232069834892,0.952320698348919,301.241862878001,286.878861227907
10.7,100,0,4404.75991850354,92.1595240607967,3,1.00232529301161,0.952325293011605,301.147907277812,286.790769038174
10.71,100,0,4406.34493886034,92.2018083076591,3,1.00232997526196,0.952329975261964,301.046790799592,286.695882834869
10.72,100,0,4407.92312722122,92.2440648112318,3,1.00233471327428,0.952334713274284,300.941085531224,286.59664240183
10.73,100,0,4409.49636374721,92.286292904249,3,1.00233948648338,0.952339486483384,300.832452413073,286.494623248602
10.74,100,0,4411.06586478277,92.3284921629489,3,1.00234428159527,0.952344281595267,300.721964339289,286.390843088618
10.75,100,0,4412.63241775257,92.3706623208896,3,1.00234909001282,0.95234909001282,300.610314591625,286.285959549802
10.76,100,0,4414.19653283158,92.412803213305,3,1.00235390617411,0.952353906174107,300.497951316148,286.180397733251
10.77,100,0,4415.7585409103,92.4549147411667,3,1.00235872647937,0.952358726479372,300.385164304659,286.074432530482
10.78,100,0,4417.31865689549,92.4969968479635,3,1.0023635485979,0.952363548597895,300.272141014281,285.968241761448
10.79,100,0,4418.87702062869,92.5390495046932,3,1.00236837102007,0.952368371020069,300.159002742409,285.861940488796
10.8,100,0,4420.43372334766,92.5810727001575,3,1.00237319276779,0.952373192767793,300.045827995929,285.755603185139
10.81,100,0,4421.98882480584,92.623066434684,3,1.00237801320717,0.952378013207172,299.932667594016,285.649278059116
10.82,100,0,4423.54236435273,92.6650307160626,3,1.00238283192731,0.95238283192731,299.819554432692,285.542996317791
10.83,100,0,4425.09436810867,92.7069655569149,3,1.00238764866185,0.952387648661853,299.706509800708,285.436778157747
10.84,100,0,4426.64485361272,92.7488709729905,3,1.00239246323818,0.952392463238176,299.593547466528,285.33063664191
10.85,100,0,4428.19383283486,92.7907469820621,3,1.00239727554445,0.952397275544454,299.480676324144,285.224580209325
10.86,100,0,4429.74131412903,92.83259360321,3,1.00240208550833,0.952402085508326,299.367902106674,285.118614300648
10.87,100,0,4431.28730349995,92.8744108563574,3,1.00240689308305,0.952406893083054,299.255228496667,285.01274241137
10.88,100,0,4432.83180542523,92.9161987619696,3,1.00241169823854,0.952411698238544,299.142657845842,284.90696677455
10.89,100,0,4434.37482338913,92.957957340858,3,1.00241650095552,0.952416500955518,299.030191641839,284.801288803578
10.9,100,0,4435.91636022917,92.9996866140531,3,1.00242130122173,0.952421301221729,298.917830811044,284.695709379431
10.91,100,0,4437.4564183614,93.0413866027223,3,1.00242609902951,0.952426099029507,298.805575915144,284.590229037126
10.92,100,0,4438.99499992686,93.0830573281157,3,1.00243089437416,0.952430894374157,298.693427278774,284.484848086805
10.93,100,0,4440.53210688679,93.124698811532,3,1.00243568725292,0.952435687252919,298.581385072417,284.379566692376
10.94,100,0,4442.06774108456,93.1663110742949,3,1.0024404776643,0.952440477664299,298.469449366306,284.274384922644
10.95,100,0,4443.60190428607,93.2078941377394,3,1.00244526560762,0.952445265607623,298.357620165461,284.16930278455
10.96,100,0,4445.13459820598,93.2494480232011,3,1.00245005108275,0.952450051082752,298.245897432477,284.064320244784
10.97,100,0,4446.66582452481,93.2909727520107,3,1.0024548340899,0.9524548340899,298.13428110236,283.95943724386
10.98,100,0,4448.19558490012,93.3324683454897,3,1.0024596146295,0.952459614629505,298.022771092183,283.854653705277
10.99,100,0,4449.72388097376,93.3739348249478,3,1.00246439270216,0.952464392702156,297.911367307372,283.749969541485
11,100,0,4451.25071437664,93.415372211681,3,1.00246916830854,0.952469168308539,297.80006964581,283.64538465777
11.01,100,0,4452.7760867318,93.4567805269706,3,1.0024739414494,0.952473941449403,297.688878000503,283.540898954789
11.02,100,0,4454.29999965646,93.4981597920828,3,1.00247871212554,0.952478712125538,297.577792261323,283.436512330226
11.03,100,0,4455.82245476334,93.5395100282676,3,1.00248348033776,0.952483480337764,297.466812316149,283.332224679866
11.04,100,0,4457.34345366149,93.5808312567588,3,1.00248824608691,0.952488246086914,297.355938051601,283.228035898299
11.05,100,0,4458.86299795692,93.6221234987741,3,1.00249300937384,0.952493009373838,297.245169353533,283.123945879383
11.06,100,0,4460.38108925289,93.6633867755145,3,1.00249777019939,0.952497770199388,297.134506107341,283.019954516539
11.07,100,0,4461.89772915024,93.7046211081645,3,1.00250252856443,0.952502528564426,297.023948198178,282.916061702953
11.08,100,0,4463.41291924748,93.7458265178919,3,1.00250728446981,0.952507284469815,296.913495511078,282.812267331697
11.09,100,0,4464.92666114095,93.7870030258481,3,1.00251203791642,0.952512037916418,296.803147931059,282.708571295821
11.1,100,0,4466.43895642484,93.8281506531677,3,1.0025167889051,0.952516788905104,296.692905343166,282.604973488399
11.11,100,0,4467.94980669128,93.8692694209686,3,1.00252153743674,0.95252153743674,296.582767632517,282.501473802569
11.12,100,0,4469.45921353035,93.9103593503522,3,1.00252628351219,0.952526283512194,296.472734684327,282.398072131559
11.13,100,0,4470.96717853012,93.9514204624032,3,1.00253102713234,0.952531027132335,296.362806383923,282.2947683687
11.14,100,0,4472.47370327662,93.9924527781897,3,1.00253576829803,0.952535768298032,296.252982616754,282.191562407434
11.15,100,0,4473.97878935391,94.0334563187632,3,1.00254050701015,0.952540507010153,296.143263268397,282.08845414132
11.16,100,0,4475.48243834406,94.0744311051586,3,1.00254524326957,0.952545243269569,296.033648224564,281.985443464045
11.17,100,0,4476.98465182714,94.1153771583941,3,1.00254997707715,0.952549977077148,295.924137371101,281.882530269417
11.18,100,0,4478.48543138126,94.1562944994716,3,1.00255470843376,0.95255470843376,295.814730593997,281.779714451376
11.19,100,0,4479.98477858256,94.1971831493763,3,1.00255943734027,0.952559437340273,295.705427779375,281.676995903986
11.2,100,0,4481.48269500518,94.2380431290767,3,1.00256416379756,0.952564163797559,295.5962288135,281.574374521443
11.21,100,0,4482.97918222133,94.2788744595251,3,1.00256888780649,0.952568887806486,295.487133582777,281.471850198072
11.22,100,0,4484.47424180125,94.319677161657,3,1.00257360936792,0.952573609367924,295.378141973754,281.36942282833
11.23,100,0,4485.9678753132,94.3604512563916,3,1.00257832848274,0.952578328482742,295.269253873115,281.267092306799
11.24,100,0,4487.46008432349,94.4011967646315,3,1.00258304515181,0.952583045151809,295.160469167688,281.164858528193
11.25,100,0,4488.9508703965,94.4419137072629,3,1.002587759376,0.952587759375997,295.051787744438,281.062721387357
11.26,100,0,4490.44023509463,94.4826021051556,3,1.00259247115617,0.952592471156174,294.943209490475,280.960680779264
11.27,100,0,4491.92817997834,94.5232619791628,3,1.00259718049321,0.952597180493209,294.834734293044,280.858736599019
11.28,100,0,4493.41470660615,94.5638933501214,3,1.00260188738797,0.952601887387973,294.726362039533,280.75688874185
11.29,100,0,4494.89981653464,94.604496238852,3,1.00260659184133,0.952606591841335,294.618092617468,280.655137103121
11.3,100,0,4496.38351131843,94.6450706661584,3,1.00261129385416,0.952611293854164,294.509925914518,280.553481578323
11.31,100,0,4497.86579251023,94.6856166528285,3,1.00261599342733,0.952615993427332,294.401861818486,280.451922063073
11.32,100,0,4499.34666166079,94.7261342196335,3,1.00262069056171,0.952620690561707,294.293900217319,280.350458453121
11.33,100,0,4500.82612031894,94.7666233873285,3,1.00262538525816,0.952625385258158,294.186040999101,280.249090644341
11.34,100,0,4502.30417003158,94.8070841766522,3,1.00263007751756,0.952630077517556,294.078284052053,280.147818532737
11.35,100,0,4503.78081234368,94.8475166083267,3,1.00263476734077,0.952634767340771,293.970629264538,280.046642014444
11.36,100,0,4505.2560487983,94.8879207030582,3,1.00263945472867,0.952639454728673,293.863076525056,279.94556098572
11.37,100,0,4506.72988093655,94.9282964815363,3,1.00264413968213,0.95264413968213,293.755625722246,279.844575342955
11.38,100,0,4508.20231029765,94.9686439644346,3,1.00264882220201,0.952648822202014,293.648276744882,279.743684982662
11.39,100,0,4509.67333841888,95.0089631724101,3,1.00265350228919,0.952653502289193,293.541029481879,279.642889801487
11.4,100,0,4511.14296683563,95.049254126104,3,1.00265817994454,0.952658179944538,293.433883822289,279.542189696198
11.41,100,0,4512.61119708137,95.0895168461407,3,1.00266285516892,0.952662855168919,293.326839655301,279.441584563694
11.42,100,0,4514.07803068764,95.129751353129,3,1.00266752796321,0.952667527963205,293.219896870241,279.341074300999
11.43,100,0,4515.54346918411,95.1699576676609,3,1.00267219832827,0.952672198328267,293.113055356574,279.240658805262
11.44,100,0,4517.00751409853,95.2101358103126,3,1.00267686626497,0.952676866264974,293.0063150039,279.140337973763
11.45,100,0,4518.47016695675,95.250285801644,3,1.0026815317742,0.952681531774197,292.899675701955,279.040111703904
11.46,100,0,4519.93142928271,95.2904076621989,3,1.0026861948568,0.952686194856805,292.793137340614,278.939979893215
11.47,100,0,4521.39130259849,95.3305014125049,3,1.00269085551367,0.952690855513668,292.686699809887,278.839942439353
11.48,100,0,4522.84978842423,95.3705670730734,3,1.00269551374566,0.952695513745657,292.580362999919,278.739999240099
11.49,100,0,4524.30688827823,95.4106046643998,3,1.00270016955364,0.952700169553641,292.474126800995,278.640150193361
11.5,100,0,4525.76260367687,95.4506142069633,3,1.00270482293849,0.95270482293849,292.367991103531,278.540395197172
11.51,100,0,4527.21693613464,95.490595721227,3,1.00270947390108,0.952709473901075,292.261955798081,278.440734149689
11.52,100,0,4528.66988716419,95.5305492276381,3,1.00271412244227,0.952714122442266,292.156020775334,278.341166949197
11.53,100,0,4530.12145827624,95.5704747466276,3,1.00271876856293,0.952718768562932,292.050185926115,278.241693494103
11.54,100,0,4531.57165097966,95.6103722986104,3,1.00272341226394,0.952723412263945,291.944451141381,278.142313682941
11.55,100,0,4533.02046678145,95.6502419039854,3,1.00272805354617,0.952728053546173,291.838816312229,278.043027414369
11.56,100,0,4534.46790718673,95.6900835831355,3,1.00273269241049,0.952732692410487,291.733281329886,277.943834587168
11.57,100,0,4535.91397369875,95.7298973564277,3,1.00273732885776,0.952737328857758,291.627846085715,277.844735100246
11.58,100,0,4537.35866781889,95.7696832442129,3,1.00274196288885,0.952741962888855,291.522510471216,277.745728852633
11.59,100,0,4538.80199104668,95.8094412668259,3,1.00274659450465,0.952746594504649,291.417274378019,277.646815743485
11.6,100,0,4540.24394487977,95.8491714445858,3,1.00275122370601,0.95275122370601,291.31213769789,277.547995672078
11.61,100,0,4541.68453081398,95.8888737977955,3,1.00275585049381,0.952755850493808,291.207100322728,277.449268537816
11.62,100,0,4543.12375034324,95.9285483467422,3,1.00276047486891,0.952760474868914,291.102162144565,277.350634240223
11.63,100,0,4544.56160495965,95.968195111697,3,1.0027650968322,0.952765096832197,290.99732305557,277.25209267895
11.64,100,0,4545.99809615344,96.0078141129152,3,1.00276971638453,0.952769716384529,290.892582948039,277.153643753766
11.65,100,0,4547.43322541302,96.047405370636,3,1.00277433352678,0.952774333526779,290.787941714407,277.055287364568
11.66,100,0,4548.86699422493,96.0869689050831,3,1.00277894825982,0.952778948259818,290.683399247238,276.957023411372
11.67,100,0,4550.29940407387,96.1265047364639,3,1.00278356058452,0.952783560584516,290.578955439232,276.858851794321
11.68,100,0,4551.73045644271,96.1660128849703,3,1.00278817050174,0.952788170501743,290.474610183217,276.760772413675
11.69,100,0,4553.16015281247,96.2054933707781,3,1.00279277801237,0.95279277801237,290.370363372158,276.66278516982
11.7,100,0,4554.58849466235,96.2449462140476,3,1.00279738311727,0.952797383117268,290.266214899147,276.564889963262
11.71,100,0,4556.01548346969,96.2843714349229,3,1.00280198581731,0.952801985817306,290.162164657413,276.467086694632
11.72,100,0,4557.44112071003,96.3237690535325,3,1.00280658611336,0.952806586113356,290.058212540314,276.369375264678
11.73,100,0,4558.86540785706,96.3631390899892,3,1.00281118400629,0.952811184006287,289.954358441339,276.271755574276
11.74,100,0,4560.28834638266,96.4024815643899,3,1.00281577949697,0.952815779496971,289.85060225411,276.174227524416
11.75,100,0,4561.70993775687,96.4417964968158,3,1.00282037258628,0.952820372586277,289.746943872381,276.076791016217
11.76,100,0,4563.13018344793,96.4810839073323,3,1.00282496327508,0.952824963275076,289.643383190033,275.979445950912
11.77,100,0,4564.54908492224,96.5203438159891,3,1.00282955156424,0.95282955156424,289.539920101081,275.882192229859
11.78,100,0,4565.9666436444,96.5595762428204,3,1.00283413745464,0.952834137454637,289.43655449967,275.785029754535
11.79,100,0,4567.3828610772,96.5987812078442,3,1.00283872094714,0.952838720947139,289.333286280078,275.687958426542
11.8,100,0,4568.7977386816,96.6379587310634,3,1.00284330204262,0.952843302042617,289.230115336708,275.590978147596
11.81,100,0,4570.21127791678,96.6771088324648,3,1.00284788074194,0.952847880741941,289.127041564098,275.494088819538
11.82,100,0,4571.62348024008,96.7162315320197,3,1.00285245704598,0.952852457045982,289.024064856912,275.397290344325
11.83,100,0,4573.03434710707,96.7553268496837,3,1.00285703095561,0.95285703095561,288.921185109947,275.30058262404
11.84,100,0,4574.44387997149,96.794394805397,3,1.0028616024717,0.952861602471696,288.818402218127,275.203965560879
11.85,100,0,4575.85208028532,96.8334354190838,3,1.00286617159511,0.952866171595111,288.715716076507,275.107439057162
11.86,100,0,4577.2589494987,96.872448710653,3,1.00287073832673,0.952870738326726,288.613126580272,275.011003015328
11.87,100,0,4578.66448906001,96.9114346999978,3,1.00287530266741,0.95287530266741,288.510633624733,274.914657337934
11.88,100,0,4580.06870041582,96.9503934069959,3,1.00287986461804,0.952879864618036,288.408237105334,274.818401927657
11.89,100,0,4581.47158501093,96.9893248515092,3,1.00288442417947,0.952884424179473,288.305936917644,274.722236687292
11.9,100,0,4582.87314428834,97.0282290533844,3,1.00288898135259,0.952888981352593,288.203732957362,274.626161519755
11.91,100,0,4584.27337968926,97.0671060324523,3,1.00289353613827,0.952893536138266,288.101625120316,274.530176328079
11.92,100,0,4585.67229265315,97.1059558085286,3,1.00289808853736,0.952898088537363,287.99961330246,274.434281015414
11.93,100,0,4587.06988461766,97.1447784014131,3,1.00290263855075,0.952902638550755,287.89769739988,274.338475485032
11.94,100,0,4588.46615701867,97.1835738308902,3,1.00290718617931,0.952907186179312,287.795877308785,274.242759640321
11.95,100,0,4589.86111129031,97.2223421167291,3,1.00291173142391,0.952911731423907,287.694152925516,274.147133384787
11.96,100,0,4591.2547488649,97.2610832786832,3,1.00291627428541,0.952916274285408,287.592524146537,274.051596622055
11.97,100,0,4592.64707117304,97.2997973364906,3,1.00292081476469,0.952920814764689,287.490990868444,273.956149255866
11.98,100,0,4594.03807964351,97.3384843098738,3,1.00292535286262,0.952925352862618,287.389552987958,273.86079119008
11.99,100,0,4595.42777570336,97.3771442185402,3,1.00292988858007,0.952929888580068,287.288210401925,273.765522328673
12,100,0,4596.81616077788,97.4157770821815,3,1.00293442191791,0.952934421917909,287.18696300732,273.67034257574
12.01,100,0,4598.20323629059,97.454382920474,3,1.00293895287701,0.952938952877012,287.085810701244,273.575251835492
12.02,100,0,4599.58900366325,97.4929617530789,3,1.00294348145825,0.952943481458248,286.984753380928,273.480250012258
12.03,100,0,4600.97346431588,97.5315135996417,3,1.00294800766249,0.952948007662489,286.883790943721,273.385337010481
12.04,100,0,4602.35661966673,97.5700384797927,3,1.0029525314906,0.952952531490605,286.782923287105,273.290512734722
12.05,100,0,4603.73847113233,97.6085364131468,3,1.00295705294347,0.952957052943467,286.682150308685,273.19577708966
12.06,100,0,4605.11902012742,97.6470074193037,3,1.00296157202195,0.952961572021946,286.581471906194,273.10112998009
12.07,100,0,4606.49826806504,97.6854515178475,3,1.00296608872691,0.952966088726913,286.480887977489,273.006571310921
12.08,100,0,4607.87621635646,97.7238687283474,3,1.00297060305924,0.95297060305924,286.380398420551,272.912100987178
12.09,100,0,4609.25286641122,97.7622590703569,3,1.0029751150198,0.952975115019798,286.280003133491,272.817718914007
12.1,100,0,4610.62821963712,97.8006225634146,3,1.00297962460946,0.952979624609457,286.179702014539,272.723424996661
12.11,100,0,4612.00227744023,97.8389592270434,3,1.00298413182909,0.952984131829089,286.079494962052,272.629219140516
12.12,100,0,4613.37504122487,97.8772690807514,3,1.00298863667957,0.952988636679565,285.979381874516,272.535101251059
12.13,100,0,4614.74651239366,97.9155521440311,3,1.00299313916176,0.952993139161756,285.879362650534,272.441071233895
12.14,100,0,4616.11669234747,97.95380843636,3,1.00299763927653,0.952997639276534,285.77943718884,272.347128994741
12.15,100,0,4617.48558248545,97.9920379772004,3,1.00300213702477,0.953002137024769,285.679605388288,272.253274439431
12.16,100,0,4618.85318420503,98.0302407859991,3,1.00300663240733,0.953006632407332,285.57986714786,272.159507473915
12.17,100,0,4620.21949890191,98.0684168821882,3,1.0030111254251,0.953011125425096,285.480222366657,272.065828004255
12.18,100,0,4621.58452797008,98.1065662851841,3,1.00301561607893,0.953015616078931,285.380670943907,271.972235936626
12.19,100,0,4622.94827280181,98.1446890143886,3,1.00302010436971,0.953020104369708,285.28121277896,271.878731177321
12.2,100,0,4624.31073478767,98.1827850891878,3,1.0030245902983,0.953024590298299,285.181847771291,271.785313632746
12.21,100,0,4625.6719153165,98.220854528953,3,1.00302907386558,0.953029073865576,285.082575820497,271.691983209421
12.22,100,0,4627.03181577544,98.2588973530404,3,1.00303355507241,0.953033555072408,284.983396826297,271.598739813977
12.23,100,0,4628.39043754991,98.2969135807909,3,1.00303803391967,0.953038033919669,284.884310688536,271.505583353162
12.24,100,0,4629.74778202366,98.3349032315305,3,1.00304251040823,0.953042510408228,284.785317307179,271.412513733838
12.25,100,0,4631.1038505787,98.3728663245699,3,1.00304698453896,0.953046984538958,284.686416582315,271.319530862977
12.26,100,0,4632.45864459536,98.4108028792051,3,1.00305145631273,0.95305145631273,284.587608414152,271.226634647665
12.27,100,0,4633.81216545227,98.4487129147166,3,1.00305592573042,0.953055925730415,284.488892703026,271.133824995103
12.28,100,0,4635.16441452636,98.4865964503701,3,1.00306039279288,0.953060392792885,284.39026934939,271.041101812604
12.29,100,0,4636.51539319288,98.5244535054164,3,1.00306485750101,0.953064857501011,284.291738253822,270.948465007593
12.3,100,0,4637.86510282537,98.562284099091,3,1.00306931985566,0.953069319855664,284.193299317018,270.855914487608
12.31,100,0,4639.2135447957,98.6000882506145,3,1.00307377985772,0.953073779857716,284.094952439801,270.763450160299
12.32,100,0,4640.56072047405,98.6378659791927,3,1.00307823750804,0.953078237508039,283.996697523111,270.67107193343
12.33,100,0,4641.9066312289,98.6756173040162,3,1.0030826928075,0.953082692807503,283.89853446801,270.578779714874
12.34,100,0,4643.25127842708,98.7133422442608,3,1.00308714575698,0.953087145756981,283.800463175682,270.48657341262
12.35,100,0,4644.59466343371,98.7510408190871,3,1.00309159635734,0.953091596357344,283.702483547431,270.394452934765
12.36,100,0,4645.93678761226,98.788713047641,3,1.00309604460946,0.953096044609464,283.604595484683,270.302418189518
12.37,100,0,4647.2776523245,98.8263589490535,3,1.00310049051421,0.953100490514211,283.506798888982,270.210469085203
12.38,100,0,4648.61725893055,98.8639785424404,3,1.00310493407246,0.953104934072458,283.409093661996,270.118605530252
12.39,100,0,4649.95560878885,98.9015718469031,3,1.00310937528508,0.953109375285076,283.31147970551,270.026827433209
12.4,100,0,4651.29270325617,98.9391388815276,3,1.00311381415294,0.953113814152937,283.21395692143,269.93513470273
12.41,100,0,4652.62854368762,98.9766796653853,3,1.00311825067691,0.953118250676912,283.116525211783,269.84352724758
12.42,100,0,4653.96313143666,99.0141942175327,3,1.00312268485787,0.953122684857873,283.019184478713,269.752004976637
12.43,100,0,4655.29646785505,99.0516825570115,3,1.00312711669669,0.953127116696692,282.921934624489,269.660567798889
12.44,100,0,4656.62855429294,99.0891447028485,3,1.00313154619424,0.95313154619424,282.824775551491,269.569215623432
12.45,100,0,4657.9593920988,99.1265806740556,3,1.00313597335139,0.953135973351388,282.727707162227,269.477948359475
12.46,100,0,4659.28898261943,99.1639904896302,3,1.00314039816901,0.95314039816901,282.630729359318,269.386765916338
12.47,100,0,4660.61732720001,99.2013741685546,3,1.00314482064798,0.953144820647975,282.533842045507,269.295668203448
12.48,100,0,4661.94442718406,99.2387317297964,3,1.00314924078916,0.953149240789157,282.437045123654,269.204655130343
12.49,100,0,4663.27028391344,99.2760631923085,3,1.00315365859343,0.953153658593426,282.340338496739,269.113726606673
12.5,100,0,4664.59489872838,99.313368575029,3,1.00315807406165,0.953158074061654,282.243722067859,269.022882542193
12.51,100,0,4665.91827296746,99.3506478968813,3,1.00316248719471,0.953162487194714,282.147195740231,268.932122846773
12.52,100,0,4667.24040796762,99.3879011767739,3,1.00316689799348,0.953166897993476,282.050759417189,268.841447430386
12.53,100,0,4668.56130506417,99.4251284336009,3,1.00317130645881,0.953171306458813,281.954413002184,268.750856203119
12.54,100,0,4669.88096559078,99.4623296862414,3,1.0031757125916,0.953175712591596,281.858156398787,268.660349075167
12.55,100,0,4671.19939087948,99.49950495356,3,1.0031801163927,0.953180116392698,281.761989510683,268.569925956831
12.56,100,0,4672.51658226067,99.5366542544065,3,1.00318451786299,0.953184517862989,281.665912241682,268.479586758527
12.57,100,0,4673.83254106313,99.5737776076162,3,1.00318891700334,0.953188917003343,281.569924495701,268.38933139077
12.58,100,0,4675.14726861401,99.6108750320095,3,1.00319331381463,0.95319331381463,281.474026176783,268.299159764193
12.59,100,0,4676.46076623883,99.6479465463923,3,1.00319770829772,0.953197708297722,281.378217189083,268.209071789532
12.6,100,0,4677.77303526148,99.684992169556,3,1.00320210045349,0.953202100453491,281.282497436873,268.119067377631
12.61,100,0,4679.08407700426,99.7220119202772,3,1.00320649028281,0.95320649028281,281.186866824544,268.029146439444
12.62,100,0,4680.39389278781,99.7590058173179,3,1.00321087778655,0.95321087778655,281.091325256603,267.939308886031
12.63,100,0,4681.70248393119,99.7959738794257,3,1.00321526296558,0.953215262965583,280.995872637672,267.849554628561
12.64,100,0,4683.00985175182,99.8329161253333,3,1.00321964582078,0.95321964582078,280.90050887249,267.759883578312
12.65,100,0,4684.31599756554,99.8698325737592,3,1.00322402635301,0.953224026353014,280.805233865913,267.670295646665
12.66,100,0,4685.62092268654,99.9067232434072,3,1.00322840456316,0.953228404563157,280.710047522911,267.580790745112
12.67,100,0,4686.92462842744,99.9435881529664,3,1.00323278045208,0.95323278045208,280.614949748571,267.491368785251
12.68,100,0,4688.22711609923,99.9804273211117,3,1.00323715402066,0.953237154020656,280.519940448093,267.402029678784
12.69,100,0,4689.52838701131,100.017240766503,3,1.00324152526976,0.953241525269756,280.425019526798,267.312773337527
12.7,100,0,4690.82844247147,100.054028507787,3,1.00324589420025,0.953245894200253,280.330186890118,267.223599673394
12.71,100,0,4692.12728378592,100.090790563593,3,1.00325026081302,0.953250260813018,280.235442443598,267.134508598412
12.72,100,0,4693.42491225925,100.12752695254,3,1.00325462510892,0.953254625108924,280.140786092904,267.04550002471
12.73,100,0,4694.72132919447,100.164237693228,3,1.00325898708884,0.953258987088841,280.046217743814,266.956573864529
12.74,100,0,4696.01653589299,100.200922804247,3,1.00326334675364,0.953263346753644,279.951737302217,266.867730030208
12.75,100,0,4697.31053365465,100.237582304169,3,1.0032677041042,0.953267704104202,279.857344674123,266.7789684342
12.76,100,0,4698.60332377768,100.274216211553,3,1.00327205914139,0.953272059141389,279.763039765653,266.690288989058
12.77,100,0,4699.89490755872,100.310824544945,3,1.00327641186608,0.953276411866076,279.668822483041,266.601691607444
12.78,100,0,4701.18528629286,100.347407322874,3,1.00328076227914,0.953280762279136,279.574692732636,266.513176202123
12.79,100,0,4702.47446127358,100.383964563855,3,1.00328511038144,0.95328511038144,279.480650420902,266.424742685966
12.8,100,0,4703.76243379278,100.420496286391,4,1.32554918327918,1.27554918327918,991.760545166839,1265.03935339607
12.81,100,0,4422.75503480432,100.552397687713,4,1.25974209507408,1.20974209507408,840.095899920619,1016.29937403311
12.82,100,0,4208.059068923,100.657046424488,4,1.2025201559461,1.1525201559461,726.100796384304,836.845803081429
12.83,100,0,4040.78155684005,100.742107698763,4,1.15358496411542,1.10358496411542,643.471305100717,710.125257148878
12.84,100,0,3908.2983536455,100.813195898298,4,1.1118098396047,1.0618098396047,582.272956736442,618.263154798473
12.85,100,0,3802.45073764461,100.873910773351,4,1.07530016494239,1.02530016494239,532.704273300944,546.181779280972
12.86,100,0,3719.82276051096,100.92584428811,4,1.0415771628718,0.991577162871804,489.21649095266,485.095900128938
12.87,100,0,3656.04992639843,100.971038489985,4,1.01868566309296,0.968685663092963,453.649379330694,439.443649828664
12.88,100,0,3607.7027083717,101.011090226436,4,1.00450358920901,0.954503589209006,426.30145810637,406.906271847563
12.89,100,0,3571.27171243404,101.047581145491,4,1.002,0.952,401.911969773949,382.6201952248
12.9,100,0,3544.75455884625,101.081370124969,4,1.00166688616011,0.951666886160105,383.890577915661,365.3359509112
12.91,100,0,3525.1165178722,101.113267591261,4,1.00115265031143,0.951152650311428,371.157089843353,353.027049686382
12.92,100,0,3510.74646129848,101.143706389032,4,1.0002995698951,0.950299569895104,359.898445755762,342.011338207617
12.93,100,0,3501.02823951837,101.172839818513,4,0.999488353388169,0.949488353388169,351.406104934749,333.656003945045
12.94,100,0,3494.5046569866,101.201074154641,4,0.998918458370482,0.948918458370482,345.651564924298,327.995150121309
12.95,100,0,3490.16021246458,101.228693209763,4,0.998514540803262,0.948514540803262,341.700180664947,324.107589955804
12.96,100,0,3487.31889160511,101.255885797856,4,0.998225776590913,0.948225776590913,338.962206824345,321.412701800984
12.97,100,0,3485.5223857452,101.282779869049,4,0.998017382887711,0.948017382887711,337.053064078607,319.532163702085
12.98,100,0,3484.5015207582,101.30945469411,4,0.998043723859272,0.948043723859272,335.519241236372,318.086910888167
12.99,100,0,3484.06179890858,101.335968451063,4,0.998078268653495,0.948078268653495,334.485892358028,317.118805715818
13,100,0,3484.00699902468,101.36237353431,4,0.998102881227125,0.948102881227125,333.801931043849,316.478572581852
13.01,100,0,3484.20722221444,101.388704571815,4,0.998120905890552,0.948120905890552,333.348348014475,316.054537696603
13.02,100,0,3484.57667415073,101.414984434919,4,0.998134554465607,0.948134554465607,333.047176621623,315.773536422171
13.03,100,0,3485.05853219249,101.441228271832,4,0.99814529312625,0.94814529312625,332.847063346348,315.587376442735
13.04,100,0,3485.61509068804,101.467446134487,4,0.998154095286642,0.948154095286642,332.714060806347,315.464199312987
13.05,100,0,3486.22129680941,101.493644701702,4,0.998161607907919,0.948161607907919,332.62567271645,315.382892674283
13.06,100,0,3486.86048953164,101.519828415086,4,0.998168261307462,0.948168261307462,332.566966111105,315.329442025864
13.07,100,0,3487.52158150156,101.546000230322,4,0.998174341862169,0.948174341862169,332.528016986614,315.294533657015
13.08,100,0,3488.19719096235,101.572162115182,4,0.998180040234179,0.948180040234179,332.502224744518,315.271972836211
13.09,100,0,3488.88240151752,101.598315380168,4,0.998185483401285,0.948185483401285,332.485196647367,315.257636906855
13.1,100,0,3489.57393783227,101.624460898266,4,0.998190755949967,0.948190755949967,332.47400803056,315.248781008212
13.11,100,0,3490.26961736021,101.650599251125,4,0.998195914239587,0.948195914239587,332.466711017885,315.243577007832
13.12,100,0,3490.96798546369,101.676730826326,4,0.998200995828908,0.948200995828908,332.462007947631,315.240807011222
13.13,100,0,3491.66807248388,101.702855882152,4,0.998206025751845,0.948206025751845,332.459034137197,315.239659484529
13.14,100,0,3492.36923195127,101.728974590723,4,0.998211020696756,0.948211020696756,332.457213306152,315.239593567025
13.15,100,0,3493.07103280792,101.75508706673,4,0.998215991790243,0.948215991790243,332.456161319263,315.240248732122
13.16,100,0,3493.7731875947,101.781193386579,4,0.998220946451802,0.948220946451802,332.455622081207,315.241384623065
13.17,100,0,3494.47550459356,101.807293601151,4,0.99822588962964,0.948225889629639,332.455424833439,315.242840974887
13.18,100,0,3495.17785592859,101.833387744307,4,0.998230824624295,0.948230824624295,332.455455702129,315.244510911275
13.19,100,0,3495.88015630102,101.859475838559,4,0.998235753637611,0.948235753637611,332.455638737894,315.2463231497
13.2,100,0,3496.58234881116,101.885557898846,4,0.998240678138702,0.948240678138702,332.455923278742,315.248230141063
13.21,100,0,3497.28439550404,101.911633935061,4,0.998245599107958,0.948245599107958,332.456275526195,315.250200163537
13.22,100,0,3497.98627106417,101.937703953724,4,0.998250517199751,0.948250517199751,332.456672929123,315.25221205155
13.23,100,0,3498.68795860994,101.963767959111,4,0.998255432850946,0.948255432850946,332.457100438953,315.254251681109
13.24,100,0,3499.38944688808,101.989825953996,4,0.998260346353274,0.948260346353274,332.457548012348,315.25630962595
13.25,100,0,3500.09072840185,102.015877940154,4,0.998265257901613,0.948265257901613,332.458008945588,315.258379594244
13.26,100,0,3500.7917981621,102.041923918692,4,0.9982701676262,0.9482701676262,332.458478763505,315.26045738582
13.27,100,0,3501.4926528537,102.067963890274,4,0.998275075614123,0.948275075614123,332.458954478259,315.262540196463
13.28,100,0,3502.19329027931,102.093997855263,4,0.998279981923666,0.948279981923666,332.459434094768,315.264626153739
13.29,100,0,3502.89370898796,102.120025813827,4,0.998284886593877,0.948284886593877,332.459916280684,315.266714007238
13.3,100,0,3503.5939080272,102.146047766003,4,0.998289789650964,0.948289789650964,332.460400146127,315.268802921846
13.31,100,0,3504.29388677753,102.172063711739,4,0.998294691112557,0.948294691112557,332.460885096673,315.270892339757
13.32,100,0,3504.99364484186,102.198073650923,4,0.998299590990554,0.948299590990554,332.461370735207,315.272981888355
13.33,100,0,3505.69318197172,102.224077583409,4,0.998304489293032,0.948304489293031,332.461856796395,315.275071318719
13.34,100,0,3506.39249801795,102.250075509022,4,0.998309386025505,0.948309386025505,332.462343102937,315.277160464547
13.35,100,0,3507.09159289771,102.276067427572,4,0.998314281191782,0.948314281191782,332.462829536338,315.279249214738
13.36,100,0,3507.79046657254,102.302053338858,4,0.998319174794531,0.948319174794531,332.463316017399,315.281337495073
13.37,100,0,3508.48911903359,102.328033242673,4,0.998324066835654,0.948324066835654,332.463802493182,315.28342525598
13.38,100,0,3509.18755029187,102.354007138805,4,0.998328957316545,0.948328957316545,332.464288928292,315.285512464353
13.39,100,0,3509.88576037161,102.379975027039,4,0.998333846238256,0.948333846238256,332.464775299069,315.287599098103
13.4,100,0,3510.58374930589,102.405936907162,4,0.998338733601612,0.948338733601612,332.465261589691,315.289685142497
13.41,100,0,3511.28151713373,102.431892778956,4,0.998343619407285,0.948343619407285,332.46574778958,315.29177058772
13.42,100,0,3511.97906389811,102.457842642206,4,0.998348503655845,0.948348503655845,332.466233891663,315.293855427253
13.43,100,0,3512.67638964464,102.483786496698,4,0.998353386347793,0.948353386347793,332.466719891211,315.295939656773
13.44,100,0,3513.37349442072,102.509724342216,4,0.998358267483586,0.948358267483586,332.467205785064,315.298023273432
13.45,100,0,3514.07037827493,102.535656178548,4,0.998363147063649,0.948363147063649,332.467691571109,315.300106275363
13.46,100,0,3514.76704125662,102.561582005481,4,0.998368025088388,0.948368025088388,332.468177247934,315.302188661359
13.47,100,0,3515.46348341569,102.587501822804,4,0.998372901558193,0.948372901558193,332.468662814601,315.304270430656
13.48,100,0,3516.15970480238,102.613415630305,4,0.998377776473447,0.948377776473447,332.46914827048,315.306351582779
13.49,100,0,3516.85570546718,102.639323427775,4,0.998382649834526,0.948382649834526,332.469633615157,315.308432117456
13.5,100,0,3517.55148546071,102.665225215007,4,0.998387521641803,0.948387521641803,332.470118848354,315.310512034546
13.51,100,0,3518.24704483371,102.691120991793,4,0.998392391895645,0.948392391895645,332.47060396989,315.312591333993
13.52,100,0,3518.94238363699,102.717010757927,4,0.998397260596421,0.948397260596421,332.471088979645,315.314670015805
13.53,100,0,3519.6375019214,102.742894513205,4,0.998402127744496,0.948402127744496,332.471573877544,315.316748080025
13.54,100,0,3520.3323997378,102.768772257422,4,0.998406993340237,0.948406993340237,332.472058663538,315.318825526725
13.55,100,0,3521.02707713709,102.794643990377,4,0.998411857384006,0.948411857384006,332.472543337598,315.320902355996
13.56,100,0,3521.72153417018,102.820509711869,4,0.99841671987617,0.948416719876169,332.473027899707,315.322978567938
13.57,100,0,3522.41577088797,102.846369421696,4,0.99842158081709,0.94842158081709,332.473512349855,315.32505416266
13.58,100,0,3523.10978734137,102.87222311966,4,0.998426440207132,0.948426440207132,332.473996688043,315.327129140278
13.59,100,0,3523.80358358131,102.898070805563,4,0.998431298046659,0.948431298046659,332.474480914269,315.329203500909
13.6,100,0,3524.49715965867,102.923912479209,4,0.998436154336034,0.948436154336034,332.474965028539,315.331277244675
13.61,100,0,3525.19051562438,102.949748140403,4,0.998441009075621,0.948441009075621,332.475449030858,315.333350371697
13.62,100,0,3525.88365152934,102.975577788949,4,0.998445862265783,0.948445862265783,332.475932921232,315.335422882099
13.63,100,0,3526.57656742445,103.001401424654,4,0.998450713906883,0.948450713906883,332.476416699669,315.337494776003
13.64,100,0,3527.26926336061,103.027219047328,4,0.998455563999285,0.948455563999285,332.476900366177,315.339566053536
13.65,100,0,3527.96173938872,103.053030656778,4,0.998460412543351,0.948460412543351,332.477383920763,315.341636714821
13.66,100,0,3528.65399555966,103.078836252816,4,0.998465259539446,0.948465259539446,332.477867363438,315.343706759984
13.67,100,0,3529.34603192432,103.104635835252,4,0.998470104987931,0.948470104987931,332.478350694208,315.34577618915
13.68,100,0,3530.03784853358,103.1304294039,4,0.998474948889171,0.948474948889171,332.478833913084,315.347845002444
13.69,100,0,3530.72944543833,103.156216958573,4,0.998479791243528,0.948479791243528,332.479317020074,315.34991319999
13.7,100,0,3531.42082268944,103.181998499087,4,0.998484632051365,0.948484632051364,332.479800015187,315.351980781916
13.71,100,0,3532.11198033778,103.207774025257,4,0.998489471313045,0.948489471313045,332.480282898431,315.354047748344
13.72,100,0,3532.80291843421,103.2335435369,4,0.998494309028931,0.948494309028931,332.480765669816,315.356114099402
13.73,100,0,3533.4936370296,103.259307033836,4,0.998499145199386,0.948499145199386,332.48124832935,315.358179835213
13.74,100,0,3534.18413617482,103.285064515883,4,0.998503979824774,0.948503979824774,332.481730877044,315.360244955905
13.75,100,0,3534.8744159207,103.310815982863,4,0.998508812905456,0.948508812905456,332.482213312904,315.362309461601
13.76,100,0,3535.56447631811,103.336561434598,4,0.998513644441796,0.948513644441796,332.48269563694,315.364373352427
13.77,100,0,3536.25431741789,103.36230087091,4,0.998518474434156,0.948518474434156,332.483177849162,315.366436628507
13.78,100,0,3536.94393927088,103.388034291624,4,0.998523302882899,0.948523302882899,332.483659949579,315.368499289969
13.79,100,0,3537.63334192792,103.413761696566,4,0.998528129788389,0.948528129788389,332.484141938198,315.370561336936
13.8,100,0,3538.32252543985,103.439483085561,4,0.998532955150987,0.948532955150987,332.484623815029,315.372622769534
13.81,100,0,3539.01148985749,103.465198458438,4,0.998537778971056,0.948537778971056,332.485105580081,315.374683587888
13.82,100,0,3539.70023523167,103.490907815025,4,0.99854260124896,0.94854260124896,332.485587233364,315.376743792123
13.83,100,0,3540.38876161322,103.516611155153,4,0.99854742198506,0.94854742198506,332.486068774885,315.378803382364
13.84,100,0,3541.07706905296,103.542308478653,4,0.998552241179719,0.948552241179719,332.486550204654,315.380862358737
13.85,100,0,3541.76515760168,103.567999785356,4,0.9985570588333,0.9485570588333,332.48703152268,315.382920721367
13.86,100,0,3542.45302731022,103.593685075097,4,0.998561874946165,0.948561874946165,332.48751272897,315.384978470378
13.87,100,0,3543.14067822937,103.61936434771,4,0.998566689518677,0.948566689518677,332.487993823535,315.387035605897
13.88,100,0,3543.82811040993,103.645037603031,4,0.998571502551198,0.948571502551197,332.488474806383,315.389092128047
13.89,100,0,3544.5153239027,103.670704840897,4,0.99857631404409,0.94857631404409,332.488955677524,315.391148036955
13.9,100,0,3545.20231875849,103.696366061146,4,0.998581123997716,0.948581123997716,332.489436436965,315.393203332744
13.91,100,0,3545.88909502806,103.722021263617,4,0.998585932412439,0.948585932412439,332.489917084717,315.395258015541
13.92,100,0,3546.57565276222,103.747670448151,4,0.998590739288621,0.948590739288621,332.490397620787,315.39731208547
13.93,100,0,3547.26199201175,103.773313614588,4,0.998595544626623,0.948595544626623,332.490878045185,315.399365542657
13.94,100,0,3547.94811282742,103.798950762773,4,0.998600348426809,0.948600348426809,332.491358357919,315.401418387225
13.95,100,0,3548.63401526,103.824581892548,4,0.99860515068954,0.94860515068954,332.491838558999,315.403470619301
13.96,100,0,3549.31969936027,103.850207003759,4,0.998609951415179,0.948609951415179,332.492318648433,315.40552223901
13.97,100,0,3550.00516517899,103.875826096251,4,0.998614750604088,0.948614750604088,332.49279862623,315.407573246476
13.98,100,0,3550.69041276692,103.901439169872,4,0.998619548256629,0.948619548256629,332.493278492398,315.409623641824
13.99,100,0,3551.37544217482,103.927046224471,4,0.998624344373164,0.948624344373164,332.493758246947,315.41167342518
14,100,0,3552.06025345345,103.952647259897,4,0.998629138954055,0.948629138954055,332.494237889886,315.413722596668
14.01,100,0,3552.74484665356,103.978242276001,4,0.998633931999665,0.948633931999665,332.494717421223,315.415771156412
14.02,100,0,3553.42922182588,104.003831272634,4,0.998638723510354,0.948638723510354,332.495196840968,315.41781910454
14.03,100,0,3554.11337902116,104.02941424965,4,0.998643513486486,0.948643513486486,332.495676149128,315.419866441173
14.04,100,0,3554.79731829014,104.054991206902,4,0.998648301928423,0.948648301928423,332.496155345713,315.421913166439
14.05,100,0,3555.48103968356,104.080562144246,4,0.998653088836525,0.948653088836525,332.496634430731,315.423959280462
14.06,100,0,3556.16454325214,104.106127061539,4,0.998657874211155,0.948657874211155,332.497113404192,315.426004783366
14.07,100,0,3556.8478290466,104.131685958638,4,0.998662658052676,0.948662658052676,332.497592266104,315.428049675277
14.08,100,0,3557.53089711768,104.157238835401,4,0.998667440361448,0.948667440361448,332.498071016476,315.430093956319
14.09,100,0,3558.21374751608,104.182785691689,4,0.998672221137834,0.948672221137834,332.498549655316,315.432137626617
14.1,100,0,3558.89638029253,104.208326527363,4,0.998677000382195,0.948677000382195,332.499028182635,315.434180686297
14.11,100,0,3559.57879549772,104.233861342284,4,0.998681778094893,0.948681778094893,332.499506598439,315.436223135482
14.12,100,0,3560.26099318237,104.259390136316,4,0.99868655427629,0.94868655427629,332.499984902739,315.438264974298
14.13,100,0,3560.94297339718,104.284912909323,4,0.998691328926748,0.948691328926747,332.500463095542,315.440306202869
14.14,100,0,3561.62473619284,104.310429661171,4,0.998696102046627,0.948696102046627,332.500941176858,315.44234682132
14.15,100,0,3562.30628162006,104.335940391727,4,0.99870087363629,0.94870087363629,332.501419146696,315.444386829777
14.16,100,0,3562.98760972951,104.361445100858,4,0.998705643696099,0.948705643696099,332.501897005064,315.446426228363
14.17,100,0,3563.66872057189,104.386943788434,4,0.998710412226415,0.948710412226415,332.50237475197,315.448465017204
14.18,100,0,3564.34961419787,104.412436454324,4,0.998715179227599,0.948715179227599,332.502852387425,315.450503196423
14.19,100,0,3565.03029065814,104.437923098399,4,0.998719944700013,0.948719944700013,332.503329911435,315.452540766147
14.2,100,0,3565.71075000336,104.463403720533,4,0.998724708644018,0.948724708644018,332.503807324011,315.454577726499
14.21,100,0,3566.39099228422,104.488878320598,4,0.998729471059977,0.948729471059977,332.504284625161,315.456614077605
14.22,100,0,3567.07101755137,104.514346898469,4,0.998734231948249,0.948734231948249,332.504761814893,315.458649819588
14.23,100,0,3567.75082585547,104.539809454022,4,0.998738991309197,0.948738991309197,332.505238893217,315.460684952574
14.24,100,0,3568.43041724719,104.565265987134,4,0.998743749143183,0.948743749143183,332.50571586014,315.462719476687
14.25,100,0,3569.10979177717,104.590716497683,4,0.998748505450566,0.948748505450566,332.506192715673,315.464753392053
14.26,100,0,3569.78894949607,104.616160985548,4,0.998753260231709,0.948753260231709,332.506669459823,315.466786698794
14.27,100,0,3570.46789045454,104.641599450609,4,0.998758013486973,0.948758013486973,332.5071460926,315.468819397038
14.28,100,0,3571.14661470321,104.667031892748,4,0.998762765216719,0.948762765216719,332.507622614011,315.470851486907
14.29,100,0,3571.82512229272,104.692458311847,4,0.998767515421308,0.948767515421308,332.508099024067,315.472882968526
14.3,100,0,3572.50341327371,104.71787870779,4,0.998772264101102,0.948772264101102,332.508575322774,315.47491384202
14.31,100,0,3573.18148769681,104.743293080462,4,0.998777011256461,0.948777011256461,332.509051510142,315.476944107513
14.32,100,0,3573.85934561265,104.768701429748,4,0.998781756887747,0.948781756887746,332.509527586181,315.478973765131
14.33,100,0,3574.53698707184,104.794103755537,4,0.99878650099532,0.94878650099532,332.510003550898,315.481002814998
14.34,100,0,3575.214412125,104.819500057715,4,0.998791243579542,0.948791243579542,332.510479404302,315.483031257237
14.35,100,0,3575.89162082275,104.844890336173,4,0.998795984640774,0.948795984640774,332.510955146402,315.485059091974
14.36,100,0,3576.56861321571,104.8702745908,4,0.998800724179377,0.948800724179377,332.511430777206,315.487086319334
14.37,100,0,3577.24538935446,104.895652821489,4,0.998805462195711,0.948805462195711,332.511906296724,315.48911293944
14.38,100,0,3577.92194928963,104.921025028132,4,0.998810198690138,0.948810198690138,332.512381704963,315.491138952417
14.39,100,0,3578.5982930718,104.946391210623,4,0.998814933663019,0.948814933663019,332.512857001934,315.493164358391
14.4,100,0,3579.27442075158,104.971751368857,4,0.998819667114714,0.948819667114714,332.513332187644,315.495189157484
14.41,100,0,3579.95033237954,104.997105502729,4,0.998824399045584,0.948824399045584,332.513807262101,315.497213349822
14.42,100,0,3580.62602800629,105.022453612138,4,0.99882912945599,0.94882912945599,332.514282225315,315.499236935529
14.43,100,0,3581.30150768239,105.047795696982,4,0.998833858346293,0.948833858346293,332.514757077294,315.50125991473
14.44,100,0,3581.97677145844,105.073131757159,4,0.998838585716853,0.948838585716853,332.515231818047,315.503282287548
14.45,100,0,3582.651819385,105.098461792571,4,0.998843311568032,0.948843311568031,332.515706447583,315.505304054108
14.46,100,0,3583.32665151265,105.123785803119,4,0.998848035900189,0.948848035900189,332.51618096591,315.507325214536
14.47,100,0,3584.00126789195,105.149103788706,4,0.998852758713686,0.948852758713686,332.516655373037,315.509345768954
14.48,100,0,3584.67566857347,105.174415749236,4,0.998857480008883,0.948857480008883,332.517129668972,315.511365717488
14.49,100,0,3585.34985360776,105.199721684614,4,0.99886219978614,0.94886219978614,332.517603853726,315.513385060262
14.5,100,0,3586.02382304538,105.225021594746,4,0.998866918045819,0.948866918045819,332.518077927304,315.515403797401
14.51,100,0,3586.69757693689,105.25031547954,4,0.99887163478828,0.94887163478828,332.518551889717,315.517421929027
14.52,100,0,3587.37111533282,105.275603338904,4,0.998876350013883,0.948876350013883,332.519025740973,315.519439455267
14.53,100,0,3588.04443828373,105.300885172747,4,0.998881063722989,0.948881063722989,332.519499481081,315.521456376244
14.54,100,0,3588.71754584015,105.326160980981,4,0.998885775915958,0.948885775915958,332.519973110049,315.523472692082
14.55,100,0,3589.39043805262,105.351430763516,4,0.998890486593151,0.948890486593151,332.520446627885,315.525488402906
14.56,100,0,3590.06311497167,105.376694520266,4,0.998895195754927,0.948895195754927,332.5209200346,315.52750350884
14.57,100,0,3590.73557664783,105.401952251145,4,0.998899903401648,0.948899903401648,332.521393330201,315.529518010009
14.58,100,0,3591.40782313161,105.427203956068,4,0.998904609533674,0.948904609533674,332.521866514696,315.531531906536
14.59,100,0,3592.07985447355,105.452449634951,4,0.998909314151364,0.948909314151364,332.522339588094,315.533545198546
14.6,100,0,3592.75167072416,105.477689287711,4,0.998914017255079,0.948914017255079,332.522812550406,315.535557886163
14.61,100,0,3593.42327193395,105.502922914268,4,0.99891871884518,0.94891871884518,332.523285401638,315.537569969512
14.62,100,0,3594.09465815342,105.52815051454,4,0.998923418922027,0.948923418922027,332.523758141798,315.539581448716
14.63,100,0,3594.76582943309,105.553372088448,4,0.998928117485979,0.948928117485979,332.524230770897,315.5415923239
14.64,100,0,3595.43678582344,105.578587635914,4,0.998932814537397,0.948932814537397,332.524703288942,315.543602595188
14.65,100,0,3596.10752737499,105.603797156861,4,0.998937510076641,0.948937510076641,332.525175695942,315.545612262704
14.66,100,0,3596.77805413822,105.629000651214,4,0.998942204104071,0.948942204104071,332.525647991906,315.547621326573
14.67,100,0,3597.44836616362,105.654198118896,4,0.998946896620047,0.948946896620047,332.526120176842,315.549629786918
14.68,100,0,3598.11846350167,105.679389559834,4,0.998951587624929,0.948951587624929,332.526592250758,315.551637643864
14.69,100,0,3598.78834620286,105.704574973957,4,0.998956277119077,0.948956277119077,332.527064213664,315.553644897535
14.7,100,0,3599.45801431766,105.729754361191,4,0.998960965102851,0.948960965102851,332.527536065569,315.555651548055
14.71,100,0,3600.12746218311,105.754927724777,4,0.998965651722203,0.948965651722203,332.528002923731,315.557653010401
14.72,100,0,3600.78989435022,105.780094784206,4,0.998970506533146,0.948970506533146,332.522753309179,315.554285641608
14.73,100,0,3601.44494154142,105.805254734739,4,0.99897553801263,0.948975538012629,332.511499819903,315.545279436979
14.74,100,0,3602.09495424779,105.830406977858,4,0.998980686870798,0.948980686870798,332.496238027578,315.532508345368
14.75,100,0,3602.74150323454,105.855551114248,4,0.99898591349313,0.94898591349313,332.478301169774,315.517224352242
14.76,100,0,3603.38563831636,105.880686877688,4,0.998991191408419,0.948991191408419,332.458580025208,315.500263952073
14.77,100,0,3604.02806122678,105.905814090882,4,0.998996502926053,0.948996502926053,332.437669799676,315.482186080778
14.78,100,0,3604.66987055906,105.930932465786,4,0.99900182036109,0.94900182036109,332.408539186244,315.456308791317
14.79,100,0,3605.31742744953,105.956040275472,4,0.999006983439639,0.949006983439639,332.369917276072,315.421372580247
14.8,100,0,3605.9701698442,105.981137637522,4,0.999012006349991,0.949012006349991,332.336559901737,315.391385495802
14.81,100,0,3606.62610118707,106.006225067129,4,0.999016939415615,0.949016939415615,332.306554994058,315.364549768208
14.82,100,0,3607.28395149952,106.031302892743,4,0.999021814644324,0.949021814644324,332.278686875519,315.339722386239
14.83,100,0,3607.94291281694,106.056371324078,4,0.999026652398601,0.949026652398601,332.252182435568,315.316176448957
14.84,100,0,3608.60247102744,106.081430495324,4,0.999031465635035,0.949031465635035,332.226549905297,315.293449579495
14.85,100,0,3609.26229895632,106.10648049263,4,0.999036262599443,0.949036262599443,332.201476410904,315.271247603022
14.86,100,0,3609.92218837397,106.131521371574,4,0.999041048540626,0.949041048540626,332.176762856887,315.249383322531
14.87,100,0,3610.58200674773,106.156553168284,4,0.999045826800314,0.949045826800313,332.152282526094,315.227737593589
14.88,100,0,3611.24166972734,106.181575906505,4,0.999050599506511,0.949050599506511,332.127954752582,315.206234570809
14.89,100,0,3611.90112363686,106.206589602099,4,0.999055368014626,0.949055368014626,332.103728176164,315.184825963259
14.9,100,0,3612.56033433192,106.231594265909,4,0.999060133188189,0.949060133188188,332.079570089389,315.163481018112
14.91,100,0,3613.21928010677,106.256589905583,4,0.999064895577516,0.949064895577516,332.055459659107,315.142180147314
14.92,100,0,3613.87794717859,106.281576526733,4,0.999069655533448,0.949069655533448,332.031383612633,315.120910871536
14.93,100,0,3614.53632681191,106.306554133673,4,0.999074413279761,0.94907441327976,332.007333491928,315.09966523843
14.94,100,0,3615.19441348732,106.331522729894,4,0.999079168959277,0.949079168959277,331.983303905528,315.078438179014
14.95,100,0,3615.85220373495,106.356482318359,4,0.999083922663241,0.94908392266324,331.959291415482,315.057226461116
14.96,100,0,3616.50969539122,106.381432901696,4,0.999088674450018,0.949088674450018,331.935293828509,315.036028022877
14.97,100,0,3617.16688712532,106.406374482319,4,0.999093424357022,0.949093424357022,331.911309744497,315.014841548229
14.98,100,0,3617.82377813739,106.431307062507,4,0.999098172408309,0.949098172408309,331.887338268862,314.993666196435
14.99,100,0,3618.48036796614,106.456230644453,4,0.999102918619414,0.949102918619414,331.863378829285,314.972501429775
15,60,0,3619.13665636619,106.481145230293,4,0.999107663000442,0.949107663000442,331.839431058909,314.951346903717
15.01,60,0,3590.91319132766,106.504342963419,4,0.999835666247131,0.949835666247131,305.931121060933,290.584290198644
15.02,60,0,3572.20460935386,106.525054610017,4,1.00032915380807,0.950329153808068,289.923309483045,275.522573370257
15.03,60,0,3559.4726258903,106.544183401932,4,1.00067229048697,0.950672290486972,279.475093922091,265.689227672976
15.04,60,0,3550.70597347871,106.56226082043,4,1.00091422082099,0.95091422082099,272.434412212436,259.061756813813
15.05,60,0,3544.77691135201,106.579583480444,4,1.00104146239838,0.951041462398378,266.626285843385,253.572652802341
15.06,60,0,3541.24483226099,106.596263105804,4,1.00109459733382,0.951094597333822,262.406807817985,249.5736972193
15.07,60,0,3539.23397721667,106.61253259655,4,1.0011278257778,0.951127825777803,259.843720794582,247.144593201365
15.08,60,0,3538.15232918849,106.628549862595,4,1.0011488597849,0.951148859784898,258.267055331374,245.650415198439
15.09,60,0,3537.64384546477,106.644409858323,4,1.00116235819385,0.951162358193854,257.289291887785,244.723889610012
15.1,60,0,3537.49103629684,106.660170581755,4,1.00117117479114,0.951171174791142,256.679522425508,244.1461628903
15.11,60,0,3537.55975697549,106.67586780342,4,1.00117707276834,0.951177072768338,256.297558606402,243.784361552909
15.12,60,0,3537.76676723993,106.691523719274,4,1.00118114736738,0.951181147367376,256.057279664717,243.556857063255
15.13,60,0,3538.06021728558,106.707152154957,4,1.00118408122602,0.951184081226024,255.905384270724,243.413127818342
15.14,60,0,3538.40773198946,106.722761743349,4,1.0011863007328,0.951186300732804,255.80872762595,243.321757325693
15.15,60,0,3538.78906482992,106.738357883424,4,1.00118807258762,0.951188072587615,255.746637155567,243.263150866768
15.16,60,0,3539.191541352,106.753943955212,4,1.001189563759,0.951189563759003,255.706194485091,243.225063582748
15.17,60,0,3539.60722191025,106.769522076308,4,1.00119087884202,0.951190878842017,255.679316814422,243.199834062437
15.18,60,0,3540.03113058013,106.785093574108,4,1.0011920833864,0.951192083386404,255.660942722969,243.182664749193
15.19,60,0,3540.46014782941,106.800659281046,4,1.00119321848475,0.951193218484752,255.647901006547,243.170549757289
15.2,60,0,3540.89231746518,106.816219719381,4,1.00119430990363,0.951194309903632,255.638203992905,243.161605032035
15.21,60,0,3541.32641256506,106.831775216935,4,1.00119537380265,0.951195373802648,255.630605479231,243.154649334214
15.22,60,0,3541.761663484,106.847325979609,4,1.00119642031795,0.951196420317948,255.62432396806,243.148941904614
15.23,60,0,3542.19758736201,106.862872136841,4,1.00119745580835,0.95119745580835,255.618869293089,243.144018128193
15.24,60,0,3542.63388122805,106.878413770107,4,1.00119848426351,0.951198484263509,255.613933968455,243.139586547427
15.25,60,0,3543.07035496447,106.893950930795,4,1.00119950818693,0.951199508186932,255.609325079305,243.135464303428
15.26,60,0,3543.50688926149,106.909483651413,4,1.00120052914976,0.951200529149758,255.604921576802,243.131536657137
15.27,60,0,3543.9434092418,106.925011952624,4,1.00120154813811,0.951201548138112,255.600647497037,243.127731604286
15.28,60,0,3544.37986791309,106.940535847657,4,1.00120256577102,0.951202565771019,255.596455163534,243.124003953531
15.29,60,0,3544.81623578518,106.956055345073,4,1.00120358243711,0.951203582437108,255.592314650185,243.120325338648
15.3,60,0,3545.25249435428,106.971570450505,4,1.00120459838041,0.951204598380405,255.58820717051,243.116677952392
15.31,60,0,3545.68863201383,106.987081167748,4,1.00120561375416,0.95120561375416,255.584120929734,243.113050614785
15.32,60,0,3546.12464148771,107.002587499442,4,1.00120662865464,0.951206628654635,255.580048521855,243.109436305862
15.33,60,0,3546.56051821902,107.018089447502,4,1.00120764314231,0.951207643142315,255.575985296052,243.105830617232
15.34,60,0,3546.99625935852,107.033587013389,4,1.00120865725521,0.951208657255213,255.571928331339,243.102230780179
15.35,60,0,3547.43186312946,107.049080198278,4,1.00120967101724,0.951209671017236,255.567875792925,243.098635055562
15.36,60,0,3547.86732842879,107.064569003163,4,1.00121068444343,0.951210684443428,255.563826528125,243.095042350799
15.37,60,0,3548.30265457663,107.080053428928,4,1.00121169754327,0.951211697543266,255.559779812657,243.09145197938
15.38,60,0,3548.73784115901,107.095533476385,4,1.00121271032273,0.951212710322731,255.555735191325,243.087863509858
15.39,60,0,3549.17288792899,107.111009146301,4,1.00121372278561,0.951213722785607,255.551692377968,243.084276671009
15.4,60,0,3549.60779474463,107.126480439418,4,1.0012147349343,0.951214734934297,255.547651192622,243.080691292272
15.41,60,0,3550.04256152997,107.141947356457,4,1.00121574677034,0.951215746770337,255.543611522051,243.077107266337
15.42,60,0,3550.47718825049,107.15740989813,4,1.00121675829472,0.951216758294718,255.539573294945,243.073524525633
15.43,60,0,3550.91167489777,107.172868065144,4,1.00121776950809,0.951217769508089,255.535536466349,243.069943027573
15.44,60,0,3551.34602147973,107.188321858199,4,1.00121878041088,0.951218780410881,255.531501007867,243.066362745265
15.45,60,0,3551.78022801464,107.203771277995,4,1.00121979100339,0.951219791003393,255.527466901516,243.062783661687
15.46,60,0,3552.21429452721,107.219216325228,4,1.00122080128584,0.951220801285837,255.523434135856,243.059205766017
15.47,60,0,3552.64822104623,107.234657000594,4,1.00122181125837,0.951221811258371,255.519402703563,243.05562905134
15.48,60,0,3553.08200760306,107.250093304791,4,1.00122282092112,0.95122282092112,255.5153725999,243.052053513188
15.49,60,0,3553.51565423066,107.265525238514,4,1.00122383027419,0.951223830274189,255.511343821758,243.048479148637
15.5,60,0,3553.94916096301,107.280952802459,4,1.00122483931767,0.951224839317667,255.50731636705,243.044905955736
15.51,60,0,3554.38252783471,107.296375997321,4,1.00122584805164,0.951225848051637,255.503290234333,243.041333933137
15.52,60,0,3554.81575488077,107.311794823797,4,1.00122685647618,0.951226856476176,255.49926542257,243.037763079883
15.53,60,0,3555.24884213645,107.327209282584,4,1.00122786459136,0.951227864591357,255.495241930977,243.034193395256
15.54,60,0,3555.68178963715,107.342619374377,4,1.00122887239725,0.951228872397253,255.491219758933,243.030624878688
15.55,60,0,3556.1145974184,107.358025099874,4,1.00122987989393,0.951229879893932,255.487198905914,243.02705752971
15.56,60,0,3556.54726551575,107.373426459772,4,1.00123088708147,0.951230887081465,255.483179371463,243.02349134791
15.57,60,0,3556.97979396483,107.388823454768,4,1.00123189395992,0.951231893959921,255.479161155161,243.019926332915
15.58,60,0,3557.41218280124,107.404216085559,4,1.00123290052937,0.951232900529367,255.475144256616,243.016362484379
15.59,60,0,3557.84443206065,107.419604352843,4,1.00123390678987,0.951233906789873,255.471128675449,243.012799801966
15.6,60,0,3558.27654177869,107.434988257318,4,1.00123491274151,0.951234912741505,255.467114411294,243.009238285352
15.61,60,0,3558.70851199102,107.450367799684,4,1.00123591838433,0.951235918384334,255.463101463791,243.005677934219
15.62,60,0,3559.1403427333,107.465742980637,4,1.00123692371843,0.951236923718426,255.45908983258,243.002118748252
15.63,60,0,3559.57203404116,107.481113800877,4,1.00123792874385,0.95123792874385,255.455079517309,242.99856072714
15.64,60,0,3560.00358595028,107.496480261103,4,1.00123893346067,0.951238933460673,255.451070517625,242.995003870572
15.65,60,0,3560.43499849629,107.511842362015,4,1.00123993786896,0.951239937868964,255.447062833174,242.991448178238
15.66,60,0,3560.86627171484,107.527200104312,4,1.00124094196879,0.951240941968791,255.443056463608,242.98789364983
15.67,60,0,3561.29740564159,107.542553488693,4,1.00124194576022,0.951241945760221,255.439051408575,242.984340285038
15.68,60,0,3561.72840031216,107.557902515859,4,1.00124294924332,0.951242949243323,255.435047667724,242.980788083554
15.69,60,0,3562.1592557622,107.57324718651,4,1.00124395241817,0.951243952418165,255.431045240705,242.977237045071
15.7,60,0,3562.58997202735,107.588587501348,4,1.00124495528481,0.951244955284815,255.427044127168,242.97368716928
15.71,60,0,3563.02054914324,107.603923461072,4,1.00124595784334,0.95124595784334,255.423044326763,242.970138455873
15.72,60,0,3563.4509871455,107.619255066384,4,1.00124696009381,0.951246960093809,255.419045839139,242.966590904543
15.73,60,0,3563.88128606975,107.634582317985,4,1.00124796203629,0.95124796203629,255.415048663949,242.963044514981
15.74,60,0,3564.31144595163,107.649905216576,4,1.00124896367085,0.95124896367085,255.411052800841,242.959499286881
15.75,60,0,3564.74146682676,107.665223762861,4,1.00124996499756,0.951249964997559,255.407058249465,242.955955219933
15.76,60,0,3565.17134873075,107.68053795754,4,1.00125096601648,0.951250966016483,255.403065009471,242.95241231383
15.77,60,0,3565.60109169922,107.695847801317,4,1.00125196672769,0.95125196672769,255.399073080512,242.948870568266
15.78,60,0,3566.03069576779,107.711153294894,4,1.00125296713125,0.95125296713125,255.395082462236,242.945329982932
15.79,60,0,3566.46016097206,107.726454438973,4,1.00125396722723,0.95125396722723,255.391093154294,242.941790557521
15.8,60,0,3566.88948734764,107.741751234258,4,1.0012549670157,0.951254967015697,255.387105156336,242.938252291725
15.81,60,0,3567.31867493014,107.757043681453,4,1.00125596649672,0.95125596649672,255.383118468013,242.934715185236
15.82,60,0,3567.74772375515,107.772331781261,4,1.00125696567037,0.951256965670368,255.379133088976,242.931179237748
15.83,60,0,3568.17663385828,107.787615534386,4,1.00125796453671,0.951257964536707,255.375149018875,242.927644448953
15.84,60,0,3568.60540527512,107.802894941532,4,1.00125896309581,0.951258963095807,255.37116625736,242.924110818543
15.85,60,0,3569.03403804127,107.818170003403,4,1.00125996134773,0.951259961347734,255.367184804082,242.920578346211
15.86,60,0,3569.4625321923,107.833440720704,4,1.00126095929256,0.951260959292558,255.363204658693,242.91704703165
15.87,60,0,3569.89088776382,107.848707094141,4,1.00126195693035,0.951261956930345,255.359225820842,242.913516874552
15.88,60,0,3570.3191047914,107.863969124418,4,1.00126295426117,0.951262954261165,255.35524829018,242.90998787461
15.89,60,0,3570.74718331062,107.879226812241,4,1.00126395128509,0.951263951285086,255.351272066359,242.906460031518
15.9,60,0,3571.17512335706,107.894480158315,4,1.00126494800217,0.951264948002174,255.347297149029,242.902933344966
15.91,60,0,3571.6029249663,107.909729163346,4,1.0012659444125,0.951265944412499,255.343323537841,242.89940781465
15.92,60,0,3572.03058817391,107.92497382804,4,1.00126694051613,0.951266940516128,255.339351232445,242.895883440261
15.93,60,0,3572.45811301544,107.940214153105,4,1.00126793631313,0.95126793631313,255.335380232493,242.892360221492
15.94,60,0,3572.88549952648,107.955450139246,4,1.00126893180357,0.951268931803573,255.331410537636,242.888838158037
15.95,60,0,3573.31274774258,107.970681787171,4,1.00126992698752,0.951269926987524,255.327442147525,242.885317249587
15.96,60,0,3573.73985769931,107.985909097586,4,1.00127092186505,0.951270921865051,255.32347506181,242.881797495837
15.97,60,0,3574.16682943221,108.001132071199,4,1.00127191643622,0.951271916436224,255.319509280144,242.878278896479
15.98,60,0,3574.59366297684,108.016350708718,4,1.00127291070111,0.951272910701109,255.315544802176,242.874761451206
15.99,60,0,3575.02035836875,108.03156501085,4,1.00127390465978,0.951273904659776,255.31158162756,242.871245159712
16,60,0,3575.4469156435,108.046774978304,4,1.00127489831229,0.951274898312291,255.307619755944,242.867730021689
16.01,60,0,3575.87333483661,108.061980611789,4,1.00127589165872,0.951275891658723,255.303659186982,242.864216036831
16.02,60,0,3576.29961598364,108.077181912012,4,1.00127688469914,0.951276884699141,255.299699920324,242.860703204831
16.03,60,0,3576.72575912012,108.092378879682,4,1.00127787743361,0.951277877433611,255.29574195562,242.857191525381
16.04,60,0,3577.15176428159,108.10757151551,4,1.0012788698622,0.951278869862203,255.291785292524,242.853680998177
16.05,60,0,3577.57763150358,108.122759820204,4,1.00127986198498,0.951279861984985,255.287829930687,242.85017162291
16.06,60,0,3578.00336082161,108.137943794473,4,1.00128085380202,0.951280853802024,255.283875869758,242.846663399273
16.07,60,0,3578.42895227122,108.153123439029,4,1.00128184531339,0.951281845313388,255.279923109391,242.843156326962
16.08,60,0,3578.85440588792,108.16829875458,4,1.00128283651915,0.951282836519146,255.275971649237,242.839650405667
16.09,60,0,3579.27972170724,108.183469741837,4,1.00128382741937,0.951283827419366,255.272021488947,242.836145635084
16.1,60,0,3579.70489976469,108.198636401511,4,1.00128481801412,0.951284818014116,255.268072628173,242.832642014906
16.11,60,0,3580.12994009579,108.213798734313,4,1.00128580830346,0.951285808303464,255.264125066567,242.829139544826
16.12,60,0,3580.55484273604,108.228956740953,4,1.00128679828748,0.951286798287478,255.26017880378,242.825638224537
16.13,60,0,3580.97960772096,108.244110422144,4,1.00128778796623,0.951287787966226,255.256233839465,242.822138053734
16.14,60,0,3581.40423508604,108.259259778596,4,1.00128877733978,0.951288777339776,255.252290173272,242.818639032109
16.15,60,0,3581.8287248668,108.274404811022,4,1.0012897664082,0.951289766408197,255.248347804853,242.815141159357
16.16,60,0,3582.25307709871,108.289545520133,4,1.00129075517156,0.951290755171556,255.244406733861,242.811644435171
16.17,60,0,3582.67729181729,108.304681906642,4,1.00129174362992,0.951291743629922,255.240466959949,242.808148859245
16.18,60,0,3583.10136905802,108.319813971262,4,1.00129273178336,0.951292731783362,255.236528482766,242.804654431273
16.19,60,0,3583.5253088564,108.334941714704,4,1.00129371963195,0.951293719631945,255.232591301967,242.801161150948
16.2,60,0,3583.9491112479,108.350065137683,4,1.00129470717574,0.95129470717574,255.2286554172,242.797669017963
16.21,60,0,3584.372776268,108.365184240912,4,1.00129569441481,0.951295694414813,255.224720828121,242.794178032014
16.22,60,0,3584.7963039522,108.380299025103,4,1.00129668134923,0.951296681349234,255.220787534379,242.790688192793
16.23,60,0,3585.21969433596,108.395409490972,4,1.00129766797907,0.951297667979069,255.21685553563,242.787199499995
16.24,60,0,3585.64294745476,108.410515639231,4,1.00129865430439,0.951298654304389,255.212924831523,242.783711953315
16.25,60,0,3586.06606334406,108.425617470595,4,1.00129964032526,0.95129964032526,255.208995421711,242.780225552444
16.26,60,0,3586.48904203934,108.440714985779,4,1.00130062604175,0.95130062604175,255.205067305846,242.776740297079
16.27,60,0,3586.91188357605,108.455808185496,4,1.00130161145393,0.951301611453929,255.201140483581,242.773256186911
16.28,60,0,3587.33458798966,108.470897070463,4,1.00130259656186,0.951302596561863,255.197214954568,242.769773221637
16.29,60,0,3587.75715531563,108.485981641395,4,1.00130358136562,0.951303581365622,255.19329071846,242.766291400949
16.3,60,0,3588.1795855894,108.501061899006,4,1.00130456586527,0.951304565865273,255.189367774908,242.762810724543
16.31,60,0,3588.60187884644,108.516137844013,4,1.00130555006088,0.951305550060884,255.185446123566,242.759331192111
16.32,60,0,3589.02403512218,108.531209477131,4,1.00130653395252,0.951306533952523,255.181525764086,242.755852803349
16.33,60,0,3589.44605445207,108.546276799076,4,1.00130751754026,0.95130751754026,255.17760669612,242.752375557951
16.34,60,0,3589.86793687155,108.561339810565,4,1.00130850082416,0.951308500824161,255.173688919321,242.748899455611
16.35,60,0,3590.28968241606,108.576398512315,4,1.00130948380429,0.951309483804295,255.169772433342,242.745424496022
16.36,60,0,3590.71129112104,108.591452905043,4,1.00131046648073,0.95131046648073,255.165857237834,242.741950678879
16.37,60,0,3591.13276302191,108.606502989464,4,1.00131144885353,0.951311448853535,255.161943332452,242.738478003878
16.38,60,0,3591.55409815411,108.621548766298,4,1.00131243092278,0.951312430922776,255.158030716848,242.735006470713
16.39,60,0,3591.97529655307,108.636590236261,4,1.00131341268852,0.951313412688524,255.154119390674,242.731536079077
16.4,60,0,3592.39635825419,108.651627400071,4,1.00131439415084,0.951314394150845,255.150209353583,242.728066828665
16.41,60,0,3592.81728329291,108.666660258446,4,1.00131537530981,0.951315375309808,255.146300605229,242.724598719173
16.42,60,0,3593.23807170463,108.681688812105,4,1.00131635616548,0.951316356165481,255.142393145264,242.721131750293
16.43,60,0,3593.65872352477,108.696713061765,4,1.00131733671793,0.951317336717932,255.138486973341,242.717665921721
16.44,60,0,3594.07923878874,108.711733008147,4,1.00131831696723,0.951318316967229,255.134582089113,242.714201233152
16.45,60,0,3594.49961753195,108.726748651968,4,1.00131929691344,0.951319296913441,255.130678492233,242.71073768428
16.46,60,0,3594.9198597898,108.741759993947,4,1.00132027655664,0.951320276556636,255.126776182354,242.7072752748
16.47,60,0,3595.33996559768,108.756767034806,4,1.00132125589688,0.951321255896881,255.12287515913,242.703814004407
16.48,60,0,3595.75993499099,108.771769775262,4,1.00132223493425,0.951322234934246,255.118975422213,242.700353872795
16.49,60,0,3596.17976800514,108.786768216036,4,1.0013232136688,0.951323213668797,255.115076971257,242.696894879659
16.5,60,0,3596.59946467549,108.801762357848,4,1.0013241921006,0.951324192100604,255.111179805914,242.693437024693
16.51,60,0,3597.01902503746,108.816752201418,4,1.00132517022973,0.951325170229735,255.10728392584,242.689980307595
16.52,60,0,3597.43844912641,108.831737747468,4,1.00132614805626,0.951326148056257,255.103389330685,242.686524728056
16.53,60,0,3597.85773697772,108.846718996717,4,1.00132712558024,0.951327125580239,255.099496020104,242.683070285773
16.54,60,0,3598.27688862678,108.861695949887,4,1.00132810280175,0.951328102801749,255.095603993751,242.679616980442
16.55,60,0,3598.69590410895,108.876668607699,4,1.00132907972085,0.951329079720855,255.091713251279,242.676164811755
16.56,60,0,3599.11478345962,108.891636970876,4,1.00133005633763,0.951330056337625,255.087823792341,242.67271377941
16.57,60,0,3599.53352671413,108.906601040137,4,1.00133103265213,0.951331032652129,255.08393561659,242.6692638831
16.58,60,0,3599.95213390787,108.921560816206,4,1.00133200866443,0.951332008664433,255.080048723681,242.665815122521
16.59,60,0,3600.36764674557,108.936516189457,4,1.00133302239831,0.951333022398308,255.073281808753,242.659636116176
16.6,60,0,3600.77734437851,108.951466559587,4,1.00133410859935,0.951334108599348,255.061001288506,242.648230299258
16.61,60,0,3601.18328573206,108.966411381231,4,1.00133524052465,0.951335240524648,255.045232782651,242.633517873948
16.62,60,0,3601.58680988792,108.981350315358,4,1.00133640079011,0.951336400790109,255.027292995792,242.616747021861
16.63,60,0,3601.98875204343,108.996283151432,4,1.00133757855469,0.951337578554686,255.008002959004,242.598696047085
16.64,60,0,3602.38963318562,109.011209759041,4,1.001338767057,0.951338767057001,254.987874659372,242.579850292932
16.65,60,0,3602.78977835154,109.026130057739,4,1.00133996207962,0.951339962079624,254.967227395957,242.560512442417
16.66,60,0,3603.18939036609,109.041043998248,4,1.00134116099161,0.951341160991609,254.946260319554,242.540871282874
16.67,60,0,3603.58859582292,109.055951550724,4,1.00134236215151,0.95134236215151,254.925097657057,242.521044576769
16.68,60,0,3603.98747375964,109.07085269745,4,1.00134356453512,0.951343564535117,254.903816908098,242.501105790957
16.69,60,0,3604.38607354279,109.085747428275,4,1.00134476750329,0.95134476750329,254.88246642677,242.48110076344
16.7,60,0,3604.78442602414,109.100635737768,4,1.00134597065715,0.951345970657151,254.861076385732,242.46105809691
16.71,60,0,3605.18255050071,109.115517623444,4,1.00134717374775,0.951347173747754,254.839665614312,242.440995640998
16.72,60,0,3605.58045905744,109.130393084654,4,1.00134837661973,0.951348376619725,254.818245863852,242.420924535661
16.73,60,0,3605.97815927708,109.145262121901,4,1.0013495791761,0.951349579176102,254.796824468591,242.400851733602
16.74,60,0,3606.37565593151,109.160124736399,4,1.00135078135638,0.951350781356381,254.77540600586,242.380781574064
16.75,60,0,3606.77295203744,109.174980929812,4,1.00135198312283,0.951351983122829,254.753993332046,242.360716764902
16.76,60,0,3607.17004951544,109.189830704083,4,1.00135318445193,0.951353184451928,254.732588229129,242.340658995464
16.77,60,0,3607.56694960145,109.204674061328,4,1.00135438532904,0.951354385329037,254.711191808233,242.320609319148
16.78,60,0,3607.96365310369,109.219511003771,4,1.00135558574506,0.951355585745064,254.689804761547,242.300568392217
16.79,60,0,3608.36016056319,109.234341533704,4,1.00135678569438,0.951356785694377,254.668427519606,242.280536622894
16.8,60,0,3608.75647235397,109.249165653462,4,1.00135798517351,0.951357985173514,254.647060349504,242.260514264463
16.81,60,0,3609.15258874569,109.263983365405,4,1.00135918418036,0.951359184180361,254.625703416231,242.240501473416
16.82,60,0,3609.54850994274,109.278794671909,4,1.00136038271365,0.951360382713651,254.604356820979,242.220498345769
16.83,60,0,3609.94423610874,109.29359957536,4,1.00136158077265,0.951361580772646,254.583020625073,242.200504939744
16.84,60,0,3610.33976738176,109.30839807815,4,1.00136277835694,0.951362778356937,254.561694864925,242.180521289946
16.85,60,0,3610.73510388388,109.323190182675,4,1.00136397546632,0.951363975466322,254.540379561374,242.160547416216
16.86,60,0,3611.13024572721,109.337975891333,4,1.00136517210073,0.951365172100729,254.519074725525,242.140583329167
16.87,60,0,3611.52519301755,109.352755206521,4,1.00136636826016,0.951366368260165,254.497780362396,242.120629033646
16.88,60,0,3611.91994585677,109.367528130639,4,1.00136756394469,0.951367563944689,254.476496473202,242.100684530889
16.89,60,0,3612.31450434425,109.382294666085,4,1.00136875915439,0.95136875915439,254.455223056778,242.080749819881
16.9,60,0,3612.70886857781,109.397054815259,4,1.00136995388938,0.95136995388938,254.433960110476,242.060824898196
16.91,60,0,3613.10303865427,109.411808580559,4,1.00137114814978,0.951371148149779,254.412707630714,242.040909762527
16.92,60,0,3613.49701466979,109.426555964383,4,1.00137234193572,0.951372341935718,254.391465613333,242.021004409016
16.93,60,0,3613.89079672012,109.441296969128,4,1.00137353524733,0.951373535247331,254.370234053811,242.001108833465
16.94,60,0,3614.28438490074,109.456031597192,4,1.00137472808476,0.951374728084757,254.349012947398,241.981223031457
16.95,60,0,3614.67777930694,109.470759850972,4,1.00137592044813,0.951375920448134,254.327802289207,241.961346998446
16.96,60,0,3615.07098003385,109.485481732862,4,1.0013771123376,0.951377112337603,254.306602074263,241.9414807298
16.97,60,0,3615.46398717652,109.50019724526,4,1.00137830375331,0.951378303753307,254.285412297534,241.921624220838
16.98,60,0,3615.8568008299,109.514906390558,4,1.00137949469539,0.951379494695387,254.26423295396,241.901777466849
16.99,60,0,3616.2494210889,109.529609171153,4,1.00138068516399,0.951380685163985,254.24306403846,241.881940463101
17,60,0,3616.64184804835,109.544305589437,4,1.00138187515924,0.951381875159245,254.22190554594,241.862113204853
17.01,60,0,3617.03408180302,109.558995647804,4,1.00138306468131,0.951383064681308,254.200757471302,241.842295687358
17.02,60,0,3617.42612244766,109.573679348646,4,1.00138425373032,0.951384253730317,254.179619809445,241.822487905865
17.03,60,0,3617.81797007693,109.588356694355,4,1.00138544230642,0.951385442306416,254.158492555266,241.802689855624
17.04,60,0,3618.20962478548,109.603027687324,4,1.00138663040975,0.951386630409746,254.13737570366,241.782901531881
17.05,60,0,3618.60108666789,109.617692329942,4,1.00138781804045,0.95138781804045,254.11626924953,241.76312292989
17.06,60,0,3618.9923558187,109.6323506246,4,1.00138900519867,0.951389005198672,254.095173187772,241.743354044898
17.07,60,0,3619.38343233242,109.647002573688,4,1.00139019188455,0.951390191884553,254.07408751329,241.723594872162
17.08,60,0,3619.7743163035,109.661648179595,4,1.00139137809824,0.951391378098238,254.053012220989,241.703845406936
17.09,60,0,3620.16500782634,109.676287444709,4,1.00139256383987,0.951392563839867,254.031947305775,241.684105644476
17.1,60,0,3620.55550699531,109.69092037142,4,1.00139374910959,0.951393749109586,254.010892762556,241.664375580041
17.11,60,0,3620.94581390471,109.705546962113,4,1.00139493390753,0.951394933907535,253.989848586244,241.644655208894
17.12,60,0,3621.33592864884,109.720167219176,4,1.00139611823386,0.951396118233858,253.968814771751,241.624944526298
17.13,60,0,3621.72585132191,109.734781144995,4,1.0013973020887,0.951397302088697,253.947791313995,241.605243527518
17.14,60,0,3622.1155820181,109.749388741957,4,1.0013984854722,0.951398485472196,253.926778207892,241.585552207822
17.15,60,0,3622.50512083156,109.763990012445,4,1.0013996683845,0.951399668384497,253.905775448364,241.565870562482
17.16,60,0,3622.89446785638,109.778584958845,4,1.00140085082574,0.951400850825742,253.884783030335,241.546198586769
17.17,60,0,3623.28362318661,109.793173583541,4,1.00140203279608,0.951402032796075,253.863800948728,241.526536275958
17.18,60,0,3623.67258691626,109.807755888917,4,1.00140321429564,0.951403214295638,253.842829198472,241.506883625325
17.19,60,0,3624.06135913927,109.822331877354,4,1.00140439532457,0.951404395324574,253.821867774499,241.487240630151
17.2,60,0,3624.44993994958,109.836901551235,4,1.00140557588303,0.951405575883026,253.800916671738,241.467607285715
17.21,60,0,3624.83832944105,109.851464912943,4,1.00140675597114,0.951406755971135,253.779975885128,241.447983587303
17.22,60,0,3625.2265277075,109.866021964858,4,1.00140793558905,0.951407935589046,253.759045409605,241.428369530199
17.23,60,0,3625.61453484272,109.88057270936,4,1.0014091147369,0.951409114736901,253.738125240108,241.408765109692
17.24,60,0,3626.00235094044,109.895117148831,4,1.00141029341484,0.951410293414842,253.71721537158,241.389170321072
17.25,60,0,3626.38997609437,109.909655285648,4,1.00141147162301,0.951411471623012,253.696315798966,241.369585159631
17.26,60,0,3626.77741039813,109.924187122192,4,1.00141264936155,0.951412649361554,253.675426517213,241.350009620664
17.27,60,0,3627.16465394535,109.93871266084,4,1.00141382663061,0.95141382663061,253.654547521271,241.330443699469
17.28,60,0,3627.55170682958,109.953231903969,4,1.00141500343032,0.951415003430323,253.633678806091,241.310887391343
17.29,60,0,3627.93856914433,109.967744853958,4,1.00141617976084,0.951416179760837,253.612820366628,241.291340691589
17.3,60,0,3628.32524098307,109.982251513183,4,1.00141735562229,0.951417355622292,253.591972197839,241.27180359551
17.31,60,0,3628.71172243924,109.996751884018,4,1.00141853101483,0.951418531014833,253.571134294683,241.252276098412
17.32,60,0,3629.09801360621,110.011245968841,4,1.0014197059386,0.951419705938602,253.550306652122,241.232758195604
17.33,60,0,3629.48411457731,110.025733770026,4,1.00142088039374,0.951420880393741,253.529489265118,241.213249882394
17.34,60,0,3629.87002544585,110.040215289947,4,1.00142205438039,0.951422054380393,253.508682128639,241.193751154096
17.35,60,0,3630.25574630507,110.054690530977,4,1.0014232278987,0.951423227898701,253.487885237654,241.174262006024
17.36,60,0,3630.64127724818,110.06915949549,4,1.00142440094881,0.951424400948807,253.467098587133,241.154782433496
17.37,60,0,3631.02661836833,110.083622185858,4,1.00142557353085,0.951425573530855,253.446322172051,241.135312431829
17.38,60,0,3631.41176975864,110.098078604453,4,1.00142674564499,0.951426745644985,253.425555987383,241.115851996346
17.39,60,0,3631.79673151219,110.112528753646,4,1.00142791729134,0.951427917291342,253.404800028108,241.096401122372
17.4,60,0,3632.18150372199,110.126972635809,4,1.00142908847007,0.951429088470068,253.384054289206,241.076959805229
17.41,60,0,3632.56608648104,110.141410253311,4,1.00143025918131,0.951430259181305,253.363318765659,241.057528040247
17.42,60,0,3632.95047988227,110.155841608523,4,1.0014314294252,0.951431429425197,253.342593452455,241.038105822756
17.43,60,0,3633.33468401858,110.170266703812,4,1.00143259920188,0.951432599201884,253.321878344581,241.018693148088
17.44,60,0,3633.71869898282,110.184685541547,4,1.00143376851151,0.951433768511512,253.301173437027,240.999290011579
17.45,60,0,3634.10252486779,110.199098124097,4,1.00143493735422,0.95143493735422,253.280478724787,240.979896408564
17.46,60,0,3634.48616176625,110.213504453829,4,1.00143610573015,0.951436105730154,253.259794202853,240.960512334383
17.47,60,0,3634.86960977094,110.227904533108,4,1.00143727363945,0.951437273639454,253.239119866225,240.941137784376
17.48,60,0,3635.25286897451,110.242298364303,4,1.00143844108226,0.951438441082263,253.218455709902,240.921772753888
17.49,60,0,3635.6359394696,110.256685949777,4,1.00143960805873,0.951439608058725,253.197801728886,240.902417238262
17.5,60,0,3636.0188213488,110.271067291896,4,1.00144077456898,0.951440774568981,253.177157918183,240.883071232849
17.51,60,0,3636.40151470464,110.285442393025,4,1.00144194061318,0.951441940613175,253.156524272799,240.863734732998
17.52,60,0,3636.78401962963,110.299811255527,4,1.00144310619145,0.951443106191448,253.135900787742,240.84440773406
17.53,60,0,3637.16633621622,110.314173881765,4,1.00144427130394,0.951444271303944,253.115287458026,240.82509023139
17.54,60,0,3637.54846455682,110.328530274102,4,1.0014454359508,0.951445435950804,253.094684278665,240.805782220345
17.55,60,0,3637.9304047438,110.3428804349,4,1.00144660013217,0.951446600132171,253.074091244673,240.786483696283
17.56,60,0,3638.31215686947,110.357224366521,4,1.00144776384819,0.951447763848189,253.053508351071,240.767194654566
17.57,60,0,3638.69372102612,110.371562071326,4,1.001448927099,0.951448927098998,253.03293559288,240.747915090556
17.58,60,0,3639.07509730598,110.385893551674,4,1.00145008988474,0.951450089884743,253.012372965123,240.728644999619
17.59,60,0,3639.45628580125,110.400218809926,4,1.00145125220556,0.951451252205564,252.991820462827,240.709384377122
17.6,60,0,3639.83728660406,110.41453784844,4,1.00145241406161,0.951452414061606,252.971278081019,240.690133218436
17.61,60,0,3640.21809980652,110.428850669576,4,1.00145357545301,0.95145357545301,252.950745814731,240.670891518931
17.62,60,0,3640.59872550069,110.443157275691,4,1.00145473637992,0.951454736379919,252.930223658997,240.651659273985
17.63,60,0,3640.97916377859,110.457457669143,4,1.00145589684247,0.951455896842475,252.909711608849,240.632436478969
17.64,60,0,3641.35941473219,110.471751852289,4,1.00145705684082,0.95145705684082,252.889209659328,240.613223129266
17.65,60,0,3641.73947845341,110.486039827485,4,1.0014582163751,0.951458216375098,252.868717805473,240.594019220253
17.66,60,0,3642.11935503414,110.500321597085,4,1.00145937544545,0.951459375445451,252.848236042326,240.574824747316
17.67,60,0,3642.49904456621,110.514597163447,4,1.00146053405202,0.95146053405202,252.827764364934,240.555639705838
17.68,60,0,3642.87854714143,110.528866528924,4,1.00146169219495,0.951461692194949,252.807302768342,240.536464091207
17.69,60,0,3643.25786285155,110.543129695869,4,1.00146284987438,0.95146284987438,252.786851247601,240.517297898813
17.7,60,0,3643.63699178828,110.557386666637,4,1.00146400709046,0.951464007090456,252.766409797763,240.498141124048
17.71,60,0,3644.01593404328,110.571637443581,4,1.00146516384332,0.951465163843318,252.745978413881,240.478993762303
17.72,60,0,3644.39468970817,110.585882029051,4,1.00146632013311,0.951466320133109,252.725557091013,240.459855808977
17.73,60,0,3644.77325887454,110.600120425401,4,1.00146747595997,0.951467475959973,252.705145824219,240.440727259467
17.74,60,0,3645.15164163391,110.61435263498,4,1.00146863132405,0.95146863132405,252.684744608558,240.421608109172
17.75,60,0,3645.52983807778,110.62857866014,4,1.00146978622548,0.951469786225484,252.664353439097,240.402498353497
17.76,60,0,3645.9078482976,110.64279850323,4,1.00147094066442,0.951470940664416,252.643972310899,240.383397987845
17.77,60,0,3646.28567238476,110.657012166599,4,1.00147209464099,0.951472094640989,252.623601219034,240.364307007624
17.78,60,0,3646.66331043064,110.671219652596,4,1.00147324815535,0.951473248155347,252.603240158573,240.345225408243
17.79,60,0,3647.04076252654,110.68542096357,4,1.00147440120763,0.95147440120763,252.58288912459,240.326153185112
17.8,60,0,3647.41802876374,110.699616101867,4,1.00147555379798,0.951475553797981,252.562548112158,240.307090333645
17.81,60,0,3647.79510923347,110.713805069835,4,1.00147670592654,0.951476705926543,252.542217116358,240.288036849258
17.82,60,0,3648.17200402692,110.72798786982,4,1.00147785759346,0.951477857593459,252.521896132268,240.268992727369
17.83,60,0,3648.54871323522,110.742164504168,4,1.00147900879887,0.951479008798869,252.501585154972,240.249957963396
17.84,60,0,3648.92523694948,110.756334975223,4,1.00148015954292,0.951480159542917,252.481284179555,240.230932552763
17.85,60,0,3649.30157526076,110.770499285331,4,1.00148130982575,0.951481309825745,252.460993201103,240.211916490894
17.86,60,0,3649.67772826007,110.784657436836,4,1.0014824596475,0.951482459647496,252.440712214708,240.192909773216
17.87,60,0,3650.05369603837,110.79880943208,4,1.00148360900831,0.951483609008311,252.42044121546,240.173912395156
17.88,60,0,3650.42947868659,110.812955273407,4,1.00148475790833,0.951484757908333,252.400180198453,240.154924352145
17.89,60,0,3650.80507629562,110.827094963159,4,1.0014859063477,0.951485906347704,252.379929158785,240.135945639616
17.9,60,0,3651.1804889563,110.841228503677,4,1.00148705432657,0.951487054326567,252.359688091556,240.116976253006
17.91,60,0,3651.55571675942,110.855355897303,4,1.00148820184506,0.951488201845063,252.339456991865,240.09801618775
17.92,60,0,3651.93075979572,110.869477146378,4,1.00148934890334,0.951489348903336,252.319235854818,240.079065439288
17.93,60,0,3652.30561815594,110.88359225324,4,1.00149049550153,0.951490495501527,252.29902467552,240.060124003062
17.94,60,0,3652.68029193072,110.897701220229,4,1.00149164163978,0.951491641639779,252.278823449078,240.041191874516
17.95,60,0,3653.0547812107,110.911804049685,4,1.00149278731823,0.951492787318233,252.258632170605,240.022269049094
17.96,60,0,3653.42908608645,110.925900743945,4,1.00149393253703,0.951493932537033,252.238450835214,240.003355522247
17.97,60,0,3653.8032066485,110.939991305346,4,1.00149507729632,0.95149507729632,252.218279438019,239.984451289422
17.98,60,0,3654.17714298736,110.954075736226,4,1.00149622159624,0.951496221596236,252.198117974138,239.965556346074
17.99,60,0,3654.55089519348,110.968154038922,4,1.00149736543692,0.951497365436924,252.177966438693,239.946670687657
18,60,0,3654.92446335725,110.982226215768,4,1.00149850881853,0.951498508818527,252.157824826804,239.927794309627
18.01,60,0,3655.29784756905,110.9962922691,4,1.00149965174118,0.951499651741185,252.137693133597,239.908927207443
18.02,60,0,3655.6710479192,111.010352201252,4,1.00150079420504,0.951500794205042,252.117571354198,239.890069376566
18.03,60,0,3656.04406449797,111.02440601456,4,1.00150193621024,0.951501936210239,252.097459483739,239.87122081246
18.04,60,0,3656.4168973956,111.038453711355,4,1.00150307775692,0.95150307775692,252.07735751735,239.85238151059
18.05,60,0,3656.78954670227,111.052495293971,4,1.00150421884522,0.951504218845225,252.057265450164,239.833551466422
18.06,60,0,3657.16201250815,111.066530764741,4,1.0015053594753,0.951505359475297,252.037183277319,239.814730675427
18.07,60,0,3657.53429490334,111.080560125995,4,1.00150649964728,0.951506499647279,252.017110993953,239.795919133076
18.08,60,0,3657.90639397789,111.094583380065,4,1.00150763936131,0.951507639361312,251.997048595207,239.777116834843
18.09,60,0,3658.27830982183,111.108600529282,4,1.00150877861754,0.951508778617538,251.976996076226,239.758323776206
18.1,60,0,3658.65004252513,111.122611575975,4,1.0015099174161,0.951509917416101,251.956953432153,239.73953995264
18.11,60,0,3659.02159217774,111.136616522474,4,1.00151105575714,0.951511055757141,251.936920658138,239.720765359628
18.12,60,0,3659.39295886953,111.150615371107,4,1.0015121936408,0.951512193640801,251.916897749331,239.701999992652
18.13,60,0,3659.76414269037,111.164608124203,4,1.00151333106722,0.951513331067223,251.896884700884,239.683243847194
18.14,60,0,3660.13514373004,111.178594784088,4,1.00151446803655,0.951514468036549,251.876881507953,239.664496918745
18.15,60,0,3660.50596207833,111.192575353091,4,1.00151560454892,0.951515604548922,251.856888165694,239.645759202791
18.16,60,0,3660.87659782494,111.206549833537,4,1.00151674060448,0.951516740604483,251.836904669267,239.627030694823
18.17,60,0,3661.24705105955,111.220518227752,4,1.00151787620337,0.951517876203374,251.816931013835,239.608311390336
18.18,60,0,3661.6173218718,111.234480538062,4,1.00151901134574,0.951519011345738,251.796967194561,239.589601284824
18.19,60,0,3661.98741035128,111.24843676679,4,1.00152014603172,0.951520146031717,251.777013206613,239.570900373786
18.2,60,0,3662.35731658753,111.262386916261,4,1.00152128026145,0.951521280261452,251.757069045158,239.552208652719
18.21,60,0,3662.72704067007,111.276330988799,4,1.00152241403509,0.951522414035086,251.737134705368,239.533526117127
18.22,60,0,3663.09658268835,111.290268986726,4,1.00152354735276,0.95152354735276,251.717210182417,239.514852762514
18.23,60,0,3663.46594273179,111.304200912364,4,1.00152468021462,0.951524680214617,251.69729547148,239.496188584384
18.24,60,0,3663.83512088979,111.318126768035,4,1.0015258126208,0.951525812620799,251.677390567736,239.477533578247
18.25,60,0,3664.20411725165,111.332046556061,4,1.00152694457145,0.951526944571448,251.657495466364,239.458887739613
18.26,60,0,3664.57293190669,111.345960278761,4,1.00152807606671,0.951528076066706,251.637610162548,239.440251063993
18.27,60,0,3664.94156494415,111.359867938455,4,1.00152920710671,0.951529207106714,251.617734651473,239.421623546904
18.28,60,0,3665.31001645324,111.373769537463,4,1.00153033769161,0.951530337691615,251.597868928326,239.40300518386
18.29,60,0,3665.67828652311,111.387665078104,4,1.00153146782155,0.951531467821551,251.578012988296,239.384395970382
18.3,60,0,3666.0463752429,111.401554562695,4,1.00153259749666,0.951532597496663,251.558166826576,239.365795901991
18.31,60,0,3666.41428270168,111.415437993554,4,1.00153372671709,0.951533726717094,251.538330438359,239.347204974208
18.32,60,0,3666.7820089885,111.429315372998,4,1.00153485548299,0.951534855482986,251.518503818843,239.328623182559
18.33,60,0,3667.14955419233,111.443186703343,4,1.00153598379448,0.95153598379448,251.498686963226,239.310050522573
18.34,60,0,3667.51691840214,111.457051986905,4,1.00153711165172,0.951537111651719,251.478879866709,239.291486989778
18.35,60,0,3667.88410170683,111.470911226,4,1.00153823905484,0.951538239054844,251.459082524497,239.272932579706
18.36,60,0,3668.25110419527,111.484764422941,4,1.001539366004,0.951539366003997,251.439294931793,239.25438728789
18.37,60,0,3668.61792595629,111.498611580042,4,1.00154049249932,0.951540492499321,251.419517083807,239.235851109867
18.38,60,0,3668.98456707866,111.512452699618,4,1.00154161854096,0.951541618540957,251.399748975749,239.217324041174
18.39,60,0,3669.35102765113,111.52628778398,4,1.00154274412905,0.951542744129046,251.379990602831,239.198806077352
18.4,60,0,3669.71730776239,111.540116835441,4,1.00154386926373,0.951543869263732,251.360241960269,239.180297213942
18.41,60,0,3670.0834075011,111.553939856312,4,1.00154499394516,0.951544993945156,251.340503043279,239.161797446489
18.42,60,0,3670.44932695587,111.567756848905,4,1.00154611817346,0.951546118173459,251.320773847082,239.14330677054
18.43,60,0,3670.81506621526,111.58156781553,4,1.00154724194878,0.951547241948783,251.301054366898,239.124825181643
18.44,60,0,3671.18062536782,111.595372758497,4,1.00154836527127,0.951548365271271,251.281344597952,239.106352675348
18.45,60,0,3671.54600450201,111.609171680114,4,1.00154948814106,0.951549488141064,251.26164453547,239.087889247209
18.46,60,0,3671.91120370629,111.622964582691,4,1.0015506105583,0.951550610558304,251.241954174682,239.06943489278
18.47,60,0,3672.27622306905,111.636751468535,4,1.00155173252313,0.951551732523133,251.222273510817,239.050989607618
18.48,60,0,3672.64106267866,111.650532339955,4,1.00155285403569,0.951552854035692,251.202602539108,239.032553387282
18.49,60,0,3673.00572262342,111.664307199256,4,1.00155397509612,0.951553975096124,251.182941254794,239.014126227335
18.5,60,0,3673.37020299162,111.678076048745,4,1.00155509570457,0.95155509570457,251.163289653108,238.995708123338
18.51,60,0,3673.73450387148,111.691838890727,4,1.00155621586117,0.951556215861172,251.143647729294,238.977299070858
18.52,60,0,3674.0986253512,111.705595727509,4,1.00155733556607,0.951557335566072,251.124015478592,238.958899065462
18.53,60,0,3674.46256751891,111.719346561393,4,1.00155845481941,0.951558454819411,251.104392896248,238.94050810272
18.54,60,0,3674.82633046274,111.733091394685,4,1.00155957362133,0.951559573621331,251.084779977508,238.922126178204
18.55,60,0,3675.18991427073,111.746830229686,4,1.00156069197197,0.951560691971975,251.065176717622,238.903753287487
18.56,60,0,3675.55331903091,111.760563068701,4,1.00156180987148,0.951561809871483,251.04558311184,238.885389426144
18.57,60,0,3675.91654483127,111.77428991403,4,1.00156292732,0.951562927319997,251.025999155417,238.867034589756
18.58,60,0,3676.27959175972,111.788010767977,4,1.00156404431766,0.95156404431766,251.006424843609,238.848688773902
18.59,60,0,3676.64245990418,111.80172563284,4,1.00156516086461,0.951565160864613,250.986860171675,238.830351974164
18.6,60,0,3677.00514935249,111.815434510921,4,1.001566276961,0.951566276960997,250.967305134873,238.812024186126
18.61,60,0,3677.36766019246,111.829137404519,4,1.00156739260695,0.951567392606954,250.947759728468,238.793705405375
18.62,60,0,3677.72999251186,111.842834315934,4,1.00156850780263,0.951568507802627,250.928223947725,238.7753956275
18.63,60,0,3678.09214639843,111.856525247464,4,1.00156962254816,0.951569622548155,250.90869778791,238.757094848091
18.64,60,0,3678.45412193983,111.870210201407,4,1.00157073684368,0.951570736843682,250.889181244295,238.738803062742
18.65,60,0,3678.81591922372,111.883889180059,4,1.00157185068935,0.951571850689349,250.869674312149,238.720520267046
18.66,60,0,3679.17753833769,111.897562185719,4,1.0015729640853,0.951572964085298,250.850176986748,238.702246456601
18.67,60,0,3679.53897936931,111.911229220682,4,1.00157407703167,0.951574077031669,250.830689263368,238.683981627007
18.68,60,0,3679.90024240609,111.924890287243,4,1.00157518952861,0.951575189528605,250.811211137288,238.665725773864
18.69,60,0,3680.2613275355,111.938545387697,4,1.00157630157625,0.951576301576248,250.791742603789,238.647478892776
18.7,60,0,3680.62223484499,111.952194524339,4,1.00157741317474,0.951577413174738,250.772283658154,238.629240979348
18.71,60,0,3680.98296442193,111.965837699463,4,1.00157852432422,0.951578524324218,250.752834295668,238.611012029187
18.72,60,0,3681.34351635368,111.979474915362,4,1.00157963502483,0.951579635024829,250.73339451162,238.592792037904
18.73,60,0,3681.70389072755,111.993106174327,4,1.00158074527671,0.951580745276713,250.713964301299,238.574581001109
18.74,60,0,3682.06408763081,112.006731478652,4,1.00158185508001,0.951581855080011,250.694543659997,238.556378914417
18.75,60,0,3682.42410715066,112.020350830627,4,1.00158296443486,0.951582964434865,250.67513258301,238.538185773443
18.76,60,0,3682.78394937431,112.033964232543,4,1.00158407334142,0.951584073341416,250.655731065634,238.520001573806
18.77,60,0,3683.14361438889,112.04757168669,4,1.00158518179981,0.951585181799805,250.636339103167,238.501826311125
18.78,60,0,3683.50310228149,112.061173195359,4,1.00158628981018,0.951586289810175,250.616956690913,238.483659981023
18.79,60,0,3683.86241313918,112.074768760837,4,1.00158739737267,0.951587397372667,250.597583824172,238.465502579123
18.8,60,0,3684.22154704897,112.088358385413,4,1.00158850448742,0.951588504487422,250.578220498253,238.447354101052
18.81,60,0,3684.58050409783,112.101942071375,4,1.00158961115458,0.951589611154582,250.558866708463,238.429214542439
18.82,60,0,3684.9392843727,112.115519821011,4,1.00159071737429,0.951590717374289,250.539522450112,238.411083898914
18.83,60,0,3685.29788796046,112.129091636606,4,1.00159182314668,0.951591823146682,250.520187718512,238.392962166108
18.84,60,0,3685.65631494797,112.142657520446,4,1.00159292847191,0.951592928471906,250.500862508979,238.374849339658
18.85,60,0,3686.01456542203,112.156217474818,4,1.0015940333501,0.951594033350099,250.48154681683,238.356745415199
18.86,60,0,3686.37263946941,112.169771502005,4,1.0015951377814,0.951595137781405,250.462240637383,238.33865038837
18.87,60,0,3686.73053717683,112.183319604292,4,1.00159624176596,0.951596241765964,250.442943965962,238.320564254813
18.88,60,0,3687.08825863097,112.196861783963,4,1.00159734530392,0.951597345303918,250.423656797889,238.30248701017
18.89,60,0,3687.44580391848,112.2103980433,4,1.00159844839541,0.951598448395409,250.40437912849,238.284418650086
18.9,60,0,3687.80317312595,112.223928384586,4,1.00159955104058,0.951599551040577,250.385110953092,238.266359170208
18.91,60,0,3688.16036633994,112.237452810102,4,1.00160065323956,0.951600653239564,250.36585226703,238.248308566186
18.92,60,0,3688.51738364698,112.25097132213,4,1.00160175499251,0.951601754992511,250.346603065633,238.23026683367
18.93,60,0,3688.87422513352,112.264483922951,4,1.00160285629956,0.95160285629956,250.327363344237,238.212233968314
18.94,60,0,3689.23089088601,112.277990614843,4,1.00160395716085,0.951603957160852,250.30813309818,238.194209965773
18.95,60,0,3689.58738099084,112.291491400088,4,1.00160505757653,0.951605057576529,250.2889123228,238.176194821705
18.96,60,0,3689.94369553436,112.304986280962,4,1.00160615754673,0.951606157546731,250.26970101344,238.158188531769
18.97,60,0,3690.29983460287,112.318475259746,4,1.0016072570716,0.951607257071601,250.250499165444,238.140191091627
18.98,60,0,3690.65579828266,112.331958338715,4,1.00160835615128,0.951608356151278,250.231306774158,238.122202496943
18.99,60,0,3691.01158665993,112.345435520148,4,1.00160945478591,0.951609454785906,250.21212383493,238.104222743381
19,60,0,3691.36719982089,112.35890680632,4,1.00161055297562,0.951610552975624,250.192950343111,238.086251826611
19.01,60,0,3691.72263785166,112.372372199508,4,1.00161165072058,0.951611650720575,250.173786294054,238.068289742301
19.02,60,0,3692.07790083837,112.385831701985,4,1.0016127480209,0.951612748020899,250.154631683113,238.050336486123
19.03,60,0,3692.43298886705,112.399285316028,4,1.00161384487674,0.951613844876738,250.135486505649,238.032392053754
19.04,60,0,3692.78790202375,112.41273304391,4,1.00161494128823,0.951614941288232,250.116350757017,238.014456440866
19.05,60,0,3693.14264039442,112.426174887905,4,1.00161603725552,0.951616037255524,250.097224432582,237.996529643139
19.06,60,0,3693.49720406502,112.439610850284,4,1.00161713277875,0.951617132778754,250.078107527707,237.978611656254
19.07,60,0,3693.85159312144,112.453040933321,4,1.00161822785806,0.951618227858064,250.059000037759,237.960702475891
19.08,60,0,3694.20580764954,112.466465139286,4,1.00161932249359,0.951619322493594,250.039901958105,237.942802097736
19.09,60,0,3694.55984773512,112.479883470452,4,1.00162041668549,0.951620416685486,250.020813284117,237.924910517476
19.1,60,0,3694.91371346396,112.493295929087,4,1.00162151043388,0.951621510433882,250.001734011168,237.907027730797
19.11,60,0,3695.26740492179,112.506702517463,4,1.00162260373892,0.951622603738921,249.982664134633,237.889153733392
19.12,60,0,3695.62092219431,112.520103237848,4,1.00162369660075,0.951623696600747,249.963603649889,237.871288520951
19.13,60,0,3695.97426536716,112.53349809251,4,1.0016247890195,0.951624789019498,249.944552552315,237.85343208917
19.14,60,0,3696.32743452595,112.546887083718,4,1.00162588099532,0.951625880995318,249.925510837296,237.835584433746
19.15,60,0,3696.68042975624,112.560270213739,4,1.00162697252835,0.951626972528345,249.906478500212,237.817745550377
19.16,60,0,3697.03325114357,112.57364748484,4,1.00162806361872,0.951628063618723,249.887455536453,237.799915434764
19.17,60,0,3697.38589877343,112.587018899286,4,1.00162915426659,0.951629154266592,249.868441941405,237.78209408261
19.18,60,0,3697.73837273124,112.600384459345,4,1.00163024447209,0.951630244472093,249.84943771046,237.76428148962
19.19,60,0,3698.09067310242,112.613744167279,4,1.00163133423537,0.951631334235367,249.83044283901,237.746477651499
19.2,60,0,3698.44279997233,112.627098025354,4,1.00163242355655,0.951632423556555,249.811457322451,237.728682563959
19.21,60,0,3698.79475342629,112.640446035834,4,1.0016335124358,0.951633512435798,249.79248115618,237.710896222708
19.22,60,0,3699.14653354958,112.653788200982,4,1.00163460087324,0.951634600873237,249.773514335597,237.693118623461
19.23,60,0,3699.49814042744,112.667124523059,4,1.00163568886901,0.951635688869014,249.754556856103,237.675349761933
19.24,60,0,3699.84957414507,112.680455004329,4,1.00163677642327,0.951636776423269,249.735608713104,237.657589633841
19.25,60,0,3700.20083478763,112.693779647052,4,1.00163786353614,0.951637863536143,249.716669902004,237.639838234903
19.26,60,0,3700.55192244023,112.70709845349,4,1.00163895020778,0.951638950207777,249.697740418213,237.622095560842
19.27,60,0,3700.90283718794,112.720411425901,4,1.00164003643831,0.951640036438313,249.67882025714,237.604361607379
19.28,60,0,3701.25357911581,112.733718566547,4,1.00164112222789,0.95164112222789,249.659909414199,237.586636370242
19.29,60,0,3701.60414830883,112.747019877685,4,1.00164220757665,0.951642207576651,249.641007884805,237.568919845156
19.3,60,0,3701.95454485195,112.760315361575,4,1.00164329248474,0.951643292484735,249.622115664375,237.551212027851
19.31,60,0,3702.30476883008,112.773605020473,4,1.00164437695228,0.951644376952285,249.60323274833,237.53351291406
19.32,60,0,3702.6548203281,112.786888856637,4,1.00164546097944,0.95164546097944,249.584359132089,237.515822499515
19.33,60,0,3703.00469943083,112.800166872324,4,1.00164654456634,0.951646544566342,249.565494811078,237.498140779952
19.34,60,0,3703.35440622307,112.813439069788,4,1.00164762771313,0.951647627713132,249.546639780722,237.480467751108
19.35,60,0,3703.70394078957,112.826705451287,4,1.00164871041995,0.95164871041995,249.527794036451,237.462803408723
19.36,60,0,3704.05330321503,112.839966019074,4,1.00164979268694,0.951649792686938,249.508957573694,237.44514774854
19.37,60,0,3704.40249358412,112.853220775403,4,1.00165087451424,0.951650874514236,249.490130387882,237.427500766299
19.38,60,0,3704.75151198148,112.866469722528,4,1.00165195590198,0.951651955901985,249.471312474453,237.409862457749
19.39,60,0,3705.10035849168,112.879712862702,4,1.00165303685033,0.951653036850325,249.452503828844,237.392232818636
19.4,60,0,3705.44903319928,112.892950198176,4,1.0016541173594,0.951654117359399,249.433704446491,237.374611844711
19.41,60,0,3705.79753618878,112.906181731204,4,1.00165519742935,0.951655197429346,249.414914322839,237.356999531724
19.42,60,0,3706.14586754464,112.919407464036,4,1.00165627706031,0.951656277060307,249.39613345333,237.339395875431
19.43,60,0,3706.49402735129,112.932627398921,4,1.00165735625242,0.951657356252423,249.37736183341,237.321800871587
19.44,60,0,3706.84201569311,112.945841538111,4,1.00165843500584,0.951658435005835,249.358599458527,237.304214515949
19.45,60,0,3707.18983265445,112.959049883854,4,1.00165951332068,0.951659513320684,249.339846324132,237.286636804277
19.46,60,0,3707.53747831961,112.9722524384,4,1.00166059119711,0.95166059119711,249.321102425677,237.269067732335
19.47,60,0,3707.88495277286,112.985449203995,4,1.00166166863525,0.951661668635253,249.302367758617,237.251507295885
19.48,60,0,3708.2322560984,112.998640182888,4,1.00166274563526,0.951662745635256,249.283642318407,237.233955490693
19.49,60,0,3708.57938838043,113.011825377325,4,1.00166382219726,0.951663822197258,249.264926100509,237.216412312527
19.5,60,0,3708.92634970309,113.025004789553,4,1.0016648983214,0.951664898321401,249.246219100381,237.198877757158
19.51,60,0,3709.27314015047,113.038178421818,4,1.00166597400782,0.951665974007824,249.227521313489,237.181351820357
19.52,60,0,3709.61975980664,113.051346276363,4,1.00166704925667,0.951667049256668,249.208832735298,237.1638344979
19.53,60,0,3709.96620875561,113.064508355434,4,1.00166812406807,0.951668124068075,249.190153361275,237.14632578556
19.54,60,0,3710.31248708137,113.077664661275,4,1.00166919844218,0.951669198442185,249.17148318689,237.128825679118
19.55,60,0,3710.65859486786,113.090815196128,4,1.00167027237914,0.951670272379137,249.152822207616,237.111334174353
19.56,60,0,3711.00453219896,113.103959962237,4,1.00167134587907,0.951671345879074,249.134170418926,237.093851267046
19.57,60,0,3711.35029915855,113.117098961842,4,1.00167241894214,0.951672418942136,249.115527816297,237.076376952983
19.58,60,0,3711.69589583044,113.130232197187,4,1.00167349156846,0.951673491568462,249.096894395209,237.058911227949
19.59,60,0,3712.0413222984,113.143359670511,4,1.00167456375819,0.951674563758195,249.07827015114,237.041454087732
19.6,60,0,3712.38657864618,113.156481384054,4,1.00167563551147,0.951675635511474,249.059655079576,237.024005528124
19.61,60,0,3712.73166495747,113.169597340057,4,1.00167670682844,0.951676706828439,249.041049176,237.006565544916
19.62,60,0,3713.07658131593,113.182707540758,4,1.00167777770923,0.951677777709232,249.0224524359,236.989134133901
19.63,60,0,3713.42132780517,113.195811988395,4,1.00167884815399,0.951678848153994,249.003864854767,236.971711290877
19.64,60,0,3713.76590450877,113.208910685207,4,1.00167991816286,0.951679918162863,248.98528642809,236.954297011641
19.65,60,0,3714.11031151027,113.22200363343,4,1.00168098773598,0.951680987735981,248.966717151365,236.936891291995
19.66,60,0,3714.45454889316,113.235090835301,4,1.00168205687349,0.951682056873489,248.948157020088,236.919494127741
19.67,60,0,3714.7986167409,113.248172293056,4,1.00168312557553,0.951683125575527,248.929606029755,236.902105514682
19.68,60,0,3715.14251513691,113.26124800893,4,1.00168419384224,0.951684193842235,248.911064175869,236.884725448624
19.69,60,0,3715.48624416455,113.274317985158,4,1.00168526167375,0.951685261673754,248.892531453931,236.867353925377
19.7,60,0,3715.82980390717,113.287382223974,4,1.00168632907022,0.951686329070224,248.874007859446,236.84999094075
19.71,60,0,3716.17319444807,113.300440727612,4,1.00168739603179,0.951687396031786,248.855493387922,236.832636490557
19.72,60,0,3716.51641587049,113.313493498303,4,1.00168846255858,0.95168846255858,248.836988034866,236.81529057061
19.73,60,0,3716.85946825765,113.326540538282,4,1.00168952865075,0.951689528650747,248.818491795792,236.797953176727
19.74,60,0,3717.20235169273,113.339581849779,4,1.00169059430843,0.951690594308426,248.800004666211,236.780624304725
19.75,60,0,3717.54506625886,113.352617435025,4,1.00169165953176,0.951691659531759,248.781526641639,236.763303950426
19.76,60,0,3717.88761203913,113.365647296252,4,1.00169272432088,0.951692724320885,248.763057717594,236.745992109651
19.77,60,0,3718.22998911662,113.378671435688,4,1.00169378867594,0.951693788675944,248.744597889597,236.728688778224
19.78,60,0,3718.57219757431,113.391689855563,4,1.00169485259708,0.951694852597079,248.726147153169,236.711393951974
19.79,60,0,3718.91423749521,113.404702558105,4,1.00169591608443,0.951695916084427,248.707705503832,236.694107626726
19.8,60,0,3719.25610896223,113.417709545544,4,1.00169697913813,0.951696979138131,248.689272937117,236.676829798312
19.81,60,0,3719.59781205827,113.430710820105,4,1.00169804175833,0.95169804175833,248.670849448549,236.659560462565
19.82,60,0,3719.9393468662,113.443706384017,4,1.00169910394516,0.951699103945164,248.65243503366,236.642299615317
19.83,60,0,3720.28071346882,113.456696239504,4,1.00170016569877,0.951700165698773,248.634029687982,236.625047252406
19.84,60,0,3720.62191194891,113.469680388794,4,1.0017012270193,0.951701227019299,248.61563340705,236.60780336967
19.85,60,0,3720.96294238922,113.48265883411,4,1.00170228790688,0.951702287906881,248.597246186403,236.59056796295
19.86,60,0,3721.30380487242,113.495631577677,4,1.00170334836166,0.951703348361659,248.578868021579,236.573341028087
19.87,60,0,3721.64449948118,113.508598621719,4,1.00170440838377,0.951704408383774,248.560498908117,236.556122560925
19.88,60,0,3721.98502629812,113.521559968459,4,1.00170546797337,0.951705467973365,248.542138841565,236.538912557313
19.89,60,0,3722.32538540582,113.53451562012,4,1.00170652713057,0.951706527130573,248.523787817466,236.521711013096
19.9,60,0,3722.6655768868,113.547465578923,4,1.00170758585554,0.951707585855539,248.505445831369,236.504517924127
19.91,60,0,3723.00560082357,113.56040984709,4,1.0017086441484,0.951708644148402,248.487112878823,236.487333286255
19.92,60,0,3723.34545729859,113.573348426842,4,1.0017097020093,0.951709702009302,248.46878895538,236.470157095337
19.93,60,0,3723.68514639427,113.586281320398,4,1.00171075943838,0.951710759438379,248.450474056596,236.452989347228
19.94,60,0,3724.02466819299,113.599208529979,4,1.00171181643577,0.951711816435774,248.432168178026,236.435830037787
19.95,60,0,3724.3640227771,113.612130057803,4,1.00171287300163,0.951712873001627,248.413871315229,236.418679162873
19.96,60,0,3724.70321022888,113.625045906088,4,1.00171392913608,0.951713929136078,248.395583463766,236.40153671835
19.97,60,0,3725.0422306306,113.637956077053,4,1.00171498483927,0.951714984839266,248.3773046192,236.38440270008
19.98,60,0,3725.38108406447,113.650860572914,4,1.00171604011133,0.951716040111333,248.359034777096,236.36727710393
19.99,60,0,3725.71977061269,113.663759395887,4,1.00171709495242,0.951717094952417,248.34077393302,236.350159925769
20,60,0,3726.05829035738,113.676652548189,4,1.00171814936266,0.951718149362659,248.322522082542,236.333051161465
20.01,60,0,3726.39664338065,113.689540032035,4,1.0017192033422,0.9517192033422,248.304279221234,236.315950806892
20.02,60,0,3726.73482976456,113.702421849639,4,1.00172025689118,0.951720256891178,248.28604534467,236.298858857924
20.03,60,0,3727.07284959113,113.715298003216,4,1.00172131000973,0.951721310009734,248.267820448425,236.281775310436
20.04,60,0,3727.41070294235,113.728168494979,4,1.00172236269801,0.951722362698008,248.249604528076,236.264700160307
20.05,60,0,3727.74838990015,113.74103332714,4,1.00172341495614,0.95172341495614,248.231397579204,236.247633403416
20.06,60,0,3728.08591054644,113.753892501912,4,1.00172446678427,0.95172446678427,248.213199597391,236.230575035645
20.07,60,0,3728.42326496309,113.766746021507,4,1.00172551818254,0.951725518182537,248.195010578222,236.213525052879
20.08,60,0,3728.76045323192,113.779593888135,4,1.00172656915108,0.951726569151082,248.176830517282,236.196483451002
20.09,60,0,3729.09747543471,113.792436104007,4,1.00172761969005,0.951727619690045,248.15865941016,236.179450225905
20.1,60,0,3729.4343316532,113.805272671332,4,1.00172866979957,0.951728669799565,248.140497252448,236.162425373475
20.11,60,0,3729.77102196912,113.818103592321,4,1.00172971947978,0.951729719479783,248.122344039736,236.145408889604
20.12,60,0,3730.10754646411,113.83092886918,4,1.00173076873084,0.951730768730837,248.104199767622,236.128400770188
20.13,60,0,3730.44390521981,113.843748504119,4,1.00173181755287,0.951731817552869,248.0860644317,236.11140101112
20.14,60,0,3730.78009831781,113.856562499344,4,1.00173286594602,0.951732865946017,248.067938027572,236.0944096083
20.15,60,0,3731.11612583966,113.869370857062,4,1.00173391391042,0.951733913910422,248.049820550837,236.077426557626
20.16,60,0,3731.45198786686,113.88217357948,4,1.00173496144622,0.951734961446224,248.0317119971,236.060451855001
20.17,60,0,3731.78768448089,113.894970668802,4,1.00173600855356,0.951736008553562,248.013612361965,236.043485496327
20.18,60,0,3732.12321576317,113.907762127235,4,1.00173705523258,0.951737055232575,247.995521641041,236.026527477511
20.19,60,0,3732.4585817951,113.920547956981,4,1.0017381014834,0.951738101483405,247.977439829938,236.009577794461
20.2,60,0,3732.79378265803,113.933328160244,4,1.00173914730619,0.951739147306189,247.959366924267,235.992636443084
20.21,60,0,3733.12881843327,113.946102739228,4,1.00174019270107,0.951740192701069,247.941302919642,235.975703419294
20.22,60,0,3733.4636892021,113.958871696135,4,1.00174123766818,0.951741237668184,247.923247811679,235.958778719003
20.23,60,0,3733.79839504575,113.971635033168,4,1.00174228220767,0.951742282207674,247.905201595997,235.941862338128
20.24,60,0,3734.13293604542,113.984392752526,4,1.00174332631968,0.951743326319678,247.887164268217,235.924954272585
20.25,60,0,3734.46731228226,113.99714485641,4,1.00174437000434,0.951744370004335,247.869135823959,235.908054518293
20.26,60,0,3734.8015238374,114.009891347022,4,1.00174541326179,0.951745413261787,247.85111625885,235.891163071174
20.27,60,0,3735.1355707919,114.022632226559,4,1.00174645609217,0.951746456092171,247.833105568516,235.874279927152
20.28,60,0,3735.46945322681,114.035367497221,4,1.00174749849563,0.951747498495629,247.815103748585,235.85740508215
20.29,60,0,3735.80317122312,114.048097161206,4,1.0017485404723,0.951748540472299,247.797110794689,235.840538532098
20.3,60,0,3736.13672486181,114.060821220712,4,1.00174958202232,0.95174958202232,247.77912670246,235.823680272922
20.31,60,0,3736.47011422379,114.073539677934,4,1.00175062314583,0.951750623145834,247.761151467535,235.806830300556
20.32,60,0,3736.80333938994,114.086252535071,4,1.00175166384298,0.951751663842979,247.74318508555,235.789988610931
20.33,60,0,3737.13640044111,114.098959794317,4,1.00175270411389,0.951752704113894,247.725227552143,235.773155199982
20.34,60,0,3737.46929745809,114.111661457867,4,1.00175374395872,0.95175374395872,247.707278862958,235.756330063647
20.35,60,0,3737.80203052167,114.124357527916,4,1.0017547833776,0.951754783377595,247.689339013638,235.739513197864
20.36,60,0,3738.13459971256,114.137048006658,4,1.00175582237066,0.95175582237066,247.671407999827,235.722704598575
20.37,60,0,3738.46700511146,114.149732896286,4,1.00175686093805,0.951756860938053,247.653485817175,235.705904261721
20.38,60,0,3738.799246799,114.162412198993,4,1.00175789907992,0.951757899079915,247.63557246133,235.689112183248
20.39,60,0,3739.13132485581,114.175085916971,4,1.00175893679638,0.951758936796384,247.617667927946,235.672328359102
20.4,60,0,3739.46323936245,114.18775405241,4,1.0017599740876,0.951759974087601,247.599772212676,235.655552785232
20.41,60,0,3739.79499039945,114.200416607503,4,1.0017610109537,0.951761010953704,247.581885311176,235.638785457589
20.42,60,0,3740.12657804731,114.213073584438,4,1.00176204739483,0.951762047394833,247.564007219104,235.622026372124
20.43,60,0,3740.45800238649,114.225724985407,4,1.00176308341113,0.951763083411127,247.546137932122,235.605275524792
20.44,60,0,3740.78926349739,114.238370812597,4,1.00176411900273,0.951764119002727,247.528277445891,235.588532911551
20.45,60,0,3741.1203614604,114.251011068196,4,1.00176515416977,0.95176515416977,247.510425756077,235.571798528358
20.46,60,0,3741.45129635585,114.263645754394,4,1.0017661889124,0.951766188912397,247.492582858345,235.555072371172
20.47,60,0,3741.78206826405,114.276274873377,4,1.00176722323075,0.951767223230746,247.474748748365,235.538354435958
20.48,60,0,3742.11267726524,114.288898427331,4,1.00176825712496,0.951768257124958,247.456923421808,235.521644718678
20.49,60,0,3742.44312343967,114.301516418442,4,1.00176929059517,0.951769290595171,247.439106874345,235.504943215298
20.5,60,0,3742.7734068675,114.314128848896,4,1.00177032364152,0.951770323641524,247.421299101653,235.488249921787
20.51,60,0,3743.10352762888,114.326735720876,4,1.00177135626416,0.951771356264158,247.40350009941,235.471564834115
20.52,60,0,3743.43348580392,114.339337036569,4,1.00177238846321,0.951772388463211,247.385709863293,235.454887948253
20.53,60,0,3743.76328147268,114.351932798156,4,1.00177342023882,0.951773420238822,247.367928388984,235.438219260176
20.54,60,0,3744.0929147152,114.36452300782,4,1.00177445159113,0.951774451591131,247.350155672168,235.421558765859
20.55,60,0,3744.42238561147,114.377107667745,4,1.00177548252028,0.951775482520277,247.332391708529,235.404906461279
20.56,60,0,3744.75169424142,114.38968678011,4,1.0017765130264,0.951776513026399,247.314636493754,235.388262342417
20.57,60,0,3745.08084068499,114.402260347098,4,1.00177754310964,0.951777543109637,247.296890023534,235.371626405254
20.58,60,0,3745.40982502203,114.414828370889,4,1.00177857277013,0.951778572770128,247.279152293562,235.354998645773
20.59,60,0,3745.73864733239,114.427390853663,4,1.00177960200801,0.951779602008014,247.261423299529,235.338379059961
20.6,60,0,3746.06730769586,114.439947797598,4,1.00178063082343,0.951780630823432,247.243703037132,235.321767643803
20.61,60,0,3746.39580619221,114.452499204873,4,1.00178165921652,0.951781659216522,247.225991502069,235.305164393289
20.62,60,0,3746.72414290114,114.465045077666,4,1.00178268718742,0.951782687187423,247.208288690042,235.288569304413
20.63,60,0,3747.05231790235,114.477585418155,4,1.00178371473627,0.951783714736274,247.190594596751,235.271982373164
20.64,60,0,3747.38033127547,114.490120228516,4,1.00178474186321,0.951784741863213,247.1729092179,235.255403595539
20.65,60,0,3747.70818310011,114.502649510925,4,1.00178576856838,0.951785768568382,247.155232549197,235.238832967535
20.66,60,0,3748.03587345583,114.515173267558,4,1.00178679485192,0.951786794851917,247.137564586349,235.22227048515
20.67,60,0,3748.36340242216,114.527691500589,4,1.00178782071396,0.951787820713959,247.119905325068,235.205716144386
20.68,60,0,3748.6907700786,114.540204212193,4,1.00178884615465,0.951788846154645,247.102254761065,235.189169941246
20.69,60,0,3749.01797650459,114.552711404544,4,1.00178987117412,0.951789871174116,247.084612890056,235.172631871733
20.7,60,0,3749.34502177953,114.565213079814,4,1.00179089577251,0.95179089577251,247.066979707757,235.156101931855
20.71,60,0,3749.67190598282,114.577709240175,4,1.00179191994997,0.951791919949966,247.049355209887,235.13958011762
20.72,60,0,3749.99862919378,114.590199887801,4,1.00179294370662,0.951792943706624,247.031739392167,235.123066425039
20.73,60,0,3750.32519149171,114.602685024861,4,1.00179396704262,0.951793967042621,247.01413225032,235.106560850123
20.74,60,0,3750.65159295587,114.615164653526,4,1.0017949899581,0.951794989958097,246.996533780071,235.090063388887
20.75,60,0,3750.97783366547,114.627638775966,4,1.00179601245319,0.951796012453191,246.978943977147,235.073574037348
20.76,60,0,3751.30391369971,114.640107394351,4,1.00179703452804,0.951797034528042,246.961362837276,235.057092791523
20.77,60,0,3751.62983313772,114.65257051085,4,1.00179805618279,0.951798056182788,246.943790356192,235.040619647433
20.78,60,0,3751.95559205861,114.665028127629,4,1.00179907741757,0.951799077417569,246.926226529624,235.024154601098
20.79,60,0,3752.28119054144,114.677480246858,4,1.00180009823252,0.951800098232523,246.908671353313,235.007697648545
20.8,60,0,3752.60662866526,114.689926870702,4,1.00180111862779,0.951801118627788,246.891124822991,234.991248785796
20.81,60,0,3752.93190650904,114.702368001328,4,1.0018021386035,0.951802138603505,246.873586934401,234.974808008881
20.82,60,0,3753.25702415174,114.714803640902,4,1.00180315815981,0.951803158159811,246.856057683283,234.958375313829
20.83,60,0,3753.58198167228,114.727233791588,4,1.00180417729685,0.951804177296846,246.838537065381,234.941950696672
20.84,60,0,3753.90677914953,114.739658455552,4,1.00180519601475,0.951805196014748,246.821025076441,234.925534153443
20.85,60,0,3754.23141666233,114.752077634956,4,1.00180621431366,0.951806214313655,246.803521712211,234.909125680178
20.86,60,0,3754.55589428948,114.764491331964,4,1.00180723219371,0.951807232193707,246.786026968439,234.892725272912
20.87,60,0,3754.88021210974,114.776899548738,4,1.00180824965504,0.951808249655043,246.768540840879,234.876332927686
20.88,60,0,3755.20437020184,114.789302287441,4,1.0018092666978,0.9518092666978,246.751063325284,234.859948640541
20.89,60,0,3755.52836864446,114.801699550234,4,1.00181028332212,0.951810283322118,246.733594417409,234.843572407519
20.9,60,0,3755.85220751625,114.814091339277,4,1.00181129952814,0.951811299528136,246.716134113015,234.827204224666
20.91,60,0,3756.17588689582,114.826477656731,4,1.00181231531599,0.951812315315991,246.698682407858,234.810844088028
20.92,60,0,3756.49940686174,114.838858504755,4,1.00181333068582,0.951813330685822,246.681239297704,234.794491993654
20.93,60,0,3756.82276749255,114.851233885508,4,1.00181434563777,0.951814345637769,246.663804778314,234.778147937594
20.94,60,0,3757.14596886674,114.863603801148,4,1.00181536017197,0.951815360171969,246.646378845457,234.761811915901
20.95,60,0,3757.46901106276,114.875968253832,4,1.00181637428856,0.951816374288562,246.628961494899,234.745483924628
20.96,60,0,3757.79189415905,114.888327245719,4,1.00181738798769,0.951817387987685,246.611552722411,234.729163959833
20.97,60,0,3758.11461823398,114.900680778964,4,1.00181840126948,0.951818401269478,246.594152523766,234.712852017573
20.98,60,0,3758.4371833659,114.913028855723,4,1.00181941413408,0.951819414134079,246.576760894739,234.696548093909
20.99,60,0,3758.7595896331,114.92537147815,4,1.00182042658163,0.951820426581626,246.559377831105,234.680252184903
21,60,0,3759.08183711387,114.937708648402,4,1.00182143861226,0.951821438612258,246.542003328643,234.663964286617
21.01,60,0,3759.40392588643,114.950040368632,4,1.00182245022611,0.951822450226113,246.524637383132,234.647684395117
21.02,60,0,3759.72585602897,114.962366640992,4,1.00182346142333,0.95182346142333,246.507279990358,234.631412506472
21.03,60,0,3760.04762761964,114.974687467636,4,1.00182447220405,0.951824472204047,246.489931146104,234.615148616752
21.04,60,0,3760.36924073658,114.987002850716,4,1.0018254825684,0.951825482568402,246.472590846156,234.598892722027
21.05,60,0,3760.69069545785,114.999312792383,4,1.00182649251654,0.951826492516535,246.455259086304,234.582644818371
21.06,60,0,3761.01199186149,115.011617294788,4,1.00182750204858,0.951827502048583,246.437935862338,234.566404901859
21.07,60,0,3761.33313002551,115.023916360081,4,1.00182851116468,0.951828511164685,246.420621170052,234.550172968567
21.08,60,0,3761.65411002788,115.036209990413,4,1.00182951986498,0.951829519864979,246.403315005239,234.533949014575
21.09,60,0,3761.97493194652,115.048498187931,4,1.0018305281496,0.951830528149603,246.386017363696,234.517733035964
21.1,60,0,3762.29559585933,115.060780954785,4,1.0018315360187,0.951831536018696,246.368728241224,234.501525028817
21.11,60,0,3762.61610184415,115.073058293122,4,1.0018325434724,0.951832543472396,246.351447633623,234.485324989218
21.12,60,0,3762.9364499788,115.085330205089,4,1.00183355051084,0.951833550510841,246.334175536694,234.469132913252
21.13,60,0,3763.25664034106,115.097596692833,4,1.00183455713417,0.95183455713417,246.316911946245,234.452948797011
21.14,60,0,3763.57667300867,115.1098577585,4,1.00183556334252,0.951835563342521,246.299656858082,234.436772636582
21.15,60,0,3763.89654805933,115.122113404235,4,1.00183656913603,0.951836569136032,246.282410268014,234.420604428059
21.16,60,0,3764.21626557071,115.134363632183,4,1.00183757451484,0.951837574514841,246.265172171852,234.404444167535
21.17,60,0,3764.53582562043,115.146608444487,4,1.00183857947909,0.951838579479086,246.247942565409,234.388291851106
21.18,60,0,3764.85522828608,115.158847843292,4,1.00183958402891,0.951839584028906,246.230721444501,234.372147474872
21.19,60,0,3765.17447364521,115.17108183074,4,1.00184058816444,0.951840588164439,246.213508804944,234.356011034928
21.2,60,0,3765.49356177535,115.183310408973,4,1.00184159188582,0.951841591885823,246.196304642559,234.33988252738
21.21,60,0,3765.81249275395,115.195533580133,4,1.0018425951932,0.951842595193195,246.179108953166,234.32376194833
21.22,60,0,3766.13126665847,115.207751346361,4,1.0018435980867,0.951843598086695,246.161921732589,234.307649293883
21.23,60,0,3766.44988356631,115.219963709797,4,1.00184460056646,0.951844600566461,246.144742976653,234.291544560146
21.24,60,0,3766.76834355482,115.232170672582,4,1.00184560263263,0.951845602632629,246.127572681186,234.275447743229
21.25,60,0,3767.08664670134,115.244372236854,4,1.00184660428534,0.951846604285339,246.110410842016,234.259358839243
21.26,60,0,3767.40479308316,115.256568404751,4,1.00184760552473,0.951847605524728,246.093257454975,234.243277844299
21.27,60,0,3767.72278277752,115.268759178412,4,1.00184860635094,0.951848606350935,246.076112515898,234.227204754513
21.28,60,0,3768.04061586165,115.280944559974,4,1.0018496067641,0.951849606764098,246.058976020618,234.211139566001
21.29,60,0,3768.35829241271,115.293124551574,4,1.00185060676435,0.951850606764353,246.041847964973,234.195082274883
21.3,60,0,3768.67581250785,115.305299155347,4,1.00185160635184,0.95185160635184,246.024728344805,234.179032877277
21.31,60,0,3768.99317622417,115.317468373429,4,1.0018526055267,0.951852605526696,246.007617155952,234.162991369307
21.32,60,0,3769.31038363874,115.329632207955,4,1.00185360428906,0.95185360428906,245.99051439426,234.146957747097
21.33,60,0,3769.62743482859,115.341790661059,4,1.00185460263907,0.951854602639069,245.973420055574,234.130932006771
21.34,60,0,3769.94432987069,115.353943734875,4,1.00185560057686,0.951855600576861,245.95633413574,234.114914144458
21.35,60,0,3770.26106884202,115.366091431536,4,1.00185659810257,0.951856598102574,245.93925663061,234.098904156289
21.36,60,0,3770.57765181947,115.378233753173,4,1.00185759521635,0.951857595216345,245.922187536035,234.082902038393
21.37,60,0,3770.89407887994,115.39037070192,4,1.00185859191831,0.951858591918314,245.905126847867,234.066907786905
21.38,60,0,3771.21035010026,115.402502279906,4,1.00185958820862,0.951859588208617,245.888074561963,234.05092139796
21.39,60,0,3771.52646555723,115.414628489262,4,1.00186058408739,0.951860584087392,245.871030674181,234.034942867695
21.4,60,0,3771.84242532763,115.426749332118,4,1.00186157955478,0.951861579554777,245.853995180379,234.018972192248
21.41,60,0,3772.15822948818,115.438864810604,4,1.00186257461091,0.951862574610911,245.836968076421,234.003009367762
21.42,60,0,3772.47387811558,115.450974926848,4,1.00186356925593,0.951863569255929,245.819949358168,233.987054390378
21.43,60,0,3772.78937128647,115.463079682978,4,1.00186456348997,0.951864563489972,245.802939021488,233.971107256241
21.44,60,0,3773.10470907749,115.475179081122,4,1.00186555731317,0.951865557313175,245.785937062247,233.955167961497
21.45,60,0,3773.4198915652,115.487273123406,4,1.00186655072568,0.951866550725677,245.768943476316,233.939236502294
21.46,60,0,3773.73491882616,115.499361811956,4,1.00186754372762,0.951867543727615,245.751958259566,233.923312874784
21.47,60,0,3774.04979093687,115.511445148899,4,1.00186853631913,0.951868536319128,245.73498140787,233.907397075118
21.48,60,0,3774.3645079738,115.523523136358,4,1.00186952850035,0.951869528500352,245.718012917105,233.891489099449
21.49,60,0,3774.67907001338,115.535595776459,4,1.00187052027143,0.951870520271426,245.701052783149,233.875588943933
21.5,60,0,3774.993477132,115.547663071324,4,1.00187151163249,0.951871511632487,245.68410100188,233.859696604728
21.51,60,0,3775.30772940604,115.559725023078,4,1.00187250258367,0.951872502583673,245.66715756918,233.843812077993
21.52,60,0,3775.6218269118,115.571781633842,4,1.00187349312512,0.951873493125121,245.650222480934,233.82793535989
21.53,60,0,3775.93576972558,115.583832905738,4,1.00187448325697,0.951874483256968,245.633295733027,233.812066446581
21.54,60,0,3776.24955792361,115.595878840888,4,1.00187547297935,0.951875472979353,245.616377321347,233.796205334232
21.55,60,0,3776.56319158212,115.607919441412,4,1.00187646229241,0.951876462292413,245.599467241782,233.780352019009
21.56,60,0,3776.87667077727,115.61995470943,4,1.00187745119628,0.951877451196285,245.582565490226,233.764506497081
21.57,60,0,3777.1899955852,115.631984647062,4,1.00187843969111,0.951878439691106,245.565672062572,233.748668764619
21.58,60,0,3777.50316608201,115.644009256426,4,1.00187942777702,0.951879427777016,245.548786954715,233.732838817794
21.59,60,0,3777.81618234376,115.65602853964,4,1.00188041545415,0.951880415454149,245.531910162553,233.717016652782
21.6,60,0,3778.12904444649,115.668042498823,4,1.00188140272265,0.951881402722645,245.515041681986,233.701202265757
21.61,60,0,3778.44175246617,115.68005113609,4,1.00188238958264,0.951882389582641,245.498181508915,233.685395652899
21.62,60,0,3778.75430647876,115.692054453558,4,1.00188337603427,0.951883376034273,245.481329639244,233.669596810386
21.63,60,0,3779.06670656019,115.704052453342,4,1.00188436207768,0.95188436207768,245.46448606888,233.653805734401
21.64,60,0,3779.37895278631,115.716045137559,4,1.001885347713,0.951885347712998,245.447650793728,233.638022421127
21.65,60,0,3779.69104523298,115.728032508322,4,1.00188633294037,0.951886332940366,245.430823809699,233.622246866748
21.66,60,0,3780.00298397601,115.740014567744,4,1.00188731775992,0.95188731775992,245.414005112705,233.606479067452
21.67,60,0,3780.31476909115,115.75199131794,4,1.0018883021718,0.951888302171798,245.397194698658,233.590719019428
21.68,60,0,3780.62640065415,115.763962761022,4,1.00188928617614,0.951889286176136,245.380392563476,233.574966718868
21.69,60,0,3780.93787874069,115.775928899101,4,1.00189026977307,0.951890269773073,245.363598703075,233.559222161962
21.7,60,0,3781.24920342644,115.787889734289,4,1.00189125296275,0.951891252962745,245.346813113374,233.543485344906
21.71,60,0,3781.56037478701,115.799845268697,4,1.00189223574529,0.95189223574529,245.330035790296,233.527756263897
21.72,60,0,3781.871392898,115.811795504435,4,1.00189321812084,0.951893218120845,245.313266729763,233.512034915131
21.73,60,0,3782.18225783494,115.823740443612,4,1.00189420008955,0.951894200089547,245.296505927701,233.49632129481
21.74,60,0,3782.49296967335,115.835680088337,4,1.00189518165153,0.951895181651533,245.279753380039,233.480615399135
21.75,60,0,3782.80352848871,115.847614440718,4,1.00189616280694,0.95189616280694,245.263009082705,233.46491722431
21.76,60,0,3783.11393435645,115.859543502864,4,1.00189714355591,0.951897143555907,245.246273031629,233.44922676654
21.77,60,0,3783.42418735198,115.87146727688,4,1.00189812389857,0.951898123898568,245.229545222747,233.433544022032
21.78,60,0,3783.73428755065,115.883385764874,4,1.00189910383506,0.951899103835063,245.212825651994,233.417868986996
21.79,60,0,3784.0442350278,115.89529896895,4,1.00190008336553,0.951900083365527,245.196114315306,233.402201657643
21.8,60,0,3784.35402985872,115.907206891215,4,1.0019010624901,0.951901062490099,245.179411208623,233.386542030185
21.81,60,0,3784.66367211867,115.919109533772,4,1.00190204120891,0.951902041208914,245.162716327886,233.370890100837
21.82,60,0,3784.97316188286,115.931006898727,4,1.00190301952211,0.95190301952211,245.146029669039,233.355245865815
21.83,60,0,3785.28249922647,115.942898988181,4,1.00190399742982,0.951903997429824,245.129351228028,233.339609321339
21.84,60,0,3785.59168422466,115.954785804237,4,1.00190497493219,0.951904974932194,245.112681000797,233.323980463626
21.85,60,0,3785.90071695253,115.966667348998,4,1.00190595202935,0.951905952029355,245.096018983297,233.308359288901
21.86,60,0,3786.20959748515,115.978543624565,4,1.00190692872144,0.951906928721445,245.079365171481,233.292745793386
21.87,60,0,3786.51832589756,115.990414633039,4,1.0019079050086,0.9519079050086,245.0627195613,233.277139973307
21.88,60,0,3786.82690226476,116.00228037652,4,1.00190888089096,0.951908880890959,245.04608214871,233.261541824893
21.89,60,0,3787.13532666171,116.014140857108,4,1.00190985636866,0.951909856368657,245.029452929667,233.245951344369
21.9,60,0,3787.44359916335,116.0259960769,4,1.00191083144183,0.951910831441831,245.01283190013,233.230368527971
21.91,60,0,3787.75171984455,116.037846037997,4,1.00191180611062,0.951911806110619,244.996219056061,233.214793371928
21.92,60,0,3788.05968878018,116.049690742495,4,1.00191278037516,0.951912780375157,244.979614393423,233.199225872477
21.93,60,0,3788.36750604506,116.061530192492,4,1.00191375423558,0.951913754235582,244.96301790818,233.183666025854
21.94,60,0,3788.67517171396,116.073364390084,4,1.00191472769203,0.951914727692031,244.9464295963,233.168113828297
21.95,60,0,3788.98268586163,116.085193337367,4,1.00191570074464,0.95191570074464,244.92984945375,233.152569276046
21.96,60,0,3789.29004856278,116.097017036436,4,1.00191667339355,0.951916673393547,244.913277476503,233.137032365343
21.97,60,0,3789.59725989208,116.108835489385,4,1.00191764563889,0.951917645638888,244.89671366053,233.121503092433
21.98,60,0,3789.90431992417,116.120648698309,4,1.0019186174808,0.951918617480799,244.880158001807,233.10598145356
21.99,60,0,3790.21122873366,116.132456665302,4,1.00191958891942,0.951919588919418,244.86361049631,233.090467444972
22,60,0,3790.51798639509,116.144259392455,4,1.00192055995488,0.951920559954881,244.847071140017,233.074961062918
22.01,60,0,3790.82459298301,116.156056881861,4,1.00192153058733,0.951921530587325,244.83053992891,233.059462303649
22.02,60,0,3791.13104857191,116.167849135612,4,1.00192250081689,0.951922500816886,244.814016858971,233.043971163419
22.03,60,0,3791.43735323623,116.179636155798,4,1.0019234706437,0.951923470643702,244.797501926184,233.028487638481
22.04,60,0,3791.7435070504,116.191417944509,4,1.00192444006791,0.951924440067908,244.780995126536,233.013011725093
22.05,60,0,3792.0495100888,116.203194503836,4,1.00192540908964,0.951925409089641,244.764496456014,232.997543419511
22.06,60,0,3792.35536242579,116.214965835867,4,1.00192637770904,0.951926377709038,244.748005910611,232.982082717998
22.07,60,0,3792.66106413566,116.226731942691,4,1.00192734592624,0.951927345926236,244.731523486317,232.966629616814
22.08,60,0,3792.96661529269,116.238492826395,4,1.00192831374137,0.95192831374137,244.715049179127,232.951184112223
22.09,60,0,3793.27201597114,116.250248489067,4,1.00192928115458,0.951929281154578,244.698582985037,232.93574620049
22.1,60,0,3793.57726624518,116.261998932793,4,1.001930248166,0.951930248165995,244.682124900047,232.920315877884
22.11,60,0,3793.882366189,116.27374415966,4,1.00193121477576,0.951931214775759,244.665674920153,232.904893140673
22.12,60,0,3794.18731587673,116.285484171751,4,1.00193218098401,0.951932180984006,244.649233041361,232.889477985127
22.13,60,0,3794.49211538245,116.297218971153,4,1.00193314679087,0.951933146790872,244.632799259673,232.874070407521
22.14,60,0,3794.79676478023,116.308948559949,4,1.00193411219649,0.951934112196494,244.616373571096,232.858670404127
22.15,60,0,3795.10126414409,116.320672940222,4,1.00193507720101,0.951935077201008,244.599955971637,232.843277971223
22.16,60,0,3795.40561354802,116.332392114057,4,1.00193604180455,0.95193604180455,244.583546457305,232.827893105086
22.17,60,0,3795.70981306596,116.344106083533,4,1.00193700600726,0.951937006007257,244.567145024115,232.812515801998
22.18,60,0,3796.01386277184,116.355814850734,4,1.00193796980926,0.951937969809265,244.550751668077,232.797146058239
22.19,60,0,3796.31776273953,116.367518417741,4,1.00193893321071,0.95193893321071,244.534366385208,232.781783870092
22.2,60,0,3796.62151304287,116.379216786632,4,1.00193989621173,0.951939896211729,244.517989171527,232.766429233844
22.21,60,0,3796.92511375567,116.390909959489,4,1.00194085881246,0.951940858812458,244.501620023051,232.751082145781
22.22,60,0,3797.22856495171,116.402597938391,4,1.00194182101303,0.951941821013033,244.485258935803,232.735742602191
22.23,60,0,3797.53186670471,116.414280725415,4,1.00194278281359,0.951942782813591,244.468905905806,232.720410599367
22.24,60,0,3797.83501908838,116.425958322641,4,1.00194374421427,0.951943744214268,244.452560929086,232.7050861336
22.25,60,0,3798.13802217638,116.437630732144,4,1.0019447052152,0.951944705215199,244.436224001669,232.689769201185
22.26,60,0,3798.44087604234,116.449297956002,4,1.00194566581652,0.951945665816521,244.419895119584,232.674459798417
22.27,60,0,3798.74358075986,116.46095999629,4,1.00194662601837,0.95194662601837,244.403574278864,232.659157921595
22.28,60,0,3799.04613640248,116.472616855085,4,1.00194758582088,0.951947585820883,244.387261475542,232.643863567019
22.29,60,0,3799.34854304373,116.48426853446,4,1.0019485452242,0.951948545224195,244.370956705651,232.628576730989
22.3,60,0,3799.65080075709,116.49591503649,4,1.00194950422844,0.951949504228443,244.354659965228,232.613297409809
22.31,60,0,3799.95290961601,116.507556363249,4,1.00195046283376,0.951950462833762,244.338371250314,232.598025599784
22.32,60,0,3800.25486969391,116.519192516809,4,1.00195142104029,0.951951421040289,244.322090556948,232.582761297221
22.33,60,0,3800.55668106416,116.530823499243,4,1.00195237884816,0.951952378848159,244.305817881174,232.567504498429
22.34,60,0,3800.85834380011,116.542449312622,4,1.00195333625751,0.95195333625751,244.289553219035,232.552255199717
22.35,60,0,3801.15985797506,116.554069959017,4,1.00195429326848,0.951954293268476,244.273296566578,232.537013397398
22.36,60,0,3801.46122366229,116.565685440499,4,1.00195524988119,0.951955249881193,244.257047919854,232.521779087787
22.37,60,0,3801.76244093502,116.577295759138,4,1.0019562060958,0.951956206095798,244.240807274909,232.506552267198
22.38,60,0,3802.06350986645,116.588900917003,4,1.00195716191243,0.951957161912427,244.224574627799,232.491332931949
22.39,60,0,3802.36443052976,116.600500916162,4,1.00195811733122,0.951958117331215,244.208349974576,232.47612107836
22.4,60,0,3802.66520299807,116.612095758683,4,1.0019590723523,0.951959072352299,244.192133311298,232.460916702752
22.41,60,0,3802.96582734447,116.623685446634,4,1.00196002697581,0.951960026975814,244.175924634021,232.445719801447
22.42,60,0,3803.26630364202,116.635269982081,4,1.0019609812019,0.951960981201895,244.159723938807,232.430530370771
22.43,60,0,3803.56663196374,116.64684936709,4,1.00196193503068,0.95196193503068,244.143531221717,232.415348407049
22.44,60,0,3803.86681238262,116.658423603727,4,1.0019628884623,0.951962888462304,244.127346478815,232.40017390661
22.45,60,0,3804.16684497161,116.669992694057,4,1.0019638414969,0.951963841496902,244.111169706166,232.385006865784
22.46,60,0,3804.46672980362,116.681556640144,4,1.00196479413461,0.95196479413461,244.095000899838,232.369847280902
22.47,60,0,3804.76646695153,116.693115444052,4,1.00196574637556,0.951965746375564,244.078840055902,232.354695148299
22.48,60,0,3805.06605648819,116.704669107843,4,1.0019666982199,0.9519666982199,244.062687170428,232.339550464309
22.49,60,0,3805.36549848641,116.716217633579,4,1.00196764966775,0.951967649667754,244.04654223949,232.32441322527
22.5,60,0,3805.66479301896,116.727761023324,4,1.00196860071926,0.951968600719261,244.030405259163,232.30928342752
22.51,60,0,3805.96394015857,116.739299279137,4,1.00196955137456,0.951969551374557,244.014276225525,232.2941610674
22.52,60,0,3806.26293997795,116.750832403079,4,1.00197050163378,0.951970501633777,243.998155134654,232.279046141253
22.53,60,0,3806.56179254978,116.76236039721,4,1.00197145149706,0.951971451497057,243.982041982632,232.263938645422
22.54,60,0,3806.86049794667,116.773883263589,4,1.00197240096453,0.951972400964533,243.965936765542,232.248838576254
22.55,60,0,3807.15905624122,116.785401004276,4,1.00197335003634,0.95197335003634,243.949839479469,232.233745930097
22.56,60,0,3807.45746750601,116.796913621327,4,1.00197429871261,0.951974298712614,243.933750120498,232.218660703299
22.57,60,0,3807.75573181354,116.808421116801,4,1.00197524699349,0.951975246993491,243.91766868472,232.203582892212
22.58,60,0,3808.05384923632,116.819923492754,4,1.00197619487911,0.951976194879106,243.901595168224,232.18851249319
22.59,60,0,3808.3518198468,116.831420751242,4,1.00197714236959,0.951977142369594,243.885529567104,232.173449502587
22.6,60,0,3808.6496437174,116.842912894321,4,1.00197808946509,0.951978089465091,243.869471877454,232.158393916759
22.61,60,0,3808.9473209205,116.854399924046,4,1.00197903616573,0.951979036165732,243.853422095368,232.143345732064
22.62,60,0,3809.24485152846,116.86588184247,4,1.00197998247165,0.951979982471654,243.837380216948,232.128304944864
22.63,60,0,3809.54223561359,116.877358651649,4,1.00198092838299,0.95198092838299,243.821346238291,232.113271551519
22.64,60,0,3809.83947324816,116.888830353634,4,1.00198187389988,0.951981873899878,243.805320155501,232.098245548394
22.65,60,0,3810.13656450442,116.900296950478,4,1.00198281902245,0.951982819022451,243.789301964682,232.083226931853
22.66,60,0,3810.43350945458,116.911758444233,4,1.00198376375085,0.951983763750846,243.773291661938,232.068215698264
22.67,60,0,3810.73030817082,116.92321483695,4,1.0019847080852,0.951984708085198,243.757289243378,232.053211843996
22.68,60,0,3811.02696072527,116.93466613068,4,1.00198565202564,0.951985652025642,243.741294705111,232.038215365419
22.69,60,0,3811.32346719004,116.946112327473,4,1.00198659557231,0.951986595572313,243.72530804325,232.023226258907
22.7,60,0,3811.61982763719,116.957553429377,4,1.00198753872535,0.951987538725346,243.709329253907,232.008244520832
22.71,60,0,3811.91604213876,116.968989438442,4,1.00198848148488,0.951988481484878,243.693358333197,231.99327014757
22.72,60,0,3812.21211076674,116.980420356716,4,1.00198942385104,0.951989423851043,243.677395277238,231.978303135501
22.73,60,0,3812.5080335931,116.991846186246,4,1.00199036582398,0.951990365823977,243.661440082149,231.963343481002
22.74,60,0,3812.80381068977,117.00326692908,4,1.00199130740381,0.951991307403814,243.645492744051,231.948391180456
22.75,60,0,3813.09944212864,117.014682587262,4,1.00199224859069,0.95199224859069,243.629553259067,231.933446230244
22.76,60,0,3813.39492798157,117.026093162839,4,1.00199318938474,0.95199318938474,243.613621623321,231.918508626752
22.77,60,0,3813.69026832039,117.037498657857,4,1.0019941297861,0.951994129786098,243.597697832941,231.903578366368
22.78,60,0,3813.98546321687,117.048899074358,4,1.0019950697949,0.951995069794901,243.581781884055,231.888655445477
22.79,60,0,3814.28051274277,117.060294414387,4,1.00199600941128,0.951996009411284,243.565873772793,231.873739860471
22.8,60,0,3814.57541696981,117.071684679988,4,1.00199694863538,0.95199694863538,243.549973495287,231.858831607741
22.81,60,0,3814.87017596968,117.083069873201,4,1.00199788746733,0.951997887467326,243.534081047672,231.84393068368
22.82,60,0,3815.16478981403,117.094449996071,4,1.00199882590726,0.951998825907256,243.518196426083,231.829037084684
22.83,60,0,3815.45925857446,117.105825050637,4,1.00199976395531,0.951999763955306,243.50231962666,231.81415080715
22.84,60,0,3815.75358232255,117.11719503894,4,1.00200070161161,0.952000701611611,243.486450645541,231.799271847476
22.85,60,0,3816.04776112985,117.12855996302,4,1.0020016388763,0.952001638876304,243.470589478869,231.784400202063
22.86,60,0,3816.34179506787,117.139919824918,4,1.00200257574952,0.952002575749522,243.454736122786,231.769535867313
22.87,60,0,3816.63568420809,117.15127462667,4,1.0020035122314,0.952003512231399,243.438890573439,231.75467883963
22.88,60,0,3816.92942862193,117.162624370317,4,1.00200444832207,0.952004448322071,243.423052826975,231.739829115419
22.89,60,0,3817.22302838081,117.173969057894,4,1.00200538402167,0.952005384021671,243.407222879544,231.724986691089
22.9,60,0,3817.5164835561,117.18530869144,4,1.00200631933034,0.952006319330335,243.391400727295,231.710151563047
22.91,60,0,3817.80979421912,117.19664327299,4,1.0020072542482,0.952007254248198,243.375586366383,231.695323727705
22.92,60,0,3818.10296044119,117.207972804579,4,1.00200818877539,0.952008188775395,243.359779792962,231.680503181476
22.93,60,0,3818.39598229356,117.219297288244,4,1.00200912291206,0.95200912291206,243.343981003188,231.665689920774
22.94,60,0,3818.68885984747,117.230616726019,4,1.00201005665833,0.952010056658328,243.328189993222,231.650883942015
22.95,60,0,3818.98159317412,117.241931119936,4,1.00201099001433,0.952010990014334,243.312406759223,231.636085241618
22.96,60,0,3819.27418234465,117.25324047203,4,1.00201192298021,0.952011922980212,243.296631297354,231.621293816001
22.97,60,0,3819.56662743021,117.264544784333,4,1.0020128555561,0.952012855556098,243.280863603778,231.606509661586
22.98,60,0,3819.85892850188,117.275844058877,4,1.00201378774213,0.952013787742126,243.265103674661,231.591732774795
22.99,60,0,3820.15108563072,117.287138297694,4,1.00201471953843,0.95201471953843,243.249351506174,231.576963152055
23,60,0,3820.44309888776,117.298427502813,4,1.00201565094515,0.952015650945146,243.233607094484,231.562200789791
23.01,60,0,3820.73496834397,117.309711676265,4,1.00201658196241,0.952016581962407,243.217870435763,231.547445684431
23.02,60,0,3821.02669407032,117.32099082008,4,1.00201751259035,0.95201751259035,243.202141526186,231.532697832406
23.03,60,0,3821.31827613773,117.332264936286,4,1.00201844282911,0.952018442829107,243.186420361927,231.517957230147
23.04,60,0,3821.60971461707,117.343534026911,4,1.00201937267881,0.952019372678814,243.170706939165,231.503223874087
23.05,60,0,3821.9010095792,117.354798093984,4,1.00202030213961,0.952020302139605,243.155001254078,231.488497760663
23.06,60,0,3822.19216109493,117.366057139531,4,1.00202123121162,0.952021231211615,243.139303302846,231.47377888631
23.07,60,0,3822.48316923505,117.377311165578,4,1.00202215989498,0.952022159894979,243.123613081654,231.459067247468
23.08,60,0,3822.7740340703,117.388560174151,4,1.00202308818983,0.95202308818983,243.107930586686,231.444362840576
23.09,60,0,3823.06475567139,117.399804167276,4,1.0020240160963,0.952024016096303,243.09225581413,231.429665662078
23.1,60,0,3823.355334109,117.411043146977,4,1.00202494361453,0.952024943614532,243.076588760172,231.414975708415
23.11,60,0,3823.64576945377,117.422277115277,4,1.00202587074465,0.952025870744653,243.060929421004,231.400292976036
23.12,60,0,3823.93606177632,117.4335060742,4,1.0020267974868,0.952026797486799,243.045277792817,231.385617461385
23.13,60,0,3824.22621114721,117.444730025768,4,1.00202772384111,0.952027723841105,243.029633871806,231.370949160913
23.14,60,0,3824.51621763698,117.455948972005,4,1.00202864980771,0.952028649807705,243.013997654168,231.356288071071
23.15,60,0,3824.80608131615,117.46716291493,4,1.00202957538673,0.952029575386734,242.9983691361,231.34163418831
23.16,60,0,3825.09580225517,117.478371856564,4,1.00203050057832,0.952030500578325,242.982748313801,231.326987509085
23.17,60,0,3825.38538052449,117.489575798929,4,1.00203142538261,0.952031425382613,242.967135183473,231.312348029852
23.18,60,0,3825.67481619452,117.500774744043,4,1.00203234979973,0.952032349799733,242.951529741319,231.297715747067
23.19,60,0,3825.96410933561,117.511968693925,4,1.00203327382982,0.952033273829818,242.935931983545,231.283090657192
23.2,60,0,3826.2532600181,117.523157650593,4,1.002034197473,0.952034197473002,242.920341906357,231.268472756686
23.21,60,0,3826.54226831229,117.534341616066,4,1.00203512072942,0.952035120729421,242.904759505965,231.253862042013
23.22,60,0,3826.83113428845,117.54552059236,4,1.00203604359921,0.952036043599208,242.88918477858,231.239258509636
23.23,60,0,3827.1198580168,117.556694581491,4,1.0020369660825,0.952036966082497,242.873617720414,231.224662156023
23.24,60,0,3827.40843956754,117.567863585476,4,1.00203788817942,0.952037888179422,242.858058327681,231.21007297764
23.25,60,0,3827.69687901084,117.57902760633,4,1.00203880989012,0.952038809890118,242.842506596598,231.195490970958
23.26,60,0,3827.98517641683,117.590186646067,4,1.00203973121472,0.952039731214718,242.826962523383,231.180916132448
23.27,60,0,3828.27333185559,117.601340706701,4,1.00204065215336,0.952040652153357,242.811426104257,231.166348458583
23.28,60,0,3828.56134539718,117.612489790245,4,1.00204157270617,0.952041572706168,242.79589733544,231.151787945838
23.29,60,0,3828.84921711164,117.623633898712,4,1.00204249287329,0.952042492873287,242.780376213157,231.137234590689
23.3,60,0,3829.13694706895,117.634773034115,4,1.00204341265485,0.952043412654846,242.764862733633,231.122688389613
23.31,60,0,3829.42453533907,117.645907198464,4,1.00204433205098,0.952044332050979,242.749356893096,231.108149339093
23.32,60,0,3829.71198199193,117.65703639377,4,1.00204525106182,0.952045251061821,242.733858687776,231.093617435608
23.33,60,0,3829.99928709741,117.668160622044,4,1.00204616968751,0.952046169687506,242.718368113902,231.079092675643
23.34,60,0,3830.28645072536,117.679279885296,4,1.00204708792817,0.952047087928167,242.702885167708,231.064575055681
23.35,60,0,3830.57347294561,117.690394185533,4,1.00204800578394,0.952048005783938,242.68740984543,231.050064572211
23.36,60,0,3830.86035382795,117.701503524766,4,1.00204892325495,0.952048923254954,242.671942143302,231.035561221719
23.37,60,0,3831.14709344212,117.712607905,4,1.00204984034135,0.952049840341347,242.656482057565,231.021065000697
23.38,60,0,3831.43369185785,117.723707328244,4,1.00205075704325,0.952050757043252,242.641029584457,231.006575905637
23.39,60,0,3831.72014914482,117.734801796504,4,1.0020516733608,0.952051673360803,242.625584720222,230.992093933031
23.4,60,0,3832.00646537268,117.745891311785,4,1.00205258929413,0.952052589294134,242.610147461103,230.977619079375
23.41,60,0,3832.29264061105,117.756975876093,4,1.00205350484338,0.952053504843377,242.594717803347,230.963151341166
23.42,60,0,3832.57867492951,117.768055491433,4,1.00205442000867,0.952054420008668,242.5792957432,230.948690714904
23.43,60,0,3832.8645683976,117.779130159809,4,1.00205533479014,0.952055334790139,242.563881276912,230.934237197086
23.44,60,0,3833.15032108486,117.790199883224,4,1.00205624918792,0.952056249187924,242.548474400735,230.919790784217
23.45,60,0,3833.43593306074,117.80126466368,4,1.00205716320216,0.952057163202157,242.533075110922,230.9053514728
23.46,60,0,3833.72140439471,117.81232450318,4,1.00205807683297,0.952058076832972,242.517683403726,230.890919259339
23.47,60,0,3834.00673515617,117.823379403726,4,1.0020589900805,0.952058990080502,242.502299275406,230.876494140343
23.48,60,0,3834.29192541451,117.834429367318,4,1.00205990294488,0.95205990294488,242.486922722221,230.86207611232
23.49,60,0,3834.57697523906,117.845474395956,4,1.00206081542624,0.952060815426242,242.471553740429,230.847665171781
23.5,60,0,3834.86188469915,117.856514491641,4,1.00206172752472,0.952061727524719,242.456192326295,230.833261315238
23.51,60,0,3835.14665386405,117.86754965637,4,1.00206263924045,0.952062639240445,242.440838476082,230.818864539205
23.52,60,0,3835.43128280299,117.878579892144,4,1.00206355057355,0.952063550573554,242.425492186055,230.804474840197
23.53,60,0,3835.7157715852,117.889605200959,4,1.00206446152418,0.95206446152418,242.410153452482,230.790092214731
23.54,60,0,3836.00012027985,117.900625584813,4,1.00206537209246,0.952065372092456,242.394822271634,230.775716659328
23.55,60,0,3836.28432895608,117.911641045702,4,1.00206628227851,0.952066282278515,242.379498639781,230.761348170507
23.56,60,0,3836.568397683,117.922651585622,4,1.00206719208249,0.952067192082491,242.364182553197,230.74698674479
23.57,60,0,3836.85232652968,117.933657206568,4,1.00206810150452,0.952068101504516,242.348874008157,230.732632378703
23.58,60,0,3837.13611556517,117.944657910536,4,1.00206901054473,0.952069010544726,242.333573000937,230.71828506877
23.59,60,0,3837.41976485848,117.955653699519,4,1.00206991920325,0.952069919203252,242.318279527817,230.70394481152
23.6,60,0,3837.70327447857,117.96664457551,4,1.00207082748023,0.952070827480229,242.302993585076,230.68961160348
23.61,60,0,3837.98664449439,117.977630540503,4,1.00207173537579,0.952071735375788,242.287715168998,230.675285441183
23.62,60,0,3838.26987497484,117.98861159649,4,1.00207264289007,0.952072642890065,242.272444275866,230.66096632116
23.63,60,0,3838.55296598881,117.999587745462,4,1.00207355002319,0.952073550023192,242.257180901967,230.646654239946
23.64,60,0,3838.83591760511,118.01055898941,4,1.0020744567753,0.952074456775302,242.241925043587,230.632349194076
23.65,60,0,3839.11872989257,118.021525330325,4,1.00207536314653,0.952075363146528,242.226676697017,230.618051180089
23.66,60,0,3839.40140291996,118.032486770196,4,1.002076269137,0.952076269137004,242.211435858547,230.603760194522
23.67,60,0,3839.68393675601,118.043443311012,4,1.00207717474686,0.952077174746863,242.196202524473,230.589476233919
23.68,60,0,3839.96633146942,118.054394954763,4,1.00207807997624,0.952078079976238,242.180976691087,230.57519929482
23.69,60,0,3840.24858712888,118.065341703435,4,1.00207898482526,0.952078984825262,242.165758354688,230.560929373771
23.7,60,0,3840.53070380301,118.076283559016,4,1.00207988929407,0.952079889294068,242.150547511573,230.546666467317
23.71,60,0,3840.81268156042,118.087220523493,4,1.00208079338279,0.95208079338279,242.135344158044,230.532410572005
23.72,60,0,3841.09452046969,118.098152598852,4,1.00208169709156,0.952081697091559,242.120148290401,230.518161684385
23.73,60,0,3841.37622059934,118.109079787078,4,1.00208260042051,0.952082600420511,242.104959904951,230.503919801009
23.74,60,0,3841.65778201789,118.120002090155,4,1.00208350336978,0.952083503369776,242.089778997998,230.489684918428
23.75,60,0,3841.93920479381,118.130919510069,4,1.00208440593949,0.952084405939489,242.074605565849,230.475457033198
23.76,60,0,3842.22048899552,118.141832048802,4,1.00208530812978,0.952085308129782,242.059439604816,230.461236141874
23.77,60,0,3842.50163469144,118.152739708337,4,1.00208620994079,0.952086209940788,242.044281111209,230.447022241013
23.78,60,0,3842.78264194993,118.163642490657,4,1.00208711137264,0.952087111372641,242.02913008134,230.432815327176
23.79,60,0,3843.06351083934,118.174540397743,4,1.00208801242547,0.952088012425472,242.013986511526,230.418615396924
23.8,60,0,3843.34424142796,118.185433431577,4,1.00208891309942,0.952088913099416,241.998850398082,230.404422446818
23.81,60,0,3843.62483378406,118.196321594138,4,1.0020898133946,0.952089813394604,241.983721737326,230.390236473423
23.82,60,0,3843.90528797589,118.207204887408,4,1.00209071331117,0.95209071331117,241.968600525581,230.376057473306
23.83,60,0,3844.18560407164,118.218083313363,4,1.00209161284925,0.952091612849246,241.953486759167,230.361885443034
23.84,60,0,3844.46578213948,118.228956873985,4,1.00209251200897,0.952092512008965,241.938380434409,230.347720379178
23.85,60,0,3844.74582224756,118.239825571249,4,1.00209341079046,0.952093410790461,241.923281547632,230.333562278306
23.86,60,0,3845.02572446397,118.250689407134,4,1.00209430919386,0.952094309193865,241.908190095164,230.319411136993
23.87,60,0,3845.30548885679,118.261548383617,4,1.00209520721931,0.95209520721931,241.893106073333,230.305266951813
23.88,60,0,3845.58511549405,118.272402502673,4,1.00209610486693,0.95209610486693,241.878029478471,230.291129719341
23.89,60,0,3845.86460444375,118.283251766277,4,1.00209700213686,0.952097002136856,241.862960306913,230.276999436157
23.9,60,0,3846.14395577387,118.294096176406,4,1.00209789902922,0.952097899029221,241.847898554989,230.262876098837
23.91,60,0,3846.42316955234,118.304935735032,4,1.00209879554416,0.952098795544159,241.832844219039,230.248759703966
23.92,60,0,3846.70224584707,118.31577044413,4,1.0020996916818,0.952099691681801,241.817797295401,230.234650248124
23.93,60,0,3846.98118472593,118.326600305672,4,1.00210058744228,0.95210058744228,241.802757780414,230.220547727896
23.94,60,0,3847.25998625675,118.337425321631,4,1.00210148282573,0.952101482825729,241.787725670421,230.206452139868
23.95,60,0,3847.53865050734,118.348245493979,4,1.00210237783228,0.95210237783228,241.772700961764,230.192363480628
23.96,60,0,3847.81717754548,118.359060824686,4,1.00210327246207,0.952103272462065,241.75768365079,230.178281746766
23.97,60,0,3848.09556743889,118.369871315724,4,1.00210416671522,0.952104166715218,241.742673733845,230.164206934872
23.98,60,0,3848.37382025529,118.380676969062,4,1.00210506059187,0.952105060591871,241.727671207279,230.150139041538
23.99,60,0,3848.65193606234,118.391477786669,4,1.00210595409216,0.952105954092155,241.712676067442,230.13607806336
24,60,0,3848.92991492769,118.402273770514,4,1.0021068472162,0.952106847216205,241.697688310688,230.122023996934
24.01,60,0,3849.20775691894,118.413064922565,4,1.00210773996415,0.95210773996415,241.682707933369,230.107976838856
24.02,60,0,3849.48546210367,118.42385124479,4,1.00210863233613,0.952108632336126,241.667734931843,230.093936585727
24.03,60,0,3849.76303054941,118.434632739155,4,1.00210952433226,0.952109524332262,241.652769302468,230.079903234147
24.04,60,0,3850.04046232367,118.445409407626,4,1.00211041595269,0.952110415952693,241.637811041602,230.065876780718
24.05,60,0,3850.31775749392,118.456181252169,4,1.00211130719755,0.95211130719755,241.622860145609,230.051857222047
24.06,60,0,3850.59491612761,118.466948274749,4,1.00211219806696,0.952112198066965,241.60791661085,230.037844554737
24.07,60,0,3850.87193829215,118.47771047733,4,1.00211308856107,0.95211308856107,241.592980433692,230.023838775396
24.08,60,0,3851.1488240549,118.488467861876,4,1.00211397868,0.952113978679999,241.5780516105,230.009839880635
24.09,60,0,3851.42557348321,118.49922043035,4,1.00211486842388,0.952114868423883,241.563130137642,229.995847867063
24.1,60,0,3851.7021866444,118.509968184714,4,1.00211575779285,0.952115757792854,241.548216011492,229.981862731293
24.11,60,0,3851.97866360572,118.52071112693,4,1.00211664678704,0.952116646787044,241.533309228418,229.96788446994
24.12,60,0,3852.25500443444,118.53144925896,4,1.00211753540659,0.952117535406586,241.518409784797,229.953913079619
24.13,60,0,3852.53120919775,118.542182582764,4,1.00211842365161,0.952118423651612,241.503517677004,229.939948556948
24.14,60,0,3852.80727796285,118.552911100301,4,1.00211931152225,0.952119311522253,241.488632901416,229.925990898546
24.15,60,0,3853.08321079686,118.563634813532,4,1.00212019901864,0.952120199018642,241.473755454412,229.912040101034
24.16,60,0,3853.35900776691,118.574353724415,4,1.00212108614091,0.952121086140911,241.458885332373,229.898096161033
24.17,60,0,3853.63466894006,118.585067834907,4,1.00212197288919,0.952121972889191,241.444022531684,229.884159075169
24.18,60,0,3853.91019438338,118.595777146968,4,1.00212285926362,0.952122859263616,241.429167048726,229.870228840066
24.19,60,0,3854.18558416387,118.606481662553,4,1.00212374526432,0.952123745264316,241.414318879887,229.856305452352
24.2,60,0,3854.46083834851,118.617181383618,4,1.00212463089142,0.952124630891423,241.399478021556,229.842388908656
24.21,60,0,3854.73595700425,118.62787631212,4,1.00212551614507,0.952125516145071,241.384644470122,229.828479205609
24.22,60,0,3855.010940198,118.638566450014,4,1.00212640102539,0.95212640102539,241.369818221977,229.814576339843
24.23,60,0,3855.28578799665,118.649251799253,4,1.00212728553251,0.952127285532512,241.354999273514,229.800680307992
24.24,60,0,3855.56050046705,118.659932361791,4,1.00212816966657,0.952128169666569,241.340187621129,229.786791106692
24.25,60,0,3855.83507767602,118.670608139582,4,1.00212905342769,0.952129053427693,241.325383261217,229.772908732578
24.26,60,0,3856.10951969033,118.681279134579,4,1.00212993681602,0.952129936816017,241.31058619018,229.759033182292
24.27,60,0,3856.38382657674,118.691945348732,4,1.00213081983167,0.95213081983167,241.295796404416,229.745164452472
24.28,60,0,3856.65799840198,118.702606783994,4,1.00213170247479,0.952131702474786,241.281013900327,229.731302539761
24.29,60,0,3856.93203523271,118.713263442315,4,1.0021325847455,0.952132584745496,241.266238674318,229.717447440803
24.3,60,0,3857.20593713561,118.723915325645,4,1.00213346664393,0.952133466643932,241.251470722795,229.703599152242
24.31,60,0,3857.47970417729,118.734562435933,4,1.00213434817023,0.952134348170225,241.236710042165,229.689757670726
24.32,60,0,3857.75333642434,118.745204775129,4,1.00213522932451,0.952135229324508,241.221956628837,229.675922992904
24.33,60,0,3858.02683394331,118.755842345181,4,1.00213611010691,0.952136110106911,241.207210479223,229.662095115426
24.34,60,0,3858.30019680073,118.766475148035,4,1.00213699051757,0.952136990517566,241.192471589735,229.648274034944
24.35,60,0,3858.57342506309,118.77710318564,4,1.0021378705566,0.952137870556605,241.177739956787,229.63445974811
24.36,60,0,3858.84651879685,118.787726459941,4,1.00213875022416,0.952138750224159,241.163015576797,229.620652251581
24.37,60,0,3859.11947806843,118.798344972885,4,1.00213962952036,0.952139629520361,241.148298446182,229.606851542013
24.38,60,0,3859.39230294423,118.808958726415,4,1.00214050844534,0.95214050844534,241.133588561361,229.593057616064
24.39,60,0,3859.6649934906,118.819567722478,4,1.00214138699923,0.95214138699923,241.118885918758,229.579270470396
24.4,60,0,3859.93754977389,118.830171963016,4,1.00214226518216,0.952142265182162,241.104190514795,229.565490101668
24.41,60,0,3860.20997186037,118.840771449973,4,1.00214314299427,0.952143142994266,241.089502345896,229.551716506545
24.42,60,0,3860.48225981632,118.851366185291,4,1.00214402043567,0.952144020435674,241.07482140849,229.537949681691
24.43,60,0,3860.75441370797,118.861956170913,4,1.00214489750652,0.952144897506518,241.060147699003,229.524189623773
24.44,60,0,3861.02643360151,118.87254140878,4,1.00214577420693,0.952145774206929,241.045481213867,229.51043632946
24.45,60,0,3861.29831956311,118.883121900833,4,1.00214665053704,0.952146650537038,241.030821949515,229.49668979542
24.46,60,0,3861.57007165891,118.893697649011,4,1.00214752649698,0.952147526496977,241.016169902379,229.482950018325
24.47,60,0,3861.841689955,118.904268655255,4,1.00214840208688,0.952148402086877,241.001525068895,229.469216994849
24.48,60,0,3862.11317451746,118.914834921503,4,1.00214927730687,0.952149277306869,240.986887445501,229.455490721665
24.49,60,0,3862.38452541233,118.925396449694,4,1.00215015215708,0.952150152157085,240.972257028635,229.441771195451
24.5,60,0,3862.6557427056,118.935953241765,4,1.00215102663765,0.952151026637655,240.957633814739,229.428058412884
24.51,60,0,3862.92682646325,118.946505299653,4,1.00215190074871,0.952151900748711,240.943017800255,229.414352370643
24.52,60,0,3863.19777675121,118.957052625295,4,1.00215277449038,0.952152774490384,240.928408981627,229.40065306541
24.53,60,0,3863.46859363541,118.967595220626,4,1.00215364786281,0.952153647862805,240.913807355302,229.386960493868
24.54,60,0,3863.73927718171,118.978133087583,4,1.00215452086611,0.952154520866105,240.899212917727,229.3732746527
24.55,60,0,3864.00982745595,118.988666228098,4,1.00215539350042,0.952155393500416,240.884625665351,229.359595538593
24.56,60,0,3864.28024452395,118.999194644107,4,1.00215626576587,0.952156265765869,240.870045594626,229.345923148234
24.57,60,0,3864.55052845148,119.009718337543,4,1.00215713766259,0.952157137662593,240.855472702006,229.332257478313
24.58,60,0,3864.8206793043,119.020237310338,4,1.00215800919072,0.952158009190722,240.840906983943,229.318598525519
24.59,60,0,3865.09069714811,119.030751564425,4,1.00215888035038,0.952158880350385,240.826348436896,229.304946286546
24.6,60,0,3865.3605820486,119.041261101735,4,1.00215975114171,0.952159751141713,240.811797057323,229.291300758089
24.61,60,0,3865.63033407141,119.051765924198,4,1.00216062156484,0.952160621564838,240.797252841682,229.277661936842
24.62,60,0,3865.89995328217,119.062266033746,4,1.00216149161989,0.95216149161989,240.782715786437,229.264029819502
24.63,60,0,3866.16943974647,119.072761432308,4,1.002162361307,0.952162361307001,240.768185888051,229.250404402769
24.64,60,0,3866.43879352984,119.083252121812,4,1.0021632306263,0.9521632306263,240.753663142987,229.236785683343
24.65,60,0,3866.70801469783,119.093738104188,4,1.00216409957792,0.95216409957792,240.739147547715,229.223173657926
24.66,60,0,3866.9771033159,119.104219381362,4,1.00216496816199,0.95216496816199,240.724639098701,229.209568323221
24.67,60,0,3867.24605944953,119.114695955263,4,1.00216583637864,0.952165836378642,240.710137792417,229.195969675935
24.68,60,0,3867.51488316414,119.125167827816,4,1.00216670422801,0.952166704228007,240.695643625334,229.182377712773
24.69,60,0,3867.78357452512,119.135635000949,4,1.00216757171021,0.952167571710215,240.681156593927,229.168792430445
24.7,60,0,3868.05213359784,119.146097476585,4,1.0021684388254,0.952168438825396,240.666676694671,229.155213825661
24.71,60,0,3868.32056044761,119.156555256649,4,1.00216930557368,0.952169305573683,240.652203924043,229.141641895133
24.72,60,0,3868.58885513975,119.167008343067,4,1.0021701719552,0.952170171955204,240.637738278522,229.128076635572
24.73,60,0,3868.8570177395,119.177456737761,4,1.00217103797009,0.952171037970092,240.623279754589,229.114518043695
24.74,60,0,3869.12504831212,119.187900442653,4,1.00217190361848,0.952171903618476,240.608828348726,229.100966116218
24.75,60,0,3869.39294692279,119.198339459667,4,1.00217276890049,0.952172768900487,240.594384057419,229.087420849859
24.76,60,0,3869.66071363669,119.208773790724,4,1.00217363381626,0.952173633816256,240.579946877151,229.073882241338
24.77,60,0,3869.92834851896,119.219203437745,4,1.00217449836591,0.952174498365913,240.565516804411,229.060350287376
24.78,60,0,3870.1958516347,119.22962840265,4,1.00217536254959,0.952175362549589,240.551093835688,229.046824984697
24.79,60,0,3870.46322304898,119.240048687359,4,1.00217622636741,0.952176226367415,240.536677967474,229.033306330024
24.8,60,0,3870.73046282685,119.250464293791,4,1.00217708981952,0.95217708981952,240.522269196262,229.019794320084
24.81,60,0,3870.99757103331,119.260875223865,4,1.00217795290604,0.952177952906036,240.507867518544,229.006288951604
24.82,60,0,3871.26454773335,119.271281479498,4,1.00217881562709,0.952178815627092,240.493472930819,228.992790221313
24.83,60,0,3871.53139299192,119.281683062608,4,1.00217967798282,0.95217967798282,240.479085429583,228.979298125944
24.84,60,0,3871.79810687391,119.292079975112,4,1.00218053997335,0.952180539973349,240.464705011338,228.965812662228
24.85,60,0,3872.06468944423,119.302472218925,4,1.00218140159881,0.95218140159881,240.450331672582,228.952333826898
24.86,60,0,3872.33114076771,119.312859795963,4,1.00218226285933,0.952182262859333,240.435965409821,228.938861616692
24.87,60,0,3872.59746090918,119.32324270814,4,1.00218312375505,0.952183123755049,240.421606219559,228.925396028346
24.88,60,0,3872.86364993343,119.333620957372,4,1.00218398428609,0.952183984286088,240.407254098302,228.911937058599
24.89,60,0,3873.1297079052,119.343994545571,4,1.00218484445258,0.952184844452579,240.392909042559,228.898484704192
24.9,60,0,3873.39563488923,119.354363474651,4,1.00218570425465,0.952185704254654,240.378571048839,228.885038961866
24.91,60,0,3873.66143095021,119.364727746524,4,1.00218656369244,0.952186563692443,240.364240113653,228.871599828365
24.92,60,0,3873.9270961528,119.375087363101,4,1.00218742276607,0.952187422766075,240.349916233518,228.858167300435
24.93,60,0,3874.19263056162,119.385442326294,4,1.00218828147568,0.952188281475681,240.335599404945,228.844741374822
24.94,60,0,3874.45803424127,119.395792638013,4,1.00218913982139,0.952189139821391,240.321289624452,228.831322048274
24.95,60,0,3874.72330725633,119.406138300169,4,1.00218999780334,0.952189997803335,240.306986888558,228.817909317543
24.96,60,0,3874.98844967131,119.416479314669,4,1.00219085542164,0.952190855421644,240.292691193784,228.804503179378
24.97,60,0,3875.25346155073,119.426815683423,4,1.00219171267645,0.952191712676447,240.27840253665,228.791103630533
24.98,60,0,3875.51834295906,119.43714740834,4,1.00219256956787,0.952192569567874,240.264120913681,228.777710667764
24.99,60,0,3875.78309396073,119.447474491326,4,1.00219342609606,0.952193426096055,240.249846321402,228.764324287826
25,60,0,3876.04771462015,119.457796934288,4,1.00219428226112,0.952194282261121,240.235578756339,228.750944487477
25.01,60,0,3876.3122050017,119.468114739132,4,1.0021951380632,0.952195138063201,240.221318215023,228.737571263478
25.02,60,0,3876.57656516972,119.478427907765,4,1.00219599350242,0.952195993502425,240.207064693982,228.724204612587
25.03,60,0,3876.84079518852,119.48873644209,4,1.00219684857892,0.952196848578923,240.192818189749,228.71084453157
25.04,60,0,3877.10489512239,119.499040344012,4,1.00219770329283,0.952197703292825,240.178578698859,228.697491017188
25.05,60,0,3877.36886503558,119.509339615435,4,1.00219855764426,0.952198557644262,240.164346217845,228.684144066209
25.06,60,0,3877.6327049923,119.519634258262,4,1.00219941163336,0.952199411633361,240.150120743248,228.670803675401
25.07,60,0,3877.89641505673,119.529924274396,4,1.00220026526025,0.952200265260255,240.135902271603,228.657469841531
25.08,60,0,3878.15999529305,119.540209665738,4,1.00220111852507,0.952201118525071,240.121690799454,228.644142561371
25.09,60,0,3878.42344576536,119.55049043419,4,1.00220197142794,0.952201971427941,240.10748632334,228.630821831692
25.1,60,0,3878.68676653777,119.560766581651,4,1.00220282396899,0.952202823968993,240.093288839808,228.617507649268
25.11,60,0,3878.94995767433,119.571038110023,4,1.00220367614836,0.952203676148359,240.079098345402,228.604200010875
25.12,60,0,3879.21301923907,119.581305021205,4,1.00220452796617,0.952204527966166,240.06491483667,228.590898913289
25.13,60,0,3879.475951296,119.591567317094,4,1.00220537942254,0.952205379422545,240.05073831016,228.577604353288
25.14,60,0,3879.73875390907,119.601824999591,4,1.00220623051763,0.952206230517625,240.036568762425,228.564316327653
25.15,60,0,3880.00142714222,119.612078070591,4,1.00220708125154,0.952207081251537,240.022406190016,228.551034833166
25.16,60,0,3880.26397105936,119.622326531993,4,1.00220793162441,0.952207931624409,240.008250589487,228.537759866608
25.17,60,0,3880.52638572436,119.632570385691,4,1.00220878163637,0.952208781636371,239.994101957395,228.524491424766
25.18,60,0,3880.78867120106,119.642809633583,4,1.00220963128755,0.952209631287554,239.979960290297,228.511229504425
25.19,60,0,3881.05082755328,119.653044277563,4,1.00221048057809,0.952210480578085,239.965825584752,228.497974102373
25.2,60,0,3881.31285484478,119.663274319525,4,1.0022113295081,0.952211329508095,239.95169783732,228.484725215399
25.21,60,0,3881.57475313932,119.673499761363,4,1.00221217807771,0.952212178077714,239.937577044565,228.471482840295
25.22,60,0,3881.83652250062,119.683720604972,4,1.00221302628707,0.95221302628707,239.923463203052,228.458246973853
25.23,60,0,3882.09816299236,119.693936852242,4,1.00221387413629,0.952213874136293,239.909356309346,228.445017612867
25.24,60,0,3882.35967467819,119.704148505067,4,1.00221472162551,0.952214721625513,239.895256360015,228.431794754133
25.25,60,0,3882.62105762173,119.714355565337,4,1.00221556875486,0.952215568754858,239.881163351628,228.418578394447
25.26,60,0,3882.88231188659,119.724558034944,4,1.00221641552446,0.952216415524459,239.867077280755,228.405368530609
25.27,60,0,3883.14343753631,119.734755915777,4,1.00221726193444,0.952217261934444,239.852998143972,228.39216515942
25.28,60,0,3883.40443463443,119.744949209726,4,1.00221810798494,0.952218107984942,239.83892593785,228.37896827768
25.29,60,0,3883.66530324445,119.75513791868,4,1.00221895367608,0.952218953676084,239.824860658967,228.365777882194
25.3,60,0,3883.92604342982,119.765322044528,4,1.002219799008,0.952219799007997,239.810802303901,228.352593969767
25.31,60,0,3884.186655254,119.775501589156,4,1.00222064398081,0.952220643980813,239.79675086923,228.339416537204
25.32,60,0,3884.44713878037,119.785676554453,4,1.00222148859466,0.952221488594658,239.782706351536,228.326245581316
25.33,60,0,3884.70749407232,119.795846942304,4,1.00222233284966,0.952222332849664,239.768668747402,228.313081098909
25.34,60,0,3884.96772119319,119.806012754595,4,1.00222317674596,0.952223176745958,239.754638053412,228.299923086797
25.35,60,0,3885.22782020629,119.816173993212,4,1.00222402028367,0.95222402028367,239.740614266153,228.286771541792
25.36,60,0,3885.4877911749,119.826330660039,4,1.00222486346293,0.952224863462929,239.726597382212,228.273626460709
25.37,60,0,3885.74763416227,119.83648275696,4,1.00222570628386,0.952225706283865,239.712587398178,228.260487840363
25.38,60,0,3886.00734923162,119.846630285859,4,1.0022265487466,0.952226548746605,239.698584310644,228.247355677572
25.39,60,0,3886.26693644613,119.856773248618,4,1.00222739085128,0.952227390851279,239.684588116202,228.234229969155
25.4,60,0,3886.52639586896,119.86691164712,4,1.00222823259802,0.952228232598017,239.670598811447,228.221110711933
25.41,60,0,3886.78572756323,119.877045483246,4,1.00222907398695,0.952229073986946,239.656616392974,228.207997902726
25.42,60,0,3887.04493159205,119.887174758876,4,1.0022299150182,0.952229915018197,239.642640857382,228.194891538361
25.43,60,0,3887.30400801847,119.897299475892,4,1.0022307556919,0.952230755691897,239.62867220127,228.181791615661
25.44,60,0,3887.56295690553,119.907419636173,4,1.00223159600818,0.952231596008176,239.614710421239,228.168698131454
25.45,60,0,3887.82177831622,119.917535241598,4,1.00223243596716,0.952232435967163,239.600755513893,228.155611082567
25.46,60,0,3888.08047231352,119.927646294045,4,1.00223327556899,0.952233275568986,239.586807475836,228.142530465832
25.47,60,0,3888.33903896037,119.937752795393,4,1.00223411481377,0.952234114813774,239.572866303675,228.129456278078
25.48,60,0,3888.59747831967,119.947854747518,4,1.00223495370166,0.952234953701655,239.558931994016,228.11638851614
25.49,60,0,3888.85579045431,119.957952152297,4,1.00223579223276,0.95223579223276,239.54500454347,228.103327176851
25.5,60,0,3889.11397542713,119.968045011607,4,1.00223663040722,0.952236630407216,239.531083948648,228.090272257049
25.51,60,0,3889.37203330095,119.978133327322,4,1.00223746822515,0.952237468225152,239.517170206163,228.077223753569
25.52,60,0,3889.62996413855,119.988217101317,4,1.0022383056867,0.952238305686697,239.503263312629,228.064181663253
25.53,60,0,3889.88776800268,119.998296335467,4,1.00223914279198,0.952239142791979,239.489363264663,228.051145982939
25.54,60,0,3890.14544495608,120.008371031645,4,1.00223997954113,0.952239979541127,239.475470058882,228.038116709472
25.55,60,0,3890.40299506143,120.018441191724,4,1.00224081593427,0.95224081593427,239.461583691906,228.025093839694
25.56,60,0,3890.6604183814,120.028506817577,4,1.00224165197154,0.952241651971536,239.447704160358,228.012077370451
25.57,60,0,3890.91771497862,120.038567911074,4,1.00224248765305,0.952242487653053,239.433831460858,227.999067298589
25.58,60,0,3891.17488491568,120.048624474087,4,1.00224332297895,0.952243322978951,239.419965590031,227.986063620958
25.59,60,0,3891.43192825516,120.058676508487,4,1.00224415794936,0.952244157949357,239.406106544505,227.973066334407
25.6,60,0,3891.6888450596,120.068724016143,4,1.0022449925644,0.952244992564401,239.392254320906,227.960075435787
25.61,60,0,3891.94563539151,120.078766998925,4,1.00224582682421,0.95224582682421,239.378408915866,227.947090921952
25.62,60,0,3892.20229931336,120.088805458701,4,1.00224666072891,0.952246660728913,239.364570326013,227.934112789757
25.63,60,0,3892.45883688761,120.09883939734,4,1.00224749427864,0.952247494278638,239.350738547982,227.921141036057
25.64,60,0,3892.71524817666,120.108868816708,4,1.00224832747351,0.952248327473514,239.336913578407,227.908175657711
25.65,60,0,3892.97153324291,120.118893718673,4,1.00224916031367,0.952249160313669,239.323095413923,227.895216651576
25.66,60,0,3893.2276921487,120.1289141051,4,1.00224999279923,0.952249992799231,239.309284051169,227.882264014515
25.67,60,0,3893.48372495637,120.138929977856,4,1.00225082493033,0.952250824930329,239.295479486784,227.869317743389
25.68,60,0,3893.73963172821,120.148941338805,4,1.00225165670709,0.952251656707091,239.281681717409,227.856377835062
25.69,60,0,3893.99541252648,120.158948189811,4,1.00225248812964,0.952252488129645,239.267890739688,227.8434442864
25.7,60,0,3894.25106741342,120.168950532738,4,1.00225331919812,0.952253319198119,239.254106550263,227.830517094268
25.71,60,0,3894.50659645122,120.17894836945,4,1.00225414991264,0.952254149912641,239.240329145782,227.817596255537
25.72,60,0,3894.76199970207,120.188941701809,4,1.00225498027334,0.95225498027334,239.226558522892,227.804681767076
25.73,60,0,3895.01727722809,120.198930531676,4,1.00225581028034,0.952255810280344,239.212794678243,227.791773625755
25.74,60,0,3895.27242909141,120.208914860914,4,1.00225663993378,0.952256639933781,239.199037608484,227.778871828449
25.75,60,0,3895.5274553541,120.218894691382,4,1.00225746923378,0.952257469233778,239.18528731027,227.765976372032
25.76,60,0,3895.78235607821,120.22887002494,4,1.00225829818046,0.952258298180464,239.171543780254,227.753087253379
25.77,60,0,3896.03713132577,120.238840863449,4,1.00225912677397,0.952259126773968,239.157807015092,227.740204469368
25.78,60,0,3896.29178115875,120.248807208767,4,1.00225995501442,0.952259955014416,239.144077011441,227.727328016879
25.79,60,0,3896.54630563913,120.258769062752,4,1.00226078290194,0.952260782901936,239.130353765962,227.714457892792
25.8,60,0,3896.80070482882,120.268726427261,4,1.00226161043666,0.952261610436658,239.116637275314,227.701594093989
25.81,60,0,3897.05497878972,120.278679304152,4,1.00226243761871,0.952262437618709,239.10292753616,227.688736617353
25.82,60,0,3897.30912758372,120.288627695281,4,1.00226326444822,0.952263264448216,239.089224545165,227.675885459771
25.83,60,0,3897.56315127263,120.298571602504,4,1.00226409092531,0.952264090925307,239.075528298994,227.663040618129
25.84,60,0,3897.81704991826,120.308511027676,4,1.00226491705011,0.952264917050111,239.061838794314,227.650202089315
25.85,60,0,3898.0708235824,120.318445972651,4,1.00226574282275,0.952265742822755,239.048156027795,227.637369870218
25.86,60,0,3898.32447232679,120.328376439284,4,1.00226656824337,0.952266568243366,239.034479996106,227.62454395773
25.87,60,0,3898.57799621314,120.338302429427,4,1.00226739331207,0.952267393312074,239.020810695921,227.611724348744
25.88,60,0,3898.83139530314,120.348223944934,4,1.002268218029,0.952268218029004,239.007148123915,227.598911040154
25.89,60,0,3899.08466965845,120.358140987656,4,1.00226904239429,0.952269042394286,238.99349227676,227.586104028857
25.9,60,0,3899.33781934068,120.368053559444,4,1.00226986640805,0.952269866408046,238.979843151136,227.573303311749
25.91,60,0,3899.59084441144,120.377961662151,4,1.00227069007041,0.952270690070413,238.966200743721,227.560508885728
25.92,60,0,3899.84374493229,120.387865297625,4,1.00227151338151,0.952271513381514,238.952565051196,227.547720747697
25.93,60,0,3900.09652096476,120.397764467717,4,1.00227233634148,0.952272336341476,238.938936070243,227.534938894557
25.94,60,0,3900.34917257035,120.407659174276,4,1.00227315895043,0.952273158950427,238.925313797544,227.522163323209
25.95,60,0,3900.60169981055,120.417549419149,4,1.0022739812085,0.952273981208496,238.911698229786,227.509394030561
25.96,60,0,3900.85410274678,120.427435204185,4,1.00227480311581,0.952274803115808,238.898089363657,227.496631013519
25.97,60,0,3901.10638144048,120.437316531231,4,1.00227562467249,0.952275624672492,238.884487195843,227.483874268989
25.98,60,0,3901.35853595301,120.447193402134,4,1.00227644587868,0.952276445878675,238.870891723036,227.471123793883
25.99,60,0,3901.61056634573,120.457065818739,4,1.00227726673448,0.952277266734485,238.857302941928,227.45837958511
26,60,0,3901.86247267997,120.466933782891,4,1.00227808724005,0.952278087240048,238.843720849212,227.445641639583
26.01,60,0,3902.11425501701,120.476797296436,4,1.00227890739549,0.952278907395493,238.830145441583,227.432909954217
26.02,60,0,3902.36591341813,120.486656361218,4,1.00227972720095,0.952279727200947,238.816576715738,227.420184525927
26.03,60,0,3902.61744794454,120.49651097908,4,1.00228054665654,0.952280546656537,238.803014668374,227.407465351629
26.04,60,0,3902.86885865746,120.506361151865,4,1.00228136576239,0.95228136576239,238.789459296194,227.394752428243
26.05,60,0,3903.12014561806,120.516206881415,4,1.00228218451863,0.952282184518634,238.775910595898,227.382045752688
26.06,60,0,3903.37130888747,120.526048169571,4,1.0022830029254,0.952283002925396,238.762368564188,227.369345321885
26.07,60,0,3903.62234852682,120.535885018176,4,1.0022838209828,0.952283820982803,238.748833197771,227.356651132759
26.08,60,0,3903.87326459718,120.545717429069,4,1.00228463869098,0.952284638690982,238.735304493353,227.343963182234
26.09,60,0,3904.1240571596,120.555545404091,4,1.00228545605006,0.95228545605006,238.721782447641,227.331281467235
26.1,60,0,3904.37472627511,120.56536894508,4,1.00228627306017,0.952286273060166,238.708267057346,227.318605984691
26.11,60,0,3904.6252720047,120.575188053875,4,1.00228708972142,0.952287089721425,238.694758319178,227.305936731529
26.12,60,0,3904.87569440933,120.585002732314,4,1.00228790603396,0.952287906033965,238.681256229852,227.293273704681
26.13,60,0,3905.12599354994,120.594812982234,4,1.00228872199791,0.952288721997912,238.66776078608,227.280616901079
26.14,60,0,3905.37616948742,120.604618805473,4,1.00228953761339,0.952289537613395,238.65427198458,227.267966317657
26.15,60,0,3905.62622228265,120.614420203866,4,1.00229035288054,0.95229035288054,238.64078982207,227.255321951349
26.16,60,0,3905.87615199647,120.624217179249,4,1.00229116779947,0.952291167799473,238.627314295269,227.242683799093
26.17,60,0,3906.12595868969,120.634009733456,4,1.00229198237032,0.952291982370322,238.613845400897,227.230051857825
26.18,60,0,3906.3756424231,120.643797868323,4,1.00229279659321,0.952292796593215,238.600383135677,227.217426124486
26.19,60,0,3906.62520325745,120.653581585683,4,1.00229361046828,0.952293610468276,238.586927496335,227.204806596018
26.2,60,0,3906.87464125346,120.663360887369,4,1.00229442399564,0.952294423995635,238.573478479595,227.192193269361
26.21,60,0,3907.12395647182,120.673135775213,4,1.00229523717542,0.952295237175417,238.560036082185,227.17958614146
26.22,60,0,3907.37314897321,120.682906251048,4,1.00229605000775,0.952296050007749,238.546600300834,227.166985209262
26.23,60,0,3907.62221881824,120.692672316705,4,1.00229686249276,0.952296862492758,238.533171132275,227.154390469713
26.24,60,0,3907.87116606753,120.702433974013,4,1.00229767463057,0.952297674630571,238.519748573236,227.141801919762
26.25,60,0,3908.11999078165,120.712191224804,4,1.00229848642132,0.952298486421315,238.506332620454,227.129219556357
26.26,60,0,3908.36869302114,120.721944070907,4,1.00229929786512,0.952299297865116,238.492923270664,227.116643376453
26.27,60,0,3908.61727284651,120.731692514151,4,1.0023001089621,0.952300108962101,238.479520520603,227.104073377
26.28,60,0,3908.86573031826,120.741436556363,4,1.0023009197124,0.952300919712396,238.466124367009,227.091509554953
26.29,60,0,3909.11406549684,120.751176199372,4,1.00230173011613,0.952301730116129,238.452734806623,227.07895190727
26.3,60,0,3909.36227844267,120.760911445004,4,1.00230254017343,0.952302540173426,238.439351836187,227.066400430906
26.31,60,0,3909.61036921615,120.770642295087,4,1.00230334988441,0.952303349884413,238.425975452445,227.053855122822
26.32,60,0,3909.85833787763,120.780368751445,4,1.00230415924922,0.952304159249217,238.412605652142,227.041315979978
26.33,60,0,3910.10618448747,120.790090815903,4,1.00230496826797,0.952304968267965,238.399242432023,227.028782999335
26.34,60,0,3910.35390910597,120.799808490287,4,1.00230577694078,0.952305776940783,238.385885788839,227.016256177857
26.35,60,0,3910.60151179339,120.809521776421,4,1.0023065852678,0.952306585267797,238.372535719338,227.003735512509
26.36,60,0,3910.84899261,120.819230676127,4,1.00230739324913,0.952307393249135,238.359192220273,226.991221000257
26.37,60,0,3911.096351616,120.828935191228,4,1.00230820088492,0.952308200884921,238.345855288396,226.97871263807
26.38,60,0,3911.34358887159,120.838635323548,4,1.00230900817528,0.952309008175284,238.332524920461,226.966210422916
26.39,60,0,3911.59070443692,120.848331074906,4,1.00230981512035,0.952309815120348,238.319201113227,226.953714351766
26.4,60,0,3911.83769837213,120.858022447124,4,1.00231062172024,0.952310621720242,238.30588386345,226.941224421594
26.41,60,0,3912.0845707373,120.867709442022,4,1.00231142797509,0.952311427975089,238.292573167891,226.928740629372
26.42,60,0,3912.33132159252,120.87739206142,4,1.00231223388502,0.952312233885019,238.279269023308,226.916262972076
26.43,60,0,3912.57795099781,120.887070307137,4,1.00231303945015,0.952313039450155,238.265971426467,226.903791446683
26.44,60,0,3912.8244590132,120.896744180992,4,1.00231384467063,0.952313844670625,238.252680374131,226.891326050171
26.45,60,0,3913.07084569866,120.906413684802,4,1.00231464954655,0.952314649546555,238.239395863067,226.87886677952
26.46,60,0,3913.31711111415,120.916078820384,4,1.00231545407807,0.95231545407807,238.226117890041,226.86641363171
26.47,60,0,3913.56325531958,120.925739589556,4,1.0023162582653,0.952316258265298,238.212846451823,226.853966603726
26.48,60,0,3913.80927837485,120.935395994133,4,1.00231706210836,0.952317062108364,238.199581545183,226.84152569255
26.49,60,0,3914.05518033983,120.94504803593,4,1.00231786560739,0.952317865607395,238.186323166893,226.829090895169
26.5,60,0,3914.30096127433,120.954695716763,4,1.00231866876252,0.952318668762515,238.173071313728,226.816662208569
26.51,60,0,3914.54662123818,120.964339038446,4,1.00231947157385,0.952319471573853,238.159825982463,226.80423962974
26.52,60,0,3914.79216029115,120.973978002792,4,1.00232027404153,0.952320274041532,238.146587169876,226.791823155671
26.53,60,0,3915.03757849298,120.983612611614,4,1.00232107616568,0.95232107616568,238.133354872744,226.779412783356
26.54,60,0,3915.28287590338,120.993242866724,4,1.00232187794642,0.952321877946423,238.120129087848,226.767008509784
26.55,60,0,3915.52805258204,121.002868769935,4,1.00232267938389,0.952322679383886,238.106909811969,226.754610331952
26.56,60,0,3915.77310858863,121.012490323058,4,1.00232348047819,0.952323480478195,238.093697041891,226.742218246855
26.57,60,0,3916.01804398277,121.022107527902,4,1.00232428122948,0.952324281229476,238.0804907744,226.729832251492
26.58,60,0,3916.26285882405,121.031720386279,4,1.00232508163786,0.952325081637855,238.067291006281,226.717452342859
26.59,60,0,3916.50755317206,121.041328899997,4,1.00232588170346,0.952325881703458,238.054097734323,226.70507851796
26.6,60,0,3916.75212708632,121.050933070865,4,1.00232668142641,0.952326681426411,238.040910955315,226.692710773795
26.61,60,0,3916.99658062634,121.060532900691,4,1.00232748080684,0.952327480806838,238.027730666049,226.680349107367
26.62,60,0,3917.24091385162,121.070128391282,4,1.00232827984487,0.952328279844868,238.014556863317,226.667993515681
26.63,60,0,3917.4851268216,121.079719544447,4,1.00232907854062,0.952329078540624,238.001389543914,226.655643995744
26.64,60,0,3917.72921959571,121.08930636199,4,1.00232987689423,0.952329876894232,237.988228704636,226.643300544563
26.65,60,0,3917.97319223333,121.098888845717,4,1.00233067490582,0.952330674905818,237.975074342281,226.630963159147
26.66,60,0,3918.21704479384,121.108466997435,4,1.00233147257551,0.952331472575509,237.961926453648,226.618631836508
26.67,60,0,3918.46077733657,121.118040818946,4,1.00233226990343,0.952332269903428,237.948785035538,226.606306573657
26.68,60,0,3918.70438992083,121.127610312055,4,1.0023330668897,0.952333066889703,237.935650084752,226.593987367607
26.69,60,0,3918.94788260589,121.137175478565,4,1.00233386353446,0.952333863534458,237.922521598094,226.581674215374
26.7,60,0,3919.191255451,121.14673632028,4,1.00233465983782,0.95233465983782,237.909399572372,226.569367113974
26.71,60,0,3919.43450851537,121.156292839,4,1.00233545579991,0.952335455799913,237.89628400439,226.557066060426
26.72,60,0,3919.67764185821,121.165845036527,4,1.00233625142086,0.952336251420862,237.883174890959,226.544771051749
26.73,60,0,3919.92065553867,121.175392914662,4,1.00233704670079,0.952337046700795,237.870072228888,226.532482084964
26.74,60,0,3920.16354961588,121.184936475206,4,1.00233784163983,0.952337841639835,237.856976014988,226.520199157092
26.75,60,0,3920.40632414894,121.194475719958,4,1.00233863623811,0.952338636238109,237.843886246074,226.507922265158
26.76,60,0,3920.64897919692,121.204010650716,4,1.00233943049574,0.952339430495741,237.83080291896,226.495651406187
26.77,60,0,3920.89151481888,121.21354126928,4,1.00234022441286,0.952340224412857,237.817726030462,226.483386577205
26.78,60,0,3921.13393107383,121.223067577447,4,1.00234101798958,0.952341017989582,237.8046555774,226.471127775243
26.79,60,0,3921.37622802075,121.232589577014,4,1.00234181122604,0.952341811226042,237.791591556591,226.458874997327
26.8,60,0,3921.61840571859,121.242107269778,4,1.00234260412236,0.952342604122362,237.778533964858,226.44662824049
26.81,60,0,3921.86046422629,121.251620657535,4,1.00234339667867,0.952343396678667,237.765482799023,226.434387501764
26.82,60,0,3922.10240360275,121.26112974208,4,1.00234418889508,0.952344188895081,237.75243805591,226.422152778184
26.83,60,0,3922.34422390684,121.270634525207,4,1.00234498077173,0.952344980771732,237.739399732346,226.409924066784
26.84,60,0,3922.58592519739,121.280135008712,4,1.00234577230874,0.952345772308743,237.726367825157,226.397701364601
26.85,60,0,3922.82750753323,121.289631194388,4,1.00234656350624,0.952346563506239,237.713342331173,226.385484668675
26.86,60,0,3923.06897097312,121.299123084026,4,1.00234735436435,0.952347354364346,237.700323247225,226.373273976044
26.87,60,0,3923.31031557584,121.308610679421,4,1.00234814488319,0.952348144883189,237.687310570143,226.36106928375
26.88,60,0,3923.55154140009,121.318093982363,4,1.00234893506289,0.952348935062893,237.674304296764,226.348870588837
26.89,60,0,3923.79264850459,121.327572994644,4,1.00234972490358,0.952349724903582,237.66130442392,226.336677888347
26.9,60,0,3924.03363694799,121.337047718054,4,1.00235051440538,0.952350514405383,237.648310948449,226.324491179326
26.91,60,0,3924.27450678893,121.346518154383,4,1.00235130356842,0.952351303568419,237.63532386719,226.312310458822
26.92,60,0,3924.51525808604,121.35598430542,4,1.00235209239282,0.952352092392815,237.622343176983,226.300135723883
26.93,60,0,3924.75589089787,121.365446172955,4,1.0023528808787,0.952352880878698,237.609368874668,226.287966971559
26.94,60,0,3924.996405283,121.374903758774,4,1.00235366902619,0.95235366902619,237.596400957088,226.275804198901
26.95,60,0,3925.23680129994,121.384357064666,4,1.00235445683542,0.952354456835418,237.58343942109,226.263647402962
26.96,60,0,3925.47707900718,121.393806092417,4,1.00235524430651,0.952355244306506,237.570484263518,226.251496580798
26.97,60,0,3925.7172384632,121.403250843814,4,1.00235603143958,0.952356031439578,237.557535481221,226.239351729462
26.98,60,0,3925.95727972643,121.412691320642,4,1.00235681823476,0.952356818234761,237.544593071046,226.227212846012
26.99,60,0,3926.19720285527,121.422127524687,4,1.00235760469218,0.952357604692177,237.531657029846,226.215079927508
27,60,0,3926.43700790811,121.431559457733,4,1.00235839081195,0.952358390811953,237.518727354473,226.202952971009
27.01,60,0,3926.6766949433,121.440987121563,4,1.00235917659421,0.952359176594212,237.505804041779,226.190831973575
27.02,60,0,3926.91626401915,121.450410517961,4,1.00235996203908,0.95235996203908,237.492887088622,226.178716932272
27.03,60,0,3927.15571519397,121.459829648709,4,1.00236074714668,0.95236074714668,237.479976491858,226.166607844162
27.04,60,0,3927.39504852602,121.46924451559,4,1.00236153191714,0.952361531917138,237.467072248346,226.154504706313
27.05,60,0,3927.63426407353,121.478655120385,4,1.00236231635058,0.952362316350578,237.454174354945,226.142407515789
27.06,60,0,3927.87336189471,121.488061464875,4,1.00236310044712,0.952363100447125,237.441282808517,226.130316269662
27.07,60,0,3928.11234204775,121.49746355084,4,1.0023638842069,0.952363884206903,237.428397605925,226.118230965
27.08,60,0,3928.35120459078,121.506861380059,4,1.00236466763004,0.952364667630036,237.415518744035,226.106151598875
27.09,60,0,3928.58994958193,121.516254954312,4,1.00236545071665,0.952365450716649,237.402646219711,226.094078168361
27.1,60,0,3928.82857707929,121.525644275377,4,1.00236623346687,0.952366233466867,237.389780029823,226.082010670531
27.11,60,0,3929.06708714094,121.535029345031,4,1.00236701588081,0.952367015880814,237.37692017124,226.069949102462
27.12,60,0,3929.30547982489,121.544410165053,4,1.00236779795861,0.952367797958614,237.364066640832,226.057893461231
27.13,60,0,3929.54375518917,121.553786737218,4,1.00236857970039,0.952368579700391,237.351219435472,226.045843743916
27.14,60,0,3929.78191329174,121.563159063302,4,1.00236936110627,0.95236936110627,237.338378552034,226.033799947599
27.15,60,0,3930.01995419056,121.572527145081,4,1.00237014217638,0.952370142176376,237.325543987392,226.021762069359
27.16,60,0,3930.25787794355,121.58189098433,4,1.00237092291083,0.952370922910831,237.312715738426,226.00973010628
27.17,60,0,3930.49568460861,121.591250582823,4,1.00237170330976,0.952371703309762,237.299893802012,225.997704055448
27.18,60,0,3930.73337424359,121.600605942332,4,1.00237248337329,0.952372483373291,237.287078175032,225.985683913947
27.19,60,0,3930.97094690633,121.609957064632,4,1.00237326310154,0.952373263101543,237.274268854366,225.973669678866
27.2,60,0,3931.20840265465,121.619303951495,4,1.00237404249464,0.952374042494643,237.261465836899,225.961661347292
27.21,60,0,3931.44574154631,121.628646604692,4,1.00237482155271,0.952374821552713,237.248669119514,225.949658916316
27.22,60,0,3931.68296363907,121.637985025994,4,1.00237560027588,0.952375600275879,237.235878699098,225.937662383029
27.23,60,0,3931.92006899065,121.647319217173,4,1.00237637866426,0.952376378664264,237.22309457254,225.925671744526
27.24,60,0,3932.15705765875,121.656649179997,4,1.00237715671799,0.952377156717993,237.210316736727,225.913686997899
27.25,60,0,3932.39392970103,121.665974916237,4,1.00237793443719,0.952377934437189,237.197545188551,225.901708140244
27.26,60,0,3932.63068517512,121.67529642766,4,1.00237871182198,0.952378711821976,237.184779924906,225.88973516866
27.27,60,0,3932.86732413864,121.684613716036,4,1.00237948887248,0.952379488872479,237.172020942683,225.877768080245
27.28,60,0,3933.10384664916,121.693926783131,4,1.00238026558882,0.95238026558882,237.159268238779,225.865806872098
27.29,60,0,3933.34025276424,121.703235630713,4,1.00238104197113,0.952381041971126,237.146521810091,225.853851541323
27.3,60,0,3933.5765425414,121.712540260547,4,1.00238181801952,0.952381818019518,237.133781653518,225.841902085021
27.31,60,0,3933.81271603814,121.7218406744,4,1.00238259373412,0.952382593734121,237.121047765959,225.829958500297
27.32,60,0,3934.04877331191,121.731136874037,4,1.00238336911506,0.952383369115058,237.108320144317,225.818020784257
27.33,60,0,3934.28471442017,121.740428861222,4,1.00238414416245,0.952384144162454,237.095598785494,225.806088934008
27.34,60,0,3934.52053942031,121.749716637719,4,1.00238491887643,0.952384918876432,237.082883686395,225.794162946658
27.35,60,0,3934.75624836973,121.759000205291,4,1.00238569325712,0.952385693257116,237.070174843926,225.782242819318
27.36,60,0,3934.99184132578,121.768279565701,4,1.00238646730463,0.95238646730463,237.057472254995,225.7703285491
27.37,60,0,3935.22731834577,121.777554720711,4,1.0023872410191,0.952387241019096,237.044775916511,225.758420133116
27.38,60,0,3935.46267948701,121.786825672083,4,1.00238801440064,0.95238801440064,237.032085825384,225.74651756848
27.39,60,0,3935.69792480676,121.796092421577,4,1.00238878744938,0.952388787449384,237.019401978528,225.734620852308
27.4,60,0,3935.93305436228,121.805354970954,4,1.00238956016545,0.952389560165452,237.006724372855,225.722729981718
27.41,60,0,3936.16806821076,121.814613321973,4,1.00239033254897,0.952390332548968,236.994053005282,225.710844953828
27.42,60,0,3936.40296640939,121.823867476394,4,1.00239110460005,0.952391104600055,236.981387872724,225.698965765758
27.43,60,0,3936.63774901534,121.833117435975,4,1.00239187631884,0.952391876318836,236.968728972101,225.687092414629
27.44,60,0,3936.87241608572,121.842363202473,4,1.00239264770544,0.952392647705436,236.956076300332,225.675224897565
27.45,60,0,3937.10696767764,121.851604777647,4,1.00239341875998,0.952393418759977,236.943429854339,225.663363211689
27.46,60,0,3937.34140384817,121.860842163252,4,1.00239418948258,0.952394189482583,236.930789631044,225.651507354127
27.47,60,0,3937.57572465435,121.870075361045,4,1.00239495987338,0.952394959873378,236.918155627371,225.639657322005
27.48,60,0,3937.80993015319,121.879304372781,4,1.00239572993248,0.952395729932484,236.905527840249,225.627813112454
27.49,60,0,3938.0440204017,121.888529200216,4,1.00239649966003,0.952396499660025,236.892906266602,225.615974722602
27.5,60,0,3938.27799545681,121.897749845102,4,1.00239726905612,0.952397269056125,236.880290903361,225.604142149581
27.51,60,0,3938.51185537547,121.906966309195,4,1.00239803812091,0.952398038120906,236.867681747455,225.592315390523
27.52,60,0,3938.74560021458,121.916178594247,4,1.00239880685449,0.952398806854492,236.855078795817,225.580494442563
27.53,60,0,3938.97923003101,121.92538670201,4,1.00239957525701,0.952399575257005,236.84248204538,225.568679302835
27.54,60,0,3939.21274488162,121.934590634237,4,1.00240034332857,0.952400343328571,236.82989149308,225.556869968478
27.55,60,0,3939.44614482321,121.943790392678,4,1.00240111106931,0.95240111106931,236.817307135853,225.545066436629
27.56,60,0,3939.67942991258,121.952985979085,4,1.00240187847935,0.952401878479347,236.804728970637,225.533268704427
27.57,60,0,3939.9126002065,121.962177395206,4,1.0024026455588,0.952402645558805,236.79215699437,225.521476769014
27.58,60,0,3940.14565576169,121.971364642793,4,1.00240341230781,0.952403412307806,236.779591203996,225.509690627533
27.59,60,0,3940.37859663487,121.980547723593,4,1.00240417872647,0.952404178726474,236.767031596456,225.497910277128
27.6,60,0,3940.61142288271,121.989726639355,4,1.00240494481493,0.952404944814932,236.754478168693,225.486135714942
27.61,60,0,3940.84413456187,121.998901391826,4,1.0024057105733,0.952405710573303,236.741930917655,225.474366938125
27.62,60,0,3941.07673172897,122.008071982754,4,1.00240647600171,0.952406476001709,236.729389840287,225.462603943823
27.63,60,0,3941.30921444061,122.017238413884,4,1.00240724110027,0.952407241100274,236.716854933539,225.450846729186
27.64,60,0,3941.54158275335,122.026400686964,4,1.00240800586912,0.95240800586912,236.704326194361,225.439095291365
27.65,60,0,3941.77383672373,122.035558803737,4,1.00240877030837,0.952408770308371,236.691803619704,225.427349627512
27.66,60,0,3942.00597640826,122.044712765949,4,1.00240953441815,0.952409534418149,236.679287206521,225.415609734782
27.67,60,0,3942.23800186343,122.053862575344,4,1.00241029819858,0.952410298198577,236.666776951766,225.403875610328
27.68,60,0,3942.4699131457,122.063008233665,4,1.00241106164978,0.952411061649778,236.654272852398,225.392147251308
27.69,60,0,3942.70171031148,122.072149742654,4,1.00241182477187,0.952411824771874,236.641774905371,225.380424654879
27.7,60,0,3942.93339341719,122.081287104055,4,1.00241258756499,0.952412587564989,236.629283107646,225.368707818202
27.71,60,0,3943.1649625192,122.090420319609,4,1.00241335002925,0.952413350029245,236.616797456184,225.356996738436
27.72,60,0,3943.39641767385,122.099549391056,4,1.00241411216476,0.952414112164765,236.604317947946,225.345291412743
27.73,60,0,3943.62775893745,122.108674320138,4,1.00241487397167,0.95241487397167,236.591844579897,225.333591838287
27.74,60,0,3943.8589863663,122.117795108594,4,1.00241563545009,0.952415635450085,236.579377349,225.321898012233
27.75,60,0,3944.09010001666,122.126911758163,4,1.00241639660013,0.952416396600132,236.566916252223,225.310209931748
27.76,60,0,3944.32109994476,122.136024270584,4,1.00241715742193,0.952417157421932,236.554461286535,225.298527593998
27.77,60,0,3944.55198620681,122.145132647595,4,1.00241791791561,0.95241791791561,236.542012448903,225.286850996152
27.78,60,0,3944.78275885899,122.154236890934,4,1.00241867808129,0.952418678081286,236.529569736301,225.275180135383
27.79,60,0,3945.01341795744,122.163337002336,4,1.00241943791908,0.952419437919084,236.517133145699,225.26351500886
27.8,60,0,3945.2439635583,122.172432983539,4,1.00242019742913,0.952420197429126,236.504702674073,225.251855613758
27.81,60,0,3945.47439571765,122.181524836279,4,1.00242095661154,0.952420956611535,236.492278318398,225.24020194725
27.82,60,0,3945.70471449156,122.190612562289,4,1.00242171546643,0.952421715466433,236.479860075651,225.228554006514
27.83,60,0,3945.93491993608,122.199696163305,4,1.00242247399394,0.952422473993942,236.46744794281,225.216911788725
27.84,60,0,3946.16501210722,122.208775641061,4,1.00242323219418,0.952423232194184,236.455041916857,225.205275291064
27.85,60,0,3946.39499106096,122.217850997289,4,1.00242399006728,0.952423990067282,236.442641994771,225.193644510709
27.86,60,0,3946.62485685326,122.226922233722,4,1.00242474761336,0.952424747613358,236.430248173536,225.182019444844
27.87,60,0,3946.85460954004,122.235989352093,4,1.00242550483254,0.952425504832535,236.417860450136,225.170400090649
27.88,60,0,3947.08424917722,122.245052354133,4,1.00242626172493,0.952426261724935,236.405478821559,225.158786445311
27.89,60,0,3947.31377582066,122.254111241572,4,1.00242701829068,0.952427018290679,236.393103284791,225.147178506014
27.9,60,0,3947.54318952622,122.263166016141,4,1.00242777452989,0.95242777452989,236.380733836821,225.135576269945
27.91,60,0,3947.77249034971,122.272216679569,4,1.00242853044269,0.95242853044269,236.368370474639,225.123979734294
27.92,60,0,3948.00167834692,122.281263233586,4,1.0024292860292,0.952429286029202,236.356013195238,225.112388896249
27.93,60,0,3948.23075357362,122.29030567992,4,1.00243004128955,0.952430041289547,236.343661995611,225.100803753002
27.94,60,0,3948.45971608554,122.299344020299,4,1.00243079622385,0.952430796223847,236.331316872752,225.089224301746
27.95,60,0,3948.6885659384,122.308378256451,4,1.00243155083222,0.952431550832225,236.318977823659,225.077650539674
27.96,60,0,3948.91730318788,122.3174083901,4,1.0024323051148,0.952432305114801,236.30664484533,225.066082463982
27.97,60,0,3949.14592788963,122.326434422975,4,1.0024330590717,0.9524330590717,236.294317934762,225.054520071867
27.98,60,0,3949.37444009928,122.3354563568,4,1.00243381270304,0.952433812703041,236.281997088959,225.042963360526
27.99,60,0,3949.60283987242,122.3444741933,4,1.00243456600895,0.952434566008947,236.26968230492,225.031412327159
28,60,0,3949.83112726464,122.353487934199,4,1.00243531898954,0.952435318989541,236.257373579652,225.019866968967
28.01,60,0,3950.05930233147,122.362497581222,4,1.00243607164494,0.952436071644943,236.245070910158,225.008327283152
28.02,60,0,3950.28736512844,122.371503136091,4,1.00243682397528,0.952436823975276,236.232774293446,224.996793266918
28.03,60,0,3950.51531571103,122.380504600528,4,1.00243757598066,0.952437575980662,236.220483726524,224.98526491747
28.04,60,0,3950.7431541347,122.389501976255,4,1.00243832766122,0.952438327661221,236.208199206401,224.973742232013
28.05,60,0,3950.9708804549,122.398495264995,4,1.00243907901708,0.952439079017077,236.195920730089,224.962225207756
28.06,60,0,3951.19849472703,122.407484468467,4,1.00243983004835,0.95243983004835,236.1836482946,224.950713841908
28.07,60,0,3951.42599700646,122.416469588391,4,1.00244058075516,0.952440580755163,236.171381896948,224.939208131678
28.08,60,0,3951.65338734856,122.425450626487,4,1.00244133113764,0.952441331137636,236.159121534149,224.92770807428
28.09,60,0,3951.88066580865,122.434427584474,4,1.00244208119589,0.952442081195892,236.146867203221,224.916213666926
28.1,60,0,3952.10783244203,122.443400464071,4,1.00244283093005,0.952442830930052,236.134618901182,224.904724906831
28.11,60,0,3952.33488730397,122.452369266994,4,1.00244358034024,0.952443580340238,236.122376625052,224.89324179121
28.12,60,0,3952.56183044971,122.461333994961,4,1.00244432942657,0.952444329426571,236.110140371851,224.881764317281
28.13,60,0,3952.78866193448,122.470294649688,4,1.00244507818917,0.952445078189173,236.097910138603,224.870292482262
28.14,60,0,3953.01538181345,122.479251232892,4,1.00244582662817,0.952445826628165,236.085685922333,224.858826283374
28.15,60,0,3953.2419901418,122.488203746287,4,1.00244657474367,0.952446574743669,236.073467720067,224.847365717838
28.16,60,0,3953.46848697466,122.497152191589,4,1.00244732253581,0.952447322535806,236.061255528831,224.835910782876
28.17,60,0,3953.69487236714,122.506096570511,4,1.0024480700047,0.952448070004697,236.049049345656,224.824461475713
28.18,60,0,3953.92114637432,122.515036884768,4,1.00244881715046,0.952448817150464,236.03684916757,224.813017793575
28.19,60,0,3954.14730905125,122.523973136071,4,1.00244956397323,0.952449563973228,236.024654991607,224.801579733687
28.2,60,0,3954.37336045295,122.532905326133,4,1.00245031047311,0.952450310473111,236.012466814798,224.790147293279
28.21,60,0,3954.59930063444,122.541833456666,4,1.00245105665023,0.952451056650233,236.000284634179,224.778720469579
28.22,60,0,3954.82512965068,122.550757529381,4,1.00245180250472,0.952451802504716,235.988108446787,224.76729925982
28.23,60,0,3955.05084755662,122.559677545989,4,1.00245254803668,0.952452548036681,235.975938249658,224.755883661233
28.24,60,0,3955.27645440717,122.568593508199,4,1.00245329324625,0.95245329324625,235.963774039831,224.744473671051
28.25,60,0,3955.50195025722,122.577505417722,4,1.00245403813354,0.952454038133543,235.951615814347,224.733069286509
28.26,60,0,3955.72733516165,122.586413276265,4,1.00245478269868,0.952454782698682,235.939463570249,224.721670504845
28.27,60,0,3955.95260917528,122.595317085536,4,1.00245552694179,0.952455526941787,235.927317304579,224.710277323295
28.28,60,0,3956.17777235293,122.604216847244,4,1.00245627086298,0.95245627086298,235.915177014383,224.698889739099
28.29,60,0,3956.40282474938,122.613112563095,4,1.00245701446238,0.952457014462382,235.903042696707,224.687507749498
28.3,60,0,3956.62776641938,122.622004234796,4,1.00245775774011,0.952457757740114,235.890914348599,224.676131351731
28.31,60,0,3956.85259741767,122.630891864053,4,1.0024585006963,0.952458500696297,235.878791967108,224.664760543045
28.32,60,0,3957.07731779895,122.63977545257,4,1.00245924333105,0.952459243331051,235.866675549285,224.653395320682
28.33,60,0,3957.30192761789,122.648655002052,4,1.0024599856445,0.952459985644498,235.854565092182,224.642035681889
28.34,60,0,3957.52642692913,122.657530514203,4,1.00246072763676,0.952460727636758,235.842460592853,224.630681623912
28.35,60,0,3957.75081578731,122.666401990727,4,1.00246146930795,0.952461469307953,235.830362048353,224.619333144
28.36,60,0,3957.97509424701,122.675269433326,4,1.0024622106582,0.952462210658203,235.818269455738,224.607990239404
28.37,60,0,3958.1992623628,122.684132843703,4,1.00246295168763,0.952462951687629,235.806182812066,224.596652907373
28.38,60,0,3958.42332018923,122.692992223559,4,1.00246369239635,0.952463692396352,235.794102114398,224.585321145162
28.39,60,0,3958.64726778079,122.701847574595,4,1.00246443278449,0.952464432784492,235.782027359794,224.573994950024
28.4,60,0,3958.87110519199,122.710698898512,4,1.00246517285217,0.952465172852171,235.769958545317,224.562674319215
28.41,60,0,3959.09483247728,122.719546197009,4,1.00246591259951,0.952465912599509,235.75789566803,224.551359249989
28.42,60,0,3959.31844969109,122.728389471786,4,1.00246665202663,0.952466652026626,235.745838724997,224.540049739607
28.43,60,0,3959.54195688783,122.737228724541,4,1.00246739113364,0.952467391133643,235.733787713288,224.528745785327
28.44,60,0,3959.76535412188,122.746063956973,4,1.00246812992068,0.952468129920682,235.721742629969,224.517447384411
28.45,60,0,3959.98864144758,122.754895170778,4,1.00246886838786,0.952468868387861,235.70970347211,224.506154534119
28.46,60,0,3960.21181891927,122.763722367654,4,1.0024696065353,0.952469606535303,235.697670236781,224.494867231715
28.47,60,0,3960.43488659125,122.772545549296,4,1.00247034436313,0.952470344363127,235.685642921057,224.483585474464
28.48,60,0,3960.65784451777,122.781364717402,4,1.00247108187145,0.952471081871454,235.67362152201,224.472309259632
28.49,60,0,3960.8806927531,122.790179873665,4,1.0024718190604,0.952471819060405,235.661606036716,224.461038584488
28.5,60,0,3961.10343135144,122.79899101978,4,1.0024725559301,0.952472555930099,235.649596462252,224.449773446298
28.51,60,0,3961.326060367,122.807798157441,4,1.00247329248066,0.952473292480658,235.637592795697,224.438513842334
28.52,60,0,3961.54857985392,122.816601288341,4,1.0024740287122,0.952474028712201,235.62559503413,224.427259769868
28.53,60,0,3961.77098986636,122.825400414173,4,1.00247476462485,0.952474764624849,235.613603174632,224.41601122617
28.54,60,0,3961.99329045842,122.83419553663,4,1.00247550021872,0.952475500218723,235.601617214285,224.404768208516
28.55,60,0,3962.21548168418,122.842986657402,4,1.00247623549394,0.952476235493942,235.589637150174,224.393530714182
28.56,60,0,3962.43756359771,122.85177377818,4,1.00247697045063,0.952476970450626,235.577662979385,224.382298740443
28.57,60,0,3962.65953625303,122.860556900656,4,1.0024777050889,0.952477705088897,235.565694699004,224.371072284579
28.58,60,0,3962.88139970416,122.869336026518,4,1.00247843940887,0.952478439408874,235.55373230612,224.359851343869
28.59,60,0,3963.10315400506,122.878111157456,4,1.00247917341068,0.952479173410677,235.541775797823,224.348635915593
28.6,60,0,3963.32479920969,122.886882295158,4,1.00247990709443,0.952479907094427,235.529825171203,224.337425997034
28.61,60,0,3963.54633537197,122.895649441312,4,1.00248064046024,0.952480640460243,235.517880423354,224.326221585475
28.62,60,0,3963.7677625458,122.904412597606,4,1.00248137350825,0.952481373508246,235.50594155137,224.315022678201
28.63,60,0,3963.98908078505,122.913171765726,4,1.00248210623856,0.952482106238555,235.494008552345,224.303829272498
28.64,60,0,3964.21029014357,122.921926947359,4,1.00248283865129,0.952482838651292,235.482081423378,224.292641365654
28.65,60,0,3964.43139067518,122.93067814419,4,1.00248357074657,0.952483570746575,235.470160161567,224.281458954957
28.66,60,0,3964.65238243366,122.939425357904,4,1.00248430252452,0.952484302524524,235.458244764011,224.270282037698
28.67,60,0,3964.87326547278,122.948168590186,4,1.00248503398526,0.952485033985261,235.446335227812,224.259110611168
28.68,60,0,3965.09403984628,122.956907842719,4,1.0024857651289,0.952485765128903,235.434431550073,224.24794467266
28.69,60,0,3965.31470560787,122.965643117186,4,1.00248649595557,0.952486495955573,235.422533727898,224.236784219468
28.7,60,0,3965.53526281123,122.974374415271,4,1.00248722646539,0.952487226465388,235.410641758392,224.225629248888
28.71,60,0,3965.75571151003,122.983101738655,4,1.00248795665847,0.952487956658469,235.398755638662,224.214479758216
28.72,60,0,3965.9760517579,122.99182508902,4,1.00248868653494,0.952488686534936,235.386875365818,224.203335744751
28.73,60,0,3966.19628360845,123.000544468046,4,1.00248941609491,0.952489416094909,235.375000936968,224.192197205791
28.74,60,0,3966.41640711524,123.009259877414,4,1.00249014533851,0.952490145338507,235.363132349224,224.181064138638
28.75,60,0,3966.63642233184,123.017971318804,4,1.00249087426585,0.95249087426585,235.351269599699,224.169936540595
28.76,60,0,3966.85632931177,123.026678793894,4,1.00249160287706,0.952491602877057,235.339412685508,224.158814408964
28.77,60,0,3967.07612810854,123.035382304363,4,1.00249233117225,0.952492331172249,235.327561603765,224.147697741051
28.78,60,0,3967.29581877561,123.044081851889,4,1.00249305915154,0.952493059151545,235.315716351587,224.13658653416
28.79,60,0,3967.51540136644,123.05277743815,4,1.00249378681506,0.952493786815064,235.303876926093,224.1254807856
28.8,60,0,3967.73487593443,123.061469064821,4,1.00249451416293,0.952494514162926,235.292043324403,224.114380492679
28.81,60,0,3967.954242533,123.07015673358,4,1.00249524119525,0.95249524119525,235.280215543638,224.103285652708
28.82,60,0,3968.1735012155,123.078840446101,4,1.00249596791216,0.952495967912157,235.268393580922,224.092196262999
28.83,60,0,3968.39265203529,123.08752020406,4,1.00249669431376,0.952496694313764,235.256577433377,224.081112320862
28.84,60,0,3968.61169504566,123.09619600913,4,1.00249742040019,0.952497420400193,235.244767098131,224.070033823614
28.85,60,0,3968.83063029992,123.104867862987,4,1.00249814617156,0.952498146171562,235.232962572308,224.058960768568
28.86,60,0,3969.04945785133,123.113535767302,4,1.00249887162799,0.952498871627991,235.221163853039,224.047893153042
28.87,60,0,3969.26817775312,123.122199723749,4,1.0024995967696,0.952499596769599,235.209370937452,224.036830974354
28.88,60,0,3969.4867900585,123.130859733999,4,1.0025003215965,0.952500321596505,235.19758382268,224.025774229823
28.89,60,0,3969.70529482066,123.139515799724,4,1.00250104610883,0.952501046108828,235.185802505854,224.01472291677
28.9,60,0,3969.92369209275,123.148167922595,4,1.00250177030669,0.952501770306689,235.174026984109,224.003677032516
28.91,60,0,3970.14198192791,123.156816104282,4,1.00250249419021,0.952502494190205,235.16225725458,223.992636574386
28.92,60,0,3970.36016437924,123.165460346454,4,1.0025032177595,0.952503217759497,235.150493314403,223.981601539702
28.93,60,0,3970.57823949982,123.174100650781,4,1.00250394101468,0.952503941014683,235.138735160719,223.970571925793
28.94,60,0,3970.79620734271,123.182737018931,4,1.00250466395588,0.952504663955882,235.126982790666,223.959547729984
28.95,60,0,3971.01406796092,123.191369452572,4,1.00250538658321,0.952505386583214,235.115236201385,223.948528949604
28.96,60,0,3971.23182140746,123.199997953371,4,1.0025061088968,0.952506108896799,235.103495390018,223.937515581983
28.97,60,0,3971.44946773531,123.208622522995,4,1.00250683089675,0.952506830896753,235.091760353711,223.926507624452
28.98,60,0,3971.66700699741,123.21724316311,4,1.0025075525832,0.952507552583198,235.080031089608,223.915505074345
28.99,60,0,3971.88443924669,123.225859875381,4,1.00250827395625,0.952508273956251,235.068307594856,223.904507928993
29,60,0,3972.10176453603,123.234472661474,4,1.00250899501603,0.952508995016032,235.056589866603,223.893516185734
29.01,60,0,3972.31898291832,123.243081523053,4,1.00250971576266,0.952509715762659,235.044877901998,223.882529841901
29.02,60,0,3972.53609444639,123.251686461781,4,1.00251043619625,0.952510436196252,235.033171698194,223.871548894835
29.03,60,0,3972.75309917305,123.260287479322,4,1.00251115631693,0.95251115631693,235.021471252341,223.860573341873
29.04,60,0,3972.96999715112,123.268884577338,4,1.00251187612481,0.95251187612481,235.009776561595,223.849603180357
29.05,60,0,3973.18678843334,123.277477757492,4,1.00251259562001,0.952512595620013,234.998087623109,223.838638407627
29.06,60,0,3973.40347307245,123.286067021444,4,1.00251331480266,0.952513314802657,234.986404434042,223.827679021027
29.07,60,0,3973.62005112118,123.294652370855,4,1.00251403367286,0.95251403367286,234.974726991551,223.816725017901
29.08,60,0,3973.8365226322,123.303233807386,4,1.00251475223074,0.952514752230741,234.963055292795,223.805776395594
29.09,60,0,3974.05288765818,123.311811332696,4,1.00251547047642,0.95251547047642,234.951389334935,223.794833151454
29.1,60,0,3974.26914625176,123.320384948445,4,1.00251618841001,0.952516188410014,234.939729115133,223.783895282828
29.11,60,0,3974.48529846553,123.32895465629,4,1.00251690603164,0.952516906031642,234.928074630554,223.772962787066
29.12,60,0,3974.7013443521,123.33752045789,4,1.00251762334142,0.952517623341423,234.916425878361,223.762035661518
29.13,60,0,3974.917283964,123.346082354902,4,1.00251834033948,0.952518340339476,234.904782855723,223.751113903538
29.14,60,0,3975.13311735378,123.354640348982,4,1.00251905702592,0.952519057025919,234.893145559806,223.740197510478
29.15,60,0,3975.34884457394,123.363194441787,4,1.00251977340087,0.95251977340087,234.881513987779,223.729286479693
29.16,60,0,3975.56446567696,123.371744634973,4,1.00252048946445,0.952520489464448,234.869888136814,223.718380808538
29.17,60,0,3975.77998071529,123.380290930193,4,1.00252120521677,0.952521205216772,234.858268004082,223.707480494372
29.18,60,0,3975.99538974136,123.388833329103,4,1.00252192065796,0.952521920657959,234.846653586758,223.696585534553
29.19,60,0,3976.21069280757,123.397371833356,4,1.00252263578813,0.952522635788128,234.835044882015,223.685695926441
29.2,60,0,3976.4258899663,123.405906444606,4,1.0025233506074,0.952523350607399,234.82344188703,223.674811667396
29.21,60,0,3976.6409812699,123.414437164504,4,1.00252406511589,0.952524065115888,234.811844598982,223.663932754782
29.22,60,0,3976.85596677069,123.422963994704,4,1.00252477931371,0.952524779313714,234.800253015047,223.653059185962
29.23,60,0,3977.07084652096,123.431486936856,4,1.002525493201,0.952525493200996,234.788667132408,223.642190958302
29.24,60,0,3977.285620573,123.440005992611,4,1.00252620677785,0.952526206777852,234.777086948246,223.631328069166
29.25,60,0,3977.50028897904,123.448521163619,4,1.0025269200444,0.9525269200444,234.765512459744,223.620470515925
29.26,60,0,3977.71485179131,123.457032451531,4,1.00252763300076,0.952527633000758,234.753943664087,223.609618295946
29.27,60,0,3977.92930906201,123.465539857994,4,1.00252834564704,0.952528345647044,234.74238055846,223.598771406599
29.28,60,0,3978.1436608433,123.474043384659,4,1.00252905798338,0.952529057983376,234.730823140052,223.587929845256
29.29,60,0,3978.35790718732,123.482543033172,4,1.00252977000987,0.952529770009874,234.719271406051,223.57709360929
29.3,60,0,3978.5720481462,123.49103880518,4,1.00253048172665,0.952530481726653,234.707725353646,223.566262696076
29.31,60,0,3978.78608377202,123.499530702331,4,1.00253119313383,0.952531193133834,234.696184980031,223.555437102988
29.32,60,0,3979.00001411685,123.508018726271,4,1.00253190423153,0.952531904231533,234.684650282397,223.544616827403
29.33,60,0,3979.21383923274,123.516502878645,4,1.00253261501987,0.952532615019868,234.67312125794,223.5338018667
29.34,60,0,3979.42755917169,123.524983161099,4,1.00253332549896,0.952533325498959,234.661597903854,223.522992218257
29.35,60,0,3979.64117398569,123.533459575275,4,1.00253403566892,0.952534035668921,234.650080217337,223.512187879456
29.36,60,0,3979.85468372672,123.541932122819,4,1.00253474552987,0.952534745529874,234.638568195587,223.501388847677
29.37,60,0,3980.0680884467,123.550400805374,4,1.00253545508194,0.952535455081936,234.627061835805,223.490595120306
29.38,60,0,3980.28138819754,123.558865624582,4,1.00253616432522,0.952536164325223,234.61556113519,223.479806694724
29.39,60,0,3980.49458303114,123.567326582085,4,1.00253687325985,0.952536873259854,234.604066090947,223.469023568319
29.4,60,0,3980.70767299936,123.575783679524,4,1.00253758188595,0.952537581885947,234.59257670028,223.458245738478
29.41,60,0,3980.92065815402,123.584236918542,4,1.00253829020362,0.952538290203619,234.581092960392,223.447473202588
29.42,60,0,3981.13353854694,123.592686300776,4,1.00253899821299,0.952538998212988,234.569614868493,223.43670595804
29.43,60,0,3981.34631422991,123.601131827869,4,1.00253970591417,0.952539705914172,234.558142421789,223.425944002225
29.44,60,0,3981.55898525468,123.609573501458,4,1.00254041330729,0.952540413307288,234.54667561749,223.415187332534
29.45,60,0,3981.77155167298,123.618011323182,4,1.00254112039245,0.952541120392455,234.535214452807,223.404435946362
29.46,60,0,3981.98401353652,123.626445294679,4,1.00254182716979,0.952541827169789,234.523758924952,223.393689841101
29.47,60,0,3982.19637089698,123.634875417587,4,1.00254253363941,0.952542533639408,234.51230903114,223.38294901415
29.48,60,0,3982.40862380602,123.643301693542,4,1.00254323980143,0.95254323980143,234.500864768585,223.372213462905
29.49,60,0,3982.62077231527,123.65172412418,4,1.00254394565597,0.952543945655971,234.489426134503,223.361483184764
29.5,60,0,3982.83281647633,123.660142711137,4,1.00254465120315,0.952544651203151,234.477993126113,223.350758177128
29.51,60,0,3983.04475634078,123.668557456048,4,1.00254535644309,0.952545356443085,234.466565740633,223.340038437398
29.52,60,0,3983.25659196018,123.676968360548,4,1.00254606137589,0.952546061375893,234.455143975285,223.329323962975
29.53,60,0,3983.46832338606,123.68537542627,4,1.00254676600169,0.95254676600169,234.44372782729,223.318614751266
29.54,60,0,3983.67995066991,123.693778654848,4,1.00254747032059,0.952547470320594,234.432317293872,223.307910799673
29.55,60,0,3983.89147386322,123.702178047914,4,1.00254817433272,0.952548174332722,234.420912372254,223.297212105602
29.56,60,0,3984.10289301744,123.7105736071,4,1.00254887803819,0.952548878038193,234.409513059664,223.286518666463
29.57,60,0,3984.31420818399,123.718965334038,4,1.00254958143712,0.952549581437123,234.398119353329,223.275830479662
29.58,60,0,3984.52541941427,123.727353230359,4,1.00255028452963,0.952550284529629,234.386731250477,223.265147542611
29.59,60,0,3984.73652675967,123.735737297693,4,1.00255098731583,0.952550987315828,234.375348748339,223.254469852722
29.6,60,0,3984.94753027153,123.74411753767,4,1.00255168979584,0.952551689795838,234.363971844146,223.243797407406
29.61,60,0,3985.15843000117,123.75249395192,4,1.00255239196978,0.952552391969776,234.352600535131,223.233130204077
29.62,60,0,3985.36922599991,123.76086654207,4,1.00255309383776,0.952553093837759,234.341234818529,223.222468240151
29.63,60,0,3985.579918319,123.769235309749,4,1.0025537953999,0.952553795399904,234.329874691575,223.211811513044
29.64,60,0,3985.7905070097,123.777600256584,4,1.00255449665633,0.952554496656328,234.318520151507,223.201160020174
29.65,60,0,3986.00099212324,123.785961384202,4,1.00255519760715,0.952555197607148,234.307171195562,223.19051375896
29.66,60,0,3986.2113737108,123.79431869423,4,1.00255589825248,0.952555898252481,234.295827820979,223.179872726822
29.67,60,0,3986.42165182357,123.802672188292,4,1.00255659859244,0.952556598592444,234.284490025002,223.169236921181
29.68,60,0,3986.6318265127,123.811021868015,4,1.00255729862715,0.952557298627154,234.273157804872,223.158606339461
29.69,60,0,3986.8418978293,123.819367735023,4,1.00255799835673,0.952557998356728,234.261831157832,223.147980979086
29.7,60,0,3987.05186582447,123.827709790939,4,1.00255869778128,0.952558697781282,234.250510081128,223.13736083748
29.71,60,0,3987.26173054928,123.836048037387,4,1.00255939690093,0.952559396900934,234.239194572007,223.126745912071
29.72,60,0,3987.47149205479,123.84438247599,4,1.0025600957158,0.952560095715801,234.227884627716,223.116136200286
29.73,60,0,3987.68115039201,123.852713108371,4,1.002560794226,0.952560794225998,234.216580245505,223.105531699556
29.74,60,0,3987.89070561194,123.861039936149,4,1.00256149243164,0.952561492431644,234.205281422625,223.094932407309
29.75,60,0,3988.10015776554,123.869362960948,4,1.00256219033285,0.952562190332854,234.193988156327,223.084338320977
29.76,60,0,3988.30950690377,123.877682184387,4,1.00256288792975,0.952562887929745,234.182700443865,223.073749437995
29.77,60,0,3988.51875307755,123.885997608085,4,1.00256358522243,0.952563585222435,234.171418282494,223.063165755795
29.78,60,0,3988.72789633777,123.894309233663,4,1.00256428221104,0.952564282211038,234.160141669469,223.052587271813
29.79,60,0,3988.9369367353,123.902617062739,4,1.00256497889567,0.952564978895673,234.148870602049,223.042013983486
29.8,60,0,3989.14587432098,123.910921096931,4,1.00256567527646,0.952565675276456,234.137605077491,223.031445888253
29.81,60,0,3989.35470914565,123.919221337857,4,1.0025663713535,0.952566371353503,234.126345093056,223.020882983551
29.82,60,0,3989.56344126008,123.927517787134,4,1.00256706712693,0.952567067126931,234.115090646007,223.010325266823
29.83,60,0,3989.77207071506,123.935810446378,4,1.00256776259686,0.952567762596856,234.103841733605,222.999772735508
29.84,60,0,3989.98059756132,123.944099317205,4,1.0025684577634,0.952568457763395,234.092598353114,222.989225387052
29.85,60,0,3990.18902184959,123.95238440123,4,1.00256915262666,0.952569152626664,234.081360501801,222.978683218897
29.86,60,0,3990.39734363056,123.960665700067,4,1.00256984718678,0.952569847186779,234.070128176932,222.96814622849
29.87,60,0,3990.60556295489,123.968943215332,4,1.00257054144386,0.952570541443858,234.058901375776,222.957614413277
29.88,60,0,3990.81367987325,123.977216948637,4,1.00257123539802,0.952571235398015,234.047680095602,222.947087770707
29.89,60,0,3991.02169443623,123.985486901595,4,1.00257192904937,0.952571929049368,234.036464333681,222.936566298228
29.9,60,0,3991.22960669444,123.993753075819,4,1.00257262239803,0.952572622398033,234.025254087286,222.926049993292
29.91,60,0,3991.43741669845,124.00201547292,4,1.00257331544413,0.952573315444125,234.014049353689,222.915538853349
29.92,60,0,3991.64512449881,124.01027409451,4,1.00257400818776,0.952574008187762,234.002850130168,222.905032875854
29.93,60,0,3991.85273014602,124.018528942199,4,1.00257470062906,0.95257470062906,233.991656413997,222.894532058261
29.94,60,0,3992.06023369058,124.026780017597,4,1.00257539276813,0.952575392768134,233.980468202453,222.884036398024
29.95,60,0,3992.26763518298,124.035027322314,4,1.0025760846051,0.9525760846051,233.969285492818,222.873545892601
29.96,60,0,3992.47493467364,124.043270857958,4,1.00257677614008,0.952576776140075,233.95810828237,222.863060539451
29.97,60,0,3992.68213221298,124.051510626138,4,1.00257746737317,0.952577467373175,233.946936568392,222.852580336032
29.98,60,0,3992.88922785142,124.059746628462,4,1.00257815830452,0.952578158304516,233.935770348167,222.842105279805
29.99,60,0,3993.0962216393,124.067978866536,4,1.00257884893421,0.952578848934213,233.92460961898,222.831635368233
30,60,0,3993.30311362698,124.076207341967,4,1.00257953926238,0.952579539262383,233.913454378114,222.821170598777
