TimeSeconds,ThrottlePercent,Brake,RPM,SpeedMPH,Gear,TorqueRatioBefore,TorqueRatioAfter,ImpellerTorque,TurbineTorque
0,80,0,1000,0,1,2.232,2.232,52.9193384795879,118.11596348644
0.01,80,0,1104.48889403316,0.0574796856898863,1,2.22315494152199,2.22315494152199,64.5772554486182,143.565244560523
0.02,80,0,1207.43294039545,0.126808552117413,1,2.21415020629601,2.21415020629601,77.2018989294219,170.936600441023
0.03,80,0,1306.6590530383,0.208925938593333,1,2.20482448661575,2.20482448661575,90.4433769442748,199.411772138955
0.04,80,0,1400.5657147064,0.304119404109594,1,2.19509473592841,2.19509473592841,103.947964194705,228.175629014271
0.05,80,0,1489.03125865444,0.412424393585755,1,2.18492522999709,2.18492522999709,117.538610953291,256.813076570657
0.06,80,0,1572.0100881971,0.533696817654718,1,2.17429851881026,2.17429851881026,131.055394531749,284.953550212477
0.07,80,0,1649.47226852156,0.667632979300174,1,2.16320760331919,2.16320760331919,144.348781326282,312.256381294873
0.08,80,0,1721.32516945736,0.813769012854739,1,2.15164999528963,2.15164999528963,157.266176311803,338.381767520508
0.09,80,0,1787.72327120458,0.971515460505081,1,2.13963719792923,2.13963719792923,169.708605546207,363.114845235365
0.1,80,0,1848.87594048897,1.14019950887813,1,2.12718564750679,2.12718564750679,181.601625713484,386.300371781623
0.11,80,0,1905.02272500746,1.31908897383848,1,2.11431486590533,2.11431486590533,192.891120970633,407.832564569353
0.12,80,0,1956.42468847483,1.50741363752737,1,2.10104653853551,2.10104653853551,203.541222338771,427.649580644162
0.13,80,0,2003.35825094407,1.70438394089892,1,2.08740392924278,2.08740392924278,213.532329456086,445.728223526998
0.14,80,0,2046.18348699404,1.90922429772772,1,2.07399092314991,2.07399092314991,222.90133192131,462.295339162821
0.15,80,0,2085.16612842357,2.12161856474245,1,2.06485249351171,2.06485249351171,231.846441520052,478.728702884496
0.16,80,0,2120.51874406699,2.34116719164397,1,2.05548061811358,2.05548061811358,240.169188164368,493.66311133993
0.17,80,0,2152.4934788148,2.56719551391255,1,2.0458884409017,2.0458884409017,247.88376591846,507.14253137976
0.18,80,0,2181.33662462932,2.79905192453035,1,2.0360891116948,2.0360891116948,255.010197431928,519.223486362289
0.19,80,0,2207.28625000604,3.03611282088999,1,2.02609568859836,2.02609568859836,261.572885807437,529.97169618868
0.2,80,0,2230.57042894992,3.27778612231836,1,2.01592105705258,2.01592105705258,267.599354165119,539.459172915134
0.21,80,0,2251.4059885792,3.52351356505319,1,2.00557786292038,2.00557786292038,273.11917136043,547.761764019636
0.22,80,0,2269.9976963325,3.77277197377906,1,1.99507845758296,1.99507845758296,278.163054872113,554.95711847082
0.23,80,0,2286.53781241818,4.02507369481986,1,1.98443485340606,1.98443485340606,282.762137030699,561.123039947298
0.24,80,0,2301.20850608345,4.27995621842219,1,1.97327061282366,1.97327061282366,286.891329448612,566.114229474856
0.25,80,0,2314.29791120735,4.53651656322268,1,1.95925829210378,1.95925829210378,290.257181853353,568.688790388856
0.26,80,0,2326.02957954567,4.79407741075829,1,1.94517564230388,1.94517564230388,293.301713266012,570.523348491043
0.27,80,0,2336.53307976893,5.05231690324427,1,1.93103515524249,1.93103515524249,296.052193633618,571.687193693174
0.28,80,0,2345.92694147244,5.31094374486411,1,1.91684871349262,1.91684871349262,298.534235017139,572.244964326106
0.29,80,0,2354.31933510659,5.56969507088089,1,1.9026275798215,1.9026275798215,300.771749971106,572.256626726202
0.3,80,0,2361.80876666596,5.82833432932353,1,1.88838239420911,1.88838239420911,302.786950590206,571.777546690809
0.31,80,0,2368.48477097458,6.08664921159489,1,1.8741231771405,1.8741231771405,304.600378489095,570.858629092181
0.32,80,0,2374.42859133489,6.34444965851189,1,1.85985933804924,1.85985933804924,306.230957637872,569.546506162557
0.33,80,0,2379.71557706304,6.60156290586627,1,1.84560944935233,1.84560944935233,307.666971697105,567.833070217791
0.34,80,0,2384.65187688167,6.85742507865553,1,1.83175749512983,1.83175749512983,307.995134222401,564.172395575402
0.35,80,0,2389.48219579725,7.11161207926901,1,1.81804038695708,1.81804038695708,308.304332222534,560.509727454398
0.36,80,0,2394.21390790469,7.36412377990733,1,1.80445678655379,1.80445678655379,308.596447477314,556.84895395683
0.37,80,0,2398.85363433705,7.61496171638326,1,1.79100533658497,1.79100533658497,308.873158498563,553.193475198784
0.38,80,0,2403.40320544645,7.86412863813946,1,1.77768391108042,1.77768391108042,309.134851547853,549.544051950853
0.39,80,0,2407.85835230834,8.11162637417744,1,1.76448935838467,1.76448935838467,309.380273440906,545.898200180616
0.4,80,0,2412.22535331324,8.35745713985713,1,1.75142053079613,1.75142053079613,309.611019815673,542.259096665897
0.41,80,0,2416.5101462577,8.60162458765133,1,1.73847630343564,1.73847630343564,309.828593401523,538.629667755343
0.42,80,0,2420.71805009683,8.84413361731777,1,1.72565551479428,1.72565551479428,310.034329096919,535.012449781642
0.43,80,0,2424.88301429846,9.08487163223921,1,1.71129593188457,1.71129593188457,310.011448289804,530.521330295986
0.44,80,0,2429.13202813118,9.32333264643869,1,1.69582439378362,1.69582439378362,309.847465319425,525.446890040704
0.45,80,0,2433.46555027188,9.55950703796899,1,1.68058861867323,1.68058861867323,309.724660158712,520.519738785164
0.46,80,0,2437.86644297362,9.79345876057552,1,1.66557973436277,1.66557973436277,309.637687850669,515.726257879021
0.47,80,0,2442.31977104528,10.0252459462431,1,1.65078949770291,1.65078949770291,309.581870496034,511.054500494076
0.48,80,0,2446.81252758955,10.254921617151,1,1.63621024367902,1.63621024367902,309.553112675122,506.493973921761
0.49,80,0,2451.33339443267,10.4825343052274,1,1.62183483795183,1.62183483795183,309.547828026817,502.035451506213
0.5,80,0,2455.8725326867,10.7081285918194,1,1.60765663279947,1.60765663279947,309.562875415018,497.670809929428
0.51,80,0,2460.42139952269,10.9317455782017,1,1.59366942636516,1.59366942636516,309.595503354539,493.392888236262
0.52,80,0,2464.97258777361,11.1534232961244,1,1.57986742507939,1.57986742507939,309.643301568676,489.195365542386
0.53,80,0,2469.51968544559,11.3731970663201,1,1.56624520910174,1.56624520910174,309.70415871736,485.07265482995
0.54,80,0,2474.17913425826,11.590915829396,1,1.5529207453468,1.5529207453468,309.149929088772,480.085338304446
0.55,80,0,2479.13969010853,11.8063370090478,1,1.53991330336847,1.53991330336847,308.58383972863,475.192360002641
0.56,80,0,2484.35607342331,12.0195810287801,1,1.52718847845156,1.52718847845156,308.123918794722,470.563298718645
0.57,80,0,2489.78451283667,12.2307605573258,1,1.51472633287462,1.51472633287462,307.755388742012,466.165191411592
0.58,80,0,2495.38729020517,12.4399743173475,1,1.50250904767835,1.50250904767835,307.465535184658,461.969748464216
0.59,80,0,2501.1318985001,12.6473090531433,1,1.49052068520205,1.49052068520205,307.24340550731,457.952651300566
0.6,80,0,2506.99032210016,12.852841204543,1,1.47874697709476,1.47874697709476,307.079554801517,454.092963390347
0.61,80,0,2512.93842040339,13.0566383339983,1,1.46717513543769,1.46717513543769,306.96583094791,450.372634595742
0.62,80,0,2518.95539894467,13.2587603456496,1,1.45579368473745,1.45579368473745,306.895192241401,446.776082741318
0.63,80,0,2525.02335484907,13.4592605285341,1,1.44459231269471,1.44459231269471,306.861552195442,443.289839363101
0.64,80,0,2531.12688560395,13.658186450714,1,1.43356173780868,1.43356173780868,306.859647141534,439.902249019575
0.65,80,0,2537.25275189626,13.8555807267227,1,1.42269359203728,1.42269359203728,306.884923021009,436.603213474845
0.66,80,0,2543.38958671358,14.0514816771207,1,1.41198031688973,1.41198031688973,306.933438392193,433.383973605062
0.67,80,0,2549.61141868823,14.2458071604959,1,1.40145356104935,1.40145356104935,306.472835202743,429.507446259774
0.68,80,0,2556.13162420065,14.4382948298247,1,1.39120936024985,1.39120936024985,305.92746861536,425.609157895232
0.69,80,0,2562.90273608857,14.6290560291351,1,1.38122410768814,1.38122410768814,305.499048089415,421.962650096879
0.7,80,0,2569.87677180247,14.8181972556185,1,1.37147366331207,1.37147366331207,305.169745766759,418.532269158751
0.71,80,0,2577.01301364648,15.0058100442026,1,1.3619370264843,1.3619370264843,304.924470852433,415.287927135062
0.72,80,0,2584.27689798675,15.1919732910229,1,1.35259590654851,1.35259590654851,304.750429035986,412.204182832977
0.73,80,0,2591.63908223402,15.3767551960425,1,1.34343435247885,1.34343435247885,304.636758078254,409.259485830116
0.74,80,0,2599.07465911768,15.5602148917068,1,1.33443843357283,1.33443843357283,304.574225122284,406.435551878841
0.75,80,0,2606.56249348822,15.7424038116947,1,1.32559596420554,1.32559596420554,304.554974326727,403.716844846229
0.76,80,0,2614.08466141449,15.923366843729,1,1.31689626659281,1.31689626659281,304.572315750826,401.090145519789
0.77,80,0,2621.62597495655,16.103143302374,1,1.30832996632534,1.30832996632534,304.620548222821,398.54419159837
0.78,80,0,2629.17357889842,16.2817677513343,1,1.29988881614573,1.29988881614573,304.694810329256,396.069376284643
0.79,80,0,2636.71660807292,16.4592706995979,1,1.2915655440587,1.2915655440587,304.790954767552,393.657495318523
0.8,80,0,2644.24589582044,16.6356791915833,1,1.28335372240125,1.28335372240125,304.90544217898,391.301534200793
0.81,80,0,2651.75372568538,16.8110173080445,1,1.27524765496415,1.27524765496415,305.035251276833,388.995488872182
0.82,80,0,2659.23361973735,16.9853065917015,1,1.26724227965854,1.26724227965854,305.177802644554,386.73421432447
0.83,80,0,2666.68015796427,17.1585664092703,1,1.25933308456872,1.25933308456872,305.330894030949,384.513296594121
0.84,80,0,2674.10047147195,17.3307986550948,1,1.2514737852757,1.2514737852757,305.336783136687,382.120979775976
0.85,80,0,2681.64052186379,17.5018229848456,1,1.24368222719465,1.24368222719465,305.071142710012,379.411558218404
0.86,80,0,2689.3177354168,17.6716401511921,1,1.2360684690895,1.2360684690895,304.883443523444,376.856811286759
0.87,80,0,2697.10016429423,17.8403153604735,1,1.22861461771659,1.22861461771659,304.761101628522,374.433944372215
0.88,80,0,2704.960976668,18.0079042869943,1,1.22130534710475,1.22130534710475,304.693551477529,372.123863647843
0.89,80,0,2712.87763894445,18.1744546140287,1,1.21412750995861,1.21412750995861,304.671910697691,369.910548289721
0.9,80,0,2720.83123318759,18.3400073149412,1,1.2070698090143,1.2070698090143,304.688703644688,367.780535317208
0.91,80,0,2728.80588619201,18.5045977206593,1,1.20012251895425,1.20012251895425,304.737632641006,365.722495305277
0.92,80,0,2736.78829106193,18.6682564109054,1,1.19327725098452,1.19327725098452,304.81338809751,363.726881812274
0.93,80,0,2744.76730565689,18.8310099596005,1,1.18652675343096,1.18652675343096,304.911490486442,361.785640890673
0.94,80,0,2752.73361507155,18.9928815592827,1,1.17986474276113,1.17986474276113,305.028158511932,359.89196977758
0.95,80,0,2760.67944757906,19.1538915449121,1,1.17328576032051,1.17328576032051,305.160198905553,358.040115992459
0.96,80,0,2768.59833530152,19.3140578338276,1,1.1667850508116,1.1667850508116,305.304914129693,356.225209745844
0.97,80,0,2776.48491236388,19.4733962956978,1,1.16035845916656,1.16035845916656,305.460024952471,354.443123890827
0.98,80,0,2784.33474451014,19.631921063925,1,1.15400234298728,1.15400234298728,305.623605403788,352.69035670819
0.99,80,0,2792.14418516439,19.7896447980149,1,1.14771349816682,1.14771349816682,305.794028062016,350.963933665578
1,80,0,2799.91025374656,19.9465789048228,1,1.1414890956769,1.1414890956769,305.969917977453,349.26132497642
1.01,80,0,2807.59779807884,20.1027312203505,1,1.13531250157265,1.13531250157265,306.139527686914,347.564033008499
1.02,80,0,2815.17730381164,20.2580992887013,1,1.12917005266389,1.12917005266389,306.293157999857,345.857061349287
1.03,80,0,2822.65591949722,20.412679499652,1,1.12306411996048,1.12306411996048,306.433048715163,344.1439621821
1.04,80,0,2830.03988917324,20.5664697433844,1,1.11699663095676,1.11699663095676,306.561116699676,342.427734535881
1.05,80,0,2837.33462726127,20.719469162996,1,1.11096911348202,1.11096911348202,306.678985907909,340.710881097675
1.06,80,0,2844.54484455492,20.8716779465614,1,1.10498275988294,1.10498275988294,306.78803307118,338.995487482052
1.07,80,0,2851.67465458167,21.023097152404,1,1.09903848108718,1.09903848108718,306.889426216249,337.283288850422
1.08,80,0,2858.75080635842,21.1737020936872,1,1.0931127004147,1.0931127004147,306.795047235264,335.361562557196
1.09,80,0,2865.89573301695,21.3233630711236,1,1.08726589087301,1.08726589087301,306.542596664301,333.293309452736
1.1,80,0,2873.11063153455,21.4720949827386,1,1.08153569916559,1.08153569916559,306.342009199858,331.319819103761
1.11,80,0,2880.46016376596,21.6198085828662,1,1.07519800867925,1.07519800867925,305.653133115073,328.6376400719
1.12,80,0,2888.13426670617,21.7662282512898,1,1.06887248382846,1.06887248382846,304.936858084135,325.938616911236
1.13,80,0,2896.06251716324,21.911467635966,1,1.06280089694864,1.06280089694864,304.373423390251,323.488347386487
1.14,80,0,2904.17059481577,22.0556499920325,1,1.05714805637937,1.05714805637937,304.005110750357,321.378411959136
1.15,80,0,2912.37703592774,22.198918965049,1,1.05173222777262,1.05173222777262,303.746208139012,319.45967616353
1.16,80,0,2920.64969554342,22.3413289365011,1,1.04643794212403,1.04643794212403,303.546883454169,317.642976059944
1.17,80,0,2928.97240754837,22.4829208171268,1,1.04154462616977,1.04154462616977,303.293859442043,315.894089452149
1.18,80,0,2937.4156775506,22.6237228513403,1,1.03734378039676,1.03734378039676,302.921696268073,314.233937570923
1.19,80,0,2945.97021985486,22.7637885568133,1,1.0332549980454,1.0332549980454,302.63129504681,312.695298172067
1.2,80,0,2954.60236968628,22.9031677798184,1,1.02926068629285,1.02926068629285,302.405970324885,311.254576555647
1.21,80,0,2963.33792789976,23.041839507764,1,1.02519731010507,1.02519731010507,301.88341772114,309.490067813038
1.22,80,0,2972.30577715596,23.1796658318455,1,1.02122911078637,1.02122911078637,301.341298565842,307.738506377605
1.23,80,0,2981.4487206363,23.3167277836171,1,1.01740875061401,1.01740875061401,300.926606265708,306.165362507307
1.24,80,0,2990.71501493793,23.453097355163,1,1.01370787547147,1.01370787547147,300.61038682346,304.731116571468
1.25,80,0,3000.05971025819,23.5888631639154,1,1.01081269591887,1.01081269591887,300.408203615697,303.656426172926
1.26,80,0,3009.43146601014,23.7242220719379,1,1.00859428317622,1.00859428317622,300.282460581022,302.863173080108
1.27,80,0,3018.81105422718,23.8592203737384,1,1.00640479570293,1.00640479570293,300.185058289338,302.107682260752
1.28,80,0,3028.18704165573,23.9938734694588,1,1.0042401926139,1.0042401926139,300.109818081835,301.382341515823
1.29,80,0,3037.55053171376,24.1281936801779,1,1.0020972781384,1.0020972781384,300.051907489939,300.681199795901
1.3,80,0,3047.11550945524,24.2621019491208,1,1.002,1.002,299.041081290643,299.639163453225
1.31,80,0,3057.05258069517,24.3955825706964,1,1.002,1.002,298.250269139099,298.846769677377
1.32,80,0,3067.2557698222,24.5287418475973,1,1.002,1.002,297.658462822505,298.25377974815
1.33,80,0,3077.64656929691,24.6616576670375,1,1.002,1.002,297.21143268604,297.805855551412
1.34,80,0,3088.16779753761,24.7943867765325,1,1.002,1.002,296.870089598387,297.463829777583
1.35,80,0,3098.77137971384,24.9269740010757,1,1.00191806929224,1.00191806929224,296.656353976314,297.225361419222
1.36,80,0,3109.39707380357,25.0594634513054,1,1.0017543852164,1.0017543852164,296.53109657778,297.051326349819
1.37,80,0,3120.02632867583,25.1918708565017,1,1.001592200467,1.001592200467,296.427076005425,296.899047334274
1.38,80,0,3130.65079326736,25.3242047767327,1,1.00143123713549,1.00143123713549,296.338838217942,296.762969367888
1.39,80,0,3141.26429212908,25.4564715816029,1,1.00127128767455,1.00127128767455,296.262340651551,296.638975313653
1.4,80,0,3151.86226366362,25.5886760158587,1,1.00111219667878,1.00111219667878,296.19458167608,296.524008306094
1.41,80,0,3162.46151581539,25.7207996794365,1,1.00086345232893,1.00086345232893,295.808040201027,296.063456342255
1.42,80,0,3173.37611183894,25.8524983265611,1,1.00042411959748,1.00042411959748,294.88536130981,295.010427970552
1.43,80,0,3184.59168505576,25.9837794017751,1,1.00001710343902,1.00001710343902,294.243953489929,294.248986073444
1.44,80,0,3196.00170060837,26.1147525662689,1,0.999632218913795,0.999632218913795,293.791318413761,293.683267523557
1.45,80,0,3207.53704603158,26.2454917785489,1,0.999262825331763,0.999262825331763,293.467858913176,293.251521841643
1.46,80,0,3219.15679207034,26.3760492965188,1,0.998904888948542,0.998904888948542,293.237700357429,292.916572511063
1.47,80,0,3230.82603564342,26.5064619296213,1,0.998555065779207,0.998555065779207,293.071377513415,292.647908650911
1.48,80,0,3242.52053435429,26.6367547924144,1,0.998211038102204,0.998211038102204,292.948608298527,292.424534400269
1.49,80,0,3254.24157529349,26.7669320455753,1,0.998042394807906,0.998042394807906,292.673263231629,292.10032453194
1.5,80,0,3266.1132620579,26.8969125074002,1,0.998149562023838,0.998149562023838,292.237265978423,291.696499043406
1.51,80,0,3278.10899078627,27.0267336468967,1,0.998252049457804,0.998252049457804,291.938582764343,291.428288560312
1.52,80,0,3290.17786643836,27.1564455446192,1,0.998351443615417,0.998351443615417,291.728598119596,291.247667076601
1.53,80,0,3302.28697457107,27.2860805925044,1,0.998448769534068,0.998448769534068,291.576137820332,291.123836032206
1.54,80,0,3314.41495899554,27.4156598117774,1,0.998544691967895,0.998544691967895,291.461111768863,291.03694607186
1.55,80,0,3326.54792729217,27.5451968808665,1,0.998639643501593,0.998639643501593,291.370519259751,290.974151480432
1.56,80,0,3338.67682538491,27.6747007181594,1,0.998733906558755,0.998733906558755,291.295917093177,290.927109243084
1.57,80,0,3350.79574624359,27.8041771458275,1,0.998827666123488,0.998827666123488,291.231804307452,290.890383397345
1.58,80,0,3362.90083606358,27.9336299658897,1,0.998921043759937,0.998921043759937,291.174586320893,290.860421684034
1.59,80,0,3374.99079257082,28.0630604490372,1,0.999014083534349,0.999014083534349,291.069035072143,290.782065317824
1.6,80,0,3387.15079470587,28.1923829114512,1,0.999104250486475,0.999104250486475,290.752146597326,290.491705503455
1.61,80,0,3399.38919363872,28.3215881845311,1,0.999191319103318,0.999191319103318,290.533602475559,290.298653501393
1.62,80,0,3411.66998233285,28.4507117853227,1,0.999276382196838,0.999276382196838,290.377041290797,290.166919294089
1.63,80,0,3423.97045019706,28.5797761195474,1,0.999360128365349,0.999360128365349,290.259694240107,290.07396529508
1.64,80,0,3436.27623087317,28.7087953647875,1,0.99944299309824,0.99944299309824,290.167239665228,290.00561451007
1.65,80,0,3448.57821631783,28.8377785133894,1,0.999525252762041,0.999525252762041,290.090634435014,289.952914707559
1.66,80,0,3460.87062418422,28.966731278147,1,0.99960708333318,0.99960708333318,290.024148833602,289.910193511745
1.67,80,0,3473.1497824017,29.0956572907873,1,0.999688597246992,0.999688597246992,289.964141085056,289.873845453249
1.68,80,0,3485.41336200198,29.2245588584596,1,0.999769866598502,0.999769866598502,289.908289661541,289.841572080719
1.69,80,0,3497.65989127673,29.3534374428141,1,0.999850937797293,0.999850937797293,289.855110500536,289.811904059299
1.7,80,0,3509.88844715365,29.4822939643311,1,0.999931840852356,0.999931840852356,289.803652345867,289.783899575939
1.71,80,0,3522.09845857711,29.6111289962066,1,1.00001259527171,1.00001259527171,289.753303884057,289.756953405648
1.72,80,0,3534.28958089486,29.7399428882199,1,1.00009321382147,1.00009321382147,289.703671289059,289.730675675355
1.73,80,0,3546.46161539038,29.8687358460836,1,1.0001737049276,1.0001737049276,289.654500250495,289.70481466449
1.74,80,0,3558.61445759933,29.9975079824108,1,1.00025407421442,1.00025407421442,289.605626189881,289.679207511849
1.75,80,0,3570.74806402768,30.1262593495356,1,1.00033432549286,1.00033432549286,289.556942389467,289.653748656942
1.76,80,0,3582.8624306654,30.2549899607024,1,1.00041446139672,1.00041446139672,289.508379535185,289.628369582531
1.77,80,0,3594.95757908069,30.3836998037803,1,1.00049448379358,1.00049448379358,289.459892552209,289.603025777968
1.78,80,0,3606.99808993719,30.5123863891319,1,1.00057528685771,1.00057528685771,289.3835739105,289.550052477408
1.79,80,0,3618.862164247,30.6410125529071,1,1.00065984015304,1.00065984015304,289.186766076704,289.377583116689
1.8,80,0,3630.58279967217,30.7695291118021,1,1.00074713870803,1.00074713870803,288.900987888579,289.11683699942
1.81,80,0,3642.195457287,30.8979033935363,1,1.00083617508046,1.00083617508046,288.557765323243,288.799050135879
1.82,80,0,3653.72333789569,31.0261142978938,1,1.00092629434942,1.00092629434942,288.177552678255,288.444489916932
1.83,80,0,3665.18268022957,31.1541472669211,1,1.00100852093252,1.00100852093252,287.538442363556,287.828430901583
1.84,80,0,3676.90010928167,31.2816684033218,1,1.00104962581508,1.00104962581508,286.256081616832,286.556543389821
1.85,80,0,3688.85681767544,31.4086877178413,1,1.0010867435319,1.0010867435319,285.325204200102,285.635279520255
1.86,80,0,3700.92874758371,31.5353256912049,1,1.00112162770742,1.00112162770742,284.588278620174,284.907480718681
1.87,80,0,3713.0474740617,31.6616491214905,1,1.00115524479751,1.00115524479751,283.959546964119,284.287589753452
1.88,80,0,3725.17501647598,31.7876954411206,1,1.00118813120472,1.00118813120472,283.39185132557,283.728558027293
1.89,80,0,3737.29020051455,31.91348587608,1,1.00122058642094,1.00122058642094,282.859061282981,283.204315212224
1.9,80,0,3749.38119305513,32.039032645983,1,1.00125277856184,1.00125277856184,282.346606820642,282.700324596674
1.91,80,0,3761.44138275152,32.1643429358109,1,1.00128480247764,1.00128480247764,281.846318848285,282.208435697055
1.92,80,0,3773.46709208979,32.2894211011324,1,1.00131671195218,1.00131671195218,281.353593444871,281.724055084148
1.93,80,0,3785.45629958318,32.414269899344,1,1.00134853764159,1.00134853764159,280.865822800501,281.244580934783
1.94,80,0,3797.4079225468,32.5388911805655,1,1.00138029711789,1.00138029711789,280.381522098512,280.768531905374
1.95,80,0,3809.32141263963,32.6632862771474,1,1.0014120005184,1.0014120005184,279.899841190429,280.29505991129
1.96,80,0,3821.19652676468,32.7874562242484,1,1.00144365373771,1.00144365373771,279.420290193082,279.823676339411
1.97,80,0,3833.03319673874,32.9114018852912,1,1.00147526023893,1.00147526023893,278.942584602876,279.354097506885
1.98,80,0,3844.83145483881,33.0351240236201,1,1.00150682208584,1.00150682208584,278.466557492654,278.886157051652
1.99,80,0,3856.59139109454,33.1586233436017,1,1.00153834053352,1.00153834053352,277.992109527087,278.419756057172
2,80,0,3868.31312869238,33.281900514297,1,1.00156981636767,1.00156981636767,277.519180389831,277.95483454155
2.01,80,0,3879.99680975512,33.4049561831529,1,1.00160125010038,1.00160125010038,277.047732384034,277.491355093323
2.02,80,0,3891.64258708891,33.5277909839542,1,1.00163264208348,1.00163264208348,276.577740982104,277.029293441386
2.03,80,0,3903.2506193763,33.6504055414616,1,1.0016639925745,1.0016639925745,276.109189358524,276.568632999367
2.04,80,0,3914.82106836688,33.7728004741304,1,1.00169530177509,1.00169530177509,275.642065214609,276.109361697058
2.05,80,0,3926.35409723033,33.8949763957114,1,1.00172656985364,1.00172656985364,275.17635892729,275.651470133049
2.06,80,0,3937.84986958871,34.0169339161996,1,1.00175779695847,1.00175779695847,274.712062465683,275.194950493541
2.07,80,0,3949.30854894674,34.1386736424001,1,1.0017889832257,1.0017889832257,274.249168754627,274.739795917192
2.08,80,0,3960.73029835653,34.260196178269,1,1.00182012878388,1.00182012878388,273.78767129936,274.286000120563
2.09,80,0,3972.11528022062,34.3815021251215,1,1.00185123375675,1.00185123375675,273.327563963362,273.833557176422
2.1,80,0,3983.46365617707,34.5025920817608,1,1.00188229826491,1.00188229826491,272.868840836357,273.382461382011
2.11,80,0,3994.77558703329,34.6234666445601,1,1.00191332242677,1.00191332242677,272.411496155559,272.932707180463
2.12,80,0,4006.05303934156,34.7441265473965,1,1.00194428537768,1.00194428537768,271.95711376915,272.485876008807
2.13,80,0,4017.30316727715,34.8645746383394,1,1.00197510861242,1.00197510861242,271.511619506456,272.047884444514
2.14,80,0,4028.52429637492,34.9848146151719,1,1.00200581843514,1.00200581843514,271.07298566459,271.616708856504
2.15,80,0,4039.71444784735,35.1048490447621,1,1.00203644293158,1.00203644293158,270.639072869025,271.190213895978
2.16,80,0,4050.87244648036,35.22467972077,1,1.00206699956288,1.00206699956288,270.208558754779,270.767079727612
2.17,80,0,4061.99761366111,35.3443079581137,1,1.00209749923439,1.00209749923439,269.780622628329,270.346487277745
2.18,80,0,4073.08957854533,35.4637347740648,1,1.0021279487931,1.0021279487931,269.354752869924,269.927925991211
2.19,80,0,4084.14816151695,35.5829609999883,1,1.00215835256573,1.00215835256573,268.930628895918,269.511076008799
2.2,80,0,4095.1733020344,35.7019873505103,1,1.00218871330888,1.00218871330888,268.508048577144,269.095735716606
2.21,80,0,4106.16501381912,35.8208144664701,1,1.00221903279792,1.00221903279792,268.086883464758,268.68177705186
2.22,80,0,4117.12335693996,35.9394429416737,1,1.00224931219312,1.00224931219312,267.667051083133,268.269117844831
2.23,80,0,4128.04842037129,36.0578733396127,1,1.00227955226786,1.00227955226786,267.24849773127,267.857704650356
2.24,80,0,4138.94031106313,36.1761062039417,1,1.00230975355146,1.00230975355146,266.831187774736,267.447502058339
2.25,80,0,4149.7991470727,36.2941420650672,1,1.00233991641868,1.00233991641868,266.415096958722,267.03848601828
2.26,80,0,4160.62505323624,36.4119814443033,1,1.00237004114612,1.00237004114612,266.000208219846,266.630639658204
2.27,80,0,4171.41815843452,36.5296248565019,1,1.00240012794773,1.00240012794773,265.586509055317,266.223950658241
2.28,80,0,4182.17859386103,36.6470728117229,1,1.00243017699734,1.00243017699734,265.173989865586,265.818409596049
2.29,80,0,4192.90649192272,36.7643258162994,1,1.00246018844289,1.00246018844289,264.762642907269,265.414008901458
2.3,80,0,4203.60198554106,36.8813843735198,1,1.00249016241557,1.00249016241557,264.352461629749,265.010742194162
2.31,80,0,4214.26520770708,36.998248984067,1,1.00252009903558,1.00252009903558,263.943440253675,264.608603862906
2.32,80,0,4224.89629119795,37.1149201463028,2,1.44582305524743,1.44582305524743,859.564316149017,1242.77790575624
2.33,80,0,3993.96484151545,37.4242248821272,2,1.38630562026212,1.38630562026212,744.443875218888,1032.02672818566
2.34,80,0,3813.86452961169,37.6826567525721,2,1.33442751605562,1.33442751605562,655.817558172458,875.140995137738
2.35,80,0,3671.92770998611,37.9040274320815,2,1.28946660563152,1.28946660563152,590.298189456236,761.169802668566
2.36,80,0,3558.55776513778,38.0980923332373,2,1.25041743164354,1.25041743164354,540.242021588185,675.528041100214
2.37,80,0,3466.84137609488,38.2707280845263,2,1.21590215192807,1.21590215192807,498.281151019082,605.861123789299
2.38,80,0,3392.2803116859,38.4264124892803,2,1.18599884571659,1.18599884571659,465.542836340572,552.133266531544
2.39,80,0,3331.21563368184,38.5689069541359,2,1.16004488755334,1.16004488755334,439.601937188631,509.957979794218
2.4,80,0,3280.9184031523,38.7009696709922,2,1.13747758026739,1.13747758026739,418.784234712962,476.35767795543
2.41,80,0,3239.31101319942,38.8246683108489,2,1.11781717016707,1.11781717016707,401.901194556749,449.25205598619
2.42,80,0,3204.78406099556,38.9415822562485,2,1.10065350751256,1.10065350751256,388.088545194928,427.151018494243
2.43,80,0,3176.21200745307,39.0528495079394,2,1.08556374645817,1.08556374645817,375.88510679416,408.047244769296
2.44,80,0,3153.08509010327,39.1590818143263,2,1.07116829422762,1.07116829422762,364.463172544351,390.40139484312
2.45,80,0,3134.97585459328,39.2606874564378,2,1.05833588593528,1.05833588593528,354.752100017946,375.446878059893
2.46,80,0,3120.82827803877,39.3586493408449,2,1.04792645691743,1.04792645691743,347.199068442642,363.839089638129
2.47,80,0,3109.85240756876,39.4537089191363,2,1.039718180031,1.039718180031,340.87284616492,354.411695236576
2.48,80,0,3101.59001444193,39.5464065153829,2,1.03345216881981,1.03345216881981,335.557981831505,346.783124088567
2.49,80,0,3095.52407547333,39.6371978099498,2,1.02810792146794,1.02810792146794,331.310806816446,340.623264955922
2.5,80,0,3091.36131271709,39.7263394749682,2,1.02327908307627,1.02327908307627,327.286948400133,334.905888461718
2.51,80,0,3088.83959341582,39.8140585769502,2,1.01919747076738,1.01919747076738,324.133669423937,330.356216067428
2.52,80,0,3087.59848032447,39.9006426838085,2,1.0157105502967,1.0157105502967,321.662019765664,326.71550710573
2.53,80,0,3087.35965325611,39.9863130638702,2,1.01269332811675,1.01269332811675,319.717411566369,323.775689576019
2.54,80,0,3087.90016678738,40.0712689554961,2,1.01077734626093,1.01077734626093,318.223575716015,321.653181379899
2.55,80,0,3089.03819333272,40.1557074319569,2,1.0092979016384,1.0092979016384,317.046885109128,319.994755861632
2.56,80,0,3090.64895560965,40.239720611272,2,1.00795922582208,1.00795922582208,316.107353422013,318.623323231918
2.57,80,0,3092.63443610417,40.3233792020166,2,1.0067331071874,1.0067331071874,315.355363239714,317.478684702528
2.58,80,0,3094.91703545508,40.4067391484475,2,1.00559711658549,1.00559711658549,314.752011137798,316.513714839655
2.59,80,0,3097.43519543208,40.4898448145764,2,1.00453340127547,1.00453340127547,314.266682315568,315.691379294016
2.6,80,0,3100.14000191406,40.5727314495031,2,1.0035277369988,1.0035277369988,313.875212311737,314.982481511214
2.61,80,0,3102.99253429759,40.6554271071311,2,1.00256878074196,1.00256878074196,313.558480884716,314.36394387189
2.62,80,0,3105.98066010955,40.7379492492762,2,1.002,1.002,313.111716341128,313.737939773811
2.63,80,0,3109.22230480095,40.8202846466906,2,1.002,1.002,312.507475664452,313.13249061578
2.64,80,0,3112.68814842337,40.9024662085025,2,1.002,1.002,312.050984435612,312.675086404484
2.65,80,0,3116.31933082194,40.9845292584411,2,1.002,1.002,311.703742534575,312.327150019644
2.66,80,0,3120.07229056269,41.0664999369974,2,1.002,1.002,311.437438906949,312.060313784763
2.67,80,0,3123.91473321411,41.148397622094,2,1.002,1.002,311.231194720535,311.853657109976
2.68,80,0,3127.82268356443,41.2302366987304,2,1.002,1.002,311.069576831507,311.69171598517
2.69,80,0,3131.77832176606,41.3120278578803,2,1.002,1.002,310.941156242873,311.563038555359
2.7,80,0,3135.76838996654,41.3937790528615,2,1.002,1.002,310.837456314966,311.459131227596
2.71,80,0,3139.78301611181,41.4754962052632,2,1.002,1.002,310.752182072975,311.373686437121
2.72,80,0,3143.81484396708,41.5571837270557,2,1.002,1.002,310.680653592641,311.302014899826
2.73,80,0,3147.85838858332,41.6388449073815,2,1.002,1.002,310.619388316761,311.240627093395
2.74,80,0,3151.90955813878,41.72048219949,2,1.002,1.002,310.565792499803,311.186924084802
2.75,80,0,3155.96529879907,41.8020974338419,2,1.002,1.002,310.517932872287,311.138968738032
2.76,80,0,3160.02333068198,41.883691976539,2,1.002,1.002,310.474367425394,311.095316160245
2.77,80,0,3164.08195138166,41.9652668472131,2,1.002,1.002,310.434019855713,311.054887895425
2.78,80,0,3168.1318098584,42.0468253220874,2,1.00194308023613,1.00194308023613,310.430528462665,311.033719887211
2.79,80,0,3172.16619465931,42.1283689753636,2,1.00188518047275,1.00188518047275,310.42111359106,311.006313412731
2.8,80,0,3176.18770401626,42.2098962257963,2,1.00182710829748,1.00182710829748,310.406830366005,310.973977261361
2.81,80,0,3180.19832248683,42.2914058714119,2,1.00176892057362,1.00176892057362,310.388868063359,310.937921317899
2.82,80,0,3184.19955512128,42.3728970020898,2,1.00171066027398,1.00171066027398,310.368125373904,310.89905979629
2.83,80,0,3188.19254452902,42.4543689282859,2,1.00165235988031,1.00165235988031,310.345281689962,310.858083782468
2.84,80,0,3192.17815924373,42.5358211272353,2,1.0015940439472,1.0015940439472,310.320850843442,310.815515917419
2.85,80,0,3196.15706044931,42.6172532023311,2,1.0015357310367,1.0015357310367,310.295221626029,310.771751628419
2.86,80,0,3200.12977175095,42.6986648524402,2,1.00147743570821,1.00147743570821,310.268699346865,310.727101402421
2.87,80,0,3204.09883665665,42.7800559743398,2,1.00141922729406,1.00141922729406,310.242726493164,310.683031438388
2.88,80,0,3208.06583992965,42.8614269022124,2,1.0013611478829,1.0013611478829,310.218180978344,310.64043379862
2.89,80,0,3212.03022136862,42.9427779795586,2,1.00130318088847,1.00130318088847,310.194722975107,310.598962809792
2.9,80,0,3215.99155750377,43.0241094663198,2,1.00124531366786,1.00124531366786,310.172094478612,310.558356027254
2.91,80,0,3219.94952869292,43.1054215589836,2,1.00118753657129,1.00118753657129,310.150099509202,310.518414094958
2.92,80,0,3223.90389417205,43.1867144058293,2,1.001129842222,1.001129842222,310.128589129569,310.478985503815
2.93,80,0,3227.85447312776,43.2679881184915,2,1.00107222497024,1.00107222497024,310.107450099268,310.439955050723
2.94,80,0,3231.80113033081,43.3492427807375,2,1.00101468047916,1.00101468047916,310.086596278979,310.401235095071
2.95,80,0,3235.79377641517,43.4304454401789,2,1.00087589928012,1.00087589928012,309.77380334991,310.045134001263
2.96,80,0,3239.93318669011,43.5115284197968,2,1.00072087049034,1.00072087049034,309.469353226078,309.692440550484
2.97,80,0,3244.1757592745,43.5925187532502,2,1.00057520809891,1.00057520809891,309.251756715018,309.429640830082
2.98,80,0,3248.488234107,43.6734371828037,2,1.00043605489079,1.00043605489079,309.094007101253,309.228789054762
2.99,80,0,3252.84767863148,43.7542980108562,2,1.00030144131432,1.00030144131432,308.977565017628,309.070703620923
3,80,0,3257.23825785594,43.8351111147017,2,1.00017000783333,1.00017000783333,308.889675190555,308.942188854972
3.01,80,0,3261.64902439518,43.9158833247832,2,1.00004081485418,1.00004081485418,308.821546104015,308.834150610387
3.02,80,0,3266.07240213466,43.9966193702097,2,0.999913212296963,0.999913212296963,308.76710923097,308.740312042786
3.03,80,0,3270.50314352552,44.0773225288448,2,0.999786749925627,0.999786749925627,308.722170310181,308.656335284402
3.04,80,0,3274.93761130155,44.1579950750711,2,0.999661115604259,0.999661115604259,308.683827220148,308.579219087886
3.05,80,0,3279.37328295144,44.2386385886551,2,0.99953609272617,0.99953609272617,308.650069857846,308.506884845371
3.06,80,0,3283.80840843329,44.319254168072,2,0.999411530828225,0.999411530828225,308.619504643746,308.437891579454
3.07,80,0,3288.24177347717,44.3998425780065,2,0.999287325285414,0.999287325285414,308.59116456267,308.371239442541
3.08,80,0,3292.67253573794,44.4804043514462,2,0.999163403266294,0.999163403266294,308.564378020795,308.306234070005
3.09,80,0,3297.10011126965,44.5609398604121,2,0.999039714010028,0.999039714010028,308.538678208094,308.242392838047
3.1,80,0,3301.52409579649,44.6414493650041,2,0.998916222089388,0.998916222089388,308.513740392648,308.179380015691
3.11,80,0,3305.94421006809,44.7219330474397,2,0.998792902738795,0.998792902738795,308.489338498472,308.11696186286
3.12,80,0,3310.36026190012,44.802391035697,2,0.998669738611768,0.998669738611768,308.465315010077,308.05497551191
3.13,80,0,3314.77211978406,44.8828234199497,2,0.998546717528636,0.998546717528636,308.441560095916,307.993307383189
3.14,80,0,3319.17969452566,44.9632302640018,2,0.998423830910854,0.998423830910854,308.417997114821,307.931878201232
3.15,80,0,3323.58292645947,45.0436116132483,2,0.998301072691761,0.998301072691761,308.394572545719,307.870632584709
3.16,80,0,3327.98177653923,45.1239675002228,2,0.998178438558218,0.998178438558218,308.371248985173,307.809531808268
3.17,80,0,3332.37622012442,45.2042979484651,2,0.998055925422197,0.998055925422197,308.348000274336,307.748548765886
3.18,80,0,3336.77925482296,45.2845972276998,2,0.998021797864449,0.998021797864449,308.228415314442,307.618677205029
3.19,80,0,3341.24042235688,45.3648452874635,2,0.998060480844071,0.998060480844071,308.073752123286,307.476237179604
3.2,80,0,3345.746106955,45.4450516862883,2,0.998097793470978,0.998097793470978,307.962356144923,307.376548140371
3.21,80,0,3350.28007846129,45.5252260902958,2,0.998134190513038,0.998134190513038,307.879559160895,307.305114558571
3.22,80,0,3354.83160550572,45.6053748877362,2,0.998169972486601,0.998169972486601,307.815693257993,307.252382070275
3.23,80,0,3359.39358397195,45.6855023046182,2,0.998205338224679,0.998205338224679,307.764375707842,307.212042746953
3.24,80,0,3363.96130610735,45.7656111384496,2,0.99824041943487,0.99824041943487,307.721386711699,307.179926140166
3.25,80,0,3368.53164942694,45.8457032417375,2,0.998275303456882,0.998275303456882,307.683932967906,307.153271552343
3.26,80,0,3373.10254139461,45.9257798410978,2,0.99831004827103,0.99831004827103,307.650163345846,307.130249420381
3.27,80,0,3377.67260563444,46.0058417481519,2,0.998344692409,0.998344692409,307.618849791955,307.10964597476
3.28,80,0,3382.24092783044,46.0858894990784,2,0.998379261505946,0.998379261505946,307.589176782231,307.090655163065
3.29,80,0,3386.80690065073,46.1659234470557,2,0.998413772636833,0.998413772636833,307.560602215447,307.072741172381
3.3,80,0,3391.37012091291,46.2459438235643,2,0.998448237189272,0.998448237189272,307.532765398522,307.055547490097
3.31,80,0,3395.93032132346,46.3259507790782,2,0.998482662768667,0.998482662768667,307.505426115574,307.038836683692
3.32,80,0,3400.48732512326,46.4059444101023,2,0.998517054462828,0.998517054462828,307.478424238719,307.022450481717
3.33,80,0,3405.04101592414,46.4859247771534,2,0.998551415682211,0.998551415682211,307.451652928914,307.006283286003
3.34,80,0,3409.59131762983,46.5658919167302,2,0.998585748718702,0.998585748718702,307.425040837048,306.990264579141
3.35,80,0,3414.13818105745,46.6458458492888,2,0.998620055117565,0.998620055117565,307.39854027155,306.974347229034
3.36,80,0,3418.68157501555,46.725786584561,2,0.998654335925258,0.998654335925258,307.372119325167,306.958499706613
3.37,80,0,3423.22148034883,46.8057141251051,2,0.99868859185468,0.99868859185468,307.345756631377,306.942700902701
3.38,80,0,3427.75788595946,46.8856284686774,2,0.99872282339547,0.99872282339547,307.319437868998,306.926936672835
3.39,80,0,3432.2907861466,46.9655296098182,2,0.998757030887691,0.998757030887691,307.293153430056,306.911197531918
3.4,80,0,3436.82017882597,47.0454175409138,2,0.99879121457109,0.99879121457109,307.266896862403,306.895477114689
3.41,80,0,3441.34606433705,47.1252922529068,2,0.998825374618075,0.998825374618075,307.240663828788,306.879771146695
3.42,80,0,3445.86844464358,47.2051537357736,2,0.998859511155791,0.998859511155791,307.214451410502,306.864076755889
3.43,80,0,3450.38732279695,47.2850019788435,2,0.998893624280931,0.998893624280931,307.188257641129,306.848392011692
3.44,80,0,3454.90270257591,47.3648369710142,2,0.998927714069667,0.998927714069667,307.162081194091,306.832715616095
3.45,80,0,3459.41458824441,47.4446587008959,2,0.998961780584317,0.998961780584317,307.135921173086,306.81704669647
3.46,80,0,3463.92298438865,47.5244671569084,2,0.998995823877836,0.998995823877836,307.109776971398,306.80138466648
3.47,80,0,3468.44929672278,47.6042492985687,2,0.999029263857496,0.999029263857496,306.983407251142,306.685407362575
3.48,80,0,3473.01478371668,47.683992041648,2,0.999061526378334,0.999061526378334,306.880738692832,306.592739214571
3.49,80,0,3477.60485494263,47.7637040883701,2,0.999093009388871,0.999093009388871,306.804660994574,306.526392047601
3.5,80,0,3482.20965115897,47.8433913210732,2,0.999123981554422,0.999123981554422,306.74575654885,306.47704160801
3.51,80,0,3486.82280465336,47.9230575359299,2,0.99915461629003,0.99915461629003,306.697959008935,306.438681550508
3.52,80,0,3491.44019835467,48.0027051843693,2,0.999185025663983,0.999185025663983,306.657355140173,306.407437265783
3.53,80,0,3496.05916791554,48.0823358498262,2,0.999215282182543,0.999215282182543,306.621417408237,306.380806118783
3.54,80,0,3500.67798782177,48.1619505547882,2,0.999245432808558,0.999245432808558,306.588511387181,306.357169755215
3.55,80,0,3505.29553997241,48.2415499588168,2,0.999275507994337,0.999275507994337,306.557579016599,306.335480501327
3.56,80,0,3509.9110996762,48.3211344864142,2,0.999305527508924,0.999305527508924,306.527934630222,306.315059411875
3.57,80,0,3514.52419730815,48.4007044096827,2,0.999335504201559,0.999335504201559,306.49913343412,306.295466047728
3.58,80,0,3519.13452878036,48.4802599018185,2,0.999365446434858,0.999365446434858,306.470886600059,306.276414406354
3.59,80,0,3523.74189754291,48.5598010717665,2,0.999395359659532,0.999395359659532,306.443006391352,306.257718587633
3.6,80,0,3528.3461769727,48.6393279866924,2,0.99942524743457,0.99942524743457,306.415370660817,306.239257640442
3.61,80,0,3532.94728595924,48.718840686571,2,0.999455112088791,0.999455112088791,306.387899858397,306.220952795623
3.62,80,0,3537.54517304143,48.7983391936639,2,0.999484955150285,0.999484955150285,306.360542125608,306.202752706231
3.63,80,0,3542.13980609041,48.8778235186848,2,0.999514777625422,0.999514777625422,306.333263623023,306.184623869436
3.64,80,0,3546.731165593,48.9572936648121,2,0.999544580180325,0.999544580180325,306.306042247497,306.166544404972
3.65,80,0,3551.31924027511,49.0367496303044,2,0.999574363258992,0.999574363258992,306.278863547274,306.148500009954
3.66,80,0,3555.90402424713,49.1161914102058,2,0.999604127160274,0.999604127160274,306.251718063561,306.130481326261
3.67,80,0,3560.48551514029,49.19561899746,2,0.99963387208808,0.99963387208808,306.224599598816,306.112482225587
3.68,80,0,3565.06371288889,49.2750323836374,2,0.999663598184145,0.999663598184145,306.197504087623,306.094498691238
3.69,80,0,3569.63861893376,49.3544315594114,2,0.999693305549453,0.999693305549453,306.170428859795,306.076528088342
3.7,80,0,3574.21023570084,49.4338165148699,2,0.999722994258238,0.999722994258238,306.143372159,306.058568687109
3.71,80,0,3578.7785662595,49.5131872397195,2,0.999752664367156,0.999752664367156,306.116332828018,306.040619351115
3.72,80,0,3583.34361409845,49.5925437234192,2,0.999782315921295,0.999782315921295,306.089310102764,306.022679333293
3.73,80,0,3587.90538297866,49.6718859552689,2,0.999811948958112,0.999811948958112,306.062303477349,306.004748142298
3.74,80,0,3592.46387683669,49.7512139244663,2,0.999841563510021,0.999841563510021,306.035312615623,305.986825454883
3.75,80,0,3597.01909972118,49.8305276201458,2,0.999871159606097,0.999871159606097,306.008337293114,305.968911058399
3.76,80,0,3601.56606969608,49.909826840162,2,0.999900862769044,0.999900862769044,305.977134269956,305.946800544128
3.77,80,0,3606.05666467191,49.9891051955194,2,0.999931874627245,0.999931874627245,305.901090547277,305.880250921457
3.78,80,0,3610.495239323,50.0683498884108,2,0.999964058785909,0.999964058785909,305.784835678403,305.773845400158
3.79,80,0,3614.89758529191,50.1475519571309,2,0.999996998533189,0.999996998533189,305.642467505818,305.641550130096
3.8,80,0,3619.27400500944,50.2267055802756,2,1.00003042242731,1.00003042242731,305.483162400496,305.4924559398
3.81,80,0,3623.63122680697,50.3058069809207,2,1.00006415350693,1.00006415350693,305.312896035383,305.332482928373
3.82,80,0,3627.97365048585,50.3848537139513,2,1.00009807630109,1.00009807630109,305.135562403512,305.165488970805
3.83,80,0,3632.30415762947,50.4638442024646,2,1.00013211539204,1.00013211539204,304.953701042403,304.993990120171
3.84,80,0,3636.62463904818,50.5427774360355,2,1.0001662214758,1.0001662214758,304.768969625862,304.81962877377
3.85,80,0,3640.93633835773,50.6216527741853,2,1.00020036229088,1.00020036229088,304.582451193823,304.643478031507
3.86,80,0,3645.24007598147,50.700469818263,2,1.00023451670955,1.00023451670955,304.39485400588,304.466239685446
3.87,80,0,3649.53639533116,50.7792283278464,2,1.00026867088529,1.00026867088529,304.206641649023,304.288373116745
3.88,80,0,3653.82565829776,50.8579281661375,2,1.00030281573835,1.00030281573835,304.01811781573,304.110179286548
3.89,80,0,3658.10810769382,50.9365692642615,2,1.00033694531299,1.00033694531299,303.829481598524,303.931855518297
3.9,80,0,3662.38390812782,51.0151515978985,2,1.000371055703,1.000371055703,303.640863590847,303.753531264946
3.91,80,0,3666.65317278865,51.0936751719733,2,1.0004051443482,1.0004051443482,303.452349481057,303.575291485398
3.92,80,0,3670.91598101565,51.1721400106138,2,1.00043920957339,1.00043920957339,303.263995488563,303.397191938646
3.93,80,0,3675.17238983657,51.2505461505566,2,1.00047325028576,1.00047325028576,303.075838473461,303.219269200625
3.94,80,0,3679.42244155235,51.3288936368139,2,1.00050726577622,1.00050726577622,302.887902564642,303.041547231645
3.95,80,0,3683.66616872849,51.4071825198218,2,1.00054125558872,1.00054125558872,302.700203509957,302.864041686815
3.96,80,0,3687.90359748329,51.485412853562,2,1.00057521943425,1.00057521943425,302.512751534327,302.686762748117
3.97,80,0,3692.13474965626,51.5635846943237,2,1.00060915713414,1.00060915713414,302.32555321954,302.509716987116
3.98,80,0,3696.35964423978,51.6416980998863,2,1.00064306858273,1.00064306858273,302.138612741912,302.332908591395
3.99,80,0,3700.57829832516,51.7197531289795,2,1.00067695372264,1.00067695372264,301.951932688,302.156340172892
4,80,0,3704.79072772855,51.7977498409261,2,1.0007108125285,1.0007108125285,301.765514592798,301.98001330124
4.01,80,0,3708.9969474055,51.8756882954064,2,1.00074464499611,1.00074464499611,301.579359295188,301.803928856018
4.02,80,0,3713.19697172582,51.9535685523007,2,1.00077845113532,1.00077845113532,301.393467172943,301.628087259643
4.03,80,0,3717.390814656,52.0313906715866,2,1.00081223096529,1.00081223096529,301.207838298254,301.452488631509
4.04,80,0,3721.57848988047,52.1091547132693,2,1.00084598451132,1.00084598451132,301.022472540771,301.277132890099
4.05,80,0,3725.76001088226,52.1868607373368,2,1.00087971180278,1.00087971180278,300.837369635925,301.10201982071
4.06,80,0,3729.93539099673,52.2645088037291,2,1.00091341287171,1.00091341287171,300.652529230294,300.927149120404
4.07,80,0,3734.10464344744,52.3420989723183,2,1.00094708775191,1.00094708775191,300.467950911735,300.752520427885
4.08,80,0,3738.26778137017,52.4196313028953,2,1.00098073647831,1.00098073647831,300.283634229436,300.578133343365
4.09,80,0,3742.44525310863,52.4970932216821,2,1.00100691725368,1.00100691725368,299.916247669632,300.218238514069
4.1,80,0,3746.75194313781,52.5744127329,2,1.0010217174458,1.0010217174458,299.432184205382,299.738119291818
4.11,80,0,3751.15438119599,52.6516082261552,2,1.0010352001406,1.0010352001406,299.069589067995,299.379185948646
4.12,80,0,3755.60879857942,52.7287053119582,2,1.00104792795201,1.00104792795201,298.776164443427,299.089260337541
4.13,80,0,3760.09028110878,52.8057185982593,2,1.00106022096764,1.00106022096764,298.522290635328,298.838790227166
4.14,80,0,3764.58461296602,52.8826564509988,2,1.00107226174099,1.00107226174099,298.291133080671,298.610979250349
4.15,80,0,3769.08366740947,52.9595236838791,2,1.00108415460453,1.00108415460453,298.073097885003,298.396255206563
4.16,80,0,3773.5827918135,53.0363230840885,2,1.0010959592989,1.0010959592989,297.862705315627,298.189150717312
4.17,80,0,3778.07931982122,53.1130562802791,2,1.00110771009246,1.00110771009246,297.65681932583,297.986536788688
4.18,80,0,3782.57172280838,53.1897242375212,2,1.00111942667636,1.00111942667636,297.453641855164,297.786619396838
4.19,80,0,3787.05912497421,53.2663275401205,2,1.001131120385,1.001131120385,297.252140145089,297.588368100291
4.2,80,0,3791.54102572426,53.3428665535155,2,1.00114279775418,1.00114279775418,297.051719948589,297.391189987022
4.21,80,0,3796.01714045687,53.4193415171163,2,1.00115446255977,1.00115446255977,296.852038704885,297.194743269363
4.22,80,0,3800.48730910319,53.4957525976295,2,1.00116611698774,1.00116611698774,296.652898545558,296.998830530014
4.23,80,0,3804.95144350334,53.572099919737,2,1.00117776230669,1.00117776230669,296.454184917589,296.803337482247
4.24,80,0,3809.40949708002,53.6483835837742,2,1.00118939925513,1.00118939925513,296.255831317528,296.608197782627
4.25,80,0,3813.86144733444,53.724603675932,2,1.00120102826475,1.00120102826475,296.057798996342,296.413372780936
4.26,80,0,3818.30728572753,53.8007602741547,2,1.00121264958937,1.00121264958937,295.860065261461,296.218839848111
4.27,80,0,3822.74701182144,53.8768534515536,2,1.00122426337957,1.00122426337957,295.662616723711,296.024585638075
4.28,80,0,3827.1806298825,53.9528832783873,2,1.00123586972589,1.00123586972589,295.465445392875,295.830602191882
4.29,80,0,3831.60814690837,54.0288498232107,2,1.00124746868389,1.00124746868389,295.26854641678,295.636884681772
4.3,80,0,3836.0295714807,54.1047531535437,2,1.00125906028873,1.00125906028873,295.071916770119,295.443430102845
4.31,80,0,3840.4449130968,54.1805933362611,2,1.00127064456367,1.00127064456367,294.875554492894,295.25023651317
4.32,80,0,3844.85418177979,54.2563704378197,2,1.00128222152498,1.00128222152498,294.679458247422,295.057302591757
4.33,80,0,3849.25738785086,54.332084524391,2,1.00129379118484,1.00129379118484,294.483627060276,294.864627381046
4.34,80,0,3853.65454179609,54.4077356619392,2,1.00130535355302,1.00130535355302,294.288060171721,294.672210136677
4.35,80,0,3858.04565418839,54.4833239162669,2,1.00131690863787,1.00131690863787,294.092756947734,294.480050239693
4.36,80,0,3862.43073564177,54.5588493530419,2,1.00132845644691,1.00132845644691,293.897716828528,294.288147145181
4.37,80,0,3866.80979678443,54.6343120378132,2,1.00133999698716,1.00133999698716,293.702939298388,294.096500352166
4.38,80,0,3871.18284824303,54.7097120360201,2,1.00135153026532,1.00135153026532,293.508423867962,293.905109385945
4.39,80,0,3875.54990063341,54.7850494129983,2,1.00136305628793,1.00136305628793,293.314170063852,293.713973787696
4.4,80,0,3879.91096455512,54.8603242339831,2,1.0013745750614,1.0013745750614,293.120177422495,293.523093108373
4.41,80,0,3884.26605058824,54.9355365641114,2,1.00138608659208,1.00138608659208,292.92644548654,293.332466905095
4.42,80,0,3888.61516929157,55.0106864684232,2,1.00139759088627,1.00139759088627,292.732973802727,293.142094739026
4.43,80,0,3892.95833120148,55.0857740118623,2,1.00140908795023,1.00140908795023,292.539761920617,292.951976174103
4.44,80,0,3897.29554683135,55.1607992592769,2,1.0014205777902,1.0014205777902,292.346809391845,292.762110776303
4.45,80,0,3901.62682667125,55.2357622754204,2,1.0014320604124,1.0014320604124,292.154115769677,292.572498113191
4.46,80,0,3905.95218118772,55.3106631249513,2,1.00144353582303,1.00144353582303,291.961680608747,292.383137753657
4.47,80,0,3910.27162082373,55.3855018724335,2,1.00145500402827,1.00145500402827,291.769503464893,292.19402926776
4.48,80,0,3914.58515599868,55.4602785823369,2,1.0014664650343,1.0014664650343,291.577583895066,292.005172226633
4.49,80,0,3918.89279710836,55.5349933190373,2,1.00147791884728,1.00147791884728,291.385921457268,291.81656620242
4.5,80,0,3923.19455452506,55.6096461468168,2,1.00148936547335,1.00148936547335,291.194515710522,291.628210768249
4.51,80,0,3927.49043859757,55.6842371298638,2,1.00150080491865,1.00150080491865,291.003366214843,291.4401054982
4.52,80,0,3931.78045965124,55.7587663322734,2,1.00151223718929,1.00151223718929,290.812472531229,291.252249967301
4.53,80,0,3936.0646279881,55.8332338180477,2,1.0015236622914,1.0015236622914,290.621834221646,291.064643751507
4.54,80,0,3940.34295388682,55.9076396510955,2,1.00153508023106,1.00153508023106,290.431450849029,290.877286427706
4.55,80,0,3944.61544760289,55.9819838952331,2,1.00154649101436,1.00154649101436,290.241321977265,290.6901775737
4.56,80,0,3948.88211936859,56.0562666141843,2,1.00155789464738,1.00155789464738,290.0514471712,290.503316768213
4.57,80,0,3953.14297939311,56.1304878715801,2,1.00156929113617,1.00156929113617,289.861825996632,290.316703590881
4.58,80,0,3957.39803786263,56.2046477309596,2,1.00158068048678,1.00158068048678,289.672458020302,290.130337622251
4.59,80,0,3961.64730494032,56.27874625577,2,1.00159206270525,1.00159206270525,289.483342809898,289.944218443775
4.6,80,0,3965.89079076648,56.3527835093665,2,1.0016034377976,1.0016034377976,289.294479934052,289.758345637815
4.61,80,0,3970.12850545856,56.4267595550128,2,1.00161480576985,1.00161480576985,289.105868962332,289.572718787629
4.62,80,0,3974.36045911123,56.500674455881,2,1.001626166628,1.001626166628,288.917509465245,289.387337477381
4.63,80,0,3978.58666179647,56.5745282750522,2,1.00163752037803,1.00163752037803,288.729401014231,289.202201292129
4.64,80,0,3982.80712356361,56.6483210755162,2,1.00164886702593,1.00164886702593,288.541543181659,289.017309817824
4.65,80,0,3987.02185443943,56.7220529201722,2,1.00166020657767,1.00166020657767,288.353935540831,288.832662641312
4.66,80,0,3991.23086442818,56.7957238718286,2,1.00167153903919,1.00167153903919,288.166577665971,288.648259350329
4.67,80,0,3995.43416351166,56.8693339932033,2,1.00168286441644,1.00168286441644,287.979469132229,288.464099533496
4.68,80,0,3999.63176164932,56.9428833469239,2,1.00169418271535,1.00169418271535,287.792609515675,288.280182780321
4.69,80,0,4003.82541629108,57.016372143474,2,1.00170547367791,1.00170547367791,287.607662149893,288.098169447255
4.7,80,0,4008.01656542443,57.0898011944581,2,1.00171672132647,1.00171672132647,287.425933732294,287.919363962513
4.71,80,0,4012.20411217752,57.1631712208579,2,1.00172793918187,1.00172793918187,287.246309604661,287.742653757874
4.72,80,0,4016.38735599151,57.2364826911106,2,1.00173913590247,1.00173913590247,287.068077413183,287.567327813065
4.73,80,0,4020.56586510051,57.3097359173941,2,1.00175031686534,1.00175031686534,286.890795619431,287.392945417515
4.74,80,0,4024.73937439731,57.3829311149782,2,1.0017614854146,1.0017614854146,286.714190156344,287.219233020463
4.75,80,0,4028.90772223027,57.4560684389489,2,1.00177264363331,1.00177264363331,286.538090650073,287.046020572163
4.76,80,0,4033.07081124352,57.52914800696,2,1.00178379282134,1.00178379282134,286.362391009107,286.873202186491
4.77,80,0,4037.2285840846,57.6021699133449,2,1.00179493379161,1.00179493379161,286.187025040511,286.700711802477
4.78,80,0,4041.38100831682,57.6751342378811,2,1.00180606705385,1.00180606705385,286.011951345114,286.528508107447
4.79,80,0,4045.52806703753,57.7480410512391,2,1.00181719292887,1.00181719292887,285.837143949399,286.356565186192
4.8,80,0,4049.66975303752,57.8208904183744,2,1.00182831161955,1.00182831161955,285.662586488423,286.184866714569
4.81,80,0,4053.80606516064,57.8936824006418,2,1.00183942325511,1.00183942325511,285.488268589475,286.013402349779
4.82,80,0,4057.93700603224,57.9664170571143,2,1.00185052791871,1.00185052791871,285.314183621244,285.842165483639
4.83,80,0,4062.06258064009,58.0390944454073,2,1.00186162566465,1.00186162566465,285.14032729125,285.671151842563
4.84,80,0,4066.18279544677,58.1117146221941,2,1.00187271652914,1.00187271652914,284.966696770867,285.500358614165
4.85,80,0,4070.29765783401,58.1842776435282,2,1.00188380053703,1.00188380053703,284.793290148818,285.329783901743
4.86,80,0,4074.40717575427,58.2567835650462,2,1.00189487770603,1.00189487770603,284.620106089467,285.159426383185
4.87,80,0,4078.51135751214,58.3292324420946,2,1.00190594804937,1.00190594804937,284.447143618901,284.98928509743
4.88,80,0,4082.61021162703,58.4016243298096,2,1.00191701157741,1.00191701157741,284.274401990873,284.819359310652
4.89,80,0,4086.70374674679,58.4739592831675,2,1.00192806829876,1.00192806829876,284.101880602683,284.649648432292
4.9,80,0,4090.79197159336,58.5462373570166,2,1.00193911822088,1.00193911822088,283.929578942341,284.480151962314
4.91,80,0,4094.87489492849,58.6184586060966,2,1.0019501613505,1.0019501613505,283.757496555351,284.310869458047
4.92,80,0,4098.95252553219,58.6906230850522,2,1.0019611976939,1.0019611976939,283.585633023787,284.141800513296
4.93,80,0,4103.02487218903,58.7627308484405,2,1.00197222725706,1.00197222725706,283.413987953113,283.972944745187
4.94,80,0,4107.09194367963,58.8347819507364,2,1.00198325004579,1.00198325004579,283.242560963864,283.804301785865
4.95,80,0,4111.15374877517,58.9067764463359,2,1.00199426606575,1.00199426606575,283.071351686387,283.635871277241
4.96,80,0,4115.21029623398,58.9787143895583,2,1.00200527532252,1.00200527532252,282.900359757532,283.467652867686
4.97,80,0,4119.26159479941,59.0505958346477,2,1.00201627782164,1.00201627782164,282.729584818529,283.29964620992
4.98,80,0,4123.30765319847,59.1224208357738,2,1.0020272735686,1.0020272735686,282.559026513664,283.131850959685
4.99,80,0,4127.34848014098,59.1941894470324,2,1.00203826256886,1.00203826256886,282.388684489435,282.9642667749
5,80,0,4131.38408431909,59.2659017224463,2,1.00204924482786,0.952049244827864,282.218558394001,268.685965395417
5.01,80,0,4135.37434652871,59.3336808018343,2,1.00205760221847,0.952057602218471,282.214866379572,268.684808995742
5.02,80,0,4139.2989876936,59.4014422029144,2,1.00206667563378,0.952066675633776,282.155310443983,268.630668426819
5.03,80,0,4143.17964532887,59.4691740766497,2,1.00207620823625,0.952076208236246,282.059849586014,268.542472089538
5.04,80,0,4147.03025874906,59.536868808062,2,1.00208603474791,0.952086034747912,281.941328560725,268.432401540939
5.05,80,0,4150.8598130677,59.6045215068655,2,1.002096048754,0.952096048754,281.808013154984,268.308295832075
5.06,80,0,4154.67410464757,59.6721290363738,2,1.00210618169223,0.952106181692229,281.665224119256,268.175201051671
5.07,80,0,4158.47687652398,59.7396893889813,2,1.00211638935413,0.952116389354126,281.5163882826,268.036367155643
5.08,80,0,4162.27054870607,59.8072012845004,2,1.0021266432107,0.952126643210697,281.36371418563,267.893888708858
5.09,80,0,4166.05668809604,59.8746639117275,2,1.00213692483555,0.952136924835554,281.208626284474,267.749116667729
5.1,80,0,4169.83631104616,59.9420767620646,2,1.00214722231712,0.95214722231712,281.05204406148,267.602923079687
5.11,80,0,4173.61007830242,60.0094395223275,2,1.00215752794868,0.95215752794868,280.894561528506,267.455871319211
5.12,80,0,4177.37842071254,60.0767520056313,2,1.00216783673995,0.952167836739948,280.736562746014,267.30832564368
5.13,80,0,4181.14162035789,60.1440141067877,2,1.00217814545711,0.952178145457111,280.578296222034,267.160521752212
5.14,80,0,4184.89986296275,60.2112257734953,2,1.00218845200318,0.952188452003179,280.419922867889,267.012612266426
5.15,80,0,4188.65327178022,60.2783869877152,2,1.00219875501762,0.952198755017618,280.261546936269,266.864696072027
5.16,80,0,4192.40192952198,60.3454977536181,2,1.00220905361743,0.952209053617428,280.103235998498,266.716837265309
5.17,80,0,4196.14589256352,60.4125580897781,2,1.00221934722955,0.952219347229546,279.945033856015,266.569077398528
5.18,80,0,4199.88520015431,60.4795680241126,2,1.00222963548225,0.952229635482252,279.786968892864,266.421443401536
5.19,80,0,4203.61988039499,60.5465275905976,2,1.00223991813475,0.952239918134748,279.629059483977,266.273952711118
5.2,80,0,4207.34995411992,60.6134368271355,2,1.00225019503144,0.952250195031441,279.471317500316,266.12661659537
5.21,80,0,4211.0754374216,60.6802957741682,2,1.00226046607225,0.952260466072247,279.313750582684,265.979442310254
5.22,80,0,4214.79634329347,60.7471044737748,2,1.00227073119327,0.95227073119327,279.156363618129,265.83243449989
5.23,80,0,4218.51268270001,60.8138629690844,2,1.00228099035423,0.952280990354232,278.999159699477,265.685596106617
5.24,80,0,4222.22446527446,60.8805713038926,2,1.00229124353028,0.95229124353028,278.842140749514,265.538928963
5.25,80,0,4225.93169977411,60.9472295224121,2,1.00230149070664,0.952301490706643,278.685307927391,265.392434177294
5.26,80,0,4229.63439437771,61.0138376691091,2,1.00231173187515,0.95231173187515,278.528661893488,265.246112384656
5.27,80,0,4233.33255687992,61.0803957885971,2,1.00232196703194,0.952321967031944,278.372202982176,265.099963911001
5.28,80,0,4237.02619481856,61.1469039255667,2,1.002332196176,0.952332196176,278.21593131461,264.953988879993
5.29,80,0,4240.71531555795,61.2133621247403,2,1.00234241930814,0.952342419308144,278.059846872443,264.808187282955
5.3,80,0,4244.39992634357,61.2797704308423,2,1.00235263643042,0.952352636430419,277.903949546039,264.662559024596
5.31,80,0,4248.08003433793,61.3461288885791,2,1.00236284754566,0.952362847545664,277.748239166025,264.51710395295
5.32,80,0,4251.75564664415,61.4124375426268,2,1.00237305265724,0.952373052657238,277.592715523982,264.371821878987
5.33,80,0,4255.42677032145,61.4786964376225,2,1.00238325176884,0.952383251768843,277.437378385999,264.226712589481
5.34,80,0,4259.09341239536,61.544905618159,2,1.0023934448844,0.952393444884401,277.28222750158,264.08177585545
5.35,80,0,4262.75557986448,61.6110651287809,2,1.00240363200798,0.952403632007981,277.127262609487,263.937011437705
5.36,80,0,4266.41327970488,61.6771750139826,2,1.00241381314374,0.952413813143742,276.972483441587,263.792419090494
5.37,80,0,4270.0665188731,61.743235318207,2,1.0024239882959,0.952423988295903,276.817889725386,263.647998563907
5.38,80,0,4273.7153043081,61.8092460858439,2,1.00243415746872,0.952434157468722,276.663481185687,263.503749605453
5.39,80,0,4277.35964293254,61.8752073612298,2,1.00244432066647,0.952444320666474,276.509257545696,263.359671961101
5.4,80,0,4280.99954165367,61.9411191886477,2,1.00245447789345,0.952454477893451,276.355218527741,263.21576537597
5.41,80,0,4284.63500736393,62.0069816123265,2,1.00246462915395,0.952464629153947,276.201363853753,263.072029594779
5.42,80,0,4288.26604694132,62.0727946764412,2,1.00247477445226,0.952474774452259,276.047693245579,262.928464362149
5.43,80,0,4291.89266724975,62.1385584251127,2,1.00248491379268,0.952484913792683,275.894206425191,262.785069422798
5.44,80,0,4295.51487513915,62.2042729024079,2,1.00249504717951,0.952495047179511,275.740903114823,262.641844521674
5.45,80,0,4299.13267744567,62.2699381523397,2,1.00250517461703,0.952505174617031,275.587783037064,262.498789404039
5.46,80,0,4302.74608099176,62.3355542188671,2,1.00251529610952,0.952515296109524,275.434845914915,262.355903815526
5.47,80,0,4306.35509258628,62.4011211458951,2,1.00252541166127,0.952525411661268,275.282091471827,262.213187502177
5.48,80,0,4309.95971902451,62.466638977275,2,1.00253552127653,0.952535521276534,275.129519431732,262.070640210467
5.49,80,0,4313.55996708829,62.5321077568045,2,1.00254562495959,0.952545624959585,274.977129519054,261.92826168732
5.5,80,0,4317.15584354599,62.5975275282275,2,1.00255572271468,0.952555722714679,274.824921458722,261.786051680118
5.51,80,0,4320.74735515258,62.6628983352345,2,1.00256581454607,0.952565814546067,274.672894976176,261.644009936708
5.52,80,0,4324.3345086497,62.7282202214626,2,1.00257590045799,0.952575900457993,274.521049797374,261.502136205407
5.53,80,0,4327.91731076565,62.7934932304956,2,1.00258598045469,0.952585980454695,274.369385648789,261.360430235004
5.54,80,0,4331.49576821546,62.8587174058638,2,1.0025960545404,0.952596054540403,274.217902257413,261.218891774757
5.55,80,0,4335.0698877009,62.9238927910446,2,1.00260612271934,0.952606122719343,274.066599350756,261.0775205744
5.56,80,0,4338.63967591054,62.9890194294623,2,1.00261618499573,0.952616184995731,273.915476656851,260.936316384137
5.57,80,0,4342.20513951978,63.0540973644884,2,1.00262624137378,0.952626241373778,273.764533904246,260.795278954646
5.58,80,0,4345.76628519087,63.1191266394412,2,1.00263629185769,0.952636291857689,273.613770822006,260.654408037075
5.59,80,0,4349.32311957293,63.1841072975865,2,1.00264633645166,0.95264633645166,273.463187139715,260.513703383044
5.6,80,0,4352.87564930204,63.2490393821373,2,1.00265637515988,0.952656375159884,273.312782587468,260.373164744639
5.61,80,0,4356.42388100121,63.3139229362542,2,1.00266640798654,0.952666407986543,273.162556895883,260.232791874421
5.62,80,0,4359.96782128045,63.3787580030451,2,1.00267643493582,0.952676434935817,273.012509796081,260.09258452541
5.63,80,0,4363.50747673678,63.4435446255657,2,1.00268645601187,0.952686456011874,272.862641019701,259.952542451099
5.64,80,0,4367.0428539543,63.5082828468192,3,1.3192823394584,1.2692823394584,851.343948084452,1080.59583810838
5.65,80,0,4137.74918999787,63.6878997769332,3,1.2597307850264,1.2097307850264,735.306255190216,889.522613326086
5.66,80,0,3958.9630997943,63.8360497070773,3,1.20748399952001,1.15748399952001,645.302983585445,746.927878342677
5.67,80,0,3818.86289440952,63.9609981425882,3,1.16286375727816,1.11286375727816,579.039734219881,644.392334237286
5.68,80,0,3707.57203525667,64.0691410931497,3,1.12484427071301,1.07484427071301,529.434699038799,569.059852978518
5.69,80,0,3618.20869068616,64.1647788267661,3,1.09240387323108,1.04240387323108,491.107289945862,511.932141211585
5.7,80,0,3546.65355976276,64.2503101840187,3,1.06190400567197,1.01190400567197,455.993870956528,461.422024582778
5.71,80,0,3489.94381291092,64.3271301944826,3,1.03724477166463,0.987244771664627,427.528494140881,422.075270578236
5.72,80,0,3445.30922571161,64.3973075101536,3,1.01910275834225,0.969102758342246,403.189207740836,390.73177335547
5.73,80,0,3410.85976274287,64.4621650040013,3,1.00703891048965,0.95703891048965,383.94375336158,367.449111406473
5.74,80,0,3384.23231715529,64.5232823540868,3,1.002,0.952,367.914567998206,350.254668734292
5.75,80,0,3364.76492436443,64.5814455154849,3,1.002,0.952,353.897088271718,336.910028034675
5.76,80,0,3350.74048734831,64.6374439860062,3,1.00173326908528,0.951733269085276,344.027421783396,327.42234278889
5.77,80,0,3340.57473880554,64.6918867673161,3,1.00139397986717,0.951393979867171,336.860338109477,320.486897733376
5.78,80,0,3333.25997835749,64.7451763345618,3,1.00112940720486,0.951129407204864,331.51848237175,315.316977615699
5.79,80,0,3328.1422683159,64.7975728207405,3,1.00076920195989,0.950769201959888,326.910096364328,310.816051432942
5.8,80,0,3325.07161021182,64.8491223021199,3,1.00031478642877,0.950314786428772,322.948379582346,306.902620370315
5.81,80,0,3323.51018922656,64.9000415345053,3,0.999982507204313,0.949982507204313,320.224133414219,304.207325128168
5.82,80,0,3322.98857627965,64.9505225607779,3,0.999734736927397,0.949734736927397,318.336605439697,302.335332221631
5.83,80,0,3323.18751543444,65.0006959216305,3,0.999545715355443,0.949545715355443,317.021303252204,301.026220179529
5.84,80,0,3323.88777549382,65.0506512250763,3,0.9993976720345,0.9493976720345,316.100485889998,300.105065432938
5.85,80,0,3324.93778321516,65.1004504075451,3,0.999278282392068,0.949278282392068,315.453167718549,299.452841227001
5.86,80,0,3326.23223442126,65.150136489744,3,0.999178966147362,0.949178966147362,314.996239413184,298.987804866513
5.87,80,0,3327.69771507893,65.1997394591292,3,0.99909373330144,0.94909373330144,314.672236007583,298.653447238749
5.88,80,0,3329.2829142013,65.2492802719402,3,0.999018393716155,0.949018393716154,314.441237094967,298.410517745987
5.89,80,0,3330.95190228609,65.2987736007311,3,0.998950011877514,0.948950011877514,314.275415967749,298.231659715406
5.9,80,0,3332.67948518314,65.3482297330353,3,0.998886528866855,0.948886528866855,314.155327671888,298.097758399607
5.91,80,0,3334.44797752219,65.3976558896518,3,0.998826499294045,0.948826499294045,314.067359301495,297.995433068563
5.92,80,0,3336.24495435273,65.4470571431179,3,0.998768907738417,0.948768907738417,314.001967593202,297.915303821116
5.93,80,0,3338.0616805215,65.496437059241,3,0.998713040412634,0.948713040412634,313.952455140188,297.850788261058
5.94,80,0,3339.89201146267,65.5457981460339,3,0.998658395301909,0.948658395301909,313.914117775933,297.797263231931
5.95,80,0,3341.73162283474,65.5951421683167,3,0.998604619171676,0.948604619171676,313.883649093658,297.751479412705
5.96,80,0,3343.57747004369,65.6444703684217,3,0.99855146337039,0.94855146337039,313.858723792795,297.711151745219
5.97,80,0,3345.42740872901,65.6937836211592,3,0.998498752797106,0.948498752797106,313.83770574631,297.674672481081
5.98,80,0,3347.27992809158,65.7430825427,3,0.9984463640994,0.9484463640994,313.819443236674,297.640909921522
5.99,80,0,3349.13396340355,65.7923675671244,3,0.99839421034827,0.94839421034827,313.803125211391,297.609067139676
6,80,0,3350.98876412341,65.8416390002651,3,0.998342230260943,0.948342230260943,313.788180305034,297.578582739999
6.01,80,0,3352.84380108412,65.8908970575968,3,0.998290380618824,0.948290380618824,313.774205863197,297.549061106381
6.02,80,0,3354.69870115197,65.94014189091,3,0.998238630931287,0.948238630931287,313.760918029633,297.520223352163
6.03,80,0,3356.55320120822,65.9893736070956,3,0.998186959678745,0.948186959678745,313.748116630303,297.49187281262
6.04,80,0,3358.40711572779,66.0385922813786,3,0.99813535166668,0.94813535166668,313.735660457821,297.463870758554
6.05,80,0,3360.26031392984,66.0877979666446,3,0.998083796161505,0.948083796161505,313.723449869481,297.436119297141
6.06,80,0,3362.11270366889,66.1369907000146,3,0.998032285576814,0.948032285576814,313.711414530382,297.408549328773
6.07,80,0,3363.9670032948,66.1861697155464,3,0.998006320445386,0.948006320445386,313.670248907103,297.361378499611
6.08,80,0,3365.84550652613,66.2353290606025,3,0.998022717327749,0.948022717327749,313.598000463288,297.298028547755
6.09,80,0,3367.74558827782,66.2844705377146,3,0.99803850140643,0.94803850140643,313.545642295307,297.253340844159
6.1,80,0,3369.65975877885,66.3335970670208,3,0.998053875275514,0.948053875275514,313.506524273663,297.221075261803
6.11,80,0,3371.58303180555,66.3827105913995,3,0.998068973771433,0.948068973771433,313.476225431319,297.197083346413
6.12,80,0,3373.51208606937,66.4318124038214,3,0.998083886681537,0.948083886681537,313.451804634421,297.178605225143
6.13,80,0,3375.4447082437,66.4809033647647,3,0.998098673823825,0.948098673823825,313.43130405228,297.163803706839
6.14,80,0,3377.37942273445,66.5299840467338,3,0.998113375068241,0.948113375068241,313.413419717994,297.151455160506
6.15,80,0,3379.31524541309,66.5790548303907,3,0.998128017000564,0.948128017000564,313.397282735401,297.140744213281
6.16,80,0,3381.25151971021,66.6281159685358,3,0.998142617356152,0.948142617356152,313.382313856105,297.131127292654
6.17,80,0,3383.18780746842,66.6771676287143,3,0.99815718797134,0.94815718797134,313.368126759451,297.122241868088
6.18,80,0,3385.12381622577,66.7262099216014,3,0.998171736748996,0.948171736748996,313.354463688271,297.113846053358
6.19,80,0,3387.05935074843,66.7752429199215,3,0.998186268968087,0.948186268968087,313.341152594787,297.105778393011
6.2,80,0,3388.99428071242,66.8242666710645,3,0.998200788156566,0.948200788156566,313.328078594849,297.097931075219
6.21,80,0,3390.92851914478,66.8732812055006,3,0.998215296673412,0.948215296673412,313.315164944848,297.090232080458
6.22,80,0,3392.86200803639,66.9222865423973,3,0.998229796096903,0.948229796096903,313.302360359285,297.082633280163
6.23,80,0,3394.7947087369,66.9712826933684,3,0.998244287483718,0.948244287483718,313.289630552137,297.075102498949
6.24,80,0,3396.72659553988,67.0202696649782,3,0.998258771541917,0.948258771541917,313.276952593053,297.067618218284
6.25,80,0,3398.65765139679,67.0692474604144,3,0.998273248746463,0.948273248746463,313.264311140211,297.06016604125
6.26,80,0,3400.58786505236,67.1182160806068,3,0.998287719416406,0.948287719416406,313.251695924821,297.05273633187
6.27,80,0,3402.51722912916,67.1671755249747,3,0.998302183766469,0.948302183766469,313.23910007078,297.045322638164
6.28,80,0,3404.44573884634,67.2161257919271,3,0.998316641941536,0.948316641941536,313.226518971769,297.037920638345
6.29,80,0,3406.37339116237,67.2650668791974,3,0.998331094039729,0.948331094039729,313.213949540577,297.03052743632
6.3,80,0,3408.30018420113,67.3139987840673,3,0.998345540127837,0.948345540127837,313.201389707078,297.023141090548
6.31,80,0,3410.2261168676,67.362921503517,3,0.998359980251656,0.948359980251656,313.188838082369,297.015760298834
6.32,80,0,3412.15118859042,67.4118350343258,3,0.998374414442903,0.948374414442903,313.176293733988,297.00838418737
6.33,80,0,3414.07539914937,67.460739373139,3,0.998388842723855,0.948388842723854,313.163756035418,297.001012169486
6.34,80,0,3415.99874855971,67.5096345165135,3,0.998403265110451,0.948403265110451,313.151224565287,296.993643851054
6.35,80,0,3417.92123699458,67.5585204609478,3,0.998417681614381,0.948417681614381,313.138699039832,296.986278967101
6.36,80,0,3419.84286473302,67.6073972029026,3,0.998432092244474,0.948432092244474,313.12617926763,296.978917339317
6.37,80,0,3421.76363212498,67.6562647388141,3,0.998446497007641,0.948446497007641,313.113665119245,296.971558847572
6.38,80,0,3423.68353956789,67.7051230651034,3,0.998460895909503,0.948460895909503,313.101156506868,296.964203410806
6.39,80,0,3425.60258749095,67.7539721781826,3,0.99847528895481,0.94847528895481,313.088653370654,296.956850974203
6.4,80,0,3427.52077634449,67.8028120744588,3,0.998489676147726,0.948489676147726,313.07615566955,296.949501500586
6.41,80,0,3429.43810659288,67.8516427503372,3,0.998504057492024,0.948504057492024,313.06366337514,296.942154964637
6.42,80,0,3431.35457870978,67.9004642022224,3,0.998518432991205,0.948518432991205,313.051176467504,296.93481134901
6.43,80,0,3433.27019317486,67.9492764265203,3,0.998532802648592,0.948532802648592,313.03869493244,296.927470641725
6.44,80,0,3435.1849504717,67.9980794196385,3,0.998547166467386,0.948547166467385,313.026218759596,296.920132834415
6.45,80,0,3437.09885108629,68.0468731779871,3,0.9985615244507,0.9485615244507,313.013747941209,296.912797921141
6.46,80,0,3439.01189550608,68.095657697979,3,0.998575876601594,0.948575876601594,313.001282471266,296.905465897604
6.47,80,0,3440.92408421929,68.1444329760301,3,0.998590222923084,0.948590222923084,312.988822344926,296.898136760607
6.48,80,0,3442.8354177145,68.1931990085595,3,0.998604563418161,0.948604563418161,312.976367558147,296.890810507697
6.49,80,0,3444.74589648031,68.2419557919898,3,0.998618898089793,0.948618898089793,312.963918107418,296.883487136923
6.5,80,0,3446.65552100518,68.290703322747,3,0.998633226940935,0.948633226940935,312.951473989593,296.87616664667
6.51,80,0,3448.56429177728,68.3394415972604,3,0.998647549974531,0.948647549974531,312.939035201771,296.868849035553
6.52,80,0,3450.47220928437,68.3881706119631,3,0.998661867193515,0.948661867193515,312.926601741215,296.861534302342
6.53,80,0,3452.3792740138,68.4368903632915,3,0.998676178600816,0.948676178600816,312.9141736053,296.854222445909
6.54,80,0,3454.2854864524,68.4856008476858,3,0.998690484199355,0.948690484199355,312.901750791482,296.846913465197
6.55,80,0,3456.19084708651,68.5343020615895,3,0.998704783992049,0.948704783992048,312.889333297265,296.839607359198
6.56,80,0,3458.09535640192,68.58299400145,3,0.99871907798181,0.94871907798181,312.87692112019,296.832304126934
6.57,80,0,3459.99901488389,68.631676663718,3,0.998733366171547,0.948733366171547,312.864514257822,296.82500376745
6.58,80,0,3461.90182301711,68.6803500448481,3,0.998747648564164,0.948747648564163,312.852112707747,296.817706279806
6.59,80,0,3463.80378128575,68.7290141412981,3,0.99876192516256,0.94876192516256,312.83971646756,296.810411663072
6.6,80,0,3465.70489017337,68.7776689495297,3,0.998776195969634,0.948776195969634,312.827325534864,296.803119916323
6.61,80,0,3467.60515016302,68.8263144660081,3,0.998790460988277,0.948790460988277,312.814939907272,296.795831038641
6.62,80,0,3469.50456173716,68.8749506872022,3,0.99880472022138,0.94880472022138,312.8025595824,296.78854502911
6.63,80,0,3471.40312537768,68.9235776095844,3,0.998818973671828,0.948818973671828,312.790184557868,296.781261886818
6.64,80,0,3473.30084156594,68.9721952296306,3,0.998833221342504,0.948833221342504,312.777814831299,296.77398161085
6.65,80,0,3475.19771078272,69.0208035438206,3,0.998847463236286,0.948847463236286,312.76545040032,296.766704200298
6.66,80,0,3477.09373350823,69.0694025486375,3,0.998861699356051,0.948861699356051,312.753091262559,296.75942965425
6.67,80,0,3478.98891022215,69.1179922405682,3,0.99887592970467,0.94887592970467,312.740737415648,296.752157971797
6.68,80,0,3480.88324140358,69.1665726161032,3,0.998890154285013,0.948890154285013,312.728388857219,296.74488915203
6.69,80,0,3482.77672753106,69.2151436717365,3,0.998904373099944,0.948904373099944,312.716045584907,296.73762319404
6.7,80,0,3484.66936908259,69.2637054039656,3,0.998918586152325,0.948918586152325,312.703707596349,296.730360096918
6.71,80,0,3486.5611665356,69.312257809292,3,0.998932793445016,0.948932793445016,312.691374889184,296.723099859756
6.72,80,0,3488.45212036699,69.3608008842205,3,0.99894699498087,0.94894699498087,312.679047461051,296.715842481645
6.73,80,0,3490.34223105307,69.4093346252595,3,0.99896119076274,0.94896119076274,312.666725309593,296.708587961678
6.74,80,0,3492.23149906963,69.4578590289211,3,0.998975380793475,0.948975380793475,312.654408432454,296.701336298947
6.75,80,0,3494.1199248919,69.5063740917211,3,0.998989565075919,0.948989565075918,312.64209682728,296.694087492543
6.76,80,0,3496.00819515572,69.5548795369143,3,0.999003725594285,0.949003725594285,312.615035240511,296.672833120034
6.77,80,0,3497.91193475625,69.6033691216747,3,0.999017452212503,0.949017452212503,312.560369686912,296.625245702871
6.78,80,0,3499.8304445866,69.6518430698292,3,0.999030763729981,0.949030763729981,312.520346985741,296.591423581037
6.79,80,0,3501.75827452342,69.7003035107754,3,0.999043803555061,0.949043803555061,312.489843134929,296.566549301097
6.8,80,0,3503.69188149478,69.7487518276998,3,0.999056664886843,0.949056664886843,312.465531259367,296.547494989111
6.81,80,0,3505.62896102067,69.7971889191399,3,0.999069408325106,0.949069408325106,312.445249908319,296.532228464478
6.82,80,0,3507.56801354871,69.8456153686738,3,0.999082073291775,0.949082073291775,312.427594008482,296.519428675131
6.83,80,0,3509.50806290744,69.8940315550874,3,0.999094685443696,0.949094685443696,312.411649713109,296.50823641341
6.84,80,0,3511.4484734053,69.9424377239419,3,0.999107261486502,0.949107261486502,312.396822384032,296.498092589993
6.85,80,0,3513.38883094802,69.9908340340921,3,0.999119812302362,0.949119812302362,312.382724917896,296.488633240574
6.86,80,0,3515.32886572874,70.0392205879374,3,0.999132344983189,0.949132344983189,312.36910520527,296.479621323778
6.87,80,0,3517.26840192961,70.0875974511028,3,0.999144864152921,0.949144864152921,312.355798984983,296.470902394979
6.88,80,0,3519.20732498291,70.1359646652498,3,0.999157372827843,0.949157372827843,312.34269918856,296.462375783771
6.89,80,0,3521.14556025242,70.1843222564185,3,0.999169872976576,0.949169872976576,312.329735997956,296.453975843987
6.9,80,0,3523.08305914536,70.2326702404612,3,0.999182365884725,0.949182365884725,312.316863866946,296.445659750925
6.91,80,0,3525.01979006153,70.2810086265851,3,0.999194852392428,0.949194852392428,312.304053070931,296.43739955622
6.92,80,0,3526.95573249218,70.3293374196604,3,0.999207333049178,0.949207333049178,312.291284202857,296.429177012696
6.93,80,0,3528.89087317113,70.3776566217268,3,0.999219808214747,0.949219808214747,312.278544586616,296.420980202088
6.94,80,0,3530.82520356328,70.4259662329762,3,0.999232278125029,0.949232278125029,312.265825939,296.41280133667
6.95,80,0,3532.75871822529,70.4742662523943,3,0.999244742934987,0.949244742934987,312.253122844927,296.40463532558
6.96,80,0,3534.69141373495,70.5225566781792,3,0.9992572027467,0.9492572027467,312.240431762674,296.396478839458
6.97,80,0,3536.62328799182,70.5708375080153,3,0.999269657627672,0.949269657627671,312.227750374602,296.388329699957
6.98,80,0,3538.55433976014,70.6191087392523,3,0.999282107622789,0.949282107622789,312.215077163241,296.380186481133
6.99,80,0,3540.48456837001,70.6673703690217,3,0.999294552762143,0.949294552762143,312.202411134375,296.372048249069
7,80,0,3542.41397352191,70.7156223943137,3,0.999306993066139,0.949306993066139,312.189751636105,296.363914391736
7.01,80,0,3544.34255515878,70.763864812027,3,0.999319428548841,0.949319428548841,312.177098240562,296.355784507765
7.02,80,0,3546.27031338238,70.8120976190017,3,0.999331859220154,0.949331859220154,312.164450666549,296.347658333713
7.03,80,0,3548.19724839837,70.8603208120408,3,0.999344285087263,0.949344285087263,312.15180872894,296.339535696471
7.04,80,0,3550.12336048049,70.9085343879239,3,0.999356706155563,0.949356706155563,312.139172305554,296.331416482125
7.05,80,0,3552.04864994695,70.9567383434169,3,0.999369122429279,0.949369122429279,312.126541315471,296.323300615555
7.06,80,0,3553.97311714507,71.0049326752776,3,0.999381533911866,0.949381533911866,312.113915704827,296.315188047087
7.07,80,0,3555.89676244109,71.0531173802601,3,0.999393940606273,0.949393940606273,312.101295437507,296.307078743737
7.08,80,0,3557.81958621358,71.1012924551169,3,0.999406342515115,0.949406342515115,312.088680489045,296.298972683473
7.09,80,0,3559.74158884909,71.1494578966011,3,0.99941873964079,0.94941873964079,312.076070842624,296.290869851454
7.1,80,0,3561.66277073925,71.197613701467,3,0.99943113198555,0.94943113198555,312.063466486447,296.282770237562
7.11,80,0,3563.58313227889,71.2457598664714,3,0.999443519551551,0.949443519551551,312.050867412018,296.274673834781
7.12,80,0,3565.50267386487,71.2938963883738,3,0.999455902340886,0.949455902340886,312.038273613013,296.266580638136
7.13,80,0,3567.42139589518,71.3420232639364,3,0.999468280355604,0.949468280355604,312.025685084535,296.258490643992
7.14,80,0,3569.33929876848,71.390140489925,3,0.999480653597728,0.949480653597727,312.013101822622,296.250403849598
7.15,80,0,3571.2563828837,71.4382480631085,3,0.999493022069258,0.949493022069258,312.000523823936,296.242320252781
7.16,80,0,3573.17264863985,71.4863459802594,3,0.999505385772184,0.949505385772184,311.987951085545,296.234239851753
7.17,80,0,3575.08809643583,71.5344342381538,3,0.999517744708485,0.949517744708485,311.975383604783,296.226162644978
7.18,80,0,3577.00272667035,71.5825128335712,3,0.999530098880132,0.949530098880132,311.962821379163,296.218088631082
7.19,80,0,3578.91653974188,71.6305817632947,3,0.999542448289092,0.949542448289092,311.950264406319,296.210017808806
7.2,80,0,3580.82953604855,71.6786410241111,3,0.999554792937328,0.949554792937327,311.937712683957,296.201950176958
7.21,80,0,3582.74171598822,71.7266906128106,3,0.999567132826798,0.949567132826798,311.925166209839,296.193885734399
7.22,80,0,3584.65307995835,71.7747305261874,3,0.999579467959461,0.949579467959461,311.91262498176,296.185824480018
7.23,80,0,3586.56362835607,71.8227607610389,3,0.999591798337269,0.949591798337269,311.900088997539,296.177766412727
7.24,80,0,3588.47336157814,71.8707813141665,3,0.999604123962174,0.949604123962174,311.88755825501,296.16971153145
7.25,80,0,3590.38228002095,71.9187921823749,3,0.999616444836126,0.949616444836126,311.875032752019,296.161659835123
7.26,80,0,3592.29038408052,71.9667933624727,3,0.999628760961072,0.949628760961072,311.862512486418,296.153611322684
7.27,80,0,3594.19767415247,72.0147848512721,3,0.999641072338957,0.949641072338957,311.849997456068,296.145565993081
7.28,80,0,3596.10415063208,72.0627666455887,3,0.999653378971726,0.949653378971726,311.837487658828,296.13752384526
7.29,80,0,3598.00981391423,72.1107387422419,3,0.99966568086132,0.94966568086132,311.824983092566,296.129484878171
7.3,80,0,3599.91466439344,72.158701138055,3,0.999677978009678,0.949677978009677,311.81248375515,296.121449090767
7.31,80,0,3601.80474328088,72.2066531012727,3,0.999690620983578,0.949690620983578,311.787815644359,296.101964254404
7.32,80,0,3603.6705540276,72.2545912327403,3,0.999703844153353,0.949703844153353,311.742840527157,296.063374035927
7.33,80,0,3605.51994400069,72.3025125491826,3,0.999717445696409,0.949717445696409,311.684567421418,296.01227123446
7.34,80,0,3607.35812260977,72.3504151086965,3,0.999731291755448,0.949731291755448,311.617643904488,295.953027479199
7.35,80,0,3609.18848853011,72.3982976477868,3,0.999745295049739,0.949745295049738,311.545099091005,295.888492057486
7.36,80,0,3611.01326007404,72.4461593451744,3,0.999759398646972,0.949759398646972,311.468907743943,295.820522516116
7.37,80,0,3612.8338858806,72.4939996679197,3,0.999773565395845,0.949773565395845,311.390357684517,295.750330247911
7.38,80,0,3614.6513125319,72.5418182711576,3,0.999787771043133,0.949787771043133,311.310289062836,295.678705551785
7.39,80,0,3616.4661589889,72.589614932745,3,0.999801999749179,0.949801999749179,311.229250194018,295.606164214715
7.4,80,0,3618.27883033069,72.6373895106502,3,0.999816241164948,0.949816241164948,311.14759907641,295.533043002254
7.41,80,0,3620.08959194596,72.6851419151602,3,0.999830488526127,0.949830488526127,311.065569545268,295.45956188484
7.42,80,0,3621.89861794802,72.7328720907439,3,0.999844737409853,0.949844737409853,310.983314397051,295.385864602312
7.43,80,0,3623.70602278255,72.7805800042128,3,0.999858984923334,0.949858984923334,310.900933512554,295.312045117951
7.44,80,0,3625.51188187184,72.8282656369884,3,0.999873229174094,0.949873229174094,310.818492204917,295.238164877708
7.45,80,0,3627.31624510455,72.8759289800495,3,0.999887468923937,0.949887468923937,310.736033195406,295.164264075448
7.46,80,0,3629.11914565432,72.9235700306295,3,0.999901703362805,0.949901703362805,310.653584433517,295.090369009159
7.47,80,0,3630.92060574751,72.9711887900565,3,0.999915931960935,0.949915931960935,310.571164205772,295.016496886718
7.48,80,0,3632.72064043713,73.0187852623396,3,0.999930154372142,0.949930154372142,310.488784474747,294.942658966915
7.49,80,0,3634.51926007343,73.0663594532441,3,0.999944370370542,0.949944370370542,310.406453062417,294.868862613331
7.5,80,0,3636.31647192194,73.1139113696855,3,0.999958579809111,0.94995857980911,310.324175078471,294.795112637978
7.51,80,0,3638.11228122368,73.1614410193324,3,0.999972782592545,0.949972782592545,310.241953855115,294.721412180692
7.52,80,0,3639.90669189015,73.2089484103465,3,0.999986978659482,0.949986978659482,310.159791559169,294.64776328495
7.53,80,0,3641.69970695915,73.2564335512118,3,1.00000116797083,0.950001167970834,310.077689593043,294.574167275089
7.54,80,0,3643.4913288938,73.3038964506227,3,1.00001535050215,0.950015350502147,309.995648857528,294.500625003525
7.55,80,0,3645.28155977891,73.3513371174106,3,1.00002952623858,0.950029526238576,309.913669924106,294.427137012857
7.56,80,0,3647.07040144987,73.3987555604953,3,1.00004369517159,0.950043695171594,309.831753147977,294.353703642197
7.57,80,0,3648.85785557738,73.4461517888538,3,1.00005785729683,0.950057857296827,309.749898742243,294.280325096964
7.58,80,0,3650.64392372313,73.4935258114991,3,1.00007201261263,0.950072012612634,309.668106826607,294.207001494698
7.59,80,0,3652.42860737642,73.5408776374666,3,1.00008616111917,0.950086161119168,309.586377459369,294.133732895162
7.6,80,0,3654.21190797822,73.5882072758051,3,1.00010030281777,0.950100302817767,309.504710658454,294.060519320123
7.61,80,0,3655.99382693708,73.635514735571,3,1.00011443771054,0.950114437710543,309.423106415226,293.987360766352
7.62,80,0,3657.77436563957,73.6828000258241,3,1.00012856580012,0.950128565800122,309.341564703589,293.914257214186
7.63,80,0,3659.5535254571,73.7300631556251,3,1.00014268708946,0.950142687089465,309.260085485961,293.841208633149
7.64,80,0,3661.33130775055,73.7773041340345,3,1.00015680158175,0.950156801581752,309.178668717222,293.76821498566
7.65,80,0,3663.10771387317,73.8245229701104,3,1.00017090928031,0.950170909280308,309.097314347303,293.695276229478
7.66,80,0,3664.88274517262,73.8717196729087,3,1.00018501018855,0.950185010188552,309.016022322897,293.622392319308
7.67,80,0,3666.65640299227,73.9188942514822,3,1.00019910430996,0.950199104309964,308.934792588584,293.549563207857
7.68,80,0,3668.42868867203,73.9660467148805,3,1.00021319164806,0.950213191648062,308.853625087576,293.47678884654
7.69,80,0,3670.19960354893,74.0131770721494,3,1.00022727220639,0.950227272206389,308.772519762208,293.404069185936
7.7,80,0,3671.96914895751,74.0602853323312,3,1.0002413459885,0.950241345988503,308.691476554259,293.331404176097
7.71,80,0,3673.73732623009,74.1073715044644,3,1.00025541299797,0.95025541299797,308.610495405168,293.258793766746
7.72,80,0,3675.50413669689,74.1544355975837,3,1.00026947323836,0.950269473238361,308.529576256174,293.186237907409
7.73,80,0,3677.26958168618,74.20147762072,3,1.00028352671325,0.950283526713248,308.448719048409,293.113736547506
7.74,80,0,3679.03366252433,74.2484975829001,3,1.0002975734262,0.950297573426204,308.367923722961,293.041289636407
7.75,80,0,3680.79638053587,74.2954954931472,3,1.0003116133808,0.9503116133808,308.287190220914,292.96889712347
7.76,80,0,3682.55773704355,74.3424713604803,3,1.0003256465806,0.950325646580605,308.206518483372,292.896558958068
7.77,80,0,3684.31773336832,74.3894251939149,3,1.00033967302918,0.950339673029185,308.125908451482,292.824275089602
7.78,80,0,3686.07637082937,74.4363570024623,3,1.0003536927301,0.950353692730103,308.045360066442,292.752045467517
7.79,80,0,3687.83365074415,74.4832667951299,3,1.00036770568692,0.95036770568692,307.964873269511,292.679870041308
7.8,80,0,3689.58957442836,74.5301545809215,3,1.00038171190319,0.950381711903192,307.884448002012,292.607748760522
7.81,80,0,3691.34414319597,74.5770203688366,3,1.00039571138247,0.950395711382473,307.804084205336,292.535681574761
7.82,80,0,3693.09735835922,74.6238641678711,3,1.00040970412831,0.950409704128312,307.723781820946,292.46366843369
7.83,80,0,3694.84922122864,74.6706859870169,3,1.00042369014426,0.950423690144256,307.643540790374,292.391709287032
7.84,80,0,3696.59973311303,74.7174858352622,3,1.00043766943385,0.950437669433847,307.563361055227,292.319804084571
7.85,80,0,3698.34889531946,74.7642637215912,3,1.00045164200062,0.950451642000625,307.483242557184,292.247952776152
7.86,80,0,3700.09670915333,74.8110196549841,3,1.00046560784812,0.950465607848124,307.403185238,292.176155311685
7.87,80,0,3701.8431759183,74.8577536444175,3,1.00047956697988,0.950479566979877,307.3231890395,292.104411641139
7.88,80,0,3703.58829691633,74.9044656988641,3,1.00049351939941,0.950493519399412,307.243253903586,292.032721714546
7.89,80,0,3705.33207344769,74.9511558272925,3,1.00050746511025,0.950507465110255,307.163379772231,291.961085482002
7.9,80,0,3707.07450681094,74.9978240386678,3,1.00052140411592,0.950521404115924,307.083566587484,291.889502893661
7.91,80,0,3708.81559830296,75.0444703419511,3,1.00053533641994,0.95053533641994,307.003814291466,291.817973899744
7.92,80,0,3710.55534921893,75.0910947460996,3,1.00054926202582,0.950549262025815,306.924122826374,291.74649845053
7.93,80,0,3712.29376085234,75.1376972600668,3,1.00056318093706,0.950563180937061,306.844492134475,291.675076496363
7.94,80,0,3714.03083449499,75.1842778928023,3,1.00057709315718,0.950577093157183,306.764922158113,291.603707987648
7.95,80,0,3715.76657143702,75.230836653252,3,1.00059099868969,0.950590998689685,306.685412839702,291.532392874851
7.96,80,0,3717.50097296686,75.2773735503578,3,1.00060489753807,0.950604897538068,306.605964121732,291.4611311085
7.97,80,0,3719.23404037128,75.3238885930579,3,1.00061878970583,0.950618789705827,306.526575946764,291.389922639184
7.98,80,0,3720.96577493538,75.3703817902867,3,1.00063267519646,0.950632675196455,306.447248257432,291.318767417555
7.99,80,0,3722.69617794259,75.4168531509748,3,1.00064655401344,0.950646554013442,306.367980996444,291.247665394325
8,80,0,3724.42525067466,75.463302684049,3,1.00066042616027,0.950660426160272,306.28877410658,291.176616520268
8.01,80,0,3726.15299441169,75.5097303984324,3,1.00067429164043,0.95067429164043,306.209627530692,291.10562074622
8.02,80,0,3727.8794104321,75.5561363030441,3,1.00068815045739,0.950688150457392,306.130541211705,291.034678023076
8.03,80,0,3729.60450001268,75.6025204067997,3,1.00070200261463,0.950702002614634,306.051515092616,290.963788301793
8.04,80,0,3731.32826442853,75.6488827186108,3,1.00071584811563,0.950715848115629,305.972549116495,290.892951533389
8.05,80,0,3733.05070495313,75.6952232473854,3,1.00072968696384,0.950729686963845,305.893643226482,290.822167668943
8.06,80,0,3734.77182285829,75.7415420020276,3,1.00074351916275,0.950743519162745,305.814797365791,290.751436659594
8.07,80,0,3736.49161941418,75.7878389914378,3,1.00075734471579,0.950757344715793,305.736011477706,290.680758456541
8.08,80,0,3738.21009588933,75.8341142245126,3,1.00077116362644,0.950771163626445,305.657285505585,290.610133011046
8.09,80,0,3739.92725355062,75.8803677101451,3,1.00078497589816,0.950784975898156,305.578619392855,290.539560274428
8.1,80,0,3741.6430936633,75.9265994572244,3,1.00079878153438,0.950798781534377,305.500013083016,290.469040198068
8.11,80,0,3743.35761749098,75.9728094746358,3,1.00081258053856,0.950812580538556,305.421466519639,290.398572733408
8.12,80,0,3745.07082629563,76.0189977712611,3,1.00082637291414,0.950826372914137,305.342979646365,290.328157831948
8.13,80,0,3746.78272133762,76.0651643559783,3,1.00084015866456,0.950840158664561,305.264552406906,290.257795445249
8.14,80,0,3748.49330387567,76.1113092376616,3,1.00085393779327,0.950853937793265,305.186184745048,290.187485524932
8.15,80,0,3750.20257516687,76.1574324251816,3,1.00086771030368,0.950867710303684,305.107876604644,290.117228022677
8.16,80,0,3751.91053646672,76.2035339274051,3,1.00088147619925,0.950881476199247,305.029627929621,290.047022890225
8.17,80,0,3753.61718902906,76.2496137531952,3,1.00089523548338,0.950895235483382,304.951438663972,289.976870079374
8.18,80,0,3755.32253410616,76.2956719114112,3,1.00090898815951,0.950908988159513,304.873308751766,289.906769541985
8.19,80,0,3757.02657294864,76.3417084109091,3,1.00092273423106,0.950922734231061,304.795238137138,289.836721229975
8.2,80,0,3758.72930680553,76.3877232605407,3,1.00093647370144,0.950936473701442,304.717226764295,289.766725095321
8.21,80,0,3760.43073692426,76.4337164691544,3,1.00095020657407,0.95095020657407,304.639274577515,289.696781090062
8.22,80,0,3762.13086455065,76.4796880455948,3,1.00096393285236,0.950963932852356,304.561381521142,289.626889166292
8.23,80,0,3763.8296909289,76.525637998703,3,1.00097765253971,0.950977652539706,304.483547539594,289.557049276165
8.24,80,0,3765.52721730164,76.5715663373162,3,1.00099136563952,0.950991365639525,304.405772577356,289.487261371895
8.25,80,0,3767.22976469234,76.6174705097265,3,1.00100245736785,0.95100245736785,304.261062191488,289.353017825457
8.26,80,0,3768.98628280329,76.6633304384895,3,1.00100854040519,0.951008540405193,304.054572651038,289.158495340389
8.27,80,0,3770.78545914686,76.7091500598159,3,1.0010140730415,0.951014073041496,303.899608584721,289.012804555872
8.28,80,0,3772.60860273418,76.7549365250517,3,1.00101928816074,0.951019288160743,303.774269190456,288.895189247058
8.29,80,0,3774.44497065172,76.8006939488858,3,1.00102431958461,0.951024319584613,303.665993627146,288.793744970242
8.3,80,0,3776.28838199888,76.8464247031601,3,1.00102924428789,0.951029244287892,303.56756734334,288.70163416085
8.31,80,0,3778.13527769565,76.8921301581492,3,1.00103410658463,0.951034106584629,303.474841903822,288.614925140913
8.32,80,0,3779.98360695932,76.9378111079693,3,1.00103893200588,0.951038932005879,303.38542972282,288.531355069735
8.33,80,0,3781.83218745224,76.9834680150118,3,1.00104373527171,0.95104373527171,303.297955539216,288.449620536289
8.34,80,0,3783.68033725238,77.0291011505289,3,1.00104852487499,0.95104852487499,303.211626603007,288.368970205737
8.35,80,0,3785.52766299359,77.0747106755599,3,1.00105330571913,0.951053305719133,303.12598561642,288.288970669867
8.36,80,0,3787.3739378143,77.1202966875486,3,1.00105808063712,0.951058080637123,303.040768600055,288.209371739567
8.37,80,0,3789.2190309946,77.1658592472191,3,1.00106285126691,0.951062851266915,302.955823059483,288.130028886867
8.38,80,0,3791.06286736416,77.2113983940779,3,1.00106761855624,0.951067618556244,302.871060835836,288.050858558742
8.39,80,0,3792.9054038692,77.2569141553637,3,1.00107238305394,0.951072383053938,302.786430921381,287.971812412794
8.4,80,0,3794.74661603627,77.3024065512164,3,1.00107714507813,0.95107714507813,302.701903775602,287.892862452615
8.41,80,0,3796.58649014785,77.3478755976653,3,1.00108190481345,0.951081904813451,302.617462270508,287.813992446048
8.42,80,0,3798.4250187167,77.3933213083573,3,1.00108666236723,0.951086662367228,302.533096459747,287.735192967524
8.43,80,0,3800.26219786654,77.4387436955567,3,1.00109141780199,0.951091417801992,302.448800554792,287.656458532169
8.44,80,0,3802.09802581505,77.4841427707246,3,1.00109617115431,0.951096171154307,302.36457117583,287.577785938046
8.45,80,0,3803.93250199478,77.5295185448548,3,1.00110092244567,0.951100922445666,302.280406339371,287.499173306627
8.46,80,0,3805.76562654338,77.5748710286679,3,1.00110567168882,0.951105671688817,302.196304871882,287.42061952705
8.47,80,0,3807.59740000779,77.6202002327249,3,1.00111041889143,0.951110418891427,302.112266069966,287.342123934043
8.48,80,0,3809.42782317251,77.6655061674921,3,1.00111516405821,0.951115164058206,302.028289503296,287.263686121147
8.49,80,0,3811.25689695983,77.7107888433796,3,1.00111990719215,0.951119907192151,301.944374900259,287.185305832326
8.5,80,0,3813.08462237179,77.7560482707632,3,1.00112464829525,0.951124648295255,301.860522081554,287.10698289904
8.51,80,0,3814.91100045647,77.8012844599976,3,1.00112938736893,0.951129387368931,301.776730921617,287.028717203676
8.52,80,0,3816.73603228834,77.8464974214237,3,1.00113412441425,0.951134124414251,301.693001326194,286.950508658297
8.53,80,0,3818.55971895683,77.8916871653727,3,1.00113885943209,0.951138859432092,301.609333219287,286.872357192267
8.54,80,0,3820.38206155965,77.9368537021692,3,1.00114359242321,0.951143592423211,301.525726535565,286.794262745056
8.55,80,0,3822.20306119891,77.9819970421323,3,1.0011483233883,0.951148323388302,301.442181215938,286.716225262052
8.56,80,0,3824.02271897886,78.0271171955766,3,1.00115305232802,0.951153052328016,301.358697204976,286.638244692107
8.57,80,0,3825.84103600454,78.0722141728125,3,1.00115777924298,0.951157779242983,301.27527444941,286.560320986121
8.58,80,0,3827.65801338106,78.117287984147,3,1.00116250413382,0.951162504133819,301.191912897252,286.482454096205
8.59,80,0,3829.47365221307,78.1623386398833,3,1.00116722700113,0.951167227001131,301.108612497283,286.404643975198
8.6,80,0,3831.28795360459,78.2073661503211,3,1.00117194784552,0.951171947845523,301.025373198752,286.326890576383
8.61,80,0,3833.10091865878,78.252370525757,3,1.00117666666759,0.951176666667595,300.942194951205,286.249193853316
8.62,80,0,3834.91254847789,78.2973517764838,3,1.00118138346795,0.951181383467946,300.859077704378,286.17155375974
8.63,80,0,3836.72284416318,78.3423099127914,3,1.00118609824717,0.951186098247173,300.776021408139,286.093970249515
8.64,80,0,3838.53180681493,78.3872449449661,3,1.00119081100587,0.951190811005873,300.693026012454,286.016443276596
8.65,80,0,3840.33943753238,78.4321568832909,3,1.00119552174464,0.951195521744643,300.610091467365,285.938972795005
8.66,80,0,3842.14573741375,78.4770457380457,3,1.00120023046408,0.951200230464079,300.527217722978,285.861558758826
8.67,80,0,3843.95070755623,78.5219115195068,3,1.00120493716478,0.951204937164777,300.444404729456,285.784201122191
8.68,80,0,3845.75434905596,78.5667542379474,3,1.00120964184733,0.951209641847334,300.361652437015,285.706899839287
8.69,80,0,3847.55666300806,78.6115739036372,3,1.00121434451234,0.951214344512344,300.278960795921,285.62965486434
8.7,80,0,3849.35765050659,78.6563705268428,3,1.0012190451604,0.951219045160403,300.196329756488,285.552466151624
8.71,80,0,3851.15731264458,78.7011441178274,3,1.00122374379211,0.951223743792108,300.11375926908,285.475333655458
8.72,80,0,3852.95565051403,78.7458946868509,3,1.00122844040805,0.951228440408053,300.031249284107,285.398257330201
8.73,80,0,3854.7526652059,78.7906222441698,3,1.00123313500883,0.951233135008833,299.948799752026,285.321237130257
8.74,80,0,3856.54835781012,78.8353268000374,3,1.00123782759504,0.951237827595045,299.866410623341,285.24427301007
8.75,80,0,3858.34272941556,78.8800083647038,3,1.00124251816728,0.951242518167282,299.784081848603,285.167364924132
8.76,80,0,3860.13578111009,78.9246669484156,3,1.00124720672614,0.951247206726141,299.70181337841,285.090512826972
8.77,80,0,3861.92751398053,78.9693025614162,3,1.00125189327222,0.951251893272215,299.619605163405,285.013716673163
8.78,80,0,3863.71792911267,79.0139152139457,3,1.0012565778061,0.951256577806101,299.537457154278,284.93697641732
8.79,80,0,3865.50702759129,79.0585049162407,3,1.00126126032839,0.951261260328392,299.455369301767,284.860292014103
8.8,80,0,3867.2948105001,79.1030716785349,3,1.00126594083968,0.951265940839684,299.373341556653,284.783663418209
8.81,80,0,3869.08127892183,79.1476155110583,3,1.00127061934057,0.95127061934057,299.291373869766,284.707090584382
8.82,80,0,3870.86643393816,79.1921364240379,3,1.00127529583165,0.951275295831646,299.20946619198,284.630573467404
8.83,80,0,3872.65027662974,79.2366344276972,3,1.00127997031351,0.951279970313505,299.127618474218,284.554112022103
8.84,80,0,3874.43280807621,79.2811095322566,3,1.00128464278674,0.951284642786743,299.045830667445,284.477706203345
8.85,80,0,3876.21402935618,79.3255617479329,3,1.00128931325195,0.951289313251953,298.964102722676,284.401355966041
8.86,80,0,3877.99394154723,79.3699910849399,3,1.00129398170973,0.951293981709729,298.88243459097,284.325061265142
8.87,80,0,3879.77254572595,79.4143975534879,3,1.00129864816067,0.951298648160665,298.800826223432,284.248822055641
8.88,80,0,3881.54984296788,79.4587811637841,3,1.00130331260536,0.951303312605356,298.719277571213,284.172638292573
8.89,80,0,3883.32583434755,79.5031419260323,3,1.0013079750444,0.951307975044395,298.637788585509,284.096509931016
8.9,80,0,3885.10052093848,79.5474798504329,3,1.00131263547838,0.951312635478377,298.556359217563,284.020436926089
8.91,80,0,3886.87390381318,79.5917949471831,3,1.00131729390789,0.951317293907893,298.474989418662,283.944419232949
8.92,80,0,3888.64598404312,79.636087226477,3,1.00132195033354,0.951321950333539,298.393679140142,283.8684568068
8.93,80,0,3890.41676269879,79.680356698505,3,1.00132660475591,0.951326604755907,298.312428333381,283.792549602885
8.94,80,0,3892.18624084964,79.7246033734545,3,1.00133125717559,0.951331257175592,298.231236949804,283.716697576489
8.95,80,0,3893.95441956413,79.7688272615097,3,1.00133590759319,0.951335907593186,298.150104940881,283.640900682937
8.96,80,0,3895.72129990969,79.8130283728511,3,1.00134055600928,0.951340556009282,298.069032258128,283.565158877596
8.97,80,0,3897.48688295276,79.8572067176563,3,1.00134520242447,0.951345202424475,297.988018853107,283.489472115877
8.98,80,0,3899.25116975877,79.9013623060995,3,1.00134984683936,0.951349846839356,297.907064677423,283.413840353228
8.99,80,0,3901.01416139213,79.9454951483515,3,1.00135448925452,0.951354489254519,297.826169682729,283.338263545142
9,80,0,3902.77585891626,79.9896052545799,3,1.00135912967056,0.951359129670556,297.745333820721,283.262741647151
9.01,80,0,3904.53626339357,80.033692634949,3,1.00136376808806,0.951363768088061,297.664557043142,283.187274614827
9.02,80,0,3906.29537588546,80.0777572996199,3,1.00136840450763,0.951368404507626,297.583839301779,283.111862403787
9.03,80,0,3908.05319745234,80.1217992587502,3,1.00137303892984,0.951373038929844,297.503180548463,283.036504969685
9.04,80,0,3909.80972915362,80.1658185224944,3,1.00137767135531,0.951377671355307,297.422580735074,282.96120226822
9.05,80,0,3911.5649720477,80.2098151010037,3,1.00138230178461,0.951382301784608,297.342039813532,282.885954255129
9.06,80,0,3913.31892719198,80.2537890044259,3,1.00138693021834,0.95138693021834,297.261557735806,282.81076088619
9.07,80,0,3915.07159564288,80.2977402429056,3,1.00139155665709,0.951391556657093,297.181134453907,282.735622117223
9.08,80,0,3916.82297845581,80.3416688265842,3,1.00139618110146,0.951396181101461,297.100769919892,282.660537904089
9.09,80,0,3918.5730766852,80.3855747655996,3,1.00140080355204,0.951400803552036,297.020464085863,282.585508202689
9.1,80,0,3920.32189138446,80.4294580700866,3,1.00140542400941,0.95140542400941,296.940216903965,282.510532968963
9.11,80,0,3922.06942360603,80.4733187501766,3,1.00141004247417,0.951410042474175,296.860028326393,282.435612158898
9.12,80,0,3923.81567440134,80.5171568159978,3,1.00141465894692,0.951414658946922,296.779898305379,282.360745728514
9.13,80,0,3925.56064482087,80.5609722776751,3,1.00141927342824,0.951419273428243,296.699826793204,282.285933633876
9.14,80,0,3927.30433591405,80.6047651453301,3,1.00142388591873,0.951423885918731,296.619813742194,282.211175831088
9.15,80,0,3929.04674872937,80.6485354290811,3,1.00142849641898,0.951428496418977,296.539859104718,282.136472276297
9.16,80,0,3930.78788431431,80.6922831390432,3,1.00143310492957,0.951433104929571,296.459962833189,282.061822925686
9.17,80,0,3932.52774371538,80.7360082853282,3,1.00143771145111,0.951437711451107,296.380124880065,281.987227735482
9.18,80,0,3934.26632797809,80.7797108780445,3,1.00144231598417,0.951442315984175,296.300345197849,281.912686661952
9.19,80,0,3936.00363814697,80.8233909272974,3,1.00144691852937,0.951446918529366,296.220623739088,281.838199661402
9.2,80,0,3937.73967526558,80.8670484431887,3,1.00145151908727,0.951451519087272,296.140960456372,281.763766690179
9.21,80,0,3939.47444037647,80.9106834358172,3,1.00145611765848,0.951456117658483,296.061355302337,281.68938770467
9.22,80,0,3941.20793452125,80.9542959152783,3,1.00146071424359,0.951460714243592,295.981808229662,281.615062661304
9.23,80,0,3942.94015874051,80.997885891664,3,1.00146530884319,0.951465308843189,295.902319191069,281.540791516546
9.24,80,0,3944.67111407389,81.0414533750631,3,1.00146990145786,0.951469901457864,295.822888139327,281.466574226907
9.25,80,0,3946.40080156004,81.0849983755614,3,1.00147449208821,0.951474492088209,295.743515027247,281.392410748932
9.26,80,0,3948.12922223664,81.1285209032409,3,1.00147908073481,0.951479080734814,295.664199807684,281.31830103921
9.27,80,0,3949.8563771404,81.1720209681807,3,1.00148366739827,0.951483667398271,295.584942433537,281.244245054368
9.28,80,0,3951.58226730704,81.2154985804566,3,1.00148825207917,0.951488252079169,295.505742857748,281.170242751075
9.29,80,0,3953.30689377132,81.258953750141,3,1.0014928347781,0.951492834778099,295.426601033305,281.096294086038
9.3,80,0,3955.03025756702,81.3023864873032,3,1.00149741549565,0.951497415495652,295.347516913238,281.022399016005
9.31,80,0,3956.75235972696,81.3457968020089,3,1.00150199423242,0.951501994232417,295.268490450622,280.948557497762
9.32,80,0,3958.47320128299,81.389184704321,3,1.00150657098899,0.951506570988986,295.189521598574,280.874769488139
9.33,80,0,3960.19278326598,81.4325502042987,3,1.00151114576595,0.951511145765949,295.110610310255,280.801034944
9.34,80,0,3961.91110670584,81.4758933119982,3,1.0015157185639,0.951515718563896,295.031756538871,280.727353822252
9.35,80,0,3963.62817263153,81.5192140374723,3,1.00152028938342,0.951520289383416,294.95296023767,280.653726079843
9.36,80,0,3965.343982071,81.5625123907705,3,1.0015248582251,0.951524858225099,294.874221359943,280.580151673756
9.37,80,0,3967.05853605129,81.6057883819392,3,1.00152942508954,0.951529425089537,294.795539859027,280.50663056102
9.38,80,0,3968.77183559845,81.6490420210215,3,1.00153398997732,0.951533989977317,294.716915688299,280.433162698696
9.39,80,0,3970.48388173755,81.692273318057,3,1.00153855288903,0.951538552889031,294.638348801181,280.35974804389
9.4,80,0,3972.19467549275,81.7354822830822,3,1.00154311382527,0.951543113825268,294.559839151139,280.286386553745
9.41,80,0,3973.9042178872,81.7786689261305,3,1.00154767278662,0.951547672786617,294.481386691681,280.213078185445
9.42,80,0,3975.61250994312,81.8218332572318,3,1.00155222977367,0.951552229773669,294.402991376359,280.139822896213
9.43,80,0,3977.31955268176,81.8649752864126,3,1.00155678478701,0.951556784787012,294.324653158767,280.066620643309
9.44,80,0,3979.02534712343,81.9080950236966,3,1.00156133782724,0.951561337827236,294.246371992543,279.993471384035
9.45,80,0,3980.72989428746,81.9511924791039,3,1.00156588889493,0.95156588889493,294.168147831369,279.920375075731
9.46,80,0,3982.43319519224,81.9942676626513,3,1.00157043799068,0.951570437990683,294.089980628965,279.847331675776
9.47,80,0,3984.13525085522,82.0373205843526,3,1.00157498511509,0.951574985115086,294.011870339101,279.774341141589
9.48,80,0,3985.83606229287,82.080351254218,3,1.00157953026873,0.951579530268726,293.933816915586,279.701403430627
9.49,80,0,3987.53563052073,82.1233596822548,3,1.00158407345219,0.951584073452193,293.855820312271,279.628518500386
9.5,80,0,3989.23395655338,82.1663458784667,3,1.00158861466608,0.951588614666075,293.777880483052,279.555686308403
9.51,80,0,3990.93104140446,82.2093098528544,3,1.00159315391096,0.951593153910963,293.699997381867,279.482906812252
9.52,80,0,3992.62688608664,82.2522516154151,3,1.00159769118744,0.951597691187444,293.622170962696,279.410179969546
9.53,80,0,3994.32149161168,82.2951711761431,3,1.00160222649611,0.951602226496107,293.544401179562,279.337505737938
9.54,80,0,3996.01485899037,82.338068545029,3,1.00160675983754,0.951606759837541,293.466687986533,279.264884075119
9.55,80,0,3997.70698923256,82.3809437320605,3,1.00161129121233,0.951611291212334,293.389031337714,279.192314938818
9.56,80,0,3999.39788334714,82.4237967472218,3,1.00161582062108,0.951615820621076,293.311431187257,279.119798286804
9.57,80,0,4001.08789653228,82.4666276129617,3,1.00162034394441,0.951620343944408,293.234235300289,279.047663852737
9.58,80,0,4002.7780044649,82.509436509356,3,1.00162484992997,0.951624849929974,293.158393097741,278.97681183735
9.59,80,0,4004.46779060121,82.5522236466096,3,1.00162934356851,0.951629343568514,293.083482524361,278.906842085432
9.6,80,0,4006.15692348127,82.5949891602898,3,1.00163382881165,0.95163382881165,293.009169761949,278.837438097486
9.61,80,0,4007.84519770478,82.6377331379713,3,1.00163830811181,0.951638308111806,292.935247797694,278.76840360051
9.62,80,0,4009.53248606111,82.6804556374613,3,1.00164278299182,0.951642782991817,292.861588185469,278.699616812223
9.63,80,0,4011.21870986145,82.7231566980941,3,1.00164725439783,0.951647254397828,292.788111182674,278.631002127318
9.64,80,0,4012.90382054263,82.7658363477341,3,1.00165172291805,0.951651722918049,292.714767253137,278.562512580004
9.65,80,0,4014.58778825445,82.8084946071204,3,1.00165618891843,0.951656188918427,292.641525604244,278.494118975809
9.66,80,0,4016.27059477612,82.851131492563,3,1.00166065262682,0.951660652626816,292.568367079742,278.425803153069
9.67,80,0,4017.95222911738,82.8937470176175,3,1.00166511418524,0.95166511418524,292.495279750953,278.357553802834
9.68,80,0,4019.6326847856,82.9363411941249,3,1.00166957368235,0.951669573682346,292.422256180564,278.289363874587
9.69,80,0,4021.31195808702,82.9789140328583,3,1.00167403117357,0.951674031173571,292.349291723635,278.22122896537
9.7,80,0,4022.99004707037,83.0214655439252,3,1.00167848669368,0.951678486693681,292.276383472139,278.153146319067
9.71,80,0,4024.66695086953,83.0639957370174,3,1.00168294026457,0.951682940264568,292.203529598961,278.085114204424
9.72,80,0,4026.34266929442,83.1065046215666,3,1.0016873919001,0.951687391900102,292.130728949989,278.017131528291
9.73,80,0,4028.01720257621,83.1489922068416,3,1.00169184160915,0.951691841609154,292.057980790338,277.949197595007
9.74,80,0,4029.69055120852,83.1914585020087,3,1.00169628939748,0.951696289397477,291.9852846464,277.881311956645
9.75,80,0,4031.36271584848,83.2339035161692,3,1.00170073526888,0.951700735268878,291.912640207488,277.813474319746
9.76,80,0,4033.03369725504,83.276327258383,3,1.00170517922595,0.951705179225949,291.840047264553,277.745684487221
9.77,80,0,4034.70349625037,83.3187297376831,3,1.00170962127052,0.951709621270524,291.767505671992,277.677942322137
9.78,80,0,4036.37211369593,83.361110963085,3,1.00171406140396,0.951714061403963,291.695015323829,277.610247725132
9.79,80,0,4038.03955047736,83.4034709435924,3,1.00171849962733,0.951718499627328,291.622576138854,277.542600620327
9.8,80,0,4039.70580749518,83.4458096882002,3,1.0017229359415,0.951722935941499,291.550188051353,277.47500094653
9.81,80,0,4041.37088565888,83.4881272058977,3,1.00172737034724,0.951727370347237,291.477851005308,277.407448651746
9.82,80,0,4043.03478588324,83.5304235056692,3,1.00173180284523,0.951731802845231,291.405564950784,277.339943689743
9.83,80,0,4044.69750908609,83.5726985964951,3,1.00173623343612,0.951736233436125,291.333329841663,277.272486017908
9.84,80,0,4046.35905618682,83.6149524873526,3,1.00174066212053,0.951740662120535,291.261145634232,277.20507559591
9.85,80,0,4048.01942810552,83.657185187216,3,1.00174508889906,0.951745088899058,291.189012286299,277.137712384852
9.86,80,0,4049.67862576238,83.6993967050566,3,1.00174951377228,0.95174951377228,291.116929756635,277.070396346756
9.87,80,0,4051.3366500774,83.7415870498432,3,1.00175393674078,0.95175393674078,291.04489800463,277.003127444226
9.88,80,0,4052.99350197008,83.7837562305423,3,1.00175835780513,0.951758357805134,290.972916990077,276.935905640245
9.89,80,0,4054.64918235935,83.8259042561176,3,1.00176277696591,0.951762776965912,290.90098667303,276.868730898047
9.9,80,0,4056.30369216347,83.8680311355305,3,1.00176719422368,0.951767194223684,290.829107013725,276.801603181033
9.91,80,0,4057.95703229997,83.9101368777399,3,1.00177160957902,0.951771609579021,290.757277972522,276.734522452722
9.92,80,0,4059.6092036856,83.9522214917023,3,1.00177602303249,0.951776023032488,290.685499509876,276.667488676722
9.93,80,0,4061.26020723634,83.9942849863719,3,1.00178043458465,0.951780434584655,290.61377158631,276.600501816703
9.94,80,0,4062.91004386736,84.0363273707003,3,1.00178484423609,0.951784844236088,290.542094162403,276.53356183639
9.95,80,0,4064.55871449303,84.078348653637,3,1.00178925198735,0.951789251987354,290.470467198788,276.466668699552
9.96,80,0,4066.20622002693,84.1203488441287,3,1.00179365783902,0.95179365783902,290.398890656139,276.39982237
9.97,80,0,4067.85256138178,84.16232795112,3,1.00179806179165,0.951798061791654,290.327364495169,276.333022811581
9.98,80,0,4069.49773946954,84.2042859835532,3,1.00180246384582,0.951802463845821,290.255888676632,276.266269988176
9.99,80,0,4071.14175520131,84.2462229503678,3,1.00180686400209,0.951806864002087,290.184463161317,276.199563863702
10,80,0,4072.78460948742,84.2881388605012,3,1.00181126226102,0.951811262261021,290.113087910052,276.132904402109
10.01,80,0,4074.42630323735,84.3300337228883,3,1.00181565862319,0.951815658623187,290.041762883698,276.066291567377
10.02,80,0,4076.06683735977,84.3719075464618,3,1.00182005308915,0.951820053089152,289.970488043151,275.999725323519
10.03,80,0,4077.70621276257,84.4137603401517,3,1.00182444565948,0.951824445659482,289.899263349345,275.933205634582
10.04,80,0,4079.34443035279,84.4555921128859,3,1.00182883633474,0.951828836334745,289.828088763245,275.866732464643
10.05,80,0,4080.98149103669,84.4974028735896,3,1.0018332251155,0.951833225115504,289.756964245854,275.800305777809
10.06,80,0,4082.61739571968,84.5391926311859,3,1.00183761200233,0.951837612002328,289.685889758209,275.733925538223
10.07,80,0,4084.25214530641,84.5809613945953,3,1.00184199699578,0.951841996995781,289.614865261379,275.667591710055
10.08,80,0,4085.88574070068,84.622709172736,3,1.00184638009643,0.95184638009643,289.543890716471,275.601304257509
10.09,80,0,4087.5181828055,84.6644359745237,3,1.00185076130484,0.951850761304841,289.472966084624,275.535063144819
10.1,80,0,4089.14947252308,84.7061418088719,3,1.00185514062158,0.951855140621579,289.402091327013,275.468868336253
10.11,80,0,4090.77961075482,84.7478266846915,3,1.00185951804721,0.95185951804721,289.331266404845,275.402719796105
10.12,80,0,4092.40859840129,84.7894906108911,3,1.0018638935823,0.9518638935823,289.260491279365,275.336617488705
10.13,80,0,4094.0364363623,84.831133596377,3,1.00186826722742,0.951868267227415,289.189765911849,275.270561378413
10.14,80,0,4095.66312553682,84.8727556500529,3,1.00187263898312,0.95187263898312,289.119090263609,275.20455142962
10.15,80,0,4097.28866682303,84.9143567808202,3,1.00187700884998,0.951877008849981,289.048464295991,275.138587606748
10.16,80,0,4098.91306111832,84.9559369975779,3,1.00188137682856,0.951881376828563,288.977887970375,275.072669874251
10.17,80,0,4100.53630931926,84.9974963092226,3,1.00188574291943,0.951885742919431,288.907361248174,275.006798196611
10.18,80,0,4102.15841232163,85.0390347246485,3,1.00189010712315,0.951890107123152,288.836884090838,274.940972538345
10.19,80,0,4103.77937102042,85.0805522527475,3,1.00189446944029,0.95189446944029,288.766456459849,274.875192864
10.2,80,0,4105.39918630979,85.122048902409,3,1.00189882987141,0.951898829871411,288.696078316721,274.809459138152
10.21,80,0,4107.01785908313,85.1635246825198,3,1.00190318841708,0.951903188417079,288.625749623008,274.743771325411
10.22,80,0,4108.63539023304,85.2049796019648,3,1.00190754507786,0.951907545077861,288.555470340292,274.678129390415
10.23,80,0,4110.2517806513,85.2464136696261,3,1.00191189985432,0.951911899854321,288.485240430191,274.612533297834
10.24,80,0,4111.86703122891,85.2878268943834,3,1.00191625274702,0.951916252747024,288.41505985436,274.54698301237
10.25,80,0,4113.48114285607,85.3292192851143,3,1.00192060375653,0.951920603756535,288.34492857448,274.481478498754
10.26,80,0,4115.09411642219,85.3705908506938,3,1.00192495288342,0.951924952883419,288.274846552276,274.41601972175
10.27,80,0,4116.7059528159,85.4119415999944,3,1.00192930012824,0.951929300128241,288.204813749499,274.35060664615
10.28,80,0,4118.31665292501,85.4532715418864,3,1.00193364549157,0.951933645491567,288.134830127937,274.28523923678
10.29,80,0,4119.92621763655,85.4945806852376,3,1.00193798897396,0.951937988973959,288.064895649411,274.219917458494
10.3,80,0,4121.53464783679,85.5358690389134,3,1.00194233057598,0.951942330575984,287.995010275777,274.154641276178
10.31,80,0,4123.14194441117,85.5771366117769,3,1.00194667029821,0.951946670298207,287.925173968921,274.089410654747
10.32,80,0,4124.74810824435,85.6183834126887,3,1.00195100814119,0.951951008141191,287.855386690767,274.024225559148
10.33,80,0,4126.35314022023,85.6596094505069,3,1.0019553441055,0.951955344105501,287.785648403271,273.959085954361
10.34,80,0,4127.95704122189,85.7008147340875,3,1.0019596781917,0.951959678191701,287.715959068421,273.893991805391
10.35,80,0,4129.55981213165,85.7419992722838,3,1.00196401040036,0.951964010400357,287.64631864824,273.828943077278
10.36,80,0,4131.16145383103,85.7831630739469,3,1.00196834073203,0.951968340732033,287.576727104785,273.763939735091
10.37,80,0,4132.76196720077,85.8243061479253,3,1.00197266918729,0.951972669187293,287.507184400145,273.698981743929
10.38,80,0,4134.36135312083,85.8654285030653,3,1.0019769957667,0.951976995766701,287.437690496444,273.634069068923
10.39,80,0,4135.95961247038,85.9065301482107,3,1.00198132047082,0.951981320470821,287.368245355836,273.569201675232
10.4,80,0,4137.55674612782,85.9476110922029,3,1.00198564330022,0.951985643300219,287.298848940514,273.504379528048
10.41,80,0,4139.15275497076,85.988671343881,3,1.00198996425546,0.951989964255457,287.229501212699,273.43960259259
10.42,80,0,4140.74763987604,86.0297109120814,3,1.0019942833371,0.9519942833371,287.160202134647,273.37487083411
10.43,80,0,4142.3414017197,86.0707298056386,3,1.00199860054571,0.951998600545712,287.090951668649,273.310184217891
10.44,80,0,4143.93404137703,86.1117280333841,3,1.00200291588186,0.952002915881857,287.021749777028,273.245542709243
10.45,80,0,4145.52555972252,86.1527056041475,3,1.0020072293461,0.952007229346099,286.952596422138,273.180946273509
10.46,80,0,4147.1159576299,86.1936625267557,3,1.002011540939,0.952011540939002,286.883491566369,273.11639487606
10.47,80,0,4148.70523597212,86.2345988100334,3,1.00201585066113,0.95201585066113,286.814435172145,273.051888482301
10.48,80,0,4150.29339562134,86.2755144628027,3,1.00202015851305,0.952020158513046,286.745427201919,272.987427057662
10.49,80,0,4151.88043744897,86.3164094938834,3,1.00202446449531,0.952024464495315,286.676467618179,272.923010567605
10.5,80,0,4153.46636232563,86.3572839120929,3,1.0020287686085,0.952028768608499,286.607556383448,272.858638977625
10.51,80,0,4155.05117112117,86.3981377262461,3,1.00203307085316,0.952033070853163,286.538693460279,272.794312253242
10.52,80,0,4156.63486470468,86.4389709451557,3,1.00203737122987,0.95203737122987,286.46987881126,272.730030360011
10.53,80,0,4158.21744394447,86.4797835776319,3,1.00204166973918,0.952041669739184,286.401112399009,272.665793263512
10.54,80,0,4159.79890970807,86.5205756324823,3,1.00204596638167,0.952045966381668,286.332394186181,272.601600929359
10.55,80,0,4161.37926286226,86.5613471185124,3,1.00205026115789,0.952050261157886,286.26372413546,272.537453323194
10.56,80,0,4162.95850427305,86.6020980445251,3,1.0020545540684,0.952054554068401,286.195102209567,272.47335041069
10.57,80,0,4164.53663480566,86.6428284193209,3,1.00205884511378,0.952058845113776,286.126528371252,272.409292157548
10.58,80,0,4166.11365532457,86.6835382516981,3,1.00206313429458,0.952063134294575,286.058002583297,272.3452785295
10.59,80,0,4167.68956669349,86.7242275504523,3,1.00206742161136,0.952067421611361,285.989524808521,272.281309492307
10.6,80,0,4169.26436977534,86.7648963243769,3,1.0020717070647,0.952071707064697,285.921095009772,272.217385011761
10.61,80,0,4170.83806543231,86.8055445822628,3,1.00207599065515,0.952075990655147,285.852713149932,272.153505053683
10.62,80,0,4172.41065452581,86.8461723328986,3,1.00208027238327,0.952080272383272,285.784379191916,272.089669583924
10.63,80,0,4173.98213791648,86.8867795850702,3,1.00208455224964,0.952084552249638,285.716093098672,272.025878568365
10.64,80,0,4175.55251646421,86.9273663475616,3,1.00208883025481,0.952088830254805,285.647854833177,271.962131972914
10.65,80,0,4177.12179102813,86.9679326291539,3,1.00209310639934,0.952093106399338,285.579664358445,271.898429763512
10.66,80,0,4178.6899624666,87.0084784386261,3,1.0020973806838,0.9520973806838,285.511521637519,271.834771906128
10.67,80,0,4180.25703163724,87.0490037847547,3,1.00210165310875,0.952101653108752,285.443426633477,271.771158366761
10.68,80,0,4181.82299939687,87.0895086763136,3,1.00210592367476,0.952105923674759,285.375379309429,271.707589111438
10.69,80,0,4183.3878666016,87.1299931220747,3,1.00211019238238,0.952110192382382,285.307379628513,271.644064106217
10.7,80,0,4184.95163410676,87.1704571308072,3,1.00211445923219,0.952114459232185,285.239427553907,271.580583317186
10.71,80,0,4186.51430276693,87.2109007112778,3,1.00211872422473,0.95211872422473,285.171523048814,271.517146710461
10.72,80,0,4188.07587343592,87.2513238722512,3,1.00212298736058,0.95212298736058,285.103666076475,271.453754252187
10.73,80,0,4189.63634696681,87.2917266224893,3,1.0021272486403,0.952127248640298,285.03585660016,271.39040590854
10.74,80,0,4191.1957242119,87.3321089707517,3,1.00213150806444,0.952131508064445,284.96809458317,271.327101645725
10.75,80,0,4192.75400602275,87.3724709257958,3,1.00213576563358,0.952135765633584,284.900379988842,271.263841429975
10.76,80,0,4194.31119325018,87.4128124963762,3,1.00214002134828,0.952140021348279,284.832712780542,271.200625227553
10.77,80,0,4195.86728674423,87.4531336912454,3,1.00214427520909,0.952144275209091,284.765092921669,271.137453004752
10.78,80,0,4197.42228735422,87.4934345191534,3,1.00214852721658,0.952148527216582,284.697520375655,271.074324727893
10.79,80,0,4198.9761959287,87.5337149888478,3,1.00215277737132,0.952152777371315,284.629995105963,271.011240363327
10.8,80,0,4200.52901331547,87.5739751090738,3,1.00215702567385,0.952157025673853,284.562517076088,270.948199877433
10.81,80,0,4202.0807403616,87.6142148885741,3,1.00216127212476,0.952161272124756,284.495086249557,270.88520323662
10.82,80,0,4203.63137791339,87.654434336089,3,1.00216551672459,0.952165516724589,284.427702589928,270.822250407327
10.83,80,0,4205.18092681641,87.6946334603566,3,1.00216975947391,0.952169759473912,284.360366060794,270.75934135602
10.84,80,0,4206.72938791548,87.7348122701123,3,1.00217400037329,0.952174000373287,284.293076625777,270.696476049196
10.85,80,0,4208.27676205467,87.7749707740894,3,1.00217823942328,0.952178239423278,284.225834248531,270.633654453378
10.86,80,0,4209.8230500773,87.8151089810184,3,1.00218247662445,0.952182476624445,284.158638892743,270.570876535123
10.87,80,0,4211.36825282597,87.8552268996278,3,1.00218671197735,0.952186711977351,284.091490522131,270.508142261013
10.88,80,0,4212.91237114251,87.8953245386433,3,1.00219094548256,0.952190945482557,284.024389100444,270.445451597657
10.89,80,0,4214.45540586803,87.9354019067884,3,1.00219517714063,0.952195177140627,283.957334591465,270.3828045117
10.9,80,0,4215.99735784288,87.9754590127844,3,1.00219940695212,0.95219940695212,283.890326959006,270.320200969809
10.91,80,0,4217.53822790668,88.0154958653496,3,1.0022036349176,0.952203634917599,283.823366166912,270.257640938682
10.92,80,0,4219.07801689831,88.0555124732006,3,1.00220786103763,0.952207861037626,283.756452179059,270.195124385047
10.93,80,0,4220.61672565591,88.0955088450509,3,1.00221208531276,0.952212085312762,283.689584959356,270.13265127566
10.94,80,0,4222.15435501688,88.1354849896122,3,1.00221630774357,0.95221630774357,283.622764471741,270.070221577305
10.95,80,0,4223.69090581789,88.1754409155933,3,1.00222052833061,0.95222052833061,283.555990680185,270.007835256796
10.96,80,0,4225.22637889486,88.2153766317008,3,1.00222474707444,0.952224747074444,283.489263548692,269.945492280974
10.97,80,0,4226.76077508299,88.255292146639,3,1.00222896397563,0.952228963975634,283.422583041295,269.88319261671
10.98,80,0,4228.29409521672,88.2951874691096,3,1.00223317903474,0.952233179034741,283.355949122058,269.820936230904
10.99,80,0,4229.82634012979,88.3350626078119,3,1.00223739225233,0.952237392252327,283.28936175508,269.758723090484
11,80,0,4231.35751065518,88.3749175714429,3,1.00224160362895,0.952241603628953,283.222820904488,269.696553162405
11.01,80,0,4232.88760762515,88.4147523686972,3,1.00224581316518,0.952245813165179,283.156326534439,269.634426413652
11.02,80,0,4234.41663187122,88.4545670082666,3,1.00225002086157,0.952250020861569,283.089878609126,269.572342811239
11.03,80,0,4235.94458422418,88.4943614988411,3,1.00225422671868,0.952254226718682,283.023477092769,269.510302322208
11.04,80,0,4237.4714655141,88.5341358491078,3,1.00225843073708,0.95225843073708,282.957121949622,269.448304913628
11.05,80,0,4238.99727657031,88.5738900677517,3,1.00226263291732,0.952262632917325,282.890813143969,269.386350552599
11.06,80,0,4240.52201822141,88.6136241634551,3,1.00226683325998,0.952266833259976,282.824550640123,269.324439206246
11.07,80,0,4242.04569129527,88.6533381448981,3,1.0022710317656,0.952271031765596,282.758334402433,269.262570841726
11.08,80,0,4243.56829661905,88.6930320207583,3,1.00227522843475,0.952275228434746,282.692164395275,269.200745426223
11.09,80,0,4245.08983501916,88.7327057997109,3,1.00227942326799,0.952279423267985,282.626040583058,269.138962926948
11.1,80,0,4246.6103073213,88.7723594904287,3,1.00228361626588,0.952283616265876,282.55996293022,269.077223311142
11.11,80,0,4248.12971435044,88.811993101582,3,1.00228780742898,0.952287807428979,282.493931401234,269.015526546073
11.12,80,0,4249.64805693083,88.8516066418388,3,1.00229199675786,0.952291996757856,282.427945960598,268.953872599038
11.13,80,0,4251.16533588598,88.8912001198647,3,1.00229618425307,0.952296184253066,282.362006572847,268.892261437361
11.14,80,0,4252.6815520387,88.9307735443226,3,1.00230036991517,0.952300369915171,282.296113202542,268.830693028396
11.15,80,0,4254.19670621106,88.9703269238734,3,1.00230455374473,0.952304553744731,282.230265814278,268.769167339523
11.16,80,0,4255.71079922442,89.0098602671752,3,1.00230873574231,0.952308735742307,282.16446437268,268.707684338152
11.17,80,0,4257.22383189941,89.0493735828841,3,1.00231291590846,0.95231291590846,282.098708842403,268.64624399172
11.18,80,0,4258.73580505594,89.0888668796533,3,1.00231709424375,0.952317094243751,282.032999188133,268.584846267693
11.19,80,0,4260.24671951322,89.1283401661339,3,1.00232127074874,0.952321270748739,281.967335374589,268.523491133564
11.2,80,0,4261.75657608971,89.1677934509746,3,1.00232544542399,0.952325445423986,281.901717366516,268.462178556854
11.21,80,0,4263.26537560318,89.2072267428214,3,1.00232961827005,0.952329618270052,281.836145128693,268.400908505111
11.22,80,0,4264.77311887067,89.2466400503182,3,1.0023337892875,0.952333789287497,281.77061862593,268.339680945914
11.23,80,0,4266.27980670851,89.2860333821064,3,1.00233795847688,0.952337958476883,281.705137823066,268.278495846867
11.24,80,0,4267.7854399323,89.3254067468248,3,1.00234212583877,0.952342125838768,281.63970268497,268.217353175603
11.25,80,0,4269.29001935694,89.3647601531099,3,1.00234629137371,0.952346291373714,281.574313176545,268.156252899784
11.26,80,0,4270.79354579661,89.4040936095959,3,1.00235045508228,0.952350455082281,281.50896926272,268.095194987095
11.27,80,0,4272.29602006479,89.4434071249144,3,1.00235461696503,0.952354616965029,281.443670908459,268.034179405257
11.28,80,0,4273.79744297422,89.4827007076946,3,1.00235877702252,0.952358777022519,281.378418078751,267.97320612201
11.29,80,0,4275.29781533696,89.5219743665635,3,1.00236293525531,0.952362935255309,281.313210738621,267.912275105129
11.3,80,0,4276.79713796433,89.5612281101453,3,1.00236709166396,0.952367091663962,281.248048853122,267.851386322412
11.31,80,0,4278.29541166696,89.6004619470621,3,1.00237124624904,0.952371246249036,281.182932387336,267.790539741685
11.32,80,0,4279.79263725476,89.6396758859334,3,1.00237539901109,0.952375399011092,281.117861306376,267.729735330804
11.33,80,0,4281.28881553693,89.6788699353764,3,1.00237954995069,0.952379549950689,281.052835575386,267.668973057651
11.34,80,0,4282.78394732198,89.7180441040058,3,1.00238369906839,0.952383699068389,280.987855159542,267.608252890138
11.35,80,0,4284.27803341769,89.7571984004339,3,1.00238784636475,0.95238784636475,280.922920024047,267.547574796199
11.36,80,0,4285.77107463114,89.7963328332706,3,1.00239199184033,0.952391991840333,280.858030134136,267.486938743801
11.37,80,0,4287.26307176871,89.8354474111233,3,1.0023961354957,0.952396135495697,280.793185455072,267.426344700937
11.38,80,0,4288.75402563608,89.8745421425971,3,1.0024002773314,0.952400277331402,280.728385952152,267.365792635626
11.39,80,0,4290.2439370382,89.9136170362945,3,1.00240441734801,0.952404417348008,280.6636315907,267.305282515916
11.4,80,0,4291.73280677934,89.9526721008158,3,1.00240855554608,0.952408555546076,280.598922336071,267.244814309883
11.41,80,0,4293.22063566306,89.9917073447587,3,1.00241269192616,0.952412691926163,280.534258153651,267.184387985628
11.42,80,0,4294.70742449222,90.0307227767185,3,1.00241682648883,0.952416826488831,280.469639008852,267.124003511279
11.43,80,0,4296.19317406898,90.0697184052883,3,1.00242095923464,0.952420959234639,280.405064867122,267.063660854995
11.44,80,0,4297.67788519479,90.1086942390584,3,1.00242509016415,0.952425090164146,280.340535693934,267.00335998496
11.45,80,0,4299.1615586704,90.147650286617,3,1.00242921927791,0.952429219277912,280.276051454794,266.943100869386
11.46,80,0,4300.64419529588,90.1865865565496,3,1.0024333465765,0.952433346576496,280.211612115237,266.88288347651
11.47,80,0,4302.12579587057,90.2255030574396,3,1.00243747206046,0.952437472060458,280.147217640827,266.8227077746
11.48,80,0,4303.60636119315,90.2643997978676,3,1.00244159573036,0.952441595730357,280.082867997159,266.762573731949
11.49,80,0,4305.08589206156,90.3032767864121,3,1.00244571758675,0.952445717586754,280.018563149857,266.702481316877
11.5,80,0,4306.56438927308,90.342134031649,3,1.00244983763021,0.952449837630206,279.954303064574,266.642430497731
11.51,80,0,4308.04185362427,90.3809715421518,3,1.00245395586127,0.952453955861273,279.890087706994,266.582421242886
11.52,80,0,4309.51828591102,90.4197893264917,4,1.34299743704882,1.29299743704882,842.103266714091,1088.83736559176
11.53,80,0,4084.77291593689,90.5355572287892,4,1.28685170916921,1.23685170916921,729.259562139241,901.985935859907
11.54,80,0,3908.22814652782,90.6308150732035,4,1.23785995915657,1.18785995915657,644.845690347971,765.986375399035
11.55,80,0,3769.26566208515,90.7106626951964,4,1.19546465770315,1.14546465770315,579.216109142224,663.471582194748
11.56,80,0,3658.84910276028,90.7791236020848,4,1.15941595204332,1.10941595204332,530.057806113006,588.054585606856
11.57,80,0,3570.04557957283,90.8391059298432,4,1.12873886252282,1.07873886252282,492.407226168569,531.178811055098
11.58,80,0,3497.06681543111,90.8925976229379,4,1.10230403671145,1.05230403671145,462.705783588271,486.907163879672
11.59,80,0,3436.6963740786,90.9408987982341,4,1.07919518541501,1.02919518541501,437.218235818065,449.982903279598
11.6,80,0,3387.90182110594,90.9845557892572,4,1.05651721195903,1.00651721195903,413.39879562445,416.093003199144
11.61,80,0,3348.70448965754,91.0244271010527,4,1.03927621595681,0.989276215956812,394.954745988681,390.719336585866
11.62,80,0,3317.32591396204,91.0613881676371,4,1.02688287231046,0.976882872310458,379.580291995468,370.805485916975
11.63,80,0,3292.60469316847,91.0959557835016,4,1.01626914131481,0.966269141314811,366.195731487933,353.843635017994
11.64,80,0,3273.27770674849,91.1286264532916,4,1.00935948244497,0.959359482444971,356.059718632639,341.58926738691
11.65,80,0,3258.04701745116,91.1599515155356,4,1.00507910456925,0.955079104569245,348.268766328772,332.62422149472
11.66,80,0,3246.01466500478,91.1902427844966,4,1.002,0.952,341.922781540478,325.510488026535
11.67,80,0,3236.94429323077,91.2196779644201,4,1.002,0.952,335.678706512432,319.566128599835
11.68,80,0,3230.34105440496,91.2484472415449,4,1.002,0.952,331.094652509155,315.202109188715
11.69,80,0,3225.5559244264,91.2767241936764,4,1.002,0.952,327.702633845424,311.972907420843
11.7,80,0,3222.11969475677,91.3046342776334,4,1.002,0.952,325.177836919956,309.569300747798
11.71,80,0,3219.68927855391,91.3322692106986,4,1.002,0.952,323.290144336105,307.772217407972
11.72,80,0,3218.01166542693,91.3596966202816,4,1.002,0.952,321.873946351177,306.423996926321
11.73,80,0,3216.89884548971,91.3869667257463,4,1.00199567287293,0.951995672872928,320.811571911776,305.411228267573
11.74,80,0,3216.20321980927,91.4141179192651,4,1.00195100019794,0.951951000197936,320.035401015732,304.658020095674
11.75,80,0,3215.81840891784,91.4411780894662,4,1.00191481264786,0.951914812647863,319.443973126448,304.083449830151
11.76,80,0,3215.67011140294,91.468167394122,4,1.00188509172956,0.951885091729557,318.992632116119,303.644330882905
11.77,80,0,3215.7019355551,91.4951011309266,4,1.00186030223981,0.951860302239811,318.647698804086,303.308094891677
11.78,80,0,3215.87101759323,91.5219909270494,4,1.00183927539007,0.951839275390071,318.383698389937,303.050108771488
11.79,80,0,3216.14473826314,91.5488456303118,4,1.00182112066419,0.951821120664187,318.181318365273,302.851699020843
11.8,80,0,3216.498251784,91.5756719797605,4,1.00180515915439,0.951805159154394,318.025892358633,302.698685091627
11.81,80,0,3216.91261989816,91.6024751119656,4,1.00179087303014,0.951790873030135,317.906267354934,302.580283747504
11.82,80,0,3217.3733991771,91.6292589442931,4,1.00177786717006,0.951777867170062,317.813953172442,302.488286507353
11.83,80,0,3217.86956932557,91.6560264656375,4,1.0017658399909,0.9517658399909,317.742481410859,302.416439720799
11.84,80,0,3218.39271890184,91.6827799573078,4,1.00175456124585,0.951754561245853,317.686920836397,302.359975954191
11.85,80,0,3218.93642587188,91.7095211610523,4,1.00174385511384,0.951743855113845,317.643510177669,302.315258928388
11.86,80,0,3219.49578593299,91.7362514069953,4,1.0017335873106,0.951733587310601,317.609379384769,302.27951400536
11.87,80,0,3220.06705308984,91.7629717111235,4,1.0017236552602,0.951723655260196,317.582337743244,302.250623323078
11.88,80,0,3220.64736560839,91.7896828496132,4,1.00171398059735,0.951713980597355,317.560712632118,302.226969900446
11.89,80,0,3221.23453697008,91.8163854155258,4,1.00170450344597,0.95170450344597,317.543226716481,302.20731890484
11.9,80,0,3221.82689634979,91.8430798620725,4,1.0016951780519,0.951695178051896,317.528904350375,302.190727162353
11.91,80,0,3222.42316684868,91.8697665356371,4,1.00168596944873,0.951685969448735,317.517000204366,302.176474155946
11.92,80,0,3223.02237252335,91.8964457009901,4,1.00167685091182,0.951676850911823,317.506944817525,302.164009386576
11.93,80,0,3223.62376738674,91.9231175605434,4,1.00166780201378,0.951667802013779,317.498303046437,302.152912203307
11.94,80,0,3224.22678117882,91.9497822690565,4,1.00165880713927,0.951658807139272,317.490742347574,302.142861140255
11.95,80,0,3224.83097794004,91.9764399448707,4,1.00164985435044,0.951649854350435,317.484008560352,302.133610505052
11.96,80,0,3225.4360243606,92.0030906784931,4,1.00164093452003,0.951640934520027,317.477907413545,302.124972500489
11.97,80,0,3226.04166559608,92.0297345391541,4,1.00163204066911,0.951632040669108,317.472290400124,302.116803569366
11.98,80,0,3226.64770678601,92.0563715798195,4,1.00162316746092,0.951623167460922,317.467043987117,302.108993963476
11.99,80,0,3227.25399892928,92.083001841021,4,1.00161431081411,0.951614310814108,317.462081372041,302.101459774468
12,80,0,3227.86042808823,92.1096253537832,4,1.0016054676071,0.951605467607096,317.457336184198,302.094136844867
12.01,80,0,3228.46690713635,92.1362421418621,4,1.00159663545215,0.951596635452149,317.452757671487,302.086976115193
12.02,80,0,3229.07336944973,92.162852223455,4,1.00158781252266,0.951587812522659,317.448307022048,302.079940068132
12.03,80,0,3229.67976408401,92.189455612509,4,1.0015789974211,0.951578997421102,317.443954552912,302.07300001085
12.04,80,0,3230.28605208681,92.2160523197203,4,1.0015701890781,0.951570189078103,317.439677561124,302.066133997731
12.05,80,0,3230.89220367806,92.2426423532994,4,1.00156138667526,0.951561386675255,317.435458681093,302.059325242476
12.06,80,0,3231.49819609385,92.2692257195554,4,1.00155258958611,0.951552589586109,317.431284628817,302.052560904196
12.07,80,0,3232.10401193745,92.2958024233432,4,1.00154379733104,0.951543797331044,317.427145241801,302.045831159337
12.08,80,0,3232.70963791824,92.3223724684054,4,1.00153500954276,0.951535009542763,317.423032744972,302.039128492079
12.09,80,0,3233.3150638871,92.348935857634,4,1.00152622593989,0.951526225939894,317.418941189363,302.032447151751
12.1,80,0,3233.92028209861,92.3754925932702,4,1.00151744630681,0.951517446306809,317.414866022871,302.0257827379
12.11,80,0,3234.52528664665,92.4020426770578,4,1.00150867047818,0.95150867047818,317.410803761986,302.019131882978
12.12,80,0,3235.13007303258,92.4285861103597,4,1.00149989832717,0.951499898327171,317.406751740723,302.012492009655
12.13,80,0,3235.73463783493,92.4551228942483,4,1.0014911297564,0.951491129756397,317.402707918586,302.005861145195
12.14,80,0,3236.33897845661,92.4816530295731,4,1.00148236469102,0.951482364691018,317.398670733678,301.999237779466
12.15,80,0,3236.94309293154,92.508176517014,4,1.00147360307344,0.951473603073441,317.39463899033,301.992620756323
12.16,80,0,3237.54697977661,92.5346933571206,4,1.00146484485928,0.951464844859282,317.390611773131,301.986009190515
12.17,80,0,3238.15063787841,92.5612035503438,4,1.00145609001426,0.951456090014261,317.38658838116,301.979402404104
12.18,80,0,3238.75406640659,92.5877070970585,4,1.00144733851184,0.95144733851184,317.382568277657,301.972799877829
12.19,80,0,3239.35726474748,92.6142039975821,4,1.0014385903314,0.9514385903314,317.378551051517,301.966201213878
12.2,80,0,3239.96023245328,92.6406942521879,4,1.00142984545686,0.951429845456861,317.374536387819,301.959606107406
12.21,80,0,3240.56296920324,92.6671778611161,4,1.00142110387561,0.951421103875615,317.370524045274,301.953014324737
12.22,80,0,3241.16547477383,92.6936548245813,4,1.00141236557771,0.951412365577712,317.366513838966,301.946425686682
12.23,80,0,3241.76774901601,92.7201251427793,4,1.00140363055524,0.95140363055524,317.362505627137,301.939840055766
12.24,80,0,3242.36979183775,92.7465888158914,4,1.00139489880185,0.951394898801846,317.358499301078,301.933257326455
12.25,80,0,3242.97160319068,92.7730458440879,4,1.00138617031237,0.951386170312372,317.354494777386,301.926677417675
12.26,80,0,3243.57318305986,92.7994962275315,4,1.00137744508258,0.951377445082577,317.350491992035,301.920100267081
12.27,80,0,3244.17453145595,92.8259399663787,4,1.00136872310892,0.951368723108919,317.346490895842,301.913525826673
12.28,80,0,3244.77564840918,92.8523770607819,4,1.00136000438839,0.951360004388394,317.34249145099,301.906954059437
12.29,80,0,3245.37653396482,92.8788075108906,4,1.00135128891841,0.95135128891841,317.33849362837,301.900384936776
12.3,80,0,3245.97718817958,92.9052313168519,4,1.00134257669669,0.951342576696691,317.334497405541,301.893818436537
12.31,80,0,3246.57761111898,92.9316484788121,4,1.0013338677212,0.951333867721202,317.330502765173,301.887254541506
12.32,80,0,3247.17780285523,92.9580589969163,4,1.0013251619901,0.951325161990096,317.326509693848,301.880693238252
12.33,80,0,3247.7777634657,92.9844628713094,4,1.00131645950167,0.951316459501666,317.322518181149,301.874134516244
12.34,80,0,3248.37749303166,93.0108601021365,4,1.00130776025432,0.951307760254315,317.318528218956,301.867578367171
12.35,80,0,3248.97699163738,93.0372506895427,4,1.00129906424653,0.951299064246531,317.31453980091,301.861024784424
12.36,80,0,3249.57625936941,93.0636346336736,4,1.00129037147686,0.951290371476865,317.310552922001,301.8544737627
12.37,80,0,3250.17529631604,93.0900119346756,4,1.00128168194392,0.951281681943918,317.306567578255,301.847925297694
12.38,80,0,3250.77410256686,93.1163825926954,4,1.00127299564633,0.95127299564633,317.302583766489,301.841379385869
12.39,80,0,3251.37267821246,93.1427466078809,4,1.00126431258277,0.95126431258277,317.298601484128,301.834836024273
12.4,80,0,3251.9710233442,93.1691039803806,4,1.00125563275193,0.951255632751929,317.294620729064,301.828295210409
12.41,80,0,3252.56913805397,93.1954547103441,4,1.00124695615252,0.951246956152517,317.290641499545,301.821756942122
12.42,80,0,3253.1670224341,93.2217987979217,4,1.00123828278326,0.951238282783256,317.286663794093,301.815221217522
12.43,80,0,3253.76467657723,93.2481362432649,4,1.00122961264288,0.951229612642881,317.282687611442,301.808688034924
12.44,80,0,3254.36210057619,93.2744670465262,4,1.00122094573013,0.951220945730133,317.278712950483,301.802157392798
12.45,80,0,3254.95929452401,93.3007912078588,4,1.00121228204376,0.951212282043761,317.274739810235,301.795629289734
12.46,80,0,3255.55625851379,93.3271087274174,4,1.00120362158252,0.951203621582519,317.270768189809,301.789103724414
12.47,80,0,3256.15299263872,93.3534196053574,4,1.00119496434516,0.951194964345163,317.266798088391,301.782580695591
12.48,80,0,3256.74949699203,93.3797238418353,4,1.00118631033046,0.951186310330456,317.26282950522,301.776060202071
12.49,80,0,3257.34577166695,93.4060214370088,4,1.00117765953716,0.951177659537162,317.258862439581,301.769542242703
12.5,80,0,3257.94181675673,93.4323123910365,4,1.00116901196405,0.951169011964045,317.254896890791,301.763026816369
12.51,80,0,3258.53763235459,93.4585967040781,4,1.00116036760988,0.951160367609876,317.25093285819,301.756513921973
12.52,80,0,3259.13321855375,93.4848743762944,4,1.00115172647342,0.951151726473423,317.246970341142,301.75000355844
12.53,80,0,3259.72857544736,93.5111454078472,4,1.00114308855346,0.951143088553457,317.243009339023,301.743495724711
12.54,80,0,3260.32370312857,93.5374097988995,4,1.00113445384875,0.951134453848751,317.239049851219,301.736990419736
12.55,80,0,3260.91860169047,93.5636675496152,4,1.00112582235808,0.951125822358079,317.235091877131,301.730487642477
12.56,80,0,3261.51327122611,93.5899186601594,4,1.00111719408021,0.951117194080214,317.231135416161,301.723987391899
12.57,80,0,3262.1077118285,93.616163130698,4,1.00110856901393,0.951108569013933,317.227180467718,301.717489666976
12.58,80,0,3262.70192359059,93.6424009613985,4,1.00109994715801,0.951099947158011,317.223227031217,301.710994466684
12.59,80,0,3263.29590660527,93.6686321524288,4,1.00109132851123,0.951091328511226,317.219275106075,301.704501790005
12.6,80,0,3263.8896609654,93.6948567039584,4,1.00108271307236,0.951082713072355,317.215324691711,301.698011635921
12.61,80,0,3264.48318676377,93.7210746161575,4,1.00107410084018,0.951074100840179,317.211375787547,301.691524003417
12.62,80,0,3265.07648409313,93.7472858891977,4,1.00106549181348,0.951065491813475,317.207428393007,301.685038891482
12.63,80,0,3265.66955304616,93.7734905232514,4,1.00105688599103,0.951056885991025,317.203482507515,301.678556299105
12.64,80,0,3266.2623937155,93.7996885184921,4,1.00104828337161,0.95104828337161,317.199538130497,301.672076225276
12.65,80,0,3266.85500619372,93.8258798750946,4,1.00103968395401,0.951039683954011,317.195595261379,301.665598668986
12.66,80,0,3267.44739057335,93.8520645932344,4,1.00103108773701,0.95103108773701,317.191653899589,301.659123629228
12.67,80,0,3268.03954694685,93.8782426730883,4,1.00102249471939,0.951022494719392,317.187714044556,301.652651104995
12.68,80,0,3268.63147540665,93.9044141148341,4,1.00101390489994,0.95101390489994,317.183775695707,301.646181095281
12.69,80,0,3269.22317604508,93.9305789186506,4,1.00100531827744,0.951005318277438,317.179838852472,301.639713599082
12.7,80,0,3269.81699837485,93.9567363948562,4,1.00099039618609,0.950990396186092,317.15179242318,301.608308727649
12.71,80,0,3270.43123784004,93.9828811262712,4,1.00096653098439,0.950966530984387,317.097744361903,301.549341938813
12.72,80,0,3271.06430400849,94.0090134559565,4,1.00094422936936,0.950944229369358,317.058719243092,301.505159435457
12.73,80,0,3271.710411123,94.0351349863717,4,1.00092301932009,0.950923019320092,317.030157287509,301.471274383362
12.74,80,0,3272.36552922057,94.0612468338121,4,1.00090257207016,0.950902572070161,317.008884779063,301.444563905505
12.75,80,0,3273.02685063867,94.0873497761377,4,1.00088265858233,0.950882658582328,316.992691932065,301.422853655531
12.76,80,0,3273.69241889899,94.1134443555349,4,1.00086311926686,0.950863119266864,316.980039678645,301.404629274171
12.77,80,0,3274.3608704255,94.1395309500328,4,1.00084384290563,0.950843842905635,316.969855837057,301.388835809352
12.78,80,0,3275.03125472546,94.1656098232924,4,1.00082475197888,0.950824751978878,316.961393328575,301.374738198521
12.79,80,0,3275.70290916114,94.1916811592793,4,1.00080579244704,0.950805792447043,316.954131509388,301.361824179147
12.8,80,0,3276.37537171853,94.217745086416,4,1.00078692663356,0.950786926633565,316.947707482148,301.349736700506
12.81,80,0,3277.04832023178,94.2438016944088,4,1.00076812826663,0.950768128266628,316.941868264463,301.338226859132
12.82,80,0,3277.72153003239,94.269851045973,4,1.00074937902443,0.950749379024429,316.93643747341,301.327121118059
12.83,80,0,3278.39484443269,94.2958931850047,4,1.00073066612767,0.950730666127674,316.931292116124,301.316298470267
12.84,80,0,3279.06815415142,94.3219281422772,4,1.00071198066163,0.950711980661631,316.926346418002,301.305674526913
12.85,80,0,3279.74138297022,94.3479559394118,4,1.0006933164065,0.950693316406496,316.921540552805,301.295190428802
12.86,80,0,3280.41447773285,94.3739765916464,4,1.00067466902199,0.950674669021992,316.916832787666,301.284805117912
12.87,80,0,3281.08740137131,94.3999901097666,4,1.00065603547883,0.950656035478828,316.912194007518,301.274489950084
12.88,80,0,3281.76012804223,94.4259965014512,4,1.00063741366226,0.950637413662261,316.907603897667,301.264224939182
12.89,80,0,3282.43263973443,94.4519957722124,4,1.0006188020956,0.950618802095601,316.903048282037,301.253996138315
12.9,80,0,3283.10492390249,94.4779879260503,4,1.00060019974737,0.950600199747375,316.898517267009,301.243793813665
12.91,80,0,3283.77697181571,94.5039729659098,4,1.00058160589679,0.950581605896792,316.894003946859,301.233611170869
12.92,80,0,3284.44877740612,94.529950894,4,1.0005630200399,0.950563020039903,316.889503500793,301.223443466659
12.93,80,0,3285.12033646462,94.5559217120163,4,1.00054444182411,0.950544441824112,316.885012563025,301.213287389147
12.94,80,0,3285.7916460799,94.581885421296,4,1.00052587100248,0.95052587100248,316.880528783301,301.203140625474
12.95,80,0,3286.46270424684,94.6078420229265,4,1.00050730740184,0.950507307401837,316.876050520243,301.193001560125
12.96,80,0,3287.13350959316,94.6337915178209,4,1.00048875090052,0.950488750900522,316.871576627351,301.18286906441
12.97,80,0,3287.80406118853,94.6597339067712,4,1.00047020141284,0.950470201412845,316.867106303646,301.172742349531
12.98,80,0,3288.47435841134,94.6856691904848,4,1.00045165887824,0.950451658878236,316.862638989424,301.162620864034
12.99,80,0,3289.14440085561,94.7115973696104,4,1.00043312325368,0.950433123253675,316.858174293474,301.152504222204
13,80,0,3289.81418826601,94.7375184447559,4,1.0004145945084,0.950414594508401,316.853711942267,301.142392154092
13.01,80,0,3290.48372049248,94.7634324165014,4,1.00039607262022,0.950396072620219,316.849251744481,301.132284470609
13.02,80,0,3291.15299745849,94.7893392854072,4,1.00037755757292,0.950377557572916,316.844793566219,301.122181039158
13.03,80,0,3291.8220191389,94.8152390520206,4,1.00035904935446,0.950359049354465,316.840337313714,301.112081766609
13.04,80,0,3292.49078554446,94.8411317168799,4,1.00034054795576,0.95034054795576,316.835882921232,301.10198658741
13.05,80,0,3293.15929671104,94.8670172805175,4,1.00032205336974,0.95032205336974,316.831430342633,301.091895455283
13.06,80,0,3293.827552692,94.8928957434618,4,1.00030356559077,0.950303565590773,316.826979545475,301.08180833742
13.07,80,0,3294.49555355298,94.918767106239,4,1.00028508461423,0.950285084614227,316.822530506885,301.071725210429
13.08,80,0,3295.16329936813,94.9446313693735,4,1.00026661043617,0.950266610436168,316.818083210686,301.061646057502
13.09,80,0,3295.8307902176,94.9704885333896,4,1.00024814305315,0.95024814305315,316.813637645376,301.051570866432
13.1,80,0,3296.49802618568,94.996338598811,4,1.00022968246207,0.950229682462073,316.809193802729,301.041499628233
13.11,80,0,3297.16500735956,95.0221815661616,4,1.00021122866007,0.950211228660073,316.804751676805,301.031432336166
13.12,80,0,3297.83173382845,95.048017435966,4,1.00019278164446,0.950192781644456,316.800311263264,301.021368985071
13.13,80,0,3298.49820568296,95.0738462087492,4,1.00017434141265,0.950174341412646,316.795872558887,301.011309570885
13.14,80,0,3299.16442301465,95.0996678850368,4,1.00015590796215,0.950155907962148,316.791435561238,301.00125409032
13.15,80,0,3299.83038591575,95.1254824653555,4,1.00013748129053,0.950137481290526,316.787000268427,300.991202540625
13.16,80,0,3300.49609447896,95.1512899502326,4,1.00011906139539,0.950119061395387,316.782566678952,300.981154919427
13.17,80,0,3301.16154879724,95.1770903401963,4,1.00010064827436,0.950100648274363,316.778134791575,300.971111224619
13.18,80,0,3301.8267489638,95.2028836357758,4,1.00008224192511,0.95008224192511,316.773704605248,300.961071454277
13.19,80,0,3302.49169507193,95.2286698375013,4,1.0000638423453,0.950063842345297,316.769276119055,300.951035606608
13.2,80,0,3303.15638721502,95.2544489459038,4,1.0000454495326,0.950045449532603,316.764849332172,300.94100367991
13.21,80,0,3303.82082548651,95.2802209615153,4,1.00002706348472,0.950027063484717,316.760424243839,300.930975672548
13.22,80,0,3304.48500997984,95.3059858848689,4,1.00000868419933,0.950008684199332,316.756000853341,300.920951582925
13.23,80,0,3305.14894078844,95.3317437164986,4,0.999990311674145,0.949990311674144,316.751579159995,300.910931409481
13.24,80,0,3305.81261800575,95.3574944569391,4,0.999971945906856,0.949971945906856,316.747159163144,300.900915150681
13.25,80,0,3306.47604172518,95.3832381067266,4,0.999953586895169,0.949953586895169,316.742740862141,300.890902804998
13.26,80,0,3307.1392120401,95.4089746663979,4,0.99993523463679,0.94993523463679,316.738324256353,300.880894370922
13.27,80,0,3307.80212904386,95.4347041364907,4,0.999916889129425,0.949916889129425,316.733909345155,300.870889846951
13.28,80,0,3308.46479282977,95.4604265175441,4,0.999898550370782,0.949898550370782,316.729496127927,300.860889231586
13.29,80,0,3309.1272034911,95.4861418100979,4,0.999880218358572,0.949880218358572,316.725084604053,300.850892523335
13.3,80,0,3309.78936112109,95.5118500146927,4,0.999861893090505,0.949861893090505,316.720674772919,300.840899720706
13.31,80,0,3310.45126581293,95.5375511318705,4,0.999843574564293,0.949843574564293,316.716266633915,300.830910822215
13.32,80,0,3311.11291765978,95.563245162174,4,0.99982526277765,0.94982526277765,316.711860186431,300.820925826375
13.33,80,0,3311.77431675476,95.5889321061469,4,0.999806957728289,0.949806957728289,316.707455429859,300.810944731702
13.34,80,0,3312.43546319093,95.6146119643339,4,0.999788659413926,0.949788659413926,316.703052363591,300.800967536714
13.35,80,0,3313.09635706133,95.6402847372807,4,0.999770367832276,0.949770367832276,316.698650987021,300.790994239929
13.36,80,0,3313.75699845895,95.665950425534,4,0.999752082981058,0.949752082981058,316.694251299542,300.781024839866
13.37,80,0,3314.41738747673,95.6916090296414,4,0.999733804857987,0.949733804857987,316.689853300548,300.771059335047
13.38,80,0,3315.07752420759,95.7172605501515,4,0.999715533460785,0.949715533460785,316.685456989434,300.761097723993
13.39,80,0,3315.7374087444,95.7429049876139,4,0.999697268787169,0.949697268787169,316.681062365594,300.751140005223
13.4,80,0,3316.39704117997,95.7685423425791,4,0.999679010834861,0.949679010834861,316.676669428423,300.741186177263
13.41,80,0,3317.05642160709,95.7941726155987,4,0.999660759601583,0.949660759601583,316.672278177318,300.731236238635
13.42,80,0,3317.7155501185,95.8197958072252,4,0.999642515085056,0.949642515085056,316.667888611673,300.721290187864
13.43,80,0,3318.37442680691,95.8454119180119,4,0.999624277283005,0.949624277283005,316.663500730885,300.711348023473
13.44,80,0,3319.03305176496,95.8710209485134,4,0.999606046193154,0.949606046193154,316.65911453435,300.701409743989
13.45,80,0,3319.69142508529,95.8966228992851,4,0.999587821813227,0.949587821813227,316.654730021464,300.691475347937
13.46,80,0,3320.34954686045,95.9222177708833,4,0.999569604140951,0.949569604140951,316.650347191623,300.681544833845
13.47,80,0,3321.007417183,95.9478055638653,4,0.999551393174053,0.949551393174053,316.645966044225,300.671618200238
13.48,80,0,3321.66503614542,95.9733862787895,4,0.999533188910261,0.949533188910261,316.641586578668,300.661695445647
13.49,80,0,3322.32240384016,95.9989599162152,4,0.999514991347304,0.949514991347304,316.637208794347,300.651776568599
13.5,80,0,3322.97952035963,96.0245264767025,4,0.999496800482911,0.949496800482911,316.632832690661,300.641861567623
13.51,80,0,3323.63638579621,96.0500859608126,4,0.999478616314813,0.949478616314813,316.628458267008,300.631950441251
13.52,80,0,3324.29300024223,96.0756383691078,4,0.999460438840742,0.949460438840741,316.624085522785,300.622043188012
13.53,80,0,3324.94936378996,96.1011837021512,4,0.999442268058429,0.949442268058429,316.619714457391,300.612139806438
13.54,80,0,3325.60547653166,96.1267219605068,4,0.999424103965608,0.949424103965608,316.615345070224,300.602240295059
13.55,80,0,3326.26133855953,96.1522531447398,4,0.999405946560014,0.949405946560014,316.610977360684,300.592344652411
13.56,80,0,3326.91694996573,96.177777255416,4,0.999387795839382,0.949387795839381,316.606611328168,300.582452877025
13.57,80,0,3327.5723108424,96.2032942931026,4,0.999369651801446,0.949369651801446,316.602246972076,300.572564967435
13.58,80,0,3328.2274212816,96.2288042583674,4,0.999351514443945,0.949351514443945,316.597884291809,300.562680922177
13.59,80,0,3328.88228137539,96.2543071517793,4,0.999333383764616,0.949333383764616,316.593523286763,300.552800739785
13.6,80,0,3329.53689121576,96.2798029739083,4,0.999315259761198,0.949315259761198,316.589163956341,300.542924418794
13.61,80,0,3330.19125089467,96.305291725325,4,0.99929714243143,0.949297142431429,316.584806299941,300.533051957742
13.62,80,0,3330.84536050404,96.3307734066014,4,0.999279031773052,0.949279031773052,316.580450316965,300.523183355165
13.63,80,0,3331.49922013576,96.35624801831,4,0.999260927783806,0.949260927783806,316.576096006812,300.513318609602
13.64,80,0,3332.15282988164,96.3817155610247,4,0.999242830461435,0.949242830461435,316.571743368885,300.503457719591
13.65,80,0,3332.8061898335,96.4071760353201,4,0.99922473980368,0.94922473980368,316.567392402582,300.49360068367
13.66,80,0,3333.45930008309,96.4326294417717,4,0.999206655808287,0.949206655808287,316.563043107306,300.48374750038
13.67,80,0,3334.11216072213,96.4580757809561,4,0.999188578472999,0.949188578472999,316.558695482458,300.473898168262
13.68,80,0,3334.76477184228,96.4835150534509,4,0.999170507795564,0.949170507795564,316.55434952744,300.464052685854
13.69,80,0,3335.41713353519,96.5089472598344,4,0.999152443773726,0.949152443773726,316.550005241653,300.454211051701
13.7,80,0,3336.06924589244,96.5343724006862,4,0.999134386405235,0.949134386405235,316.545662624499,300.444373264343
13.71,80,0,3336.7211090056,96.5597904765865,4,0.999116335687838,0.949116335687837,316.541321675382,300.434539322323
13.72,80,0,3337.37272296617,96.5852014881167,4,0.999098291619284,0.949098291619283,316.536982393702,300.424709224186
13.73,80,0,3338.02408786562,96.6106054358591,4,0.999080254197323,0.949080254197323,316.532644778864,300.414882968475
13.74,80,0,3338.67520379539,96.636002320397,4,0.999062223419707,0.949062223419707,316.528308830269,300.405060553735
13.75,80,0,3339.32607084687,96.6613921423144,4,0.999044199284188,0.949044199284188,316.523974547322,300.395241978512
13.76,80,0,3339.97668911142,96.6867749021965,4,0.999026181788518,0.949026181788517,316.519641929426,300.385427241352
13.77,80,0,3340.62705868034,96.7121506006293,4,0.99900817093045,0.94900817093045,316.515310975983,300.3756163408
13.78,80,0,3341.2771796449,96.7375192382,4,0.99899016670774,0.94899016670774,316.510981686399,300.365809275406
13.79,80,0,3341.92705209634,96.7628808154964,4,0.998972169118143,0.948972169118143,316.506654060076,300.356006043716
13.8,80,0,3342.57667612584,96.7882353331075,4,0.998954178159414,0.948954178159414,316.50232809642,300.34620664428
13.81,80,0,3343.22605182456,96.8135827916231,4,0.998936193829312,0.948936193829312,316.498003794835,300.336411075646
13.82,80,0,3343.8751792836,96.8389231916341,4,0.998918216125594,0.948918216125594,316.493681154726,300.326619336365
13.83,80,0,3344.52405859405,96.8642565337322,4,0.998900245046019,0.948900245046019,316.489360175497,300.316831424987
13.84,80,0,3345.17268984692,96.8895828185101,4,0.998882280588346,0.948882280588346,316.485040856554,300.307047340063
13.85,80,0,3345.82107313321,96.9149020465614,4,0.998864322750337,0.948864322750337,316.480723197303,300.297267080146
13.86,80,0,3346.46920854388,96.9402142184807,4,0.998846371529753,0.948846371529753,316.476407197148,300.287490643786
13.87,80,0,3347.11709616982,96.9655193348635,4,0.998828426924356,0.948828426924356,316.472092855496,300.277718029539
13.88,80,0,3347.76473610192,96.9908173963064,4,0.998810488931909,0.948810488931909,316.467780171752,300.267949235956
13.89,80,0,3348.412128431,97.0161084034067,4,0.998792557550177,0.948792557550177,316.463469145323,300.258184261593
13.9,80,0,3349.05927324785,97.0413923567627,4,0.998774632776924,0.948774632776924,316.459159775616,300.248423105004
13.91,80,0,3349.70617064323,97.0666692569738,4,0.998756714609916,0.948756714609916,316.454852062037,300.238665764745
13.92,80,0,3350.35282070785,97.0919391046401,4,0.99873880304692,0.94873880304692,316.450546003993,300.228912239372
13.93,80,0,3350.99922353238,97.117201900363,4,0.998720898085704,0.948720898085704,316.446241600891,300.219162527443
13.94,80,0,3351.64537920745,97.1424576447444,4,0.998702999724035,0.948702999724035,316.441938852139,300.209416627514
13.95,80,0,3352.29128782366,97.1677063383873,4,0.998685107959684,0.948685107959684,316.437637757145,300.199674538144
13.96,80,0,3352.93694947156,97.1929479818959,4,0.998667222790419,0.948667222790419,316.433338315315,300.189936257891
13.97,80,0,3353.58236424167,97.2181825758749,4,0.998649344214013,0.948649344214013,316.429040526058,300.180201785315
13.98,80,0,3354.22753222445,97.2434101209303,4,0.998631472228236,0.948631472228236,316.424744388783,300.170471118975
13.99,80,0,3354.87245351034,97.2686306176688,4,0.998613606830863,0.948613606830863,316.420449902898,300.160744257432
14,80,0,3355.51712818975,97.2938440666982,4,0.998595748019665,0.948595748019665,316.416157067811,300.151021199248
14.01,80,0,3356.16155635302,97.319050468627,4,0.998577895792419,0.948577895792418,316.411865882932,300.141301942984
14.02,80,0,3356.80573809048,97.344249824065,4,0.998560050146898,0.948560050146897,316.407576347669,300.131586487203
14.03,80,0,3357.44967349239,97.3694421336225,4,0.998542211080879,0.948542211080879,316.403288461432,300.121874830468
14.04,80,0,3358.093362649,97.3946273979112,4,0.998524378592139,0.948524378592139,316.39900222363,300.112166971342
14.05,80,0,3358.73680565051,97.4198056175432,4,0.998506552678455,0.948506552678455,316.394717633674,300.10246290839
14.06,80,0,3359.38000258708,97.444976793132,4,0.998488733337608,0.948488733337608,316.390434690974,300.092762640177
14.07,80,0,3360.02295354883,97.4701409252919,4,0.998470920567375,0.948470920567375,316.386153394938,300.083066165268
14.08,80,0,3360.66565862583,97.4952980146379,4,0.998453114365538,0.948453114365538,316.381873744979,300.073373482229
14.09,80,0,3361.30811790814,97.5204480617861,4,0.998435314729877,0.948435314729877,316.377595740506,300.063684589628
14.1,80,0,3361.95033148575,97.5455910673537,4,0.998417521658175,0.948417521658175,316.37331938093,300.053999486032
14.11,80,0,3362.59229944864,97.5707270319585,4,0.998399735148214,0.948399735148214,316.369044665663,300.044318170009
14.12,80,0,3363.23402188671,97.5958559562194,4,0.998381955197779,0.948381955197779,316.364771594116,300.034640640127
14.13,80,0,3363.87549888987,97.6209778407563,4,0.998364181804654,0.948364181804654,316.3605001657,300.024966894955
14.14,80,0,3364.51673054796,97.6460926861899,4,0.998346414966624,0.948346414966624,316.356230379828,300.015296933065
14.15,80,0,3365.15771695078,97.6712004931418,4,0.998328654681477,0.948328654681477,316.35196223591,300.005630753026
14.16,80,0,3365.79845818811,97.6963012622346,4,0.998310900946998,0.948310900946998,316.34769573336,299.99596835341
14.17,80,0,3366.43895434968,97.7213949940919,4,0.998293153760976,0.948293153760976,316.34343087159,299.986309732787
14.18,80,0,3367.07920552517,97.746481689338,4,0.998275413121199,0.948275413121199,316.339167650011,299.976654889731
14.19,80,0,3367.71921180425,97.7715613485983,4,0.998257679025459,0.948257679025459,316.334906068038,299.967003822814
14.2,80,0,3368.35897327652,97.7966339724991,4,0.998239951471544,0.948239951471544,316.330646125083,299.95735653061
14.21,80,0,3368.99849003157,97.8216995616676,4,0.998222230457247,0.948222230457247,316.326387820559,299.947713011694
14.22,80,0,3369.63776215893,97.8467581167319,4,0.998204515980359,0.948204515980359,316.32213115388,299.93807326464
14.23,80,0,3370.2767897481,97.871809638321,4,0.998186808038674,0.948186808038674,316.317876124459,299.928437288024
14.24,80,0,3370.91557288853,97.8968541270649,4,0.998169106629985,0.948169106629985,316.313622731711,299.918805080421
14.25,80,0,3371.55411166965,97.9218915835944,4,0.998151411752088,0.948151411752088,316.309370975049,299.909176640408
14.26,80,0,3372.19240618084,97.9469220085414,4,0.998133723402777,0.948133723402777,316.305120853888,299.899551966562
14.27,80,0,3372.83045651145,97.9719454025385,4,0.99811604157985,0.94811604157985,316.300872367643,299.889931057463
14.28,80,0,3373.46826275079,97.9969617662194,4,0.998098366281103,0.948098366281103,316.296625515727,299.880313911687
14.29,80,0,3374.10582498811,98.0219711002186,4,0.998080697504334,0.948080697504334,316.292380297557,299.870700527814
14.3,80,0,3374.74314331265,98.0469734051716,4,0.998063035247343,0.948063035247343,316.288136712547,299.861090904424
14.31,80,0,3375.3802178136,98.0719686817147,4,0.998045379507929,0.948045379507929,316.283894760113,299.851485040097
14.32,80,0,3376.01704858011,98.0969569304852,4,0.998027730283893,0.948027730283893,316.27965443967,299.841882933414
14.33,80,0,3376.65363570129,98.1219381521214,4,0.998010087573036,0.948010087573036,316.275415750634,299.832284582957
14.34,80,0,3377.29125348041,98.146912102133,4,0.998002482407003,0.948002482407003,316.259718741623,299.814998452399
14.35,80,0,3377.93750675394,98.1718774187043,4,0.998008089759777,0.948008089759777,316.235016742794,299.793354137487
14.36,80,0,3378.59114945275,98.1968345874023,4,0.99801349289681,0.94801349289681,316.217014926962,299.777996834312
14.37,80,0,3379.24965422418,98.2217842763364,4,0.998018759084062,0.948018759084062,316.203487970263,299.766838283621
14.38,80,0,3379.91133317177,98.2467269317348,4,0.998023933240898,0.948023933240898,316.192950405024,299.758484506015
14.39,80,0,3380.57505882752,98.271662851696,4,0.998029045369236,0.948029045369236,316.184410399154,299.752004751345
14.4,80,0,3381.24007795407,98.296592235404,4,0.998034115510824,0.948034115510824,316.177205580186,299.746777436895
14.41,80,0,3381.90588725772,98.3215152159797,4,0.998039157055931,0.948039157055931,316.170893517669,299.742387376111
14.42,80,0,3382.57215040765,98.3464318824135,4,0.998044178952188,0.948044178952188,316.165178642325,299.738557199235
14.43,80,0,3383.2386426223,98.3713422942124,4,0.998049187179458,0.948049187179458,316.159863466285,299.73510157798
14.44,80,0,3383.90521365827,98.3962464911828,4,0.99805418573478,0.94805418573478,316.154816016497,299.731896664649
14.45,80,0,3384.57176308637,98.4211444999652,4,0.998059177290246,0.948059177290246,316.149948088259,299.728859684909
14.46,80,0,3385.23822377307,98.4460363384005,4,0.998064163632483,0.948064163632483,316.145200721431,299.725935308387
14.47,80,0,3385.90455084268,98.4709220184474,4,0.998069145956271,0.948069145956271,316.140534498903,299.723086544534
14.48,80,0,3386.57071430062,98.4958015481324,4,0.998074125060754,0.948074125060754,316.135923065243,299.720288660354
14.49,80,0,3387.23669410285,98.5206749328527,4,0.998079101480559,0.948079101480559,316.131348796048,299.717525116394
14.5,80,0,3387.90247685981,98.5455421762479,4,0.998084075573444,0.948084075573444,316.126799903916,299.714784850895
14.51,80,0,3388.56805363279,98.5704032807818,4,0.998089047578884,0.948089047578883,316.122268504215,299.712060464637
14.52,80,0,3389.23341846038,98.5952582481327,4,0.99809401765724,0.94809401765724,316.117749322145,299.709347007596
14.53,80,0,3389.89856737305,98.620107079453,4,0.998098985915956,0.948098985915956,316.113238828369,299.706641167785
14.54,80,0,3390.56349773406,98.6449497755442,4,0.998103952427069,0.948103952427069,316.108734661071,299.703940728881
14.55,80,0,3391.22820779854,98.6697863369728,4,0.998108917238926,0.948108917238926,316.104235239483,299.701244207545
14.56,80,0,3391.89269641857,98.6946167641488,4,0.998113880384025,0.948113880384025,316.099739505403,299.698550610847
14.57,80,0,3392.55696284577,98.7194410573775,4,0.998118841884249,0.948118841884249,316.095246750315,299.695859274025
14.58,80,0,3393.22100659926,98.7442592168943,4,0.998123801754385,0.948123801754385,316.090756499718,299.693169751932
14.59,80,0,3393.88482737723,98.7690712428887,4,0.99812876000446,0.94812876000446,316.086268435747,299.690481746422
14.6,80,0,3394.5484249978,98.7938771355192,4,0.998133716641322,0.948133716641322,316.081782345393,299.687795057751
14.61,80,0,3395.21179935942,98.8186768949243,4,0.998138671669685,0.948138671669685,316.077298085848,299.685109552059
14.62,80,0,3395.87495041429,98.8434705212291,4,0.998143625092836,0.948143625092836,316.072815561305,299.682425139596
14.63,80,0,3396.53787815066,98.8682580145503,4,0.998148576913107,0.948148576913107,316.06833470744,299.679741760155
14.64,80,0,3397.20058258092,98.8930393749993,4,0.998153527132187,0.948153527132187,316.06385548101,299.677059373317
14.65,80,0,3397.8630637336,98.9178146026843,4,0.998158475751339,0.948158475751339,316.059377852891,299.674377951913
14.66,80,0,3398.52532164808,98.9425836977113,4,0.998163422771534,0.948163422771534,316.054901803427,299.671697477658
14.67,80,0,3399.187356371,98.9673466601858,4,0.998168368193556,0.948168368193556,316.050427319295,299.669017938212
14.68,80,0,3399.84916795385,98.9921034902129,4,0.998173312018054,0.948173312018054,316.045954391424,299.666339325224
14.69,80,0,3400.51075645137,99.0168541878978,4,0.998178254245595,0.948178254245595,316.04148301359,299.663661633014
14.7,80,0,3401.17212192048,99.0415987533462,4,0.998183194876685,0.948183194876685,316.037013181473,299.660984857694
14.71,80,0,3401.83326441956,99.0663371866643,4,0.998188133911792,0.948188133911792,316.032544892038,299.658308996576
14.72,80,0,3402.49418400797,99.0910694879593,4,0.998193071351358,0.948193071351358,316.028078143103,299.655634047776
14.73,80,0,3403.1548807457,99.1157956573391,4,0.998198007195808,0.948198007195808,316.023612933064,299.652960009951
14.74,80,0,3403.81535469317,99.1405156949124,4,0.998202941445553,0.948202941445553,316.019149260702,299.650286882119
14.75,80,0,3404.47560591111,99.1652296007891,4,0.998207874101,0.948207874101,316.014687125057,299.647614663543
14.76,80,0,3405.13563446042,99.1899373750798,4,0.998212805162547,0.948212805162547,316.010226525342,299.644943353646
14.77,80,0,3405.79544040211,99.2146390178962,4,0.998217734630589,0.948217734630589,316.005767460887,299.642272951963
14.78,80,0,3406.4550237973,99.239334529351,4,0.99822266250552,0.94822266250552,316.001309931099,299.639603458099
14.79,80,0,3407.11438470712,99.264023909558,4,0.998227588787732,0.948227588787732,315.99685393544,299.636934871712
14.8,80,0,3407.77352319276,99.2887071586317,4,0.998232513477616,0.948232513477616,315.992399473405,299.63426719249
14.81,80,0,3408.4324393154,99.3133842766879,4,0.99823743657556,0.94823743657556,315.987946544513,299.631600420145
14.82,80,0,3409.09113313625,99.3380552638433,4,0.998242358081955,0.948242358081955,315.983495148301,299.628934554403
14.83,80,0,3409.74960471651,99.3627201202156,4,0.998247277997189,0.948247277997189,315.979045284313,299.626269595
14.84,80,0,3410.40785411735,99.3873788459235,4,0.998252196321651,0.948252196321651,315.974596952104,299.623605541681
14.85,80,0,3411.06588139998,99.4120314410868,4,0.998257113055729,0.948257113055729,315.970150151231,299.620942394191
14.86,80,0,3411.72368662557,99.4366779058262,4,0.998262028199811,0.948262028199811,315.965704881256,299.618280152283
14.87,80,0,3412.38126985529,99.4613182402635,4,0.998266941754287,0.948266941754286,315.961261141742,299.615618815707
14.88,80,0,3413.0386311503,99.4859524445213,4,0.998271853719543,0.948271853719543,315.956818932256,299.61295838422
14.89,80,0,3413.69577057174,99.5105805187236,4,0.998276764095967,0.948276764095967,315.952378252363,299.610298857576
14.9,80,0,3414.35268818075,99.535202462995,4,0.998281672883949,0.948281672883949,315.947939101631,299.607640235531
14.91,80,0,3415.00938403846,99.5598182774613,4,0.998286580083875,0.948286580083875,315.943501479626,299.60498251784
14.92,80,0,3415.66585820597,99.5844279622495,4,0.998291485696134,0.948291485696134,315.939065385918,299.60232570426
14.93,80,0,3416.32211074438,99.6090315174872,4,0.998296389721113,0.948296389721113,315.934630820072,299.599669794547
14.94,80,0,3416.97814171479,99.6336289433033,4,0.9983012921592,0.9483012921592,315.930197781661,299.59701478846
14.95,80,0,3417.63395117826,99.6582202398276,4,0.998306193010783,0.948306193010783,315.92576627025,299.594360685755
14.96,80,0,3418.28953919586,99.6828054071909,4,0.998311092276249,0.948311092276249,315.921336285409,299.591707486188
14.97,80,0,3418.94490582865,99.707384445525,4,0.998315989955986,0.948315989955986,315.916907826706,299.589055189517
14.98,80,0,3419.60005113766,99.7319573549629,4,0.998320886050381,0.948320886050381,315.912480893712,299.586403795499
14.99,80,0,3420.25497518392,99.7565241356382,4,0.998325780559823,0.948325780559823,315.908055485994,299.583753303892
15,80,0,3420.90967802844,99.781084787686,4,0.998330673484698,0.948330673484698,315.903631603123,299.581103714451
15.01,80,0,3421.56415973222,99.8056393112419,4,0.998335564825394,0.948335564825394,315.899209244667,299.578455026936
15.02,80,0,3422.21842035626,99.8301877064429,4,0.998340454582298,0.948340454582298,315.894788410195,299.575807241103
15.03,80,0,3422.87245996154,99.8547299734268,4,0.998345342755798,0.948345342755798,315.890369099277,299.573160356709
15.04,80,0,3423.52627860901,99.8792661123325,4,0.99835022934628,0.94835022934628,315.885951311482,299.570514373512
15.05,80,0,3424.17987635964,99.9037961232999,4,0.998355114354133,0.948355114354133,315.88153504638,299.567869291269
15.06,80,0,3424.83325327437,99.9283200064697,4,0.998359997779743,0.948359997779743,315.877120303542,299.565225109738
15.07,80,0,3425.48640941412,99.9528377619838,4,0.998364879623498,0.948364879623498,315.872707082536,299.562581828677
15.08,80,0,3426.13934483981,99.9773493899851,4,0.998369759885784,0.948369759885784,315.868295382931,299.559939447842
15.09,80,0,3426.79205961235,100.001854890617,4,0.998374638566989,0.948374638566989,315.863885204299,299.557297966992
15.1,80,0,3427.44455379264,100.026354264026,4,0.998379515667499,0.948379515667499,315.859476546209,299.554657385884
15.11,80,0,3428.09682744154,100.050847510356,4,0.998384391187703,0.948384391187703,315.855069408231,299.552017704275
15.12,80,0,3428.74888061994,100.075334629754,4,0.998389265127985,0.948389265127985,315.850663789935,299.549378921923
15.13,80,0,3429.40071338868,100.099815622369,4,0.998394137488735,0.948394137488735,315.846259690891,299.546741038585
15.14,80,0,3430.05232580862,100.12429048835,4,0.998399008270337,0.948399008270337,315.84185711067,299.544104054021
15.15,80,0,3430.70371794059,100.148759227845,4,0.99840387747318,0.94840387747318,315.837456048842,299.541467967987
15.16,80,0,3431.3548898454,100.173221841006,4,0.998408745097649,0.948408745097649,315.833056504977,299.53883278024
15.17,80,0,3432.00584158386,100.197678327985,4,0.998413611144133,0.948413611144133,315.828658478646,299.536198490539
15.18,80,0,3432.65657321678,100.222128688935,4,0.998418475613016,0.948418475613016,315.824261969419,299.533565098642
15.19,80,0,3433.30708480493,100.246572924009,4,0.998423338504686,0.948423338504686,315.819866976868,299.530932604307
15.2,80,0,3433.95737640909,100.271011033363,4,0.99842819981953,0.94842819981953,315.815473500562,299.528301007291
15.21,80,0,3434.60744809002,100.295443017151,4,0.998433059557934,0.948433059557934,315.811081540073,299.525670307352
15.22,80,0,3435.25729990847,100.319868875531,4,0.998437917720284,0.948437917720284,315.806691094971,299.523040504248
15.23,80,0,3435.90693192517,100.344288608661,4,0.998442774306968,0.948442774306968,315.802302164828,299.520411597737
15.24,80,0,3436.55634420085,100.368702216699,4,0.99844762931837,0.94844762931837,315.797914749214,299.517783587577
15.25,80,0,3437.20553679621,100.393109699805,4,0.998452482754879,0.948452482754879,315.793528847701,299.515156473527
15.26,80,0,3437.85450977197,100.41751105814,4,0.998457334616879,0.948457334616879,315.78914445986,299.512530255344
15.27,80,0,3438.5032631888,100.441906291866,4,0.998462184904758,0.948462184904758,315.784761585262,299.509904932786
15.28,80,0,3439.15179710738,100.466295401145,4,0.998467033618901,0.948467033618901,315.780380223478,299.507280505611
15.29,80,0,3439.80011158839,100.490678386142,4,0.998471880759695,0.948471880759695,315.77600037408,299.504656973578
15.3,80,0,3440.44820669246,100.51505524702,4,0.998476726327526,0.948476726327526,315.771622036639,299.502034336445
15.31,80,0,3441.09608248024,100.539425983945,4,0.99848157032278,0.94848157032278,315.767245210728,299.49941259397
15.32,80,0,3441.74373901236,100.563790597085,4,0.998486412745843,0.948486412745843,315.762869895916,299.49679174591
15.33,80,0,3442.39117634943,100.588149086607,4,0.998491253597101,0.948491253597101,315.758496091778,299.494171792025
15.34,80,0,3443.03839455206,100.612501452679,4,0.99849609287694,0.94849609287694,315.754123797883,299.491552732073
15.35,80,0,3443.68539368084,100.636847695471,4,0.998500930585746,0.948500930585746,315.749753013804,299.488934565813
15.36,80,0,3444.33217379635,100.661187815154,4,0.998505766723905,0.948505766723905,315.745383739113,299.486317293001
15.37,80,0,3444.97873495916,100.685521811899,4,0.998510601291803,0.948510601291803,315.741015973382,299.483700913397
15.38,80,0,3445.62507722982,100.70984968588,4,0.998515434289825,0.948515434289825,315.736649716183,299.48108542676
15.39,80,0,3446.27120066888,100.734171437269,4,0.998520265718357,0.948520265718357,315.732284967089,299.478470832847
15.4,80,0,3446.91710533687,100.758487066241,4,0.998525095577785,0.948525095577785,315.72792172567,299.475857131417
15.41,80,0,3447.56279129431,100.782796572972,4,0.998529923868495,0.948529923868495,315.7235599915,299.473244322228
15.42,80,0,3448.20825860171,100.807099957638,4,0.998534750590872,0.948534750590872,315.719199764152,299.47063240504
15.43,80,0,3448.85350731957,100.831397220416,4,0.998539575745302,0.948539575745302,315.714841043198,299.468021379611
15.44,80,0,3449.49853750837,100.855688361486,4,0.99854439933217,0.94854439933217,315.71048382821,299.465411245699
15.45,80,0,3450.14334922859,100.879973381026,4,0.998549221351863,0.948549221351862,315.706128118761,299.462802003062
15.46,80,0,3450.78794254067,100.904252279218,4,0.998554041804764,0.948554041804764,315.701773914424,299.460193651461
15.47,80,0,3451.43231750508,100.928525056242,4,0.99855886069126,0.94855886069126,315.697421214771,299.457586190652
15.48,80,0,3452.07647418225,100.952791712281,4,0.998563678011736,0.948563678011736,315.693070019377,299.454979620396
15.49,80,0,3452.72041263261,100.977052247518,4,0.998568493766578,0.948568493766577,315.688720327812,299.452373940451
15.5,80,0,3453.36413291656,101.001306662138,4,0.99857330795617,0.94857330795617,315.68437213965,299.449769150574
15.51,80,0,3454.00763509452,101.025554956326,4,0.998578120580898,0.948578120580898,315.680025454465,299.447165250527
15.52,80,0,3454.65091922686,101.049797130268,4,0.998582931641147,0.948582931641147,315.67568027183,299.444562240066
15.53,80,0,3455.29398537397,101.074033184151,4,0.998587741137302,0.948587741137302,315.671336591319,299.441960118952
15.54,80,0,3455.93683359622,101.098263118165,4,0.998592549069749,0.948592549069749,315.666994412503,299.439358886942
15.55,80,0,3456.57946395395,101.122486932497,4,0.998597355438872,0.948597355438871,315.662653734957,299.436758543796
15.56,80,0,3457.22187650751,101.146704627339,4,0.998602160245056,0.948602160245056,315.658314558254,299.434159089273
15.57,80,0,3457.86407131723,101.170916202881,4,0.998606963488687,0.948606963488687,315.653976881968,299.431560523132
15.58,80,0,3458.50604844342,101.195121659316,4,0.998611765170149,0.948611765170149,315.649640705673,299.428962845132
15.59,80,0,3459.1478079464,101.219320996837,4,0.998616565289827,0.948616565289827,315.645306028941,299.426366055031
15.6,80,0,3459.78934988645,101.243514215637,4,0.998621363848106,0.948621363848106,315.640972851348,299.423770152589
15.61,80,0,3460.43067432387,101.267701315912,4,0.998626160845371,0.948626160845371,315.636641172467,299.421175137566
15.62,80,0,3461.07178131892,101.291882297858,4,0.998630956282007,0.948630956282007,315.632310991872,299.418581009719
15.63,80,0,3461.71267093186,101.316057161673,4,0.998635750158398,0.948635750158398,315.627982309136,299.415987768809
15.64,80,0,3462.35334322294,101.340225907553,4,0.998640542474929,0.948640542474929,315.623655123835,299.413395414594
15.65,80,0,3462.99379825239,101.364388535697,4,0.998645333231984,0.948645333231984,315.619329435541,299.410803946834
15.66,80,0,3463.63403608044,101.388545046307,4,0.998650122429949,0.948650122429949,315.61500524383,299.408213365288
15.67,80,0,3464.2740567673,101.412695439582,4,0.998654910069208,0.948654910069208,315.610682548276,299.405623669716
15.68,80,0,3464.91386037317,101.436839715725,4,0.998659696150144,0.948659696150144,315.606361348452,299.403034859875
15.69,80,0,3465.55344695824,101.460977874938,4,0.998664480673144,0.948664480673144,315.602041643935,299.400446935527
15.7,80,0,3466.19281658269,101.485109917425,4,0.99866926363859,0.94866926363859,315.597723434297,299.39785989643
15.71,80,0,3466.83196930667,101.509235843392,4,0.998674045046868,0.948674045046868,315.593406719115,299.395273742344
15.72,80,0,3467.47090519035,101.533355653042,4,0.998678824898362,0.948678824898362,315.589091497962,299.392688473028
15.73,80,0,3468.10962429386,101.557469346584,4,0.998683603193456,0.948683603193456,315.584777770414,299.390104088242
15.74,80,0,3468.74812667734,101.581576924225,4,0.998688379932534,0.948688379932534,315.580465536044,299.387520587745
15.75,80,0,3469.3864124009,101.605678386173,4,0.998693155115981,0.948693155115981,315.57615479443,299.384937971297
15.76,80,0,3470.02448152465,101.629773732639,4,0.99869792874418,0.94869792874418,315.571845545144,299.382356238657
15.77,80,0,3470.66233410867,101.653862963832,4,0.998702700817517,0.948702700817517,315.567537787763,299.379775389584
15.78,80,0,3471.29997021307,101.677946079964,4,0.998707471336374,0.948707471336374,315.563231521861,299.377195423839
15.79,80,0,3471.9373898979,101.702023081248,4,0.998712240301136,0.948712240301136,315.558926747014,299.374616341181
15.8,80,0,3472.57459322322,101.726093967897,4,0.998717007712187,0.948717007712186,315.554623462797,299.37203814137
15.81,80,0,3473.21158024909,101.750158740125,4,0.99872177356991,0.94872177356991,315.550321668786,299.369460824166
15.82,80,0,3473.84835103554,101.774217398148,4,0.998726537874691,0.948726537874691,315.546021364555,299.366884389328
15.83,80,0,3474.48490564258,101.798269942182,4,0.998731300626912,0.948731300626912,315.541722549681,299.364308836615
15.84,80,0,3475.12124413025,101.822316372444,4,0.998736061826957,0.948736061826957,315.53742522374,299.361734165789
15.85,80,0,3475.75736655852,101.846356689153,4,0.998740821475211,0.948740821475211,315.533129386306,299.359160376608
15.86,80,0,3476.39327298741,101.870390892527,4,0.998745579572056,0.948745579572056,315.528835036956,299.356587468832
15.87,80,0,3477.02896347687,101.894418982787,4,0.998750336117878,0.948750336117878,315.524542175265,299.354015442223
15.88,80,0,3477.66443808688,101.918440960154,4,0.998755091113058,0.948755091113058,315.520250800811,299.351444296538
15.89,80,0,3478.29969687739,101.94245682485,4,0.998759844557981,0.948759844557981,315.515960913167,299.348874031539
15.9,80,0,3478.93473990835,101.966466577098,4,0.998764596453031,0.948764596453031,315.511672511912,299.346304646985
15.91,80,0,3479.56956723968,101.990470217122,4,0.99876934679859,0.94876934679859,315.50738559662,299.343736142636
15.92,80,0,3480.2041789313,102.014467745147,4,0.998774095595043,0.948774095595043,315.503100166868,299.341168518252
15.93,80,0,3480.83857504312,102.038459161398,4,0.998778842842773,0.948778842842773,315.498816222232,299.338601773594
15.94,80,0,3481.47275563503,102.062444466102,4,0.998783588542163,0.948783588542163,315.494533762289,299.336035908421
15.95,80,0,3482.10672076693,102.086423659488,4,0.998788332693596,0.948788332693596,315.490252786616,299.333470922494
15.96,80,0,3482.74047049868,102.110396741784,4,0.998793075297457,0.948793075297456,315.485973294788,299.330906815573
15.97,80,0,3483.37400489014,102.13436371322,4,0.998797816354127,0.948797816354127,315.481695286383,299.328343587418
15.98,80,0,3484.00732400116,102.158324574026,4,0.998802555863991,0.948802555863991,315.477418760976,299.325781237789
15.99,80,0,3484.64042789158,102.182279324433,4,0.998807293827431,0.948807293827431,315.473143718146,299.323219766446
16,80,0,3485.27331662123,102.206227964676,4,0.998812030244831,0.948812030244831,315.468870157469,299.320659173151
16.01,80,0,3485.90599024991,102.230170494985,4,0.998816765116574,0.948816765116574,315.464598078521,299.318099457662
16.02,80,0,3486.53844883743,102.254106915598,4,0.998821498443042,0.948821498443042,315.46032748088,299.315540619741
16.03,80,0,3487.17069244359,102.278037226747,4,0.998826230224619,0.948826230224619,315.456058364122,299.312982659148
16.04,80,0,3487.80272112816,102.301961428671,4,0.998830960461688,0.948830960461688,315.451790727826,299.310425575643
16.05,80,0,3488.43453495091,102.325879521606,4,0.998835689154632,0.948835689154632,315.447524571568,299.307869368986
16.06,80,0,3489.06613397159,102.349791505791,4,0.998840416303833,0.948840416303833,315.443259894924,299.305314038938
16.07,80,0,3489.69751824996,102.373697381464,4,0.998845141909675,0.948845141909675,315.438996697474,299.30275958526
16.08,80,0,3490.32868784573,102.397597148865,4,0.99884986597254,0.94884986597254,315.434734978795,299.300206007713
16.09,80,0,3490.95964281865,102.421490808237,4,0.998854588492811,0.948854588492811,315.430474738463,299.297653306057
16.1,80,0,3491.5903832284,102.44537835982,4,0.99885930947087,0.94885930947087,315.426215976058,299.295101480051
16.11,80,0,3492.2209091347,102.469259803858,4,0.998864028907101,0.948864028907101,315.421958691155,299.292550529458
16.12,80,0,3492.85122059723,102.493135140595,4,0.998868746801886,0.948868746801886,315.417702883333,299.290000454038
16.13,80,0,3493.48131767567,102.517004370275,4,0.998873463155607,0.948873463155607,315.41344855217,299.287451253551
16.14,80,0,3494.11120042967,102.540867493144,4,0.998878177968647,0.948878177968647,315.409195697243,299.284902927757
16.15,80,0,3494.74086891889,102.564724509449,4,0.998882891241389,0.948882891241389,315.404944318132,299.282355476418
16.16,80,0,3495.37032320298,102.588575419438,4,0.998887602974215,0.948887602974215,315.400694414413,299.279808899295
16.17,80,0,3495.99956334155,102.612420223359,4,0.998892313167507,0.948892313167507,315.396445985665,299.277263196149
16.18,80,0,3496.62858939423,102.636258921461,4,0.998897021821648,0.948897021821648,315.392199031466,299.274718366739
16.19,80,0,3497.25740142062,102.660091513996,4,0.998901728937021,0.948901728937021,315.387953551396,299.272174410828
16.2,80,0,3497.88599948033,102.683918001214,4,0.998906434514007,0.948906434514006,315.383709545031,299.269631328176
16.21,80,0,3498.51438363292,102.707738383368,4,0.998911138552988,0.948911138552988,315.37946701195,299.267089118544
16.22,80,0,3499.14255393797,102.731552660712,4,0.998915841054347,0.948915841054347,315.375225951732,299.264547781692
16.23,80,0,3499.77051045505,102.755360833499,4,0.998920542018466,0.948920542018466,315.370986363955,299.262007317383
16.24,80,0,3500.3982532437,102.779162901984,4,0.998925241445728,0.948925241445728,315.366748248199,299.259467725376
16.25,80,0,3501.02578236345,102.802958866424,4,0.998929939336514,0.948929939336514,315.362511604041,299.256929005434
16.26,80,0,3501.65309787384,102.826748727076,4,0.998934635691206,0.948934635691206,315.358276431062,299.254391157316
16.27,80,0,3502.28019983437,102.850532484198,4,0.998939330510186,0.948939330510186,315.354042728838,299.251854180784
16.28,80,0,3502.90708830455,102.874310138048,4,0.998944023793836,0.948944023793836,315.34981049695,299.2493180756
16.29,80,0,3503.53376334387,102.898081688887,4,0.998948715542539,0.948948715542539,315.345579734977,299.246782841524
16.3,80,0,3504.16022501181,102.921847136976,4,0.998953405756675,0.948953405756675,315.341350442498,299.244248478318
16.31,80,0,3504.78647336784,102.945606482575,4,0.998958094436628,0.948958094436628,315.337122619092,299.241714985743
16.32,80,0,3505.41250847141,102.969359725947,4,0.998962781582778,0.948962781582778,315.332896264338,299.23918236356
16.33,80,0,3506.03833038197,102.993106867358,4,0.998967467195507,0.948967467195507,315.328671377817,299.236650611531
16.34,80,0,3506.66393915896,103.016847907069,4,0.998972151275197,0.948972151275197,315.324447959105,299.234119729416
16.35,80,0,3507.28933486178,103.040582845348,4,0.99897683382223,0.94897683382223,315.320226007786,299.231589716978
16.36,80,0,3507.91451754986,103.064311682461,4,0.998981514836987,0.948981514836987,315.316005523435,299.229060573977
16.37,80,0,3508.5394872826,103.088034418674,4,0.998986194319851,0.948986194319851,315.311786505635,299.226532300176
16.38,80,0,3509.16424411938,103.111751054256,4,0.998990872271201,0.948990872271201,315.307568953964,299.224004895334
16.39,80,0,3509.78878811957,103.135461589477,4,0.99899554869142,0.94899554869142,315.303352868003,299.221478359215
16.4,80,0,3510.4131745444,103.159166009733,4,0.999000222152646,0.949000222152646,315.298262086513,299.218120764444
16.41,80,0,3511.04145955253,103.182863219526,4,0.999004787722628,0.949004787722628,315.278543466939,299.200847216341
16.42,80,0,3511.6752575152,103.20655277336,4,0.999009203676905,0.949009203676905,315.264166178475,299.188595292898
16.43,80,0,3512.31257685864,103.230235199219,4,0.99901352157607,0.94901352157607,315.253272574811,299.179618394602
16.44,80,0,3512.95211874775,103.253910841541,4,0.99901777504283,0.94901777504283,315.244651679323,299.172777930864
16.45,80,0,3513.59303598437,103.277579925108,4,0.999021986006338,0.949021986006338,315.237513896831,299.167331502071
16.46,80,0,3514.23477587946,103.301242596669,4,0.999026168771346,0.949026168771346,315.231344288109,299.162794946385
16.47,80,0,3514.87697782585,103.324898952081,4,0.999030332670505,0.949030332670505,315.225806975135,299.158852459941
16.48,80,0,3515.51940651467,103.348549054006,4,0.999034483793497,0.949034483793497,315.220682841106,299.155298021142
16.49,80,0,3516.16190838375,103.372192943446,4,0.999038626114513,0.949038626114513,315.215828919408,299.151997207223
16.5,80,0,3516.80438321169,103.395830647272,4,0.999042762227547,0.949042762227547,315.211151915549,299.148862298859
16.51,80,0,3517.44676558748,103.419462183132,4,0.999046893825988,0.949046893825988,315.206590940589,299.145836045644
16.52,80,0,3518.0890128207,103.443087562657,4,0.999051022015487,0.949051022015487,315.202106249674,299.142881077687
16.53,80,0,3518.73109705257,103.466706793548,4,0.999055147518081,0.949055147518081,315.197671896049,299.13997299866
16.54,80,0,3519.37300010743,103.49031988094,4,0.999059270805392,0.949059270805392,315.193270938486,299.137095879646
16.55,80,0,3520.01471013235,103.513926828295,4,0.999063392185549,0.949063392185549,315.188892314146,299.134239318869
16.56,80,0,3520.65621940341,103.537527637983,4,0.999067511859933,0.949067511859933,315.184528797841,299.131396522912
16.57,80,0,3521.29752289347,103.561122311658,4,0.999071629960209,0.949071629960209,315.180175670093,299.12856305436
16.58,80,0,3521.93861733702,103.58471085051,4,0.999075746572512,0.949075746572512,315.175829847695,299.125736014312
16.59,80,0,3522.57950061938,103.608293255424,4,0.999079861753232,0.949079861753232,315.171489316087,299.122913508672
16.6,80,0,3523.22017137785,103.631869527088,4,0.99908397553933,0.94908397553933,315.167152758739,299.120094299675
16.61,80,0,3523.86062874112,103.655439666059,4,0.999088087955073,0.949088087955073,315.162819315129,299.117277578326
16.62,80,0,3524.50087215903,103.67900367281,4,0.999092199016427,0.949092199016427,315.158488422666,299.114462815762
16.63,80,0,3525.14090129134,103.702561547762,4,0.99909630873394,0.94909630873394,315.154159713449,299.111649666181
16.64,80,0,3525.78071593503,103.726113291296,4,0.999100417114614,0.949100417114614,315.14983294681,299.108837903418
16.65,80,0,3526.42031597682,103.749658903774,4,0.999104524163134,0.949104524163134,315.145507965239,299.106027379497
16.66,80,0,3527.05970136208,103.773198385542,4,0.99910862988267,0.94910862988267,315.141184665595,299.103217997564
16.67,80,0,3527.69887207456,103.796731736935,4,0.999112734275402,0.949112734275402,315.136862980276,299.100409694183
16.68,80,0,3528.33782812309,103.820258958287,4,0.999116837342861,0.949116837342861,315.132542864923,299.097602427769
16.69,80,0,3528.97656953291,103.843780049923,4,0.999120939086157,0.949120939086156,315.128224290373,299.094796171032
16.7,80,0,3529.61509634002,103.867295012169,4,0.999125039506119,0.949125039506118,315.123907237405,299.091990906024
16.71,80,0,3530.25340858742,103.890803845351,4,0.999129138603397,0.949129138603397,315.1195916933,299.089186620916
16.72,80,0,3530.8915063227,103.914306549791,4,0.999133236378522,0.949133236378522,315.115277649592,299.086383307874
16.73,80,0,3531.52938959647,103.937803125816,4,0.999137332831948,0.949137332831948,315.110965100601,299.083580961685
16.74,80,0,3532.16705846129,103.961293573749,4,0.999141427964077,0.949141427964077,315.106654042464,299.080779578847
16.75,80,0,3532.80451297102,103.984777893916,4,0.999145521775277,0.949145521775277,315.102344472517,299.07797915698
16.76,80,0,3533.44175318034,104.008256086644,4,0.999149614265897,0.949149614265897,315.098036388869,299.075179694436
16.77,80,0,3534.07877914448,104.031728152258,4,0.999153705436269,0.949153705436269,315.093729790144,299.07238119005
16.78,80,0,3534.71559091903,104.055194091086,4,0.999157795286716,0.949157795286716,315.0894246753,299.069583642968
16.79,80,0,3535.35218855982,104.078653903458,4,0.999161883817558,0.949161883817558,315.085121043515,299.066787052546
16.8,80,0,3535.98857212282,104.102107589702,4,0.999165971029106,0.949165971029106,315.080818894108,299.063991418272
16.81,80,0,3536.62474166409,104.125555150149,4,0.999170056921672,0.949170056921672,315.076518226493,299.061196739723
16.82,80,0,3537.26069723975,104.148996585129,4,0.999174141495566,0.949174141495566,315.072219040147,299.058403016534
16.83,80,0,3537.89643890596,104.172431894975,4,0.999178224751095,0.949178224751094,315.067921334585,299.055610248379
16.84,80,0,3538.53196671892,104.195861080019,4,0.999182306688566,0.949182306688566,315.063625109351,299.052818434955
16.85,80,0,3539.16728073481,104.219284140596,4,0.999186387308287,0.949186387308287,315.059330364003,299.050027575976
16.86,80,0,3539.80238100983,104.24270107704,4,0.999190466610564,0.949190466610564,315.055037098115,299.047237671168
16.87,80,0,3540.4372676002,104.266111889687,4,0.999194544595703,0.949194544595703,315.050745311263,299.044448720261
16.88,80,0,3541.0719405621,104.289516578872,4,0.999198621264011,0.949198621264011,315.046455003033,299.041660722993
16.89,80,0,3541.70639995175,104.312915144934,4,0.999202696615793,0.949202696615793,315.042166173011,299.038873679102
16.9,80,0,3542.34064582532,104.336307588211,4,0.999206770651356,0.949206770651356,315.037878820787,299.036087588332
16.91,80,0,3542.97467823902,104.359693909042,4,0.999210843371005,0.949210843371005,315.033592945951,299.033302450424
16.92,80,0,3543.60849724902,104.383074107767,4,0.999214914775047,0.949214914775047,315.029308548096,299.030518265122
16.93,80,0,3544.2421029115,104.406448184727,4,0.999218984863787,0.949218984863787,315.025025626813,299.027735032172
16.94,80,0,3544.87549528263,104.429816140263,4,0.999223053637531,0.949223053637531,315.020744181694,299.024952751315
16.95,80,0,3545.50867441857,104.45317797472,4,0.999227121096585,0.949227121096585,315.016464212334,299.022171422299
16.96,80,0,3546.14164037549,104.476533688439,4,0.999231187241256,0.949231187241256,315.012185718324,299.019391044868
16.97,80,0,3546.77439320953,104.499883281767,4,0.999235252071848,0.949235252071848,315.00790869926,299.016611618768
16.98,80,0,3547.40693297684,104.523226755048,4,0.999239315588668,0.949239315588668,315.003633154734,299.013833143744
16.99,80,0,3548.03925973355,104.546564108628,4,0.999243377792021,0.949243377792021,314.99935908434,299.011055619541
17,80,0,3548.6713735358,104.569895342856,4,0.999247438682214,0.949247438682214,314.995086487671,299.008279045904
17.01,80,0,3549.30327443971,104.593220458078,4,0.999251498259552,0.949251498259552,314.990815364321,299.00550342258
17.02,80,0,3549.93496250139,104.616539454645,4,0.99925555652434,0.94925555652434,314.986545713885,299.002728749313
17.03,80,0,3550.56643777697,104.639852332905,4,0.999259613476886,0.949259613476886,314.982277535956,298.99995502585
17.04,80,0,3551.19770032253,104.663159093211,4,0.999263669117494,0.949263669117494,314.978010830127,298.997182251936
17.05,80,0,3551.82875019419,104.686459735913,4,0.999267723446471,0.94926772344647,314.973745595993,298.994410427316
17.06,80,0,3552.45958744803,104.709754261363,4,0.999271776464121,0.949271776464121,314.969481833149,298.991639551737
17.07,80,0,3553.09021214013,104.733042669917,4,0.999275828170752,0.949275828170752,314.965219541188,298.988869624944
17.08,80,0,3553.72062432658,104.756324961927,4,0.999279878566668,0.949279878566668,314.960958719704,298.986100646682
17.09,80,0,3554.35082406343,104.77960113775,4,0.999283927652176,0.949283927652176,314.956699368292,298.983332616698
17.1,80,0,3554.98081140677,104.802871197741,4,0.999287975427581,0.949287975427581,314.952441486546,298.980565534737
17.11,80,0,3555.61058641264,104.826135142257,4,0.999292021893189,0.949292021893189,314.948185074059,298.977799400544
17.12,80,0,3556.24014913709,104.849392971657,4,0.999296067049306,0.949296067049306,314.943930130428,298.975034213867
17.13,80,0,3556.86949963617,104.872644686298,4,0.999300110896237,0.949300110896237,314.939676655246,298.97226997445
17.14,80,0,3557.49863796592,104.895890286542,4,0.999304153434289,0.949304153434289,314.935424648107,298.96950668204
17.15,80,0,3558.12756418236,104.919129772747,4,0.999308194663766,0.949308194663766,314.931174108607,298.966744336382
17.16,80,0,3558.75627834153,104.942363145277,4,0.999312234584976,0.949312234584975,314.926925036339,298.963982937222
17.17,80,0,3559.38478049942,104.965590404493,4,0.999316273198222,0.949316273198222,314.922677430899,298.961222484307
17.18,80,0,3560.01307071207,104.988811550758,4,0.999320310503812,0.949320310503812,314.918431291882,298.958462977382
17.19,80,0,3560.64114903546,105.012026584436,4,0.99932434650205,0.94932434650205,314.91418661888,298.955704416193
17.2,80,0,3561.2690155256,105.035235505893,4,0.999328381193243,0.949328381193243,314.909943411491,298.952946800486
17.21,80,0,3561.89667023848,105.058438315494,4,0.999332414577696,0.949332414577696,314.905701669308,298.950190130008
17.22,80,0,3562.52411323007,105.081635013607,4,0.999336446655715,0.949336446655715,314.901461391927,298.947434404504
17.23,80,0,3563.15134455637,105.104825600598,4,0.999340477427606,0.949340477427606,314.897222578943,298.94467962372
17.24,80,0,3563.77836427332,105.128010076837,4,0.999344506893673,0.949344506893673,314.89298522995,298.941925787404
17.25,80,0,3564.40517243691,105.151188442692,4,0.999348535054224,0.949348535054224,314.888749344543,298.939172895298
17.26,80,0,3565.03176910308,105.174360698534,4,0.999352561909563,0.949352561909563,314.884514922318,298.936420947152
17.27,80,0,3565.65815432779,105.197526844734,4,0.999356587459996,0.949356587459996,314.88028196287,298.933669942712
17.28,80,0,3566.28432816697,105.220686881664,4,0.999360611705829,0.949360611705829,314.876050465795,298.930919881722
17.29,80,0,3566.91029067657,105.243840809697,4,0.999364634647367,0.949364634647367,314.871820430687,298.92817076393
17.3,80,0,3567.53604191251,105.266988629207,4,0.999368656284917,0.949368656284917,314.867591857141,298.925422589082
17.31,80,0,3568.16158193072,105.290130340569,4,0.999372676618783,0.949372676618783,314.863364744754,298.922675356923
17.32,80,0,3568.78691078711,105.313265944157,4,0.999376695649271,0.949376695649271,314.85913909312,298.9199290672
17.33,80,0,3569.41202853758,105.336395440349,4,0.999380713376687,0.949380713376687,314.854914901835,298.917183719661
17.34,80,0,3570.03693523806,105.359518829522,4,0.999384729801337,0.949384729801337,314.850692170496,298.91443931405
17.35,80,0,3570.66163094442,105.382636112053,4,0.999388744923525,0.949388744923525,314.846470898696,298.911695850114
17.36,80,0,3571.28611571256,105.405747288323,4,0.999392758743559,0.949392758743559,314.842251086032,298.9089533276
17.37,80,0,3571.91038959835,105.42885235871,4,0.999396771261742,0.949396771261742,314.838032732101,298.906211746256
17.38,80,0,3572.53445265769,105.451951323595,4,0.999400782478381,0.949400782478381,314.833815836497,298.903471105825
17.39,80,0,3573.15830494643,105.475044183361,4,0.999404792393782,0.949404792393782,314.829600398817,298.900731406056
17.4,80,0,3573.78194652043,105.49813093839,4,0.999408801008249,0.949408801008249,314.825386418655,298.897992646694
17.41,80,0,3574.40537743556,105.521211589065,4,0.999412808322088,0.949412808322088,314.821173895608,298.895254827486
17.42,80,0,3575.02859774765,105.54428613577,4,0.999416814335606,0.949416814335606,314.816962829273,298.892517948179
17.43,80,0,3575.65160751256,105.56735457889,4,0.999420819049107,0.949420819049107,314.812753219244,298.889782008519
17.44,80,0,3576.27440678611,105.590416918812,4,0.999424822462897,0.949424822462897,314.80854506512,298.887047008254
17.45,80,0,3576.89699562414,105.613473155923,4,0.999428824577281,0.949428824577281,314.804338366495,298.88431294713
17.46,80,0,3577.51937408246,105.636523290609,4,0.999432825392566,0.949432825392565,314.800133122964,298.881579824892
17.47,80,0,3578.14154221689,105.659567323261,4,0.999436824909055,0.949436824909055,314.795929334126,298.878847641288
17.48,80,0,3578.76350008325,105.682605254266,4,0.999440823127056,0.949440823127056,314.791726999576,298.876116396065
17.49,80,0,3579.38524773732,105.705637084016,4,0.999444820046873,0.949444820046873,314.78752611891,298.873386088969
17.5,80,0,3580.0067852349,105.728662812902,4,0.999448815668812,0.949448815668812,314.783326691725,298.870656719747
17.51,80,0,3580.62811263179,105.751682441315,4,0.999452809993179,0.949452809993179,314.779128717618,298.867928288147
17.52,80,0,3581.24922998376,105.774695969649,4,0.999456803020278,0.949456803020278,314.774932196184,298.865200793913
17.53,80,0,3581.87013734659,105.797703398298,4,0.999460794750416,0.949460794750416,314.770737127021,298.862474236796
17.54,80,0,3582.49083477604,105.820704727656,4,0.999464785183897,0.949464785183897,314.766543509725,298.859748616539
17.55,80,0,3583.11132232788,105.843699958118,4,0.999468774321027,0.949468774321027,314.762351343892,298.857023932889
17.56,80,0,3583.73160005785,105.866689090082,4,0.999472762162112,0.949472762162112,314.75816062912,298.854300185596
17.57,80,0,3584.35166802171,105.889672123944,4,0.999476748707457,0.949476748707457,314.753971365005,298.851577374405
17.58,80,0,3584.9715262752,105.912649060102,4,0.999480733957368,0.949480733957368,314.749783551145,298.848855499064
17.59,80,0,3585.59117487404,105.935619898955,4,0.999484717912149,0.949484717912149,314.745597187135,298.846134559318
17.6,80,0,3586.21061387397,105.958584640904,4,0.999488700572106,0.949488700572106,314.741412272573,298.843414554915
17.61,80,0,3586.82984333071,105.981543286349,4,0.999492681937545,0.949492681937545,314.737228807057,298.840695485603
17.62,80,0,3587.44886329997,106.004495835691,4,0.999496662008771,0.949496662008771,314.733046790182,298.837977351128
17.63,80,0,3588.06767383745,106.027442289332,4,0.99950064078609,0.94950064078609,314.728866221545,298.835260151237
17.64,80,0,3588.68627499886,106.050382647677,4,0.999504618269805,0.949504618269805,314.724687100746,298.832543885677
17.65,80,0,3589.30466683988,106.073316911129,4,0.999508594460224,0.949508594460224,314.720509427379,298.829828554197
17.66,80,0,3589.92284941621,106.096245080093,4,0.999512569357652,0.949512569357652,314.716333201043,298.827114156541
17.67,80,0,3590.54082278353,106.119167154975,4,0.999516542962393,0.949516542962393,314.712158421336,298.824400692459
17.68,80,0,3591.1585869975,106.142083136182,4,0.999520515274753,0.949520515274753,314.707985087853,298.821688161698
17.69,80,0,3591.77614211379,106.164993024121,4,0.999524486295038,0.949524486295037,314.703813200193,298.818976564003
17.7,80,0,3592.39348818806,106.1878968192,4,0.999528456023552,0.949528456023552,314.699642757954,298.816265899124
17.71,80,0,3593.01062527596,106.21079452183,4,0.999532424460601,0.949532424460601,314.695473760733,298.813556166806
17.72,80,0,3593.62755343315,106.233686132419,4,0.99953639160649,0.94953639160649,314.691306208127,298.810847366798
17.73,80,0,3594.24427271525,106.256571651379,4,0.999540357461525,0.949540357461525,314.687140099734,298.808139498846
17.74,80,0,3594.8607831779,106.279451079122,4,0.999544322026011,0.949544322026011,314.682975435152,298.805432562699
17.75,80,0,3595.47708487672,106.30232441606,4,0.999548285300254,0.949548285300253,314.678812213977,298.802726558103
17.76,80,0,3596.09317786734,106.325191662606,4,0.999552247284557,0.949552247284557,314.67465043581,298.800021484806
17.77,80,0,3596.70906220535,106.348052819176,4,0.999556207979227,0.949556207979227,314.670490100247,298.797317342555
17.78,80,0,3597.32473794638,106.370907886185,4,0.999560167384569,0.949560167384569,314.666331206885,298.794614131098
17.79,80,0,3597.94020514601,106.393756864048,4,0.999564125500888,0.949564125500888,314.662173755323,298.791911850182
17.8,80,0,3598.55546385984,106.416599753182,4,0.999568082328489,0.949568082328489,314.65801774516,298.789210499555
17.81,80,0,3599.17051414345,106.439436554005,4,0.999572037867679,0.949572037867679,314.653863175993,298.786510078965
17.82,80,0,3599.78535605242,106.462267266936,4,0.99957599211876,0.94957599211876,314.64971004742,298.783810588159
17.83,80,0,3600.39787794748,106.485091847509,4,0.999579998170544,0.949579998170544,314.643690766658,298.779355302577
17.84,80,0,3601.00222432176,106.507909680312,4,0.999584202777585,0.949584202777585,314.630641752564,298.768287118008
17.85,80,0,3601.6007231447,106.530720024382,4,0.999588546684657,0.949588546684657,314.61264622618,298.752565498532
17.86,80,0,3602.1953074311,106.553522391914,4,0.999592980814594,0.949592980814594,314.591429701167,298.733813468656
17.87,80,0,3602.78723784015,106.576316465674,4,0.999597473166337,0.949597473166337,314.568117171668,298.713089204908
17.88,80,0,3603.37733665025,106.599102039646,4,0.999602002870946,0.949602002870946,314.54344216049,298.691082665523
17.89,80,0,3603.96614028676,106.621878980328,4,0.999606556317371,0.949606556317371,314.517882989408,298.668243765801
17.9,80,0,3604.55399875946,106.644647201512,4,0.999611124627106,0.949611124627106,314.491751602831,298.644865925513
17.91,80,0,3605.14114049413,106.667406647833,4,0.999615702007928,0.949615702007928,314.46525146553,298.621140527539
17.92,80,0,3605.72771460641,106.690157284044,4,0.999620284680577,0.949620284680577,314.438515304279,298.597192417787
17.93,80,0,3606.31381847001,106.712899088025,4,0.999624870178894,0.949624870178894,314.411629712701,298.573103048658
17.94,80,0,3606.89951569736,106.73563204622,4,0.999629456893418,0.949629456893418,314.384651193664,298.548925568665
17.95,80,0,3607.48484786856,106.758356150662,4,0.999634043773687,0.949634043773687,314.357616620296,298.52469466219
17.96,80,0,3608.0698421835,106.781071397033,4,0.999638630134058,0.949638630134058,314.330550058375,298.50043296672
17.97,80,0,3608.65451645489,106.803777783393,4,0.999643215527001,0.949643215527,314.303467216336,298.476155258607
17.98,80,0,3609.23888236666,106.826475309359,4,0.999647799660433,0.949647799660433,314.276378348281,298.451871183695
17.99,80,0,3609.82294760075,106.849163975564,4,0.999652382343762,0.949652382343762,314.249290148071,298.427587038952
18,80,0,3610.40671722547,106.871843783301,4,0.999656963452671,0.949656963452671,314.222206985306,298.403306935063
18.01,80,0,3610.99019460193,106.894514734298,4,0.999661542906126,0.949661542906126,314.195131712011,298.379033555222
18.02,80,0,3611.57338197595,106.917176830567,4,0.999666120651366,0.949666120651366,314.168066189175,298.354768650415
18.03,80,0,3612.15628086462,106.939830074301,4,0.999670696654101,0.949670696654101,314.14101163052,298.33051336278
18.04,80,0,3612.73889230878,106.962474467818,4,0.999675270892111,0.949675270892111,314.113968826952,298.306268436732
18.05,80,0,3613.32121703802,106.985110013513,4,0.99967984335106,0.94967984335106,314.086938293142,298.282034356845
18.06,80,0,3613.90325557843,107.007736713832,4,0.999684414021771,0.949684414021771,314.059920363261,298.257811437908
18.07,80,0,3614.48500832302,107.030354571256,4,0.999688982898432,0.949688982898432,314.032915253527,298.233599883751
18.08,80,0,3615.06647557778,107.052963588288,4,0.999693549977439,0.949693549977439,314.005923103052,298.20939982568
18.09,80,0,3615.64765759177,107.075563767445,4,0.999698115256624,0.949698115256624,313.978944000553,298.18521134759
18.1,80,0,3616.22855457675,107.098155111254,4,0.999702678734763,0.949702678734763,313.951978001793,298.16103450238
18.11,80,0,3616.8091667201,107.120737622247,4,0.99970724041125,0.94970724041125,313.925025140989,298.136869322681
18.12,80,0,3617.3894941932,107.143311302961,4,0.999711800285878,0.949711800285878,313.898085438269,298.112715827868
18.13,80,0,3617.96953715696,107.165876155936,4,0.999716358358708,0.949716358358708,313.871158904543,298.08857402865
18.14,80,0,3618.54929576537,107.188432183712,4,0.99972091462997,0.94972091462997,313.844245544695,298.064443930061
18.15,80,0,3619.12877016789,107.210979388834,4,0.999725469100008,0.949725469100008,313.817345359668,298.04032553343
18.16,80,0,3619.70796051101,107.233517773843,4,0.999730021769242,0.949730021769242,313.79045834782,298.016218837656
18.17,80,0,3620.28686693922,107.256047341283,4,0.999734572638138,0.949734572638138,313.763584505829,297.992123840054
18.18,80,0,3620.86548959567,107.278568093699,4,0.999739121707193,0.949739121707193,313.736723829267,297.9680405369
18.19,80,0,3621.44382862264,107.301080033635,4,0.999743668976927,0.949743668976927,313.709876312982,297.94396892379
18.2,80,0,3622.02188416179,107.323583163635,4,0.999748214447872,0.949748214447872,313.683041951358,297.919908995879
18.21,80,0,3622.59965635435,107.346077486245,4,0.999752758120569,0.949752758120569,313.656220738465,297.895860748031
18.22,80,0,3623.17714534126,107.368563004008,4,0.999757299995566,0.949757299995566,313.629412668177,297.871824174923
18.23,80,0,3623.75435126323,107.391039719469,4,0.999761840073413,0.949761840073413,313.602617734235,297.847799271106
18.24,80,0,3624.33127426079,107.413507635174,4,0.999766378354664,0.949766378354663,313.575835930299,297.823786031056
18.25,80,0,3624.90791447435,107.435966753666,4,0.999770914839872,0.949770914839872,313.549067249975,297.799784449197
18.26,80,0,3625.4842720442,107.458417077492,4,0.999775449529594,0.949775449529594,313.522311686832,297.775794519918
18.27,80,0,3626.06034711051,107.480858609195,4,0.999779982424387,0.949779982424387,313.495569234419,297.75181623759
18.28,80,0,3626.63613981339,107.503291351321,4,0.999784513524807,0.949784513524807,313.468839886274,297.727849596571
18.29,80,0,3627.21165029284,107.525715306415,4,0.999789042831411,0.949789042831411,313.442123635926,297.703894591211
18.3,80,0,3627.7868786888,107.548130477022,4,0.999793570344756,0.949793570344756,313.415420476902,297.67995121586
18.31,80,0,3628.36182514111,107.570536865685,4,0.999798096065401,0.949798096065401,313.388730402724,297.65601946486
18.32,80,0,3628.93648978956,107.592934474952,4,0.999802619993901,0.949802619993901,313.362053406919,297.63209933256
18.33,80,0,3629.51087277386,107.615323307366,4,0.999807142130814,0.949807142130814,313.335389483014,297.608190813307
18.34,80,0,3630.08497423362,107.637703365473,4,0.999811662476698,0.949811662476698,313.308738624535,297.584293901446
18.35,80,0,3630.65879430842,107.660074651818,4,0.999816181032109,0.949816181032109,313.282100825015,297.560408591331
18.36,80,0,3631.23233313773,107.682437168945,4,0.999820697797605,0.949820697797605,313.255476077986,297.536534877314
18.37,80,0,3631.80559086096,107.7047909194,4,0.999825212773742,0.949825212773742,313.228864376986,297.512672753749
18.38,80,0,3632.37856761747,107.727135905728,4,0.999829725961079,0.949829725961079,313.202265715556,297.488822214995
18.39,80,0,3632.9512635465,107.749472130475,4,0.999834237360171,0.949834237360171,313.175680087236,297.464983255412
18.4,80,0,3633.52367878728,107.771799596184,4,0.999838746971575,0.949838746971575,313.149107485573,297.441155869363
18.41,80,0,3634.0958134789,107.794118305401,4,0.99984325479585,0.94984325479585,313.122547904116,297.417340051215
18.42,80,0,3634.66766776044,107.816428260672,4,0.99984776083355,0.94984776083355,313.09600133642,297.393535795336
18.43,80,0,3635.23924177088,107.838729464542,4,0.999852265085233,0.949852265085232,313.069467776038,297.369743096098
18.44,80,0,3635.81053564911,107.861021919555,4,0.999856767551455,0.949856767551455,313.04294721653,297.345961947874
18.45,80,0,3636.38154953398,107.883305628257,4,0.999861268232773,0.949861268232773,313.016439651459,297.322192345042
18.46,80,0,3636.95228356427,107.905580593193,4,0.999865767129743,0.949865767129743,312.98994507439,297.298434281982
18.47,80,0,3637.52273787865,107.927846816908,4,0.999870264242923,0.949870264242923,312.963463478893,297.274687753076
18.48,80,0,3638.09291261577,107.950104301948,4,0.999874759572867,0.949874759572867,312.936994858539,297.250952752711
18.49,80,0,3638.66280791416,107.972353050857,4,0.999879253120133,0.949879253120133,312.910539206906,297.227229275274
18.5,80,0,3639.23242391232,107.994593066181,4,0.999883744885276,0.949883744885276,312.884096517571,297.203517315157
18.51,80,0,3639.80176074865,108.016824350464,4,0.999888234868852,0.949888234868852,312.857666784117,297.179816866752
18.52,80,0,3640.37081856149,108.039046906253,4,0.999892723071419,0.949892723071419,312.831250000128,297.156127924457
18.53,80,0,3640.9395974891,108.061260736092,4,0.999897209493531,0.949897209493531,312.804846159195,297.132450482672
18.54,80,0,3641.5080976697,108.083465842527,4,0.999901694135744,0.949901694135744,312.778455254909,297.108784535799
18.55,80,0,3642.07631924139,108.105662228102,4,0.999906176998615,0.949906176998615,312.752077280864,297.085130078241
18.56,80,0,3642.64426234224,108.127849895363,4,0.999910658082699,0.949910658082699,312.725712230662,297.061487104409
18.57,80,0,3643.21192711022,108.150028846856,4,0.999915137388552,0.949915137388552,312.699360097902,297.037855608711
18.58,80,0,3643.77931368326,108.172199085124,4,0.999919614916729,0.949919614916729,312.673020876192,297.014235585562
18.59,80,0,3644.34642219919,108.194360612714,4,0.999924090667787,0.949924090667786,312.646694559137,296.990627029377
18.6,80,0,3644.91325279578,108.216513432171,4,0.999928564642279,0.949928564642279,312.620381140352,296.967029934577
18.61,80,0,3645.47980561073,108.238657546039,4,0.999933036840763,0.949933036840763,312.59408061345,296.94344429558
18.62,80,0,3646.04608078167,108.260792956865,4,0.999937507263793,0.949937507263793,312.56779297205,296.919870106815
18.63,80,0,3646.61207844616,108.282919667192,4,0.999941975911924,0.949941975911924,312.541518209774,296.896307362706
18.64,80,0,3647.17779874169,108.305037679567,4,0.999946442785712,0.949946442785712,312.515256320246,296.872756057683
18.65,80,0,3647.74324180567,108.327146996535,4,0.999950907885712,0.949950907885712,312.489007297096,296.849216186182
18.66,80,0,3648.30840777545,108.34924762064,4,0.999955371212479,0.949955371212479,312.462771133954,296.825687742635
18.67,80,0,3648.8732967883,108.371339554428,4,0.999959832766568,0.949959832766568,312.436547824454,296.802170721483
18.68,80,0,3649.43790898143,108.393422800444,4,0.999964292548533,0.949964292548533,312.410337362235,296.778665117165
18.69,80,0,3650.00224449198,108.415497361233,4,0.999968750558931,0.949968750558931,312.384139740938,296.755170924126
18.7,80,0,3650.566303457,108.43756323934,4,0.999973206798314,0.949973206798314,312.357954954208,296.731688136812
18.71,80,0,3651.13008601349,108.459620437311,4,0.999977661267239,0.949977661267239,312.331782995691,296.708216749674
18.72,80,0,3651.69359229837,108.48166895769,4,0.99998211396626,0.94998211396626,312.305623859041,296.684756757163
18.73,80,0,3652.2568224485,108.503708803022,4,0.999986564895931,0.949986564895931,312.279477537908,296.661308153734
18.74,80,0,3652.81977660065,108.525739975853,4,0.999991014056807,0.949991014056807,312.253344025953,296.637870933844
18.75,80,0,3653.38245489154,108.547762478728,4,0.999995461449442,0.949995461449442,312.227223316836,296.614445091956
18.76,80,0,3653.94485745781,108.569776314191,4,0.999999907074391,0.949999907074391,312.20111540422,296.59103062253
18.77,80,0,3654.50698443604,108.591781484788,4,1.00000435093221,0.950004350932208,312.175020281772,296.567627520034
18.78,80,0,3655.06883596271,108.613777993064,4,1.00000879302345,0.950008793023447,312.148937943164,296.544235778936
18.79,80,0,3655.63041217428,108.635765841563,4,1.00001323334866,0.950013233348662,312.122868382069,296.520855393709
18.8,80,0,3656.19171320708,108.657745032832,4,1.00001767190841,0.950017671908407,312.096811592164,296.497486358824
18.81,80,0,3656.75273919742,108.679715569413,4,1.00002210870324,0.950022108703237,312.070767567128,296.474128668761
18.82,80,0,3657.31349028152,108.701677453854,4,1.00002654373371,0.950026543733706,312.044736300646,296.450782317999
18.83,80,0,3657.87396659553,108.723630688698,4,1.00003097700037,0.950030977000366,312.018717786404,296.427447301019
18.84,80,0,3658.43416827552,108.74557527649,4,1.00003540850377,0.950035408503773,311.992712018092,296.404123612308
18.85,80,0,3658.99409545751,108.767511219775,4,1.00003983824448,0.950039838244479,311.966718989403,296.380811246354
18.86,80,0,3659.55374827745,108.789438521099,4,1.00004426622304,0.950044266223038,311.940738694033,296.357510197645
18.87,80,0,3660.1131268712,108.811357183006,4,1.00004869244,0.950048692440005,311.914771125683,296.334220460678
18.88,80,0,3660.67223137456,108.833267208041,4,1.00005311689593,0.950053116895932,311.888816278054,296.310942029947
18.89,80,0,3661.23106192327,108.855168598748,4,1.00005753959137,0.950057539591372,311.862874144852,296.287674899952
18.9,80,0,3661.78961865299,108.877061357673,4,1.00006196052688,0.95006196052688,311.836944719788,296.264419065194
18.91,80,0,3662.34790169931,108.898945487359,4,1.00006637970301,0.950066379703008,311.811027996573,296.241174520177
18.92,80,0,3662.90591119775,108.920820990353,4,1.00007079712031,0.950070797120311,311.785123968923,296.217941259409
18.93,80,0,3663.46364728377,108.942687869198,4,1.00007521277934,0.950075212779339,311.759232630557,296.1947192774
18.94,80,0,3664.02111009276,108.96454612644,4,1.00007962668065,0.950079626680648,311.733353975197,296.171508568661
18.95,80,0,3664.57829976002,108.986395764622,4,1.00008403882479,0.95008403882479,311.707487996569,296.14830912771
18.96,80,0,3665.1352164208,109.00823678629,4,1.00008844921232,0.950088449212318,311.6816346884,296.125120949062
18.97,80,0,3665.69186021028,109.030069193987,4,1.00009285784378,0.950092857843784,311.655794044423,296.10194402724
18.98,80,0,3666.24823126357,109.05189299026,4,1.00009726471974,0.950097264719742,311.629966058373,296.078778356766
18.99,80,0,3666.80432971569,109.073708177651,4,1.00010166984074,0.950101669840744,311.604150723987,296.055623932167
19,80,0,3667.36015570162,109.095514758706,4,1.00010607320734,0.950106073207343,311.578348035008,296.032480747972
19.01,80,0,3667.91570935627,109.11731273597,4,1.00011047482009,0.950110474820092,311.552557985178,296.009348798712
19.02,80,0,3668.47099081444,109.139102111985,4,1.00011487467954,0.950114874679542,311.526780568248,295.986228078922
19.03,80,0,3669.02600021092,109.160882889298,4,1.00011927278625,0.950119272786247,311.501015777966,295.963118583138
19.04,80,0,3669.58073768038,109.182655070452,4,1.00012366914076,0.950123669140759,311.475263608088,295.940020305901
19.05,80,0,3670.13520335745,109.204418657991,4,1.00012806374363,0.95012806374363,311.449524052371,295.916933241754
19.06,80,0,3670.68939737669,109.226173654461,4,1.00013245659541,0.950132456595412,311.423797104574,295.89385738524
19.07,80,0,3671.24331987257,109.247920062404,4,1.00013684769666,0.950136847696657,311.398082758463,295.870792730909
19.08,80,0,3671.79697097952,109.269657884366,4,1.00014123704792,0.950141237047918,311.372381007803,295.847739273309
19.09,80,0,3672.35035083187,109.29138712289,4,1.00014562464975,0.950145624649746,311.346691846365,295.824697006997
19.1,80,0,3672.9034595639,109.313107780522,4,1.00015001050269,0.950150010502694,311.321015267923,295.801665926526
19.11,80,0,3673.45629730983,109.334819859803,4,1.00015439460731,0.950154394607313,311.295351266252,295.778646026456
19.12,80,0,3674.0088642038,109.35652336328,4,1.00015877696415,0.950158776964155,311.269699835132,295.755637301349
19.13,80,0,3674.56116037986,109.378218293496,4,1.00016315757377,0.950163157573771,311.244060968346,295.732639745767
19.14,80,0,3675.11318597203,109.399904652994,4,1.00016753643671,0.950167536436714,311.21843465968,295.709653354279
19.15,80,0,3675.66494111424,109.421582444319,4,1.00017191355354,0.950171913553535,311.192820902924,295.686678121454
19.16,80,0,3676.21642594036,109.443251670015,4,1.00017628892479,0.950176288924786,311.167219691869,295.663714041864
19.17,80,0,3676.76764058417,109.464912332626,4,1.00018066255102,0.950180662551017,311.141631020311,295.640761110084
19.18,80,0,3677.31858517941,109.486564434695,4,1.00018503443278,0.95018503443278,311.116054882049,295.61781932069
19.19,80,0,3677.86925985974,109.508207978766,4,1.00018940457063,0.950189404570627,311.090491270884,295.594888668266
19.2,80,0,3678.41966475875,109.529842967383,4,1.00019377296511,0.950193772965109,311.064940180622,295.571969147391
19.21,80,0,3678.96980000995,109.551469403089,4,1.00019813961678,0.950198139616776,311.039401605071,295.549060752654
19.22,80,0,3679.51966574681,109.573087288429,4,1.00020250452618,0.95020250452618,311.013875538042,295.526163478641
19.23,80,0,3680.06926210271,109.594696625946,4,1.00020686769387,0.950206867693872,310.988361973348,295.503277319943
19.24,80,0,3680.61858921096,109.616297418183,4,1.0002112291204,0.950211229120403,310.96286090481,295.480402271156
19.25,80,0,3681.16764720481,109.637889667683,4,1.00021558880632,0.950215588806324,310.937372326246,295.457538326875
19.26,80,0,3681.71643621745,109.659473376991,4,1.00021994675218,0.950219946752184,310.911896231482,295.434685481699
19.27,80,0,3682.26495638199,109.68104854865,4,1.00022430295854,0.950224302958536,310.886432614343,295.41184373023
19.28,80,0,3682.81320783147,109.702615185203,4,1.00022865742593,0.950228657425929,310.86098146866,295.389013067072
19.29,80,0,3683.36119069887,109.724173289193,4,1.00023301015491,0.950233010154915,310.835542788268,295.366193486833
19.3,80,0,3683.90890511709,109.745722863163,4,1.00023736114604,0.950237361146043,310.810116567001,295.343384984121
19.31,80,0,3684.45635121897,109.767263909657,4,1.00024171039986,0.950241710399864,310.784702798702,295.320587553552
19.32,80,0,3685.0035291373,109.788796431219,4,1.00024605791693,0.950246057916929,310.75930147721,295.297801189737
19.33,80,0,3685.55043900476,109.81032043039,4,1.00025040369779,0.950250403697787,310.733912596374,295.275025887297
19.34,80,0,3686.097080954,109.831835909714,4,1.00025474774299,0.950254747742989,310.708536150042,295.252261640851
19.35,80,0,3686.64345511758,109.853342871734,4,1.00025909005308,0.950259090053085,310.683172132066,295.229508445023
19.36,80,0,3687.18956162801,109.874841318993,4,1.00026343062862,0.950263430628624,310.657820536302,295.206766294438
19.37,80,0,3687.73540061772,109.896331254034,4,1.00026776947016,0.950267769470158,310.632481356608,295.184035183724
19.38,80,0,3688.28097221907,109.917812679399,4,1.00027210657824,0.950272106578236,310.607154586846,295.161315107514
19.39,80,0,3688.82627656436,109.939285597632,4,1.00027644195341,0.950276441953407,310.581840220881,295.138606060441
19.4,80,0,3689.37131378581,109.960750011274,4,1.00028077559622,0.950280775596221,310.556538252581,295.11590803714
19.41,80,0,3689.9160840156,109.98220592287,4,1.00028510750723,0.950285107507229,310.531248675817,295.093221032253
19.42,80,0,3690.46058738581,110.00365333496,4,1.00028943768698,0.950289437686979,310.505971484463,295.070545040419
19.43,80,0,3691.00482402846,110.025092250088,4,1.00029376613602,0.950293766136021,310.480706672395,295.047880056284
19.44,80,0,3691.54879407553,110.046522670797,4,1.0002980928549,0.950298092854904,310.455454233497,295.025226074495
19.45,80,0,3692.0924976589,110.067944599628,4,1.00030241784418,0.950302417844179,310.430214161649,295.002583089701
19.46,80,0,3692.63593491039,110.089358039124,4,1.00030674110439,0.950306741104394,310.404986450739,294.979951096556
19.47,80,0,3693.17910596176,110.110762991827,4,1.0003110626361,0.950311062636098,310.379771094659,294.957330089714
19.48,80,0,3693.7220109447,110.132159460279,4,1.00031538243984,0.95031538243984,310.354568087298,294.934720063832
19.49,80,0,3694.26464999082,110.153547447023,4,1.00031970051617,0.950319700516171,310.329377422554,294.912121013571
19.5,80,0,3694.8070232317,110.1749269546,4,1.00032401686564,0.950324016865638,310.304199094327,294.889532933595
19.51,80,0,3695.3491307988,110.196297985553,4,1.00032833148879,0.95032833148879,310.279033096518,294.866955818569
19.52,80,0,3695.89097282356,110.217660542424,4,1.00033264438618,0.950332644386177,310.253879423032,294.84438966316
19.53,80,0,3696.43254943732,110.239014627754,4,1.00033695555835,0.950336955558347,310.228738067779,294.821834462041
19.54,80,0,3696.97386077137,110.260360244085,4,1.00034126500585,0.950341265005849,310.203609024669,294.799290209884
19.55,80,0,3697.51490695693,110.281697393959,4,1.00034557272923,0.950345572729232,310.178492287618,294.776756901366
19.56,80,0,3698.05568812515,110.303026079918,4,1.00034987872904,0.950349878729043,310.153387850544,294.754234531166
19.57,80,0,3698.59620440711,110.324346304503,4,1.00035418300583,0.950354183005832,310.128295707366,294.731723093965
19.58,80,0,3699.13645593384,110.345658070255,4,1.00035848556015,0.950358485560147,310.10321585201,294.709222584448
19.59,80,0,3699.67644283627,110.366961379717,4,1.00036278639254,0.950362786392536,310.078148278401,294.6867329973
19.6,80,0,3700.2161652453,110.388256235429,4,1.00036708550355,0.950367085503548,310.053092980472,294.664254327212
19.61,80,0,3700.75562329174,110.409542639934,4,1.00037138289373,0.950371382893731,310.028049952154,294.641786568875
19.62,80,0,3701.29481710634,110.430820595771,4,1.00037567856363,0.950375678563632,310.003019187384,294.619329716985
19.63,80,0,3701.83374681978,110.452090105483,4,1.0003799725138,0.9503799725138,309.978000680102,294.596883766238
19.64,80,0,3702.37241256268,110.47335117161,4,1.00038426474478,0.950384264744783,309.95299442425,294.574448711335
19.65,80,0,3702.91081446559,110.494603796694,4,1.00038855525713,0.950388555257129,309.928000413773,294.552024546977
19.66,80,0,3703.44895265899,110.515847983275,4,1.00039284405138,0.950392844051384,309.903018642622,294.52961126787
19.67,80,0,3703.9868272733,110.537083733894,4,1.0003971311281,0.950397131128099,309.878049104746,294.507208868723
19.68,80,0,3704.52443843886,110.558311051092,4,1.00040141648782,0.950401416487819,309.853091794102,294.484817344245
19.69,80,0,3705.06178628596,110.57952993741,4,1.00040570013109,0.950405700131092,309.828146704646,294.462436689148
19.7,80,0,3705.59887094482,110.600740395388,4,1.00040998205847,0.950409982058467,309.803213830341,294.44006689815
19.71,80,0,3706.13569254558,110.621942427568,4,1.00041426227049,0.95041426227049,309.77829316515,294.417707965968
19.72,80,0,3706.67225121833,110.643136036488,4,1.00041854076771,0.950418540767709,309.75338470304,294.395359887322
19.73,80,0,3707.20854709308,110.664321224691,4,1.00042281755067,0.95042281755067,309.728488437983,294.373022656938
19.74,80,0,3707.74458029978,110.685497994716,4,1.00042709261992,0.950427092619922,309.70360436395,294.350696269539
19.75,80,0,3708.28035096833,110.706666349103,4,1.00043136597601,0.950431365976012,309.678732474918,294.328380719856
19.76,80,0,3708.81585922853,110.727826290392,4,1.00043563761949,0.950435637619485,309.653872764868,294.30607600262
19.77,80,0,3709.35110521014,110.748977821124,4,1.00043990755089,0.95043990755089,309.629025227781,294.283782112565
19.78,80,0,3709.88608904284,110.770120943839,4,1.00044417577077,0.950444175770774,309.604189857643,294.261499044426
19.79,80,0,3710.42081085625,110.791255661076,4,1.00044844227968,0.950448442279682,309.579366648443,294.239226792943
19.8,80,0,3710.95527077993,110.812381975376,4,1.00045270707816,0.950452707078162,309.554555594171,294.216965352858
19.81,80,0,3711.48946894336,110.833499889277,4,1.00045697016676,0.950456970166761,309.529756688826,294.194714718916
19.82,80,0,3712.02340547596,110.85460940532,4,1.00046123154603,0.950461231546025,309.5049699264,294.172474885862
19.83,80,0,3712.55708050708,110.875710526045,4,1.0004654912165,0.950465491216501,309.480195300899,294.150245848448
19.84,80,0,3713.09049416602,110.89680325399,4,1.00046974917874,0.950469749178735,309.455432806324,294.128027601423
19.85,80,0,3713.623646582,110.917887591696,4,1.00047400543327,0.950474005433274,309.430682436683,294.105820139546
19.86,80,0,3714.15653788417,110.9389635417,4,1.00047825998066,0.950478259980663,309.405944185986,294.08362345757
19.87,80,0,3714.68916820162,110.960031106544,4,1.00048251282145,0.950482512821449,309.381218048246,294.061437550258
19.88,80,0,3715.22153766338,110.981090288765,4,1.00048676395618,0.950486763956179,309.356504017479,294.03926241237
19.89,80,0,3715.75364639841,111.002141090903,4,1.0004910133854,0.950491013385397,309.331802087704,294.017098038673
19.9,80,0,3716.2854945356,111.023183515496,4,1.00049526110965,0.950495261109651,309.307112252944,293.994944423934
19.91,80,0,3716.81708220378,111.044217565084,4,1.00049950712949,0.950499507129487,309.282434507223,293.972801562923
19.92,80,0,3717.34840953171,111.065243242206,4,1.00050375144545,0.950503751445449,309.257768844571,293.950669450414
19.93,80,0,3717.87947664808,111.086260549399,4,1.00050799405808,0.950507994058084,309.233115259018,293.928548081181
19.94,80,0,3718.41028368153,111.107269489203,4,1.00051223496794,0.950512234967937,309.208473744599,293.906437450004
19.95,80,0,3718.94083076062,111.128270064156,4,1.00051647417556,0.950516474175555,309.18384429535,293.88433755166
19.96,80,0,3719.47111801385,111.149262276796,4,1.00052071168148,0.950520711681482,309.159226905315,293.862248380937
19.97,80,0,3720.00114556965,111.170246129662,4,1.00052494748626,0.950524947486264,309.134621568534,293.840169932617
19.98,80,0,3720.5309135564,111.191221625292,4,1.00052918159045,0.950529181590447,309.110028279054,293.81810220149
19.99,80,0,3721.06042210239,111.212188766224,4,1.00053341399458,0.950533413994576,309.085447030927,293.796045182346
20,80,0,3721.58967133586,111.233147554996,4,1.0005376446992,0.950537644699196,309.060877818202,293.773998869979
20.01,80,0,3722.11866138498,111.254097994145,4,1.00054187370485,0.950541873704851,309.036320634936,293.751963259186
20.02,80,0,3722.64739237786,111.27504008621,4,1.00054610101209,0.950546101012089,309.011775475189,293.729938344764
20.03,80,0,3723.17586444255,111.295973833729,4,1.00055032662145,0.950550326621452,308.987242333022,293.707924121516
20.04,80,0,3723.70407770701,111.316899239238,4,1.00055455053349,0.950554550533487,308.962721202499,293.685920584244
20.05,80,0,3724.23203229916,111.337816305276,4,1.00055877274874,0.950558772748737,308.938212077688,293.663927727756
20.06,80,0,3724.75972834684,111.35872503438,4,1.00056299326775,0.950562993267749,308.913714952659,293.64194554686
20.07,80,0,3725.28716597783,111.379625429086,4,1.00056721209107,0.950567212091066,308.889229821487,293.619974036367
20.08,80,0,3725.81434531986,111.400517491933,4,1.00057142921923,0.950571429219233,308.864756678247,293.598013191092
20.09,80,0,3726.34126650056,111.421401225458,4,1.0005756446528,0.950575644652795,308.84029551702,293.576063005851
20.1,80,0,3726.86792964753,111.442276632197,4,1.0005798583923,0.950579858392296,308.815846331889,293.554123475464
20.11,80,0,3727.39433488828,111.463143714687,4,1.00058407043828,0.950584070438281,308.791409116938,293.532194594752
20.12,80,0,3727.92048235027,111.484002475465,4,1.00058828079129,0.950588280791294,308.766983866258,293.510276358539
20.13,80,0,3728.44637216088,111.504852917067,4,1.00059248945188,0.950592489451878,308.742570573939,293.488368761653
20.14,80,0,3728.97200444746,111.525695042031,4,1.00059669642058,0.950596696420579,308.718169234077,293.466471798922
20.15,80,0,3729.49737933724,111.546528852893,4,1.00060090169794,0.950600901697941,308.693779840769,293.444585465181
20.16,80,0,3730.02249695744,111.567354352188,4,1.00060510528451,0.950605105284507,308.669402388115,293.42270975526
20.17,80,0,3730.54735743518,111.588171542454,4,1.00060930718082,0.950609307180821,308.64503687022,293.400844663999
20.18,80,0,3731.07196089752,111.608980426227,4,1.00061350738743,0.950613507387427,308.620683281191,293.378990186238
20.19,80,0,3731.59630747148,111.629781006041,4,1.00061770590487,0.950617705904869,308.596341615137,293.357146316816
20.2,80,0,3732.12039728398,111.650573284434,4,1.00062190273369,0.950621902733691,308.572011866171,293.335313050582
20.21,80,0,3732.64423046189,111.671357263941,4,1.00062609787444,0.950626097874436,308.547694028408,293.31349038238
20.22,80,0,3733.16780713203,111.692132947098,4,1.00063029132765,0.950630291327647,308.523388095967,293.291678307062
20.23,80,0,3733.69112742113,111.712900336441,4,1.00063448309387,0.95063448309387,308.49909406297,293.269876819479
20.24,80,0,3734.21419145588,111.733659434504,4,1.00063867317365,0.950638673173645,308.474811923542,293.248085914485
20.25,80,0,3734.73699936289,111.754410243823,4,1.00064286156752,0.950642861567518,308.45054167181,293.22630558694
20.26,80,0,3735.25955126871,111.775152766934,4,1.00064704827603,0.950647048276031,308.426283301905,293.204535831702
20.27,80,0,3735.78184729982,111.795887006372,4,1.00065123329973,0.950651233299727,308.40203680796,293.182776643635
20.28,80,0,3736.30388758264,111.816612964671,4,1.00065541663915,0.950655416639149,308.377802184112,293.161028017602
20.29,80,0,3736.82567224353,111.837330644366,4,1.00065959829484,0.950659598294841,308.353579424501,293.139289948473
20.3,80,0,3737.34720140878,111.858040047993,4,1.00066377826735,0.950663778267346,308.329368523271,293.117562431117
20.31,80,0,3737.86847520462,111.878741178085,4,1.00066795655721,0.950667956557205,308.305169474564,293.095845460406
20.32,80,0,3738.38949375721,111.899434037178,4,1.00067213316496,0.950672133164963,308.28098227253,293.074139031216
20.33,80,0,3738.91025719266,111.920118627806,4,1.00067630809116,0.950676308091161,308.256806911321,293.052443138424
20.34,80,0,3739.43076563698,111.940794952503,4,1.00068048133634,0.950680481336342,308.232643385091,293.030757776911
20.35,80,0,3739.95101921617,111.961463013803,4,1.00068465290105,0.950684652901049,308.208491687998,293.00908294156
20.36,80,0,3740.47101805611,111.982122814241,4,1.00068882278582,0.950688822785825,308.184351814202,292.987418627256
20.37,80,0,3740.99076228266,112.00277435635,4,1.00069299099121,0.950692990991211,308.160223757866,292.965764828886
20.38,80,0,3741.5102520216,112.023417642664,4,1.00069715751775,0.95069715751775,308.136107513156,292.944121541342
20.39,80,0,3742.02948739863,112.044052675717,4,1.00070132236598,0.950701322365983,308.112003074243,292.922488759515
20.4,80,0,3742.54846853941,112.064679458042,4,1.00070548553645,0.950705485536455,308.087910435297,292.900866478301
20.41,80,0,3743.06719556953,112.085297992173,4,1.00070964702971,0.950709647029705,308.063829590496,292.879254692599
20.42,80,0,3743.5856686145,112.105908280644,4,1.00071380684628,0.950713806846277,308.039760534014,292.857653397308
20.43,80,0,3744.10388779979,112.126510325986,4,1.00071796498671,0.950717964986713,308.015703260037,292.836062587333
20.44,80,0,3744.62185325079,112.147104130735,4,1.00072212145155,0.950722121451553,307.991657762744,292.814482257577
20.45,80,0,3745.13956509284,112.167689697421,4,1.00072627624134,0.95072627624134,307.967624036326,292.792912402949
20.46,80,0,3745.65702345119,112.188267028579,4,1.00073042935662,0.950730429356615,307.943602074971,292.771353018359
20.47,80,0,3746.17422845106,112.208836126741,4,1.00073458079792,0.950734580797921,307.919591872872,292.749804098722
20.48,80,0,3746.69118021759,112.229396994439,4,1.0007387305658,0.950738730565798,307.895593424225,292.728265638951
20.49,80,0,3747.20787887584,112.249949634207,4,1.00074287866079,0.950742878660788,307.871606723229,292.706737633965
20.5,80,0,3747.72432455084,112.270494048575,4,1.00074702508343,0.950747025083433,307.847631764086,292.685220078685
20.51,80,0,3748.24051736753,112.291030240077,4,1.00075116983427,0.950751169834273,307.823668541,292.663712968033
20.52,80,0,3748.7564574508,112.311558211245,4,1.00075531291385,0.95075531291385,307.799717048178,292.642216296935
20.53,80,0,3749.27214492548,112.33207796461,4,1.00075945432271,0.950759454322705,307.775777279832,292.620730060319
20.54,80,0,3749.78757991631,112.352589502704,4,1.00076359406138,0.950763594061379,307.751849230175,292.599254253117
20.55,80,0,3750.302762548,112.373092828059,4,1.00076773213041,0.950767732130413,307.727932893423,292.57778887026
20.56,80,0,3750.81769294517,112.393587943207,4,1.00077186853035,0.950771868530348,307.704028263796,292.556333906684
20.57,80,0,3751.33237123241,112.414074850678,4,1.00077600326172,0.950776003261725,307.680135335515,292.534889357328
20.58,80,0,3751.8467975342,112.434553553005,4,1.00078013632508,0.950780136325084,307.656254102807,292.513455217131
20.59,80,0,3752.360971975,112.455024052718,4,1.00078426772097,0.950784267720965,307.632384559898,292.492031481037
20.6,80,0,3752.87489467918,112.475486352348,4,1.00078839744991,0.950788397449911,307.608526701021,292.470618143992
20.61,80,0,3753.38856577106,112.495940454426,4,1.00079252551246,0.950792525512461,307.584680520409,292.449215200943
20.62,80,0,3753.90198537489,112.516386361482,4,1.00079665190916,0.950796651909155,307.560846012299,292.427822646841
20.63,80,0,3754.41515361486,112.536824076048,4,1.00080077664053,0.950800776640534,307.53702317093,292.406440476638
20.64,80,0,3754.9280706151,112.557253600654,4,1.00080489970714,0.950804899707138,307.513211990546,292.385068685291
20.65,80,0,3755.44073649967,112.57767493783,4,1.00080902110951,0.950809021109507,307.489412465393,292.363707267758
20.66,80,0,3755.95315139257,112.598088090107,4,1.00081314084818,0.950813140848182,307.465624589719,292.342356218998
20.67,80,0,3756.46531541773,112.618493060013,4,1.0008172589237,0.950817258923702,307.441848357775,292.321015533976
20.68,80,0,3756.97722869904,112.63888985008,4,1.00082137533661,0.950821375336607,307.418083763814,292.299685207654
20.69,80,0,3757.4888913603,112.659278462837,4,1.00082549008744,0.950825490087438,307.394330802097,292.278365235004
20.7,80,0,3758.00030352526,112.679658900813,4,1.00082960317673,0.950829603176733,307.370589466882,292.257055610994
20.71,80,0,3758.5114653176,112.700031166539,4,1.00083371460503,0.950833714605033,307.346859752432,292.235756330597
20.72,80,0,3759.02237686096,112.720395262543,4,1.00083782437288,0.950837824372878,307.323141653014,292.214467388789
20.73,80,0,3759.53303827888,112.740751191354,4,1.00084193248081,0.950841932480806,307.299435162895,292.193188780547
20.74,80,0,3760.04344969487,112.761098955502,4,1.00084603892936,0.950846038929357,307.275740276348,292.171920500852
20.75,80,0,3760.55361123236,112.781438557515,4,1.00085014371907,0.950850143719071,307.252056987649,292.150662544686
20.76,80,0,3761.06352301473,112.801769999923,4,1.00085424685049,0.950854246850486,307.228385291075,292.129414907036
20.77,80,0,3761.57318516527,112.822093285254,4,1.00085834832414,0.950858348324143,307.204725180905,292.108177582888
20.78,80,0,3762.08259780725,112.842408416036,4,1.00086244814058,0.95086244814058,307.181076651424,292.086950567232
20.79,80,0,3762.59176106383,112.862715394797,4,1.00086654630034,0.950866546300337,307.157439696918,292.065733855062
20.8,80,0,3763.10067505815,112.883014224066,4,1.00087064280395,0.950870642803951,307.133814311676,292.044527441373
20.81,80,0,3763.60933991326,112.903304906371,4,1.00087473765196,0.950874737651963,307.11020048999,292.023331321161
20.82,80,0,3764.11775575216,112.92358744424,4,1.00087883084491,0.95087883084491,307.086598226156,292.002145489428
20.83,80,0,3764.62592269778,112.9438618402,4,1.00088292238333,0.950882922383333,307.06300751447,291.980969941174
20.84,80,0,3765.133840873,112.964128096779,4,1.00088701226777,0.950887012267768,307.039428349234,291.959804671407
20.85,80,0,3765.64151040062,112.984386216505,4,1.00089110049876,0.950891100498756,307.015860724752,291.938649675133
20.86,80,0,3766.14893140339,113.004636201904,4,1.00089518707683,0.950895187076834,306.99230463533,291.917504947361
20.87,80,0,3766.656104004,113.024878055504,4,1.00089927200254,0.950899272002541,306.968760075278,291.896370483105
20.88,80,0,3767.16302832507,113.045111779832,4,1.00090335527642,0.950903355276415,306.945227038908,291.875246277379
20.89,80,0,3767.66970448915,113.065337377414,4,1.00090743689899,0.950907436898995,306.921705520534,291.854132325199
20.9,80,0,3768.17613261875,113.085554850778,4,1.00091151687082,0.950911516870818,306.898195514477,291.833028621588
20.91,80,0,3768.68231283629,113.105764202449,4,1.00091559519242,0.950915595192422,306.874697015055,291.811935161565
20.92,80,0,3769.18824526417,113.125965434955,4,1.00091967186435,0.950919671864347,306.851210016593,291.790851940156
20.93,80,0,3769.69393002468,113.146158550821,4,1.00092374688713,0.950923746887129,306.827734513417,291.769778952388
20.94,80,0,3770.19936724008,113.166343552573,4,1.00092782026131,0.950927820261307,306.804270499858,291.74871619329
20.95,80,0,3770.70455703255,113.186520442737,4,1.00093189198742,0.950931891987417,306.780817970248,291.727663657895
20.96,80,0,3771.20949952421,113.20668922384,4,1.000935962066,0.950935962065999,306.757376918921,291.706621341236
20.97,80,0,3771.71419483715,113.226849898406,4,1.00094003049759,0.950940030497589,306.733947340216,291.685589238351
20.98,80,0,3772.21864309334,113.247002468961,4,1.00094409728273,0.950944097282726,306.710529228476,291.66456734428
20.99,80,0,3772.72284441474,113.26714693803,4,1.00094816242195,0.950948162421945,306.687122578042,291.643555654062
21,80,0,3773.22679892323,113.287283308139,4,1.00095222591579,0.950952225915786,306.663727383261,291.622554162744
21.01,80,0,3773.73050674061,113.307411581812,4,1.00095628776478,0.950956287764785,306.640343638485,291.601562865372
21.02,80,0,3774.23396798864,113.327531761574,4,1.00096034796948,0.950960347969479,306.616971338065,291.580581756994
21.03,80,0,3774.73718278902,113.34764384995,4,1.00096440653041,0.950964406530406,306.593610476356,291.559610832662
21.04,80,0,3775.24015126337,113.367747849464,4,1.0009684634481,0.950968463448102,306.570261047716,291.53865008743
21.05,80,0,3775.74287353327,113.38784376264,4,1.0009725187231,0.950972518723104,306.546923046507,291.517699516354
21.06,80,0,3776.24534972022,113.407931592003,4,1.00097657235595,0.95097657235595,306.523596467092,291.496759114494
21.07,80,0,3776.74757994567,113.428011340077,4,1.00098062434718,0.950980624347176,306.500281303839,291.47582887691
21.08,80,0,3777.249564331,113.448083009385,4,1.00098467469732,0.950984674697319,306.476977551117,291.454908798666
21.09,80,0,3777.75130299754,113.468146602451,4,1.00098872340692,0.950988723406916,306.453685203297,291.433998874828
21.1,80,0,3778.25279606655,113.488202121798,4,1.0009927704765,0.950992770476502,306.430404254756,291.413099100465
21.11,80,0,3778.75404365923,113.508249569951,4,1.00099681590661,0.950996815906615,306.407134699873,291.392209470648
21.12,80,0,3779.25516727703,113.528288916742,4,1.00100042835823,0.95100042835823,306.371324255249,291.35926060342
21.13,80,0,3779.77170630723,113.548315871646,4,1.00100225559077,0.951002255590766,306.306716033733,291.29837785068
21.14,80,0,3780.30220376277,113.568330701271,4,1.00100390754635,0.951003907546354,306.258628044838,291.253151990426
21.15,80,0,3780.84064882345,113.58833496293,4,1.00100545805107,0.951005458051065,306.220080549447,291.216967967361
21.16,80,0,3781.38357153599,113.608329556824,4,1.00100694972084,0.951006949720839,306.187046902128,291.186009518424
21.17,80,0,3781.92896813606,113.628315003983,4,1.00100840716312,0.951008407163119,306.157203068116,291.158074031324
21.18,80,0,3782.47568124345,113.648291606555,4,1.00100984459049,0.951009844590486,306.129207240884,291.131889802762
21.19,80,0,3783.0230422181,113.668259540299,4,1.00101127021364,0.951011270213639,306.102284498006,291.106722395745
21.2,80,0,3783.57066471329,113.688218907973,4,1.00101268877699,0.95101268877699,306.075987195995,291.082147553335
21.21,80,0,3784.11832547062,113.70816977016,4,1.0010141030226,0.951014103022601,306.050056690137,291.057920143187
21.22,80,0,3784.66589547228,113.728112163076,4,1.00101551453561,0.951015514535609,306.02434350555,291.033898499353
21.23,80,0,3785.2133001684,113.748046108847,4,1.00101692423256,0.951016924232557,305.998761239958,291.010000733397
21.24,80,0,3785.76049649611,113.767971621463,4,1.00101833264353,0.951018332643532,305.973259938644,290.986179500355
21.25,80,0,3786.30745959814,113.7878887102,4,1.0010197400752,0.951019740075198,305.947810712935,290.962407420791
21.26,80,0,3786.85417514559,113.807797381615,4,1.00102114670503,0.951021146705029,305.922396852338,290.938668657261
21.27,80,0,3787.40063489938,113.827697640689,4,1.00102255263578,0.951022552635777,305.897008687881,290.914954045997
21.28,80,0,3787.9468341435,113.847589491492,4,1.00102395792698,0.951023957926976,305.871640622825,290.891258282737
21.29,80,0,3788.49277020055,113.867472937566,4,1.00102536261315,0.951025362613151,305.846289415938,290.867578295679
21.3,80,0,3789.0384415729,113.887347982148,4,1.00102676671436,0.951026766714357,305.820953188741,290.843912304591
21.31,80,0,3789.58384744586,113.907214628298,4,1.00102817024227,0.951028170242272,305.79563085131,290.820259276602
21.32,80,0,3790.12898740009,113.927072878975,4,1.00102957320373,0.951029573203727,305.770321770106,290.79661861139
21.33,80,0,3790.6738612452,113.946922737077,4,1.00103097560274,0.951030975602744,305.745025575782,290.772989959022
21.34,80,0,3791.21846892335,113.966764205466,4,1.00103237744172,0.95103237744172,305.71974205195,290.749373114535
21.35,80,0,3791.76281045347,113.986597286987,4,1.00103377872211,0.951033778722109,305.6944710708,290.72576795692
21.36,80,0,3792.30688589897,114.006421984471,4,1.00103517944482,0.951035179444822,305.669212555831,290.702174413792
21.37,80,0,3792.85069534899,114.026238300744,4,1.00103657961045,0.95103657961045,305.64396646026,290.678592440937
21.38,80,0,3793.39423890757,114.046046238625,4,1.00103797921941,0.951037979219405,305.618732754532,290.655022010466
21.39,80,0,3793.93751668739,114.065845800933,4,1.00103937827199,0.951039378271991,305.593511419072,290.631463103949
21.4,80,0,3794.48052880607,114.085636990485,4,1.00104077676845,0.951040776768449,305.568302440089,290.607915708438
21.41,80,0,3795.02327538412,114.105419810095,4,1.00104217470899,0.951042174708986,305.543105807153,290.584379814173
21.42,80,0,3795.56575654368,114.12519426258,4,1.00104357209379,0.951043572093788,305.517921511778,290.560855413231
21.43,80,0,3796.10797240781,114.144960350752,4,1.00104496892303,0.951044968923028,305.49274954661,290.537342498766
21.44,80,0,3796.6499231001,114.164718077427,4,1.00104636519687,0.951046365196875,305.467589904949,290.513841064552
21.45,80,0,3797.19160874441,114.184467445417,4,1.00104776091549,0.951047760915489,305.442442580481,290.490351104724
21.46,80,0,3797.73302946475,114.204208457535,4,1.00104915607903,0.951049156079033,305.41730756711,290.466872613631
21.47,80,0,3798.27418538519,114.223941116595,4,1.00105055068767,0.951050550687665,305.392184858875,290.443405585742
21.48,80,0,3798.81507662979,114.243665425409,4,1.00105194474154,0.951051944741544,305.367074449888,290.419950015601
21.49,80,0,3799.35570332262,114.263381386789,4,1.00105333824083,0.951053338240827,305.341976334308,290.396505897795
21.5,80,0,3799.8960655877,114.283089003548,4,1.00105473118567,0.951054731185672,305.316890506321,290.373073226935
21.51,80,0,3800.43616354905,114.302788278496,4,1.00105612357624,0.951056123576237,305.291816960131,290.349651997649
21.52,80,0,3800.97599733059,114.322479214446,4,1.00105751541268,0.95105751541268,305.266755689951,290.326242204574
21.53,80,0,3801.51556705624,114.342161814208,4,1.00105890669516,0.951058906695157,305.241706690005,290.30284384236
21.54,80,0,3802.05487284985,114.361836080593,4,1.00106029742383,0.951060297423826,305.216669954516,290.279456905652
21.55,80,0,3802.59391483521,114.381502016412,4,1.00106168759884,0.951061687598844,305.191645477717,290.256081389106
21.56,80,0,3803.13269313608,114.401159624475,4,1.00106307722037,0.951063077220369,305.166633253841,290.232717287378
21.57,80,0,3803.67120787615,114.420808907592,4,1.00106446628856,0.951064466288559,305.141633277128,290.20936459513
21.58,80,0,3804.20945917908,114.440449868573,4,1.00106585480357,0.95106585480357,305.116645541814,290.186023307023
21.59,80,0,3804.74744716846,114.460082510226,4,1.00106724276556,0.95106724276556,305.091670042145,290.162693417723
21.6,80,0,3805.28517196783,114.479706835361,4,1.00106863017469,0.951068630174686,305.066706772364,290.139374921895
21.61,80,0,3805.82263370069,114.499322846788,4,1.00107001703111,0.951070017031107,305.041755726718,290.116067814209
21.62,80,0,3806.35983249049,114.518930547313,4,1.00107140333498,0.951071403334978,305.016816899458,290.092772089336
21.63,80,0,3806.8967684606,114.538529939746,4,1.00107278908646,0.951072789086459,304.991890284838,290.069487741952
21.64,80,0,3807.43344173437,114.558121026895,4,1.00107417428571,0.951074174285705,304.966975877111,290.046214766732
21.65,80,0,3807.96985243509,114.577703811566,4,1.00107555893288,0.951075558932875,304.942073670535,290.022953158354
21.66,80,0,3808.50600068599,114.597278296568,4,1.00107694302813,0.951076943028127,304.917183659369,289.999702911499
21.67,80,0,3809.04188661025,114.616844484707,4,1.00107832657162,0.951078326571616,304.892305837876,289.976464020849
21.68,80,0,3809.57751033101,114.636402378791,4,1.0010797095635,0.951079709563502,304.86744020032,289.953236481089
21.69,80,0,3810.11287197134,114.655951981625,4,1.00108109200394,0.951081092003942,304.842586740968,289.930020286906
21.7,80,0,3810.64797165428,114.675493296016,4,1.00108247389309,0.951082473893092,304.817745454091,289.906815432991
21.71,80,0,3811.18280950281,114.695026324769,4,1.00108385523111,0.951083855231111,304.792916333958,289.883621914035
21.72,80,0,3811.71738563984,114.714551070691,4,1.00108523601816,0.951085236018156,304.768099374845,289.86043972473
21.73,80,0,3812.25170018826,114.734067536586,4,1.00108661625439,0.951086616254385,304.743294571029,289.837268859774
21.74,80,0,3812.78575327088,114.753575725259,4,1.00108799593996,0.951087995939955,304.718501916789,289.814109313864
21.75,80,0,3813.31954501049,114.773075639515,4,1.00108937507502,0.951089375075024,304.693721406405,289.790961081701
21.76,80,0,3813.85307552979,114.792567282158,4,1.00109075365975,0.951090753659749,304.668953034162,289.767824157988
21.77,80,0,3814.38634495146,114.812050655993,4,1.00109213169429,0.951092131694288,304.644196794346,289.744698537429
21.78,80,0,3814.91935339812,114.831525763823,4,1.0010935091788,0.951093509178798,304.619452681247,289.721584214732
21.79,80,0,3815.45210099232,114.850992608451,4,1.00109488611344,0.951094886113438,304.594720689154,289.698481184605
21.8,80,0,3815.98458785659,114.870451192681,4,1.00109626249836,0.951096262498364,304.570000812362,289.675389441761
21.81,80,0,3816.51681411339,114.889901519316,4,1.00109763833373,0.951097638333734,304.545293045168,289.652308980914
21.82,80,0,3817.04877988513,114.909343591158,4,1.00109901361971,0.951099013619706,304.520597381867,289.629239796777
21.83,80,0,3817.58048529417,114.928777411008,4,1.00110038835644,0.951100388356437,304.495913816761,289.60618188407
21.84,80,0,3818.11193046283,114.94820298167,4,1.00110176254409,0.951101762544086,304.471242344156,289.583135237514
21.85,80,0,3818.64311551335,114.967620305945,4,1.00110313618281,0.951103136182809,304.446582958355,289.560099851831
21.86,80,0,3819.17404056794,114.987029386634,4,1.00110450927276,0.951104509272765,304.421935653667,289.537075721746
21.87,80,0,3819.70470574876,115.006430226538,4,1.00110588181411,0.95110588181411,304.397300424401,289.514062841984
21.88,80,0,3820.23511117792,115.025822828458,4,1.001107253807,0.951107253807004,304.372677264871,289.491061207277
21.89,80,0,3820.76525697746,115.045207195194,4,1.0011086252516,0.951108625251602,304.348066169391,289.468070812353
21.9,80,0,3821.29514326939,115.064583329546,4,1.00110999614806,0.951109996148064,304.323467132281,289.445091651949
21.91,80,0,3821.82477017566,115.083951234314,4,1.00111136649655,0.951111366496546,304.298880147859,289.422123720799
21.92,80,0,3822.35413781817,115.103310912298,4,1.00111273629721,0.951112736297207,304.274305210447,289.39916701364
21.93,80,0,3822.88324631876,115.122662366296,4,1.0011141055502,0.951114105550204,304.249742314371,289.376221525213
21.94,80,0,3823.41209579923,115.142005599108,4,1.00111547425569,0.951115474255695,304.225191453959,289.353287250261
21.95,80,0,3823.94068638134,115.161340613531,4,1.00111684241384,0.951116842413837,304.200652623539,289.330364183529
21.96,80,0,3824.46901818676,115.180667412365,4,1.00111821002479,0.951118210024788,304.176125817443,289.307452319761
21.97,80,0,3824.99709133714,115.199985998407,4,1.00111957708871,0.951119577088707,304.151611030006,289.284551653708
21.98,80,0,3825.52490595409,115.219296374454,4,1.00112094360575,0.95112094360575,304.127108255565,289.261662180121
21.99,80,0,3826.05246215913,115.238598543304,4,1.00112230957608,0.951122309576075,304.102617488458,289.238783893752
22,80,0,3826.57976007375,115.257892507754,4,1.00112367499984,0.951123674999841,304.078138723029,289.215916789358
22.01,80,0,3827.10679981941,115.277178270601,4,1.0011250398772,0.951125039877205,304.053671953619,289.193060861697
22.02,80,0,3827.63358151748,115.29645583464,4,1.00112640420832,0.951126404208324,304.029217174577,289.170216105527
22.03,80,0,3828.1601052893,115.315725202667,4,1.00112776799336,0.951127767993357,304.00477438025,289.147382515612
22.04,80,0,3828.68637125615,115.334986377479,4,1.00112913123246,0.951129131232462,303.98034356499,289.124560086714
22.05,80,0,3829.21237953928,115.354239361871,4,1.0011304939258,0.951130493925795,303.95592472315,289.101748813602
22.06,80,0,3829.73813025986,115.373484158638,4,1.00113185607352,0.951131856073515,303.931517849087,289.078948691043
22.07,80,0,3830.26362353903,115.392720770574,4,1.00113321767578,0.95113321767578,303.907122937159,289.056159713809
22.08,80,0,3830.78885949786,115.411949200474,4,1.00113457873275,0.951134578732748,303.882739981726,289.033381876672
22.09,80,0,3831.3138382574,115.431169451132,4,1.00113593924458,0.951135939244576,303.858368977152,289.010615174408
22.1,80,0,3831.83855993861,115.450381525342,4,1.00113729921142,0.951137299211422,303.834009917801,288.987859601794
22.11,80,0,3832.36302466243,115.469585425897,4,1.00113865863344,0.951138658633443,303.809662798042,288.965115153608
22.12,80,0,3832.88723254973,115.48878115559,4,1.0011400175108,0.951140017510799,303.785327612245,288.942381824635
22.13,80,0,3833.41118372135,115.507968717214,4,1.00114137584365,0.951141375843647,303.761004354784,288.919659609657
22.14,80,0,3833.93487829806,115.527148113561,4,1.00114273363214,0.951142733632143,303.736693020032,288.89694850346
22.15,80,0,3834.45831640057,115.546319347424,4,1.00114409087645,0.951144090876448,303.712393602368,288.874248500834
22.16,80,0,3834.98149814958,115.565482421595,4,1.00114544757672,0.951145447576717,303.688106096172,288.851559596569
22.17,80,0,3835.50442366569,115.584637338864,4,1.00114680373311,0.95114680373311,303.663830495825,288.828881785457
22.18,80,0,3836.02709306949,115.603784102024,4,1.00114815934578,0.951148159345784,303.639566795711,288.806215062292
22.19,80,0,3836.5495064815,115.622922713864,4,1.0011495144149,0.951149514414896,303.615314990219,288.783559421872
22.2,80,0,3837.07166402218,115.642053177176,4,1.00115086894061,0.951150868940606,303.591075073737,288.760914858997
22.21,80,0,3837.59356581195,115.661175494749,4,1.00115222292307,0.95115222292307,303.566847040657,288.738281368468
22.22,80,0,3838.11521197119,115.680289669374,4,1.00115357636245,0.951153576362446,303.542630885374,288.71565894509
22.23,80,0,3838.63660262021,115.699395703839,4,1.00115492925889,0.951154929258893,303.518426602283,288.693047583665
22.24,80,0,3839.15773787929,115.718493600935,4,1.00115628161257,0.951156281612569,303.494234185784,288.670447279004
22.25,80,0,3839.67861786863,115.73758336345,4,1.00115763342363,0.95115763342363,303.470053630277,288.647858025917
22.26,80,0,3840.19924270841,115.756664994172,4,1.00115898469224,0.951158984692237,303.445884930167,288.625279819215
22.27,80,0,3840.71961251873,115.775738495889,4,1.00116033541854,0.951160335418545,303.42172807986,288.602712653714
22.28,80,0,3841.23972741967,115.794803871391,4,1.00116168560271,0.951161685602713,303.397583073764,288.580156524231
22.29,80,0,3841.75958753124,115.813861123463,4,1.0011630352449,0.951163035244899,303.37344990629,288.557611425584
22.3,80,0,3842.27919297341,115.832910254893,4,1.00116438434526,0.951164384345262,303.349328571851,288.535077352593
22.31,80,0,3842.79854386608,115.851951268469,4,1.00116573290396,0.951165732903958,303.325219064861,288.512554300083
22.32,80,0,3843.31764032911,115.870984166976,4,1.00116708092115,0.951167080921147,303.301121379741,288.490042262879
22.33,80,0,3843.83648248233,115.8900089532,4,1.00116842839699,0.951168428396985,303.277035510908,288.467541235807
22.34,80,0,3844.35507044549,115.909025629929,4,1.00116977533163,0.951169775331631,303.252961452787,288.445051213699
22.35,80,0,3844.87340433829,115.928034199946,4,1.00117112172524,0.951171121725244,303.228899199802,288.422572191387
22.36,80,0,3845.39148428041,115.947034666038,4,1.00117246757798,0.95117246757798,303.204848746381,288.400104163703
22.37,80,0,3845.90931039145,115.966027030988,4,1.00117381289,0.951173812889998,303.180810086953,288.377647125485
22.38,80,0,3846.42688279097,115.985011297583,4,1.00117515766146,0.951175157661455,303.15678321595,288.355201071571
22.39,80,0,3846.94420159847,116.003987468605,4,1.00117650189251,0.951176501892511,303.132768127807,288.332765996801
22.4,80,0,3847.46126693342,116.022955546839,4,1.00117784558332,0.951177845583322,303.108764816961,288.310341896019
22.41,80,0,3847.97807891522,116.041915535067,4,1.00117918873405,0.951179188734048,303.084773277851,288.287928764069
22.42,80,0,3848.49463766322,116.060867436074,4,1.00118053134485,0.951180531344845,303.060793504918,288.265526595799
22.43,80,0,3849.01094329675,116.079811252642,4,1.00118187341587,0.951181873415872,303.036825492607,288.243135386057
22.44,80,0,3849.52699593504,116.098746987553,4,1.00118321494729,0.951183214947288,303.012869235365,288.220755129696
22.45,80,0,3850.04279569731,116.11767464359,4,1.00118455593925,0.951184555939249,302.988924727639,288.198385821569
22.46,80,0,3850.55834270271,116.136594223534,4,1.00118589639191,0.951185896391914,302.964991963879,288.176027456531
22.47,80,0,3851.07363707034,116.155505730167,4,1.00118723630544,0.951187236305441,302.941070938541,288.153680029442
22.48,80,0,3851.58867891926,116.174409166269,4,1.00118857567999,0.951188575679989,302.91716164608,288.13134353516
22.49,80,0,3852.10346836847,116.193304534622,4,1.00118991451571,0.951189914515715,302.893264080954,288.109017968548
22.5,80,0,3852.61800553693,116.212191838006,4,1.00119125281278,0.951191252812776,302.869378237622,288.086703324471
22.51,80,0,3853.13229054354,116.231071079201,4,1.00119259057133,0.951192590571333,302.84550411055,288.064399597796
22.52,80,0,3853.64632350714,116.249942260986,4,1.00119392779154,0.951193927791541,302.821641694201,288.04210678339
22.53,80,0,3854.16010454655,116.268805386141,4,1.00119526447356,0.95119526447356,302.797790983044,288.019824876126
22.54,80,0,3854.67363378052,116.287660457446,4,1.00119660061755,0.951196600617548,302.773951971546,287.997553870876
22.55,80,0,3855.18691132774,116.306507477678,4,1.00119793622366,0.951197936223662,302.750124654182,287.975293762514
22.56,80,0,3855.69993730687,116.325346449615,4,1.00119927129206,0.951199271292061,302.726309025426,287.953044545921
22.57,80,0,3856.21271183651,116.344177376037,4,1.0012006058229,0.951200605822903,302.702505079755,287.930806215973
22.58,80,0,3856.7252350352,116.36300025972,4,1.00120193981635,0.951201939816346,302.678712811648,287.908578767554
22.59,80,0,3857.23750702146,116.381815103442,4,1.00120327327255,0.951203273272547,302.654932215588,287.886362195548
22.6,80,0,3857.74952791372,116.400621909979,4,1.00120460619167,0.951204606191666,302.631163286057,287.864156494839
22.61,80,0,3858.2612978304,116.419420682108,4,1.00120593857386,0.95120593857386,302.607406017543,287.841961660318
22.62,80,0,3858.77281688983,116.438211422606,4,1.00120727041929,0.951207270419287,302.583660404533,287.819777686872
22.63,80,0,3859.28408521033,116.456994134248,4,1.00120860172811,0.951208601728106,302.559926441521,287.797604569397
22.64,80,0,3859.79510291013,116.475768819809,4,1.00120993250047,0.951209932500474,302.536204122998,287.775442302786
22.65,80,0,3860.30587010744,116.494535482065,4,1.00121126273655,0.95121126273655,302.51249344346,287.753290881936
22.66,80,0,3860.81638692041,116.513294123791,4,1.00121259243649,0.951212592436492,302.488794397408,287.731150301747
22.67,80,0,3861.32665346714,116.532044747761,4,1.00121392160046,0.951213921600458,302.465106979339,287.709020557119
22.68,80,0,3861.83666986567,116.550787356748,4,1.00121525022861,0.951215250228606,302.441431183757,287.686901642955
22.69,80,0,3862.346436234,116.569521953528,4,1.00121657832109,0.951216578321094,302.417767005168,287.664793554161
22.7,80,0,3862.85595269009,116.588248540872,4,1.00121790587808,0.95121790587808,302.394114438079,287.642696285646
22.71,80,0,3863.36521935183,116.606967121555,4,1.00121923289972,0.951219232899723,302.370473477,287.620609832318
22.72,80,0,3863.87423633706,116.625677698348,4,1.00122055938618,0.951220559386181,302.346844116443,287.598534189089
22.73,80,0,3864.3830037636,116.644380274024,4,1.00122188533761,0.951221885337611,302.323226350922,287.576469350874
22.74,80,0,3864.89152174918,116.663074851355,4,1.00122321075417,0.951223210754173,302.299620174957,287.554415312589
22.75,80,0,3865.39979041151,116.681761433112,4,1.00122453563602,0.951224535636023,302.276025583063,287.532372069152
22.76,80,0,3865.90780986823,116.700440022067,4,1.00122585998332,0.951225859983321,302.252442569765,287.510339615484
22.77,80,0,3866.41558023695,116.71911062099,4,1.00122718379622,0.951227183796225,302.228871129584,287.488317946507
22.78,80,0,3866.9231016352,116.737773232652,4,1.00122850707489,0.951228507074892,302.20531125705,287.466307057146
22.79,80,0,3867.43037418049,116.756427859823,4,1.00122982981948,0.951229829819481,302.181762946689,287.44430694233
22.8,80,0,3867.93739799028,116.775074505273,4,1.00123115203015,0.95123115203015,302.158226193032,287.422317596985
22.81,80,0,3868.44417318195,116.793713171771,4,1.00123247370706,0.951232473707058,302.134700990614,287.400339016044
22.82,80,0,3868.95069987285,116.812343862086,4,1.00123379485036,0.951233794850362,302.111187333969,287.37837119444
22.83,80,0,3869.45697818029,116.830966578987,4,1.00123511546022,0.95123511546022,302.087685217636,287.356414127108
22.84,80,0,3869.96300822151,116.849581325242,4,1.00123643553679,0.951236435536791,302.064194636155,287.334467808988
22.85,80,0,3870.46879011372,116.868188103619,4,1.00123775508023,0.951237755080233,302.040715584068,287.312532235016
22.86,80,0,3870.97432397405,116.886786916886,4,1.0012390740907,0.951239074090704,302.017248055922,287.290607400138
22.87,80,0,3871.47960991962,116.905377767809,4,1.00124039256836,0.951240392568363,301.993792046263,287.268693299296
22.88,80,0,3871.98464806747,116.923960659156,4,1.00124171051337,0.951241710513367,301.97034754964,287.246789927435
22.89,80,0,3872.4894385346,116.942535593693,4,1.00124302792588,0.951243027925875,301.946914560606,287.224897279506
22.9,80,0,3872.99398143797,116.961102574186,4,1.00124434480605,0.951244344806046,301.923493073716,287.203015350459
22.91,80,0,3873.49827689446,116.979661603401,4,1.00124566115404,0.951245661154036,301.900083083525,287.181144135246
22.92,80,0,3874.00232502093,116.998212684103,4,1.00124697697,0.951246976970005,301.876684584593,287.159283628822
22.93,80,0,3874.50612593419,117.016755819057,4,1.00124829225411,0.95124829225411,301.853297571481,287.137433826143
22.94,80,0,3875.00967975098,117.035291011027,4,1.00124960700651,0.951249607006511,301.829922038754,287.115594722171
22.95,80,0,3875.51298658801,117.053818262779,4,1.00125092122736,0.951250921227364,301.806557980976,287.093766311864
22.96,80,0,3876.01604656192,117.072337577076,4,1.00125223491683,0.951252234916829,301.783205392718,287.071948590187
22.97,80,0,3876.51885978932,117.09084895668,4,1.00125354807506,0.951253548075063,301.759864268548,287.050141552105
22.98,80,0,3877.02142638676,117.109352404357,4,1.00125486070223,0.951254860702226,301.736534603038,287.028345192586
22.99,80,0,3877.52374647074,117.127847922867,4,1.00125617279847,0.951256172798474,301.713216390768,287.006559506599
23,80,0,3878.02582015772,117.146335514974,4,1.00125748436397,0.951257484363966,301.689909626312,286.984784489118
23.01,80,0,3878.5276475641,117.164815183439,4,1.00125879539886,0.951258795398861,301.666614304251,286.963020135115
23.02,80,0,3879.02922880623,117.183286931025,4,1.00126010590332,0.951260105903317,301.643330419167,286.941266439566
23.03,80,0,3879.53056400042,117.201750760492,4,1.00126141587749,0.951261415877492,301.620057965646,286.919523397451
23.04,80,0,3880.03165326292,117.220206674601,4,1.00126272532154,0.951262725321544,301.596796938273,286.897791003749
23.05,80,0,3880.53249670994,117.238654676113,4,1.00126403423563,0.951264034235631,301.573547331638,286.876069253444
23.06,80,0,3881.03309445763,117.257094767788,4,1.00126534261991,0.951265342619912,301.550309140333,286.854358141519
23.07,80,0,3881.53344662209,117.275526952385,4,1.00126665047455,0.951266650474546,301.527082358951,286.832657662962
23.08,80,0,3882.03355331939,117.293951232664,4,1.00126795779969,0.951267957799689,301.503866982089,286.810967812761
23.09,80,0,3882.53341466553,117.312367611385,4,1.0012692645955,0.951269264595501,301.480663004345,286.789288585908
23.1,80,0,3883.03303077647,117.330776091304,4,1.00127057086214,0.95127057086214,301.457470420321,286.767619977396
23.11,80,0,3883.53240176811,117.349176675182,4,1.00127187659976,0.951271876599764,301.434289224619,286.745961982219
23.12,80,0,3884.03152775632,117.367569365775,4,1.00127318180853,0.95127318180853,301.411119411845,286.724314595377
23.13,80,0,3884.5304088569,117.385954165841,4,1.0012744864886,0.951274486488599,301.387960976607,286.702677811868
23.14,80,0,3885.02904518561,117.404331078137,4,1.00127579064013,0.951275790640127,301.364813913515,286.681051626694
23.15,80,0,3885.52743685816,117.422700105419,4,1.00127709426327,0.951277094263274,301.341678217182,286.659436034859
23.16,80,0,3886.02558399022,117.441061250445,4,1.0012783973582,0.951278397358196,301.31855388222,286.637831031368
23.17,80,0,3886.52348669739,117.45941451597,4,1.00127969992505,0.951279699925054,301.29544090325,286.616236611231
23.18,80,0,3887.02114509524,117.47775990475,4,1.001281001964,0.951281001964004,301.27233927489,286.594652769456
23.19,80,0,3887.51855929927,117.496097419539,4,1.00128230347521,0.951282303475205,301.24924899176,286.573079501057
23.2,80,0,3888.01572942495,117.514427063093,4,1.00128360445882,0.951283604458816,301.226170048487,286.551516801048
23.21,80,0,3888.5126555877,117.532748838165,4,1.00128490491499,0.951284904914994,301.203102439694,286.529964664446
23.22,80,0,3889.00933790288,117.551062747511,4,1.0012862048439,0.951286204843898,301.180046160013,286.508423086268
23.23,80,0,3889.50577648581,117.569368793883,4,1.00128750424569,0.951287504245687,301.157001204071,286.486892061536
23.24,80,0,3890.00197145174,117.587666980034,4,1.00128880312052,0.951288803120518,301.133967566505,286.465371585274
23.25,80,0,3890.4979229159,117.605957308718,4,1.00129010146855,0.95129010146855,301.110945241949,286.443861652504
23.26,80,0,3890.99363099345,117.624239782687,4,1.00129139928994,0.951291399289941,301.08793422504,286.422362258256
23.27,80,0,3891.48909579952,117.642514404694,4,1.00129269658485,0.951292696584849,301.06493451042,286.400873397558
23.28,80,0,3891.98431744916,117.660781177489,4,1.00129399335343,0.951293993353433,301.041946092731,286.379395065443
23.29,80,0,3892.47929605741,117.679040103823,4,1.00129528959585,0.951295289595851,301.018968966617,286.357927256942
23.3,80,0,3892.97403173923,117.697291186449,4,1.00129658531226,0.951296585312261,300.996003126725,286.336469967092
23.31,80,0,3893.46852460954,117.715534428117,4,1.00129788050282,0.951297880502821,300.973048567705,286.315023190931
23.32,80,0,3893.96277478321,117.733769831575,4,1.00129917516769,0.95129917516769,300.950105284209,286.293586923497
23.33,80,0,3894.45678237507,117.751997399575,4,1.00130046930703,0.951300469307026,300.927173270891,286.272161159835
23.34,80,0,3894.95054749989,117.770217134866,4,1.00130176292099,0.951301762920988,300.904252522407,286.250745894988
23.35,80,0,3895.4440702724,117.788429040196,4,1.00130305600973,0.951303056009733,300.881343033414,286.229341124
23.36,80,0,3895.93735080726,117.806633118314,4,1.00130434857342,0.95130434857342,300.858444798576,286.207946841922
23.37,80,0,3896.43038921911,117.824829371969,4,1.00130564061221,0.951305640612207,300.835557812554,286.186563043803
23.38,80,0,3896.92318562253,117.843017803907,4,1.00130693212625,0.951306932126253,300.812682070015,286.165189724696
23.39,80,0,3897.41574013204,117.861198416877,4,1.00130822311572,0.951308223115715,300.789817565625,286.143826879655
23.4,80,0,3897.90805286212,117.879371213624,4,1.00130951358075,0.951309513580753,300.766964294055,286.122474503737
23.41,80,0,3898.4001239272,117.897536196897,4,1.00131080352152,0.951310803521523,300.744122249979,286.101132592003
23.42,80,0,3898.89195344166,117.915693369441,4,1.00131209293819,0.951312092938186,300.721291428069,286.079801139511
23.43,80,0,3899.38354151984,117.933842734001,4,1.0013133818309,0.951313381830898,300.698471823004,286.058480141325
23.44,80,0,3899.87488827602,117.951984293324,4,1.00131467019982,0.951314670199819,300.675663429461,286.037169592509
23.45,80,0,3900.36599382443,117.970118050154,4,1.00131595804511,0.951315958045106,300.652866242123,286.015869488133
23.46,80,0,3900.85685827925,117.988244007235,4,1.00131724536692,0.951317245366917,300.630080255676,285.994579823265
23.47,80,0,3901.34748175463,118.006362167313,4,1.00131853216541,0.951318532165412,300.607305464803,285.973300592976
23.48,80,0,3901.83786436465,118.02447253313,4,1.00131981844075,0.951319818440748,300.584541864193,285.952031792339
23.49,80,0,3902.32800622335,118.04257510743,4,1.00132110419308,0.951321104193084,300.561789448538,285.930773416432
23.5,80,0,3902.81790744471,118.060669892956,4,1.00132238942258,0.951322389422578,300.539048212529,285.909525460331
23.51,80,0,3903.30756814269,118.078756892451,4,1.00132367412939,0.951323674129388,300.516318150864,285.888287919116
23.52,80,0,3903.79698843116,118.096836108656,4,1.00132495831367,0.951324958313672,300.493599258239,285.867060787869
23.53,80,0,3904.28616842398,118.114907544314,4,1.00132624197559,0.951326241975589,300.470891529354,285.845844061676
23.54,80,0,3904.77510823494,118.132971202166,4,1.0013275251153,0.951327525115298,300.448194958912,285.82463773562
23.55,80,0,3905.26380797777,118.151027084953,4,1.00132880773296,0.951328807732955,300.425509541616,285.803441804791
23.56,80,0,3905.75226776619,118.169075195415,4,1.00133008982872,0.95133008982872,300.402835272174,285.78225626428
23.57,80,0,3906.24048771383,118.187115536293,4,1.00133137140275,0.951331371402752,300.380172145296,285.761081109179
23.58,80,0,3906.7284679343,118.205148110326,4,1.00133265245521,0.951332652455207,300.357520155691,285.739916334581
23.59,80,0,3907.21620854114,118.223172920254,4,1.00133393298625,0.951333932986245,300.334879298073,285.718761935585
23.6,80,0,3907.70370964785,118.241189968816,4,1.00133521299602,0.951335212996024,300.312249567159,285.697617907289
23.61,80,0,3908.1909713679,118.25919925875,4,1.0013364924847,0.951336492484702,300.289630957666,285.676484244792
23.62,80,0,3908.67799381467,118.277200792794,4,1.00133777145244,0.951337771452437,300.267023464317,285.6553609432
23.63,80,0,3909.16477710154,118.295194573686,4,1.00133904989939,0.951339049899388,300.244427081832,285.634247997616
23.64,80,0,3909.65132134179,118.313180604164,4,1.00134032782571,0.951340327825712,300.221841804937,285.613145403148
23.65,80,0,3910.1376266487,118.331158886964,4,1.00134160523157,0.951341605231569,300.199267628359,285.592053154904
23.66,80,0,3910.62369313546,118.349129424822,4,1.00134288211712,0.951342882117117,300.176704546827,285.570971247996
23.67,80,0,3911.10952091525,118.367092220476,4,1.00134415848251,0.951344158482513,300.154152555076,285.54989967754
23.68,80,0,3911.59511010117,118.38504727666,4,1.00134543432792,0.951345434327916,300.131611647836,285.528838438648
23.69,80,0,3912.08046080628,118.402994596109,4,1.00134670965348,0.951346709653484,300.109081819846,285.507787526439
23.7,80,0,3912.5655731436,118.42093418156,4,1.00134798445938,0.951347984459376,300.086563065844,285.486746936033
23.71,80,0,3913.05044722609,118.438866035746,4,1.00134925874575,0.95134925874575,300.064055380571,285.46571666255
23.72,80,0,3913.53508316668,118.4567901614,4,1.00135053251276,0.951350532512764,300.04155875877,285.444696701116
23.73,80,0,3914.01948107823,118.474706561258,4,1.00135180576058,0.951351805760577,300.019073195187,285.423687046856
23.74,80,0,3914.50364107355,118.492615238051,4,1.00135307848935,0.951353078489346,299.99659868457,285.402687694898
23.75,80,0,3914.98756326544,118.510516194513,4,1.00135435069923,0.95135435069923,299.974135221667,285.381698640372
23.76,80,0,3915.47124776659,118.528409433377,4,1.00135562239039,0.951355622390387,299.951682801234,285.360719878412
23.77,80,0,3915.9546946897,118.546294957373,4,1.00135689356298,0.951356893562976,299.929241418021,285.339751404149
23.78,80,0,3916.43790414738,118.564172769235,4,1.00135816421715,0.951358164217154,299.90681106679,285.318793212722
23.79,80,0,3916.92087625222,118.582042871692,4,1.00135943435308,0.951359434353081,299.884391742297,285.297845299269
23.8,80,0,3917.40361111673,118.599905267475,4,1.00136070397091,0.951360703970914,299.861983439303,285.27690765893
23.81,80,0,3917.88610885342,118.617759959316,4,1.00136197307081,0.951361973070811,299.839586152574,285.255980286848
23.82,80,0,3918.36836957469,118.635606949943,4,1.00136324165293,0.951363241652931,299.817199876874,285.235063178167
23.83,80,0,3918.85039339295,118.653446242086,4,1.00136450971743,0.951364509717432,299.794824606971,285.214156328034
23.84,80,0,3919.33218042052,118.671277838474,4,1.00136577726447,0.951365777264472,299.772460337637,285.1932597316
23.85,80,0,3919.8137307697,118.689101741837,4,1.00136704429421,0.95136704429421,299.750107063644,285.172373384012
23.86,80,0,3920.29504455271,118.706917954901,4,1.0013683108068,0.951368310806804,299.727764779767,285.151497280426
23.87,80,0,3920.77612188176,118.724726480396,4,1.00136957680241,0.951369576802412,299.705433480784,285.130631415997
23.88,80,0,3921.25696286898,118.742527321047,4,1.00137084228119,0.951370842281192,299.683113161474,285.109775785881
23.89,80,0,3921.73756762647,118.760320479583,4,1.0013721072433,0.951372107243302,299.660803816618,285.088930385238
23.9,80,0,3922.21793626627,118.77810595873,4,1.0013733716889,0.951373371688902,299.638505441001,285.068095209228
23.91,80,0,3922.69806890037,118.795883761214,4,1.00137463561815,0.951374635618148,299.616218029408,285.047270253016
23.92,80,0,3923.17796564074,118.81365388976,4,1.0013758990312,0.9513758990312,299.593941576631,285.026455511768
23.93,80,0,3923.65762659927,118.831416347094,4,1.00137716192821,0.951377161928215,299.571676077457,285.00565098065
23.94,80,0,3924.1370518878,118.84917113594,4,1.00137842430935,0.951378424309352,299.549421526681,284.984856654832
23.95,80,0,3924.61624161815,118.866918259024,4,1.00137968617477,0.951379686174768,299.527177919098,284.964072529486
23.96,80,0,3925.09519590208,118.884657719069,4,1.00138094752462,0.951380947524623,299.504945249506,284.943298599785
23.97,80,0,3925.57391485128,118.902389518798,4,1.00138220835907,0.951382208359075,299.482723512705,284.922534860907
23.98,80,0,3926.05239857742,118.920113660936,4,1.00138346867828,0.951383468678281,299.460512703495,284.901781308028
23.99,80,0,3926.53064719211,118.937830148204,4,1.0013847284824,0.9513847284824,299.438312816683,284.881037936328
24,80,0,3927.00866080691,118.955538983325,4,1.00138598777159,0.95138598777159,299.416123847075,284.86030474099
24.01,80,0,3927.48643953333,118.97324016902,4,1.00138724654601,0.951387246546009,299.39394578948,284.839581717198
24.02,80,0,3927.96398348286,118.990933708012,4,1.00138850480582,0.951388504805816,299.371778638708,284.818868860138
24.03,80,0,3928.44129276689,119.008619603021,4,1.00138976255117,0.951389762551168,299.349622389573,284.798166164998
24.04,80,0,3928.91836749681,119.026297856767,4,1.00139101978223,0.951391019782225,299.327477036891,284.777473626968
24.05,80,0,3929.39520778393,119.043968471972,4,1.00139227649914,0.951392276499144,299.305342575479,284.756791241241
24.06,80,0,3929.87181373954,119.061631451354,4,1.00139353270208,0.951393532702083,299.283219000159,284.736119003013
24.07,80,0,3930.34818547485,119.079286797634,4,1.0013947883912,0.9513947883912,299.261106305753,284.715456907478
24.08,80,0,3930.82432310105,119.096934513529,4,1.00139604356665,0.951396043566654,299.239004487084,284.694804949836
24.09,80,0,3931.30022672926,119.114574601759,4,1.0013972982286,0.951397298228604,299.21691353898,284.674163125287
24.1,80,0,3931.77589647058,119.132207065041,4,1.00139855237721,0.951398552377206,299.194833456269,284.653531429034
24.11,80,0,3932.25133243602,119.149831906092,4,1.00139980601262,0.95139980601262,299.172764233785,284.632909856282
24.12,80,0,3932.72653473658,119.167449127631,4,1.001401059135,0.951401059135003,299.150705866358,284.612298402237
24.13,80,0,3933.2015034832,119.185058732374,4,1.00140231174451,0.951402311744514,299.128658348828,284.59169706211
24.14,80,0,3933.67623878677,119.202660723037,4,1.00140356384131,0.951403563841311,299.10662167603,284.57110583111
24.15,80,0,3934.15074075813,119.220255102336,4,1.00140481542555,0.951404815425551,299.084595842806,284.550524704451
24.16,80,0,3934.62500950807,119.237841872986,4,1.00140606649739,0.951406066497395,299.062580843998,284.529953677347
24.17,80,0,3935.09904514734,119.255421037703,4,1.001407317057,0.951407317056998,299.04057667445,284.509392745016
24.18,80,0,3935.57284778665,119.2729925992,4,1.00140856710452,0.95140856710452,299.018583329011,284.488841902678
24.19,80,0,3936.04641753663,119.290556560193,4,1.00140981664012,0.951409816640119,298.996600802529,284.468301145553
24.2,80,0,3936.5197545079,119.308112923394,4,1.00141106566395,0.951411065663953,298.974629089856,284.447770468865
24.21,80,0,3936.99285881101,119.325661691517,4,1.00141231417618,0.951412314176179,298.952668185845,284.427249867839
24.22,80,0,3937.46573055647,119.343202867275,4,1.00141356217696,0.951413562176957,298.930718085354,284.406739337702
24.23,80,0,3937.93836985473,119.36073645338,4,1.00141480966644,0.951414809666444,298.908778783239,284.386238873685
24.24,80,0,3938.41077681621,119.378262452545,4,1.0014160566448,0.951416056644799,298.886850274363,284.365748471019
24.25,80,0,3938.88295155128,119.39578086748,4,1.00141730311218,0.951417303112179,298.864932553587,284.345268124937
24.26,80,0,3939.35489417024,119.413291700896,4,1.00141854906874,0.951418549068743,298.843025615777,284.324797830676
24.27,80,0,3939.82660478337,119.430794955505,4,1.00141979451465,0.951419794514649,298.821129455799,284.304337583472
24.28,80,0,3940.29808350089,119.448290634017,4,1.00142103945006,0.951421039450056,298.799244068523,284.283887378565
24.29,80,0,3940.76933043297,119.46577873914,4,1.00142228387512,0.95142228387512,298.777369448821,284.263447211198
24.3,80,0,3941.24034568973,119.483259273586,4,1.00142352779,0.95142352779,298.755505591567,284.243017076614
24.31,80,0,3941.71112938126,119.500732240061,4,1.00142477119486,0.951424771194855,298.733652491637,284.222596970059
24.32,80,0,3942.18168161758,119.518197641276,4,1.00142601408984,0.951426014089843,298.71181014391,284.202186886782
24.33,80,0,3942.65200250868,119.535655479937,4,1.00142725647512,0.951427256475121,298.689978543265,284.181786822032
24.34,80,0,3943.12209216449,119.553105758753,4,1.00142849835085,0.951428498350847,298.668157684587,284.161396771061
24.35,80,0,3943.5919506949,119.57054848043,4,1.00142973971718,0.951429739717181,298.64634756276,284.141016729124
24.36,80,0,3944.06157820974,119.587983647675,4,1.00143098057428,0.95143098057428,298.62454817267,284.120646691475
24.37,80,0,3944.53097481882,119.605411263195,4,1.0014322209223,0.951432220922301,298.602759509209,284.100286653375
24.38,80,0,3945.00014063186,119.622831329695,4,1.0014334607614,0.951433460761404,298.580981567268,284.079936610083
24.39,80,0,3945.46907575858,119.64024384988,4,1.00143470009175,0.951434700091746,298.55921434174,284.059596556861
24.4,80,0,3945.93778030862,119.657648826455,4,1.00143593891349,0.951435938913485,298.537457827522,284.039266488974
24.41,80,0,3946.40625439157,119.675046262126,4,1.00143717722678,0.95143717722678,298.515712019513,284.018946401688
24.42,80,0,3946.87449811701,119.692436159595,4,1.00143841503179,0.951438415031788,298.493976912612,283.998636290271
24.43,80,0,3947.34251159442,119.709818521566,4,1.00143965232867,0.951439652328668,298.472252501724,283.978336149995
24.44,80,0,3947.81029493327,119.727193350743,4,1.00144088911758,0.951440889117577,298.450538781754,283.958045976132
24.45,80,0,3948.27784824297,119.744560649828,4,1.00144212539867,0.951442125398674,298.428835747607,283.937765763955
24.46,80,0,3948.74517163289,119.761920421523,4,1.00144336117212,0.951443361172116,298.407143394195,283.917495508742
24.47,80,0,3949.21226521235,119.77927266853,4,1.00144459643806,0.951444596438063,298.385461716428,283.897235205772
24.48,80,0,3949.6791290906,119.79661739355,4,1.00144583119667,0.951445831196671,298.363790709221,283.876984850325
24.49,80,0,3950.14576337688,119.813954599285,4,1.0014470654481,0.951447065448099,298.342130367491,283.856744437683
24.5,80,0,3950.61216818035,119.831284288434,4,1.0014482991925,0.951448299192505,298.320480686155,283.836513963133
24.51,80,0,3951.07834361015,119.848606463698,4,1.00144953243005,0.951449532430046,298.298841660135,283.81629342196
24.52,80,0,3951.54428977535,119.865921127776,4,1.00145076516088,0.951450765160882,298.277213284353,283.796082809453
24.53,80,0,3952.01000678499,119.883228283367,4,1.00145199738517,0.95145199738517,298.255595553733,283.775882120903
24.54,80,0,3952.47549474805,119.90052793317,4,1.00145322910307,0.951453229103067,298.233988463204,283.755691351603
24.55,80,0,3952.94075377347,119.917820079882,4,1.00145446031473,0.951454460314733,298.212392007696,283.735510496848
24.56,80,0,3953.40578397013,119.935104726203,4,1.00145569102032,0.951455691020324,298.190806182139,283.715339551935
24.57,80,0,3953.87058544689,119.952381874828,4,1.00145692122,0.95145692122,298.169230981469,283.695178512163
24.58,80,0,3954.33515831254,119.969651528455,4,1.00145815091392,0.951458150913917,298.14766640062,283.675027372833
24.59,80,0,3954.79950267582,119.98691368978,4,1.00145938010223,0.951459380102235,298.126112434531,283.654886129248
24.6,80,0,3955.26361864544,120.004168361499,4,1.00146060878511,0.95146060878511,298.104569078144,283.634754776714
24.61,80,0,3955.72750633005,120.021415546307,4,1.0014618369627,0.951461836962701,298.083036326401,283.614633310537
24.62,80,0,3956.19116583826,120.0386552469,4,1.00146306463517,0.951463064635166,298.061514174246,283.594521726027
24.63,80,0,3956.65459727862,120.055887465971,4,1.00146429180266,0.951464291802664,298.040002616627,283.574420018493
24.64,80,0,3957.11780075966,120.073112206216,4,1.00146551846535,0.951465518465351,298.018501648494,283.554328183251
24.65,80,0,3957.58077638983,120.090329470327,4,1.00146674462339,0.951466744623386,297.997011264798,283.534246215616
24.66,80,0,3958.04352427755,120.107539260997,4,1.00146797027693,0.951467970276926,297.975531460493,283.514174110904
24.67,80,0,3958.50604453119,120.124741580921,4,1.00146919542613,0.951469195426131,297.954062230534,283.494111864434
24.68,80,0,3958.96833725908,120.141936432789,4,1.00147042007116,0.951470420071156,297.932603569883,283.474059471529
24.69,80,0,3959.43040256949,120.159123819293,4,1.00147164421216,0.951471644212162,297.911155473495,283.454016927511
24.7,80,0,3959.89224057066,120.176303743126,4,1.00147286784931,0.951472867849305,297.889717936337,283.433984227707
24.71,80,0,3960.35385137076,120.193476206977,4,1.00147409098274,0.951474090982743,297.868290953371,283.413961367442
24.72,80,0,3960.81523507793,120.210641213537,4,1.00147531361264,0.951475313612635,297.846874519566,283.393948342048
24.73,80,0,3961.27639180026,120.227798765496,4,1.00147653573914,0.951476535739139,297.825468629891,283.373945146854
24.74,80,0,3961.73732164578,120.244948865544,4,1.00147775736241,0.951477757362411,297.804073279317,283.353951777195
24.75,80,0,3962.19802472251,120.26209151637,4,1.00147897848261,0.95147897848261,297.782688462817,283.333968228407
24.76,80,0,3962.65850113837,120.279226720662,4,1.00148019909989,0.951480199099895,297.761314175369,283.313994495827
24.77,80,0,3963.11875100127,120.296354481108,4,1.00148141921442,0.951481419214422,297.73995041195,283.294030574794
24.78,80,0,3963.57877441907,120.313474800396,4,1.00148263882635,0.95148263882635,297.718597167539,283.274076460649
24.79,80,0,3964.03857149957,120.330587681214,4,1.00148385793584,0.951483857935837,297.697254437121,283.254132148738
24.8,80,0,3964.49814235052,120.347693126247,4,1.00148507654304,0.95148507654304,297.675922215678,283.234197634405
24.81,80,0,3964.95748707965,120.364791138182,4,1.00148629464812,0.951486294648118,297.654600498199,283.214272912997
24.82,80,0,3965.41660579461,120.381881719706,4,1.00148751225123,0.951487512251228,297.633289279672,283.194357979865
24.83,80,0,3965.87549860303,120.398964873503,4,1.00148872935253,0.951488729352528,297.611988555088,283.174452830359
24.84,80,0,3966.33416561248,120.416040602258,4,1.00148994595218,0.951489945952176,297.590698319441,283.154557459835
24.85,80,0,3966.79260693048,120.433108908655,4,1.00149116205033,0.951491162050329,297.569418567726,283.134671863646
24.86,80,0,3967.25082266451,120.45016979538,4,1.00149237764715,0.951492377647146,297.548149294942,283.114796037152
24.87,80,0,3967.708812922,120.467223265114,4,1.00149359274279,0.951493592742785,297.526890496088,283.094929975712
24.88,80,0,3968.16657781033,120.484269320541,4,1.0014948073374,0.951494807337403,297.505642166168,283.075073674688
24.89,80,0,3968.62411743684,120.501307964344,4,1.00149602143116,0.951496021431159,297.484404300184,283.055227129443
24.9,80,0,3969.08143190883,120.518339199205,4,1.00149723502421,0.951497235024209,297.463176893143,283.035390335343
24.91,80,0,3969.53852133353,120.535363027805,4,1.00149844811671,0.951498448116711,297.441959940056,283.015563287756
24.92,80,0,3969.99538581815,120.552379452826,4,1.00149966070882,0.951499660708824,297.420753435931,282.995745982051
24.93,80,0,3970.45202546983,120.569388476947,4,1.00150087280071,0.951500872800706,297.399557375784,282.975938413602
24.94,80,0,3970.90844039568,120.586390102851,4,1.00150208439251,0.951502084392514,297.378371754627,282.956140577779
24.95,80,0,3971.36463070275,120.603384333215,4,1.0015032954844,0.951503295484405,297.357196567481,282.936352469962
24.96,80,0,3971.82059649805,120.620371170719,4,1.00150450607654,0.951504506076538,297.336031809363,282.916574085526
24.97,80,0,3972.27633788855,120.637350618043,4,1.00150571616907,0.951505716169071,297.314877475298,282.896805419853
24.98,80,0,3972.73185498117,120.654322677864,4,1.00150692576216,0.95150692576216,297.293733560307,282.877046468322
24.99,80,0,3973.18714788276,120.671287352861,4,1.00150813485596,0.951508134855964,297.272600059417,282.857297226319
25,80,0,3973.64221670017,120.688244645711,4,1.00150934345064,0.951509343450642,297.251476967658,282.837557689229
25.01,80,0,3974.09706154016,120.70519455909,4,1.00151055154635,0.951510551546349,297.230364280058,282.81782785244
25.02,80,0,3974.55168250946,120.722137095675,4,1.00151175914324,0.951511759143244,297.209261991653,282.798107711343
25.03,80,0,3975.00607971476,120.739072258143,4,1.00151296624149,0.951512966241486,297.188170097476,282.778397261328
25.04,80,0,3975.4602532627,120.756000049168,4,1.00151417284123,0.951514172841231,297.167088592564,282.75869649779
25.05,80,0,3975.91420325986,120.772920471426,4,1.00151537894264,0.951515378942637,297.146017471957,282.739005416125
25.06,80,0,3976.36792981279,120.789833527591,4,1.00151658454586,0.951516584545862,297.124956730698,282.71932401173
25.07,80,0,3976.82143302798,120.806739220337,4,1.00151778965106,0.951517789651063,297.103906363827,282.699652280005
25.08,80,0,3977.27471301189,120.823637552338,4,1.0015189942584,0.951518994258399,297.082866366393,282.679990216353
25.09,80,0,3977.72776987093,120.840528526268,4,1.00152019836803,0.951520198368027,297.061836733443,282.660337816176
25.1,80,0,3978.18060371144,120.857412144798,4,1.0015214019801,0.951521401980105,297.040817460028,282.640695074882
25.11,80,0,3978.63321463974,120.874288410601,4,1.00152260509479,0.951522605094789,297.0198085412,282.621061987878
25.12,80,0,3979.08560276209,120.891157326348,4,1.00152380771224,0.951523807712239,296.998809972012,282.601438550573
25.13,80,0,3979.53776818472,120.908018894712,4,1.00152500983261,0.951525009832612,296.977821747524,282.58182475838
25.14,80,0,3979.98971101379,120.924873118362,4,1.00152621145606,0.951526211456064,296.956843862792,282.562220606712
25.15,80,0,3980.44143135544,120.941719999969,4,1.00152741258275,0.951527412582755,296.935876312878,282.542626090986
25.16,80,0,3980.89292931573,120.958559542202,4,1.00152861321284,0.951528613212841,296.914919092846,282.523041206618
25.17,80,0,3981.34420500071,120.975391747732,4,1.00152981334648,0.95152981334648,296.89397219776,282.50346594903
25.18,80,0,3981.79525851635,120.992216619227,4,1.00153101298383,0.95153101298383,296.873035622689,282.483900313642
25.19,80,0,3982.2460899686,121.009034159354,4,1.00153221212505,0.951532212125048,296.852109362702,282.464344295879
25.2,80,0,3982.69669946336,121.025844370783,4,1.00153341077029,0.951533410770292,296.831193412872,282.444797891167
25.21,80,0,3983.14708710646,121.04264725618,4,1.00153460891972,0.95153460891972,296.810287768273,282.425261094933
25.22,80,0,3983.59725300371,121.059442818213,4,1.00153580657349,0.951535806573489,296.78939242398,282.405733902607
25.23,80,0,3984.04719726087,121.076231059548,4,1.00153700373176,0.951537003731756,296.768507375072,282.386216309621
25.24,80,0,3984.49691998365,121.09301198285,4,1.00153820039468,0.95153820039468,296.747632616629,282.366708311409
25.25,80,0,3984.94642127769,121.109785590786,4,1.00153939656242,0.951539396562417,296.726768143735,282.347209903406
25.26,80,0,3985.39570124863,121.12655188602,4,1.00154059223513,0.951540592235126,296.705913951475,282.327721081051
25.27,80,0,3985.84476000203,121.143310871217,4,1.00154178741296,0.951541787412964,296.685070034935,282.308241839782
25.28,80,0,3986.29359764342,121.160062549041,4,1.00154298209609,0.951542982096088,296.664236389204,282.288772175042
25.29,80,0,3986.74221427826,121.176806922155,4,1.00154417628466,0.951544176284656,296.643413009376,282.269312082276
25.3,80,0,3987.190610012,121.193543993223,4,1.00154536997883,0.951545369978825,296.622599890542,282.249861556927
25.31,80,0,3987.63878495002,121.210273764907,4,1.00154656317875,0.951546563178754,296.601797027799,282.230420594444
25.32,80,0,3988.08673919765,121.226996239869,4,1.0015477558846,0.951547755884599,296.581004416244,282.210989190277
25.33,80,0,3988.53447286019,121.243711420771,4,1.00154894809652,0.951548948096517,296.560222050978,282.191567339877
25.34,80,0,3988.98198604289,121.260419310274,4,1.00155013981467,0.951550139814668,296.539449927103,282.1721550387
25.35,80,0,3989.42927885094,121.277119911038,4,1.00155133103921,0.951551331039207,296.518688039723,282.152752282198
25.36,80,0,3989.8763513895,121.293813225724,4,1.00155252177029,0.951552521770292,296.497936383944,282.13335906583
25.37,80,0,3990.32320376368,121.310499256992,4,1.00155371200808,0.951553712008081,296.477194954876,282.113975385056
25.38,80,0,3990.76983607854,121.3271780075,4,1.00155490175273,0.951554901752731,296.456463747629,282.094601235337
25.39,80,0,3991.2162484391,121.343849479908,4,1.0015560910044,0.951556091004401,296.435742757317,282.075236612139
25.4,80,0,3991.66244095032,121.360513676873,4,1.00155727976325,0.951557279763246,296.415031979055,282.055881510925
25.41,80,0,3992.10841371713,121.377170601053,4,1.00155846802942,0.951558468029424,296.394331407958,282.036535927162
25.42,80,0,3992.55416684441,121.393820255106,4,1.00155965580309,0.951559655803094,296.373641039148,282.017199856321
25.43,80,0,3992.99970043699,121.410462641688,4,1.00156084308441,0.951560843084412,296.352960867746,281.997873293874
25.44,80,0,3993.44501459965,121.427097763456,4,1.00156202987354,0.951562029873536,296.332290888875,281.978556235293
25.45,80,0,3993.89010943714,121.443725623064,4,1.00156321617062,0.951563216170623,296.311631097662,281.959248676055
25.46,80,0,3994.33498505415,121.46034622317,4,1.00156440197583,0.95156440197583,296.290981489235,281.939950611635
25.47,80,0,3994.77964155532,121.476959566427,4,1.00156558728932,0.951565587289315,296.270342058722,281.920662037514
25.48,80,0,3995.22407904527,121.493565655489,4,1.00156677211124,0.951566772111236,296.249712801259,281.901382949175
25.49,80,0,3995.66829762854,121.510164493011,4,1.00156795644175,0.951567956441749,296.229093711977,281.882113342098
25.5,80,0,3996.11229740965,121.526756081646,4,1.00156914028101,0.951569140281012,296.208484786015,281.86285321177
25.51,80,0,3996.55607849306,121.543340424046,4,1.00157032362918,0.951570323629182,296.187886018512,281.843602553678
25.52,80,0,3996.99964098319,121.559917522864,4,1.00157150648642,0.951571506486417,296.167297404607,281.824361363313
25.53,80,0,3997.44298498441,121.576487380752,4,1.00157268885287,0.951572688852873,296.146718939444,281.805129636163
25.54,80,0,3997.88611060105,121.593050000362,4,1.00157387072871,0.951573870728709,296.126150618169,281.785907367724
25.55,80,0,3998.3290179374,121.609605384343,4,1.00157505211408,0.951575052114082,296.105592435928,281.766694553489
25.56,80,0,3998.77170709768,121.626153535346,4,1.00157623300915,0.951576233009148,296.085044387871,281.747491188957
25.57,80,0,3999.21417818608,121.642694456022,4,1.00157741341407,0.951577413414065,296.064506469152,281.728297269627
25.58,80,0,3999.65643130675,121.659228149019,4,1.00157859332899,0.951578593328991,296.04397867492,281.709112790998
25.59,80,0,4000.0984708625,121.675754616917,4,1.001579772704,0.951579772703998,296.02346528595,281.689941811854
25.6,80,0,4000.54059175568,121.692273877875,4,1.00158094811266,0.951580948112662,296.00325954495,281.671062362222
25.61,80,0,4000.98278102392,121.708785974737,4,1.00158211972354,0.951582119723541,295.983347063112,281.652460801184
25.62,80,0,4001.4249315471,121.72529093767,4,1.00158328879643,0.951583288796434,295.963620072806,281.634034952979
25.63,80,0,4001.86697690741,121.741788786346,4,1.0015844561129,0.951584456112895,295.944011734048,281.615721445813
25.64,80,0,4002.30887593271,121.75827953393,4,1.00158562215786,0.951585622157864,295.924480585024,281.597480969242
25.65,80,0,4002.75060311167,121.774763189548,4,1.0015867872323,0.951586787232302,295.905000902388,281.579289134675
25.66,80,0,4003.19214264909,121.791239759823,4,1.00158795152303,0.951587951523031,295.885556724423,281.561130808645
25.67,80,0,4003.63348477857,121.807709249822,4,1.00158911514606,0.951589115146061,295.866138144743,281.542996598838
25.68,80,0,4004.074623475,121.824171663647,4,1.00159027817346,0.951590278173462,295.8467390137,281.524880674758
25.69,80,0,4004.51555503533,121.840627004803,4,1.00159144065003,0.951591440650031,295.827355512621,281.506779415944
25.7,80,0,4004.95627719782,121.857075276419,4,1.00159260260364,0.951592602603639,295.807985269343,281.488690573393
25.71,80,0,4005.39678859553,121.873516481397,4,1.00159376405165,0.951593764051653,295.788626809462,281.470612749285
25.72,80,0,4005.83708841705,121.889950622494,4,1.00159492500491,0.951594925004914,295.769279215826,281.452545074141
25.73,80,0,4006.27717619594,121.906377702377,4,1.00159608547021,0.951596085470213,295.749941917229,281.434487006478
25.74,80,0,4006.71705167998,121.922797723658,4,1.00159724545183,0.951597245451828,295.730614557247,281.416438208452
25.75,80,0,4007.15671474998,121.939210688913,4,1.00159840495247,0.951598404952473,295.711296912831,281.398398468677
25.76,80,0,4007.59616536939,121.955616600699,4,1.00159956397389,0.951599563973891,295.691988843762,281.380367654296
25.77,80,0,4008.03540355298,121.972015461557,4,1.00160072251722,0.951600722517224,295.672690261266,281.362345681232
25.78,80,0,4008.47442934738,121.98840727402,4,1.00160188058324,0.95160188058324,295.653401108527,281.344332495706
25.79,80,0,4008.91324281901,122.004792040614,4,1.00160303817247,0.951603038172472,295.634121348588,281.326328062765
25.8,80,0,4009.35184404661,122.021169763865,4,1.00160419528531,0.951604195285309,295.614850956825,281.308332359156
25.81,80,0,4009.79023311649,122.037540446294,4,1.00160535192205,0.951605351922051,295.595589916286,281.290345368894
25.82,80,0,4010.22841011971,122.05390409042,4,1.00160650808294,0.951606508082942,295.576338214783,281.272367080512
25.83,80,0,4010.66637515024,122.070260698762,4,1.00160766376819,0.951607663768191,295.55709584309,281.254397485354
25.84,80,0,4011.10412830387,122.086610273838,4,1.00160881897798,0.951608818977984,295.537862793826,281.236436576511
25.85,80,0,4011.54166967746,122.102952818165,4,1.0016099737125,0.951609973712496,295.518639060758,281.218484348161
25.86,80,0,4011.97899936856,122.119288334258,4,1.00161112797189,0.951611127971893,295.49942463836,281.200540795155
25.87,80,0,4012.41611747513,122.135616824635,4,1.00161228175633,0.951612281756335,295.480219521559,281.182605912774
25.88,80,0,4012.85302409534,122.151938291809,4,1.00161343506598,0.951613435065978,295.461023705552,281.16467969655
25.89,80,0,4013.28971932751,122.168252738296,4,1.00161458790098,0.951614587900978,295.441837185713,281.14676214219
25.9,80,0,4013.72620327001,122.184560166611,4,1.00161574026149,0.951615740261488,295.422659957523,281.128853245496
25.91,80,0,4014.16247602126,122.200860579267,4,1.00161689214766,0.951616892147662,295.403492016531,281.110953002338
25.92,80,0,4014.59853767964,122.217153978777,4,1.00161804355965,0.951618043559652,295.384333358332,281.093061408628
25.93,80,0,4015.03438834355,122.233440367655,4,1.00161919449761,0.95161919449761,295.365183978542,281.075178460299
25.94,80,0,4015.47002811135,122.249719748413,4,1.00162034496169,0.951620344961689,295.346043872803,281.057304153307
25.95,80,0,4015.90545708136,122.265992123564,4,1.00162149495204,0.951621494952039,295.326913036762,281.039438483615
25.96,80,0,4016.34067535188,122.282257495618,4,1.00162264446881,0.951622644468813,295.307791466078,281.021581447194
25.97,80,0,4016.77568302116,122.298515867088,4,1.00162379351216,0.951623793512163,295.288679156414,281.003733040023
25.98,80,0,4017.21048018743,122.314767240484,4,1.00162494208224,0.95162494208224,295.269576103437,280.985893258081
25.99,80,0,4017.64506694885,122.331011618317,4,1.0016260901792,0.951626090179196,295.25048230282,280.968062097354
26,80,0,4018.07944340356,122.347249003096,4,1.00162723780318,0.951627237803183,295.231397750234,280.950239553828
26.01,80,0,4018.51360964965,122.363479397331,4,1.00162838495435,0.951628384954351,295.212322441358,280.932425623493
26.02,80,0,4018.94756578519,122.379702803532,4,1.00162953163285,0.951629531632854,295.193256371869,280.914620302339
26.03,80,0,4019.38131190818,122.395919224205,4,1.00163067783884,0.951630677838841,295.174199537448,280.896823586359
26.04,80,0,4019.81484811658,122.412128661861,4,1.00163182357247,0.951631823572466,295.155151933777,280.879035471549
26.05,80,0,4020.24817450834,122.428331119006,4,1.00163296883388,0.951632968833879,295.136113556541,280.861255953904
26.06,80,0,4020.68129118134,122.444526598149,4,1.00163411362323,0.951634113623232,295.117084401425,280.843485029423
26.07,80,0,4021.11419823341,122.460715101795,4,1.00163525794068,0.951635257940677,295.098064464119,280.825722694106
26.08,80,0,4021.54689576238,122.476896632451,4,1.00163640178636,0.951636401786364,295.079053740312,280.807968943955
26.09,80,0,4021.979383866,122.493071192624,4,1.00163754516045,0.951637545160446,295.060052225696,280.790223774975
26.1,80,0,4022.41166264198,122.509238784819,4,1.00163868806307,0.951638688063075,295.041059915965,280.772487183168
26.11,80,0,4022.84373218803,122.52539941154,4,1.0016398304944,0.951639830494401,295.022076806814,280.754759164543
26.12,80,0,4023.27559260176,122.541553075293,4,1.00164097245458,0.951640972454576,295.00310289394,280.737039715107
26.13,80,0,4023.70724398078,122.557699778582,4,1.00164211394375,0.951642113943751,294.984138173045,280.719328830872
26.14,80,0,4024.13868642264,122.57383952391,4,1.00164325496208,0.951643254962079,294.965182639827,280.701626507849
26.15,80,0,4024.56992002486,122.589972313781,4,1.00164439550971,0.95164439550971,294.94623628999,280.683932742052
26.16,80,0,4025.00094488491,122.606098150698,4,1.0016455355868,0.951645535586796,294.92729911924,280.666247529496
26.17,80,0,4025.43176110022,122.622217037164,4,1.00164667519349,0.951646675193488,294.908371123282,280.648570866198
26.18,80,0,4025.86236876818,122.638328975679,4,1.00164781432994,0.951647814329938,294.889452297825,280.630902748178
26.19,80,0,4026.29276798615,122.654433968746,4,1.0016489529963,0.951648952996297,294.870542638579,280.613243171454
26.2,80,0,4026.72295885142,122.670532018867,4,1.00165009119272,0.951650091192717,294.851642141255,280.595592132048
26.21,80,0,4027.15294146127,122.68662312854,4,1.00165122891935,0.951651228919349,294.832750801571,280.577949625987
26.22,80,0,4027.58271591291,122.702707300268,4,1.00165236617634,0.951652366176344,294.813868615238,280.560315649293
26.23,80,0,4028.01228230354,122.718784536549,4,1.00165350296385,0.951653502963854,294.794995577977,280.542690197995
26.24,80,0,4028.44164073029,122.734854839883,4,1.00165463928203,0.95165463928203,294.776131685504,280.525073268121
26.25,80,0,4028.87079129027,122.750918212769,4,1.00165577513102,0.951655775131023,294.757276933544,280.507464855701
26.26,80,0,4029.29973408053,122.766974657705,4,1.00165691051098,0.951656910510985,294.738431317818,280.489864956769
26.27,80,0,4029.72846919809,122.78302417719,4,1.00165804542207,0.951658045422067,294.719594834051,280.472273567357
26.28,80,0,4030.15699673993,122.79906677372,4,1.00165917986442,0.95165917986442,294.700767477971,280.454690683501
26.29,80,0,4030.58531680298,122.815102449792,4,1.0016603138382,0.951660313838196,294.681949245306,280.437116301239
26.3,80,0,4031.01342948415,122.831131207905,4,1.00166144734355,0.951661447343546,294.663140131784,280.419550416608
26.31,80,0,4031.44133488028,122.847153050553,4,1.00166258038062,0.951662580380621,294.644340133141,280.401993025651
26.32,80,0,4031.86903308818,122.863167980232,4,1.00166371294957,0.951663712949573,294.625549245109,280.384444124408
26.33,80,0,4032.29652420463,122.879175999438,4,1.00166484505055,0.951664845050552,294.606767463425,280.366903708924
26.34,80,0,4032.72380832635,122.895177110665,4,1.00166597668371,0.95166597668371,294.587994783825,280.349371775245
26.35,80,0,4033.15088555003,122.911171316409,4,1.0016671078492,0.951667107849199,294.56923120205,280.331848319417
26.36,80,0,4033.57775597233,122.927158619162,4,1.00166823854717,0.951668238547168,294.55047671384,280.314333337489
26.37,80,0,4034.00441968985,122.943139021418,4,1.00166936877777,0.95166936877777,294.53173131494,280.296826825513
26.38,80,0,4034.43087679914,122.959112525671,4,1.00167049854116,0.951670498541157,294.512995001094,280.27932877954
26.39,80,0,4034.85712739674,122.975079134413,4,1.00167162783748,0.951671627837477,294.494267768048,280.261839195624
26.4,80,0,4035.28317157914,122.991038850135,4,1.00167275666688,0.951672756666885,294.475549611552,280.244358069821
26.41,80,0,4035.70900944276,123.006991675331,4,1.00167388502953,0.951673885029529,294.456840527355,280.226885398189
26.42,80,0,4036.13464108401,123.02293761249,4,1.00167501292556,0.951675012925562,294.438140511212,280.209421176786
26.43,80,0,4036.56006659926,123.038876664104,4,1.00167614035513,0.951676140355134,294.419449558874,280.191965401672
26.44,80,0,4036.98528608481,123.054808832663,4,1.0016772673184,0.951677267318397,294.400767666099,280.174518068911
26.45,80,0,4037.41029963695,123.070734120657,4,1.0016783938155,0.951678393815502,294.382094828643,280.157079174566
26.46,80,0,4037.83510735192,123.086652530575,4,1.0016795198466,0.9516795198466,294.363431042266,280.139648714702
26.47,80,0,4038.2597093259,123.102564064906,4,1.00168064541184,0.951680645411841,294.344776302732,280.122226685388
26.48,80,0,4038.68410565506,123.118468726139,4,1.00168177051138,0.951681770511378,294.326130605801,280.104813082691
26.49,80,0,4039.10829643551,123.134366516762,4,1.00168289514536,0.951682895145361,294.307493947239,280.087407902684
26.5,80,0,4039.53228176332,123.150257439262,4,1.00168401931394,0.951684019313941,294.288866322813,280.070011141438
26.51,80,0,4039.95606173452,123.166141496127,4,1.00168514301727,0.951685143017269,294.270247728291,280.052622795026
26.52,80,0,4040.3796364451,123.182018689842,4,1.0016862662555,0.951686266255496,294.251638159445,280.035242859525
26.53,80,0,4040.80300599101,123.197889022895,4,1.00168738902877,0.951687389028773,294.233037612046,280.017871331013
26.54,80,0,4041.22617046817,123.213752497771,4,1.00168851133725,0.951688511337252,294.214446081868,280.000508205567
26.55,80,0,4041.64912997243,123.229609116955,4,1.00168963318108,0.951689633181083,294.195863564687,279.983153479269
26.56,80,0,4042.07188459963,123.245458882932,4,1.00169075456042,0.951690754560417,294.177290056282,279.965807148201
26.57,80,0,4042.49443444555,123.261301798187,4,1.0016918754754,0.951691875475404,294.158725552431,279.948469208448
26.58,80,0,4042.91677960594,123.277137865203,4,1.0016929959262,0.951692995926197,294.140170048915,279.931139656093
26.59,80,0,4043.3389201765,123.292967086464,4,1.00169411591295,0.951694115912947,294.121623541518,279.913818487225
26.6,80,0,4043.7608562529,123.308789464453,4,1.0016952354358,0.951695235435803,294.103086026025,279.896505697934
26.61,80,0,4044.18258793075,123.324605001652,4,1.00169635449492,0.951696354494916,294.084557498223,279.879201284309
26.62,80,0,4044.60411530565,123.340413700544,4,1.00169747309044,0.951697473090439,294.066037953899,279.861905242443
26.63,80,0,4045.02543847312,123.35621556361,4,1.00169859122252,0.951698591222521,294.047527388846,279.84461756843
26.64,80,0,4045.44655752868,123.372010593331,4,1.00169970889131,0.951699708891313,294.029025798853,279.827338258365
26.65,80,0,4045.86747256778,123.387798792188,4,1.00170082609697,0.951700826096967,294.010533179716,279.810067308346
26.66,80,0,4046.28818368584,123.403580162661,4,1.00170194283963,0.951701942839633,293.992049527232,279.792804714472
26.67,80,0,4046.70869097824,123.41935470723,4,1.00170305911946,0.951703059119462,293.973574837196,279.775550472843
26.68,80,0,4047.12899454031,123.435122428374,4,1.0017041749366,0.951704174936605,293.955109105408,279.758304579562
26.69,80,0,4047.54909446736,123.450883328573,4,1.00170529029121,0.951705290291212,293.93665232767,279.741067030732
26.7,80,0,4047.96899085463,123.466637410303,4,1.00170640518344,0.951706405183435,293.918204499784,279.72383782246
26.71,80,0,4048.38868379735,123.482384676044,4,1.00170751961342,0.951707519613424,293.899765617555,279.70661695085
26.72,80,0,4048.80817339068,123.498125128273,4,1.00170863358133,0.951708633581331,293.881335676791,279.689404412015
26.73,80,0,4049.22745972977,123.513858769466,4,1.0017097470873,0.951709747087304,293.8629146733,279.672200202064
26.74,80,0,4049.6465429097,123.529585602101,4,1.0017108601315,0.951710860131497,293.84450260289,279.655004317108
26.75,80,0,4050.06542302553,123.545305628653,4,1.00171197271406,0.951711972714058,293.826099461376,279.637816753263
26.76,80,0,4050.48410017227,123.561018851598,4,1.00171308483514,0.95171308483514,293.807705244569,279.620637506642
26.77,80,0,4050.90257444489,123.576725273411,4,1.00171419649489,0.951714196494892,293.789319948286,279.603466573364
26.78,80,0,4051.32084593832,123.592424896566,4,1.00171530769347,0.951715307693465,293.770943568345,279.586303949547
26.79,80,0,4051.73891474745,123.608117723539,4,1.00171641843101,0.95171641843101,293.752576100565,279.569149631313
26.8,80,0,4052.15678096714,123.623803756801,4,1.00171752870768,0.951717528707678,293.734217540767,279.552003614782
26.81,80,0,4052.57444469218,123.639482998828,4,1.00171863852362,0.95171863852362,293.715867884772,279.534865896078
26.82,80,0,4052.99190601735,123.655155452091,4,1.00171974787898,0.951719747878985,293.697527128406,279.517736471328
26.83,80,0,4053.40916503738,123.670821119064,4,1.00172085677392,0.951720856773925,293.679195267496,279.500615336658
26.84,80,0,4053.82622184695,123.686480002216,4,1.00172196520859,0.95172196520859,293.66087229787,279.483502488198
26.85,80,0,4054.24307654071,123.702132104021,4,1.00172307318313,0.95172307318313,293.642558215358,279.466397922076
26.86,80,0,4054.65972921327,123.717777426949,4,1.0017241806977,0.951724180697697,293.624253015791,279.449301634427
26.87,80,0,4055.07617995919,123.733415973471,4,1.00172528775244,0.951725287752441,293.605956695002,279.432213621381
26.88,80,0,4055.492428873,123.749047746056,4,1.00172639434751,0.951726394347513,293.587669248827,279.415133879077
26.89,80,0,4055.90847604918,123.764672747174,4,1.00172750048306,0.951727500483062,293.569390673105,279.39806240365
26.9,80,0,4056.32432158218,123.780290979293,4,1.00172860615924,0.95172860615924,293.551120963672,279.380999191239
26.91,80,0,4056.73996556639,123.795902444884,4,1.0017297113762,0.951729711376198,293.532860116371,279.363944237984
26.92,80,0,4057.1554080962,123.811507146412,4,1.00173081613408,0.951730816134084,293.514608127044,279.346897540028
26.93,80,0,4057.57064926591,123.827105086347,4,1.00173192043305,0.951731920433051,293.496364991534,279.329859093513
26.94,80,0,4057.98568916981,123.842696267156,4,1.00173302427325,0.951733024273248,293.478130705688,279.312828894584
26.95,80,0,4058.40052790214,123.858280691304,4,1.00173412765483,0.951734127654827,293.459905265355,279.295806939391
26.96,80,0,4058.81516555711,123.873858361259,4,1.00173523057794,0.951735230577936,293.441688666383,279.278793224079
26.97,80,0,4059.22960222888,123.889429279485,4,1.00173633304273,0.951736333042728,293.423480904624,279.261787744799
26.98,80,0,4059.64383801156,123.904993448449,4,1.00173743504935,0.951737435049351,293.405281975932,279.244790497705
26.99,80,0,4060.05787299924,123.920550870615,4,1.00173853659796,0.951738536597958,293.387091876161,279.227801478948
27,80,0,4060.47170728596,123.936101548447,4,1.0017396376887,0.951739637688698,293.368910601167,279.210820684683
27.01,80,0,4060.88534096572,123.951645484409,4,1.00174073832172,0.951740738321721,293.350738146811,279.193848111068
27.02,80,0,4061.29877413248,123.967182680965,4,1.00174183849718,0.951741838497178,293.332574508953,279.176883754261
27.03,80,0,4061.71200688016,123.982713140577,4,1.00174293821522,0.951742938215219,293.314419683454,279.159927610422
27.04,80,0,4062.12503930264,123.998236865707,4,1.00174403747599,0.951744037475994,293.296273666178,279.142979675712
27.05,80,0,4062.53787149375,124.013753858819,4,1.00174513627965,0.951745136279655,293.27813645299,279.126039946294
27.06,80,0,4062.9505035473,124.029264122372,4,1.00174623462635,0.95174623462635,293.26000803976,279.109108418335
27.07,80,0,4063.36293555705,124.044767658829,4,1.00174733251623,0.951747332516231,293.241888422356,279.092185088
27.08,80,0,4063.77516761671,124.060264470649,4,1.00174842994945,0.951748429949448,293.223777596649,279.075269951457
27.09,80,0,4064.18719981997,124.075754560293,4,1.00174952692615,0.951749526926151,293.205675558512,279.058363004877
27.1,80,0,4064.59903226045,124.09123793022,4,1.00175062344649,0.95175062344649,293.18758230382,279.04146424443
27.11,80,0,4065.01066503177,124.106714582889,4,1.00175171951061,0.951751719510615,293.169497828449,279.02457366629
27.12,80,0,4065.42209822747,124.122184520759,4,1.00175281511868,0.951752815118677,293.151422128277,279.007691266632
27.13,80,0,4065.83333194107,124.137647746288,4,1.00175391027083,0.951753910270826,293.133355199185,278.990817041631
27.14,80,0,4066.24436626606,124.153104261934,4,1.00175500496721,0.951755004967212,293.115297037053,278.973950987466
27.15,80,0,4066.65520129586,124.168554070153,4,1.00175609920799,0.951756099207985,293.097247637766,278.957093100317
27.16,80,0,4067.06583712388,124.183997173403,4,1.0017571929933,0.951757192993296,293.079206997209,278.940243376365
27.17,80,0,4067.47627384347,124.199433574139,4,1.00175828632329,0.951758286323294,293.061175111269,278.923401811792
27.18,80,0,4067.88651154796,124.214863274818,4,1.00175937919813,0.95175937919813,293.043151975835,278.906568402784
27.19,80,0,4068.29655033061,124.230286277895,4,1.00176047161795,0.951760471617954,293.025137586798,278.889743145527
27.2,80,0,4068.70639028466,124.245702585823,4,1.00176156358292,0.951761563582915,293.007131940049,278.872926036207
27.21,80,0,4069.11603150331,124.261112201059,4,1.00176265509317,0.951762655093165,292.989135031484,278.856117071015
27.22,80,0,4069.52547407973,124.276515126055,4,1.00176374614885,0.951763746148853,292.971146856998,278.839316246142
27.23,80,0,4069.93471810702,124.291911363264,4,1.00176483675013,0.951764836750129,292.953167412488,278.82252355778
27.24,80,0,4070.34376367825,124.30730091514,4,1.00176592689714,0.951765926897143,292.935196693855,278.805739002124
27.25,80,0,4070.75261088648,124.322683784135,4,1.00176701659005,0.951767016590045,292.917234697,278.78896257537
27.26,80,0,4071.16125982469,124.338059972701,4,1.00176810582899,0.951768105828986,292.899281417826,278.772194273715
27.27,80,0,4071.56971058585,124.353429483289,4,1.00176919461411,0.951769194614115,292.881336852237,278.755434093359
27.28,80,0,4071.97796326286,124.36879231835,4,1.00177028294558,0.951770282945582,292.86340099614,278.738682030502
27.29,80,0,4072.38601794861,124.384148480334,4,1.00177137082354,0.951771370823538,292.845473845444,278.721938081347
27.3,80,0,4072.79387473593,124.399497971692,4,1.00177245824813,0.951772458248131,292.827555396059,278.705202242098
27.31,80,0,4073.20153371762,124.414840794873,4,1.00177354521951,0.951773545219513,292.809645643895,278.688474508959
27.32,80,0,4073.60899498644,124.430176952326,4,1.00177463173783,0.951774631737832,292.791744584869,278.671754878141
27.33,80,0,4074.01625863511,124.445506446499,4,1.00177571780324,0.95177571780324,292.773852214893,278.65504334585
27.34,80,0,4074.42332475629,124.46082927984,4,1.00177680341589,0.951776803415886,292.755968529887,278.638339908298
27.35,80,0,4074.83019344264,124.476145454798,4,1.00177788857592,0.951777888575919,292.738093525769,278.621644561696
27.36,80,0,4075.23686478674,124.491454973818,4,1.00177897328349,0.95177897328349,292.72022719846,278.60495730226
27.37,80,0,4075.64333888116,124.506757839347,4,1.00178005753875,0.951780057538748,292.702369543881,278.588278126203
27.38,80,0,4076.04961581841,124.522054053832,4,1.00178114134184,0.951781141341844,292.684520557958,278.571607029743
27.39,80,0,4076.45569569097,124.537343619718,4,1.00178222469293,0.951782224692927,292.666680236615,278.554944009099
27.4,80,0,4076.86157859128,124.552626539451,4,1.00178330759215,0.951783307592146,292.648848575783,278.538289060492
27.41,80,0,4077.26726461174,124.567902815473,4,1.00178439003965,0.951784390039653,292.631025571389,278.521642180142
27.42,80,0,4077.67275384471,124.583172450231,4,1.0017854720356,0.951785472035596,292.613211219364,278.505003364274
27.43,80,0,4078.0780463825,124.598435446167,4,1.00178655358012,0.951786553580125,292.595405515643,278.488372609113
27.44,80,0,4078.4831423174,124.613691805725,4,1.00178763467339,0.95178763467339,292.577608456161,278.471749910886
27.45,80,0,4078.88804174164,124.628941531347,4,1.00178871531554,0.951788715315541,292.559820036851,278.45513526582
27.46,80,0,4079.29274474743,124.644184625475,4,1.00178979550673,0.951789795506727,292.542040253655,278.438528670147
27.47,80,0,4079.69725142693,124.659421090552,4,1.0017908752471,0.951790875247098,292.524269102513,278.421930120099
27.48,80,0,4080.10156187225,124.674650929018,4,1.0017919545368,0.951791954536805,292.506506579365,278.405339611906
27.49,80,0,4080.50567617548,124.689874143313,4,1.001793033376,0.951793033375996,292.488752680154,278.388757141805
27.5,80,0,4080.90959442865,124.705090735879,4,1.00179411176482,0.951794111764821,292.471007400829,278.372182706034
27.51,80,0,4081.31331672378,124.720300709154,4,1.00179518970343,0.951795189703429,292.453270737334,278.355616300829
27.52,80,0,4081.71684315282,124.735504065579,4,1.00179626719197,0.951796267191972,292.435542685618,278.33905792243
27.53,80,0,4082.12017380769,124.750700807591,4,1.0017973442306,0.951797344230597,292.417823241633,278.322507567078
27.54,80,0,4082.52330878027,124.765890937629,4,1.00179842081945,0.951798420819455,292.400112401331,278.305965231018
27.55,80,0,4082.92624816242,124.781074458131,4,1.00179949695869,0.951799496958694,292.382410160666,278.289430910493
27.56,80,0,4083.32899204593,124.796251371534,4,1.00180057264847,0.951800572648466,292.364716515593,278.272904601748
27.57,80,0,4083.73154052256,124.811421680275,4,1.00180164788892,0.951801647888919,292.347031462072,278.256386301034
27.58,80,0,4084.13389368405,124.82658538679,4,1.0018027226802,0.951802722680203,292.32935499606,278.239876004597
27.59,80,0,4084.53605162207,124.841742493514,4,1.00180379702247,0.951803797022467,292.311687113519,278.223373708691
27.6,80,0,4084.93801442827,124.856893002884,4,1.00180487091586,0.951804870915861,292.294027810412,278.206879409566
27.61,80,0,4085.33978219426,124.872036917334,4,1.00180594436053,0.951805944360534,292.276377082704,278.190393103479
27.62,80,0,4085.74135501159,124.887174239297,4,1.00180701735664,0.951807017356636,292.258734926361,278.173914786684
27.63,80,0,4086.14273297181,124.902304971209,4,1.00180808990432,0.951808089904316,292.241101337351,278.157444455438
27.64,80,0,4086.5439161664,124.917429115502,4,1.00180916200372,0.951809162003724,292.223476311645,278.140982106002
27.65,80,0,4086.94490468679,124.932546674609,4,1.00181023365501,0.951810233655009,292.205859845213,278.124527734635
27.66,80,0,4087.34569862441,124.947657650962,4,1.00181130485832,0.95181130485832,292.188251934029,278.1080813376
27.67,80,0,4087.74629807062,124.962762046994,4,1.00181237561381,0.951812375613807,292.170652574068,278.09164291116
27.68,80,0,4088.14670311675,124.977859865135,4,1.00181344592162,0.95181344592162,292.153061761308,278.075212451582
27.69,80,0,4088.54691385409,124.992951107817,4,1.00181451578191,0.951814515781907,292.135479491726,278.058789955133
27.7,80,0,4088.94693037389,125.008035777469,4,1.00181558519482,0.951815585194818,292.117905761304,278.04237541808
27.71,80,0,4089.34675276736,125.023113876522,4,1.0018166541605,0.951816654160502,292.100340566023,278.025968836695
27.72,80,0,4089.74638112568,125.038185407404,4,1.00181772267911,0.951817722679108,292.082783901869,278.009570207251
27.73,80,0,4090.14581553996,125.053250372546,4,1.00181879075079,0.951818790750787,292.065235764823,277.993179526017
27.74,80,0,4090.54505610132,125.068308774374,4,1.00181985837569,0.951819858375686,292.047696150876,277.976796789273
27.75,80,0,4090.9441029008,125.083360615318,4,1.00182092555396,0.951820925553956,292.030165056017,277.960421993293
27.76,80,0,4091.34295602942,125.098405897803,4,1.00182199228575,0.951821992285745,292.012642476236,277.944055134356
27.77,80,0,4091.74161557814,125.113444624258,4,1.0018230585712,0.951823058571203,291.995128407526,277.927696208743
27.78,80,0,4092.14008163792,125.128476797109,4,1.00182412441048,0.951824124410479,291.97762284588,277.911345212733
27.79,80,0,4092.53835429963,125.14350241878,4,1.00182518980372,0.951825189803722,291.960125787296,277.895002142611
27.8,80,0,4092.93643365415,125.158521491699,4,1.00182625475108,0.951826254751082,291.942637227771,277.878666994663
27.81,80,0,4093.33431979229,125.173534018289,4,1.00182731925271,0.951827319252707,291.925157163303,277.862339765172
27.82,80,0,4093.73201280482,125.188540000975,4,1.00182838330875,0.951828383308747,291.907685589896,277.846020450429
27.83,80,0,4094.12951278249,125.203539442181,4,1.00182944691935,0.95182944691935,291.890222503551,277.829709046721
27.84,80,0,4094.52681981599,125.21853234433,4,1.00183051008467,0.951830510084667,291.872767900274,277.813405550342
27.85,80,0,4094.92393399599,125.233518709845,4,1.00183157280485,0.951831572804845,291.855321776071,277.797109957581
27.86,80,0,4095.32085541311,125.248498541148,4,1.00183263508003,0.951832635080034,291.837884126949,277.780822264736
27.87,80,0,4095.71758415794,125.263471840662,4,1.00183369691038,0.951833696910384,291.820454948921,277.764542468101
27.88,80,0,4096.114120321,125.278438610807,4,1.00183475829604,0.951834758296042,291.803034237996,277.748270563974
27.89,80,0,4096.51046399282,125.293398854004,4,1.00183581923716,0.951835819237159,291.785621990187,277.732006548653
27.9,80,0,4096.90661526385,125.308352572675,4,1.00183687973388,0.951836879733883,291.76821820151,277.71575041844
27.91,80,0,4097.30257422452,125.323299769238,4,1.00183793978636,0.951837939786363,291.750822867984,277.699502169638
27.92,80,0,4097.69834096521,125.338240446113,4,1.00183899939475,0.951838999394748,291.733435985625,277.683261798549
27.93,80,0,4098.09391557628,125.353174605719,4,1.00184005855919,0.951840058559187,291.716057550455,277.66702930148
27.94,80,0,4098.48929814804,125.368102250474,4,1.00184111727983,0.951841117279829,291.698687558495,277.650804674738
27.95,80,0,4098.88448877074,125.383023382796,4,1.00184217555682,0.951842175556823,291.681326005769,277.63458791463
27.96,80,0,4099.27948753463,125.397938005103,4,1.00184323339032,0.951843233390318,291.663972888302,277.618379017468
27.97,80,0,4099.67429452989,125.412846119811,4,1.00184429078046,0.951844290780462,291.646628202123,277.602177979563
27.98,80,0,4100.06890984668,125.427747729336,4,1.00184534772741,0.951845347727405,291.629291943259,277.585984797228
27.99,80,0,4100.46333357511,125.442642836095,4,1.0018464042313,0.951846404231296,291.611964107741,277.569799466779
28,80,0,4100.85756580525,125.457531442502,4,1.00184746029228,0.951847460292283,291.594644691603,277.553621984532
28.01,80,0,4101.25160662714,125.472413550973,4,1.00184851591051,0.951848515910515,291.577333690877,277.537452346807
28.02,80,0,4101.64545613077,125.487289163921,4,1.00184957108614,0.95184957108614,291.560031101602,277.521290549922
28.03,80,0,4102.03911440611,125.502158283762,4,1.00185062581931,0.951850625819309,291.542736919814,277.505136590199
28.04,80,0,4102.43258154307,125.517020912907,4,1.00185168011017,0.951851680110169,291.52545114155,277.488990463959
28.05,80,0,4102.82585763153,125.531877053769,4,1.00185273395887,0.951852733958869,291.508173762855,277.47285216753
28.06,80,0,4103.21894276133,125.546726708762,4,1.00185378736556,0.951853787365558,291.490904779769,277.456721697237
28.07,80,0,4103.61183702228,125.561569880297,4,1.00185484033038,0.951854840330384,291.473644188338,277.440599049405
28.08,80,0,4104.00454050412,125.576406570784,4,1.0018558928535,0.951855892853497,291.456391984607,277.424484220367
28.09,80,0,4104.3970532966,125.591236782635,4,1.00185694493504,0.951856944935045,291.439148164626,277.408377206453
28.1,80,0,4104.78937548939,125.606060518261,4,1.00185799657518,0.951857996575177,291.421912724443,277.392278003994
28.11,80,0,4105.18150717214,125.62087778007,4,1.00185904777404,0.951859047774041,291.40468566011,277.376186609326
28.12,80,0,4105.57344843446,125.635688570472,4,1.00186009853179,0.951860098531785,291.38746696768,277.360103018783
28.13,80,0,4105.96519936591,125.650492891876,4,1.00186114884856,0.95186114884856,291.370256643207,277.344027228703
28.14,80,0,4106.35676005602,125.66529074669,4,1.00186219872451,0.951862198724512,291.353054682749,277.327959235424
28.15,80,0,4106.74813059429,125.680082137321,4,1.00186324815979,0.951863248159792,291.335861082362,277.311899035287
28.16,80,0,4107.13931107017,125.694867066178,4,1.00186429715455,0.951864297154546,291.31867583811,277.295846624635
28.17,80,0,4107.53030157306,125.709645535666,4,1.00186534570892,0.951865345708924,291.301498946051,277.279801999811
28.18,80,0,4107.92110219235,125.724417548192,4,1.00186639382308,0.951866393823075,291.28433040225,277.263765157159
28.19,80,0,4108.31171301737,125.739183106161,4,1.00186744149715,0.951867441497147,291.267170202772,277.247736093027
28.2,80,0,4108.70213413741,125.753942211979,4,1.00186848873129,0.951868488731287,291.250018343685,277.231714803763
28.21,80,0,4109.09236564173,125.76869486805,4,1.00186953552565,0.951869535525646,291.232874821055,277.215701285717
28.22,80,0,4109.48240761956,125.783441076779,4,1.00187058188037,0.951870581880371,291.215739630954,277.199695535239
28.23,80,0,4109.87226016007,125.798180840568,4,1.00187162779561,0.951871627795611,291.198612769455,277.183697548685
28.24,80,0,4110.26192335241,125.812914161822,4,1.00187267327151,0.951872673271513,291.181494232629,277.167707322406
28.25,80,0,4110.65139728567,125.827641042943,4,1.00187371830823,0.951873718308227,291.164384016553,277.151724852761
28.26,80,0,4111.04068204893,125.842361486332,4,1.0018747629059,0.951874762905901,291.147282117304,277.135750136107
28.27,80,0,4111.4297777312,125.857075494392,4,1.00187580706468,0.951875807064684,291.130188530962,277.119783168803
28.28,80,0,4111.81868442148,125.871783069523,4,1.00187685078472,0.951876850784723,291.113103253606,277.10382394721
28.29,80,0,4112.20740220871,125.886484214127,4,1.00187789406617,0.951877894066166,291.096026281318,277.087872467691
28.3,80,0,4112.59593118181,125.901178930603,4,1.00187893690916,0.951878936909163,291.078957610184,277.071928726609
28.31,80,0,4112.98427142964,125.91586722135,4,1.00187997931386,0.951879979313862,291.061897236288,277.055992720331
28.32,80,0,4113.37242304103,125.930549088768,4,1.00188102128041,0.95188102128041,291.044845155718,277.040064445224
28.33,80,0,4113.76038610479,125.945224535255,4,1.00188206280896,0.951882062808956,291.027801364562,277.024143897654
28.34,80,0,4114.14816070966,125.95989356321,4,1.00188310389965,0.951883103899649,291.010765858912,277.008231073995
28.35,80,0,4114.53574694437,125.974556175029,4,1.00188414455264,0.951884144552636,290.993738634861,276.992325970618
28.36,80,0,4114.92314489759,125.989212373109,4,1.00188518476807,0.951885184768066,290.976719688503,276.976428583896
28.37,80,0,4115.31035465796,126.003862159848,4,1.00188622454609,0.951886224546087,290.959709015933,276.960538910204
28.38,80,0,4115.69737631408,126.018505537641,4,1.00188726388685,0.951887263886846,290.942706613248,276.944656945918
28.39,80,0,4116.08420995451,126.033142508883,4,1.00188830279049,0.951888302790493,290.925712476549,276.928782687417
28.4,80,0,4116.47085566779,126.04777307597,4,1.00188934125718,0.951889341257175,290.908726601937,276.912916131082
28.41,80,0,4116.85731354239,126.062397241295,4,1.00189037928704,0.951890379287041,290.891748985515,276.897057273293
28.42,80,0,4117.24358366677,126.077015007252,4,1.00189141688024,0.951891416880238,290.874779623386,276.881206110432
28.43,80,0,4117.62966612932,126.091626376236,4,1.00189245403691,0.951892454036914,290.857818511656,276.865362638884
28.44,80,0,4118.01556101843,126.106231350639,4,1.00189349075722,0.951893490757219,290.840865646435,276.849526855036
28.45,80,0,4118.40126842242,126.120829932852,4,1.0018945270413,0.951894527041299,290.823921023831,276.833698755276
28.46,80,0,4118.78678842959,126.135422125268,4,1.0018955628893,0.951895562889302,290.806984639955,276.817878335991
28.47,80,0,4119.17212112819,126.150007930279,4,1.00189659830138,0.951896598301378,290.790056490922,276.802065593574
28.48,80,0,4119.55726660644,126.164587350275,4,1.00189763327767,0.951897633277673,290.773136572845,276.786260524416
28.49,80,0,4119.94222495252,126.179160387645,4,1.00189866781834,0.951898667818335,290.75622488184,276.770463124912
28.5,80,0,4120.32699625456,126.193727044781,4,1.00189970192351,0.951899701923513,290.739321414025,276.754673391455
28.51,80,0,4120.71158060068,126.20828732407,4,1.00190073559335,0.951900735593355,290.722426165522,276.738891320445
28.52,80,0,4121.09597807893,126.222841227903,4,1.00190176882801,0.951901768828008,290.70553913245,276.723116908279
28.53,80,0,4121.48018877733,126.237388758666,4,1.00190280162762,0.95190280162762,290.688660310933,276.707350151357
28.54,80,0,4121.86421278388,126.251929918748,4,1.00190383399234,0.951903833992339,290.671789697095,276.69159104608
28.55,80,0,4122.24805018652,126.266464710536,4,1.00190486592231,0.951904865922314,290.654927287064,276.675839588853
28.56,80,0,4122.63170107316,126.280993136416,4,1.00190589741769,0.951905897417691,290.638073076967,276.660095776079
28.57,80,0,4123.01516553168,126.295515198775,4,1.00190692847862,0.951906928478619,290.621227062935,276.644359604166
28.58,80,0,4123.39844364991,126.310030899998,4,1.00190795910525,0.951907959105245,290.604389241099,276.628631069521
28.59,80,0,4123.78153551564,126.324540242469,4,1.00190898929772,0.951908989297718,290.587559607594,276.612910168555
28.6,80,0,4124.16444121663,126.339043228575,4,1.00191001905618,0.951910019056184,290.570738158552,276.597196897677
28.61,80,0,4124.5471608406,126.353539860698,4,1.00191104838079,0.951911048380792,290.553924890111,276.5814912533
28.62,80,0,4124.92969447523,126.368030141222,4,1.00191207727169,0.95191207727169,290.53711979841,276.565793231838
28.63,80,0,4125.31204220816,126.38251407253,4,1.00191310572902,0.951913105729024,290.520322879589,276.550102829708
28.64,80,0,4125.694204127,126.396991657005,4,1.00191413375294,0.951914133752944,290.503534129788,276.534420043326
28.65,80,0,4126.07618031931,126.411462897028,4,1.0019151613436,0.951915161343596,290.486753545153,276.518744869112
28.66,80,0,4126.45797087262,126.425927794981,4,1.00191618850113,0.951916188501128,290.469981121827,276.503077303484
28.67,80,0,4126.83957587443,126.440386353245,4,1.00191721522569,0.951917215225687,290.453216855959,276.487417342867
28.68,80,0,4127.22099541217,126.4548385742,4,1.00191824151742,0.951918241517422,290.436460743695,276.471764983682
28.69,80,0,4127.60222957327,126.469284460225,4,1.00191926737648,0.95191926737648,290.419712781187,276.456120222355
28.7,80,0,4127.9832784451,126.483724013701,4,1.00192029280301,0.951920292803009,290.402972964586,276.440483055313
28.71,80,0,4128.364142115,126.498157237006,4,1.00192131779716,0.951921317797155,290.386241290047,276.424853478984
28.72,80,0,4128.74482067027,126.512584132518,4,1.00192234235907,0.951922342359067,290.369517753723,276.409231489797
28.73,80,0,4129.12531419817,126.527004702615,4,1.00192336648889,0.951923366488892,290.352802351773,276.393617084184
28.74,80,0,4129.50562278592,126.541418949675,4,1.00192439018678,0.951924390186777,290.336095080355,276.378010258577
28.75,80,0,4129.8857465207,126.555826876073,4,1.00192541345287,0.951925413452871,290.319395935628,276.362411009411
28.76,80,0,4130.26568548967,126.570228484186,4,1.00192643628732,0.95192643628732,290.302704913756,276.346819333121
28.77,80,0,4130.64543977994,126.58462377639,4,1.00192745869027,0.951927458690272,290.286022010902,276.331235226146
28.78,80,0,4131.02500947857,126.59901275506,4,1.00192848066187,0.951928480661874,290.269347223231,276.315658684924
28.79,80,0,4131.40439467259,126.61339542257,4,1.00192950220227,0.951929502202274,290.252680546909,276.300089705895
28.8,80,0,4131.78359544901,126.627771781294,4,1.00193052331162,0.951930523311618,290.236021978107,276.284528285502
28.81,80,0,4132.16261189478,126.642141833606,4,1.00193154399006,0.951931543990056,290.219371512994,276.268974420188
28.82,80,0,4132.54144409682,126.65650558188,4,1.00193256423773,0.951932564237733,290.202729147742,276.253428106398
28.83,80,0,4132.92009214201,126.670863028486,4,1.0019335840548,0.951933584054797,290.186094878524,276.237889340579
28.84,80,0,4133.29855611719,126.685214175799,4,1.0019346034414,0.951934603441395,290.169468701518,276.22235811918
28.85,80,0,4133.67683610917,126.699559026188,4,1.00193562239768,0.951935622397675,290.152850612899,276.20683443865
28.86,80,0,4134.05493220472,126.713897582024,4,1.00193664092378,0.951936640923784,290.136240608846,276.19131829544
28.87,80,0,4134.43284449056,126.728229845679,4,1.00193765901987,0.951937659019869,290.119638685542,276.175809686005
28.88,80,0,4134.8105730534,126.742555819522,4,1.00193867668608,0.951938676686078,290.103044839166,276.160308606797
28.89,80,0,4135.18811797987,126.756875505921,4,1.00193969392256,0.951939693922556,290.086459065902,276.144815054273
28.9,80,0,4135.5654793566,126.771188907247,4,1.00194071072945,0.951940710729453,290.069881361936,276.12932902489
28.91,80,0,4135.94265727017,126.785496025867,4,1.00194172710691,0.951941727106914,290.053311723455,276.113850515106
28.92,80,0,4136.31965180712,126.799796864149,4,1.00194274305509,0.951942743055088,290.03675014665,276.098379521385
28.93,80,0,4136.69646305395,126.814091424461,4,1.00194375857412,0.95194375857412,290.020196627709,276.082916040186
28.94,80,0,4137.07309109712,126.828379709168,4,1.00194477366416,0.951944773664159,290.003651162824,276.067460067975
28.95,80,0,4137.44953602306,126.842661720637,4,1.00194578832535,0.951945788325351,289.987113748192,276.052011601216
28.96,80,0,4137.82579791816,126.856937461234,4,1.00194680255784,0.951946802557844,289.970584380004,276.036570636374
28.97,80,0,4138.20187686878,126.871206933323,4,1.00194781636178,0.951947816361784,289.95406305446,276.021137169921
28.98,80,0,4138.57777296122,126.88547013927,4,1.00194882973732,0.951948829737318,289.937549767759,276.005711198324
28.99,80,0,4138.95348628176,126.899727081437,4,1.00194984268459,0.951949842684593,289.921044516101,275.990292718056
29,80,0,4139.32901691665,126.91397776219,4,1.00195085520376,0.951950855203757,289.904547295689,275.974881725589
29.01,80,0,4139.70436495208,126.92822218389,4,1.00195186729496,0.951951867294957,289.888058102724,275.959478217397
29.02,80,0,4140.07953047421,126.9424603489,4,1.00195287895834,0.951952878958338,289.871576933414,275.944082189957
29.03,80,0,4140.45451356917,126.956692259583,4,1.00195389019405,0.951953890194049,289.855103783967,275.928693639747
29.04,80,0,4140.82931432305,126.970917918298,4,1.00195490100224,0.951954901002236,289.838638650589,275.913312563244
29.05,80,0,4141.2039328219,126.985137327408,4,1.00195591138305,0.951955911383046,289.822181529492,275.897938956931
29.06,80,0,4141.57836915172,126.999350489272,4,1.00195692133663,0.951956921336626,289.805732416889,275.882572817288
29.07,80,0,4141.9526233985,127.013557406251,4,1.00195793086312,0.951957930863122,289.789291308993,275.867214140799
29.08,80,0,4142.32669564817,127.027758080702,4,1.00195893996268,0.951958939962682,289.772858202019,275.851862923951
29.09,80,0,4142.70058598664,127.041952514986,4,1.00195994863545,0.951959948635452,289.756433092185,275.836519163229
29.1,80,0,4143.07429449976,127.056140711461,4,1.00196095688158,0.951960956881579,289.74001597571,275.821182855121
29.11,80,0,4143.44782127335,127.070322672483,4,1.00196196470121,0.951961964701211,289.723606848815,275.805853996119
29.12,80,0,4143.82116639321,127.08449840041,4,1.00196297209449,0.951962972094492,289.707205707719,275.790532582711
29.13,80,0,4144.19432994508,127.098667897599,4,1.00196397906157,0.951963979061571,289.69081254865,275.775218611392
29.14,80,0,4144.56731201468,127.112831166406,4,1.00196498560259,0.951964985602594,289.674427367831,275.759912078657
29.15,80,0,4144.94011268768,127.126988209185,4,1.00196599171771,0.951965991717707,289.658050161489,275.744612981
29.16,80,0,4145.31273204972,127.141139028293,4,1.00196699740706,0.951966997407058,289.641680925855,275.729321314919
29.17,80,0,4145.68517018639,127.155283626083,4,1.00196800267079,0.951968002670793,289.625319657157,275.714037076914
29.18,80,0,4146.05742718326,127.16942200491,4,1.00196900750906,0.951969007509058,289.608966351629,275.698760263485
29.19,80,0,4146.42950312585,127.183554167126,4,1.001970011922,0.951970011922001,289.592621005504,275.683490871133
29.2,80,0,4146.80139809966,127.197680115085,4,1.00197101590977,0.951971015909767,289.576283615017,275.668228896363
29.21,80,0,4147.17311219011,127.211799851139,4,1.0019720194725,0.951972019472503,289.559954176406,275.652974335679
29.22,80,0,4147.54464548265,127.225913377639,4,1.00197302261036,0.951973022610356,289.54363268591,275.637727185588
29.23,80,0,4147.91599806262,127.240020696938,4,1.00197402532347,0.951974025323473,289.527319139767,275.622487442598
29.24,80,0,4148.28717001538,127.254121811384,4,1.001975027612,0.951975027611999,289.511013534221,275.607255103218
29.25,80,0,4148.65816142621,127.268216723329,4,1.00197602947608,0.951976029476082,289.494715865516,275.59203016396
29.26,80,0,4149.0289723804,127.282305435123,4,1.00197703091587,0.951977030915867,289.478426129895,275.576812621336
29.27,80,0,4149.39960296315,127.296387949113,4,1.0019780319315,0.951978031931502,289.462144323608,275.561602471861
29.28,80,0,4149.77005325966,127.31046426765,4,1.00197903252313,0.951979032523132,289.445870442903,275.54639971205
29.29,80,0,4150.14032335508,127.32453439308,4,1.0019800326909,0.951980032690904,289.42960448403,275.531204338422
29.3,80,0,4150.51041333452,127.338598327751,4,1.00198103243496,0.951981032434964,289.41334644324,275.516016347494
29.31,80,0,4150.88032328305,127.352656074011,4,1.00198203175546,0.951982031755459,289.397096316789,275.500835735787
29.32,80,0,4151.25005328572,127.366707634205,4,1.00198303065254,0.951983030652535,289.380854100929,275.485662499821
29.33,80,0,4151.61960342753,127.380753010679,4,1.00198402912634,0.951984029126338,289.364619791919,275.470496636122
29.34,80,0,4151.98897379344,127.394792205779,4,1.00198502717702,0.951985027177015,289.348393386018,275.455338141214
29.35,80,0,4152.35816446837,127.40882522185,4,1.00198602480471,0.951986024804712,289.332174879485,275.440187011622
29.36,80,0,4152.72717553722,127.422852061235,4,1.00198702200957,0.951987022009575,289.315964268581,275.425043243875
29.37,80,0,4153.09600708483,127.436872726278,4,1.00198801879175,0.95198801879175,289.299761549573,275.409906834504
29.38,80,0,4153.46465919603,127.450887219323,4,1.00198901515138,0.951989015151383,289.283566718723,275.394777780036
29.39,80,0,4153.8331319556,127.464895542712,4,1.00199001108862,0.951990011088622,289.267379772299,275.379656077007
29.4,80,0,4154.20142544826,127.478897698787,4,1.00199100660361,0.951991006603611,289.251200706567,275.364541721948
29.41,80,0,4154.56953975873,127.492893689889,4,1.0019920016965,0.951992001696497,289.235029517801,275.349434711396
29.42,80,0,4154.93747497166,127.50688351836,4,1.00199299636743,0.951992996367426,289.218866202271,275.33433504189
29.43,80,0,4155.3052311717,127.52086718654,4,1.00199399061654,0.951993990616545,289.20271075625,275.319242709965
29.44,80,0,4155.67280844344,127.534844696769,4,1.001994984444,0.951994984443999,289.186563176015,275.304157712164
29.45,80,0,4156.04020687141,127.548816051386,4,1.00199597784993,0.951995977849934,289.170423457839,275.289080045025
29.46,80,0,4156.40742654016,127.56278125273,4,1.0019969708345,0.951996970834496,289.154291598004,275.274009705094
29.47,80,0,4156.77446753414,127.57674030314,4,1.00199796339783,0.951997963397832,289.138167592787,275.258946688914
29.48,80,0,4157.14132993782,127.590693204952,4,1.00199895554009,0.951998955540087,289.122051438472,275.243890993033
29.49,80,0,4157.50801383559,127.604639960505,4,1.00199994726141,0.951999947261407,289.10594313134,275.228842613995
29.5,80,0,4157.87451931183,127.618580572135,4,1.00200093856194,0.952000938561939,289.089842667678,275.213801548353
29.51,80,0,4158.24084645086,127.632515042178,4,1.00200192944183,0.952001929441828,289.073750043771,275.198767792655
29.52,80,0,4158.60699533699,127.646443372969,4,1.00200291990122,0.95200291990122,289.057665255908,275.183741343454
29.53,80,0,4158.97296605447,127.660365566844,4,1.00200390994026,0.952003909940261,289.041588300379,275.168722197304
29.54,80,0,4159.33875868751,127.674281626137,4,1.0020048995591,0.952004899559097,289.025519173474,275.153710350759
29.55,80,0,4159.70437332032,127.688191553182,4,1.00200588875787,0.952005888757873,289.009457871488,275.138705800377
29.56,80,0,4160.06981003702,127.702095350312,4,1.00200687753674,0.952006877536736,288.993404390714,275.123708542715
29.57,80,0,4160.43506892174,127.715993019861,4,1.00200786589583,0.952007865895832,288.977358727448,275.108718574332
29.58,80,0,4160.80015005855,127.72988456416,4,1.0020088538353,0.952008853835305,288.96132087799,275.093735891791
29.59,80,0,4161.16505353148,127.743769985541,4,1.0020098413553,0.952009841355302,288.945290838638,275.078760491654
29.6,80,0,4161.52977942453,127.757649286336,4,1.00201082845597,0.952010828455969,288.929268605695,275.063792370485
29.61,80,0,4161.89432782167,127.771522468875,4,1.00201181513745,0.952011815137451,288.913254175461,275.048831524849
29.62,80,0,4162.25869880682,127.785389535488,4,1.00201280139989,0.952012801399894,288.897247544243,275.033877951313
29.63,80,0,4162.62289246387,127.799250488505,4,1.00201378724344,0.952013787243444,288.881248708346,275.018931646448
29.64,80,0,4162.98690887667,127.813105330254,4,1.00201477266825,0.952014772668246,288.865257664079,275.003992606822
29.65,80,0,4163.35074812904,127.826954063066,4,1.00201575767445,0.952015757674445,288.849274407749,274.989060829007
29.66,80,0,4163.71441030475,127.840796689266,4,1.00201674226219,0.952016742262189,288.833298935668,274.974136309576
29.67,80,0,4164.07789548755,127.854633211183,4,1.00201772643162,0.952017726431621,288.81733124415,274.959219045104
29.68,80,0,4164.44120376114,127.868463631144,4,1.00201871018289,0.952018710182888,288.801371329508,274.944309032168
29.69,80,0,4164.80433520918,127.882287951474,4,1.00201969351614,0.952019693516136,288.785419188058,274.929406267343
29.7,80,0,4165.16728991532,127.8961061745,4,1.00202067643151,0.952020676431509,288.769474816117,274.914510747212
29.71,80,0,4165.53006796314,127.909918302547,4,1.00202165892915,0.952021658929153,288.753538210006,274.899622468353
29.72,80,0,4165.8926694362,127.923724337939,4,1.00202264100921,0.952022641009214,288.737609366045,274.884741427349
29.73,80,0,4166.25509441802,127.937524283001,4,1.00202362267184,0.952023622671837,288.721688280556,274.869867620784
29.74,80,0,4166.61734299208,127.951318140056,4,1.00202460391717,0.952024603917167,288.705774949862,274.855001045241
29.75,80,0,4166.97941524184,127.965105911427,4,1.00202558474535,0.952025584745351,288.68986937029,274.84014169731
29.76,80,0,4167.3413112507,127.978887599437,4,1.00202656515653,0.952026565156533,288.673971538168,274.825289573576
29.77,80,0,4167.70303110204,127.992663206407,4,1.00202754515086,0.952027545150858,288.658081449822,274.81044467063
29.78,80,0,4168.06457487918,128.006432734659,4,1.00202852472847,0.952028524728473,288.642199101585,274.795606985064
29.79,80,0,4168.42594266544,128.020196186514,4,1.00202950388952,0.952029503889522,288.62632448979,274.780776513471
29.8,80,0,4168.78713454408,128.033953564291,4,1.00203048263415,0.95203048263415,288.610457610768,274.765953252443
29.81,80,0,4169.14815059832,128.047704870312,4,1.0020314609625,0.952031460962504,288.594598460857,274.751137198577
29.82,80,0,4169.50899091136,128.061450106894,4,1.00203243887473,0.952032438874728,288.578747036392,274.736328348469
29.83,80,0,4169.86965556634,128.075189276357,4,1.00203341637097,0.952033416370967,288.562903333712,274.721526698719
29.84,80,0,4170.23014464639,128.088922381019,4,1.00203439345137,0.952034393451367,288.547067349159,274.706732245927
29.85,80,0,4170.59045823458,128.102649423197,4,1.00203537011607,0.952035370116072,288.531239079072,274.691944986693
29.86,80,0,4170.95059641396,128.116370405207,4,1.00203634636523,0.952036346365229,288.515418519797,274.677164917622
29.87,80,0,4171.31055926754,128.130085329368,4,1.00203732219898,0.952037322198982,288.499605667678,274.662392035318
29.88,80,0,4171.67034687828,128.143794197994,4,1.00203829761748,0.952038297617476,288.483800519062,274.647626336387
29.89,80,0,4172.02995932912,128.1574970134,4,1.00203927262086,0.952039272620856,288.468003070297,274.632867817436
29.9,80,0,4172.38939670296,128.171193777902,4,1.00204024720927,0.952040247209268,288.452213317732,274.618116475074
29.91,80,0,4172.74865908266,128.184884493814,4,1.00204122138286,0.952041221382856,288.436431257721,274.603372305913
29.92,80,0,4173.10774655105,128.19856916345,4,1.00204219514177,0.952042195141766,288.420656886615,274.588635306563
29.93,80,0,4173.46665919091,128.212247789122,4,1.00204316848614,0.952043168486142,288.404890200771,274.57390547364
29.94,80,0,4173.82539708499,128.225920373143,4,1.00204414141613,0.95204414141613,288.389131196544,274.559182803757
29.95,80,0,4174.18396031601,128.239586917825,4,1.00204511393187,0.952045113931874,288.373379870291,274.544467293531
29.96,80,0,4174.54234896664,128.25324742548,4,1.00204608603352,0.95204608603352,288.357636218373,274.52975893958
29.97,80,0,4174.90056311954,128.266901898418,4,1.00204705772121,0.952047057721212,288.341900237151,274.515057738523
29.98,80,0,4175.2586028573,128.280550338951,4,1.0020480289951,0.952048028995095,288.326171922988,274.500363686982
29.99,80,0,4175.61646826249,128.294192749387,4,1.00204899985531,0.952048999855315,288.310451272248,274.485676781579
30,80,0,4175.97415941765,128.307829132036,4,1.00204997030202,0.952049970302015,288.294738281298,274.470997018937
