TimeSeconds,ThrottlePercent,Brake,RPM,SpeedMPH,Gear,TorqueRatioBefore,TorqueRatioAfter,ImpellerTorque,TurbineTorque
0,100,0,1000,0,1,2.232,2.232,52.9193384795879,118.11596348644
0.01,100,0,1104.48889403316,0.0574796856898863,1,2.22315494152199,2.22315494152199,64.5772554486182,143.565244560523
0.02,100,0,1207.43738671318,0.126808552117413,1,2.21415027202683,2.21415027202683,77.2024673272837,170.937864033848
0.03,100,0,1306.92015534301,0.208939130569908,1,2.20482820029014,2.20482820029014,90.4795136674712,199.491783282577
0.04,100,0,1401.49737650773,0.304214701368952,1,2.19510771238295,2.19510771238295,104.086253252924,228.480537268539
0.05,100,0,1490.99657303805,0.412738924187929,1,2.18495142655893,2.18495142655893,117.848970390366,257.49427597293
0.06,100,0,1575.31960670478,0.534436437202697,1,2.17433994412162,2.17433994412162,131.607589112682,286.15963795725
0.07,100,0,1654.35708213101,0.669068473518559,1,2.16326325085915,2.16326325085915,145.204707829223,314.116008298699
0.08,100,0,1727.90056477408,0.816218890641855,1,2.1517147854187,2.1517147854187,158.469591196803,340.981362417419
0.09,100,0,1796.0719435795,0.975334164134925,1,2.13970516763325,2.13970516763325,171.296953449113,366.5249764949
0.1,100,0,1859.04752225567,1.1457695352317,1,2.12724989761073,2.12724989761073,183.60484469047,390.573387068636
0.11,100,0,1917.03775484589,1.32681255567668,1,2.11436770135024,2.11436770135024,195.331549363903,413.002719029738
0.12,100,0,1970.27866461485,1.51770466462616,1,2.10107960965433,2.10107960965433,206.433836674488,433.73392497948
0.13,100,0,2019.02888384457,1.71766059935022,1,2.08740858797392,2.08740858797392,216.885934684869,452.729562671947
0.14,100,0,2063.58718580403,1.92590023099981,1,2.07396799130718,2.07396799130718,226.710117547558,470.189527099124
0.15,100,0,2104.16135494643,2.14209485129267,1,2.06479338023519,2.06479338023519,236.092229231738,487.48167204266
0.16,100,0,2140.96818879264,2.36582191085773,1,2.05537557591481,2.05537557591481,244.828230069312,503.213964378915
0.17,100,0,2174.2657778319,2.59637831826764,1,2.04572832733278,2.04572832733278,252.93088872155,517.42788391513
0.18,100,0,2204.30718919075,2.83308326826743,1,2.03586536697229,2.03586536697229,260.419487715618,530.179015924892
0.19,100,0,2231.33780896558,3.07528383222082,1,2.02580031530547,2.02580031530547,267.318260226178,541.533415853101
0.2,100,0,2255.59333029583,3.32235899736241,1,2.0155466010051,2.0155466010051,273.655021159531,551.564447746071
0.21,100,0,2277.2983036002,3.5737223715893,1,2.00511739458348,2.00511739458348,279.459993963471,560.350094986349
0.22,100,0,2296.66516610729,3.82882376502004,1,1.99452555364687,1.99452555364687,284.764825809588,567.970721857022
0.23,100,0,2313.89367185274,4.08714984651129,1,1.98378357828885,1.98378357828885,289.601777923512,574.507251287917
0.24,100,0,2329.17057151594,4.34822445958192,1,1.97229557929428,1.97229557929428,293.912285092329,579.681900587882
0.25,100,0,2342.81481509543,4.61102671280557,1,1.95814894295278,1.95814894295278,297.46191790652,582.47474011736
0.26,100,0,2355.04075400522,4.87491911907352,1,1.94392753710983,1.94392753710983,300.672264440764,584.485094491571
0.27,100,0,2365.9838064589,5.13956130076211,1,1.92964439927924,1.92964439927924,303.572026289831,585.786060308023
0.28,100,0,2375.76790317448,5.4046451409777,1,1.91531192828622,1.91531192828622,306.188198239675,586.445908388917
0.29,100,0,2384.50617684227,5.66989256612735,1,1.90094187356225,1.90094187356225,308.546012167052,586.528034448996
0.3,100,0,2392.30167269002,5.93505333058669,1,1.88654533230087,1.88654533230087,310.66892647273,586.091013128049
0.31,100,0,2399.24806205318,6.19990284448315,1,1.87213275312889,1.87213275312889,312.578650335165,585.188729221285
0.32,100,0,2405.42763151317,6.46423987226848,1,1.85771353351216,1.85771353351216,314.294487688061,583.869123286381
0.33,100,0,2410.91434677828,6.72788340295027,1,1.84335928116625,1.84335928116625,315.629089784623,581.817812060539
0.34,100,0,2416.10578858056,6.99011087751236,1,1.82937309752338,1.82937309752338,316.006382811839,578.093575361652
0.35,100,0,2421.17207254478,7.25063170849737,1,1.81552191635513,1.81552191635513,316.359490111594,574.357587744534
0.36,100,0,2426.12266383937,7.50944163090603,1,1.80180463518512,1.80180463518512,316.690892719104,570.615118422196
0.37,100,0,2430.9660337606,7.76653863475596,1,1.78822010885378,1.78822010885378,317.00279972482,566.870781030872
0.38,100,0,2435.70976904815,8.02192268343951,1,1.77476715273718,1.77476715273718,317.297177974603,563.128609125527
0.39,100,0,2440.36066924419,8.27559546458193,1,1.76144454628574,1.76144454628574,317.575778623889,559.392123289496
0.4,100,0,2444.92483336532,8.52756016977703,1,1.74825103674503,1.74825103674503,317.84016085601,555.664390735726
0.41,100,0,2449.4077370305,8.77782129995938,1,1.73518534294991,1.73518534294991,318.091713049444,551.948078197223
0.42,100,0,2453.81430107334,9.02638449351878,1,1.72224615910769,1.72224615910769,318.331671654248,548.245498828858
0.43,100,0,2458.21238548678,9.27299765220027,1,1.70695021948172,1.70695021948172,318.231324352454,543.205028949379
0.44,100,0,2462.71142231598,9.5172192966019,1,1.69136678206352,1.69136678206352,318.103962346916,538.030475156358
0.45,100,0,2467.29474884919,9.75910913516452,1,1.67602260872067,1.67602260872067,318.018618752172,533.00639502276
0.46,100,0,2471.94512557932,9.99873250384172,1,1.66090871074051,1.66090871074051,317.969842757808,528.118881589232
0.47,100,0,2476.64750681771,10.2361487903336,1,1.64601672875386,1.64601672875386,317.952856872175,523.355721366681
0.48,100,0,2481.38877053188,10.4714121557642,1,1.63133888271295,1.63133888271295,317.96347247087,518.706175924157
0.49,100,0,2486.15748200069,10.7045721635939,1,1.61686792515615,1.61686792515615,317.998016379659,514.160792947549
0.5,100,0,2490.943686881,10.9356743282231,1,1.60259709773193,1.60259709773193,318.053266950486,509.711242539006
0.51,100,0,2495.73872989222,11.1647605939657,1,1.58852009090344,1.58852009090344,318.126398325487,505.350175186786
0.52,100,0,2500.53509584517,11.3918697535722,1,1.57463100671887,1.57463100671887,318.214931779813,501.071098381423
0.53,100,0,2505.32981739055,11.6170323573336,1,1.56094550747404,1.56094550747404,318.130087084582,496.583730227003
0.54,100,0,2510.36906463886,11.8399062178926,1,1.54761026849997,1.54761026849997,317.50158226362,491.368708976167
0.55,100,0,2515.70685254046,12.0604644336151,1,1.53457840211819,1.53457840211819,316.9957146893,486.45477732622
0.56,100,0,2521.29355590147,12.2788354293095,1,1.52182798041897,1.52182798041897,316.595463440842,481.803834737983
0.57,100,0,2527.08636798134,12.4951315129659,1,1.50933939398567,1.50933939398567,316.286181986772,477.383194245955
0.58,100,0,2533.04835273572,12.7094511539762,1,1.49709509599373,1.49709509599373,316.055249704349,473.164764395454
0.59,100,0,2539.14763554684,12.9218809195344,1,1.48507937306431,1.48507937306431,315.891778762441,469.124364760696
0.6,100,0,2545.35671057592,13.1324971244899,1,1.47327814052513,1.47327814052513,315.786366625336,465.241151024962
0.61,100,0,2551.65184668965,13.3413672401038,1,1.46167875981955,1.46167875981955,315.730886352665,461.497130400691
0.62,100,0,2558.01257698559,13.5485510992756,1,1.45026987592659,1.45026987592659,315.718308369058,457.876751906145
0.63,100,0,2564.4212594305,13.7541019294383,1,1.4390412727944,1.4390412727944,315.742548556473,454.366558950054
0.64,100,0,2570.86269815438,13.9580672391433,1,1.42798374493931,1.42798374493931,315.79833845663,450.954893994911
0.65,100,0,2577.3238166065,14.1604895801261,1,1.41708898351408,1.41708898351408,315.881114116475,447.631646914609
0.66,100,0,2583.80053990448,14.3613971227537,1,1.40635271612747,1.40635271612747,315.788620316866,444.110183904769
0.67,100,0,2590.52637923802,14.5604911254366,1,1.39587832102777,1.39587832102777,315.203067692495,439.985128913404
0.68,100,0,2597.54199261183,14.7577626709977,1,1.38568227572078,1.38568227572078,314.751070420851,436.144979546316
0.69,100,0,2604.79349158997,14.9533321606579,1,1.37573805037137,1.37573805037137,314.412277392563,432.548933512867
0.7,100,0,2612.23511403814,15.1473028776324,1,1.3660225628226,1.3660225628226,314.169465078787,429.16257784753
0.71,100,0,2619.82798034331,15.3397636527452,1,1.3565157093369,1.3565157093369,314.008031304919,425.956827323074
0.72,100,0,2627.53904989985,15.5307910906447,1,1.34719995950883,1.34719995950883,313.915577525443,422.907053331469
0.73,100,0,2635.34024310615,15.7204514346139,1,1.33806000667684,1.33806000667684,313.881562541306,419.992365669757
0.74,100,0,2643.20770075335,15.9088021327853,1,1.32908246629289,1.32908246629289,313.897014261401,417.195017876517
0.75,100,0,2651.12115791545,16.0958931566639,1,1.32025561570587,1.32025561570587,313.954288900181,414.499912995406
0.76,100,0,2659.06341359983,16.2817681134411,1,1.31156916968793,1.31156916968793,314.046869149506,411.894191413512
0.77,100,0,2667.01988073552,16.466465186088,1,1.30301408679664,1.30301408679664,314.169194527373,409.36688610672
0.78,100,0,2674.97820374765,16.6500179292,1,1.29458240233056,1.29458240233056,314.316518407679,406.908633492391
0.79,100,0,2682.92793313101,16.8324559437172,1,1.28626708421431,1.28626708421431,314.484787260726,404.511430339612
0.8,100,0,2690.86024819917,17.0138054497048,1,1.27806190865026,1.27806190865026,314.670538448224,402.168428965143
0.81,100,0,2698.76772063042,17.194089773169,1,1.26996135280878,1.26996135280878,314.870813567206,399.873764357812
0.82,100,0,2706.64411262172,17.373329760248,1,1.26196050220436,1.26196050220436,315.083084860794,397.622408007028
0.83,100,0,2714.48420444532,17.5515441299512,1,1.25405497072986,1.25405497072986,315.305192637442,395.41004412392
0.84,100,0,2722.39455637334,17.7286030387878,1,1.24614525355475,1.24614525355475,315.060355345268,392.610966396779
0.85,100,0,2730.46100846554,17.9044152630345,1,1.23842253535573,1.23842253535573,314.898812220152,389.97778541019
0.86,100,0,2738.6485397218,18.0790525726268,1,1.23086861772599,1.23086861772599,314.81020740852,387.490004838957
0.87,100,0,2746.92758970966,18.2525762753187,1,1.2234669423512,1.2234669423512,314.78272797522,385.126261700812
0.88,100,0,2755.27331304915,18.4250387395123,1,1.2162033095355,1.2162033095355,314.806442257878,382.868636937127
0.89,100,0,2763.66483103193,18.5964848296713,1,1.20906552284968,1.20906552284968,314.872990363339,380.702076724893
0.9,100,0,2772.08460590511,18.766953101878,1,1.2020430883766,1.2020430883766,314.975328312642,378.613916407363
0.91,100,0,2780.51791667277,18.9364768017287,1,1.19512696003012,1.19512696003012,315.107515843813,376.593487493058
0.92,100,0,2788.95241917621,19.1050846988111,1,1.18830932377822,1.18830932377822,315.264539916243,374.631792239123
0.93,100,0,2797.37777633441,19.2728017856858,1,1.18158341473576,1.18158341473576,315.442167537601,372.721233470727
0.94,100,0,2805.77092225088,19.4396491904582,1,1.17493731065106,1.17493731065106,315.632030415149,370.84784897131
0.95,100,0,2814.08101714096,19.6056364619154,1,1.16834796062581,1.16834796062581,315.816767766576,368.983876551515
0.96,100,0,2822.30833736042,19.7707675197188,1,1.16181416140495,1.16181416140495,315.996184562617,367.12884217478
0.97,100,0,2830.45519000848,19.9350465562875,1,1.15533558392264,1.15533558392264,316.170762400608,365.283332397374
0.98,100,0,2838.52367895168,20.0984780059403,1,1.14891183216737,1.14891183216737,316.340915449564,363.447820758662
0.99,100,0,2846.51573305003,20.2610664976225,1,1.14254245622301,1.14254245622301,316.507000859594,361.622686173899
1,100,0,2854.43313003651,20.4228168153253,1,1.1362269631801,1.1362269631801,316.669327518886,359.80822833907
1.01,100,0,2862.27751673897,20.5837338649491,1,1.12996482625864,1.12996482625864,316.828163424097,358.004680637352
1.02,100,0,2870.05042622298,20.7438226465666,1,1.12375549242882,1.12375549242882,316.983741886871,356.21222095601
1.03,100,0,2877.75329234098,20.9030882312128,1,1.11759838877026,1.11759838877026,317.136266763093,354.430980755049
1.04,100,0,2885.38746209574,21.0615357414694,1,1.1114929277714,1.1114929277714,317.28591686126,352.661052672754
1.05,100,0,2892.95420616054,21.219170335234,1,1.1054385117386,1.1054385117386,317.432849661084,350.902496906289
1.06,100,0,2900.45472784407,21.3759971921601,1,1.09943453645745,1.09943453645745,317.577204452228,349.155346566388
1.07,100,0,2907.9090298454,21.5319999420133,1,1.09345810263663,1.09345810263663,317.546120863381,347.223378818895
1.08,100,0,2915.44330000647,21.68704515038,1,1.08756120968832,1.08756120968832,317.326728411169,345.112240617289
1.09,100,0,2923.06346779427,21.8411439719368,1,1.08178882984961,1.08178882984961,317.166444068275,343.107116396181
1.1,100,0,2930.82391730341,21.9942231936323,1,1.07545062374819,1.07545062374819,316.532136095359,340.414683200102
1.11,100,0,2938.93131269497,22.145984044036,1,1.06908753053998,1.06908753053998,315.839928211102,337.660528897132
1.12,100,0,2947.31441969678,22.2965436292345,1,1.06298886148981,1.06298886148981,315.31323925334,335.174461206571
1.13,100,0,2955.89505618731,22.446032493824,1,1.05730874889087,1.05730874889087,314.991257485433,333.043012363485
1.14,100,0,2964.58707101935,22.5946027948941,1,1.0518817650869,1.0518817650869,314.790673630946,331.122569411813
1.15,100,0,2973.3550359625,22.7423147006769,1,1.04658083955326,1.04658083955326,314.654868415135,329.311756355431
1.16,100,0,2982.17946871787,22.8892124254215,1,1.04166050486426,1.04166050486426,314.473776871875,327.57491318293
1.17,100,0,2991.13297723723,23.0353259208301,1,1.03745903111671,1.03745903111671,314.162314749014,325.930530672895
1.18,100,0,3000.20748581787,23.1807116473576,1,1.03337262831769,1.03337262831769,313.9382435139,324.415187829397
1.19,100,0,3009.36748080254,23.3254224803486,1,1.02938304254936,1.02938304254936,313.783673243568,323.003592265776
1.2,100,0,3018.63552939628,23.4694418229706,1,1.02533340017831,1.02533340017831,313.339594615044,321.277551957137
1.21,100,0,3028.14545075756,23.6126271914908,1,1.02137250679001,1.02137250679001,312.858506226636,319.545076775276
1.22,100,0,3037.84206011848,23.7550588876331,1,1.01756262950452,1.01756262950452,312.512638098992,318.001181777404
1.23,100,0,3047.67119137699,23.8968129248749,1,1.01387456957466,1.01387456957466,312.271151686223,316.603779506452
1.24,100,0,3057.58661143593,24.0379770154976,1,1.01092629569768,1.01092629569768,312.146036528881,315.556636424854
1.25,100,0,3067.53460047471,24.178755013241,1,1.00871818616829,1.00871818616829,312.105342335677,314.826334814278
1.26,100,0,3077.49404915627,24.3192010279791,1,1.00653921558491,1.00653921558491,312.094400495834,314.135253063521
1.27,100,0,3087.45298192638,24.4593310087926,1,1.00438524051821,1.00438524051821,312.106647618549,313.47531033569
1.28,100,0,3097.40206905317,24.5991576363674,1,1.00225298595062,1.00225298595062,312.136950162956,312.840190326344
1.29,100,0,3107.53044662327,24.73861152364,1,1.002,1.002,311.251160131573,311.873662451836
1.3,100,0,3118.05225142702,24.8776583944384,1,1.002,1.002,310.512339143003,311.133363821289
1.31,100,0,3128.85891324084,25.016410677085,1,1.002,1.002,309.986843643526,310.606817330813
1.32,100,0,3139.86744996387,25.154951780798,1,1.002,1.002,309.616229125762,310.235461584013
1.33,100,0,3151.01751508726,25.2933423503133,1,1.002,1.002,309.35843922272,309.977156101166
1.34,100,0,3162.26129840858,25.4316286299823,1,1.00193884090135,1.00193884090135,309.222792812572,309.822326610907
1.35,100,0,3173.53532564187,25.5698578935576,1,1.00177660189361,1.00177660189361,309.194906700759,309.744222957499
1.36,100,0,3184.81679821814,25.7080485446113,1,1.00161584704972,1.00161584704972,309.188944476359,309.688546520097
1.37,100,0,3196.09711092009,25.8462093799008,1,1.0014562962782,1.0014562962782,309.199193502307,309.649479137026
1.38,100,0,3207.36990155493,25.984346903363,1,1.00129774078247,1.00129774078247,309.221425167529,309.622714421784
1.39,100,0,3218.63046962655,26.1224659204694,1,1.0011400245201,1.0011400245201,309.252504032154,309.605059469655
1.4,100,0,3229.88316442811,26.2605614985471,1,1.0009498159319,1.0009498159319,309.165241179145,309.458891250806
1.41,100,0,3241.39939228449,26.3983370537068,1,1.0005075358607,1.0005075358607,308.247349616323,308.403796200218
1.42,100,0,3253.2557943051,26.5357028780727,1,1.00010017999543,1.00010017999543,307.647548034555,307.67836816451
1.43,100,0,3265.33342201039,26.6727826568654,1,0.999716601815851,0.999716601815851,307.260175968965,307.173098993035
1.44,100,0,3277.55263775921,26.8096591906746,1,0.999349341111185,0.999349341111185,307.015404446634,306.815642144728
1.45,100,0,3289.85987724164,26.9463881717227,1,0.998993382761443,0.998993382761443,306.866744140816,306.557846786224
1.46,100,0,3302.21898284656,27.08300719969,1,0.998645342667618,0.998645342667618,306.783067678957,306.367481746876
1.47,100,0,3314.6054775184,27.2195417365793,1,0.998302929681328,0.998302929681328,306.74343822494,306.222873040481
1.48,100,0,3327.0061731346,27.3560065126587,1,0.998011704297087,0.998011704297087,306.679664670858,306.069894811422
1.49,100,0,3339.53054006684,27.4923283362735,1,0.998119784416887,0.998119784416887,306.267580271393,305.691731194365
1.5,100,0,3352.20302636753,27.6285076716726,1,0.998222654186551,0.998222654186551,306.016248226382,305.47235152875
1.51,100,0,3364.964651232,27.7646029440384,1,0.998322112447896,0.998322112447896,305.867942036256,305.354730023726
1.52,100,0,3377.77754248932,27.900651649188,1,0.998419312735532,0.998419312735532,305.785924338623,305.302572422367
1.53,100,0,3390.61729554155,28.0366779287174,1,0.998514997612911,0.998514997612911,305.746692383922,305.292657815887
1.54,100,0,3403.46813938405,28.1726973626949,1,0.998609646752604,0.998609646752604,305.735145559546,305.310065707075
1.55,100,0,3416.31985980841,28.3087200204154,1,0.998703571025408,0.998703571025408,305.741545991805,305.345173792845
1.56,100,0,3429.16583150593,28.4447524117812,1,0.998796972551802,0.998796972551802,305.759593605536,305.391756421878
1.57,100,0,3442.00175430675,28.5807987405415,1,0.998889983175327,0.998889983175327,305.785200367462,305.445773650318
1.58,100,0,3454.82483874673,28.7168617119975,1,0.998982689194496,0.998982689194496,305.815706285611,305.504596663114
1.59,100,0,3467.68268731816,28.8528934655557,1,0.999073709103075,0.999073709103075,305.597122957663,305.314051124541
1.6,100,0,3480.64013543057,28.9888285304677,1,0.99916117572587,0.99916117572587,305.428028863767,305.171828419156
1.61,100,0,3493.65579682259,29.1247079405613,1,0.999246317320186,0.999246317320186,305.335143976863,305.10501816731
1.62,100,0,3506.70199766336,29.260559133707,1,0.999329953088259,0.999329953088259,305.290011235303,305.08545260609
1.63,100,0,3519.76137327486,29.3963993058567,1,0.999412596532194,0.999412596532194,305.274887575448,305.095568047852
1.64,100,0,3532.82299902697,29.5322392545474,1,0.999494570655978,0.999494570655978,305.278665554131,305.124368758456
1.65,100,0,3545.8799885628,29.668085764933,1,0.99957607931997,0.99957607931997,305.294367166983,305.164946571244
1.66,100,0,3558.9279962867,29.8039430975672,1,0.999657251621475,0.999657251621475,305.31759459389,305.212947483408
1.67,100,0,3571.96428011858,29.9398139196139,1,0.99973816959891,0.99973816959891,305.345567901761,305.265619149246
1.68,100,0,3584.98711291341,30.0756998896679,1,0.99981888558294,0.99981888558294,305.376524915459,305.321216824165
1.69,100,0,3597.99541168522,30.2116020261838,1,0.999899433096891,0.999899433096891,305.409345625313,305.378631553243
1.7,100,0,3610.91720105081,30.3475129130781,1,0.999981606175417,0.999981606175417,305.383550111188,305.377932939737
1.71,100,0,3623.66551999769,30.4833834150345,1,1.00006743191951,1.00006743191951,305.230807181128,305.251389480351
1.72,100,0,3636.28707748636,30.6191664593854,1,1.00015557312422,1.00015557312422,304.996211364515,305.043660577993
1.73,100,0,3648.81358012766,30.7548323033042,1,1.00024513381645,1.00024513381645,304.709946488602,304.784641200694
1.74,100,0,3661.26528392559,30.8903621539672,1,1.0003355455177,1.0003355455177,304.391123053111,304.493260130079
1.75,100,0,3673.65518656212,31.0257441573759,1,1.00042644669064,1.00042644669064,304.051862396945,304.181524307448
1.76,100,0,3685.99167501121,31.1609708654556,1,1.00051760686081,1.00051760686081,303.699869838858,303.857066975113
1.77,100,0,3698.28020006854,31.2960376343387,1,1.00060887877274,1.00060887877274,303.340055483553,303.52475280426
1.78,100,0,3710.52433760201,31.4309416094457,1,1.00070016815499,1.00070016815499,302.975556176424,303.1876900126
1.79,100,0,3722.72646274362,31.5656810808559,1,1.00079141456448,1.00079141456448,302.608380993907,302.847869673958
1.8,100,0,3734.88817930939,31.7002550728039,1,1.00088257921759,1.00088257921759,302.239819849346,302.506570433073
1.81,100,0,3747.01059406255,31.834663081559,1,1.00097363723802,1.00097363723802,301.870702789761,302.164615347064
1.82,100,0,3759.22056651322,31.9687762754718,1,1.00103055734089,1.00103055734089,300.725411005305,301.035325785209
1.83,100,0,3771.77841372645,32.1023233559299,1,1.00106895099453,1.00106895099453,299.692683364264,300.0130401562
1.84,100,0,3784.51970743283,32.235464187302,1,1.00110427386511,1.00110427386511,298.940884274338,299.270996880056
1.85,100,0,3797.34621941191,32.3682948747694,1,1.00113788217343,1.00113788217343,298.343419909513,298.682899568588
1.86,100,0,3810.20401930688,32.5008684293823,1,1.00117051978294,1.00117051978294,297.831562118235,298.180179853679
1.87,100,0,3823.06333234628,32.6332143690385,1,1.00120259730998,1.00120259730998,297.36767246382,297.725286026799
1.88,100,0,3835.90765709176,32.7653493046248,1,1.00123434268004,1.00123434268004,296.930998098586,297.297512702566
1.89,100,0,3848.72783086914,32.8972827114692,1,1.00126588306036,1.00126588306036,296.510030617448,296.885377642435
1.9,100,0,3861.51877018836,33.0290200985455,1,1.00129728975433,1.00129728975433,296.098355061675,296.48248042397
1.91,100,0,3874.27766982744,33.1605647590624,1,1.00132860294275,1.00132860294275,295.692378168025,296.085235931808
1.92,100,0,3887.00300266683,33.2919187424725,1,1.00135984538842,1.00135984538842,295.290077553679,295.691626403887
1.93,100,0,3899.69396158981,33.423083396751,1,1.00139103006313,1.00139103006313,294.890309394108,295.300510679801
1.94,100,0,3912.3501466596,33.554059672293,1,1.00142216441138,1.00142216441138,294.492423384595,294.911240028554
1.95,100,0,3924.97138902041,33.6848482929579,1,1.00145325274424,1.00145325274424,294.096047631923,294.523443520213
1.96,100,0,3937.55765134918,33.8154498527457,1,1.00148429758898,1.00148429758898,293.700967959821,294.136907598446
1.97,100,0,3950.10897135058,33.9458648706659,1,1.00151530045326,1.00151530045326,293.307059903956,293.751508224772
1.98,100,0,3962.62542955546,34.0760938220056,1,1.0015462622594,1.0015462622594,292.914250237116,293.367172487498
1.99,100,0,3975.10713089731,34.2061371562203,1,1.00157718359233,1.00157718359233,292.522495113647,292.983856793328
2,100,0,3987.55419413141,34.3359953072116,1,1.00160806484161,1.00160806484161,292.131767605059,292.601534429661
2.01,100,0,3999.96674573545,34.4656686992561,1,1.0016389062831,1.0016389062831,291.742050563646,292.220188443359
2.02,100,0,4012.35097486271,34.5951586649008,1,1.00166963889052,1.00166963889052,291.359123392156,291.84558791568
2.03,100,0,4024.71013940375,34.7244694017123,1,1.00170023216,1.00170023216,290.985509110856,291.48025203154
2.04,100,0,4037.04127671771,34.8536042669834,1,1.00173072673644,1.00173072673644,290.617789932588,291.120769911711
2.05,100,0,4049.34266797289,34.9825654053196,1,1.00176114687014,1.00176114687014,290.253938632755,290.765118448325
2.06,100,0,4061.61333408356,35.1113542415049,1,1.00179150708409,1.00179150708409,289.892749118041,290.412094031713
2.07,100,0,4073.85273619006,35.2399717713261,1,1.00182181612297,1.00182181612297,289.53350082912,290.06097762907
2.08,100,0,4086.06059822579,35.3684187338249,1,1.00185207928683,1.00185207928683,289.175761339047,289.711337776877
2.09,100,0,4098.2368014342,35.4966957136848,1,1.00188229981511,1.00188229981511,288.819269810674,289.362914268838
2.1,100,0,4110.38132144237,35.6248032023025,1,1.00191247971025,1.00191247971025,288.463867946101,289.01554924069
2.11,100,0,4122.49419059466,35.7527416343405,1,1.00194262022961,1.00194262022961,288.109458932294,288.669146195559
2.12,100,0,4134.57547533142,35.8805114096788,1,1.00197272218012,1.00197272218012,287.755982948649,288.323645558674
2.13,100,0,4146.62526255913,36.0081129066429,1,1.00200278609549,1.00200278609549,287.403402506118,287.979010044454
2.14,100,0,4158.64365141188,36.1355464900009,1,1.00203281234304,1.00203281234304,287.051693642342,287.635215868269
2.15,100,0,4170.63074825632,36.262812515815,1,1.00206280118841,1.00206280118841,286.700840616443,287.292247451183
2.16,100,0,4182.58666365407,36.389911334395,1,1.00209275283474,1.00209275283474,286.350832702176,286.950094219045
2.17,100,0,4194.5115105094,36.5168432921019,1,1.00212266744667,1.00212266744667,286.001662243291,286.608748661428
2.18,100,0,4206.4054029368,36.6436087324544,1,1.00215254516485,1.00215254516485,285.653323470567,286.268205150826
2.19,100,0,4218.26845556718,36.7702079968098,1,1.00218238611494,1.00218238611494,285.305811779957,285.928459222098
2.2,100,0,4230.10078312207,36.8966414247849,1,1.00221219041312,1.00221219041312,284.959123290743,285.589507131419
2.21,100,0,4241.90250015219,37.0229093545181,1,1.00224195816947,1.00224195816947,284.613254574227,285.251345585459
2.22,100,0,4253.67372087705,37.1490121228335,1,1.00227168949004,1.00227168949004,284.268202486664,284.913971574606
2.23,100,0,4265.41455908683,37.2749500653444,1,1.00230138447822,1.00230138447822,283.923964066038,284.577382269934
2.24,100,0,4277.12512808277,37.4007235165192,1,1.00233104323548,1.00233104323548,283.580536468109,284.241574959358
2.25,100,0,4288.80554064149,37.5263328097252,1,1.00236066586195,1.00236066586195,283.237916926652,283.90654700795
2.26,100,0,4300.45590899406,37.6517782772565,1,1.00239025245666,1.00239025245666,282.896102728666,283.572295833194
2.27,100,0,4312.07634481447,37.7770602503539,1,1.00241980311783,1.00241980311783,282.555091198864,283.238818889505
2.28,100,0,4323.66695921368,37.9021790592192,1,1.00244931794291,1.00244931794291,282.214879689921,282.906113658503
2.29,100,0,4335.22786273749,38.027135033025,1,1.00247879702874,1.00247879702874,281.875465576341,282.574177642886
2.3,100,0,4346.75916536651,38.1519284999233,1,1.00250824047154,1.00250824047154,281.536846250554,282.243008362551
2.31,100,0,4358.26097651758,38.2765597870521,1,1.002537648367,1.002537648367,281.19901912044,281.912603352114
2.32,100,0,4369.73340504616,38.4010292205415,1,1.00256702081026,1.00256702081026,280.861981607733,281.582960159331
2.33,100,0,4381.17655924912,38.5253371255186,1,1.00259635789594,1.00259635789594,280.525731146984,281.254076344062
2.34,100,0,4392.59054686799,38.6494838261125,1,1.00262565971817,1.00262565971817,280.190265184884,280.925949477604
2.35,100,0,4403.96259919455,38.7734688844035,1,1.00265506476425,1.00265506476425,279.845525725411,280.588533720199
2.36,100,0,4415.17144866696,38.897268103785,1,1.00268585312025,1.00268585312025,279.398776450875,280.1492005264
2.37,100,0,4426.22588939321,39.020833478629,1,1.00271786417039,1.00271786417039,278.862258564971,279.620168305999
2.38,100,0,4437.16329070483,39.1441321150994,1,1.00275064983719,1.00275064983719,278.268883371073,279.034303629813
2.39,100,0,4448.00789361091,39.2671432422669,1,1.00278392130134,1.00278392130134,277.639801507626,278.412728865142
2.4,100,0,4458.77549057423,39.3898538843753,1,1.00281749197894,1.00281749197894,276.988622373823,277.76903559562
2.41,100,0,4469.47642751565,39.5122560855475,1,1.00285124104163,1.00285124104163,276.324117986171,277.111984652166
2.42,100,0,4480.1175313236,39.634345128564,1,1.00288509005009,1.00288509005009,275.651953388516,276.447234096525
2.43,100,0,4490.70334949367,39.7561183898432,1,1.0029189879595,1.0029189879595,274.975794336806,275.778445369629
2.44,100,0,4501.23694905139,39.8775746018793,1,1.00295290147582,1.00295290147582,274.298017210185,275.107992230018
2.45,100,0,4511.72043266712,39.9987133770312,1,1.00298680883814,1.00298680883814,273.62016481224,274.437415938794
2.46,100,0,4522.1552729236,40.1195348992826,1,1.00302069579947,1.00302069579947,272.943239659556,273.767718157088
2.47,100,0,4532.54252938205,40.2400397242058,1,1.00305455302159,1.00305455302159,272.267893156805,273.09954987253
2.48,100,0,4542.88298992181,40.3602286488017,1,1.00308837438198,1.00308837438198,271.594547929509,272.433333573619
2.49,100,0,4553.17726302356,40.4801026265827,1,1.0031221558703,1.0031221558703,270.923477140997,271.769342465555
2.5,100,0,4563.42583818843,40.5996627120272,1,1.00315589486736,1.00315589486736,270.254856056961,271.10775197007
2.51,100,0,4573.6291256042,40.7189100241517,1,1.00318958967254,1.00318958967254,269.588795658306,270.44867329677
2.52,100,0,4583.78748225871,40.8378457225623,1,1.00322323919332,1.00322323919332,268.925364610997,269.792175386289
2.53,100,0,4593.90122917871,40.9564709916724,1,1.00325684274074,1.00325684274074,268.264603664372,269.138299291414
2.54,100,0,4603.97066284189,41.0747870302795,1,1.00329039989424,1.00329039989424,267.606535112407,268.487067627238
2.55,100,0,4613.9960627529,41.1927950446671,1,1.00332391041219,1.00332391041219,266.95116902718,267.838490797455
2.56,100,0,4623.97769648752,41.310496244033,2,1.43065734682341,1.43065734682341,1022.80156745618,1463.27857682368
2.57,100,0,4333.08282048228,41.6686126727309,2,1.36127419485166,1.36127419485166,861.711088788682,1173.02506858556
2.58,100,0,4110.739389954,41.958793966081,2,1.30121335243445,1.30121335243445,745.488940165578,970.04016303566
2.59,100,0,3936.71278278315,42.2014880515652,2,1.24897341849654,1.24897341849654,660.364939461784,824.778255894842
2.6,100,0,3799.99294225813,42.4087743504465,2,1.20334631322613,1.20334631322613,592.506015456217,712.989929263543
2.61,100,0,3692.03221765702,42.5895303047601,2,1.16444989015686,1.16444989015686,541.909255561211,631.026173113239
2.62,100,0,3605.83675969616,42.7505870464752,2,1.13124177962626,1.13124177962626,503.330978035574,569.389031333991
2.63,100,0,3535.94517788009,42.8966486404788,2,1.10267295879781,1.10267295879781,473.188498791017,521.772162030987
2.64,100,0,3478.65525953235,43.0307375742393,2,1.07731968207427,1.07731968207427,446.938394765739,481.495529355811
2.65,100,0,3433.1074504661,43.1539935379159,2,1.05284441966369,1.05284441966369,422.638471743407,444.972556510237
2.66,100,0,3397.25610546,43.2685146661302,2,1.03483491452555,1.03483491452555,403.505528419738,417.561609012828
2.67,100,0,3369.44564814677,43.3762335623143,2,1.02090248720943,1.02090248720943,386.998163689225,395.087387855812
2.68,100,0,3348.53384182837,43.4782878077948,2,1.01029132850823,1.01029132850823,373.663852417863,377.509349874746
2.69,100,0,3332.86925231459,43.576302390404,2,1.00435921112078,1.00435921112078,363.668107081667,365.253413138329
2.7,100,0,3321.4158372898,43.6712646579173,2,1.002,1.002,354.436076840996,355.144948994678
2.71,100,0,3313.99748495448,43.7637014921886,2,1.002,1.002,346.618054530409,347.31129063947
2.72,100,0,3309.61620018366,43.8542784593177,2,1.002,1.002,340.950050545805,341.631950646897
2.73,100,0,3307.43188199356,43.9435029387501,2,1.00184805307097,1.00184805307097,336.902865980932,337.525480357027
2.74,100,0,3306.81911310622,44.0317420976675,2,1.00165686867374,1.00165686867374,333.936234765999,334.489523252408
2.75,100,0,3307.37727601386,44.1192428425108,2,1.00149806826442,1.00149806826442,331.715001326072,332.211933042392
2.76,100,0,3308.8138057379,44.2061861995952,2,1.00136369708044,1.00136369708044,330.045647583319,330.495729869341
2.77,100,0,3310.91137726458,44.2927066162717,2,1.00124780432376,1.00124780432376,328.787613263097,329.197875868527
2.78,100,0,3313.50760460037,44.3789045363818,2,1.00114592015068,1.00114592015068,327.837709918065,328.213385756013
2.79,100,0,3316.48059920206,44.4648553432383,2,1.00105467644572,1.00105467644572,327.119556292442,327.464561583398
2.8,100,0,3319.75777342101,44.5506031431355,2,1.00091619146282,1.00091619146282,326.359191765839,326.658199271149
2.81,100,0,3323.44150472294,44.6360768999438,2,1.00070280074449,1.00070280074449,325.493701816295,325.722459032258
2.82,100,0,3327.45233477072,44.7213247437222,2,1.00051722075856,1.00051722075856,324.902969369007,325.071015929283
2.83,100,0,3331.68645475019,44.8064119876926,2,1.00035077427228,1.00035077427228,324.49975097649,324.613577140494
2.84,100,0,3336.07290181563,44.891383271146,2,1.00019752595415,1.00019752595415,324.224932429502,324.288975268638
2.85,100,0,3340.563024114,44.9762691930434,2,1.0000534059101,1.0000534059101,324.038257527616,324.055563085668
2.86,100,0,3345.12339115582,45.0610907750246,2,0.999915617944307,0.999915617944307,323.912210289336,323.884877911168
2.87,100,0,3349.7309909074,45.1458624842804,2,0.999782237889323,0.999782237889323,323.827930144542,323.757412690977
2.88,100,0,3354.36996016788,45.230594291058,2,0.999651939868985,0.999651939868985,323.772461112999,323.659768827765
2.89,100,0,3359.02935068311,45.3152930742019,2,0.999523809188345,0.999523809188345,323.736887742503,323.582727211166
2.9,100,0,3363.701598704,45.3999635839765,2,0.999397214140845,0.999397214140845,323.715066136576,323.519935272314
2.91,100,0,3368.38147422889,45.4846091030406,2,0.999271718019192,0.999271718019192,323.702757119932,323.467010234783
2.92,100,0,3373.06535833975,45.569231900991,2,0.999147018629887,0.999147018629887,323.697032546293,323.42092500797
2.93,100,0,3377.7507454749,45.6538335473954,2,0.999022906660799,0.999022906660799,323.695867840893,323.379586764498
2.94,100,0,3382.43590020336,45.7384151276358,2,0.998899236993044,0.998899236993044,323.697861890694,323.341547258894
2.95,100,0,3387.11962028385,45.8229773919006,2,0.998775908912403,0.998775908912403,323.702044211978,323.305803424621
2.96,100,0,3391.80107293445,45.9075208581319,2,0.998652852446637,0.998652852446637,323.707742041335,323.271659948639
2.97,100,0,3396.47968158803,45.9920458832235,2,0.998530018923969,0.998530018923969,323.714488630596,323.238634458271
2.98,100,0,3401.15504749844,46.0765527123039,2,0.998407374443044,0.998407374443044,323.721959910053,323.206392043352
2.99,100,0,3405.82689542685,46.1610415128784,2,0.998284895352849,0.998284895352849,323.729930704661,323.174699996088
3,100,0,3410.49503598118,46.245512398501,2,0.998162565121431,0.998162565121431,323.738244440812,323.14339649895
3.01,100,0,3415.15933948212,46.3299654451995,2,0.998040372164989,0.998040372164989,323.746792169624,323.112368944193
3.02,100,0,3419.83836950014,46.4143924820978,2,0.998026729233025,0.998026729233025,323.633171493322,322.994555616791
3.03,100,0,3424.58171875926,46.4987741059081,2,0.99806504623213,0.99806504623213,323.513023089679,322.887040346696
3.04,100,0,3429.36912653744,46.5831230924977,2,0.998102050059918,0.998102050059918,323.436343871169,322.822477881698
3.05,100,0,3434.18445962874,46.6674491212795,2,0.998138182026135,0.998138182026135,323.388206365033,322.786116389887
3.06,100,0,3439.01711851996,46.7517585455366,2,0.998173731875664,0.998173731875664,323.358833318849,322.768293388836
3.07,100,0,3443.86013099059,46.8360555382397,2,0.998208890077103,0.998208890077103,323.341810427993,322.762669702848
3.08,100,0,3448.70890604787,46.9203428410023,2,0.998243781981402,0.998243781981402,323.33292382021,322.765080713391
3.09,100,0,3453.56041795057,47.0046222545422,2,0.998278490174541,0.998278490174541,323.329401811842,322.772787069763
3.1,100,0,3458.41267104733,47.0888949603622,2,0.998313069125618,0.998313069125618,323.329419286193,322.783984906203
3.11,100,0,3463.26434832032,47.1731617320125,2,0.998347554798063,0.998347554798063,323.33177317218,322.797485134968
3.12,100,0,3468.11458029878,47.2574230740015,2,0.99838197096317,0.99838197096317,323.335669645798,322.812503143669
3.13,100,0,3472.96279295031,47.3416793132341,2,0.998416333351836,0.998416333351836,323.34058441385,322.828520714316
3.14,100,0,3477.80860745457,47.4259306592623,2,0.998450652387466,0.998450652387466,323.346170875313,322.845195257446
3.15,100,0,3482.65177409754,47.5101772440263,2,0.998484934986704,0.998484934986704,323.352199689181,322.86230008446
3.16,100,0,3487.4921286287,47.5944191480912,2,0.998519185747056,0.998519185747056,323.358518968202,322.879685064503
3.17,100,0,3492.32956342116,47.6786564179855,2,0.998553407730905,0.998553407730905,323.365028033177,322.897250683528
3.18,100,0,3497.16400839615,47.7628890776696,2,0.998587602983543,0.998587602983543,323.371660091784,322.914930923863
3.19,100,0,3501.9954183946,47.8471171361283,2,0.998621772875784,0.998621772875784,323.378370796612,322.932681954596
3.2,100,0,3506.8237648091,47.9313405924017,2,0.998655918330747,0.998655918330747,323.385130679939,322.950474653683
3.21,100,0,3511.64903003419,48.0155594389223,2,0.99869003997412,0.99869003997412,323.391920147196,322.96828965911
3.22,100,0,3516.47120378231,48.0997736637299,2,0.998724138233798,0.998724138233798,323.398726160773,322.986114090826
3.23,100,0,3521.29028063625,48.1839832519434,2,0.998758213406023,0.998758213406023,323.405540041482,323.003939377441
3.24,100,0,3526.10625842152,48.2681881867393,2,0.998792265699314,0.998792265699314,323.412356009711,323.021759814092
3.25,100,0,3530.91913712314,48.3523884500033,2,0.998826295263678,0.998826295263678,323.419170216557,323.039571604656
3.26,100,0,3535.72891816405,48.4365840227641,2,0.998860302210056,0.998860302210056,323.425980099791,323.057372225061
3.27,100,0,3540.53560392403,48.5207748854827,2,0.998894286623261,0.998894286623261,323.432783955392,323.075159999697
3.28,100,0,3545.33919741872,48.6049610182453,2,0.998928248570619,0.998928248570619,323.439580652237,323.092933819355
3.29,100,0,3550.13970208527,48.6891424008925,2,0.99896218810772,0.99896218810772,323.446369441956,323.110692953235
3.3,100,0,3554.93712163903,48.7733190131052,2,0.998996105282272,0.998996105282272,323.453149832103,323.128436923554
3.31,100,0,3559.75425496737,48.8574769710038,2,0.999029398080828,0.999029398080828,323.354474905645,323.040626431729
3.32,100,0,3564.61268820095,48.9416030528993,2,0.999061498765525,0.999061498765525,323.282477406358,322.979076402228
3.33,100,0,3569.49699990762,49.0257065244438,2,0.999092817346655,0.999092817346655,323.238570795287,322.94533437097
3.34,100,0,3574.39688365957,49.1097935747522,2,0.999123627570053,0.999123627570053,323.212656535372,322.929401874174
3.35,100,0,3579.30573447689,49.1938681639467,2,0.999154104742012,0.999154104742012,323.198279937133,322.924888044744
3.36,100,0,3584.21931484117,49.277932826446,2,0.999184361262701,0.999184361262701,323.19130945618,322.927702104629
3.37,100,0,3589.13490351332,49.3619891835359,2,0.999214469281288,0.999214469281288,323.18909720801,322.9352222442
3.38,100,0,3594.05075155838,49.446038270952,2,0.999244475161647,0.999244475161647,323.189944209217,322.945766178861
3.39,100,0,3598.96573422658,49.5300807485217,2,0.999274408731009,0.999274408731009,323.192759139308,322.958253295076
3.4,100,0,3603.85595186657,49.6141154787035,2,0.999304867106126,0.999304867106126,323.175718865995,322.95106879331
3.41,100,0,3608.68513152493,49.6981308773766,2,0.999336735741156,0.999336735741156,323.106462332511,322.892157364244
3.42,100,0,3613.47216001327,49.7821151153832,2,0.999369516779527,0.999369516779527,323.003185017544,322.799536929231
3.43,100,0,3618.23005699859,49.8660606960913,2,0.999402868852129,0.999402868852129,322.87835762467,322.685556900359
3.44,100,0,3622.96710722334,49.9499628672065,2,0.999436575105112,0.999436575105112,322.739894773461,322.558055082172
3.45,100,0,3627.68858915398,50.0338186187154,2,0.999470497650171,0.999470497650171,322.592822970944,322.422009313143
3.46,100,0,3632.39787100406,50.1176260475785,2,0.999504548721228,0.999504548721228,322.440337260569,322.280583783145
3.47,100,0,3637.09710602432,50.2013839547315,2,0.999538672398026,0.999538672398026,322.284470500548,322.135791778619
3.48,100,0,3641.78767392061,50.2850915892516,2,0.99957283301547,0.99957283301547,322.126517428271,321.988915615184
3.49,100,0,3646.47046135689,50.3687484857971,2,0.999607007805789,0.999607007805789,321.967303529486,321.840772892408
3.5,100,0,3651.14604038543,50.4523543612102,2,0.999641182222782,0.999641182222782,321.807355654092,321.691885454044
3.51,100,0,3655.81478207044,50.5359090486783,2,0.9996753469672,0.9996753469672,321.647010388701,321.542586711288
3.52,100,0,3660.47692892368,50.6194124557656,2,0.999709496092225,0.999709496092225,321.486482965365,321.393089885767
3.53,100,0,3665.13264113494,50.7028645376298,2,0.999743625795466,0.999743625795466,321.325911125127,321.243531450267
3.54,100,0,3669.78202611144,50.7862652799095,2,0.99977773364782,0.99977773364782,321.165383070482,321.09399881234
3.55,100,0,3674.42515737399,50.8696146877796,2,0.999811818100631,0.999811818100631,321.004955298578,320.944547976383
3.56,100,0,3679.06208665876,50.9529127789411,2,0.999845878170363,0.999845878170363,320.844663991523,320.79521482488
3.57,100,0,3683.69285167646,51.0361595791286,2,0.999879913236596,0.999879913236596,320.684532299872,320.646022332314
3.58,100,0,3688.31748109304,51.1193551192252,2,0.999913922912488,0.999913922912488,320.524575005352,320.496985183459
3.59,100,0,3692.93599773051,51.2024994334101,2,0.999947906961603,0.999947906961603,320.364801509273,320.348112733367
3.6,100,0,3697.54842062628,51.2855925579658,2,0.999981865244449,0.999981865244449,320.205217750006,320.199410906656
3.61,100,0,3702.15476635956,51.3686345305111,2,1.00001579768408,1.00001579768408,320.045827434728,320.0508834176
3.62,100,0,3706.75504990679,51.4516253895054,2,1.00004970424392,1.00004970424392,319.88663283155,319.902532554776
3.63,100,0,3711.34928519381,51.5345651739302,2,1.00008358491349,1.00008358491349,319.727635279513,319.754359686249
3.64,100,0,3715.93748545284,51.617453923082,2,1.00011743969916,1.00011743969916,319.568835517293,319.606365585198
3.65,100,0,3720.51966345342,51.7002916764394,2,1.0001512686182,1.0001512686182,319.410233895317,319.458550640037
3.66,100,0,3725.0958316521,51.7830784735764,2,1.00018507169489,1.00018507169489,319.251830512773,319.310914990143
3.67,100,0,3729.66600228952,51.8658143541069,2,1.00021884895806,1.00021884895806,319.093625306221,319.163458613644
3.68,100,0,3734.23018745348,51.9484993576483,2,1.00025260043944,1.00025260043944,318.93561810695,319.016181384238
3.69,100,0,3738.78839911996,52.0311335237978,2,1.00028632617262,1.00028632617262,318.777808678165,318.86908310804
3.7,100,0,3743.34064917989,52.1137168921175,2,1.00032002619234,1.00032002619234,318.620196739099,318.722163547465
3.71,100,0,3747.88694945664,52.1962495021247,2,1.00035370053411,1.00035370053411,318.462781980679,318.575422436759
3.72,100,0,3752.42731171738,52.2787313932851,2,1.00038734923383,1.00038734923383,318.30556407572,318.428859492087
3.73,100,0,3756.96174768068,52.3611626050091,2,1.00042097232767,1.00042097232767,318.14854268554,318.282474418099
3.74,100,0,3761.49026902141,52.4435431766492,2,1.00045456985193,1.00045456985193,317.99171746429,318.136266912214
3.75,100,0,3766.01288737405,52.525873147498,2,1.00048814184295,1.00048814184295,317.835088061762,317.990236667403
3.76,100,0,3770.5296143349,52.6081525567878,2,1.00052168833706,1.00052168833706,317.678654125228,317.844383374018
3.77,100,0,3775.04046146356,52.6903814436894,2,1.00055520937055,1.00055520937055,317.522415300642,317.698706720976
3.78,100,0,3779.54544028395,52.7725598473123,2,1.00058870497964,1.00058870497964,317.366371233421,317.553206396537
3.79,100,0,3784.04456228506,52.8546878067041,2,1.00062217520049,1.00062217520049,317.210521568958,317.407882088813
3.8,100,0,3788.53783892142,52.9367653608509,2,1.00065562006915,1.00065562006915,317.05486595296,317.2627334861
3.81,100,0,3793.02528161355,53.0187925486768,2,1.00068903962159,1.00068903962159,316.899404031659,317.117760277096
3.82,100,0,3797.50690174821,53.1007694090446,2,1.00072243389369,1.00072243389369,316.744135451962,316.97296215104
3.83,100,0,3801.98271067868,53.1826959807557,2,1.00075580292121,1.00075580292121,316.589059861541,316.828338797807
3.84,100,0,3806.45271972494,53.2645723025497,2,1.00078914673982,1.00078914673982,316.43417690889,316.683889907965
3.85,100,0,3810.91694017388,53.3463984131057,2,1.00082246538509,1.00082246538509,316.279486243366,316.539615172816
3.86,100,0,3815.37538327944,53.4281743510412,2,1.0008557588925,1.0008557588925,316.124987515212,316.395514284418
3.87,100,0,3819.82806026279,53.5099001549133,2,1.00088902729739,1.00088902729739,315.970680375574,316.251586935603
3.88,100,0,3824.27498231243,53.5915758632183,2,1.00092227063504,1.00092227063504,315.816564476504,316.10783281998
3.89,100,0,3828.71616058439,53.6732015143919,2,1.00095548894061,1.00095548894061,315.662639470971,315.964251631948
3.9,100,0,3833.15160620233,53.7547771468097,2,1.00098868224915,1.00098868224915,315.508905012858,315.820843066692
3.91,100,0,3837.62419672045,53.8362763080744,2,1.00101038871347,1.00101038871347,315.075629738655,315.393978598832
3.92,100,0,3842.240026821,53.9176321202808,2,1.00102456070169,1.00102456070169,314.652568565847,314.974949222285
3.93,100,0,3846.94110604298,53.9988784736624,2,1.00103758513083,1.00103758513083,314.340416595044,314.66657153732
3.94,100,0,3851.68794731968,54.0800386612794,2,1.00104995726618,1.00104995726618,314.090892604384,314.420674619314
3.95,100,0,3856.45825732068,54.1611258540297,2,1.00106195654968,1.00106195654968,313.876863621691,314.210187212807
3.96,100,0,3861.23942131803,54.2421475255562,2,1.00107374101572,1.00107374101572,313.683032157817,314.01984649538
3.97,100,0,3866.02428836649,54.3231079335777,2,1.00108540021763,1.00108540021763,313.500751775791,313.841025559995
3.98,100,0,3870.80879904053,54.4040095163164,2,1.00109698499555,1.00109698499555,313.325124986628,313.668837947467
3.99,100,0,3875.59064662712,54.4848536805071,2,1.0011085242621,1.0011085242621,313.153372518759,313.500510629955
4,100,0,3880.36851988616,54.56564124706,2,1.00112003448786,1.00112003448786,312.983914372314,313.334467150555
4.01,100,0,3885.14167392204,54.6463727035976,2,1.00113152507169,1.00113152507169,312.815850784743,313.169809762727
4.02,100,0,3889.90968656559,54.7270483478086,2,1.00114300138658,1.00114300138658,312.648668490847,313.006026352443
4.03,100,0,3894.67231983938,54.8076683689609,2,1.00115446650996,1.00115446650996,312.482074185799,312.84282427541
4.04,100,0,3899.42944105183,54.8882328943255,2,1.0011659222083,1.0011659222083,312.315899946739,312.680035990492
4.05,100,0,3904.1809777834,54.9687420156579,2,1.0011773694982,1.0011773694982,312.150049433189,312.517565380254
4.06,100,0,3908.92689216733,55.0491958043279,2,1.00118880896672,1.00118880896672,311.984467235442,312.355357167567
4.07,100,0,3913.66716617194,55.1295943199767,2,1.00120024095444,1.00120024095444,311.819121383947,312.193379463808
4.08,100,0,3918.40179316578,55.209937615478,2,1.00121166566035,1.00121166566035,311.653993353352,312.031613795009
4.09,100,0,3923.13077307607,55.2902257397857,2,1.00122308320194,1.00122308320194,311.489072341044,311.870049393011
4.1,100,0,3927.85410960555,55.3704587395702,2,1.0012344936497,1.0012344936497,311.324351987343,311.708679922869
4.11,100,0,3932.57180863025,55.4506366601613,2,1.00124589704704,1.00124589704704,311.159828492546,311.547501604022
4.12,100,0,3937.28387727567,55.5307595460914,2,1.00125729342165,1.00125729342165,310.995499534274,311.386512130002
4.13,100,0,3941.99032338338,55.610827441409,2,1.00126868279217,1.00126868279217,310.831363644066,311.225710046387
4.14,100,0,3946.69115520258,55.6908403898601,2,1.00128006517194,1.00128006517194,310.667419847857,311.065094392061
4.15,100,0,3951.38638121151,55.7707984349937,2,1.00129144057126,1.00129144057126,310.503667458363,310.904664492044
4.16,100,0,3956.07601001387,55.8507016202227,2,1.00130280899863,1.00130280899863,310.340105954976,310.74441983765
4.17,100,0,3960.76005027871,55.9305499888591,2,1.00131417046151,1.00131417046151,310.176734914218,310.58436001709
4.18,100,0,3965.43851070546,56.0103435841349,2,1.00132552496674,1.00132552496674,310.013553969385,310.424484675199
4.19,100,0,3970.1114000036,56.0900824492144,2,1.0013368725208,1.0013368725208,309.850562787112,310.264793490056
4.2,100,0,3974.77872688084,56.1697666272007,2,1.00134821312995,1.00134821312995,309.687761053734,310.10528615937
4.21,100,0,3979.44050003617,56.2493961611405,2,1.00135954680031,1.00135954680031,309.525148467339,309.945962392553
4.22,100,0,3984.09672815592,56.3289710940263,2,1.00137087353794,1.00137087353794,309.362724733136,309.786821906097
4.23,100,0,3988.74741991136,56.408491468798,2,1.00138219334882,1.00138219334882,309.200489560746,309.627864420869
4.24,100,0,3993.39258395741,56.4879573283435,2,1.00139350623892,1.00139350623892,309.038442662615,309.469089660531
4.25,100,0,3998.03222893186,56.5673687154999,2,1.00140481221415,1.00140481221415,308.876583753083,309.310497350606
4.26,100,0,4002.66718067584,56.6467257194034,2,1.00141610184169,1.00141610184169,308.715770597462,309.152943568763
4.27,100,0,4007.30014150229,56.7260290735858,2,1.00142734451008,1.00142734451008,308.558782709749,308.999202394286
4.28,100,0,4011.93011516846,56.8052796990081,2,1.00143855268326,1.00143855268326,308.404482378129,308.848138473784
4.29,100,0,4016.55618675595,56.8844781753743,2,1.00144973755953,1.00144973755953,308.251850560908,308.698734846461
4.3,100,0,4021.17781400338,56.9636248631016,2,1.00146090581114,1.00146090581114,308.100281268117,308.550386759434
4.31,100,0,4025.79467637085,57.0427199921266,2,1.00147206141982,1.00147206141982,307.949413606374,308.4027340574
4.32,100,0,4030.40658541335,57.1217637146354,2,1.0014832067658,1.0014832067658,307.799032320269,308.255561927513
4.33,100,0,4035.0134314865,57.2007561364159,2,1.0014943432747,1.0014943432747,307.649008811248,308.108742038533
4.34,100,0,4039.61515201368,57.2796973355248,2,1.00150547180241,1.00150547180241,307.499266112072,307.962197586465
4.35,100,0,4044.21171256624,57.3585873734158,2,1.00151659286432,1.00151659286432,307.34975805894,307.815882508862
4.36,100,0,4048.80309556826,57.4374263015835,2,1.00152770677206,1.00152770677206,307.200456889699,307.66976910807
4.37,100,0,4053.38929354445,57.5162141655342,2,1.00153881371519,1.00153881371519,307.051345849543,307.523840671805
4.38,100,0,4057.97030507851,57.5949510071628,2,1.00154991381001,1.00154991381001,306.902414776566,307.378087067552
4.39,100,0,4062.54613239092,57.6736368661777,2,1.00156100712879,1.00156100712879,306.753657462854,307.232502108936
4.4,100,0,4067.11677988531,57.7522717809548,2,1.00157209371736,1.00157209371736,306.605070074969,307.087081979344
4.41,100,0,4071.68225327503,57.8308557890519,2,1.00158317360557,1.00158317360557,306.456650207287,306.941824287147
4.42,100,0,4076.24255905773,57.9093889275172,2,1.00159424681368,1.00159424681368,306.308396313922,306.796727498748
4.43,100,0,4080.79770419877,57.9878712330756,2,1.0016053133561,1.0016053133561,306.160307367386,306.651790597911
4.44,100,0,4085.34769594037,58.0663027422414,2,1.00161637324375,1.00161637324375,306.012382653243,306.507012880821
4.45,100,0,4089.89254168629,58.1446834913854,2,1.00162742648541,1.00162742648541,305.864621646399,306.362393832617
4.46,100,0,4094.43224893221,58.2230135167769,2,1.00163847308856,1.00163847308856,305.717023936504,306.217933052938
4.47,100,0,4098.96682522348,58.3012928546076,2,1.00164951305988,1.00164951305988,305.569589182892,306.07363021095
4.48,100,0,4103.49627812964,58.3795215410075,2,1.00166054640557,1.00166054640557,305.422317087335,305.929485018155
4.49,100,0,4108.02061522889,58.4576996120538,2,1.00167157313154,1.00167157313154,305.275207377559,305.785497211938
4.5,100,0,4112.53984409873,58.5358271037764,2,1.00168259324351,1.00168259324351,305.128259797242,305.641666545582
4.51,100,0,4117.0539723102,58.6139040521616,2,1.00169360674708,1.00169360674708,304.981474099945,305.497992782216
4.52,100,0,4121.5630074245,58.6919304931541,2,1.00170461364778,1.00170461364778,304.834850045429,305.354475691134
4.53,100,0,4126.06695699084,58.7699064626582,2,1.00171561395107,1.00171561395107,304.688387397407,305.211115045554
4.54,100,0,4130.56582854523,58.8478319965391,2,1.00172660766239,1.00172660766239,304.542085922183,305.067910621257
4.55,100,0,4135.05962960966,58.9257071306228,2,1.00173759478717,1.00173759478717,304.395945387812,304.924862195753
4.56,100,0,4139.54836769171,59.003531900697,2,1.00174857533079,1.00174857533079,304.249965563592,304.781969547771
4.57,100,0,4144.0320502843,59.0813063425111,2,1.00175954929864,1.00175954929864,304.104146219757,304.639232456951
4.58,100,0,4148.51068486548,59.1590304917764,2,1.00177051669608,1.00177051669608,303.958487127278,304.496650703651
4.59,100,0,4152.98427889843,59.2367043841664,2,1.00178147752846,1.00178147752846,303.81298805775,304.354224068829
4.6,100,0,4157.45283983139,59.3143280553166,2,1.00179243180113,1.00179243180113,303.667648783317,304.21195233397
4.61,100,0,4161.91637509769,59.3919015408249,2,1.00180337951941,1.00180337951941,303.522469076632,304.069835281046
4.62,100,0,4166.37489211572,59.4694248762516,2,1.00181432068863,1.00181432068863,303.377448710818,303.927872692479
4.63,100,0,4170.82839828902,59.5468980971194,2,1.00182525531411,1.00182525531411,303.232587459464,303.786064351134
4.64,100,0,4175.27690100623,59.6243212389138,2,1.00183618340112,1.00183618340112,303.087885096604,303.644410040301
4.65,100,0,4179.72040764119,59.7016943370824,2,1.00184710495498,1.00184710495498,302.943341396714,303.502909543686
4.66,100,0,4184.15892555297,59.7790174270361,2,1.00185801998096,1.00185801998096,302.798956134704,303.361562645415
4.67,100,0,4188.59246208585,59.8562905441482,2,1.00186892848432,1.00186892848432,302.654729085916,303.22036913002
4.68,100,0,4193.02102456943,59.9335137237549,2,1.00187983047034,1.00187983047034,302.510660026122,303.079328782442
4.69,100,0,4197.44462031863,60.0106870011555,2,1.00189072594425,1.00189072594425,302.366748731522,302.938441388029
4.7,100,0,4201.86325663373,60.0878104116121,2,1.00190161491131,1.00190161491131,302.222994978741,302.797706732534
4.71,100,0,4206.27694080044,60.1648839903501,2,1.00191249737674,1.00191249737674,302.079398544829,302.657124602113
4.72,100,0,4210.68568008988,60.2419077725578,2,1.00192337334577,1.00192337334577,301.935959207256,302.516694783324
4.73,100,0,4215.0894817587,60.3188817933869,2,1.0019342428236,1.0019342428236,301.792676743919,302.376417063125
4.74,100,0,4219.48835304904,60.3958060879523,2,1.00194510581544,1.00194510581544,301.64955093313,302.236291228875
4.75,100,0,4223.88230118862,60.4726806913324,2,1.00195596232648,1.00195596232648,301.506581553628,302.096317068332
4.76,100,0,4228.27133339076,60.5495056385688,2,1.0019668123619,1.0019668123619,301.363768384563,301.956494369652
4.77,100,0,4232.65545685441,60.6262809646669,2,1.00197765592689,1.00197765592689,301.221111205505,301.816822921384
4.78,100,0,4237.03467876422,60.7030067045955,2,1.0019884930266,1.0019884930266,301.07860979644,301.677302512477
4.79,100,0,4241.40900629055,60.7796828932871,2,1.00199932366618,1.00199932366618,300.936263937772,301.537932932275
4.8,100,0,4245.77844658951,60.856309565638,2,1.00201014785079,1.00201014785079,300.794073410316,301.39871397051
4.81,100,0,4250.14300680301,60.9328867565081,2,1.00202096558555,1.00202096558555,300.652037995301,301.259645417315
4.82,100,0,4254.50269405881,61.0094145007214,2,1.0020317768756,1.0020317768756,300.510157474366,301.120727063205
4.83,100,0,4258.85751547052,61.0858928330657,2,1.00204258172605,1.00204258172605,300.368431629568,300.981958699097
4.84,100,0,4263.20747813767,61.1623217882929,2,1.00205338014201,1.00205338014201,300.226860243365,300.843340116287
4.85,100,0,4267.55258914573,61.238701401119,2,1.00206417212858,1.00206417212858,300.085443098629,300.704871106466
4.86,100,0,4271.89285556616,61.3150317062239,2,1.00207495769084,1.00207495769084,299.944179978641,300.566551461711
4.87,100,0,4276.22828445644,61.3913127382521,2,1.00208573683388,1.00208573683388,299.803070667083,300.428380974485
4.88,100,0,4280.55888286012,61.4675445318121,2,1.00209650956277,1.00209650956277,299.662114948051,300.290359437641
4.89,100,0,4284.88465780683,61.5437271214769,2,1.00210727588257,1.00210727588257,299.52131260604,300.152486644411
4.9,100,0,4289.20561631235,61.6198605417839,2,1.00211803579833,1.00211803579833,299.380663425951,300.014762388416
4.91,100,0,4293.52176537861,61.6959448272351,2,1.0021287893151,1.0021287893151,299.240167193086,299.877186463655
4.92,100,0,4297.83311199378,61.7719800122968,2,1.0021395364379,1.0021395364379,299.099823693152,299.739758664514
4.93,100,0,4302.13966313225,61.8479661314001,2,1.00215027717177,1.00215027717177,298.959632712255,299.602478785758
4.94,100,0,4306.44142575469,61.923903218941,2,1.00216101152172,1.00216101152172,298.819594036901,299.465346622531
4.95,100,0,4310.7384068081,61.99979130928,2,1.00217173949276,1.00217173949276,298.679707453993,299.328361970356
4.96,100,0,4315.03061322582,62.0756304367425,2,1.00218246108988,1.00218246108988,298.539972750835,299.191524625138
4.97,100,0,4319.31805192761,62.1514206356188,2,1.00219317631808,1.00219317631808,298.400389715126,299.054834383155
4.98,100,0,4323.60072981963,62.2271619401643,2,1.00220388518233,1.00220388518233,298.260958134963,298.918291041065
4.99,100,0,4327.87865379449,62.3028543845995,2,1.00221458768761,1.00221458768761,298.121677798835,298.781894395898
5,100,0,4332.15183073134,62.3784980031096,2,1.00222528383887,0.902225283838873,297.982548495626,268.847389395497
5.01,100,0,4336.33640346851,62.4459022214122,2,1.00223069224517,0.90223069224517,298.190622317502,269.036731594538
5.02,100,0,4340.38923605939,62.5133333598467,2,1.00223754428211,0.902237544282109,298.282319666489,269.121507598664
5.03,100,0,4344.35503884589,62.580767914969,2,1.00224533255381,0.902245332553809,298.298385128281,269.13832569033
5.04,100,0,4348.26288068009,62.6481906156961,2,1.00225372754658,0.902253727546576,298.265333639622,269.111009074273
5.05,100,0,4352.13165830971,62.7155915447717,2,1.00226251527531,0.902262515275307,298.200398743275,269.055041826206
5.06,100,0,4355.97365879707,62.7829642637281,2,1.00227155674115,0.902271556741149,298.114775845575,268.980482889726
5.07,100,0,4359.79687537371,62.8503045939323,2,1.00228076161191,0.902280761611912,298.015737578006,268.893866674219
5.08,100,0,4363.60651149655,62.9176098249307,2,1.00229007114781,0.90229007114781,297.908009593084,268.799439171246
5.09,100,0,4367.40595736087,62.9848782004789,2,1.00229944712673,0.902299447126729,297.794663989127,268.69996067468
5.1,100,0,4371.19742396019,63.0521085848298,2,1.00230886465953,0.902308864659529,297.67769908702,268.59722669767
5.11,100,0,4374.98235493253,63.1193002459857,2,1.00231830752705,0.902318307527051,297.558415611219,268.492405964746
5.12,100,0,4378.76169420991,63.1864527148472,2,1.00232776515204,0.902327765152043,297.437660817549,268.38625975755
5.13,100,0,4382.53606006731,63.2535656936246,2,1.00233723063147,0.902337230631475,297.315986989658,268.279284322712
5.14,100,0,4386.30585838371,63.3206389962416,2,1.00234669945699,0.90234669945699,297.193754398543,268.171803380757
5.15,100,0,4390.07135640077,63.3876725095269,2,1.00235616868221,0.902356168682211,297.071198229176,268.064028259913
5.16,100,0,4393.83273079367,63.4546661679231,2,1.00236563638041,0.902365636380415,296.948472115873,267.956097013032
5.17,100,0,4397.59009902512,63.5216199369919,2,1.00237510129104,0.902375101291045,296.825676483179,267.848099882291
5.18,100,0,4401.3390660168,63.5885336436547,2,1.00238461063527,0.902384610635274,296.699081168955,267.736684836491
5.19,100,0,4405.04038453322,63.6554024383002,2,1.00239458300728,0.902394583007278,296.535647171135,267.59216167579
5.2,100,0,4408.69848051185,63.7222169032125,2,1.00240496296768,0.902404962967676,296.339819539118,267.418523877046
5.21,100,0,4412.32648244479,63.7889705356961,2,1.00241560389275,0.902415603892753,296.123222209706,267.226216397039
5.22,100,0,4415.93287711856,63.8556591718107,2,1.00242641111734,0.902426411117336,295.893352370777,267.021976053438
5.23,100,0,4419.52315638236,63.9222801563549,2,1.00243732347508,0.902437323475076,295.655047639507,266.810149863693
5.24,100,0,4423.10087856996,63.9888318079358,2,1.00244830141082,0.902448301410825,295.411431453715,266.593544532745
5.25,100,0,4426.66835283535,64.0553130741268,2,1.00245931932227,0.902459319322266,295.164521942307,266.373973560137
5.26,100,0,4430.22708060842,64.121723309049,2,1.00247036062314,0.902470360623144,294.915624078743,266.152609615743
5.27,100,0,4433.77804057394,64.1880621298131,2,1.00248141455849,0.902481414558494,294.665582351478,265.930211582265
5.28,100,0,4437.32187278767,64.2543293237882,2,1.00249247414838,0.90249247414838,294.414943661911,265.707270931694
5.29,100,0,4440.85899773268,64.3205247886485,2,1.00250353485907,0.902503534859071,294.164062423875,265.484106166052
5.3,100,0,4444.38969337637,64.3866484935774,2,1.0025145937435,0.9025145937435,293.913168429025,265.260923800586
5.31,100,0,4447.9141450915,64.452700454138,2,1.00252564888475,0.902525648884753,293.662410708289,265.03785777756
5.32,100,0,4451.43247802827,64.5186807159809,2,1.0025366990354,0.902536699035401,293.411885905853,264.81499496322
5.33,100,0,4454.94477812687,64.5845893442715,2,1.00254774338353,0.902547743383533,293.16165665169,264.592391657561
5.34,100,0,4458.45110576988,64.6504264168216,2,1.00255878140083,0.90255878140083,292.91176346945,264.370084294955
5.35,100,0,4461.95150466129,64.7161920196235,2,1.00256981274381,0.902569812743811,292.662232501843,264.148096386374
5.36,100,0,4465.4460076066,64.781886243944,2,1.00258083718959,0.90258083718959,292.413080527446,263.926443027649
5.37,100,0,4468.93464027936,64.8475091844306,2,1.00259185459403,0.902591854594034,292.164318221725,263.705133829948
5.38,100,0,4472.41742367791,64.9130609378771,2,1.00260286486449,0.902602864864485,291.915952278827,263.484174826513
5.39,100,0,4475.89437572935,64.9785416024177,2,1.00261386794197,0.902613867941967,291.667986793467,263.263569714498
5.4,100,0,4479.3655123378,65.0439512770008,2,1.00262486378956,0.902624863789558,291.420424161781,263.043320664523
5.41,100,0,4482.83084807014,65.109290061045,2,1.00263585238479,0.902635852384792,291.173265669166,262.823428848951
5.42,100,0,4486.290396605,65.174558054214,2,1.00264683371469,0.902646833714686,290.926511874237,262.603894786938
5.43,100,0,4489.7441710271,65.2397553562689,2,1.00265780777248,0.902657807772483,290.680162859841,262.384718570012
5.44,100,0,4493.19218402033,65.3048820669723,2,1.00266877455552,0.902668774555516,290.434218397327,262.165900009704
5.45,100,0,4496.63444799456,65.3699382860246,2,1.00267973406381,0.902679734063808,290.188678054141,261.94743873424
5.46,100,0,4500.07097516903,65.4349241130227,2,1.00269068629915,0.902690686299147,289.943541264369,261.729334251938
5.47,100,0,4503.50177762725,65.4998396474333,2,1.00270163126449,0.902701631264488,289.698807375025,261.511585992812
5.48,100,0,4506.92686735312,65.5646849885748,2,1.00271256896355,0.902712568963547,289.454475676463,261.294193335897
5.49,100,0,4510.34625625485,65.6294602356058,2,1.00272349940055,0.902723499400545,289.210545422363,261.077155627216
5.5,100,0,4513.75995618067,65.6941654875179,2,1.00273442258003,0.90273442258003,288.967015842882,260.860472191599
5.51,100,0,4517.16797892936,65.7588008431309,2,1.00274533850677,0.902745338506766,288.723886153318,260.644142340466
5.52,100,0,4520.57033625708,65.8233664010893,2,1.00275624718566,0.902756247185658,288.48115555982,260.428165376965
5.53,100,0,4523.96703988208,65.8878622598613,2,1.0027671486217,0.902767148621699,288.23882326315,260.212540599347
5.54,100,0,4527.3581014877,65.9522885177369,2,1.00277804281994,0.902778042819939,287.99688846117,259.997267303207
5.55,100,0,4530.7435327245,66.0166452728278,2,1.00278892978547,0.902788929785466,287.755350350481,259.782344782953
5.56,100,0,4534.12334521164,66.0809326230668,2,1.00279980952338,0.902799809523385,287.514208127512,259.567772332784
5.57,100,0,4537.49755053784,66.1451506662082,2,1.00281068203881,0.902810682038814,287.27346098923,259.353549247337
5.58,100,0,4540.86616026204,66.2092994998276,2,1.00282154733688,0.902821547336877,287.033108133616,259.139674822104
5.59,100,0,4544.22918591389,66.2733792213222,2,1.0028324054227,0.902832405422695,286.793148759975,258.926148353717
5.6,100,0,4547.58663899406,66.3373899279111,2,1.00284325630139,0.902843256301391,286.553582069142,258.712969140132
5.61,100,0,4550.93853097453,66.4013317166355,2,1.00285409997808,0.902854099978082,286.314407263619,258.500136480753
5.62,100,0,4554.28487329876,66.4652046843593,2,1.00286493645788,0.902864936457877,286.075623547657,258.287649676503
5.63,100,0,4557.62567738187,66.5290089277691,2,1.00287576574588,0.902875765745885,285.837230127318,258.075508029885
5.64,100,0,4560.96095461074,66.592744543375,2,1.0028865878472,0.902886587847202,285.599226210508,257.863710845007
5.65,100,0,4564.29071634417,66.6564116275107,2,1.00289740276692,0.902897402766921,285.361611007001,257.652257427605
5.66,100,0,4567.61497391294,66.7200102763338,2,1.00290821051013,0.902908210510127,285.124383728445,257.441147085053
5.67,100,0,4570.93373861996,66.7835405858265,2,1.0029190110819,0.902919011081897,284.887543588381,257.230379126372
5.68,100,0,4574.24702174032,66.8470026517959,2,1.0029298044873,0.902929804487302,284.651089802236,257.01995286223
5.69,100,0,4577.55483452136,66.9103965698742,2,1.0029405907314,0.902940590731403,284.415021587326,256.809867604945
5.7,100,0,4580.85718818282,66.9737224355193,2,1.00295136981926,0.902951369819256,284.179338162855,256.600122668479
5.71,100,0,4584.15409391688,67.036980344015,2,1.00296214175591,0.902962141755908,283.944038749911,256.390717368442
5.72,100,0,4587.44556288824,67.1001703904716,2,1.0029729065464,0.902972906546399,283.709122571464,256.181651022083
5.73,100,0,4590.73160623421,67.1632926698263,2,1.00298366419576,0.902983664195763,283.474588852358,255.97292294829
5.74,100,0,4594.0122350648,67.2263472768433,2,1.00299441470902,0.902994414709024,283.240436819312,255.764532467583
5.75,100,0,4597.28746046279,67.2893343061145,2,1.0030051580912,0.9030051580912,283.006665700908,255.556478902112
5.76,100,0,4600.55729348381,67.3522538520597,2,1.0030158943473,0.903015894347301,282.773274727596,255.348761575655
5.77,100,0,4603.82174515641,67.4151060089271,2,1.00302662348233,0.903026623482331,282.540263131676,255.141379813607
5.78,100,0,4607.08082648217,67.4778908707936,2,1.00303734550129,0.903037345501285,282.307630147305,254.93433294298
5.79,100,0,4610.33454843573,67.5406085315654,2,1.00304806040915,0.903048060409152,282.075375010484,254.727620292402
5.8,100,0,4613.58292196492,67.6032590849779,2,1.00305876821091,0.903058768210912,281.843496959057,254.521241192102
5.81,100,0,4616.82595799078,67.6658426245966,2,1.00306946891154,0.903069468911539,281.611995232704,254.315194973917
5.82,100,0,4620.06366740771,67.7283592438173,2,1.003080162516,0.903080162516,281.380869072935,254.10948097128
5.83,100,0,4623.29606108348,67.7908090358664,2,1.00309084902925,0.903090849029255,281.150117723088,253.904098519219
5.84,100,0,4626.52314985934,67.8531920938014,2,1.00310152845625,0.903101528456254,280.91974042832,253.69904695435
5.85,100,0,4629.74494455008,67.915508510511,2,1.00311220080194,0.903112200801944,280.689736435604,253.494325614876
5.86,100,0,4632.96145594414,67.977758378716,2,1.00312286607126,0.903122866071263,280.460104993724,253.28993384058
5.87,100,0,4636.17269480363,68.0399417909693,2,1.00313352426914,0.90313352426914,280.230845353271,253.08587097282
5.88,100,0,4639.37867186448,68.1020588396561,2,1.0031441754005,0.9031441754005,280.001956766631,252.882136354525
5.89,100,0,4642.57939783644,68.1641096169949,2,1.00315481947026,0.903154819470259,279.773438487991,252.678729330195
5.9,100,0,4645.7748834032,68.2260942150372,2,1.00316545648333,0.903165456483327,279.545289773326,252.475649245889
5.91,100,0,4648.96513922245,68.2880127256684,2,1.00317608644461,0.903176086444606,279.317509880395,252.272895449228
5.92,100,0,4652.15017592596,68.3498652406078,2,1.00318670935899,0.903186709358993,279.090098068738,252.070467289382
5.93,100,0,4655.33000411967,68.4116518514092,2,1.00319732523138,0.903197325231376,278.863053599671,251.868364117077
5.94,100,0,4658.50463438371,68.473372649461,2,1.00320793406664,0.903207934066636,278.636375736279,251.666585284579
5.95,100,0,4661.67407727256,68.5350277259871,2,1.00321853586965,0.903218535869648,278.41006374341,251.465130145698
5.96,100,0,4664.83834331503,68.5966171720467,2,1.00322913064528,0.903229130645281,278.184116887675,251.26399805578
5.97,100,0,4667.99744301441,68.6581410785349,2,1.0032397183984,0.903239718398396,277.95853443744,251.063188371704
5.98,100,0,4671.15138684849,68.719599536183,2,1.00325029913385,0.903250299133847,277.733315662818,250.862700451876
5.99,100,0,4674.30018526967,68.7809926355592,2,1.00326087285648,0.903260872856482,277.508459835673,250.662533656228
6,100,0,4677.44384870501,68.8423204670683,2,1.00327143957114,0.903271439571141,277.283966229603,250.462687346209
6.01,100,0,4680.58238755632,68.9035831209528,2,1.00328199928266,0.903281999282659,277.059834119945,250.263160884786
6.02,100,0,4683.71581220019,68.9647806872928,2,1.00329255199586,0.903292551995862,276.836062783766,250.063953636435
6.03,100,0,4686.84413298814,69.0259132560064,2,1.00330309771557,0.903303097715572,276.612651499858,249.86506496714
6.04,100,0,4689.96736024662,69.0869809168501,2,1.0033136364466,0.903313636446603,276.389599548734,249.666494244387
6.05,100,0,4693.08550427711,69.1479837594194,2,1.00332416819376,0.903324168193762,276.166906212625,249.468240837164
6.06,100,0,4696.19857535618,69.2089218731489,2,1.00333469296185,0.90333469296185,275.94457077547,249.270304115949
6.07,100,0,4699.30658373558,69.2697953473125,2,1.00334521075566,0.90334521075566,275.722592522916,249.072683452711
6.08,100,0,4702.40953964231,69.3306042710242,2,1.00335572157998,0.903355721579982,275.500970742312,248.875378220907
6.09,100,0,4705.50745327867,69.3913487332381,2,1.00336622543959,0.903366225439594,275.279704722703,248.678387795475
6.1,100,0,4708.60033482233,69.452028822749,2,1.00337672233927,0.903376722339274,275.058793754828,248.481711552831
6.11,100,0,4711.68819442642,69.5126446281925,2,1.00338721228379,0.903387212283787,274.838237131111,248.285348870865
6.12,100,0,4714.77104221961,69.5731962380456,2,1.0033976952779,0.903397695277896,274.61803414566,248.089299128936
6.13,100,0,4717.84888830613,69.6336837406269,2,1.00340817132636,0.903408171326356,274.39818409426,247.893561707868
6.14,100,0,4720.92174276588,69.6941072240969,2,1.00341864043392,0.903418640433916,274.178686274371,247.69813598995
6.15,100,0,4723.9896156545,69.7544667764586,2,1.00342910260532,0.903429102605319,273.95953998512,247.503021358923
6.16,100,0,4727.05251700342,69.8147624855576,2,1.0034395578453,0.903439557845299,273.740744527298,247.308217199985
6.17,100,0,4730.11045681994,69.8749944390825,2,1.00345000615859,0.903450006158587,273.522299203358,247.113722899785
6.18,100,0,4733.16344508728,69.9351627245654,2,1.00346044754991,0.903460447549907,273.304203317404,246.919537846412
6.19,100,0,4736.21149176467,69.9952674293819,2,1.00347088202397,0.903470882023974,273.086456175192,246.725661429402
6.2,100,0,4739.25460678743,70.055308640752,2,1.0034813095855,0.9034813095855,272.869057084124,246.532093039725
6.21,100,0,4742.292800067,70.1152864457399,2,1.00349173023919,0.903491730239189,272.652005353242,246.338832069786
6.22,100,0,4745.32608149102,70.1752009312546,2,1.00350214398974,0.90350214398974,272.435300293225,246.145877913417
6.23,100,0,4748.35446092341,70.2350521840503,2,1.00351255084185,0.903512550841845,272.218941216382,245.95322996588
6.24,100,0,4751.37794820445,70.2948402907265,2,1.00352295080019,0.90352295080019,272.002927436654,245.760887623856
6.25,100,0,4754.3965531508,70.3545653377286,2,1.00353334386945,0.903533343869453,271.787258269598,245.568850285441
6.26,100,0,4757.41028555561,70.414227411348,2,1.00354373005431,0.903543730054309,271.571933032395,245.377117350149
6.27,100,0,4760.41915518855,70.4738265977228,2,1.00355410935943,0.903554109359425,271.356951043837,245.185688218903
6.28,100,0,4763.42317179593,70.5333629828378,3,1.30072487208735,1.20072487208735,1000.69426647881,1201.55849511631
6.29,100,0,4477.63964430081,70.7291077484303,3,1.23095447577898,1.13095447577898,841.599330366818,951.810529490948
6.3,100,0,4261.83018888679,70.8846717074601,3,1.17117315329638,1.07117315329638,726.015564652334,777.68838173089
6.31,100,0,4093.81292433593,71.0124121068307,3,1.1201513168969,1.0201513168969,643.091562686093,656.050704559504
6.32,100,0,3961.04841518218,71.1201980226677,3,1.07573064101919,0.975730641019192,578.37083301371,564.334143643272
6.33,100,0,3858.33124991434,71.2116492044859,3,1.03558540934012,0.93558540934012,521.113083036425,487.545797105126
6.34,100,0,3780.54712778826,71.2905743708144,3,1.00893370416428,0.908933704164276,474.36436781169,431.165761958625
6.35,100,0,3722.93506802629,71.360626780262,3,1.002,0.902,435.617849806452,392.927300525419
6.36,100,0,3682.06685664443,71.424478040116,3,1.00124725075771,0.901247250757714,406.624120515631,366.468870706486
6.37,100,0,3653.41583060459,71.4838300535251,3,0.999456736607794,0.899456736607794,382.390775859987,343.943959363947
6.38,100,0,3634.80271897008,71.5394002112114,3,0.998036847888121,0.898036847888121,365.294251391876,328.047698071611
6.39,100,0,3623.17687092505,71.5923953026421,3,0.998388712886523,0.898388712886523,352.702801472281,316.864215846153
6.4,100,0,3616.27645222339,71.6436792076613,3,0.998623434628014,0.898623434628014,344.7825134312,309.829646419225
6.41,100,0,3612.37562741831,71.6938709957321,3,0.99878307027952,0.89878307027952,339.679679263396,305.298345039917
6.42,100,0,3610.41342593954,71.7433507339267,3,0.998893863659775,0.898893863659775,336.336918357223,302.331192033546
6.43,100,0,3609.71873251278,71.7923586101139,3,0.998972582117561,0.898972582117561,334.119088339033,300.363899578906
6.44,100,0,3609.8755207523,71.8410430783408,3,0.999029684677497,0.899029684677497,332.515461501922,298.941270504466
6.45,100,0,3610.64931871563,71.8894866647194,3,0.999071085896518,0.899071085896518,331.394855706675,297.94753278072
6.46,100,0,3611.82118521338,71.937767879335,3,0.999102334464895,0.899102334464895,330.66073592341,297.297839584618
6.47,100,0,3613.24496732063,71.9859392663191,3,0.999127141140883,0.899127141140883,330.170211017217,296.864997921792
6.48,100,0,3614.82835606624,72.0340340088088,3,0.999147851850926,0.899147851850926,329.833833778952,296.5693831101
6.49,100,0,3616.51285924049,72.0820731330619,3,0.999165953822619,0.899165953822619,329.595269881268,296.360845218214
6.5,100,0,3618.2613295658,72.1300699932172,3,0.999182391735969,0.899182391735969,329.418895473686,296.20767031505
6.51,100,0,3620.05013781362,72.1780330851043,3,0.999197766493497,0.899197766493497,329.282121051542,296.089747795788
6.52,100,0,3621.86423572891,72.2259678208594,3,0.999212460733146,0.899212460733146,329.170594646265,295.994300412861
6.53,100,0,3623.6940310468,72.2738776520599,3,0.99922671831637,0.89922671831637,329.075185094507,295.913198771885
6.54,100,0,3625.53340479091,72.3217647822548,3,0.99924069477166,0.89924069477166,328.990076662396,295.841265110875
6.55,100,0,3627.37845118568,72.3696306197776,3,0.99925448935365,0.89925448935365,328.911562085918,295.775198806083
6.56,100,0,3629.22667581725,72.4174760658719,3,0.999268165440859,0.899268165440859,328.837276460259,295.712894330985
6.57,100,0,3631.07648489938,72.4653016982052,3,0.999281763525314,0.899281763525314,328.765710236509,295.65300768814
6.58,100,0,3632.92685970266,72.5131078878467,3,0.999295309490647,0.899295309490647,328.695899296512,295.594680486163
6.59,100,0,3634.77714887712,72.5608948738827,3,0.999308819890982,0.899308819890982,328.627227544516,295.537364187104
6.6,100,0,3636.62693589798,72.6086628110404,3,0.999322305319189,0.899322305319189,328.559301074494,295.480708076375
6.61,100,0,3638.47595441339,72.6564118000997,3,0.999335772557204,0.899335772557204,328.491867910165,295.424487805747
6.62,100,0,3640.32403415521,72.7041419073252,3,0.999349225949505,0.899349225949505,328.424766783089,295.368559789017
6.63,100,0,3642.17106636108,72.7518531768877,3,0.999362668280841,0.899362668280841,328.357894425245,295.312832081367
6.64,100,0,3644.01698165853,72.7995456388089,3,0.999376101337416,0.899376101337416,328.291184673221,295.257245774843
6.65,100,0,3645.86173591323,72.8472193140449,3,0.999389526265861,0.899389526265861,328.224595111853,295.201763106453
6.66,100,0,3647.70530116889,72.8948742177408,3,0.999402943802964,0.899402943802964,328.158098532877,295.146359853253
6.67,100,0,3649.54765984428,72.942510361315,3,0.999416354422764,0.899416354422764,328.091677470144,295.091020466646
6.68,100,0,3651.38880101473,72.9901277537945,3,0.999429758430768,0.899429758430768,328.025320701584,295.035734957801
6.69,100,0,3653.22871802811,73.0377264026719,3,0.99944315602434,0.89944315602434,327.95902100905,294.980496903032
6.7,100,0,3655.06740697577,73.0853063144539,3,0.999456547331412,0.899456547331412,327.89277374304,294.925302165835
6.71,100,0,3656.90486571137,73.1328674950139,3,0.999469932435325,0.899469932435325,327.826575902689,294.870148077696
6.72,100,0,3658.74109322096,73.1804099498183,3,0.999483311390761,0.899483311390761,327.760425545767,294.815032912752
6.73,100,0,3660.5760892184,73.227933684072,3,0.999496684233977,0.899496684233977,327.69432141014,294.759955550724
6.74,100,0,3662.40985388537,73.2754387028113,3,0.999510050989383,0.899510050989383,327.628262670791,294.704915260566
6.75,100,0,3664.24238770428,73.3229250109642,3,0.99952341167376,0.89952341167376,327.562248783783,294.649911561518
6.76,100,0,3666.07369135075,73.3703926133889,3,0.99953676629898,0.89953676629898,327.496279386016,294.594944133844
6.77,100,0,3667.90376562443,73.4178415148988,3,0.999550114873749,0.899550114873749,327.43035423078,294.54001276145
6.78,100,0,3669.73261140454,73.4652717202783,3,0.999563457404737,0.899563457404737,327.364473146327,294.48511729499
6.79,100,0,3671.56022962113,73.5126832342933,3,0.999576793897295,0.899576793897295,327.298636009208,294.430257628121
6.8,100,0,3673.38662123663,73.5600760616975,3,0.999590124355925,0.899590124355925,327.232842727119,294.375433682232
6.81,100,0,3675.21178723397,73.607450207237,3,0.999603448784583,0.899603448784583,327.167093227847,294.320645396598
6.82,100,0,3677.03572860884,73.6548056756531,3,0.999616767186864,0.899616767186864,327.101387452154,294.265892722045
6.83,100,0,3678.85844636479,73.7021424716836,3,0.999630079566137,0.899630079566137,327.035725349192,294.211175616863
6.84,100,0,3680.67994151002,73.7494606000646,3,0.999643385925619,0.899643385925619,326.970106873539,294.156494044172
6.85,100,0,3682.50021505528,73.7967600655307,3,0.999656686268429,0.899656686268429,326.904531983299,294.101847970226
6.86,100,0,3684.31926801259,73.8440408728159,3,0.999669980597621,0.899669980597621,326.839000638859,294.047237363309
6.87,100,0,3686.13710139435,73.8913030266535,3,0.999683268916209,0.899683268916209,326.773512802109,293.992662193034
6.88,100,0,3687.9537162128,73.9385465317767,3,0.999696551227175,0.899696551227175,326.708068435912,293.938122429882
6.89,100,0,3689.76911347963,73.9857713929184,3,0.999709827533484,0.899709827533484,326.642667503784,293.883618044906
6.9,100,0,3691.5832942058,74.0329776148115,3,0.999723097838085,0.899723097838085,326.577309969672,293.829149009542
6.91,100,0,3693.39625940132,74.0801652021889,3,0.99973636214392,0.89973636214392,326.511995797824,293.774715295485
6.92,100,0,3695.20801007524,74.1273341597835,3,0.999749620453921,0.899749620453921,326.446724952686,293.720316874605
6.93,100,0,3697.0185472355,74.1744844923282,3,0.999762872771015,0.899762872771015,326.381497398857,293.665953718901
6.94,100,0,3698.82787188898,74.2216162045562,3,0.999776119098125,0.899776119098125,326.31631310104,293.611625800462
6.95,100,0,3700.63598504139,74.2687293012004,3,0.999789359438169,0.899789359438169,326.251172024026,293.557333091451
6.96,100,0,3702.44288769732,74.3158237869941,3,0.999802593794062,0.899802593794062,326.186074132677,293.503075564085
6.97,100,0,3704.24858086018,74.3628996666705,3,0.999815822168715,0.899815822168715,326.12101939191,293.448853190631
6.98,100,0,3706.05306553225,74.4099569449629,3,0.999829044565036,0.899829044565036,326.056007766694,293.394665943395
6.99,100,0,3707.85634271463,74.4569956266049,3,0.999842260985931,0.899842260985931,325.991039222049,293.340513794722
7,100,0,3709.65841340726,74.5040157163299,3,0.999855471434302,0.899855471434302,325.926113723037,293.286396716993
7.01,100,0,3711.4592786089,74.5510172188717,3,0.999868675913047,0.899868675913047,325.861231234762,293.23231468262
7.02,100,0,3713.25893931718,74.5980001389639,3,0.999881874425063,0.899881874425063,325.796391722371,293.17826766405
7.03,100,0,3715.05739652853,74.6449644813404,3,0.999895066973245,0.899895066973245,325.731595151053,293.124255633759
7.04,100,0,3716.85465123825,74.6919102507351,3,0.999908253560481,0.899908253560481,325.666841486035,293.070278564256
7.05,100,0,3718.65070444047,74.7388374518821,3,0.999921434189661,0.899921434189661,325.602130692585,293.01633642808
7.06,100,0,3720.44555712815,74.7857460895155,3,0.99993460886367,0.89993460886367,325.537462736008,292.962429197801
7.07,100,0,3722.23921029311,74.8326361683697,3,0.999947777585389,0.899947777585389,325.472837581652,292.908556846018
7.08,100,0,3724.03166492602,74.879507693179,3,0.999960940357698,0.899960940357698,325.408255194903,292.854719345363
7.09,100,0,3725.82292201638,74.9263606686778,3,0.999974097183475,0.899974097183475,325.343715541183,292.800916668493
7.1,100,0,3727.61298255256,74.9731950996008,3,0.999987248065592,0.899987248065592,325.279218585957,292.747148788102
7.11,100,0,3729.40184752176,75.0200109906826,3,1.00000039300692,0.900000393006922,325.214764294727,292.693415676908
7.12,100,0,3731.18951791006,75.0668083466582,3,1.00001353201033,0.900013532010333,325.150352633034,292.639717307662
7.13,100,0,3732.97599470237,75.1135871722624,3,1.00002666507869,0.90002666507869,325.085983566456,292.586053653144
7.14,100,0,3734.76127888247,75.1603474722302,3,1.00003979221486,0.900039792214857,325.021657060613,292.532424686163
7.15,100,0,3736.54537143301,75.2070892512968,3,1.00005291342169,0.900052913421694,324.957373081161,292.478830379559
7.16,100,0,3738.32827333548,75.2538125141976,3,1.00006602870206,0.900066028702058,324.893131593794,292.425270706202
7.17,100,0,3740.10998557024,75.3005172656679,3,1.0000791380588,0.900079138058804,324.828932564247,292.371745638989
7.18,100,0,3741.89050911654,75.3472035104431,3,1.00009224149478,0.900092241494784,324.764775958291,292.31825515085
7.19,100,0,3743.66984495246,75.3938712532591,3,1.00010533901285,0.900105339012848,324.700661741736,292.264799214742
7.2,100,0,3745.44799405497,75.4405204988515,3,1.00011843061584,0.900118430615843,324.636589880431,292.211377803653
7.21,100,0,3747.22495739991,75.4871512519561,3,1.00013151630661,0.900131516306612,324.572560340262,292.157990890599
7.22,100,0,3749.00073596199,75.5337635173091,3,1.000144596088,0.900144596087996,324.508573087153,292.104638448628
7.23,100,0,3750.77533071479,75.5803572996466,3,1.00015766996284,0.900157669962835,324.444628087068,292.051320450814
7.24,100,0,3752.54874263079,75.6269326037047,3,1.00017073793396,0.900170737933964,324.380725306006,291.998036870262
7.25,100,0,3754.32097268131,75.6734894342199,3,1.00018380000422,0.900183800004217,324.316864710006,291.944787680107
7.26,100,0,3756.09202183659,75.7200277959287,3,1.00019685617642,0.900196856176424,324.253046265144,291.891572853511
7.27,100,0,3757.86189106572,75.7665476935678,3,1.00020990645341,0.900209906453412,324.189269937535,291.838392363668
7.28,100,0,3759.63058133669,75.8130491318739,3,1.00022295083801,0.900222950838008,324.125535693328,291.785246183798
7.29,100,0,3761.39809361639,75.8595321155839,3,1.00023598933303,0.900235989333033,324.061843498716,291.732134287153
7.3,100,0,3763.16442887057,75.9059966494349,3,1.00024902194131,0.900249021941309,323.998193319923,291.679056647012
7.31,100,0,3764.92958806389,75.952442738164,3,1.00026204866565,0.900262048665651,323.934585123215,291.626013236683
7.32,100,0,3766.69357215989,75.9988703865085,3,1.00027506950887,0.900275069508875,323.871018874893,291.573004029505
7.33,100,0,3768.45638212101,76.045279599206,3,1.00028808447379,0.900288084473792,323.807494541297,291.520028998842
7.34,100,0,3770.21801890859,76.0916703809938,3,1.00030109356321,0.900301093563213,323.744012088805,291.467088118093
7.35,100,0,3771.97848348285,76.1380427366099,3,1.00031409677994,0.900314096779944,323.680571483829,291.414181360679
7.36,100,0,3773.73777680294,76.1843966707919,3,1.00032709412679,0.900327094126788,323.617172692821,291.361308700055
7.37,100,0,3775.49589982688,76.230732188278,3,1.00034008560655,0.900340085606548,323.553815682269,291.308470109699
7.38,100,0,3777.2528535116,76.2770492938061,3,1.00035307122202,0.900353071222023,323.490500418699,291.255665563124
7.39,100,0,3779.00863881295,76.3233479921148,3,1.00036605097601,0.900366050976008,323.427226868673,291.202895033869
7.4,100,0,3780.76325668568,76.3696282879422,3,1.0003790248713,0.900379024871298,323.363994998791,291.150158495499
7.41,100,0,3782.51670808343,76.415890186027,3,1.00039199291068,0.900391992910684,323.30080477569,291.097455921611
7.42,100,0,3784.26899395878,76.4621336911079,3,1.00040495509695,0.900404955096954,323.237656166042,291.04478728583
7.43,100,0,3786.0201152632,76.5083588079237,3,1.00041791143289,0.900417911432894,323.174549136559,290.992152561807
7.44,100,0,3787.77007294708,76.5545655412135,3,1.00043086192129,0.900430861921288,323.111483653986,290.939551723225
7.45,100,0,3789.51886795974,76.6007538957163,3,1.00044380656492,0.900443806564916,323.048459685108,290.886984743791
7.46,100,0,3791.26650124939,76.6469238761714,3,1.00045674536656,0.900456745366557,322.985477196744,290.834451597245
7.47,100,0,3793.01297376317,76.6930754873184,3,1.00046967832899,0.900469678328986,322.922536155753,290.781952257351
7.48,100,0,3794.75828644716,76.7392087338967,3,1.00048260545498,0.900482605454977,322.859636529025,290.729486697904
7.49,100,0,3796.50244024634,76.7853236206461,3,1.0004955267473,0.9004955267473,322.796778283494,290.677054892726
7.5,100,0,3798.24543610462,76.8314201523064,3,1.00050844220872,0.900508442208724,322.733961386122,290.624656815667
7.51,100,0,3799.98727496484,76.8774983336179,3,1.00052135184201,0.900521351842013,322.671185803915,290.572292440607
7.52,100,0,3801.72795776877,76.9235581693205,3,1.00053425564993,0.900534255649931,322.60845150391,290.51996174145
7.53,100,0,3803.46748545711,76.9695996641547,3,1.00054715363524,0.900547153635238,322.545758453183,290.467664692133
7.54,100,0,3805.20585896947,77.015622822861,3,1.00056004580069,0.900560045800692,322.483106618844,290.415401266616
7.55,100,0,3806.94307924444,77.0616276501799,3,1.00057293214905,0.900572932149049,322.420495968042,290.36317143889
7.56,100,0,3808.67914721949,77.1076141508524,3,1.00058581268306,0.900585812683061,322.357926467959,290.310975182973
7.57,100,0,3810.41406383107,77.1535823296194,3,1.00059868740548,0.900598687405479,322.295398085815,290.258812472911
7.58,100,0,3812.14783001455,77.199532191222,3,1.00061155631905,0.900611556319051,322.232910788865,290.206683282778
7.59,100,0,3813.88044670425,77.2454637404016,3,1.00062441942652,0.900624419426522,322.170464544401,290.154587586674
7.6,100,0,3815.61191483341,77.2913769818994,3,1.00063727673063,0.900637276730635,322.10805931975,290.10252535873
7.61,100,0,3817.34223533425,77.3372719204573,3,1.00065012823413,0.90065012823413,322.045695082274,290.0504965731
7.62,100,0,3819.0714091379,77.3831485608169,3,1.00066297393975,0.900662973939746,321.983371799373,289.99850120397
7.63,100,0,3820.79943717445,77.4290069077201,3,1.00067581385022,0.900675813850218,321.921089438479,289.946539225551
7.64,100,0,3822.52632037296,77.4748469659091,3,1.00068864796828,0.900688647968278,321.858847967064,289.894610612082
7.65,100,0,3824.25205966141,77.5206687401261,3,1.00070147629666,0.900701476296658,321.796647352632,289.842715337831
7.66,100,0,3825.97665596675,77.5664722351135,3,1.00071429883809,0.900714298838085,321.734487562726,289.790853377091
7.67,100,0,3827.70011021488,77.6122574556139,3,1.00072711559529,0.900727115595286,321.672368564919,289.739024704183
7.68,100,0,3829.42242333066,77.6580244063701,3,1.00073992657098,0.900739926570982,321.610290326825,289.687229293457
7.69,100,0,3831.1435962379,77.7037730921249,3,1.00075273176789,0.900752731767895,321.548252816091,289.635467119287
7.7,100,0,3832.86362985937,77.7495035176216,3,1.00076553118874,0.900765531188743,321.486256000397,289.583738156078
7.71,100,0,3834.58252511682,77.7952156876032,3,1.00077832483624,0.900778324836242,321.424299847463,289.53204237826
7.72,100,0,3836.30028293093,77.8409096068133,3,1.00079111271311,0.900791112713105,321.362384325041,289.48037976029
7.73,100,0,3838.01690422137,77.8865852799955,3,1.00080389482204,0.900803894822044,321.300509400918,289.428750276654
7.74,100,0,3839.73238990678,77.9322427118934,3,1.00081667116577,0.900816671165766,321.238675042918,289.377153901862
7.75,100,0,3841.44674090474,77.9778819072511,3,1.00082944174698,0.900829441746978,321.176881218896,289.325590610454
7.76,100,0,3843.15995813182,78.0235028708126,3,1.00084220656838,0.900842206568383,321.115127896748,289.274060376995
7.77,100,0,3844.87204250356,78.0691056073222,3,1.00085496563268,0.900854965632684,321.0534150444,289.222563176079
7.78,100,0,3846.58299493448,78.1146901215244,3,1.00086771894258,0.900867718942577,320.991742629814,289.171098982324
7.79,100,0,3848.29281633806,78.1602564181638,3,1.00088046650076,0.900880466500761,320.930110620989,289.119667770378
7.8,100,0,3850.00150762675,78.2058045019852,3,1.00089320830993,0.90089320830993,320.868518985955,289.068269514913
7.81,100,0,3851.70906971201,78.2513343777336,3,1.00090594437277,0.900905944372774,320.806967692779,289.016904190629
7.82,100,0,3853.41550350425,78.2968460501541,3,1.00091867469198,0.900918674691983,320.745456709563,288.965571772254
7.83,100,0,3855.12080991287,78.342339523992,3,1.00093139927025,0.900931399270245,320.683986004441,288.914272234541
7.84,100,0,3856.82498984626,78.387814803993,3,1.00094411811024,0.900944118110243,320.622555545584,288.863005552269
7.85,100,0,3858.52804421178,78.4332718949025,3,1.00095683121466,0.900956831214661,320.561165301197,288.811771700246
7.86,100,0,3860.2299739158,78.4787108014666,3,1.00096953858618,0.900969538586177,320.499815239518,288.760570653304
7.87,100,0,3861.93077986366,78.5241315284312,3,1.00098224022747,0.900982240227469,320.438505328823,288.709402386304
7.88,100,0,3863.63046295968,78.5695340805426,3,1.00099493614121,0.900994936141213,320.377235537416,288.658266874133
7.89,100,0,3865.3436033951,78.6149128629944,3,1.00100363637131,0.901003636371308,320.215762419667,288.515566363531
7.9,100,0,3867.11295162298,78.6602511526693,3,1.00100910677802,0.901009106778016,320.044979239969,288.363440873793
7.91,100,0,3868.91835834489,78.7055561910319,3,1.00101412388337,0.901014123883367,319.918814915925,288.251370735277
7.92,100,0,3870.74383835233,78.7508338212338,3,1.00101888164167,0.901018881641671,319.81808873866,288.162136644084
7.93,100,0,3872.5802801608,78.7960873763403,3,1.00102349057722,0.901023490577221,319.731887971971,288.08594174935
7.94,100,0,3874.42248560204,78.8413187604537,3,1.00102801372813,0.901028013728131,319.653996053462,288.017205144311
7.95,100,0,3876.26748689489,78.8865290632743,3,1.00103248707616,0.901032487076162,319.580868179849,287.952744478048
7.96,100,0,3878.11358859761,78.931718909938,3,1.00103693117384,0.901036931173845,319.510481381108,287.890743621511
7.97,100,0,3879.95982163988,78.9768886603725,3,1.0010413577684,0.9010413577684,319.441680335999,287.830165377768
7.98,100,0,3881.80563192086,79.0220385229993,3,1.00104577357851,0.901045773578513,319.373804791665,287.770416999219
7.99,100,0,3883.65070256288,79.0671686196323,3,1.00105018244931,0.90105018244931,319.306477174974,287.711159515757
8,100,0,3885.49485238544,79.1122790225452,3,1.00105458658279,0.901054586582791,319.239481427292,287.652198958373
8.01,100,0,3887.33797787757,79.1573697756573,3,1.00105898724083,0.90105898724083,319.172693832903,287.593424260003
8.02,100,0,3889.18002001114,79.2024409066494,3,1.00106338514707,0.901063385147071,319.106043504033,287.534771780633
8.03,100,0,3891.02094524937,79.247492433897,3,1.00106778071684,0.901067780716838,319.039489793315,287.476205029095
8.04,100,0,3892.8607346722,79.2925243704402,3,1.00107217418872,0.901072174188725,318.973009374359,287.417703064474
8.05,100,0,3894.69937774559,79.3375367262584,3,1.00107656569997,0.901076565699968,318.906588847747,287.35925385802
8.06,100,0,3896.53686874959,79.3825295095739,3,1.00108095532964,0.901080955329637,318.840220506773,287.300850491755
8.07,100,0,3898.37320472932,79.4275027276001,3,1.0010853431234,0.901085343123401,318.773899911204,287.242488980272
8.08,100,0,3900.20838431889,79.4724563869706,3,1.00108972910774,0.901089729107739,318.707624496217,287.184167021867
8.09,100,0,3902.04240706601,79.5173904939859,3,1.0010941132981,0.9010941132981,318.641392774374,287.125883282096
8.1,100,0,3903.87527304383,79.5623050547549,3,1.00109849570358,0.901098495703585,318.575203877536,287.06763698251
8.11,100,0,3905.70698262776,79.6072000752766,3,1.00110287632964,0.901102876329643,318.509057293767,287.009427664456
8.12,100,0,3907.53753636714,79.6520755614866,3,1.00110725517962,0.90110725517962,318.442952716125,286.951255053321
8.13,100,0,3909.36693491125,79.6969315192843,3,1.00111163225565,0.901111632255649,318.376889955719,286.893118980475
8.14,100,0,3911.1951789668,79.7417679545484,3,1.00111600755917,0.901116007559166,318.310868891683,286.835019338362
8.15,100,0,3913.02226927334,79.7865848731461,3,1.0011203810912,0.901120381091202,318.244889442373,286.776956054639
8.16,100,0,3914.84820658918,79.8313822809376,3,1.00112475285256,0.901124752852556,318.178951548783,286.718929077282
8.17,100,0,3916.67299168317,79.8761601837797,3,1.00112912284389,0.901129122843893,318.113055164979,286.660938366008
8.18,100,0,3918.49662533,79.9209185875274,3,1.0011334910658,0.901133491065799,318.047200252585,286.602983887315
8.19,100,0,3920.3191083075,79.9656574980347,3,1.00113785751882,0.901137857518815,317.9813867776,286.545065611628
8.2,100,0,3922.14044139505,80.0103769211552,3,1.00114222220346,0.901142222203459,317.915614708568,286.487183511657
8.21,100,0,3923.96062537267,80.0550768627426,3,1.00114658512023,0.901146585120229,317.849884015503,286.429337561431
8.22,100,0,3925.7796610205,80.0997573286507,3,1.00115094626962,0.901150946269619,317.784194669292,286.371527735762
8.23,100,0,3927.59754911848,80.1444183247339,3,1.00115530565211,0.901155305652114,317.718546641327,286.31375400991
8.24,100,0,3929.4142904462,80.1890598568465,3,1.0011596632682,0.901159663268199,317.652939903302,286.256016359413
8.25,100,0,3931.22988578278,80.2336819308435,3,1.00116401911836,0.901164019118355,317.587374427104,286.198314759975
8.26,100,0,3933.04433590682,80.2782845525803,3,1.00116837320306,0.901168373203064,317.52185018473,286.1406491874
8.27,100,0,3934.85764159635,80.3228677279127,3,1.00117272552281,0.901172725522805,317.456367148255,286.083019617561
8.28,100,0,3936.66980362884,80.3674314626968,3,1.00117707607806,0.90117707607806,317.39092528981,286.025426026381
8.29,100,0,3938.48082278116,80.4119757627895,3,1.00118142486931,0.901181424869307,317.325524581564,285.967868389814
8.3,100,0,3940.29069982959,80.4565006340477,3,1.00118577189703,0.901185771897026,317.260164995718,285.910346683844
8.31,100,0,3942.0994355498,80.5010060823291,3,1.0011901171617,0.901190117161697,317.1948465045,285.852860884477
8.32,100,0,3943.90703071688,80.5454921134915,3,1.0011944606638,0.901194460663799,317.129569080166,285.795410967743
8.33,100,0,3945.71348610532,80.5899587333936,3,1.00119880240381,0.901198802403811,317.064332694991,285.73799690969
8.34,100,0,3947.51880248898,80.634405947894,3,1.00120314238221,0.901203142382212,316.999137321277,285.680618686386
8.35,100,0,3949.32298064115,80.6788337628522,3,1.00120748059948,0.901207480599482,316.933982931346,285.623276273918
8.36,100,0,3951.12602133451,80.7232421841278,3,1.0012118170561,0.9012118170561,316.868869497541,285.565969648391
8.37,100,0,3952.92792534114,80.7676312175809,3,1.00121615175255,0.901216151752545,316.803796992224,285.508698785927
8.38,100,0,3954.72869343253,80.8120008690723,3,1.0012204846893,0.901220484689296,316.738765387785,285.451463662669
8.39,100,0,3956.52832637954,80.8563511444629,3,1.00122481586683,0.901224815866832,316.67377465663,285.394264254776
8.4,100,0,3958.32682495248,80.9006820496142,3,1.00122914528563,0.901229145285631,316.608824771187,285.337100538425
8.41,100,0,3960.12418992102,80.944993590388,3,1.00123347294617,0.901233472946173,316.543915703906,285.279972489812
8.42,100,0,3961.92042205426,80.9892857726466,3,1.00123779884894,0.901237798848937,316.479047427258,285.22288008515
8.43,100,0,3963.7155221207,81.0335586022528,3,1.0012421229944,0.901242122994402,316.414219913733,285.16582330067
8.44,100,0,3965.50949088823,81.0778120850696,3,1.00124644538304,0.901246445383045,316.349433135846,285.108802112622
8.45,100,0,3967.30232912415,81.1220462269607,3,1.00125076601535,0.901250766015346,316.28468706613,285.051816497274
8.46,100,0,3969.09403759518,81.16626103379,3,1.00125508489178,0.901255084891784,316.219981677141,284.99486643091
8.47,100,0,3970.88461706744,81.2104565114219,3,1.00125940201284,0.901259402012837,316.155316941453,284.937951889833
8.48,100,0,3972.67406830644,81.2546326657211,3,1.00126371737898,0.901263717378984,316.090692831663,284.881072850363
8.49,100,0,3974.46239207712,81.2987895025529,3,1.0012680309907,0.901268030990703,316.026109320389,284.82422928884
8.5,100,0,3976.24958914382,81.3429270277829,3,1.00127234284847,0.901272342848473,315.96156638027,284.767421181619
8.51,100,0,3978.03566027028,81.3870452472772,3,1.00127665295277,0.901276652952771,315.897063983965,284.710648505075
8.52,100,0,3979.82060621966,81.431144166902,3,1.00128096130408,0.901280961304078,315.832602104155,284.653911235601
8.53,100,0,3981.60442775452,81.4752237925243,3,1.00128526790287,0.901285267902871,315.76818071354,284.597209349605
8.54,100,0,3983.38712563685,81.5192841300113,3,1.00128957274963,0.901289572749627,315.703799784843,284.540542823515
8.55,100,0,3985.16870062803,81.5633251852307,3,1.00129387584483,0.901293875844827,315.639459290805,284.483911633775
8.56,100,0,3986.94915348885,81.6073469640504,3,1.00129817718895,0.901298177188947,315.575159204192,284.42731575685
8.57,100,0,3988.72848497954,81.6513494723388,3,1.00130247678247,0.901302476782466,315.510899497787,284.370755169219
8.58,100,0,3990.5066958597,81.6953327159649,3,1.00130677462586,0.901306774625862,315.446680144396,284.314229847382
8.59,100,0,3992.28378688839,81.7392967007977,3,1.00131107071961,0.901311070719613,315.382501116844,284.257739767852
8.6,100,0,3994.05975882405,81.783241432707,3,1.0013153650642,0.901315365064198,315.318362387978,284.201284907165
8.61,100,0,3995.83461242454,81.8271669175626,3,1.00131965766009,0.901319657660093,315.254263930666,284.144865241872
8.62,100,0,3997.60834844715,81.871073161235,3,1.00132394850778,0.901323948507778,315.190205717794,284.088480748541
8.63,100,0,3999.38096764857,81.9149601695949,3,1.00132823760773,0.90132823760773,315.126187722272,284.032131403758
8.64,100,0,4001.15284507322,81.9588279623138,3,1.00133252063405,0.901332520634048,315.062614910267,283.976180854625
8.65,100,0,4002.92496796438,82.0026767297273,3,1.00133678627666,0.901336786276662,315.000545637927,283.921579480684
8.66,100,0,4004.69687006097,82.0465066871414,3,1.00134104007489,0.901341040074894,314.939460872128,283.867861223111
8.67,100,0,4006.4682049493,82.0903179663692,3,1.00134528612676,0.90134528612676,314.878976958023,283.814681581531
8.68,100,0,4008.23876659141,82.1341106479694,3,1.00134952687232,0.901349526872325,314.818865621359,283.761835578294
8.69,100,0,4010.00843249188,82.1778847819988,3,1.00135376376529,0.901353763765295,314.758990963976,283.709201184346
8.7,100,0,4011.77712990026,82.2216404003524,3,1.00135799767225,0.901357997672254,314.699272036078,283.656705711355
8.71,100,0,4013.54481570169,82.2653775241062,3,1.00136222911013,0.901362229110133,314.63966059011,283.604305835957
8.72,100,0,4015.3114644457,82.3090961678878,3,1.00136645838752,0.901366458387518,314.580127851171,283.551975720303
8.73,100,0,4017.077061216,82.3527963424797,3,1.00137068568879,0.90137068568879,314.520656645374,283.49969994373
8.74,100,0,4018.84159738151,82.3964780563708,3,1.00137491112425,0.901374911124248,314.461236713769,283.447469294895
8.75,100,0,4020.605068063,82.4401413166808,3,1.00137913475998,0.901379134759983,314.401861921241,283.395278265496
8.76,100,0,4022.36747062192,82.4837861297123,3,1.00138335663569,0.901383356635687,314.342528593247,283.34312355673
8.77,100,0,4024.12880375846,82.52741250128,3,1.00138757677529,0.901387576775287,314.283234524127,283.291003188802
8.78,100,0,4025.88906697303,82.5710204369069,3,1.00139179519328,0.901391795193285,314.223978385555,283.238915969732
8.79,100,0,4027.64826024447,82.6146099419425,3,1.00139601189855,0.901396011898547,314.164759373477,283.186861178319
8.8,100,0,4029.40638383775,82.6581810216322,3,1.00140022689657,0.90140022689657,314.105576997293,283.134838374838
8.81,100,0,4031.16343818898,82.7017336811599,3,1.00140444019083,0.90140444019083,314.046430953903,283.082847287931
8.82,100,0,4032.91942383657,82.7452679256727,3,1.0014086517836,0.901408651783597,313.987321052435,283.030887747019
8.83,100,0,4034.67434138005,82.7887837602961,3,1.00141286167642,0.901412861676417,313.928247169218,282.978959641866
8.84,100,0,4036.42819145541,82.8322811901431,3,1.0014170698704,0.901417069870399,313.869209220842,282.92706289839
8.85,100,0,4038.18097472027,82.8757602203193,3,1.00142127636639,0.901421276366394,313.810207148041,282.87519746419
8.86,100,0,4039.93269184509,82.9192208559267,3,1.0014254811651,0.901425481165098,313.751240906029,282.823363299864
8.87,100,0,4041.68334350779,82.9626631020648,3,1.00142968426711,0.90142968426711,313.692310458716,282.771560373821
8.88,100,0,4043.4329303906,83.0060869638324,3,1.00143388567298,0.901433885672975,313.63341577524,282.719788659162
8.89,100,0,4045.18145317811,83.0494924463284,3,1.0014380853832,0.901438085383204,313.57455682788,282.66804813181
8.9,100,0,4046.92891255615,83.0928795546515,3,1.00144228339829,0.901442283398285,313.515733590813,282.616338769391
8.91,100,0,4048.67530921112,83.1362482939011,3,1.0014464797187,0.901446479718697,313.456946039368,282.564660550562
8.92,100,0,4050.42064382949,83.1795986691772,3,1.00145067434491,0.90145067434491,313.398194149561,282.513013454599
8.93,100,0,4052.16491709764,83.2229306855807,3,1.00145486727739,0.90145486727739,313.339477897841,282.461397461165
8.94,100,0,4053.90812970168,83.266244348213,3,1.0014590585166,0.9014590585166,313.280797260916,282.409812550155
8.95,100,0,4055.65028232731,83.3095396621764,3,1.001463248063,0.901463248063001,313.222152215658,282.358258701611
8.96,100,0,4057.39137565986,83.3528166325742,3,1.00146743591705,0.901467435917055,313.16354273905,282.306735895672
8.97,100,0,4059.13141038419,83.3960752645103,3,1.00147162207922,0.901471622079219,313.104968808141,282.255244112538
8.98,100,0,4060.87038718467,83.4393155630896,3,1.00147580654996,0.901475806549956,313.046430400028,282.20378333245
8.99,100,0,4062.60830674521,83.4825375334178,3,1.00147998932972,0.901479989329722,312.987927491849,282.152353535684
9,100,0,4064.34516974922,83.5257411806015,3,1.00148417041898,0.901484170418977,312.929460060766,282.100954702538
9.01,100,0,4066.08097687962,83.568926509748,3,1.00148834981818,0.901488349818181,312.871028083967,282.049586813333
9.02,100,0,4067.81572881883,83.6120935259656,3,1.00149252752779,0.901492527527792,312.81263153866,281.998249848407
9.03,100,0,4069.54942624878,83.6552422343634,3,1.00149670354827,0.901496703548269,312.754270402072,281.946943788112
9.04,100,0,4071.28206985088,83.6983726400513,3,1.00150087788007,0.901500877880071,312.695944651448,281.895668612818
9.05,100,0,4073.01366030607,83.7414847481402,3,1.00150505052366,0.901505050523656,312.637654264049,281.844424302909
9.06,100,0,4074.74419829478,83.7845785637415,3,1.00150922147948,0.901509221479482,312.579399217157,281.793210838784
9.07,100,0,4076.47368449693,83.8276540919678,3,1.00151339074801,0.90151339074801,312.521179488068,281.742028200855
9.08,100,0,4078.20211959198,83.8707113379324,3,1.0015175583297,0.901517558329696,312.462995054092,281.690876369549
9.09,100,0,4079.92950425885,83.9137503067494,3,1.001521724225,0.901521724225,312.404845892562,281.639755325308
9.1,100,0,4081.65583917598,83.9567710035338,3,1.00152588843438,0.90152588843438,312.346731980821,281.588665048585
9.11,100,0,4083.38112502133,83.9997734334013,3,1.00153005095829,0.901530050958295,312.288653296231,281.537605519849
9.12,100,0,4085.10536247234,84.0427576014686,3,1.0015342117972,0.901534211797203,312.230609816172,281.486576719582
9.13,100,0,4086.82855220598,84.085723512853,3,1.00153837095156,0.901538370951562,312.172601518038,281.435578628283
9.14,100,0,4088.55069489869,84.128671172673,3,1.00154252842183,0.901542528421831,312.114628379241,281.384611226461
9.15,100,0,4090.27179122646,84.1716005860475,3,1.00154668420847,0.901546684208469,312.056690377206,281.333674494639
9.16,100,0,4091.99184186475,84.2145117580966,3,1.00155083831193,0.901550838311933,311.998787489379,281.282768413356
9.17,100,0,4093.71084748854,84.2574046939408,3,1.00155499073268,0.901554990732681,311.940919693219,281.231892963164
9.18,100,0,4095.42880877231,84.3002793987019,3,1.00155914147117,0.901559141471173,311.883086966201,281.181048124628
9.19,100,0,4097.14572639008,84.343135877502,3,1.00156329052787,0.901563290527866,311.825289285818,281.130233878326
9.2,100,0,4098.86160101533,84.3859741354646,3,1.00156743790322,0.901567437903218,311.767526629579,281.079450204853
9.21,100,0,4100.57643332109,84.4287941777134,3,1.00157158359769,0.901571583597689,311.709798975006,281.028697084814
9.22,100,0,4102.29022397986,84.4715960093733,3,1.00157572761173,0.901575727611734,311.652106299644,280.977974498831
9.23,100,0,4104.00297366369,84.5143796355699,3,1.00157986994581,0.901579869945814,311.594448581047,280.927282427538
9.24,100,0,4105.71468304411,84.5571450614297,3,1.00158401060039,0.901584010600386,311.536825796789,280.876620851583
9.25,100,0,4107.42535279218,84.5998922920797,3,1.00158814957591,0.901588149575907,311.479237924459,280.825989751627
9.26,100,0,4109.13498357846,84.6426213326482,3,1.00159228687284,0.901592286872836,311.421684941663,280.775389108346
9.27,100,0,4110.84357607301,84.6853321882638,3,1.00159642249163,0.901596422491632,311.36416682602,280.724818902428
9.28,100,0,4112.55113094544,84.7280248640562,3,1.00160055643275,0.901600556432751,311.306683555171,280.674279114576
9.29,100,0,4114.25764886482,84.7706993651558,3,1.00160468869665,0.901604688696652,311.249235106767,280.623769725508
9.3,100,0,4115.96313049979,84.8133556966938,3,1.00160881928379,0.901608819283793,311.191821458478,280.573290715951
9.31,100,0,4117.66757651845,84.8559938638021,3,1.00161294819463,0.901612948194631,311.13444258799,280.522842066651
9.32,100,0,4119.37098758845,84.8986138716136,3,1.00161707542962,0.901617075429625,311.077098473005,280.472423758364
9.33,100,0,4121.07336437694,84.9412157252619,3,1.00162120098923,0.901621200989232,311.01978909124,280.422035771861
9.34,100,0,4122.77470755058,84.9837994298812,3,1.00162532487391,0.90162532487391,310.962514420429,280.371678087927
9.35,100,0,4124.47501777556,85.0263649906068,3,1.00162944708412,0.901629447084116,310.90527443832,280.321350687358
9.36,100,0,4126.17429571757,85.0689124125744,3,1.00163356762031,0.901633567620309,310.84806912268,280.271053550966
9.37,100,0,4127.87254204183,85.111441700921,3,1.00163768648295,0.901637686482946,310.790898451292,280.220786659579
9.38,100,0,4129.56975741307,85.1539528607838,3,1.00164180367249,0.901641803672485,310.733762401951,280.170549994033
9.39,100,0,4131.26594249553,85.1964458973012,3,1.00164591918938,0.901645919189383,310.676660952473,280.120343535181
9.4,100,0,4132.96109795297,85.2389208156122,3,1.0016500330341,0.901650033034099,310.619594080683,280.070167263886
9.41,100,0,4134.65522444868,85.2813776208566,3,1.00165414520709,0.901654145207088,310.562561764429,280.02002116103
9.42,100,0,4136.34832264546,85.3238163181749,3,1.00165825570881,0.901658255708811,310.505563981573,279.969905207505
9.43,100,0,4138.04039320562,85.3662369127086,3,1.00166236453972,0.901662364539722,310.448600709989,279.919819384217
9.44,100,0,4139.73143679101,85.4086394095996,3,1.00166647170028,0.901666471700281,310.391671927571,279.869763672084
9.45,100,0,4141.42145406297,85.4510238139909,3,1.00167057719094,0.901670577190944,310.334777612229,279.819738052041
9.46,100,0,4143.11044568239,85.493390131026,3,1.00167468101217,0.90167468101217,310.277917741886,279.769742505035
9.47,100,0,4144.79841230967,85.5357383658495,3,1.00167878316441,0.901678783164414,310.221092294483,279.719777012025
9.48,100,0,4146.48535460471,85.5780685236063,3,1.00168288364814,0.901682883648136,310.164301247975,279.669841553983
9.49,100,0,4148.17127322697,85.6203806094425,3,1.00168698246379,0.901686982463792,310.107544580334,279.619936111897
9.5,100,0,4149.8561688354,85.6626746285046,3,1.00169107961184,0.901691079611839,310.050822269547,279.570060666767
9.51,100,0,4151.54004208849,85.7049505859401,3,1.00169517509274,0.901695175092735,309.994134293619,279.520215199606
9.52,100,0,4153.22289364425,85.7472084868971,3,1.00169926890694,0.901699268906938,309.937480630567,279.47039969144
9.53,100,0,4154.90472416019,85.7894483365245,3,1.0017033610549,0.901703361054903,309.880861258426,279.420614123311
9.54,100,0,4156.58553429338,85.831670139972,3,1.00170745153709,0.901707451537089,309.824276155248,279.370858476272
9.55,100,0,4158.2653247004,85.87387390239,3,1.00171154035395,0.901711540353953,309.767725299098,279.32113273139
9.56,100,0,4159.94409603733,85.9160596289296,3,1.00171562750595,0.901715627505952,309.711208668058,279.271436869745
9.57,100,0,4161.62184895983,85.9582273247427,3,1.00171971299354,0.901719712993543,309.654726240224,279.221770872429
9.58,100,0,4163.29858412302,86.0003769949819,3,1.00172379681718,0.901723796817184,309.598277993711,279.172134720551
9.59,100,0,4164.97430218159,86.0425086448006,3,1.00172787897733,0.90172787897733,309.541863906647,279.12252839523
9.6,100,0,4166.64900378975,86.0846222793528,3,1.00173195947444,0.90173195947444,309.485483957177,279.0729518776
9.61,100,0,4168.32268960122,86.1267179037933,3,1.00173603830897,0.90173603830897,309.42913812346,279.023405148808
9.62,100,0,4169.99536026927,86.1687955232778,3,1.00174011548138,0.901740115481378,309.372826383671,278.973888190012
9.63,100,0,4171.66701644667,86.2108551429624,3,1.00174419099212,0.90174419099212,309.316548716003,278.924400982387
9.64,100,0,4173.33765878574,86.2528967680042,3,1.00174826484165,0.901748264841654,309.260305098661,278.874943507118
9.65,100,0,4175.00728793832,86.2949204035609,3,1.00175233703044,0.901752337030436,309.204095509867,278.825515745404
9.66,100,0,4176.67590455579,86.336926054791,3,1.00175640755892,0.901756407558923,309.14791992786,278.776117678461
9.67,100,0,4178.34350928903,86.3789137268536,3,1.00176047642757,0.901760476427572,309.091778330893,278.726749287512
9.68,100,0,4180.01010278849,86.4208834249086,3,1.00176454363684,0.901764543636841,309.035670697235,278.677410553797
9.69,100,0,4181.67568570411,86.4628351541167,3,1.00176860918718,0.901768609187185,308.97959700517,278.628101458569
9.7,100,0,4183.3402586854,86.5047689196391,3,1.00177267307906,0.901772673079062,308.923557232997,278.578821983092
9.71,100,0,4185.00382238136,86.5466847266378,3,1.00177673531293,0.901776735312928,308.867551359032,278.529572108646
9.72,100,0,4186.66637744056,86.5885825802757,3,1.00178079588924,0.901780795889241,308.811579361605,278.480351816521
9.73,100,0,4188.32792451107,86.6304624857161,3,1.00178485480846,0.901784854808456,308.755641219063,278.431161088024
9.74,100,0,4189.98846424052,86.6723244481233,3,1.00178891207103,0.901788912071032,308.699736909767,278.381999904472
9.75,100,0,4191.64799727605,86.714168472662,3,1.00179296767742,0.901792967677423,308.643866412093,278.332868247196
9.76,100,0,4193.30652426434,86.755994564498,3,1.00179702162809,0.901797021628088,308.588029704436,278.28376609754
9.77,100,0,4194.96404585162,86.7978027287973,3,1.00180107392348,0.901801073923482,308.532226765201,278.234693436862
9.78,100,0,4196.62056268362,86.839592970727,3,1.00180512456406,0.901805124564063,308.476457572813,278.185650246531
9.79,100,0,4198.27607540564,86.8813652954548,3,1.00180917355029,0.901809173550287,308.420722105709,278.136636507932
9.8,100,0,4199.93058466249,86.9231197081489,3,1.00181322088261,0.901813220882611,308.365020342344,278.087652202461
9.81,100,0,4201.58409109853,86.9648562139785,3,1.00181726656149,0.90181726656149,308.309352261187,278.038697311527
9.82,100,0,4203.23659535764,87.0065748181134,3,1.00182131058738,0.901821310587382,308.253717840721,277.989771816552
9.83,100,0,4204.88809808326,87.0482755257238,3,1.00182535296074,0.901825352960744,308.198117059447,277.940875698972
9.84,100,0,4206.53859991835,87.089958341981,3,1.00182939368203,0.90182939368203,308.142549895879,277.892008940236
9.85,100,0,4208.1881015054,87.1316232720567,3,1.0018334327517,0.9018334327517,308.087016328549,277.843171521804
9.86,100,0,4209.83660348646,87.1732703211235,3,1.00183747017021,0.901837470170207,308.031516336001,277.794363425152
9.87,100,0,4211.48410650309,87.2148994943545,3,1.00184150593801,0.90184150593801,307.976049896796,277.745584631766
9.88,100,0,4213.13061119642,87.2565107969234,3,1.00184554005556,0.901845540055564,307.920616989511,277.696835123147
9.89,100,0,4214.77611820709,87.298104234005,3,1.00184957252333,0.901849572523325,307.865217592737,277.64811488081
9.9,100,0,4216.4206281753,87.3396798107743,3,1.00185360334175,0.901853603341751,307.80985168508,277.599423886279
9.91,100,0,4218.06414174077,87.3812375324072,3,1.0018576325113,0.901857632511297,307.754519245161,277.550762121094
9.92,100,0,4219.70665954278,87.4227774040803,3,1.00186166003242,0.90186166003242,307.699220251619,277.502129566806
9.93,100,0,4221.34818222014,87.4642994309708,3,1.00186568590558,0.901865685905576,307.643954683104,277.453526204981
9.94,100,0,4222.98871041119,87.5058036182566,3,1.00186971013122,0.901869710131222,307.588722518283,277.404952017196
9.95,100,0,4224.62824475383,87.5472899711162,3,1.00187373270981,0.901873732709813,307.533523735839,277.356406985043
9.96,100,0,4226.2667858855,87.5887584947287,3,1.00187775364181,0.901877753641805,307.47835831447,277.307891090124
9.97,100,0,4227.90433444317,87.6302091942742,3,1.00188177292766,0.901881772927656,307.423226232888,277.259404314056
9.98,100,0,4229.54089106337,87.671642074933,3,1.00188579056782,0.90188579056782,307.368127469819,277.210946638469
9.99,100,0,4231.17645638214,87.7130571418865,3,1.00188980656276,0.901889806562756,307.313062004009,277.162518045004
10,100,0,4232.8110310351,87.7544544003164,3,1.00189382091292,0.901893820912917,307.258029814213,277.114118515316
10.01,100,0,4234.4446156574,87.7958338554052,3,1.00189783361876,0.901897833618761,307.203030879206,277.065748031073
10.02,100,0,4236.07721088373,87.8371955123361,3,1.00190184468074,0.901901844680744,307.148065177774,277.017406573956
10.03,100,0,4237.70881734832,87.8785393762929,3,1.00190585409932,0.901905854099321,307.093132688721,276.969094125657
10.04,100,0,4239.33943568496,87.91986545246,3,1.00190986187495,0.901909861874949,307.038233390864,276.920810667883
10.05,100,0,4240.96906652698,87.9611737460225,3,1.00191386800808,0.901913868008084,306.983367263038,276.872556182353
10.06,100,0,4242.59771050725,88.0024642621662,3,1.00191787249918,0.901917872499182,306.92853428409,276.824330650798
10.07,100,0,4244.22536825818,88.0437370060773,3,1.0019218753487,0.901921875348698,306.873734432881,276.776134054962
10.08,100,0,4245.85204041175,88.084991982943,3,1.00192587655709,0.90192587655709,306.818967688291,276.727966376603
10.09,100,0,4247.47772759947,88.1262291979508,3,1.00192987612481,0.901929876124812,306.764234029212,276.67982759749
10.1,100,0,4249.1024304524,88.1674486562892,3,1.00193387405232,0.901933874052321,306.709533434552,276.631717699405
10.11,100,0,4250.72614960114,88.2086503631469,3,1.00193787034007,0.901937870340072,306.654865883234,276.583636664144
10.12,100,0,4252.34888567585,88.2498343237135,3,1.00194186498852,0.901941864988521,306.600231354194,276.535584473514
10.13,100,0,4253.97063930625,88.2910005431793,3,1.00194585799813,0.901945857998125,306.545629826387,276.487561109336
10.14,100,0,4255.59141112157,88.332149026735,3,1.00194984936934,0.90194984936934,306.491061278779,276.439566553443
10.15,100,0,4257.21120175063,88.3732797795721,3,1.00195383910262,0.90195383910262,306.436525690351,276.391600787681
10.16,100,0,4258.83001182178,88.4143928068826,3,1.00195782719842,0.901957827198422,306.382023040102,276.343663793907
10.17,100,0,4260.44784196292,88.4554881138593,3,1.0019618136572,0.901961813657201,306.327553307044,276.295755553994
10.18,100,0,4262.06469280151,88.4965657056953,3,1.00196579847941,0.901965798479414,306.273116470203,276.247876049826
10.19,100,0,4263.68056496456,88.5376255875848,3,1.00196978166552,0.901969781665516,306.218712508623,276.200025263298
10.2,100,0,4265.29545907861,88.5786677647221,3,1.00197376321596,0.901973763215963,306.164341401356,276.152203176318
10.21,100,0,4266.90937576978,88.6196922423024,3,1.00197774313121,0.90197774313121,306.110003127478,276.10440977081
10.22,100,0,4268.52231566373,88.6606990255216,3,1.00198172141171,0.901981721411714,306.055697666071,276.056645028706
10.23,100,0,4270.13427938567,88.7016881195759,3,1.00198569805793,0.901985698057929,306.001424996239,276.008908931954
10.24,100,0,4271.74526756037,88.7426595296624,3,1.00198967307031,0.901989673070312,305.947185097095,275.961201462511
10.25,100,0,4273.35528081216,88.7836132609786,3,1.00199364644932,0.901993646449319,305.892977947771,275.913522602351
10.26,100,0,4274.96431976489,88.8245493187228,3,1.0019976181954,0.901997618195404,305.83880352741,275.865872333456
10.27,100,0,4276.57238504201,88.8654677080937,3,1.00200158830902,0.902001588309023,305.784661815175,275.818250637826
10.28,100,0,4278.17947726649,88.9063684342908,3,1.00200555679063,0.902005556790633,305.730552790238,275.770657497467
10.29,100,0,4279.78559706088,88.947251502514,3,1.00200952364069,0.902009523640688,305.676476431789,275.723092894402
10.3,100,0,4281.39074504727,88.9881169179639,3,1.00201348885964,0.902013488859644,305.622432719031,275.675556810665
10.31,100,0,4282.9949218473,89.0289646858417,3,1.00201745244796,0.902017452447957,305.568421631184,275.628049228304
10.32,100,0,4284.59812808218,89.0697948113493,3,1.00202141440608,0.902021414406082,305.514443147481,275.580570129377
10.33,100,0,4286.20036437268,89.1106072996889,3,1.00202537473447,0.902025374734474,305.460497247167,275.533119495955
10.34,100,0,4287.80163133912,89.1514021560635,3,1.00202933343359,0.902029333433589,305.406583909508,275.485697310123
10.35,100,0,4289.40192960137,89.1921793856767,3,1.00203329050388,0.902033290503883,305.352703113779,275.438303553977
10.36,100,0,4291.00125977887,89.2329389937326,3,1.00203724594581,0.902037245945811,305.298854839273,275.390938209628
10.37,100,0,4292.5996224906,89.2736809854359,3,1.00204119975983,0.902041199759829,305.245039065295,275.343601259194
10.38,100,0,4294.19701835513,89.3144053659919,3,1.00204515194639,0.902045151946391,305.191255771166,275.296292684811
10.39,100,0,4295.79344799056,89.3551121406065,3,1.00204910250595,0.902049102505953,305.137504936222,275.249012468625
10.4,100,0,4297.38891201457,89.3958013144861,3,1.00205305143897,0.90205305143897,305.083786539812,275.201760592793
10.41,100,0,4298.98341104438,89.4364728928378,3,1.0020569987459,0.902056998745899,305.030100561301,275.154537039487
10.42,100,0,4300.57694569679,89.4771268808691,3,1.00206094442719,0.902060944427194,304.976446980068,275.10734179089
10.43,100,0,4302.16951658814,89.5177632837883,3,1.00206488848331,0.902064888483309,304.922825775507,275.060174829198
10.44,100,0,4303.76112433435,89.558382106804,3,1.0020688309147,0.902068830914702,304.869236927026,275.01303613662
10.45,100,0,4305.35176955089,89.5989833551255,3,1.00207277172183,0.902072771721827,304.815680414046,274.965925695373
10.46,100,0,4306.9414528528,89.6395670339628,3,1.00207671090514,0.902076710905139,304.762156216005,274.918843487692
10.47,100,0,4308.53017485467,89.6801331485263,3,1.00208064846509,0.902080648465094,304.708664312355,274.871789495821
10.48,100,0,4310.11793617067,89.720681704027,3,1.00208458440215,0.902084584402146,304.655204682561,274.824763702019
10.49,100,0,4311.70473741451,89.7612127056764,3,1.00208851871675,0.902088518716751,304.601777306104,274.777766088553
10.5,100,0,4313.29057919949,89.8017261586866,3,1.00209245140936,0.902092451409364,304.548382162478,274.730796637706
10.51,100,0,4314.87546213846,89.8422220682703,3,1.00209638248044,0.902096382480441,304.495019231193,274.683855331771
10.52,100,0,4316.45938684383,89.8827004396407,3,1.00210031193044,0.902100311930435,304.441688491773,274.636942153057
10.53,100,0,4318.04235392757,89.9231612780116,3,1.0021042397598,0.902104239759804,304.388389923753,274.590057083878
10.54,100,0,4319.62436400124,89.9636045885973,3,1.002108165969,0.902108165969001,304.335123506689,274.543200106569
10.55,100,0,4321.20541767593,90.0040303766128,3,1.00211209055848,0.902112090558482,304.281889220146,274.49637120347
10.56,100,0,4322.78551556234,90.0444386472733,3,1.0021160135287,0.902116013528702,304.228687043705,274.449570356938
10.57,100,0,4324.36465827069,90.0848294057949,3,1.00211993488012,0.902119934880116,304.175516956962,274.40279754934
10.58,100,0,4325.9428464108,90.125202657394,3,1.00212385461318,0.902123854613178,304.122378939526,274.356052763055
10.59,100,0,4327.52008059204,90.1655584072878,3,1.00212777272834,0.902127772728345,304.069272971022,274.309335980475
10.6,100,0,4329.09636142335,90.2058966606937,3,1.00213168922607,0.902131689226071,304.016199031088,274.262647184004
10.61,100,0,4330.67168951323,90.2462174228299,3,1.00213560410681,0.90213560410681,303.963157099376,274.215986356059
10.62,100,0,4332.24606546978,90.2865206989151,3,1.00213951737102,0.902139517371019,303.910147155553,274.169353479066
10.63,100,0,4333.81948990063,90.3268064941684,3,1.00214342901915,0.902143429019152,303.857169179301,274.122748535467
10.64,100,0,4335.391963413,90.3670748138095,3,1.00214733905166,0.902147339051663,303.804223150315,274.076171507714
10.65,100,0,4336.96348661366,90.4073256630587,3,1.00215124746901,0.902151247469008,303.751309048303,274.029622378271
10.66,100,0,4338.53406010898,90.4475590471367,3,1.00215515427164,0.902155154271643,303.698426852993,273.983101129617
10.67,100,0,4340.10368450488,90.4877749712648,3,1.00215905946002,0.902159059460021,303.645576544119,273.936607744238
10.68,100,0,4341.67236040684,90.5279734406649,3,1.0021629630346,0.902162963034597,303.592758101436,273.890142204637
10.69,100,0,4343.24008841994,90.5681544605592,3,1.00216686499583,0.902166864995827,303.539971504707,273.843704493325
10.7,100,0,4344.80686914881,90.6083180361707,3,1.00217076534417,0.902170765344165,303.487216733717,273.797294592828
10.71,100,0,4346.37270319766,90.6484641727226,3,1.00217466408007,0.902174664080067,303.434493768259,273.750912485684
10.72,100,0,4347.93759117025,90.6885928754389,3,1.00217856120399,0.902178561203986,303.381802588141,273.704558154441
10.73,100,0,4349.50153366995,90.728704149544,3,1.00218245671638,0.902182456716378,303.329143173188,273.658231581661
10.74,100,0,4351.06453129968,90.7687980002627,3,1.0021863506177,0.902186350617698,303.276515503236,273.611932749917
10.75,100,0,4352.62658466192,90.8088744328205,3,1.0021902429084,0.9021902429084,303.223919558137,273.565661641793
10.76,100,0,4354.18769435876,90.8489334524432,3,1.00219413358894,0.902194133588939,303.171355317756,273.519418239887
10.77,100,0,4355.74786099184,90.8889750643574,3,1.00219802265977,0.90219802265977,303.118822761974,273.47320252681
10.78,100,0,4357.30708516236,90.9289992737899,3,1.00220191012135,0.902201910121348,303.066321870683,273.427014485181
10.79,100,0,4358.86536747112,90.9690060859682,3,1.00220579597413,0.902205795974127,303.01385262379,273.380854097634
10.8,100,0,4360.4227085185,91.0089955061201,3,1.00220968021856,0.902209680218562,302.961415001221,273.334721346814
10.81,100,0,4361.97910890442,91.0489675394742,3,1.00221356285511,0.902213562855107,302.909008982907,273.288616215378
10.82,100,0,4363.53456922842,91.0889221912593,3,1.00221744388422,0.902217443884218,302.856634548801,273.242538685996
10.83,100,0,4365.08909008957,91.1288594667048,3,1.00222132330635,0.90222132330635,302.804291678866,273.196488741348
10.84,100,0,4366.64267208655,91.1687793710407,3,1.00222520112196,0.902225201121955,302.751980353079,273.150466364127
10.85,100,0,4368.1953158176,91.2086819094972,3,1.00222907733149,0.90222907733149,302.699700551432,273.104471537037
10.86,100,0,4369.74702188055,91.2485670873055,3,1.00223295193541,0.902232951935409,302.647452253933,273.058504242797
10.87,100,0,4371.2977908728,91.2884349096966,3,1.00223682493417,0.902236824934167,302.5952354406,273.012564464134
10.88,100,0,4372.84762339133,91.3282853819026,3,1.00224069632822,0.902240696328218,302.543050091468,272.966652183789
10.89,100,0,4374.39652003269,91.3681185091558,3,1.00224456611802,0.902244566118016,302.490896186583,272.920767384514
10.9,100,0,4375.94448139301,91.4079342966888,3,1.00224843430402,0.902248434304017,302.438773706009,272.874910049073
10.91,100,0,4377.49150806802,91.4477327497352,3,1.00225230088667,0.902252300886674,302.38668262982,272.829080160244
10.92,100,0,4379.037600653,91.4875138735285,3,1.00225616586644,0.902256165866443,302.334622938107,272.783277700813
10.93,100,0,4380.58275974283,91.527277673303,3,1.00226002924378,0.902260029243777,302.282594610972,272.73750265358
10.94,100,0,4382.12698593195,91.5670241542935,3,1.00226389101913,0.902263891019132,302.230597628532,272.691755001357
10.95,100,0,4383.67027981441,91.6067533217351,3,1.00226775119296,0.902267751192962,302.178631970921,272.646034726968
10.96,100,0,4385.21264198381,91.6464651808635,3,1.00227160976572,0.902271609765721,302.126697618282,272.600341813248
10.97,100,0,4386.75407303336,91.6861597369147,3,1.00227546673786,0.902275466737863,302.074794550774,272.554676243043
10.98,100,0,4388.29457355582,91.7258369951253,3,1.00227932210984,0.902279322109844,302.02292274857,272.509037999213
10.99,100,0,4389.83414414355,91.7654969607324,3,1.00228317588212,0.902283175882118,301.971082191856,272.463427064628
11,100,0,4391.37278538851,91.8051396389735,3,1.00228702805514,0.902287028055138,301.919272860835,272.417843422171
11.01,100,0,4392.9104978822,91.8447650350865,3,1.00229087862936,0.90229087862936,301.86749473572,272.372287054736
11.02,100,0,4394.44728221574,91.8843731543098,3,1.00229472760524,0.902294727605237,301.815747796737,272.326757945228
11.03,100,0,4395.98313897981,91.9239640018823,3,1.00229857498322,0.902298574983225,301.76403202413,272.281256076565
11.04,100,0,4397.51806876468,91.9635375830433,3,1.00230242076378,0.902302420763777,301.712347398155,272.235781431677
11.05,100,0,4399.05207216023,92.0030939030326,3,1.00230626494735,0.902306264947348,301.66069389908,272.190333993504
11.06,100,0,4400.58304680696,92.0426329124774,3,1.00231013011486,0.902310130114857,301.607245125849,272.143272593089
11.07,100,0,4402.09513236633,92.0821531611792,3,1.00231418597523,0.90231418597523,301.538278941616,272.082266703576
11.08,100,0,4403.59058756223,92.1216519512019,3,1.00231840672749,0.902318406727486,301.455890625601,272.009198927908
11.09,100,0,4405.07481640358,92.1611274236641,3,1.00232273324287,0.902322733242867,301.364867518021,271.928370962235
11.1,100,0,4406.55131053976,92.2005783843539,3,1.00232712733362,0.902327127333622,301.268300179187,271.842559857369
11.11,100,0,4408.02232687342,92.2400040681847,3,1.00233156432866,0.902331564328662,301.168184143311,271.753558724056
11.12,100,0,4409.48932488351,92.279403987185,3,1.00233602828371,0.902336028283707,301.065808235309,271.662525655073
11.13,100,0,4410.9532489019,92.3187778323859,3,1.00234050889059,0.902340508890587,300.96200510381,271.570208842103
11.14,100,0,4412.41471035422,92.3581254104833,3,1.00234499948243,0.902344999482432,300.85731286196,271.477091818711
11.15,100,0,4413.87410545089,92.3974466029368,3,1.00234949574577,0.902349495745775,300.752079392669,271.383487184468
11.16,100,0,4415.33169121761,92.4367413395484,3,1.00235399488877,0.902353994888768,300.646529672614,271.289597099528
11.17,100,0,4416.78763463026,92.4760095813897,3,1.00235849510377,0.902358495103775,300.540809240073,271.195552343143
11.18,100,0,4418.24204438065,92.5152513097644,3,1.00236299522002,0.902362995220019,300.435012269724,271.101437540671
11.19,100,0,4419.69499142115,92.5544665190709,3,1.00236749447899,0.902367494478994,300.329199712192,271.007307463172
11.2,100,0,4421.14652225734,92.593655212184,3,1.00237199238918,0.90237199238918,300.223411018798,270.913197562908
11.21,100,0,4422.59666755206,92.6328173974667,3,1.00237648863203,0.902376488632032,300.117671723019,270.819130785839
11.22,100,0,4424.04544769677,92.6719530868344,3,1.00238098300112,0.902380983001116,300.011998344786,270.725121978497
11.23,100,0,4425.49287642085,92.7110622945018,3,1.00238547536269,0.902385475362691,299.906401564255,270.631180739875
11.24,100,0,4426.93896313049,92.7501450361703,3,1.00238996563017,0.90238996563017,299.800888276529,270.537313267752
11.25,100,0,4428.38371442525,92.7892013285016,3,1.00239445374757,0.902394453747566,299.695462922436,270.443523554516
11.26,100,0,4429.82713508156,92.8282311887761,3,1.00239893967876,0.902398939678758,299.590128350789,270.349814161975
11.27,100,0,4431.26922869098,92.8672346346713,3,1.00240342340053,0.902403423400525,299.484886377296,270.256186723589
11.28,100,0,4432.70999807443,92.906211684118,3,1.00240790489803,0.902407904898032,299.379738147004,270.162642270159
11.29,100,0,4434.14944555124,92.9451623552067,3,1.00241238416189,0.90241238416189,299.274684369413,270.069181441099
11.3,100,0,4435.58757311393,92.9840866661276,3,1.00241686118625,0.902416861186253,299.169725471075,269.97580462156
11.31,100,0,4437.02438254182,93.0229846351302,3,1.00242133596758,0.902421335967583,299.064861694662,269.882512031457
11.32,100,0,4438.45987547484,93.0618562804987,3,1.00242580850384,0.902425808503838,298.96009316332,269.789303783292
11.33,100,0,4439.8940534616,93.1007016205345,3,1.00243027879396,0.902430278793956,298.855419922472,269.696179919721
11.34,100,0,4441.32691799065,93.1395206735459,3,1.00243474683751,0.902434746837508,298.750841967011,269.603140437991
11.35,100,0,4442.75847051083,93.1783134578408,3,1.00243921263448,0.902439212634481,298.646359258963,269.510185305813
11.36,100,0,4444.18871244453,93.2170799917221,3,1.00244367618513,0.902443676185133,298.541971738997,269.417314471699
11.37,100,0,4445.61764519629,93.255820293485,3,1.0024481374899,0.902448137489897,298.4376793339,269.324527871685
11.38,100,0,4447.04527015847,93.2945343814147,3,1.00245259654932,0.902452596549322,298.333481961456,269.231825433716
11.39,100,0,4448.47158871492,93.3332222737853,3,1.00245705336403,0.90245705336403,298.229379533615,269.139207080489
11.4,100,0,4449.89660224335,93.3718839888589,3,1.00246150793469,0.902461507934693,298.125371958566,269.046672731319
11.41,100,0,4451.32031211689,93.4105195448853,3,1.00246596026202,0.902465960262017,298.021459142078,268.954222303342
11.42,100,0,4452.74271970514,93.4491289601014,3,1.00247041034673,0.902470410346725,297.917640988387,268.861855712318
11.43,100,0,4454.16382637485,93.4877122527312,3,1.00247485818956,0.902474858189558,297.813917400765,268.769572873132
11.44,100,0,4455.58363349028,93.5262694409854,3,1.00247930379126,0.902479303791263,297.710288281891,268.677373700137
11.45,100,0,4457.00214241358,93.5648005430613,3,1.00248374715259,0.902483747152594,297.606753534105,268.585258107378
11.46,100,0,4458.41935450491,93.6033055771434,3,1.00248818827431,0.902488188274308,297.503313059559,268.493226008726
11.47,100,0,4459.83527112261,93.6417845614023,3,1.00249262715717,0.902492627157166,297.399966760323,268.401277317977
11.48,100,0,4461.24989362325,93.6802375139956,3,1.00249706380193,0.902497063801929,297.296714538454,268.309411948915
11.49,100,0,4462.66322336169,93.7186644530674,3,1.00250149820936,0.902501498209361,297.193556296041,268.217629815345
11.5,100,0,4464.07526169114,93.7570653967485,3,1.00250593038023,0.902505930380226,297.090491935234,268.125930831127
11.51,100,0,4465.48600996314,93.7954403631564,3,1.00251036031529,0.902510360315286,296.987521358259,268.034314910186
11.52,100,0,4466.89546952763,93.8337893703951,3,1.00251478801531,0.902514788015308,296.884644467438,267.94278196653
11.53,100,0,4468.30364173291,93.8721124365553,3,1.00251921348106,0.902519213481057,296.781861165188,267.85133191425
11.54,100,0,4469.71052792569,93.9104095797144,3,1.0025236367133,0.902523636713295,296.679171354037,267.759964667532
11.55,100,0,4471.11612945107,93.9486808179365,3,1.00252805771279,0.902528057712791,296.576574936613,267.668680140653
11.56,100,0,4472.52044765256,93.9869261692724,3,1.00253247648031,0.902532476480307,296.47407181566,267.577478247988
11.57,100,0,4473.92348387208,94.0251456517594,3,1.00253689301661,0.902536893016611,296.371661894034,267.486358904011
11.58,100,0,4475.32523944995,94.0633392834219,3,1.00254130732247,0.902541307322466,296.2693450747,267.395322023291
11.59,100,0,4476.72571572491,94.1015070822705,3,1.00254571939864,0.902545719398639,296.167121260739,267.304367520498
11.6,100,0,4478.12491403411,94.1396490663029,3,1.00255012924589,0.902550129245895,296.064990355343,267.2134953104
11.61,100,0,4479.52283571314,94.1777652535035,3,1.002554536865,0.902554536865,295.96295226182,267.122705307865
11.62,100,0,4480.91948209598,94.2158556618433,3,1.00255894225672,0.902558942256718,295.861006883588,267.031997427859
11.63,100,0,4482.31485451506,94.2539203092802,3,1.00256334542182,0.902563345421817,295.759154124184,266.94137158545
11.64,100,0,4483.70895430122,94.2919592137587,3,1.00256774636106,0.902567746361061,295.657393887252,266.850827695801
11.65,100,0,4485.10178278373,94.3299723932103,3,1.00257214507522,0.902572145075216,295.555726076552,266.760365674177
11.66,100,0,4486.4933412903,94.3679598655531,3,1.00257654156505,0.902576541565048,295.454150595959,266.66998543594
11.67,100,0,4487.88363114706,94.4059216486921,3,1.00258093583132,0.902580935831323,295.352667349461,266.579686896554
11.68,100,0,4489.27265367857,94.4438577605191,3,1.00258532787481,0.902585327874807,295.251276241152,266.489469971576
11.69,100,0,4490.66041020785,94.4817682189127,3,1.00258971769627,0.902589717696266,295.14997717525,266.399334576668
11.7,100,0,4492.04690205632,94.5196530417383,3,1.00259410529646,0.902594105296464,295.048770056076,266.309280627586
11.71,100,0,4493.43213054388,94.5575122468483,3,1.00259849067617,0.90259849067617,294.947654788068,266.219308040186
11.72,100,0,4494.81609698885,94.5953458520817,3,1.00260287383615,0.902602873836148,294.846631275776,266.129416730423
11.73,100,0,4496.19880270799,94.6331538752646,3,1.00260725477716,0.902607254777165,294.745699423863,266.039606614348
11.74,100,0,4497.58024901651,94.6709363342099,3,1.00261163349999,0.902611633499986,294.644859137101,265.949877608112
11.75,100,0,4498.96043722809,94.7086932467172,3,1.00261601000538,0.902616010005378,294.544110320377,265.860229627963
11.76,100,0,4500.33936865483,94.7464246305734,3,1.00262038429411,0.902620384294107,294.443452878689,265.770662590246
11.77,100,0,4501.7170446073,94.7841305035519,3,1.00262475636694,0.90262475636694,294.342886717144,265.681176411404
11.78,100,0,4503.09346639451,94.8218108834132,3,1.00262912622464,0.902629126224642,294.242411740965,265.591771007978
11.79,100,0,4504.46863532394,94.8594657879048,3,1.00263349386798,0.90263349386798,294.142027855483,265.502446296607
11.8,100,0,4505.84255270153,94.897095234761,3,1.00263785929772,0.902637859297721,294.041734966141,265.413202194025
11.81,100,0,4507.21521983166,94.9346992417031,3,1.00264222251463,0.90264222251463,293.941532978494,265.324038617065
11.82,100,0,4508.58663801719,94.9722778264394,3,1.00264658351947,0.902646583519475,293.841421798207,265.234955482657
11.83,100,0,4509.95680855945,95.009831006665,3,1.00265094231302,0.902650942313021,293.741401331055,265.145952707824
11.84,100,0,4511.32573275822,95.0473588000623,3,1.00265529889603,0.902655298896035,293.641471482926,265.057030209692
11.85,100,0,4512.69341191175,95.0848612243004,3,1.00265965326928,0.902659653269284,293.541632159817,264.96818790548
11.86,100,0,4514.05984731678,95.1223382970356,3,1.00266400543353,0.902664005433534,293.441883267834,264.879425712503
11.87,100,0,4515.42504026849,95.159790035911,3,1.00266835538955,0.902668355389553,293.342224713196,264.790743548174
11.88,100,0,4516.78899206056,95.1972164585568,3,1.00267270313811,0.902672703138106,293.24265640223,264.70214133
11.89,100,0,4518.15170398513,95.2346175825905,3,1.00267704867996,0.902677048679961,293.143178241373,264.613618975586
11.9,100,0,4519.51317733284,95.2719934256162,3,1.00268139201588,0.902681392015884,293.043790137172,264.525176402633
11.91,100,0,4520.8734133928,95.3093440052254,3,1.00268573314664,0.902685733146642,292.944491996285,264.436813528937
11.92,100,0,4522.23241345258,95.3466693389965,3,1.002690072073,0.902690072073002,292.845283725477,264.34853027239
11.93,100,0,4523.59017879826,95.3839694444951,3,1.00269440879573,0.902694408795731,292.746165231626,264.26032655098
11.94,100,0,4524.94671071441,95.4212443392736,3,1.0026987433156,0.902698743315596,292.647136421714,264.172202282789
11.95,100,0,4526.30201048407,95.4584940408719,3,1.00270307563336,0.902703075633363,292.548197202837,264.084157385996
11.96,100,0,4527.65607938878,95.4957185668166,3,1.0027074057498,0.902707405749801,292.449347482197,263.996191778876
11.97,100,0,4529.00891870856,95.5329179346218,3,1.00271173366568,0.902711733665675,292.350587167105,263.908305379795
11.98,100,0,4530.36052972195,95.5700921617885,3,1.00271605938175,0.902716059381753,292.251916164982,263.820498107219
11.99,100,0,4531.71091370597,95.6072412658048,3,1.0027203828988,0.902720382898803,292.153334383356,263.732769879705
12,100,0,4533.06007193612,95.6443652641461,3,1.00272470421759,0.902724704217591,292.054841729865,263.645120615908
12.01,100,0,4534.40800568644,95.6814641742749,3,1.00272902333888,0.902729023338884,291.956438112253,263.557550234574
12.02,100,0,4535.75471622944,95.7185380136409,3,1.00273334026345,0.902733340263451,291.858123438374,263.470058654546
12.03,100,0,4537.10020483614,95.7555867996808,3,1.00273765499206,0.902737654992057,291.759897616188,263.382645794761
12.04,100,0,4538.44447277608,95.7926105498187,3,1.00274196752547,0.902741967525472,291.661760553767,263.295311574251
12.05,100,0,4539.78752131729,95.8296092814658,3,1.00274627786446,0.902746277864461,291.563712159284,263.208055912139
12.06,100,0,4541.12935172632,95.8665830120206,3,1.00275058600979,0.902750586009792,291.465752341026,263.120878727646
12.07,100,0,4542.46996526823,95.9035317588687,3,1.00275489196223,0.902754891962234,291.367881007381,263.033779940083
12.08,100,0,4543.8093632066,95.940455539383,3,1.00275919572255,0.902759195722552,291.270098066851,262.946759468859
12.09,100,0,4545.1475468035,95.9773543709236,3,1.00276349729152,0.902763497291516,291.17240342804,262.859817233473
12.1,100,0,4546.48451731956,96.0142282708379,3,1.00276779666989,0.902767796669892,291.074796999661,262.77295315352
12.11,100,0,4547.82027601389,96.0510772564606,3,1.00277209385845,0.902772093858449,290.977278690534,262.686167148687
12.12,100,0,4549.15482414414,96.0879013451135,3,1.00277638885795,0.902776388857953,290.879848409584,262.599459138753
12.13,100,0,4550.48816296647,96.1247005541059,3,1.00278068166917,0.902780681669173,290.782506065845,262.512829043594
12.14,100,0,4551.8202937356,96.1614749007341,3,1.00278497229288,0.902784972292876,290.685251568456,262.426276783176
12.15,100,0,4553.15121770473,96.1982244022821,3,1.00278926072983,0.90278926072983,290.588084826662,262.339802277559
12.16,100,0,4554.48093612562,96.2349490760209,3,1.0027935469808,0.902793546980803,290.491005749814,262.253405446895
12.17,100,0,4555.80945024856,96.2716489392089,3,1.00279783104656,0.902797831046563,290.394014247369,262.167086211429
12.18,100,0,4557.13676132235,96.3083240090919,3,1.00280211292788,0.902802112927877,290.297110228892,262.080844491501
12.19,100,0,4558.46287059434,96.344974302903,3,1.00280639262551,0.902806392625515,290.200293604051,261.994680207538
12.2,100,0,4559.78777931043,96.3815998378626,3,1.00281067014024,0.902810670140243,290.103564282619,261.908593280065
12.21,100,0,4561.11148871504,96.4182006311785,3,1.00281494547283,0.902814945472829,290.006922174478,261.822583629695
12.22,100,0,4562.43400005113,96.454776700046,3,1.00281921862404,0.902819218624043,289.910367189613,261.736651177136
12.23,100,0,4563.75531456021,96.4913280616475,3,1.00282348959465,0.902823489594651,289.813899238114,261.650795843187
12.24,100,0,4565.07543348234,96.5278547331531,3,1.00282775838542,0.902827758385422,289.717518230177,261.565017548738
12.25,100,0,4566.39435805611,96.5643567317201,3,1.00283202499712,0.902832024997124,289.621224076102,261.479316214773
12.26,100,0,4567.71208951867,96.6008340744933,3,1.00283628943053,0.902836289430526,289.525016686293,261.393691762364
12.27,100,0,4569.02862910571,96.6372867786049,3,1.0028405516864,0.902840551686395,289.428895971261,261.308144112678
12.28,100,0,4570.34397805149,96.6737148611746,3,1.0028448117655,0.9028448117655,289.33286184162,261.222673186971
12.29,100,0,4571.6581375888,96.7101183393094,3,1.00284906966861,0.90284906966861,289.236914208088,261.137278906592
12.3,100,0,4572.971108949,96.7464972301038,3,1.00285332539649,0.902853325396492,289.141052981489,261.051961192981
12.31,100,0,4574.28289336201,96.7828515506399,3,1.00285757894992,0.902857578949916,289.045278072748,260.966719967666
12.32,100,0,4575.5934920563,96.8191813179872,3,1.00286183032965,0.902861830329648,288.949589392897,260.881555152271
12.33,100,0,4576.90290625891,96.8554865492025,3,1.00286607953646,0.902866079536459,288.85398685307,260.796466668507
12.34,100,0,4578.21113719543,96.8917672613304,3,1.00287032657112,0.902870326571117,288.758470364504,260.711454438176
12.35,100,0,4579.51818609002,96.9280234714028,3,1.00287457143439,0.902874571434389,288.663039838543,260.626518383172
12.36,100,0,4580.82405416543,96.9642551964392,3,1.00287881412705,0.902878814127045,288.56769518663,260.541658425479
12.37,100,0,4582.12874264293,97.0004624534466,3,1.00288305464985,0.902883054649853,288.472436320316,260.456874487173
12.38,100,0,4583.43225274242,97.0366452594195,3,1.00288729300358,0.902887293003583,288.377263151251,260.372166490415
12.39,100,0,4584.73458568231,97.07280363134,3,1.002891529189,0.902891529189002,288.282175591189,260.287534357461
12.4,100,0,4586.03574267964,97.1089375861777,3,1.00289576320688,0.902895763206879,288.187173551989,260.202978010657
12.41,100,0,4587.33572494999,97.1450471408899,3,1.00289999505798,0.902899995057984,288.09225694561,260.118497372434
12.42,100,0,4588.63453370753,97.1811323124212,3,1.00290422474308,0.902904224743084,287.997425684114,260.034092365319
12.43,100,0,4589.93217016501,97.2171931177041,3,1.00290845226295,0.90290845226295,287.902679679668,259.949762911925
12.44,100,0,4591.22863553375,97.2532295736585,3,1.00291267761835,0.902912677618349,287.80801884454,259.865508934956
12.45,100,0,4592.52393102369,97.289241697192,3,1.00291690081005,0.902916900810051,287.713443091098,259.781330357203
12.46,100,0,4593.8180578433,97.3252295051997,3,1.00292112183882,0.902921121838825,287.618952331814,259.697227101549
12.47,100,0,4595.11101719969,97.3611930145644,3,1.00292534070544,0.902925340705439,287.524546479264,259.613199090966
12.48,100,0,4596.40281029852,97.3971322421565,3,1.00292955741066,0.902929557410663,287.43022544612,259.529246248512
12.49,100,0,4597.69343834406,97.4330472048342,3,1.00293377195527,0.902933771955265,287.335989145164,259.44536849734
12.5,100,0,4598.98290253917,97.4689379194431,3,1.00293798434002,0.902937984340016,287.241837489271,259.361565760685
12.51,100,0,4600.2712040853,97.5048044028166,3,1.00294219456568,0.902942194565683,287.147770391423,259.277837961875
12.52,100,0,4601.5583441825,97.5406466717758,3,1.00294640263304,0.902946402633037,287.053787764701,259.194185024324
12.53,100,0,4602.84432402941,97.5764647431294,3,1.00295060854285,0.902950608542846,286.959889522288,259.110606871538
12.54,100,0,4604.12914482329,97.612258633674,3,1.00295481229588,0.90295481229588,286.866075577468,259.027103427109
12.55,100,0,4605.41280775998,97.6480283601935,3,1.00295901389291,0.902959013892907,286.772345843626,258.943674614716
12.56,100,0,4606.69531403393,97.68377393946,3,1.0029632133347,0.902963213334698,286.678700234246,258.86032035813
12.57,100,0,4607.97666483819,97.7194953882329,3,1.00296741062202,0.902967410622022,286.585138662915,258.777040581206
12.58,100,0,4609.25686136444,97.7551927232595,3,1.00297160575565,0.902971605755647,286.49166104332,258.693835207889
12.59,100,0,4610.53590480295,97.790865961275,3,1.00297579873634,0.902975798736344,286.398267289247,258.610704162213
12.6,100,0,4611.81379634259,97.8265151190021,3,1.00297998956488,0.902979989564881,286.304957314585,258.527647368298
12.61,100,0,4613.09053717087,97.8621402131514,3,1.00298417824203,0.902984178242029,286.21173103332,258.444664750351
12.62,100,0,4614.36612847389,97.8977412604213,3,1.00298836476856,0.902988364768557,286.11858835954,258.361756232668
12.63,100,0,4615.64057143638,97.9333182774978,3,1.00299254914523,0.902992549145234,286.025529207431,258.278921739633
12.64,100,0,4616.91386724168,97.9688712810548,3,1.00299673137283,0.90299673137283,285.932553491281,258.196161195714
12.65,100,0,4618.18601707176,98.0044002877542,3,1.00300091145212,0.903000911452115,285.839661125477,258.113474525469
12.66,100,0,4619.4570221072,98.0399053142454,3,1.00300508938386,0.903005089383858,285.746852024504,258.030861653543
12.67,100,0,4620.72688352721,98.0753863771658,3,1.00300926516883,0.903009265168829,285.654126102948,257.948322504667
12.68,100,0,4621.99560250961,98.1108434931405,3,1.0030134388078,0.903013438807798,285.561483275494,257.86585700366
12.69,100,0,4623.26318023088,98.1462766787825,3,1.00301761030153,0.903017610301534,285.468923456925,257.783465075424
12.7,100,0,4624.52961786609,98.1816859506928,3,1.00302177965081,0.903021779650807,285.376446562125,257.701146644953
12.71,100,0,4625.79491658897,98.21707132546,3,1.00302594685639,0.903025946856387,285.284052506073,257.618901637324
12.72,100,0,4627.05907757187,98.2524328196608,3,1.00303011191904,0.903030111919045,285.191741203851,257.536729977701
12.73,100,0,4628.32210198576,98.2877704498597,3,1.00303427483955,0.903034274839548,285.099512570638,257.454631591335
12.74,100,0,4629.58399100027,98.3230842326089,3,1.00303843561867,0.903038435618669,285.007366521712,257.372606403563
12.75,100,0,4630.84474578365,98.3583741844488,3,1.00304259425718,0.903042594257176,284.915302972447,257.290654339808
12.76,100,0,4632.10436750281,98.3936403219075,3,1.00304675075584,0.903046750755841,284.823321838317,257.208775325577
12.77,100,0,4633.36285732327,98.4288826615012,3,1.00305090511543,0.903050905115431,284.731423034895,257.126969286467
12.78,100,0,4634.62021640921,98.4641012197337,3,1.00305505733672,0.903055057336718,284.639606477851,257.045236148157
12.79,100,0,4635.87644592346,98.4992960130972,3,1.00305920742047,0.903059207420472,284.547872082952,256.963575836412
12.8,100,0,4637.13154702749,98.5344670580715,3,1.00306335536746,0.903063355367463,284.456219766063,256.881988277086
12.81,100,0,4638.38552088141,98.5696143711244,3,1.00306750117846,0.903067501178461,284.364649443149,256.800473396113
12.82,100,0,4639.638368644,98.6047379687118,3,1.00307164485424,0.903071644854237,284.273161030268,256.719031119517
12.83,100,0,4640.89009147266,98.6398378672774,3,1.00307578639556,0.903075786395559,284.181754443579,256.637661373405
12.84,100,0,4642.14069052346,98.6749140832531,3,1.0030799258032,0.903079925803199,284.090429599338,256.556364083969
12.85,100,0,4643.39016695115,98.7099666330587,3,1.00308406307793,0.903084063077927,283.999186413896,256.475139177487
12.86,100,0,4644.63852190909,98.7449955331018,3,1.00308819822051,0.903088198220514,283.908024803702,256.39398658032
12.87,100,0,4645.88575654932,98.7800007997784,3,1.00309233123173,0.903092331231728,283.816944685303,256.312906218917
12.88,100,0,4647.13187202255,98.8149824494722,3,1.00309646211234,0.903096462112342,283.72594597534,256.231898019807
12.89,100,0,4648.37686947814,98.849940498555,3,1.00310059086312,0.903100590863125,283.635028590553,256.150961909608
12.9,100,0,4649.62075006411,98.8848749633868,3,1.00310471748485,0.903104717484847,283.544192447778,256.07009781502
12.91,100,0,4650.86351492715,98.9197858603156,3,1.00310884197828,0.90310884197828,283.453437463947,255.989305662828
12.92,100,0,4652.10516521262,98.9546732056773,3,1.00311296434419,0.903112964344193,283.362763556087,255.9085853799
12.93,100,0,4653.34570206455,98.989537015796,3,1.00311708458336,0.903117084583358,283.272170641323,255.827936893191
12.94,100,0,4654.58512662563,99.0243773069839,3,1.00312120269654,0.903121202696544,283.181658636876,255.747360129738
12.95,100,0,4655.82344003722,99.0591940955412,3,1.00312531868452,0.903125318684522,283.091227460062,255.666855016661
12.96,100,0,4657.06064343938,99.0939873977563,3,1.00312943254806,0.903129432548063,283.000877028293,255.586421481166
12.97,100,0,4658.29673797082,99.1287572299055,3,1.00313354428794,0.903133544287937,282.910607259075,255.506059450541
12.98,100,0,4659.53172476892,99.1635036082536,3,1.00313765390492,0.903137653904916,282.820418070012,255.425768852158
12.99,100,0,4660.76560496977,99.1982265490532,3,1.00314176139977,0.903141761399769,282.730309378802,255.345549613473
13,100,0,4661.99837970811,99.2329260685452,3,1.00314586677327,0.903145866773267,282.640281103239,255.265401662024
13.01,100,0,4663.23005011739,99.2676021829585,3,1.00314997002618,0.903149970026182,282.550333161211,255.185324925435
13.02,100,0,4664.46061732971,99.3022549085103,3,1.00315407115928,0.903154071159284,282.460465470702,255.105319331411
13.03,100,0,4665.69008247589,99.3368842614059,3,1.00315817017334,0.903158170173343,282.370677949789,255.025384807737
13.04,100,0,4666.91844668542,99.3714902578387,3,1.00316226706913,0.903162267069131,282.280970516648,254.94552128229
13.05,100,0,4668.14571108647,99.4060729139906,3,1.00316636184742,0.903166361847418,282.191343089545,254.865728683021
13.06,100,0,4669.37187680592,99.4406322460312,3,1.00317045450898,0.903170454508976,282.101795586842,254.786006937967
13.07,100,0,4670.59694496934,99.4751682701187,3,1.00317454505457,0.903174545054575,282.012327926998,254.706355975248
13.08,100,0,4671.82091670097,99.5096810023994,3,1.00317863348499,0.903178633484986,281.922940028561,254.626775723066
13.09,100,0,4673.04379312378,99.5441704590078,3,1.00318271980098,0.903182719800979,281.833631810178,254.547266109705
13.1,100,0,4674.26557535941,99.5786366560666,3,1.00318680400333,0.903186804003327,281.744403190589,254.467827063533
13.11,100,0,4675.48626452821,99.6130796096868,3,1.0031908860928,0.9031908860928,281.655254088625,254.388458512998
13.12,100,0,4676.70586174924,99.6474993359675,3,1.00319496607017,0.903194966070169,281.566184423213,254.309160386631
13.13,100,0,4677.92436814024,99.6818958509964,3,1.00319904393621,0.903199043936205,281.477194113375,254.229932613046
13.14,100,0,4679.14178481768,99.7162691708491,3,1.00320311969168,0.903203119691679,281.388283078224,254.150775120937
13.15,100,0,4680.35811289671,99.7506193115898,3,1.00320719333736,0.903207193337363,281.299451236968,254.071687839082
13.16,100,0,4681.57335349121,99.7849462892706,3,1.00321126487403,0.903211264874027,281.210698508906,253.992670696337
13.17,100,0,4682.78750771375,99.8192501199322,3,1.00321533430244,0.903215334302443,281.122024813434,253.913723621646
13.18,100,0,4684.00057667562,99.8535308196036,3,1.00321940162338,0.903219401623381,281.03343007004,253.834846544027
13.19,100,0,4685.21256148682,99.8877884043019,3,1.00322346683761,0.903223466837613,280.944914198301,253.756039392585
13.2,100,0,4686.42346325607,99.9220228900328,3,1.00322752994591,0.903227529945911,280.856477117892,253.677302096504
13.21,100,0,4687.6332830908,99.9562342927902,3,1.00323159094905,0.903231590949045,280.768118748577,253.598634585047
13.22,100,0,4688.84202209716,99.9904226285562,3,1.00323564984779,0.903235649847787,280.679839010215,253.520036787563
13.23,100,0,4690.04968138001,100.024587913302,3,1.00323970664291,0.903239706642908,280.591637822756,253.441508633479
13.24,100,0,4691.25626204295,100.058730162985,3,1.00324376133518,0.90324376133518,280.503515106244,253.363050052303
13.25,100,0,4692.46176518828,100.092849393554,3,1.00324781392537,0.903247813925373,280.415470780812,253.284660973623
13.26,100,0,4693.66619191703,100.126945620945,3,1.00325186441426,0.90325186441426,280.32750476669,253.20634132711
13.27,100,0,4694.86954332896,100.16101886108,3,1.00325591280261,0.903255912802611,280.239616984196,253.128091042514
13.28,100,0,4696.07182052257,100.195069129874,3,1.0032599590912,0.903259959091198,280.15180735374,253.049910049664
13.29,100,0,4697.27302459506,100.229096443226,3,1.00326400328079,0.903264003280793,280.064075795826,252.971798278473
13.3,100,0,4698.47315664238,100.263100817027,3,1.00326804537217,0.903268045372166,279.97642223105,252.893755658933
13.31,100,0,4699.67221775921,100.297082267153,3,1.00327208536609,0.90327208536609,279.888846580096,252.815782121113
13.32,100,0,4700.87020903895,100.331040809471,4,1.32582900107236,1.22582900107236,990.723392113992,1214.45746609412
13.33,100,0,4420.33753044971,100.456993885008,4,1.26017640019099,1.16017640019099,839.412132795599,973.866146503439
13.34,100,0,4205.9107815181,100.556606950429,4,1.20308450837558,1.10308450837558,725.695017819946,800.502931962526
13.35,100,0,4038.81957344236,100.637293660857,4,1.15425469742471,1.05425469742471,643.192434567928,678.088645491273
13.36,100,0,3906.4743314657,100.704486220077,4,1.11257361776972,1.01257361776972,582.080627643579,589.399486966727
13.37,100,0,3800.72707189669,100.76166664752,4,1.07631856264017,0.976318562640173,532.880342325814,520.260969878742
13.38,100,0,3718.05608087373,100.810422109318,4,1.04241103813766,0.942411038137657,489.431478308037,461.245627569525
13.39,100,0,3654.18839277868,100.852689762224,4,1.01958328690404,0.919583286904037,453.988795927538,417.480509176652
13.4,100,0,3605.74105762688,100.890011900536,4,1.00506548981074,0.905065489810739,426.551313104621,386.056873124448
13.41,100,0,3569.07059591563,100.923925901324,4,1.002,0.902,402.415929475571,362.979168386965
13.42,100,0,3542.36534736666,100.955261674078,4,1.00171701248853,0.901717012488525,384.224834998987,346.462070339183
13.43,100,0,3522.59316662713,100.984791578803,4,1.00120142241643,0.901201422416433,371.417877688684,334.722319683934
13.44,100,0,3508.03262631711,101.012954425528,4,1.00043724817114,0.900437248171135,360.468253044396,324.579041824352
13.45,100,0,3498.0940429107,101.039887823625,4,0.999614846105112,0.899614846105112,351.817877695297,316.500585899882
13.46,100,0,3491.40765166899,101.065952747917,4,0.999038015631428,0.899038015631428,345.963238353686,311.034103290921
13.47,100,0,3486.93728069391,101.091424095628,4,0.99862992788218,0.89862992788218,341.946942481105,307.283756261327
13.48,100,0,3483.99413880103,101.116484481113,4,0.998338820418141,0.898338820418141,339.166207493383,304.6861707653
13.49,100,0,3482.11177503015,101.141257511833,4,0.998129302461743,0.898129302461743,337.228598693436,302.874886114687
13.5,100,0,3480.96981405493,101.165828013636,4,0.998007699841184,0.898007699841184,335.831295377551,301.579089096679
13.51,100,0,3480.40412134659,101.190244807422,4,0.998043652711891,0.898043652711891,334.732589919998,300.604477733467
13.52,100,0,3480.24749900355,101.214552796161,4,0.998069051051795,0.898069051051795,334.006100518826,299.960541738453
13.53,100,0,3480.36164407153,101.238786882969,4,0.998087455218684,0.898087455218684,333.524734948004,299.534380461939
13.54,100,0,3480.65531709359,101.262970094411,4,0.998101217441777,0.898101217441777,333.205364454994,299.252143475161
13.55,100,0,3481.06814935902,101.287117666359,4,0.998111895523245,0.898111895523245,332.993305812541,299.065249079853
13.56,100,0,3481.56011815435,101.311239699892,4,0.998120522833764,0.898120522833764,332.852449565466,298.941616030235
13.57,100,0,3482.10465337203,101.335342900914,4,0.998127785634396,0.898127785634396,332.758889349992,298.860004442069
13.58,100,0,3482.68409906804,101.359431725535,4,0.998134140030381,0.898134140030381,332.696769913033,298.806327336727
13.59,100,0,3483.28671494835,101.383509136823,4,0.99813988933104,0.89813988933104,332.655562890552,298.771230439875
13.6,100,0,3483.90469054067,101.407577105999,4,0.998145235320367,0.898145235320367,332.628271192406,298.748496904311
13.61,100,0,3484.53282788962,101.431636944902,4,0.998150312282562,0.898150312282562,332.610241777561,298.733992520895
13.62,100,0,3485.16766673226,101.455689526792,4,0.998155209604085,0.898155209604085,332.598379019721,298.724966822437
13.63,100,0,3485.8069030654,101.47973543309,4,0.998159986797445,0.898159986797445,332.590622737906,298.719589327232
13.64,100,0,3486.44900249017,101.503775050978,4,0.998164683492437,0.898164683492437,332.585601494374,298.716641500336
13.65,100,0,3487.09294297685,101.527808638312,4,0.998169326083001,0.898169326083001,332.58240214396,298.715312000706
13.66,100,0,3487.73804367646,101.551836366839,4,0.9981739321504,0.8981739321504,332.580416575973,298.71506051226
13.67,100,0,3488.38385096734,101.575858350954,4,0.998178513407307,0.898178513407307,332.579239752888,298.715527151381
13.68,100,0,3489.03006258506,101.59987466685,4,0.998183077657776,0.898183077657776,332.578601856345,298.716472178452
13.69,100,0,3489.67647709932,101.62388536527,4,0.998187630102269,0.898187630102269,332.578323120488,298.717735866978
13.7,100,0,3490.32296026441,101.64789048,4,0.99819217420673,0.89819217420673,332.578283761103,298.719211785328
13.71,100,0,3490.96942260472,101.671890033527,4,0.998196712281418,0.898196712281418,332.578403951733,298.720829005248
13.72,100,0,3491.61580448198,101.69588404081,4,0.998201245866476,0.898201245866476,332.578630487964,298.722540252855
13.73,100,0,3492.26206614568,101.719872511786,4,0.998205775988808,0.898205775988808,332.578927904697,298.724314016164
13.74,100,0,3492.90818110284,101.743855453048,4,0.998210303333226,0.898210303333226,332.579272558698,298.726129287292
13.75,100,0,3493.55413169932,101.767832868959,4,0.998214828356499,0.898214828356499,332.579648686042,298.727972059398
13.76,100,0,3494.19990617448,101.791804762397,4,0.998219351363367,0.898219351363367,332.580045775026,298.729832992443
13.77,100,0,3494.84549669782,101.815771135245,4,0.998223872557195,0.898223872557195,332.580456815403,298.731705857572
13.78,100,0,3495.49089805998,101.83973198873,4,0.998228392073754,0.898228392073754,332.580877131498,298.733586500304
13.79,100,0,3496.13610679997,101.863687323636,4,0.998232910003729,0.898232910003729,332.581303604374,298.735472149391
13.8,100,0,3496.78112062307,101.887637140453,4,0.998237426407736,0.898237426407736,332.581734153285,298.737360956069
13.81,100,0,3497.42593801271,101.911581439477,4,0.998241941326331,0.898241941326331,332.582167389932,298.739251686851
13.82,100,0,3498.07055797151,101.935520220874,4,0.998246454786687,0.898246454786687,332.582602387918,298.741143518678
13.83,100,0,3498.71497984856,101.959453484723,4,0.998250966807048,0.898250966807048,332.583038528999,298.743035902299
13.84,100,0,3499.35920322419,101.983381231045,4,0.998255477399698,0.898255477399698,332.58347540053,298.744928471154
13.85,100,0,3500.00322783311,102.007303459824,4,0.998259986572945,0.898259986572945,332.583912727065,298.74682098059
13.86,100,0,3500.64705351301,102.031220171019,4,0.998264494332443,0.898264494332443,332.584350324716,298.748713267315
13.87,100,0,3501.29068017041,102.055131364572,4,0.998269000682073,0.898269000682073,332.584788070707,298.750605222333
13.88,100,0,3501.93410775774,102.079037040415,4,0.998273505624533,0.898273505624533,332.585225883058,298.752496772901
13.89,100,0,3502.57733625812,102.102937198472,4,0.998278009161732,0.898278009161732,332.585663707018,298.754387870473
13.9,100,0,3503.22036567513,102.126831838664,4,0.998282511295051,0.898282511295051,332.586101506023,298.756278482661
13.91,100,0,3503.86319602605,102.15072096091,4,0.998287012025519,0.898287012025519,332.58653925565,298.758168587866
13.92,100,0,3504.50582733729,102.174604565125,4,0.998291511353928,0.898291511353928,332.586976939585,298.760058171694
13.93,100,0,3505.14825964137,102.198482651227,4,0.998296009280915,0.898296009280915,332.587414546929,298.761947224564
13.94,100,0,3505.79049297488,102.222355219131,4,0.998300505807012,0.898300505807012,332.587852070404,298.763835740111
13.95,100,0,3506.43252737713,102.246222268755,4,0.998305000932677,0.898305000932678,332.588289505144,298.765723714116
13.96,100,0,3507.07436288926,102.270083800014,4,0.998309494658327,0.898309494658327,332.588726847903,298.767611143796
13.97,100,0,3507.71599955363,102.293939812826,4,0.998313986984343,0.898313986984343,332.58916409651,298.769498027325
13.98,100,0,3508.35743741341,102.317790307111,4,0.998318477911087,0.898318477911087,332.589601249516,298.77138436352
13.99,100,0,3508.99867651229,102.341635282787,4,0.998322967438907,0.898322967438907,332.590038305957,298.773270151627
14,100,0,3509.63971689434,102.365474739774,4,0.99832745556814,0.89832745556814,332.590475265187,298.775155391174
14.01,100,0,3510.28055860387,102.389308677993,4,0.998331942299119,0.898331942299119,332.59091212678,298.777040081886
14.02,100,0,3510.92120168535,102.413137097366,4,0.998336427632172,0.898336427632172,332.591348890449,298.778924223611
14.03,100,0,3511.56164618335,102.436959997817,4,0.998340911567623,0.898340911567623,332.591785556006,298.780807816286
14.04,100,0,3512.20189214252,102.460777379268,4,0.998345394105796,0.898345394105796,332.592222123329,298.782690859904
14.05,100,0,3512.84193960754,102.484589241645,4,0.998349875247011,0.898349875247011,332.592658592336,298.784573354497
14.06,100,0,3513.48178862313,102.508395584873,4,0.998354354991591,0.898354354991591,332.593094962974,298.78645530012
14.07,100,0,3514.12143923404,102.532196408879,4,0.998358833339855,0.898358833339855,332.593531235212,298.788336696848
14.08,100,0,3514.76089148501,102.555991713591,4,0.998363310292124,0.898363310292124,332.593967409029,298.790217544766
14.09,100,0,3515.4001454208,102.579781498936,4,0.998367785848716,0.898367785848716,332.594403484415,298.792097843969
14.1,100,0,3516.03920108616,102.603565764846,4,0.998372260009952,0.898372260009952,332.594839461363,298.793977594552
14.11,100,0,3516.67805852587,102.62734451125,4,0.998376732776151,0.898376732776151,332.595275339873,298.795856796619
14.12,100,0,3517.31671778467,102.651117738079,4,0.998381204147631,0.898381204147631,332.595711119945,298.797735450274
14.13,100,0,3517.95517890735,102.674885445267,4,0.998385674124712,0.898385674124712,332.596146801582,298.799613555621
14.14,100,0,3518.59344193864,102.698647632746,4,0.998390142707714,0.898390142707714,332.596582384788,298.801491112768
14.15,100,0,3519.23150692332,102.72240430045,4,0.998394609896954,0.898394609896954,332.597017869568,298.803368121821
14.16,100,0,3519.86937390613,102.746155448316,4,0.998399075692753,0.898399075692753,332.597453255927,298.805244582889
14.17,100,0,3520.50704293183,102.76990107628,4,0.998403540095429,0.898403540095429,332.597888543871,298.807120496078
14.18,100,0,3521.14451404517,102.793641184278,4,0.998408003105301,0.898408003105301,332.598323733405,298.808995861498
14.19,100,0,3521.7817872909,102.817375772249,4,0.998412464722688,0.898412464722688,332.598758824534,298.810870679257
14.2,100,0,3522.41886271376,102.841104840131,4,0.998416924947908,0.898416924947908,332.599193817266,298.812744949462
14.21,100,0,3523.05574035849,102.864828387866,4,0.998421383781281,0.898421383781281,332.599628711608,298.814618672223
14.22,100,0,3523.69242026984,102.888546415394,4,0.998425841223126,0.898425841223126,332.600063507563,298.816491847648
14.23,100,0,3524.32890249254,102.912258922657,4,0.998430297273762,0.898430297273762,332.600498205139,298.818364475844
14.24,100,0,3524.96518707132,102.935965909598,4,0.998434751933506,0.898434751933506,332.600932804343,298.820236556923
14.25,100,0,3525.60127405091,102.959667376161,4,0.998439205202678,0.898439205202678,332.601367305179,298.822108090989
14.26,100,0,3526.23716347605,102.98336332229,4,0.998443657081597,0.898443657081597,332.601801707656,298.823979078155
14.27,100,0,3526.87285539145,103.007053747933,4,0.998448107570581,0.898448107570581,332.602236011778,298.825849518526
14.28,100,0,3527.50834984185,103.030738653034,4,0.99845255666995,0.89845255666995,332.602670217552,298.827719412212
14.29,100,0,3528.14364687195,103.054418037543,4,0.998457004380021,0.898457004380021,332.603104324985,298.829588759321
14.3,100,0,3528.77874652648,103.078091901408,4,0.998461450701113,0.898461450701113,332.603538334082,298.831457559962
14.31,100,0,3529.41364885015,103.101760244578,4,0.998465895633546,0.898465895633546,332.60397224485,298.833325814244
14.32,100,0,3530.04835388768,103.125423067004,4,0.998470339177637,0.898470339177637,332.604406057295,298.835193522275
14.33,100,0,3530.68286168376,103.149080368638,4,0.998474781333706,0.898474781333706,332.604839771424,298.837060684162
14.34,100,0,3531.3171722831,103.172732149432,4,0.99847922210207,0.89847922210207,332.605273387242,298.838927300015
14.35,100,0,3531.95128573041,103.196378409339,4,0.998483661483049,0.898483661483049,332.605706904756,298.840793369943
14.36,100,0,3532.58520207039,103.220019148314,4,0.99848809947696,0.89848809947696,332.606140323972,298.842658894053
14.37,100,0,3533.21892134773,103.243654366313,4,0.998492536084123,0.898492536084123,332.606573644897,298.844523872454
14.38,100,0,3533.85244360712,103.267284063291,4,0.998496971304856,0.898496971304856,332.607006867536,298.846388305254
14.39,100,0,3534.48576889327,103.290908239205,4,0.998501405139477,0.898501405139477,332.607439991896,298.848252192563
14.4,100,0,3535.11889725085,103.314526894015,4,0.998505837588305,0.898505837588305,332.607873017983,298.850115534487
14.41,100,0,3535.75182872455,103.338140027679,4,0.998510268651658,0.898510268651658,332.608305945804,298.851978331137
14.42,100,0,3536.38456335905,103.361747640156,4,0.998514698329855,0.898514698329855,332.608738775365,298.85384058262
14.43,100,0,3537.01710119904,103.385349731409,4,0.998519126623213,0.898519126623213,332.609171506671,298.855702289044
14.44,100,0,3537.64944228919,103.4089463014,4,0.998523553532052,0.898523553532052,332.609604139729,298.857563450519
14.45,100,0,3538.28158667417,103.43253735009,4,0.998527979056689,0.898527979056689,332.610036674546,298.859424067152
14.46,100,0,3538.91353439866,103.456122877444,4,0.998532403197444,0.898532403197444,332.610469111128,298.861284139051
14.47,100,0,3539.54528550732,103.479702883427,4,0.998536825954633,0.898536825954633,332.61090144948,298.863143666325
14.48,100,0,3540.17684004482,103.503277368005,4,0.998541247328576,0.898541247328576,332.61133368961,298.865002649084
14.49,100,0,3540.80819805582,103.526846331143,4,0.998545667319591,0.898545667319591,332.611765831523,298.866861087434
14.5,100,0,3541.43935958499,103.550409772811,4,0.998550085927995,0.898550085927995,332.612197875227,298.868718981484
14.51,100,0,3542.07032467697,103.573967692976,4,0.998554503154108,0.898554503154108,332.612629820726,298.870576331343
14.52,100,0,3542.70109337642,103.597520091608,4,0.998558918998247,0.898558918998247,332.613061668027,298.872433137119
14.53,100,0,3543.331665728,103.621066968677,4,0.99856333346073,0.89856333346073,332.613493417136,298.87428939892
14.54,100,0,3543.96204177634,103.644608324156,4,0.998567746541876,0.898567746541876,332.61392506806,298.876145116855
14.55,100,0,3544.59222156611,103.668144158015,4,0.998572158242002,0.898572158242002,332.614356620805,298.878000291032
14.56,100,0,3545.22220514194,103.691674470229,4,0.998576568561427,0.898576568561427,332.614788075377,298.879854921559
14.57,100,0,3545.85199254846,103.715199260772,4,0.998580977500469,0.898580977500469,332.615219431783,298.881709008545
14.58,100,0,3546.48158383032,103.738718529619,4,0.998585385059446,0.898585385059446,332.615650690028,298.883562552097
14.59,100,0,3547.11097903216,103.762232276746,4,0.998589791238675,0.898589791238675,332.616081850119,298.885415552325
14.6,100,0,3547.7401781986,103.78574050213,4,0.998594196038475,0.898594196038475,332.616512912063,298.887268009336
14.61,100,0,3548.36918137426,103.809243205749,4,0.998598599459164,0.898598599459164,332.616943875864,298.889119923239
14.62,100,0,3548.99798860379,103.832740387583,4,0.99860300150106,0.89860300150106,332.617374741531,298.890971294143
14.63,100,0,3549.62659993179,103.85623204761,4,0.99860740216448,0.89860740216448,332.617805509068,298.892822122154
14.64,100,0,3550.25501540289,103.879718185812,4,0.998611801449743,0.898611801449743,332.618236178483,298.894672407382
14.65,100,0,3550.88323506171,103.903198802171,4,0.998616199357167,0.898616199357167,332.618666749781,298.896522149936
14.66,100,0,3551.51125895286,103.926673896669,4,0.998620595887068,0.898620595887068,332.619097222968,298.898371349922
14.67,100,0,3552.13908712095,103.950143469289,4,0.998624991039766,0.898624991039766,332.619527598051,298.90022000745
14.68,100,0,3552.7667196106,103.973607520017,4,0.998629384815577,0.898629384815577,332.619957875037,298.902068122627
14.69,100,0,3553.3941564664,103.997066048838,4,0.998633777214821,0.898633777214821,332.62038805393,298.903915695563
14.7,100,0,3554.02139773296,104.020519055739,4,0.998638168237813,0.898638168237814,332.620818134739,298.905762726365
14.71,100,0,3554.64844345488,104.043966540706,4,0.998642557884874,0.898642557884874,332.621248117468,298.907609215141
14.72,100,0,3555.27529367676,104.067408503728,4,0.998646946156319,0.898646946156319,332.621678002124,298.909455161999
14.73,100,0,3555.90194844319,104.090844944794,4,0.998651333052466,0.898651333052466,332.622107788714,298.911300567049
14.74,100,0,3556.52840779876,104.114275863895,4,0.998655718573634,0.898655718573634,332.622537477243,298.913145430397
14.75,100,0,3557.15467178806,104.137701261021,4,0.99866010272014,0.89866010272014,332.622967067718,298.914989752153
14.76,100,0,3557.78074045568,104.161121136165,4,0.998664485492302,0.898664485492302,332.623396560145,298.916833532425
14.77,100,0,3558.40661384621,104.18453548932,4,0.998668866890437,0.898668866890437,332.62382595453,298.918676771319
14.78,100,0,3559.03229200421,104.207944320479,4,0.998673246914863,0.898673246914863,332.62425525088,298.920519468947
14.79,100,0,3559.65777497427,104.231347629637,4,0.998677625565897,0.898677625565897,332.6246844492,298.922361625413
14.8,100,0,3560.28306280097,104.25474541679,4,0.998682002843857,0.898682002843857,332.625113549498,298.924203240828
14.81,100,0,3560.90815552887,104.278137681935,4,0.998686378749061,0.898686378749061,332.625542551778,298.926044315299
14.82,100,0,3561.53305320255,104.301524425069,4,0.998690753281826,0.898690753281826,332.625971456048,298.927884848935
14.83,100,0,3562.15775586656,104.324905646191,4,0.998695126442469,0.898695126442469,332.626400262314,298.929724841844
14.84,100,0,3562.78226356548,104.348281345301,4,0.998699498231308,0.898699498231308,332.626828970582,298.931564294133
14.85,100,0,3563.40657634386,104.371651522398,4,0.998703868648661,0.898703868648661,332.627257580858,298.933403205911
14.86,100,0,3564.03069424626,104.395016177484,4,0.998708237694844,0.898708237694844,332.627686093148,298.935241577287
14.87,100,0,3564.65461731724,104.418375310562,4,0.998712605370175,0.898712605370175,332.62811450746,298.937079408368
14.88,100,0,3565.27834560134,104.441728921635,4,0.998716971674972,0.898716971674972,332.628542823798,298.938916699262
14.89,100,0,3565.90187914313,104.465077010706,4,0.998721336609552,0.898721336609552,332.628971042169,298.940753450078
14.9,100,0,3566.52521798713,104.488419577781,4,0.998725700174232,0.898725700174232,332.62939916258,298.942589660924
14.91,100,0,3567.1483621779,104.511756622865,4,0.99873006236933,0.89873006236933,332.629827185036,298.944425331907
14.92,100,0,3567.77131175998,104.535088145966,4,0.998734423195163,0.898734423195163,332.630255109544,298.946260463136
14.93,100,0,3568.3940667779,104.558414147092,4,0.998738782652047,0.898738782652047,332.63068293611,298.948095054719
14.94,100,0,3569.0166272762,104.581734626251,4,0.998743140740301,0.898743140740301,332.631110664742,298.949929106765
14.95,100,0,3569.63899329942,104.605049583452,4,0.998747497460242,0.898747497460242,332.631538295443,298.95176261938
14.96,100,0,3570.26116489207,104.628359018707,4,0.998751852812186,0.898751852812186,332.631965828222,298.953595592674
14.97,100,0,3570.88314209869,104.651662932027,4,0.998756206796451,0.898756206796451,332.632393263083,298.955428026754
14.98,100,0,3571.5049249638,104.674961323425,4,0.998760559413354,0.898760559413354,332.632820600033,298.957259921728
14.99,100,0,3572.12651353192,104.698254192913,4,0.998764910663213,0.898764910663213,332.63324783908,298.959091277705
15,100,0,3572.74790784757,104.721541540506,4,0.998769260546343,0.898769260546343,332.633674980228,298.960922094792
15.01,100,0,3573.36910795526,104.744823366219,4,0.998773609063063,0.898773609063063,332.634102023484,298.962752373098
15.02,100,0,3573.99011389951,104.768099670069,4,0.99877795621369,0.89877795621369,332.634528968855,298.964582112731
15.03,100,0,3574.61092572482,104.791370452072,4,0.99878230199854,0.89878230199854,332.634955816346,298.966411313798
15.04,100,0,3575.2315434757,104.814635712247,4,0.99878664641793,0.89878664641793,332.635382565964,298.968239976408
15.05,100,0,3575.85196719666,104.837895450612,4,0.998790989472178,0.898790989472178,332.635809217715,298.970068100669
15.06,100,0,3576.4721969322,104.861149667187,4,0.9987953311616,0.8987953311616,332.636235771606,298.971895686689
15.07,100,0,3577.09223272681,104.884398361993,4,0.998799671486514,0.898799671486514,332.636662227642,298.973722734575
15.08,100,0,3577.71207462499,104.907641535051,4,0.998804010447236,0.898804010447236,332.63708858583,298.975549244436
15.09,100,0,3578.33172267122,104.930879186384,4,0.998808348044084,0.898808348044084,332.637514846175,298.97737521638
15.1,100,0,3578.95117691001,104.954111316016,4,0.998812684277373,0.898812684277373,332.637941008686,298.979200650515
15.11,100,0,3579.57043738584,104.97733792397,4,0.998817019147421,0.898817019147422,332.638367073367,298.981025546949
15.12,100,0,3580.18950414319,105.000559010273,4,0.998821352654546,0.898821352654546,332.638793040224,298.98284990579
15.13,100,0,3580.80837722653,105.02377457495,4,0.998825684799063,0.898825684799063,332.639218909265,298.984673727145
15.14,100,0,3581.42705668036,105.046984618029,4,0.998830015581289,0.898830015581289,332.639644680495,298.986497011124
15.15,100,0,3582.04554254915,105.070189139537,4,0.998834345001541,0.898834345001541,332.64007035392,298.988319757833
15.16,100,0,3582.66383487736,105.093388139504,4,0.998838673060137,0.898838673060137,332.640495929548,298.990141967381
15.17,100,0,3583.28193370946,105.11658161796,4,0.998842999757392,0.898842999757392,332.640921407383,298.991963639875
15.18,100,0,3583.89983908993,105.139769574934,4,0.998847325093624,0.898847325093624,332.641346787432,298.993784775424
15.19,100,0,3584.51755106323,105.16295201046,4,0.998851649069148,0.898851649069148,332.641772069703,298.995605374136
15.2,100,0,3585.13506967381,105.186128924569,4,0.998855971684283,0.898855971684283,332.642197254199,298.997425436118
15.21,100,0,3585.75239496614,105.209300317296,4,0.998860292939343,0.898860292939343,332.642622340929,298.999244961479
15.22,100,0,3586.36952698468,105.232466188673,4,0.998864612834647,0.898864612834647,332.643047329898,299.001063950326
15.23,100,0,3586.98646577386,105.255626538738,4,0.99886893137051,0.89886893137051,332.643472221114,299.002882402769
15.24,100,0,3587.60321137815,105.278781367527,4,0.99887324854725,0.89887324854725,332.643897014581,299.004700318913
15.25,100,0,3588.219763842,105.301930675075,4,0.998877564365182,0.898877564365182,332.644321710306,299.006517698868
15.26,100,0,3588.83612320983,105.325074461422,4,0.998881878824624,0.898881878824624,332.644746308295,299.008334542741
15.27,100,0,3589.4522895261,105.348212726607,4,0.998886191925891,0.898886191925891,332.645170808555,299.01015085064
15.28,100,0,3590.06826283524,105.371345470669,4,0.9988905036693,0.8988905036693,332.645595211092,299.011966622672
15.29,100,0,3590.6840431817,105.394472693649,4,0.998894814055169,0.898894814055169,332.646019515911,299.013781858947
15.3,100,0,3591.29963060989,105.41759439559,4,0.998899123083812,0.898899123083812,332.64644372302,299.015596559572
15.31,100,0,3591.91502516426,105.440710576533,4,0.998903430755547,0.898903430755547,332.646867832426,299.017410724654
15.32,100,0,3592.53022688922,105.463821236522,4,0.99890773707069,0.89890773707069,332.647291844132,299.019224354302
15.33,100,0,3593.14523582921,105.486926375601,4,0.998912042029557,0.898912042029557,332.647715758148,299.021037448624
15.34,100,0,3593.76005202863,105.510025993817,4,0.998916345632465,0.898916345632465,332.648139574477,299.022850007727
15.35,100,0,3594.37467553192,105.533120091215,4,0.998920647879729,0.898920647879729,332.648563293127,299.024662031719
15.36,100,0,3594.98910638349,105.556208667842,4,0.998924948771668,0.898924948771668,332.648986914105,299.026473520709
15.37,100,0,3595.60334462774,105.579291723747,4,0.998929248308595,0.898929248308595,332.649410437415,299.028284474802
15.38,100,0,3596.2173903091,105.602369258978,4,0.998933546490829,0.898933546490829,332.649833863064,299.03009489411
15.39,100,0,3596.83124347196,105.625441273586,4,0.998937843318685,0.898937843318685,332.65025719106,299.031904778737
15.4,100,0,3597.44490416073,105.648507767621,4,0.998942138792479,0.898942138792479,332.650680421408,299.033714128794
15.41,100,0,3598.05837241981,105.671568741134,4,0.998946432912527,0.898946432912527,332.651103554113,299.035522944386
15.42,100,0,3598.6716482936,105.694624194179,4,0.998950725679146,0.898950725679146,332.651526589184,299.037331225623
15.43,100,0,3599.2847318265,105.717674126809,4,0.998955017092653,0.898955017092653,332.651949526625,299.039138972612
15.44,100,0,3599.8976230629,105.740718539079,4,0.998959307153362,0.898959307153362,332.652372366444,299.040946185461
15.45,100,0,3600.50706251752,105.763757339703,4,0.998963677227704,0.898963677227704,332.650052907178,299.040314791427
15.46,100,0,3601.10887624228,105.786789930664,4,0.998968231058656,0.898968231058656,332.641493652553,299.034135125545
15.47,100,0,3601.70540033907,105.809815710224,4,0.998972909713994,0.898972909713994,332.628679109453,299.024171513348
15.48,100,0,3602.29830156783,105.832834277031,4,0.998977671178994,0.898977671178994,332.613024099735,299.011681808982
15.49,100,0,3602.88869385905,105.855845363448,4,0.998982487379103,0.898982487379103,332.595473918971,298.997506434708
15.5,100,0,3603.47732176204,105.878848791181,4,0.998987339552786,0.898987339552786,332.576660195738,298.982206946718
15.51,100,0,3604.06468299939,105.90184444164,4,0.998992215160811,0.898992215160811,332.557005008612,298.966158599937
15.52,100,0,3604.65111034423,105.924832236127,4,0.998997105821671,0.898997105821671,332.536790434913,298.949612180214
15.53,100,0,3605.23767124013,105.94781190615,4,0.999001984655823,0.899001984655823,332.508236896342,298.92556488422
15.54,100,0,3605.82994822154,105.970782011556,4,0.999006711096974,0.899006711096974,332.472758428473,298.895241084121
15.55,100,0,3606.4270263023,105.993742755481,4,0.999011308206993,0.899011308206993,332.442140393164,298.869243537991
15.56,100,0,3607.0270618334,106.01669458842,4,0.999015822423745,0.899015822423745,332.414617911657,298.846001107523
15.57,100,0,3607.62888189011,106.039637797652,4,0.999020283289065,0.899020283289065,332.389068646652,298.824514656901
15.58,100,0,3608.23174013323,106.062572566654,4,0.999024709599782,0.899024709599782,332.364778708013,298.804148659167
15.59,100,0,3608.83516159321,106.085499012867,4,0.999029113318058,0.899029113318058,332.341293916188,298.784498788446
15.6,100,0,3609.43884396377,106.108417211719,4,0.999033502057864,0.899033502057864,332.31832526641,298.765307762265
15.61,100,0,3610.04259481809,106.131327211903,4,0.999037880666375,0.899037880666375,332.295688825767,298.746411836491
15.62,100,0,3610.64629166641,106.154229045091,4,0.999042252229941,0.899042252229941,332.273267512644,298.727706780369
15.63,100,0,3611.24985654041,106.177122732126,4,0.999046618714108,0.899046618714108,332.250986786597,298.709126234916
15.64,100,0,3611.85323981844,106.200008286952,4,0.999050981370895,0.899050981370895,332.228799183019,298.690627945167
15.65,100,0,3612.45640992991,106.222885719122,4,0.999055340998004,0.899055340998004,332.206674472853,298.672185000004
15.66,100,0,3613.05934680088,106.245755035392,4,0.999059698103817,0.899059698103817,332.184593400374,298.653780257279
15.67,100,0,3613.6620376808,106.268616240736,4,0.99906405301244,0.89906405301244,332.162543697324,298.635402795438
15.68,100,0,3614.26447448475,106.291469338994,4,0.999068405930593,0.899068405930593,332.140517545551,298.61704565464
15.69,100,0,3614.86665210073,106.314314333281,4,0.999072756990207,0.899072756990207,332.118509961475,298.598704398543
15.7,100,0,3615.46856731137,106.337151226255,4,0.999077106275555,0.899077106275555,332.096517767338,298.580376198447
15.71,100,0,3616.07021810689,106.359980020277,4,0.999081453840536,0.899081453840537,332.074538935983,298.562059249989
15.72,100,0,3616.67160324733,106.382800717524,4,0.999085799719693,0.899085799719693,332.052572173494,298.543752401587
15.73,100,0,3617.27272198352,106.405613320052,4,0.999090143935221,0.899090143935221,332.030616653299,298.525454917715
15.74,100,0,3617.87357387927,106.428417829842,4,0.999094486501449,0.89909448650145,332.008671846737,298.50716632807
15.75,100,0,3618.47415869799,106.451214248826,4,0.999098827427688,0.899098827427688,331.986737415085,298.488886331447
15.76,100,0,3619.07447633035,106.474002578907,4,0.999103166720044,0.899103166720044,331.964813140737,298.470614734465
15.77,100,0,3619.67452674826,106.496782821967,4,0.999107504382586,0.899107504382586,331.94289888333,298.452351412512
15.78,100,0,3620.27430997538,106.519554979878,4,0.999111840418077,0.899111840418077,331.920994551771,298.434096284841
15.79,100,0,3620.87382606844,106.542319054502,4,0.999116174828449,0.899116174828449,331.899100086399,298.415849298687
15.8,100,0,3621.47307510522,106.565075047697,4,0.999120507615105,0.899120507615105,331.877215447612,298.397610419144
15.81,100,0,3622.07205717692,106.587822961318,4,0.999124838779108,0.899124838779108,331.855340608604,298.379379622697
15.82,100,0,3622.67077238333,106.61056279722,4,0.999129168321305,0.899129168321305,331.833475550743,298.361156893108
15.83,100,0,3623.26922082966,106.633294557254,4,0.999133496242406,0.899133496242406,331.811620260609,298.342942218779
15.84,100,0,3623.8674026246,106.656018243273,4,0.999137822543031,0.899137822543031,331.789774728115,298.32473559108
15.85,100,0,3624.46531787902,106.67873385713,4,0.999142147223746,0.899142147223746,331.7679389453,298.306537003273
15.86,100,0,3625.06296670519,106.701441400675,4,0.999146470285077,0.899146470285077,331.746112905562,298.288346449831
15.87,100,0,3625.66034921623,106.724140875762,4,0.999150791727532,0.899150791727532,331.724296603171,298.270163926
15.88,100,0,3626.2574655258,106.746832284243,4,0.999155111551601,0.899155111551601,331.702490032949,298.25198942752
15.89,100,0,3626.85431574791,106.769515627971,4,0.999159429757766,0.899159429757766,331.680693190075,298.233822950448
15.9,100,0,3627.45089999673,106.792190908799,4,0.999163746346501,0.899163746346501,331.658906069956,298.215664491044
15.91,100,0,3628.04721838654,106.814858128581,4,0.999168061318278,0.899168061318278,331.637128668144,298.197514045695
15.92,100,0,3628.64327103169,106.83751728917,4,0.999172374673567,0.899172374673567,331.615360980288,298.179371610878
15.93,100,0,3629.23905804653,106.860168392421,4,0.999176686412835,0.899176686412835,331.593603002096,298.161237183117
15.94,100,0,3629.83457954539,106.882811440188,4,0.999180996536548,0.899180996536548,331.571854729313,298.143110758975
15.95,100,0,3630.42983564261,106.905446434326,4,0.999185305045172,0.899185305045172,331.550116157716,298.124992335038
15.96,100,0,3631.02482645246,106.928073376691,4,0.999189611939172,0.899189611939172,331.528387283093,298.106881907904
15.97,100,0,3631.61955208921,106.950692269139,4,0.999193917219014,0.899193917219014,331.506668101249,298.088779474185
15.98,100,0,3632.21401266707,106.973303113526,4,0.999198220885161,0.899198220885161,331.484958607992,298.070685030497
15.99,100,0,3632.80820830019,106.995905911708,4,0.999202522938078,0.899202522938078,331.463258799139,298.052598573463
16,100,0,3633.40213910271,107.018500665542,4,0.999206823378231,0.899206823378231,331.44156867051,298.034520099707
16.01,100,0,3633.9958051887,107.041087376886,4,0.999211122206082,0.899211122206082,331.419888217931,298.01644960586
16.02,100,0,3634.5892066722,107.063666047597,4,0.999215419422097,0.899215419422097,331.398217437227,297.998387088551
16.03,100,0,3635.18234366718,107.086236679534,4,0.999219715026741,0.899219715026741,331.376556324226,297.980332544413
16.04,100,0,3635.77521628758,107.108799274555,4,0.999224009020476,0.899224009020476,331.354904874762,297.962285970081
16.05,100,0,3636.36782464729,107.131353834518,4,0.999228301403767,0.899228301403767,331.333263084666,297.944247362192
16.06,100,0,3636.96016886016,107.153900361283,4,0.999232592177079,0.899232592177079,331.311630949774,297.926216717381
16.07,100,0,3637.55224903997,107.176438856711,4,0.999236881340875,0.899236881340875,331.290008465924,297.90819403229
16.08,100,0,3638.14406530048,107.198969322659,4,0.99924116889562,0.89924116889562,331.268395628954,297.890179303558
16.09,100,0,3638.73561775538,107.22149176099,4,0.999245454841777,0.899245454841777,331.246792434705,297.872172527826
16.1,100,0,3639.32690651833,107.244006173563,4,0.99924973917981,0.89924973917981,331.225198879019,297.854173701739
16.11,100,0,3639.91793170293,107.266512562241,4,0.999254021910183,0.899254021910183,331.203614957742,297.836182821941
16.12,100,0,3640.50869342273,107.289010928884,4,0.999258303033361,0.899258303033361,331.182040666716,297.818199885077
16.13,100,0,3641.09919179124,107.311501275354,4,0.999262582549806,0.899262582549806,331.160476001792,297.800224887794
16.14,100,0,3641.68942692194,107.333983603513,4,0.999266860459983,0.899266860459983,331.138920958819,297.782257826744
16.15,100,0,3642.27939892823,107.356457915225,4,0.999271136764355,0.899271136764355,331.117375533647,297.764298698572
16.16,100,0,3642.86910792347,107.378924212352,4,0.999275411463386,0.899275411463386,331.09583972213,297.746347499934
16.17,100,0,3643.458554021,107.401382496757,4,0.99927968455754,0.89927968455754,331.074313520122,297.728404227479
16.18,100,0,3644.04773733408,107.423832770305,4,0.99928395604728,0.89928395604728,331.052796923479,297.710468877863
16.19,100,0,3644.63665797594,107.446275034859,4,0.99928822593307,0.89928822593307,331.031289928059,297.69254144774
16.2,100,0,3645.22531605975,107.468709292283,4,0.999292494215373,0.899292494215373,331.009792529722,297.674621933767
16.21,100,0,3645.81371169865,107.491135544444,4,0.999296760894653,0.899296760894653,330.988304724331,297.656710332603
16.22,100,0,3646.40184500572,107.513553793205,4,0.999301025971373,0.899301025971374,330.966826507747,297.638806640907
16.23,100,0,3646.989716094,107.535964040432,4,0.999305289445997,0.899305289445997,330.945357875837,297.620910855338
16.24,100,0,3647.57732507647,107.558366287992,4,0.999309551318988,0.899309551318988,330.923898824465,297.603022972559
16.25,100,0,3648.16467206608,107.580760537751,4,0.999313811590808,0.899313811590808,330.902449349502,297.585142989235
16.26,100,0,3648.75175717572,107.603146791575,4,0.999318070261923,0.899318070261923,330.881009446816,297.567270902027
16.27,100,0,3649.33858051824,107.625525051332,4,0.999322327332793,0.899322327332793,330.85957911228,297.549406707604
16.28,100,0,3649.92514220645,107.647895318888,4,0.999326582803884,0.899326582803884,330.838158341768,297.531550402633
16.29,100,0,3650.51144235308,107.670257596112,4,0.999330836675657,0.899330836675657,330.816747131155,297.513701983781
16.3,100,0,3651.09748107086,107.692611884872,4,0.999335088948577,0.899335088948577,330.795345476317,297.495861447719
16.31,100,0,3651.68325847244,107.714958187035,4,0.999339339623105,0.899339339623105,330.773953373135,297.478028791119
16.32,100,0,3652.26877467043,107.737296504472,4,0.999343588699706,0.899343588699706,330.752570817486,297.460204010651
16.33,100,0,3652.8540297774,107.759626839051,4,0.999347836178841,0.899347836178842,330.731197805254,297.442387102992
16.34,100,0,3653.43902390587,107.781949192642,4,0.999352082060975,0.899352082060975,330.709834332324,297.424578064816
16.35,100,0,3654.0237571683,107.804263567114,4,0.999356326346569,0.899356326346569,330.688480394579,297.406776892798
16.36,100,0,3654.60822967713,107.826569964338,4,0.999360569036087,0.899360569036087,330.667135987908,297.388983583618
16.37,100,0,3655.19244154472,107.848868386185,4,0.999364810129991,0.899364810129991,330.6458011082,297.371198133955
16.38,100,0,3655.77639288342,107.871158834526,4,0.999369049628744,0.899369049628744,330.624475751345,297.353420540489
16.39,100,0,3656.3600838055,107.893441311231,4,0.999373287532809,0.899373287532809,330.603159913236,297.335650799902
16.4,100,0,3656.9435144232,107.915715818173,4,0.999377523842648,0.899377523842648,330.581853589767,297.317888908878
16.41,100,0,3657.52668484872,107.937982357224,4,0.999381758558724,0.899381758558724,330.560556776833,297.300134864099
16.42,100,0,3658.10959519419,107.960240930255,4,0.9993859916815,0.8993859916815,330.539269470333,297.282388662254
16.43,100,0,3658.69224557171,107.982491539141,4,0.999390223211438,0.899390223211438,330.517991666165,297.264650300028
16.44,100,0,3659.27463609333,108.004734185753,4,0.999394453149001,0.899394453149001,330.49672336023,297.246919774111
16.45,100,0,3659.85676687106,108.026968871966,4,0.99939868149465,0.89939868149465,330.475464548432,297.229197081191
16.46,100,0,3660.43863801685,108.049195599652,4,0.999402908248849,0.899402908248849,330.454215226674,297.211482217962
16.47,100,0,3661.0202496426,108.071414370687,4,0.999407133412059,0.899407133412059,330.432975390862,297.193775181113
16.48,100,0,3661.60160186019,108.093625186945,4,0.999411356984744,0.899411356984744,330.411745036905,297.17607596734
16.49,100,0,3662.18269478144,108.115828050301,4,0.999415578967365,0.899415578967365,330.390524160711,297.158384573337
16.5,100,0,3662.7635285181,108.138022962629,4,0.999419799360384,0.899419799360384,330.369312758193,297.140700995802
16.51,100,0,3663.3441031819,108.160209925806,4,0.999424018164264,0.899424018164264,330.348110825262,297.123025231431
16.52,100,0,3663.92441888452,108.182388941706,4,0.999428235379467,0.899428235379467,330.326918357833,297.105357276923
16.53,100,0,3664.50447573759,108.204560012208,4,0.999432451006454,0.899432451006454,330.305735351823,297.087697128979
16.54,100,0,3665.08427385269,108.226723139186,4,0.999436665045688,0.899436665045688,330.28456180315,297.070044784302
16.55,100,0,3665.66381334136,108.248878324518,4,0.999440877497632,0.899440877497632,330.263397707733,297.052400239593
16.56,100,0,3666.24309431509,108.271025570081,4,0.999445088362745,0.899445088362746,330.242243061494,297.034763491557
16.57,100,0,3666.82211688533,108.293164877753,4,0.999449297641492,0.899449297641492,330.221097860355,297.017134536899
16.58,100,0,3667.40088116346,108.315296249412,4,0.999453505334333,0.899453505334333,330.199962100243,296.999513372328
16.59,100,0,3667.97938726084,108.337419686935,4,0.999457711441731,0.899457711441731,330.178835777082,296.981899994549
16.6,100,0,3668.55763528878,108.359535192202,4,0.999461915964147,0.899461915964147,330.157718886801,296.964294400274
16.61,100,0,3669.13562535854,108.381642767092,4,0.999466118902042,0.899466118902042,330.13661142533,296.946696586213
16.62,100,0,3669.71335758131,108.403742413483,4,0.999470320255879,0.899470320255879,330.115513388601,296.929106549079
16.63,100,0,3670.29083206828,108.425834133256,4,0.99947452002612,0.89947452002612,330.094424772546,296.911524285584
16.64,100,0,3670.86804893056,108.44791792829,4,0.999478718213225,0.899478718213225,330.073345573101,296.893949792444
16.65,100,0,3671.44500827922,108.469993800465,4,0.999482914817656,0.899482914817656,330.052275786203,296.876383066374
16.66,100,0,3672.02171022529,108.492061751663,4,0.999487109839875,0.899487109839875,330.031215407788,296.858824104093
16.67,100,0,3672.59815487975,108.514121783764,4,0.999491303280344,0.899491303280344,330.010164433799,296.841272902319
16.68,100,0,3673.17434235353,108.536173898649,4,0.999495495139523,0.899495495139523,329.989122860177,296.823729457771
16.69,100,0,3673.75027275752,108.558218098201,4,0.999499685417874,0.899499685417874,329.968090682863,296.806193767172
16.7,100,0,3674.32594620256,108.5802543843,4,0.999503874115859,0.899503874115859,329.947067897805,296.788665827244
16.71,100,0,3674.90136279945,108.60228275883,4,0.999508061233938,0.899508061233938,329.926054500948,296.771145634711
16.72,100,0,3675.47652265893,108.624303223673,4,0.999512246772573,0.899512246772573,329.905050488241,296.753633186296
16.73,100,0,3676.05142589171,108.646315780711,4,0.999516430732225,0.899516430732225,329.884055855634,296.73612847873
16.74,100,0,3676.62607260845,108.668320431829,4,0.999520613113355,0.899520613113355,329.863070599079,296.718631508737
16.75,100,0,3677.20046291975,108.690317178909,4,0.999524793916425,0.899524793916425,329.842094714529,296.701142273049
16.76,100,0,3677.77459693618,108.712306023836,4,0.999528973141895,0.899528973141895,329.82112819794,296.683660768395
16.77,100,0,3678.34847476826,108.734286968494,4,0.999533150790227,0.899533150790227,329.800171045269,296.666186991506
16.78,100,0,3678.92209652646,108.756260014767,4,0.99953732686188,0.89953732686188,329.779223252472,296.648720939116
16.79,100,0,3679.4954623212,108.77822516454,4,0.999541501357317,0.899541501357317,329.758284815513,296.631262607961
16.8,100,0,3680.06857226288,108.800182419699,4,0.999545674276999,0.899545674276999,329.737355730351,296.613811994773
16.81,100,0,3680.64142646181,108.822131782129,4,0.999549845621385,0.899549845621385,329.716435992951,296.596369096292
16.82,100,0,3681.2140250283,108.844073253716,4,0.999554015390937,0.899554015390937,329.695525599278,296.578933909256
16.83,100,0,3681.78636807258,108.866006836346,4,0.999558183586115,0.899558183586115,329.674624545298,296.561506430403
16.84,100,0,3682.35845570485,108.887932531906,4,0.99956235020738,0.899562350207381,329.653732826981,296.544086656475
16.85,100,0,3682.93028803525,108.909850342282,4,0.999566515255194,0.899566515255194,329.632850440297,296.526674584214
16.86,100,0,3683.5018651739,108.931760269361,4,0.999570678730016,0.899570678730016,329.611977381217,296.509270210364
16.87,100,0,3684.07318723086,108.953662315032,4,0.999574840632307,0.899574840632307,329.591113645715,296.491873531669
16.88,100,0,3684.64425431613,108.975556481181,4,0.999579000962527,0.899579000962527,329.570259229767,296.474484544874
16.89,100,0,3685.21506653968,108.997442769697,4,0.999583159721137,0.899583159721137,329.54941412935,296.45710324673
16.9,100,0,3685.78562401144,109.019321182469,4,0.999587316908598,0.899587316908598,329.528578340441,296.439729633982
16.91,100,0,3686.35592684128,109.041191721384,4,0.999591472525369,0.899591472525369,329.507751859022,296.422363703382
16.92,100,0,3686.92597513903,109.063054388333,4,0.999595626571911,0.899595626571911,329.486934681075,296.40500545168
16.93,100,0,3687.49576901447,109.084909185204,4,0.999599779048685,0.899599779048685,329.466126802583,296.387654875629
16.94,100,0,3688.06530857735,109.106756113887,4,0.999603929956151,0.899603929956151,329.445328219531,296.370311971984
16.95,100,0,3688.63459393735,109.128595176272,4,0.999608079294768,0.899608079294768,329.424538927907,296.352976737499
16.96,100,0,3689.20362520412,109.150426374249,4,0.999612227064997,0.899612227064997,329.403758923698,296.33564916893
16.97,100,0,3689.77240248727,109.17224970971,4,0.999616373267298,0.899616373267298,329.382988202897,296.318329263036
16.98,100,0,3690.34092589635,109.194065184544,4,0.999620517902132,0.899620517902132,329.362226761494,296.301017016574
16.99,100,0,3690.90919554086,109.215872800643,4,0.999624660969957,0.899624660969957,329.341474595484,296.283712426308
17,100,0,3691.47721153028,109.237672559899,4,0.999628802471235,0.899628802471235,329.32073170086,296.266415488996
17.01,100,0,3692.04497397403,109.259464464203,4,0.999632942406424,0.899632942406424,329.299998073621,296.249126201402
17.02,100,0,3692.61248298147,109.281248515447,4,0.999637080775985,0.899637080775985,329.279273709766,296.23184456029
17.03,100,0,3693.17973866193,109.303024715525,4,0.999641217580378,0.899641217580379,329.258558605294,296.214570562427
17.04,100,0,3693.7467411247,109.324793066328,4,0.999645352820063,0.899645352820063,329.237852756207,296.197304204578
17.05,100,0,3694.31349047901,109.34655356975,4,0.999649486495499,0.899649486495499,329.21715615851,296.180045483512
17.06,100,0,3694.87998683406,109.368306227685,4,0.999653618607145,0.899653618607145,329.196468808207,296.162794395997
17.07,100,0,3695.44623029899,109.390051042025,4,0.999657749155462,0.899657749155462,329.175790701304,296.145550938805
17.08,100,0,3696.01222098289,109.411788014665,4,0.999661878140909,0.899661878140909,329.155121833813,296.128315108708
17.09,100,0,3696.57795899484,109.433517147499,4,0.999666005563946,0.899666005563946,329.134462201742,296.111086902479
17.1,100,0,3697.14344444383,109.455238442421,4,0.999670131425032,0.899670131425032,329.113811801102,296.093866316891
17.11,100,0,3697.70867743883,109.476951901327,4,0.999674255724627,0.899674255724627,329.093170627909,296.076653348722
17.12,100,0,3698.27365808875,109.498657526112,4,0.999678378463189,0.899678378463189,329.072538678177,296.059447994748
17.13,100,0,3698.83838650249,109.520355318671,4,0.999682499641179,0.899682499641179,329.051915947923,296.042250251746
17.14,100,0,3699.40286278885,109.5420452809,4,0.999686619259056,0.899686619259056,329.031302433165,296.025060116498
17.15,100,0,3699.96708705662,109.563727414694,4,0.999690737317278,0.899690737317278,329.010698129925,296.007877585785
17.16,100,0,3700.53105941455,109.585401721951,4,0.999694853816306,0.899694853816306,328.990103034223,295.990702656387
17.17,100,0,3701.09477997132,109.607068204567,4,0.999698968756598,0.899698968756598,328.969517142083,295.973535325088
17.18,100,0,3701.65824883558,109.628726864439,4,0.999703082138614,0.899703082138614,328.94894044953,295.956375588673
17.19,100,0,3702.22146611593,109.650377703465,4,0.999707193962812,0.899707193962812,328.928372952592,295.939223443929
17.2,100,0,3702.78443192093,109.67202072354,4,0.999711304229651,0.899711304229652,328.907814647296,295.922078887643
17.21,100,0,3703.3471463591,109.693655926565,4,0.999715412939592,0.899715412939592,328.887265529673,295.904941916603
17.22,100,0,3703.90960953889,109.715283314436,4,0.999719520093092,0.899719520093092,328.866725595755,295.887812527599
17.23,100,0,3704.47182156873,109.736902889052,4,0.99972362569061,0.89972362569061,328.846194841575,295.870690717423
17.24,100,0,3705.033782557,109.758514652312,4,0.999727729732605,0.899727729732605,328.825673263168,295.853576482866
17.25,100,0,3705.59549261202,109.780118606115,4,0.999731832219537,0.899731832219537,328.805160856571,295.836469820722
17.26,100,0,3706.15695184209,109.80171475236,4,0.999735933151863,0.899735933151863,328.784657617822,295.819370727787
17.27,100,0,3706.71816035544,109.823303092946,4,0.999740032530043,0.899740032530043,328.764163542962,295.802279200857
17.28,100,0,3707.27911826027,109.844883629774,4,0.999744130354535,0.899744130354535,328.74367862803,295.785195236727
17.29,100,0,3707.83982566473,109.866456364744,4,0.999748226625797,0.899748226625797,328.723202869072,295.7681188322
17.3,100,0,3708.40028267693,109.888021299756,4,0.999752321344289,0.89975232134429,328.702736262133,295.751049984074
17.31,100,0,3708.96048940492,109.909578436711,4,0.999756414510469,0.89975641451047,328.682278803257,295.733988689149
17.32,100,0,3709.52044595673,109.931127777509,4,0.999760506124796,0.899760506124796,328.661830488495,295.71693494423
17.33,100,0,3710.08015244033,109.952669324053,4,0.999764596187727,0.899764596187727,328.641391313896,295.69988874612
17.34,100,0,3710.63960896363,109.974203078243,4,0.999768684699721,0.899768684699721,328.620961275511,295.682850091624
17.35,100,0,3711.19881563453,109.995729041982,4,0.999772771661236,0.899772771661236,328.600540369393,295.665818977549
17.36,100,0,3711.75777256086,110.017247217172,4,0.999776857072731,0.899776857072731,328.580128591598,295.648795400702
17.37,100,0,3712.31647985041,110.038757605715,4,0.999780940934665,0.899780940934665,328.559725938182,295.631779357893
17.38,100,0,3712.87493761093,110.060260209514,4,0.999785023247494,0.899785023247494,328.539332405201,295.61477084593
17.39,100,0,3713.43314595012,110.081755030471,4,0.999789104011677,0.899789104011677,328.518947988718,295.597769861628
17.4,100,0,3713.99110497563,110.103242070491,4,0.999793183227673,0.899793183227673,328.498572684793,295.580776401797
17.41,100,0,3714.54881479508,110.124721331476,4,0.99979726089594,0.89979726089594,328.478206489487,295.563790463252
17.42,100,0,3715.10627551604,110.146192815331,4,0.999801337016934,0.899801337016934,328.457849398868,295.546812042808
17.43,100,0,3715.66348724603,110.167656523959,4,0.999805411591115,0.899805411591115,328.437501408999,295.529841137282
17.44,100,0,3716.22045009253,110.189112459266,4,0.99980948461894,0.89980948461894,328.417162515951,295.512877743492
17.45,100,0,3716.77716416297,110.210560623154,4,0.999813556100868,0.899813556100868,328.396832715791,295.495921858258
17.46,100,0,3717.33362956474,110.232001017531,4,0.999817626037355,0.899817626037355,328.376512004592,295.478973478398
17.47,100,0,3717.88984640519,110.2534336443,4,0.999821694428859,0.89982169442886,328.356200378424,295.462032600736
17.48,100,0,3718.44581479161,110.274858505367,4,0.99982576127584,0.89982576127584,328.335897833365,295.445099222094
17.49,100,0,3719.00153483126,110.296275602638,4,0.999829826578753,0.899829826578753,328.315604365489,295.428173339296
17.5,100,0,3719.55700663135,110.317684938019,4,0.999833890338056,0.899833890338056,328.295319970873,295.411254949168
17.51,100,0,3720.11223029904,110.339086513416,4,0.999837952554208,0.899837952554208,328.275044645598,295.394344048536
17.52,100,0,3720.66720594146,110.360480330736,4,0.999842013227665,0.899842013227665,328.254778385745,295.37744063423
17.53,100,0,3721.22193366569,110.381866391885,4,0.999846072358886,0.899846072358886,328.234521187395,295.360544703077
17.54,100,0,3721.77641357875,110.403244698771,4,0.999850129948327,0.899850129948327,328.214273046632,295.343656251908
17.55,100,0,3722.33064578763,110.424615253301,4,0.999854185996446,0.899854185996446,328.194033959544,295.326775277555
17.56,100,0,3722.88463039928,110.445978057383,4,0.9998582405037,0.8998582405037,328.173803922216,295.309901776852
17.57,100,0,3723.4383675206,110.467333112925,4,0.999862293470547,0.899862293470547,328.153582930739,295.293035746632
17.58,100,0,3723.99185725843,110.488680421834,4,0.999866344897443,0.899866344897443,328.133370981203,295.276177183732
17.59,100,0,3724.5450997196,110.510019986019,4,0.999870394784846,0.899870394784846,328.113168069699,295.259326084987
17.6,100,0,3725.09809501086,110.53135180739,4,0.999874443133214,0.899874443133214,328.092974192323,295.242482447236
17.61,100,0,3725.65084323894,110.552675887854,4,0.999878489943002,0.899878489943002,328.072789345168,295.225646267318
17.62,100,0,3726.20334451051,110.573992229321,4,0.999882535214668,0.899882535214668,328.052613524334,295.208817542076
17.63,100,0,3726.7555989322,110.5953008337,4,0.99988657894867,0.89988657894867,328.032446725918,295.191996268348
17.64,100,0,3727.30760661061,110.616601702902,4,0.999890621145463,0.899890621145463,328.012288946021,295.17518244298
17.65,100,0,3727.85936765228,110.637894838837,4,0.999894661805506,0.899894661805506,327.992140180744,295.158376062815
17.66,100,0,3728.4108821637,110.659180243413,4,0.999898700929254,0.899898700929254,327.972000426193,295.1415771247
17.67,100,0,3728.96215025133,110.680457918543,4,0.999902738517165,0.899902738517165,327.95186967847,295.12478562548
17.68,100,0,3729.51317202159,110.701727866137,4,0.999906774569694,0.899906774569694,327.931747933685,295.108001562005
17.69,100,0,3730.06394758084,110.722990088106,4,0.9999108090873,0.8999108090873,327.911635187944,295.091224931123
17.7,100,0,3730.6144770354,110.74424458636,4,0.999914842070439,0.899914842070439,327.891531437359,295.074455729686
17.71,100,0,3731.16476049155,110.765491362813,4,0.999918873519566,0.899918873519566,327.87143667804,295.057693954544
17.72,100,0,3731.71479805553,110.786730419375,4,0.999922903435139,0.899922903435139,327.851350906102,295.040939602552
17.73,100,0,3732.26458983352,110.807961757959,4,0.999926931817614,0.899926931817615,327.831274117659,295.024192670564
17.74,100,0,3732.81413593168,110.829185380477,4,0.999930958667448,0.899930958667448,327.811206308827,295.007453155435
17.75,100,0,3733.36343645609,110.850401288842,4,0.999934983985097,0.899934983985097,327.791147475725,294.990721054023
17.76,100,0,3733.91249151283,110.871609484966,4,0.999939007771018,0.899939007771018,327.771097614472,294.973996363186
17.77,100,0,3734.46130120791,110.892809970762,4,0.999943030025666,0.899943030025666,327.751056721191,294.957279079782
17.78,100,0,3735.00986564728,110.914002748144,4,0.999947050749497,0.899947050749497,327.731024792003,294.940569200673
17.79,100,0,3735.55818493689,110.935187819026,4,0.999951069942969,0.899951069942969,327.711001823034,294.923866722722
17.8,100,0,3736.10625918261,110.956365185321,4,0.999955087606537,0.899955087606537,327.690987810409,294.90717164279
17.81,100,0,3736.65408849028,110.977534848944,4,0.999959103740657,0.899959103740657,327.670982750258,294.890483957742
17.82,100,0,3737.20167296569,110.998696811808,4,0.999963118345786,0.899963118345786,327.650986638707,294.873803664444
17.83,100,0,3737.7490127146,111.019851075828,4,0.999967131422379,0.899967131422379,327.63099947189,294.857130759764
17.84,100,0,3738.2961078427,111.04099764292,4,0.999971142970892,0.899971142970892,327.611021245939,294.840465240569
17.85,100,0,3738.84295845567,111.062136514997,4,0.999975152991782,0.899975152991782,327.591051956987,294.823807103728
17.86,100,0,3739.38956465911,111.083267693977,4,0.999979161485503,0.899979161485503,327.571091601171,294.807156346113
17.87,100,0,3739.93592655861,111.104391181773,4,0.999983168452513,0.899983168452513,327.551140174628,294.790512964594
17.88,100,0,3740.48204425969,111.125506980302,4,0.999987173893265,0.899987173893265,327.531197673496,294.773876956046
17.89,100,0,3741.02791786783,111.146615091481,4,0.999991177808217,0.899991177808217,327.511264093918,294.757248317343
17.9,100,0,3741.57354748849,111.167715517224,4,0.999995180197824,0.899995180197824,327.491339432035,294.740627045361
17.91,100,0,3742.11893322706,111.18880825945,4,0.999999181062542,0.899999181062542,327.47142368399,294.724013136976
17.92,100,0,3742.6640751889,111.209893320074,4,1.00000318040283,0.900003180402825,327.45151684593,294.707406589066
17.93,100,0,3743.20897347931,111.230970701014,4,1.00000717821913,0.90000717821913,327.431618914001,294.690807398512
17.94,100,0,3743.75362820357,111.252040404187,4,1.00001117451191,0.900011174511912,327.411729884352,294.674215562193
17.95,100,0,3744.2980394669,111.27310243151,4,1.00001516928163,0.900015169281627,327.391849753134,294.657631076991
17.96,100,0,3744.84220737447,111.294156784902,4,1.00001916252873,0.900019162528729,327.371978516496,294.64105393979
17.97,100,0,3745.38613203143,111.31520346628,4,1.00002315425367,0.900023154253674,327.352116170595,294.624484147474
17.98,100,0,3745.92981354287,111.336242477562,4,1.00002714445692,0.900027144456918,327.332262711584,294.607921696929
17.99,100,0,3746.47325201384,111.357273820667,4,1.00003113313891,0.900031133138914,327.312418135621,294.591366585041
18,100,0,3747.01644754933,111.378297497514,4,1.00003512030012,0.90003512030012,327.292582438862,294.574818808698
18.01,100,0,3747.55940025432,111.399313510021,4,1.00003910594099,0.900039105940989,327.272755617468,294.55827836479
18.02,100,0,3748.10211023373,111.420321860109,4,1.00004309006198,0.900043090061977,327.252937667601,294.541745250207
18.03,100,0,3748.64457759242,111.441322549695,4,1.00004707266354,0.900047072663539,327.233128585424,294.525219461842
18.04,100,0,3749.18680243522,111.4623155807,4,1.00005105374613,0.900051053746129,327.213328367101,294.508700996587
18.05,100,0,3749.72878486694,111.483300955044,4,1.0000550333102,0.900055033310203,327.193537008798,294.492189851337
18.06,100,0,3750.2705249923,111.504278674647,4,1.00005901135622,0.900059011356215,327.173754506683,294.475686022986
18.07,100,0,3750.81202291602,111.525248741428,4,1.00006298788462,0.900062987884621,327.153980856925,294.459189508432
18.08,100,0,3751.35327874274,111.54621115731,4,1.00006696289587,0.900066962895874,327.134216055696,294.442700304573
18.09,100,0,3751.89429257709,111.567165924212,4,1.00007093639043,0.90007093639043,327.114460099168,294.426218408308
18.1,100,0,3752.43506452362,111.588113044055,4,1.00007490836874,0.900074908368743,327.094712983514,294.409743816537
18.11,100,0,3752.97559468688,111.609052518761,4,1.00007887883127,0.900078878831268,327.074974704912,294.393276526162
18.12,100,0,3753.51588317134,111.629984350252,4,1.00008284777846,0.90008284777846,327.055245259537,294.376816534087
18.13,100,0,3754.05593008143,111.650908540448,4,1.00008681521077,0.900086815210772,327.035524643569,294.360363837214
18.14,100,0,3754.59573552157,111.671825091273,4,1.00009078112866,0.90009078112866,327.015812853188,294.34391843245
18.15,100,0,3755.1352995961,111.692734004648,4,1.00009474553258,0.900094745532578,326.996109884577,294.327480316701
18.16,100,0,3755.67462240934,111.713635282495,4,1.00009870842298,0.900098708422979,326.976415733919,294.311049486875
18.17,100,0,3756.21370406554,111.734528926737,4,1.00010266980032,0.900102669800319,326.956730397399,294.294625939882
18.18,100,0,3756.75254466893,111.755414939297,4,1.00010662966505,0.900106629665051,326.937053871204,294.278209672631
18.19,100,0,3757.2911443237,111.776293322098,4,1.00011058801763,0.90011058801763,326.917386151522,294.261800682034
18.2,100,0,3757.82950313397,111.797164077064,4,1.00011454485851,0.90011454485851,326.897727234544,294.245398965003
18.21,100,0,3758.36762120385,111.818027206117,4,1.00011850018814,0.900118500188145,326.878077116461,294.229004518453
18.22,100,0,3758.90549863739,111.838882711182,4,1.00012245400699,0.900122454006989,326.858435793465,294.212617339299
18.23,100,0,3759.44313553858,111.859730594182,4,1.0001264063155,0.900126406315495,326.838803261752,294.196237424458
18.24,100,0,3759.9805320114,111.880570857042,4,1.00013035711412,0.900130357114119,326.819179517518,294.179864770847
18.25,100,0,3760.51768815977,111.901403501686,4,1.00013430640331,0.900134306403313,326.799564556961,294.163499375385
18.26,100,0,3761.05460408756,111.922228530039,4,1.00013825418353,0.900138254183532,326.77995837628,294.147141234992
18.27,100,0,3761.5912798986,111.943045944025,4,1.00014220045523,0.900142200455229,326.760360971676,294.130790346589
18.28,100,0,3762.1277156967,111.96385574557,4,1.00014614521886,0.900146145218858,326.740772339352,294.1144467071
18.29,100,0,3762.6639115856,111.984657936599,4,1.00015008847487,0.900150088474873,326.721192475512,294.098110313448
18.3,100,0,3763.199867669,112.005452519037,4,1.00015403022373,0.900154030223727,326.701621376361,294.081781162558
18.31,100,0,3763.73558405057,112.02623949481,4,1.00015797046587,0.900157970465874,326.682059038108,294.065459251356
18.32,100,0,3764.27106083392,112.047018865843,4,1.00016190920177,0.900161909201767,326.662505456961,294.049144576771
18.33,100,0,3764.80629812264,112.067790634064,4,1.00016584643186,0.90016584643186,326.64296062913,294.032837135729
18.34,100,0,3765.34129602025,112.088554801398,4,1.00016978215661,0.900169782156607,326.623424550826,294.016536925162
18.35,100,0,3765.87605463025,112.109311369772,4,1.00017371637646,0.90017371637646,326.603897218265,294.000243942001
18.36,100,0,3766.41057405609,112.130060341112,4,1.00017764909187,0.900177649091873,326.584378627661,293.983958183178
18.37,100,0,3766.94485440116,112.150801717346,4,1.0001815803033,0.900181580303299,326.564868775231,293.967679645627
18.38,100,0,3767.47889576883,112.171535500401,4,1.00018551001119,0.900185510011191,326.545367657192,293.951408326281
18.39,100,0,3768.01269826242,112.192261692204,4,1.000189438216,0.900189438216003,326.525875269765,293.935144222079
18.4,100,0,3768.5462619852,112.212980294683,4,1.00019336491819,0.900193364918188,326.506391609172,293.918887329956
18.41,100,0,3769.07958704042,112.233691309765,4,1.0001972901182,0.900197290118198,326.486916671635,293.902637646852
18.42,100,0,3769.61267353125,112.254394739379,4,1.00020121381649,0.900201213816487,326.467450453379,293.886395169705
18.43,100,0,3770.14552156084,112.275090585453,4,1.00020513601351,0.900205136013507,326.44799295063,293.870159895458
18.44,100,0,3770.67813123231,112.295778849915,4,1.00020905670971,0.900209056709712,326.428544159615,293.853931821052
18.45,100,0,3771.21050264871,112.316459534693,4,1.00021297590555,0.900212975905554,326.409104076565,293.83771094343
18.46,100,0,3771.74263591305,112.337132641717,4,1.00021689360149,0.900216893601486,326.389672697709,293.821497259537
18.47,100,0,3772.27453112833,112.357798172916,4,1.00022080979796,0.900220809797961,326.370250019279,293.805290766319
18.48,100,0,3772.80618839746,112.378456130219,4,1.00022472449543,0.900224724495431,326.350836037512,293.789091460723
18.49,100,0,3773.33760782335,112.399106515556,4,1.00022863769435,0.90022863769435,326.331430748641,293.772899339697
18.5,100,0,3773.86878950884,112.419749330855,4,1.00023254939517,0.900232549395169,326.312034148903,293.75671440019
18.51,100,0,3774.39973355673,112.440384578047,4,1.00023645959834,0.900236459598341,326.292646234538,293.740536639154
18.52,100,0,3774.93044006978,112.461012259062,4,1.00024036830432,0.900240368304319,326.273267001785,293.72436605354
18.53,100,0,3775.46090915073,112.48163237583,4,1.00024427551356,0.900244275513555,326.253896446886,293.708202640302
18.54,100,0,3775.99114090224,112.502244930282,4,1.0002481812265,0.900248181226502,326.234534566085,293.692046396392
18.55,100,0,3776.52113542695,112.522849924348,4,1.00025208544361,0.900252085443611,326.215181355626,293.675897318768
18.56,100,0,3777.05089282745,112.543447359959,4,1.00025598816534,0.900255988165335,326.195836811755,293.659755404385
18.57,100,0,3777.5804132063,112.564037239046,4,1.00025988939213,0.900259889392127,326.176500930722,293.643620650203
18.58,100,0,3778.109696666,112.584619563541,4,1.00026378912444,0.900263789124438,326.157173708774,293.627493053179
18.59,100,0,3778.63874330901,112.605194335375,4,1.00026768736272,0.90026768736272,326.137855142164,293.611372610273
18.6,100,0,3779.16755323775,112.625761556478,4,1.00027158410743,0.900271584107426,326.118545227143,293.595259318449
18.61,100,0,3779.69612655462,112.646321228785,4,1.00027547935901,0.900275479359007,326.099243959967,293.579153174669
18.62,100,0,3780.22446336193,112.666873354225,4,1.00027937311792,0.900279373117915,326.07995133689,293.563054175896
18.63,100,0,3780.752563762,112.687417934732,4,1.0002832653846,0.900283265384603,326.060667354171,293.546962319096
18.64,100,0,3781.28042785707,112.707954972237,4,1.00028715615952,0.900287156159522,326.041392008068,293.530877601235
18.65,100,0,3781.80805574934,112.728484468675,4,1.00029104544312,0.900291045443124,326.02212529484,293.514800019281
18.66,100,0,3782.335447541,112.749006425976,4,1.00029493323586,0.900294933235861,326.002867210751,293.498729570203
18.67,100,0,3782.86260333416,112.769520846075,4,1.00029881953818,0.900298819538184,325.983617752064,293.48266625097
18.68,100,0,3783.3895232309,112.790027730904,4,1.00030270435054,0.900302704350545,325.964376915043,293.466610058553
18.69,100,0,3783.91620733327,112.810527082397,4,1.00030658767339,0.900306587673395,325.945144695956,293.450560989927
18.7,100,0,3784.44265574327,112.831018902487,4,1.00031046950719,0.900310469507186,325.925921091071,293.434519042064
18.71,100,0,3784.96886856285,112.851503193108,4,1.00031434985237,0.90031434985237,325.906706096656,293.418484211938
18.72,100,0,3785.49484589392,112.871979956194,4,1.0003182287094,0.900318228709398,325.887499708984,293.402456496527
18.73,100,0,3786.02058783836,112.892449193679,4,1.00032210607872,0.900322106078721,325.868301924327,293.386435892806
18.74,100,0,3786.54609449799,112.912910907497,4,1.00032598196079,0.90032598196079,325.849112738959,293.370422397756
18.75,100,0,3787.0713659746,112.933365099584,4,1.00032985635606,0.900329856356057,325.829932149157,293.354416008354
18.76,100,0,3787.59640236994,112.953811771872,4,1.00033372926497,0.900333729264973,325.810760151198,293.338416721584
18.77,100,0,3788.12120378571,112.974250926298,4,1.00033760068799,0.90033760068799,325.79159674136,293.322424534425
18.78,100,0,3788.64577032357,112.994682564797,4,1.00034147062556,0.900341470625557,325.772441915925,293.306439443863
18.79,100,0,3789.17010208513,113.015106689303,4,1.00034533907813,0.900345339078127,325.753295671173,293.290461446879
18.8,100,0,3789.69419917198,113.035523301752,4,1.00034920604615,0.900349206046149,325.734158003389,293.274490540463
18.81,100,0,3790.21806168564,113.055932404079,4,1.00035307153008,0.900353071530076,325.715028908859,293.258526721599
18.82,100,0,3790.74168972761,113.076333998221,4,1.00035693553036,0.900356935530358,325.695908383868,293.242569987275
18.83,100,0,3791.26508339934,113.096728086112,4,1.00036079804745,0.900360798047446,325.676796424704,293.226620334482
18.84,100,0,3791.78824280223,113.11711466969,4,1.00036465908179,0.90036465908179,325.657693027658,293.21067776021
18.85,100,0,3792.31116803765,113.137493750891,4,1.00036851863384,0.900368518633841,325.638598189021,293.194742261449
18.86,100,0,3792.83385920692,113.157865331651,4,1.00037237670405,0.900372376704051,325.619511905086,293.178813835195
18.87,100,0,3793.35631641133,113.178229413906,4,1.00037623329287,0.900376233292869,325.600434172145,293.162892478439
18.88,100,0,3793.87853975212,113.198585999594,4,1.00038008840075,0.900380088400745,325.581364986497,293.146978188177
18.89,100,0,3794.40052933048,113.218935090652,4,1.00038394202813,0.900383942028132,325.562304344438,293.131070961407
18.9,100,0,3794.92228524756,113.239276689016,4,1.00038779417548,0.900387794175478,325.543252242267,293.115170795126
18.91,100,0,3795.44380760448,113.259610796624,4,1.00039164484323,0.900391644843235,325.524208676284,293.099277686332
18.92,100,0,3795.96509650232,113.279937415414,4,1.00039549403185,0.900395494031852,325.505173642792,293.083391632025
18.93,100,0,3796.4861520421,113.300256547323,4,1.00039934174178,0.900399341741781,325.486147138094,293.067512629208
18.94,100,0,3797.00697432481,113.32056819429,4,1.00040318797347,0.90040318797347,325.467129158495,293.051640674882
18.95,100,0,3797.52756345139,113.340872358251,4,1.00040703272737,0.900407032727371,325.448119700302,293.035775766051
18.96,100,0,3798.04791952275,113.361169041146,4,1.00041087600393,0.900410876003933,325.429118759823,293.01991789972
18.97,100,0,3798.56804263975,113.381458244912,4,1.00041471780361,0.900414717803607,325.410126333367,293.004067072895
18.98,100,0,3799.08793290322,113.401739971489,4,1.00041855812684,0.900418558126842,325.391142417246,292.988223282583
18.99,100,0,3799.60759041392,113.422014222815,4,1.00042239697409,0.900422396974089,325.372167007773,292.972386525793
19,100,0,3800.12701527261,113.442281000829,4,1.0004262343458,0.900426234345797,325.353200101262,292.956556799534
19.01,100,0,3800.64620757996,113.462540307469,4,1.00043007024242,0.900430070242417,325.334241694027,292.940734100816
19.02,100,0,3801.16516743664,113.482792144676,4,1.0004339046644,0.900433904664396,325.315291782388,292.924918426653
19.03,100,0,3801.68389494326,113.503036514389,4,1.00043773761219,0.900437737612187,325.296350362662,292.909109774057
19.04,100,0,3802.20239020038,113.523273418546,4,1.00044156908624,0.900441569086239,325.27741743117,292.893308140042
19.05,100,0,3802.72065330854,113.543502859089,4,1.000445399087,0.900445399086999,325.258492984235,292.877513521625
19.06,100,0,3803.23868436822,113.563724837956,4,1.00044922761492,0.90044922761492,325.239577018177,292.861725915821
19.07,100,0,3803.75648347986,113.583939357088,4,1.00045305467045,0.90045305467045,325.220669529325,292.84594531965
19.08,100,0,3804.27405074388,113.604146418425,4,1.00045688025404,0.900456880254038,325.201770514003,292.830171730129
19.09,100,0,3804.79138626062,113.624346023907,4,1.00046070436613,0.900460704366134,325.18287996854,292.814405144279
19.1,100,0,3805.30849013041,113.644538175476,4,1.00046452700719,0.900464527007187,325.163997889264,292.798645559123
19.11,100,0,3805.82536245353,113.66472287507,4,1.00046834817765,0.900468348177647,325.145124272508,292.782892971681
19.12,100,0,3806.34200333022,113.684900124633,4,1.00047216787796,0.900472167877962,325.126259114604,292.76714737898
19.13,100,0,3806.85841286067,113.705069926104,4,1.00047598610858,0.900475986108583,325.107402411885,292.751408778042
19.14,100,0,3807.37459114503,113.725232281424,4,1.00047980286996,0.900479802869957,325.088554160688,292.735677165896
19.15,100,0,3807.89053828341,113.745387192536,4,1.00048361816253,0.900483618162535,325.069714357349,292.719952539568
19.16,100,0,3808.4062543759,113.76553466138,4,1.00048743198676,0.900487431986764,325.050882998207,292.704234896085
19.17,100,0,3808.9217395225,113.785674689898,4,1.00049124434309,0.900491244343095,325.032060079602,292.68852423248
19.18,100,0,3809.43699382322,113.805807280032,4,1.00049505523198,0.900495055231975,325.013245597875,292.672820545782
19.19,100,0,3809.952017378,113.825932433724,4,1.00049886465385,0.900498864653854,324.994439549371,292.657123833025
19.2,100,0,3810.46681028675,113.846050152916,4,1.00050267260918,0.900502672609181,324.975641930433,292.64143409124
19.21,100,0,3810.98137264932,113.86616043955,4,1.0005064790984,0.900506479098404,324.956852737409,292.625751317463
19.22,100,0,3811.49570456554,113.886263295569,4,1.00051028412197,0.900510284121973,324.938071966644,292.610075508729
19.23,100,0,3812.00980613519,113.906358722916,4,1.00051408768033,0.900514087680334,324.919299614489,292.594406662075
19.24,100,0,3812.523677458,113.926446723532,4,1.00051788977394,0.900517889773938,324.900535677295,292.57874477454
19.25,100,0,3813.03731863369,113.946527299362,4,1.00052169040323,0.900521690403233,324.881780151412,292.563089843161
19.26,100,0,3813.55072976189,113.966600452347,4,1.00052548956867,0.900525489568667,324.863033033197,292.547441864982
19.27,100,0,3814.06391094224,113.986666184432,4,1.00052928727069,0.900529287270688,324.844294319004,292.531800837042
19.28,100,0,3814.57686227429,114.006724497559,4,1.00053308350975,0.900533083509745,324.825564005188,292.516166756384
19.29,100,0,3815.0895838576,114.026775393673,4,1.00053687828629,0.900536878286287,324.806842088109,292.500539620053
19.3,100,0,3815.60207579163,114.046818874715,4,1.00054067160076,0.90054067160076,324.788128564127,292.484919425093
19.31,100,0,3816.11433817586,114.066854942632,4,1.00054446345361,0.900544463453614,324.769423429603,292.469306168551
19.32,100,0,3816.62637110967,114.086883599365,4,1.0005482538453,0.900548253845297,324.750726680899,292.453699847475
19.33,100,0,3817.13817469245,114.106904846861,4,1.00055204277626,0.900552042776257,324.73203831438,292.438100458913
19.34,100,0,3817.64974902352,114.126918687061,4,1.00055583024694,0.900555830246942,324.713358326412,292.422507999915
19.35,100,0,3818.16109420217,114.146925121912,4,1.0005596162578,0.900559616257799,324.694686713362,292.406922467532
19.36,100,0,3818.67221032763,114.166924153358,4,1.00056340080928,0.900563400809276,324.676023471598,292.391343858815
19.37,100,0,3819.18309749911,114.186915783343,4,1.00056718390182,0.900567183901822,324.657368597492,292.375772170819
19.38,100,0,3819.69375581578,114.206900013812,4,1.00057096553588,0.900570965535885,324.638722087415,292.3602074006
19.39,100,0,3820.20418537675,114.226876846709,4,1.00057474571191,0.900574745711911,324.620083937741,292.34464954521
19.4,100,0,3820.71438628111,114.246846283981,4,1.00057852443035,0.900578524430349,324.601454144844,292.329098601709
19.41,100,0,3821.22435862788,114.266808327573,4,1.00058230169165,0.900582301691646,324.5828327051,292.313554567153
19.42,100,0,3821.73410251608,114.286762979429,4,1.00058607749625,0.900586077496249,324.564219614887,292.298017438602
19.43,100,0,3822.24361804466,114.306710241495,4,1.00058985184461,0.900589851844607,324.545614870586,292.282487213118
19.44,100,0,3822.75290531252,114.326650115717,4,1.00059362473717,0.900593624737167,324.527018468576,292.26696388776
19.45,100,0,3823.26196441856,114.346582604041,4,1.00059739617438,0.900597396174376,324.508430405239,292.251447459592
19.46,100,0,3823.77079546159,114.366507708413,4,1.00060116615668,0.900601166156681,324.489850676961,292.235937925678
19.47,100,0,3824.27939854042,114.386425430778,4,1.00060493468453,0.90060493468453,324.471279280126,292.220435283083
19.48,100,0,3824.78777375379,114.406335773083,4,1.00060870175837,0.900608701758369,324.452716211121,292.204939528874
19.49,100,0,3825.29592120042,114.426238737275,4,1.00061246737865,0.900612467378647,324.434161466334,292.189450660117
19.5,100,0,3825.80384097897,114.446134325299,4,1.00061623154581,0.90061623154581,324.415615042155,292.173968673882
19.51,100,0,3826.31153318808,114.466022539102,4,1.0006199942603,0.900619994260305,324.397076934976,292.158493567237
19.52,100,0,3826.81899792633,114.485903380632,4,1.00062375552258,0.900623755522579,324.378547141189,292.143025337256
19.53,100,0,3827.32623529226,114.505776851835,4,1.00062751533308,0.900627515333079,324.360025657189,292.127563981008
19.54,100,0,3827.8332453844,114.525642954657,4,1.00063127369225,0.900631273692253,324.341512479371,292.112109495568
19.55,100,0,3828.34002830119,114.545501691047,4,1.00063503060055,0.900635030600546,324.323007604132,292.096661878009
19.56,100,0,3828.84658414107,114.565353062952,4,1.00063878605841,0.900638786058405,324.304511027873,292.081221125408
19.57,100,0,3829.35291300242,114.585197072318,4,1.00064254006628,0.900642540066278,324.286022746993,292.065787234842
19.58,100,0,3829.85901498359,114.605033721094,4,1.00064629262461,0.900646292624611,324.267542757892,292.050360203388
19.59,100,0,3830.36489018287,114.624863011226,4,1.00065004373385,0.90065004373385,324.249071056976,292.034940028125
19.6,100,0,3830.87053869852,114.644684944664,4,1.00065379339444,0.900653793394442,324.230607640648,292.019526706135
19.61,100,0,3831.37596062878,114.664499523355,4,1.00065754160683,0.900657541606834,324.212152505316,292.004120234498
19.62,100,0,3831.88115607181,114.684306749247,4,1.00066128837147,0.900661288371472,324.193705647385,291.988720610296
19.63,100,0,3832.38612512576,114.704106624287,4,1.0006650336888,0.900665033688801,324.175267063267,291.973327830614
19.64,100,0,3832.89086788873,114.723899150426,4,1.00066877755927,0.90066877755927,324.156836749372,291.957941892536
19.65,100,0,3833.39538445877,114.74368432961,4,1.00067251998332,0.900672519983323,324.138414702111,291.942562793149
19.66,100,0,3833.8996749339,114.763462163789,4,1.00067626096141,0.900676260961407,324.120000917899,291.927190529541
19.67,100,0,3834.40373941211,114.78323265491,4,1.00068000049397,0.900680000493968,324.101595393149,291.911825098798
19.68,100,0,3834.90757799132,114.802995804924,4,1.00068373858145,0.900683738581453,324.083198124281,291.896466498011
19.69,100,0,3835.41119076943,114.822751615779,4,1.00068747522431,0.900687475224306,324.064809107711,291.881114724271
19.7,100,0,3835.91457784429,114.842500089424,4,1.00069121042298,0.900691210422975,324.046428339859,291.86576977467
19.71,100,0,3836.41773931373,114.862241227808,4,1.0006949441779,0.900694944177905,324.028055817146,291.850431646299
19.72,100,0,3836.92067527552,114.881975032881,4,1.00069867648954,0.900698676489542,324.009691535995,291.835100336256
19.73,100,0,3837.42338582738,114.901701506592,4,1.00070240735833,0.900702407358331,323.99133549283,291.819775841633
19.74,100,0,3837.92587106702,114.92142065089,4,1.00070613678472,0.900706136784719,323.972987684076,291.804458159527
19.75,100,0,3838.42813109208,114.941132467726,4,1.00070986476915,0.90070986476915,323.954648106161,291.789147287038
19.76,100,0,3838.93016600017,114.960836959048,4,1.00071359131207,0.900713591312072,323.936316755513,291.773843221263
19.77,100,0,3839.43197588888,114.980534126808,4,1.00071731641393,0.900717316413928,323.917993628561,291.758545959302
19.78,100,0,3839.93356085572,115.000223972955,4,1.00072104007517,0.900721040075166,323.899678721739,291.743255498257
19.79,100,0,3840.4349209982,115.019906499439,4,1.00072476229623,0.900724762296229,323.881372031477,291.727971835229
19.8,100,0,3840.93605641376,115.03958170821,4,1.00072848307756,0.900728483077564,323.863073554211,291.712694967322
19.81,100,0,3841.4369671998,115.059249601219,4,1.00073220241962,0.900732202419615,323.844783286377,291.697424891642
19.82,100,0,3841.93765345371,115.078910180416,4,1.00073592032283,0.900735920322829,323.826501224413,291.682161605293
19.83,100,0,3842.43811527281,115.098563447753,4,1.00073963678765,0.90073963678765,323.808227364756,291.666905105383
19.84,100,0,3842.93835275439,115.118209405179,4,1.00074335181452,0.900743351814524,323.789961703847,291.65165538902
19.85,100,0,3843.4383659957,115.137848054645,4,1.00074706540389,0.900747065403895,323.771704238129,291.636412453312
19.86,100,0,3843.93815509394,115.157479398104,4,1.00075077755621,0.900750777556208,323.753454964044,291.621176295371
19.87,100,0,3844.43772014629,115.177103437504,4,1.00075448827191,0.900754488271909,323.735213878037,291.605946912309
19.88,100,0,3844.93706124987,115.196720174799,4,1.00075819755144,0.900758197551443,323.716980976555,291.590724301236
19.89,100,0,3845.43617850177,115.216329611939,4,1.00076190539525,0.900761905395253,323.698756256045,291.575508459269
19.9,100,0,3845.93507199903,115.235931750875,4,1.00076561180379,0.900765611803786,323.680539712957,291.560299383521
19.91,100,0,3846.43374183868,115.255526593559,4,1.00076931677749,0.900769316777485,323.662331343739,291.545097071108
19.92,100,0,3846.93218811766,115.275114141943,4,1.0007730203168,0.900773020316796,323.644131144847,291.529901519149
19.93,100,0,3847.43041093291,115.294694397978,4,1.00077672242216,0.900776722422163,323.625939112732,291.514712724761
19.94,100,0,3847.92841038132,115.314267363616,4,1.00078042309403,0.90078042309403,323.60775524385,291.499530685064
19.95,100,0,3848.42618655972,115.33383304081,4,1.00078412233284,0.900784122332843,323.589579534656,291.484355397179
19.96,100,0,3848.92373956494,115.353391431511,4,1.00078782013904,0.900787820139045,323.57141198161,291.469186858228
19.97,100,0,3849.42106949373,115.372942537671,4,1.00079151651308,0.900791516513081,323.553252581171,291.454025065333
19.98,100,0,3849.91817644282,115.392486361244,4,1.0007952114554,0.900795211455395,323.535101329799,291.438870015619
19.99,100,0,3850.41506050889,115.41202290418,4,1.00079890496643,0.900798904966432,323.516958223957,291.423721706212
20,100,0,3850.9117217886,115.431552168433,4,1.00080259704664,0.900802597046636,323.498823260109,291.408580134237
20.01,100,0,3851.40816037855,115.451074155955,4,1.00080628769645,0.90080628769645,323.480696434721,291.393445296824
20.02,100,0,3851.9043763753,115.470588868698,4,1.00080997691632,0.900809976916319,323.462577744258,291.378317191098
20.03,100,0,3852.40036987538,115.490096308617,4,1.00081366470669,0.900813664706688,323.44446718519,291.363195814193
20.04,100,0,3852.89614097527,115.509596477663,4,1.000817351068,0.900817351067999,323.426364753986,291.348081163238
20.05,100,0,3853.39168977143,115.52908937779,4,1.0008210360007,0.900821036000697,323.408270447117,291.332973235366
20.06,100,0,3853.88701636026,115.54857501095,4,1.00082471950523,0.900824719505226,323.390184261055,291.317872027708
20.07,100,0,3854.38212083811,115.568053379097,4,1.00082840158203,0.900828401582029,323.372106192276,291.302777537402
20.08,100,0,3854.87700330133,115.587524484185,4,1.00083208223155,0.900832082231551,323.354036237254,291.287689761581
20.09,100,0,3855.3716638462,115.606988328166,4,1.00083576145423,0.900835761454234,323.335974392466,291.272608697384
20.1,100,0,3855.86610256896,115.626444912994,4,1.00083943925052,0.900839439250523,323.317920654392,291.257534341947
20.11,100,0,3856.36031956581,115.645894240623,4,1.00084311562086,0.900843115620861,323.299875019509,291.242466692409
20.12,100,0,3856.85431493294,115.665336313006,4,1.00084679056569,0.900846790565691,323.281837484302,291.227405745913
20.13,100,0,3857.34808876645,115.684771132098,4,1.00085046408546,0.900850464085458,323.263808045252,291.212351499597
20.14,100,0,3857.84164116244,115.704198699851,4,1.0008541361806,0.900854136180603,323.245786698842,291.197303950605
20.15,100,0,3858.33497221696,115.723619018221,4,1.00085780685157,0.900857806851572,323.22777344156,291.182263096081
20.16,100,0,3858.82808202602,115.74303208916,4,1.00086147609881,0.900861476098806,323.209768269894,291.16722893317
20.17,100,0,3859.32097068557,115.762437914625,4,1.00086514392275,0.900865143922749,323.19177118033,291.152201459016
20.18,100,0,3859.81363829156,115.781836496567,4,1.00086881032384,0.900868810323845,323.173782169359,291.137180670768
20.19,100,0,3860.30608493985,115.801227836943,4,1.00087247530254,0.900872475302536,323.155801233473,291.122166565573
20.2,100,0,3860.79831072632,115.820611937706,4,1.00087613885927,0.900876138859265,323.137828369165,291.107159140581
20.21,100,0,3861.29031574676,115.839988800811,4,1.00087980099448,0.900879800994476,323.11986357293,291.092158392943
20.22,100,0,3861.78210009694,115.859358428212,4,1.00088346170861,0.90088346170861,323.101906841262,291.077164319809
20.23,100,0,3862.27366387259,115.878720821865,4,1.00088712100211,0.900887121002112,323.08395817066,291.062176918333
20.24,100,0,3862.7650071694,115.898075983724,4,1.00089077887542,0.900890778875423,323.066017557624,291.047196185669
20.25,100,0,3863.25613008302,115.917423915745,4,1.00089443532899,0.900894435328987,323.048084998652,291.032222118972
20.26,100,0,3863.74703270907,115.936764619881,4,1.00089809036325,0.900898090363246,323.030160490247,291.017254715397
20.27,100,0,3864.2377151431,115.956098098088,4,1.00090174397864,0.900901743978643,323.012244028912,291.002293972102
20.28,100,0,3864.72817748066,115.975424352322,4,1.00090539617562,0.90090539617562,322.994335611151,290.987339886245
20.29,100,0,3865.21841981723,115.994743384537,4,1.00090904695462,0.90090904695462,322.976435233471,290.972392454987
20.3,100,0,3865.70844224827,116.014055196689,4,1.00091269631609,0.900912696316085,322.958542892378,290.957451675487
20.31,100,0,3866.19824486919,116.033359790734,4,1.00091634426046,0.900916344260458,322.940658584383,290.942517544907
20.32,100,0,3866.68782777535,116.052657168626,4,1.00091999078818,0.90091999078818,322.922782305996,290.927590060411
20.33,100,0,3867.17719106211,116.071947332322,4,1.00092363589969,0.900923635899694,322.904914053728,290.912669219163
20.34,100,0,3867.66633482473,116.091230283777,4,1.00092727959544,0.900927279595443,322.887053824093,290.897755018327
20.35,100,0,3868.1552591585,116.110506024947,4,1.00093092187587,0.900930921875868,322.869201613605,290.882847455071
20.36,100,0,3868.64396415861,116.129774557788,4,1.00093456274141,0.900934562741411,322.851357418782,290.867946526561
20.37,100,0,3869.13244992024,116.149035884255,4,1.00093820219252,0.900938202192515,322.83352123614,290.853052229967
20.38,100,0,3869.62071653853,116.168290006305,4,1.00094184022962,0.900941840229621,322.815693062198,290.838164562457
20.39,100,0,3870.10876410857,116.187536925894,4,1.00094547685317,0.900945476853171,322.797872893478,290.823283521204
20.4,100,0,3870.59659272543,116.206776644978,4,1.00094911206361,0.900949112063607,322.7800607265,290.808409103378
20.41,100,0,3871.08420248411,116.226009165514,4,1.00095274586137,0.900952745861371,322.762256557789,290.793541306153
20.42,100,0,3871.57159347961,116.245234489457,4,1.0009563782469,0.900956378246905,322.74446038387,290.778680126703
20.43,100,0,3872.05876580685,116.264452618764,4,1.00096000922065,0.900960009220649,322.726672201269,290.763825562204
20.44,100,0,3872.54571956074,116.283663555391,4,1.00096363878305,0.900963638783046,322.708892006513,290.748977609833
20.45,100,0,3873.03245483614,116.302867301296,4,1.00096726693454,0.900967266934537,322.691119796131,290.734136266766
20.46,100,0,3873.51897172786,116.322063858434,4,1.00097089367556,0.900970893675563,322.673355566655,290.719301530182
20.47,100,0,3874.00527033069,116.341253228763,4,1.00097451900657,0.900974519006567,322.655599314617,290.704473397263
20.48,100,0,3874.49135073938,116.360435414239,4,1.00097814292799,0.900978142927989,322.637851036549,290.689651865187
20.49,100,0,3874.97721304862,116.37961041682,4,1.00098176544027,0.90098176544027,322.620110728987,290.674836931138
20.5,100,0,3875.46285735308,116.398778238461,4,1.00098538654385,0.900985386543852,322.602378388467,290.660028592299
20.51,100,0,3875.94828374739,116.417938881121,4,1.00098900623918,0.900989006239176,322.584654011527,290.645226845854
20.52,100,0,3876.43349232612,116.437092346755,4,1.00099262452668,0.900992624526683,322.566937594706,290.630431688989
20.53,100,0,3876.91848318384,116.456238637323,4,1.00099624140681,0.900996241406814,322.549229134545,290.61564311889
20.54,100,0,3877.40325641503,116.47537775478,4,1.00099985688001,0.90099985688001,322.531528627586,290.600861132746
20.55,100,0,3877.89778290299,116.494507099542,4,1.00100161616713,0.901001616167126,322.471755798812,290.54757314298
20.56,100,0,3878.40734341988,116.513625211472,4,1.0010031207043,0.9010031207043,322.427940453995,290.50858055131
20.57,100,0,3878.92545882702,116.532733693395,4,1.00100451958222,0.901004519582216,322.394590985229,290.478983566551
20.58,100,0,3879.44837060747,116.551833476626,4,1.00100585777327,0.901005857773273,322.367234112324,290.454766289372
20.59,100,0,3879.9739277652,116.57092509509,4,1.00100716101339,0.901007161013395,322.343311008413,290.433631523348
20.6,100,0,3880.50089900068,116.590008855358,4,1.00100844403377,0.901008444033766,322.321357484623,290.414264786072
20.61,100,0,3881.02857934484,116.609084933891,4,1.00100971526828,0.901009715268276,322.300535498029,290.395913719892
20.62,100,0,3881.5565651128,116.628153432673,4,1.00101097954644,0.901010979546443,322.280365279554,290.378147609117
20.63,100,0,3882.08462511832,116.647214411046,4,1.00101223963434,0.901012239634342,322.260572111842,290.360719824335
20.64,100,0,3882.61262695731,116.666267903934,4,1.00101349711653,0.901013497116526,322.240998660687,290.343489117587
20.65,100,0,3883.14049480421,116.685313932274,4,1.0010147529009,0.901014752900895,322.22155480185,290.326374579131
20.66,100,0,3883.66818524514,116.704352508994,4,1.00101600750776,0.901016007507763,322.202188900588,290.30932985347
20.67,100,0,3884.19567343688,116.723383642429,4,1.00101726123539,0.901017261235393,322.182871368101,290.292328377042
20.68,100,0,3884.72294517833,116.742407338283,4,1.00101851425481,0.901018514254813,322.163585245243,290.275354924673
20.69,100,0,3885.24999236799,116.761423600755,4,1.00101976666414,0.901019766664137,322.14432080938,290.258400767845
20.7,100,0,3885.77681040103,116.780432433177,4,1.00102101851968,0.901021018519679,322.125072484953,290.241460901118
20.71,100,0,3886.30339667742,116.799433838387,4,1.0010222698538,0.901022269853796,322.105837073399,290.224532453031
20.72,100,0,3886.82974974676,116.818427818938,4,1.0010235206851,0.901023520685102,322.086612738826,290.207613775476
20.73,100,0,3887.35586881804,116.837414377221,4,1.00102477102433,0.901024771024334,322.067398426654,290.190703921779
20.74,100,0,3887.88175347847,116.856393515532,4,1.00102602087771,0.901026020877708,322.04819353036,290.173802347515
20.75,100,0,3888.40740353226,116.875365236115,4,1.00102727024885,0.90102727024885,322.028997700415,290.156908738978
20.76,100,0,3888.93281890812,116.894329541182,4,1.0010285191399,0.901028519139895,322.00981073471,290.140022914814
20.77,100,0,3889.45799960622,116.913286432928,4,1.00102976755213,0.901029767552127,321.990632515731,290.123144769612
20.78,100,0,3889.98294566771,116.932235913537,4,1.00103101548634,0.901031015486337,321.971462974501,290.106274241536
20.79,100,0,3890.50765715727,116.951177985189,4,1.00103226294304,0.901032262943038,321.952302069903,290.089411293766
20.8,100,0,3891.0321341531,116.970112650058,4,1.00103350992258,0.90103350992258,321.93314977682,290.07255590384
20.81,100,0,3891.55637674111,116.989039910318,4,1.00103475642522,0.901034756425219,321.914006079312,290.05570805754
20.82,100,0,3892.08038501165,117.007959768142,4,1.00103600245116,0.90103600245116,321.894870966717,290.038867745383
20.83,100,0,3892.6041590576,117.026872225701,4,1.00103724800058,0.901037248000577,321.875744431402,290.022034960607
20.84,100,0,3893.12769897328,117.045777285167,4,1.00103849307362,0.901038493073624,321.856626467472,290.005209698012
20.85,100,0,3893.65100485384,117.06467494871,4,1.00103973767045,0.901039737670449,321.837517070039,289.988391953296
20.86,100,0,3894.17407679487,117.083565218503,4,1.00104098179119,0.901040981791189,321.818416234783,289.971581722674
20.87,100,0,3894.69691489221,117.102448096716,4,1.00104222543598,0.901042225435983,321.79932395772,289.954779002659
20.88,100,0,3895.21951924183,117.121323585519,4,1.00104346860496,0.901043468604965,321.780240235055,289.937983789933
20.89,100,0,3895.74188993976,117.140191687084,4,1.00104471129827,0.901044711298267,321.761165063106,289.921196081281
20.9,100,0,3896.26402708206,117.159052403582,4,1.00104595351602,0.901045953516025,321.742098438252,289.904415873541
20.91,100,0,3896.78593076479,117.177905737183,4,1.00104719525837,0.901047195258369,321.72304035691,289.887643163588
20.92,100,0,3897.30760108397,117.196751690058,4,1.00104843652543,0.901048436525432,321.703990815517,289.870877948313
20.93,100,0,3897.82903813562,117.215590264379,4,1.00104967731735,0.901049677317347,321.684949810527,289.854120224622
20.94,100,0,3898.35024201575,117.234421462315,4,1.00105091763424,0.901050917634245,321.665917338402,289.837369989428
20.95,100,0,3898.8712128203,117.253245286038,4,1.00105215747626,0.901052157476259,321.646893395604,289.820627239645
20.96,100,0,3899.39195064522,117.272061737718,4,1.00105339684352,0.90105339684352,321.627877978604,289.803891972195
20.97,100,0,3899.91245558641,117.290870819526,4,1.00105463573616,0.901054635736162,321.608871083873,289.787164183998
20.98,100,0,3900.43272773973,117.309672533633,4,1.00105587415432,0.901055874154316,321.589872707884,289.770443871978
20.99,100,0,3900.95276720104,117.32846688221,4,1.00105711209811,0.901057112098114,321.570882847112,289.75373103306
21,100,0,3901.47257406614,117.347253867427,4,1.00105834956769,0.901058349567688,321.551901498033,289.737025664169
21.01,100,0,3901.9921484308,117.366033491455,4,1.00105958656317,0.901059586563171,321.532928657125,289.720327762234
21.02,100,0,3902.51149039078,117.384805756465,4,1.00106082308469,0.901060823084694,321.513964320866,289.703637324182
21.03,100,0,3903.03060004179,117.403570664627,4,1.00106205913239,0.90106205913239,321.495008485737,289.686954346943
21.04,100,0,3903.54947747951,117.422328218111,4,1.00106329470639,0.90106329470639,321.47606114822,289.670278827448
21.05,100,0,3904.0681227996,117.44107841909,4,1.00106452980683,0.901064529806827,321.457122304796,289.653610762627
21.06,100,0,3904.58653609767,117.459821269732,4,1.00106576443383,0.901065764433834,321.438191951949,289.636950149412
21.07,100,0,3905.10471746931,117.478556772209,4,1.00106699858754,0.901066998587541,321.419270086164,289.620296984738
21.08,100,0,3905.62266701009,117.497284928691,4,1.00106823226808,0.901068232268082,321.400356703928,289.603651265539
21.09,100,0,3906.14038481552,117.516005741349,4,1.00106946547559,0.901069465475589,321.381451801727,289.587012988751
21.1,100,0,3906.6578709811,117.534719212352,4,1.00107069821019,0.901070698210192,321.362555376049,289.570382151308
21.11,100,0,3907.17512560229,117.553425343873,4,1.00107193047203,0.901071930472026,321.343667423385,289.55375875015
21.12,100,0,3907.69214877452,117.572124138081,4,1.00107316226122,0.901073162261221,321.324787940225,289.537142782215
21.13,100,0,3908.2089405932,117.590815597146,4,1.00107439357791,0.901074393577911,321.305916923062,289.520534244443
21.14,100,0,3908.72550115368,117.609499723239,4,1.00107562442223,0.901075624422227,321.287054368387,289.503933133772
21.15,100,0,3909.24183055132,117.62817651853,4,1.0010768547943,0.901076854794301,321.268200272696,289.487339447147
21.16,100,0,3909.7579288814,117.64684598519,4,1.00107808469427,0.901078084694266,321.249354632484,289.470753181508
21.17,100,0,3910.2737962392,117.665508125388,4,1.00107931412225,0.901079314122253,321.230517444247,289.454174333799
21.18,100,0,3910.78943271997,117.684162941296,4,1.0010805430784,0.901080543078395,321.211688704485,289.437602900966
21.19,100,0,3911.30483841892,117.702810435083,4,1.00108177156282,0.901081771562825,321.192868409694,289.421038879952
21.2,100,0,3911.82001343121,117.72145060892,4,1.00108299957567,0.901082999575673,321.174056556377,289.404482267707
21.21,100,0,3912.33495785201,117.740083464977,4,1.00108422711707,0.901084227117074,321.155253141032,289.387933061175
21.22,100,0,3912.84967177642,117.758709005424,4,1.00108545418716,0.901085454187157,321.136458160165,289.371391257307
21.23,100,0,3913.36415529953,117.77732723243,4,1.00108668078606,0.901086680786057,321.117671610279,289.354856853053
21.24,100,0,3913.87840851639,117.795938148167,4,1.0010879069139,0.901087906913905,321.098893487877,289.338329845362
21.25,100,0,3914.39243152202,117.814541754805,4,1.00108913257083,0.901089132570833,321.080123789465,289.321810231185
21.26,100,0,3914.90622441141,117.833138054512,4,1.00109035775697,0.901090357756973,321.061362511553,289.305298007477
21.27,100,0,3915.41978727952,117.85172704946,4,1.00109158247246,0.901091582472459,321.042609650647,289.28879317119
21.28,100,0,3915.93312022128,117.870308741818,4,1.00109280671742,0.901092806717421,321.023865203259,289.272295719279
21.29,100,0,3916.44622333157,117.888883133756,4,1.00109403049199,0.901094030491992,321.005129165897,289.2558056487
21.3,100,0,3916.95909670527,117.907450227444,4,1.0010952537963,0.901095253796304,320.986401535075,289.239322956411
21.31,100,0,3917.47174043719,117.926010025052,4,1.00109647663049,0.90109647663049,320.967682307303,289.222847639365
21.32,100,0,3917.98415462215,117.94456252875,4,1.00109769899468,0.901097698994682,320.948971479099,289.206379694526
21.33,100,0,3918.49633935492,117.963107740708,4,1.00109892088901,0.901098920889012,320.930269046977,289.189919118851
21.34,100,0,3919.00829473022,117.981645663094,4,1.00110014231361,0.901100142313612,320.911575007453,289.173465909301
21.35,100,0,3919.52002084276,118.00017629808,4,1.00110136326861,0.901101363268615,320.892889357046,289.157020062839
21.36,100,0,3920.03151778723,118.018699647834,4,1.00110258375415,0.901102583754152,320.874212092274,289.140581576426
21.37,100,0,3920.54278565825,118.037215714526,4,1.00110380377036,0.901103803770357,320.855543209657,289.124150447026
21.38,100,0,3921.05382455045,118.055724500326,4,1.00110502331736,0.90110502331736,320.836882705718,289.107726671606
21.39,100,0,3921.5646345584,118.074226007403,4,1.00110624239529,0.901106242395295,320.818230576978,289.091310247128
21.4,100,0,3922.07521577665,118.092720237927,4,1.00110746100429,0.901107461004294,320.799586819962,289.074901170562
21.41,100,0,3922.58556829971,118.111207194067,4,1.00110867914449,0.901108679144488,320.780951431192,289.058499438874
21.42,100,0,3923.09569222208,118.129686877993,4,1.00110989681601,0.901109896816011,320.762324407198,289.042105049034
21.43,100,0,3923.6055876382,118.148159291874,4,1.00111111401899,0.901111114018994,320.743705744504,289.02571799801
21.44,100,0,3924.1152546425,118.166624437879,4,1.00111233075357,0.90111233075357,320.725095439639,289.009338282775
21.45,100,0,3924.62469332937,118.185082318178,4,1.00111354701987,0.901113547019871,320.706493489134,288.992965900299
21.46,100,0,3925.13390379316,118.20353293494,4,1.00111476281803,0.90111476281803,320.687899889518,288.976600847555
21.47,100,0,3925.64288612821,118.221976290334,4,1.00111597814818,0.901115978148178,320.669314637324,288.960243121518
21.48,100,0,3926.15164042881,118.240412386528,4,1.00111719301045,0.901117193010447,320.650737729084,288.943892719162
21.49,100,0,3926.66016678922,118.258841225693,4,1.00111840740497,0.901118407404971,320.632169161334,288.927549637462
21.5,100,0,3927.16846530369,118.277262809998,4,1.00111962133188,0.901119621331881,320.613608930608,288.911213873397
21.51,100,0,3927.67653606641,118.29567714161,4,1.00112083479131,0.90112083479131,320.595057033443,288.894885423944
21.52,100,0,3928.18437917155,118.3140842227,4,1.00112204778339,0.90112204778339,320.576513466376,288.87856428608
21.53,100,0,3928.69199471325,118.332484055436,4,1.00112326030825,0.901123260308252,320.557978225948,288.862250456788
21.54,100,0,3929.19938278562,118.350876641986,4,1.00112447236603,0.901124472366031,320.539451308697,288.845943933046
21.55,100,0,3929.70654348273,118.36926198452,4,1.00112568395686,0.901125683956857,320.520932711165,288.829644711838
21.56,100,0,3930.21347689864,118.387640085207,4,1.00112689508086,0.901126895080863,320.502422429894,288.813352790146
21.57,100,0,3930.72018312735,118.406010946215,4,1.00112810573818,0.901128105738182,320.483920461429,288.797068164953
21.58,100,0,3931.22666226284,118.424374569713,4,1.00112931592894,0.901129315928945,320.465426802313,288.780790833245
21.59,100,0,3931.73291439907,118.442730957868,4,1.00113052565329,0.901130525653285,320.446941449093,288.764520792009
21.6,100,0,3932.23893962995,118.461080112851,4,1.00113173491133,0.901131734911335,320.428464398315,288.748258038229
21.61,100,0,3932.74473804938,118.479422036829,4,1.00113294370323,0.901132943703226,320.409995646529,288.732002568894
21.62,100,0,3933.25030975121,118.497756731971,4,1.00113415202909,0.90113415202909,320.391535190285,288.715754380996
21.63,100,0,3933.75565482926,118.516084200444,4,1.00113535988906,0.901135359889062,320.373083026131,288.699513471521
21.64,100,0,3934.26077337732,118.534404444418,4,1.00113656728327,0.901136567283271,320.354639150619,288.68327983746
21.65,100,0,3934.76566548917,118.552717466061,4,1.00113777421185,0.901137774211851,320.336203560305,288.667053475808
21.66,100,0,3935.27033125852,118.57102326754,4,1.00113898067493,0.901138980674935,320.31777625174,288.650834383555
21.67,100,0,3935.77477077909,118.589321851024,4,1.00114018667265,0.901140186672653,320.299357221482,288.634622557697
21.68,100,0,3936.27898414453,118.607613218681,4,1.00114139220514,0.90114139220514,320.280946466084,288.618417995227
21.69,100,0,3936.78297144849,118.625897372679,4,1.00114259727253,0.901142597272527,320.262543982107,288.602220693142
21.7,100,0,3937.28673278456,118.644174315186,4,1.00114380187495,0.901143801874946,320.244149766108,288.58603064844
21.71,100,0,3937.79026824633,118.66244404837,4,1.00114500601253,0.901145006012529,320.225763814646,288.569847858116
21.72,100,0,3938.29357792733,118.680706574398,4,1.00114620968541,0.90114620968541,320.207386124286,288.553672319173
21.73,100,0,3938.79666192108,118.698961895439,4,1.00114741289372,0.90114741289372,320.189016691587,288.537504028607
21.74,100,0,3939.29952032105,118.717210013659,4,1.00114861563759,0.901148615637591,320.170655513114,288.521342983423
21.75,100,0,3939.80215322069,118.735450931228,4,1.00114981791716,0.901149817917157,320.152302585431,288.50518918062
21.76,100,0,3940.30456071343,118.753684650311,4,1.00115101973255,0.901151019732549,320.133957905103,288.489042617201
21.77,100,0,3940.80674289264,118.771911173077,4,1.0011522210839,0.901152221083899,320.115621468699,288.472903290171
21.78,100,0,3941.30869985169,118.790130501694,4,1.00115342197134,0.901153421971341,320.097293272786,288.456771196534
21.79,100,0,3941.81043168388,118.808342638328,4,1.00115462239501,0.901154622395005,320.078973313933,288.440646333299
21.8,100,0,3942.31193848252,118.826547585146,4,1.00115582235503,0.901155822355026,320.060661588712,288.424528697469
21.81,100,0,3942.81322034086,118.844745344317,4,1.00115702185153,0.901157021851534,320.042358093693,288.408418286055
21.82,100,0,3943.31427735214,118.862935918008,4,1.00115822088466,0.901158220884663,320.02406282545,288.392315096064
21.83,100,0,3943.81510960955,118.881119308384,4,1.00115941945454,0.901159419454544,320.005775780557,288.376219124507
21.84,100,0,3944.31571720625,118.899295517614,4,1.00116061756131,0.90116061756131,319.987496955587,288.360130368395
21.85,100,0,3944.81610023539,118.917464547864,4,1.00116181520509,0.901161815205093,319.969226347119,288.344048824739
21.86,100,0,3945.31625879006,118.935626401302,4,1.00116301238603,0.901163012386026,319.95096395173,288.327974490554
21.87,100,0,3945.81619296334,118.953781080093,4,1.00116420910424,0.901164209104242,319.932709765999,288.311907362853
21.88,100,0,3946.31590284826,118.971928586406,4,1.00116540535987,0.901165405359871,319.914463786503,288.29584743865
21.89,100,0,3946.81538853784,118.990068922406,4,1.00116660115305,0.901166601153047,319.896226009828,288.279794714963
21.9,100,0,3947.31465012506,119.00820209026,4,1.0011677964839,0.901167796483902,319.877996432551,288.263749188808
21.91,100,0,3947.81368770286,119.026328092134,4,1.00116899135257,0.901168991352569,319.859775051258,288.247710857202
21.92,100,0,3948.31250136415,119.044446930196,4,1.00117018575918,0.901170185759179,319.841561862533,288.231679717165
21.93,100,0,3948.81109120183,119.062558606612,4,1.00117137970387,0.901171379703865,319.823356862964,288.215655765719
21.94,100,0,3949.30945730875,119.080663123547,4,1.00117257318676,0.90117257318676,319.805160049134,288.199638999882
21.95,100,0,3949.80759977772,119.098760483168,4,1.001173766208,0.901173766207995,319.786971417633,288.183629416677
21.96,100,0,3950.30551870153,119.116850687642,4,1.0011749587677,0.901174958767704,319.76879096505,288.167627013127
21.97,100,0,3950.80321417295,119.134933739133,4,1.00117615086602,0.901176150866018,319.750618687975,288.151631786257
21.98,100,0,3951.30068628471,119.15300963981,4,1.00117734250307,0.901177342503069,319.732454583001,288.135643733092
21.99,100,0,3951.79793512949,119.171078391836,4,1.00117853367899,0.901178533678991,319.714298646719,288.119662850658
22,100,0,3952.29496079997,119.189139997379,4,1.00117972439392,0.901179724393915,319.696150875723,288.10368913598
22.01,100,0,3952.79176338878,119.207194458603,4,1.00118091464797,0.901180914647975,319.678011266608,288.087722586088
22.02,100,0,3953.28834298852,119.225241777675,4,1.0011821044413,0.901182104441301,319.659879815971,288.07176319801
22.03,100,0,3953.78469969176,119.24328195676,4,1.00118329377403,0.901183293774027,319.64175652041,288.055810968778
22.04,100,0,3954.28083359104,119.261314998024,4,1.00118448264628,0.901184482646285,319.623641376521,288.039865895422
22.05,100,0,3954.77674477888,119.279340903633,4,1.00118567105821,0.901185671058207,319.605534380905,288.023927974972
22.06,100,0,3955.27243334774,119.29735967575,4,1.00118685900993,0.901186859009926,319.587435530164,288.007997204465
22.07,100,0,3955.76789939008,119.315371316543,4,1.00118804650157,0.901188046501573,319.569344820897,287.992073580932
22.08,100,0,3956.26314299831,119.333375828176,4,1.00118923353328,0.901189233533282,319.55126224971,287.976157101409
22.09,100,0,3956.75816426482,119.351373212814,4,1.00119042010519,0.901190420105185,319.533187813206,287.960247762932
22.1,100,0,3957.25296328195,119.369363472622,4,1.00119160621741,0.901191606217414,319.515121507992,287.94434556254
22.11,100,0,3957.74754014203,119.387346609766,4,1.0011927918701,0.901192791870101,319.497063330672,287.928450497267
22.12,100,0,3958.24189493735,119.405322626409,4,1.00119397706338,0.901193977063379,319.479013277856,287.912562564155
22.13,100,0,3958.73602776017,119.423291524718,4,1.00119516179738,0.90119516179738,319.460971346153,287.896681760244
22.14,100,0,3959.22993870271,119.441253306856,4,1.00119634607224,0.901196346072236,319.442937532171,287.880808082574
22.15,100,0,3959.72362785717,119.459207974988,4,1.00119752988808,0.90119752988808,319.424911832523,287.864941528187
22.16,100,0,3960.21709531571,119.477155531279,4,1.00119871324504,0.901198713245045,319.406894243821,287.849082094127
22.17,100,0,3960.71034117048,119.495095977893,4,1.00119989614326,0.901199896143262,319.38888476268,287.833229777439
22.18,100,0,3961.20336551357,119.513029316995,4,1.00120107858286,0.901201078582864,319.370883385712,287.817384575166
22.19,100,0,3961.69616843706,119.530955550748,4,1.00120226056398,0.901202260563983,319.352890109535,287.801546484354
22.2,100,0,3962.18875003298,119.548874681317,4,1.00120344208675,0.901203442086751,319.334904930767,287.785715502053
22.21,100,0,3962.68111039334,119.566786710867,4,1.0012046231513,0.901204623151302,319.316927846023,287.769891625307
22.22,100,0,3963.17324961013,119.58469164156,4,1.00120580375777,0.901205803757767,319.298958851926,287.754074851168
22.23,100,0,3963.66516777528,119.602589475562,4,1.00120698390628,0.901206983906278,319.280997945095,287.738265176685
22.24,100,0,3964.15686498072,119.620480215035,4,1.00120816359697,0.901208163596969,319.263045122151,287.72246259891
22.25,100,0,3964.64834131833,119.638363862144,4,1.00120934282997,0.90120934282997,319.245100379717,287.706667114893
22.26,100,0,3965.13959687995,119.656240419051,4,1.00121052160542,0.901210521605416,319.227163714419,287.690878721689
22.27,100,0,3965.63063175742,119.674109887922,4,1.00121169992344,0.901211699923438,319.20923512288,287.675097416351
22.28,100,0,3966.12144604253,119.691972270918,4,1.00121287778417,0.901212877784168,319.191314601727,287.659323195934
22.29,100,0,3966.61203982703,119.709827570204,4,1.00121405518774,0.901214055187738,319.173402147589,287.643556057496
22.3,100,0,3967.10241320265,119.727675787942,4,1.00121523213428,0.901215232134282,319.155497757094,287.627795998092
22.31,100,0,3967.59256626109,119.745516926297,4,1.00121640862393,0.901216408623931,319.13760142687,287.61204301478
22.32,100,0,3968.08249909402,119.76335098743,4,1.00121758465682,0.901217584656819,319.119713153551,287.59629710462
22.33,100,0,3968.57221179307,119.781177973505,4,1.00121876023308,0.901218760233076,319.101832933767,287.580558264672
22.34,100,0,3969.06170444984,119.798997886684,4,1.00121993535284,0.901219935352836,319.083960764152,287.564826491996
22.35,100,0,3969.55097715591,119.816810729131,4,1.00122111001623,0.901221110016231,319.066096641341,287.549101783655
22.36,100,0,3970.04003000282,119.834616503008,4,1.00122228422339,0.901222284223392,319.04824056197,287.533384136713
22.37,100,0,3970.52886308207,119.852415210478,4,1.00122345797445,0.901223457974454,319.030392522674,287.517673548232
22.38,100,0,3971.01747648516,119.870206853703,4,1.00122463126955,0.901224631269547,319.012552520093,287.501970015278
22.39,100,0,3971.50587030352,119.887991434846,4,1.0012258041088,0.901225804108805,318.994720550865,287.486273534917
22.4,100,0,3971.99404462858,119.905768956068,4,1.00122697649236,0.901226976492359,318.976896611631,287.470584104216
22.41,100,0,3972.48199955171,119.923539419532,4,1.00122814842034,0.901228148420342,318.959080699033,287.454901720244
22.42,100,0,3972.96973516428,119.9413028274,4,1.00122931989289,0.901229319892887,318.941272809712,287.439226380068
22.43,100,0,3973.4572515576,119.959059181834,4,1.00123049091012,0.901230490910125,318.923472940313,287.42355808076
22.44,100,0,3973.94454882298,119.976808484996,4,1.00123166147219,0.901231661472189,318.905681087481,287.407896819391
22.45,100,0,3974.43162705167,119.994550739047,4,1.00123283157921,0.901232831579211,318.88789724786,287.392242593029
22.46,100,0,3974.9184863349,120.01228594615,4,1.00123400123132,0.901234001231324,318.8701214181,287.376595398752
22.47,100,0,3975.40512676386,120.030014108465,4,1.00123517042866,0.90123517042866,318.852353594848,287.360955233632
22.48,100,0,3975.89154842974,120.047735228154,4,1.00123633917135,0.901236339171351,318.834593774755,287.345322094745
22.49,100,0,3976.37775142367,120.065449307379,4,1.00123750745953,0.901237507459529,318.81684195447,287.329695979165
22.5,100,0,3976.86373583674,120.083156348301,4,1.00123867529333,0.901238675293328,318.799098130645,287.31407688397
22.51,100,0,3977.34950176004,120.100856353081,4,1.00123984267288,0.901239842672879,318.781362299936,287.29846480624
22.52,100,0,3977.83504928461,120.118549323879,4,1.00124100959831,0.901241009598315,318.763634458992,287.282859743051
22.53,100,0,3978.32037850147,120.136235262857,4,1.00124217606977,0.901242176069767,318.745914604472,287.267261691483
22.54,100,0,3978.80548950159,120.153914172176,4,1.00124334208737,0.901243342087369,318.728202733034,287.25167064862
22.55,100,0,3979.29038237592,120.171586053996,4,1.00124450765125,0.901244507651253,318.710498841331,287.236086611541
22.56,100,0,3979.77505721539,120.189250910478,4,1.00124567276155,0.90124567276155,318.692802926025,287.22050957733
22.57,100,0,3980.25951411087,120.206908743782,4,1.00124683741839,0.901246837418394,318.675114983776,287.204939543071
22.58,100,0,3980.74375315324,120.224559556069,4,1.00124800162192,0.901248001621916,318.657435011245,287.18937650585
22.59,100,0,3981.22777443332,120.242203349498,4,1.00124916537225,0.90124916537225,318.639763005092,287.173820462751
22.6,100,0,3981.71157804189,120.259840126231,4,1.00125032866953,0.901250328669526,318.622098961984,287.158271410862
22.61,100,0,3982.19516406973,120.277469888426,4,1.00125149151388,0.901251491513878,318.604442878583,287.142729347271
22.62,100,0,3982.67853260757,120.295092638245,4,1.00125265390544,0.901252653905438,318.586794751556,287.127194269067
22.63,100,0,3983.16168374611,120.312708377846,4,1.00125381584434,0.901253815844338,318.569154577569,287.111666173339
22.64,100,0,3983.64461757602,120.33031710939,4,1.00125497733071,0.90125497733071,318.55152235329,287.096145057178
22.65,100,0,3984.12733418794,120.347918835036,4,1.00125613836469,0.901256138364687,318.533898075391,287.080630917678
22.66,100,0,3984.60983367249,120.365513556943,4,1.0012572989464,0.901257298946402,318.516281740539,287.065123751929
22.67,100,0,3985.09211612023,120.38310127727,4,1.00125845907599,0.901258459075985,318.498673345407,287.049623557027
22.68,100,0,3985.57418162171,120.400681998178,4,1.00125961875357,0.901259618753571,318.481072886669,287.034130330067
22.69,100,0,3986.05603026745,120.418255721825,4,1.00126077797929,0.90126077797929,318.463480360996,287.018644068144
22.7,100,0,3986.53766214795,120.43582245037,4,1.00126193675328,0.901261936753276,318.445895765065,287.003164768354
22.71,100,0,3987.01907735364,120.453382185972,4,1.00126309507566,0.90126309507566,318.428319095551,286.987692427796
22.72,100,0,3987.50027597495,120.470934930789,4,1.00126425294658,0.901264252946575,318.410750349132,286.972227043569
22.73,100,0,3987.98125810227,120.488480686981,4,1.00126541036615,0.901265410366154,318.393189522487,286.956768612773
22.74,100,0,3988.46202382597,120.506019456705,4,1.00126656733453,0.901266567334528,318.375636612296,286.941317132509
22.75,100,0,3988.94257323638,120.523551242121,4,1.00126772385183,0.901267723851829,318.358091615238,286.925872599878
22.76,100,0,3989.42290642379,120.541076045386,4,1.00126887991819,0.901268879918191,318.340554527995,286.910435011982
22.77,100,0,3989.90302347847,120.558593868658,4,1.00127003553374,0.901270035533745,318.323025347252,286.895004365927
22.78,100,0,3990.38292449066,120.576104714097,4,1.00127119069862,0.901271190698624,318.305504069691,286.879580658816
22.79,100,0,3990.86260955056,120.593608583858,4,1.00127234541296,0.901272345412959,318.287990691999,286.864163887756
22.8,100,0,3991.34207874836,120.611105480101,4,1.00127349967688,0.901273499676884,318.270485210863,286.848754049854
22.81,100,0,3991.82133217418,120.628595404983,4,1.00127465349053,0.90127465349053,318.252987622969,286.833351142217
22.82,100,0,3992.30036991816,120.646078360662,4,1.00127580685403,0.90127580685403,318.235497925006,286.817955161954
22.83,100,0,3992.77919207036,120.663554349294,4,1.00127695976752,0.901276959767516,318.218016113664,286.802566106174
22.84,100,0,3993.25779872084,120.681023373037,4,1.00127811223112,0.901278112231121,318.200542185637,286.78718397199
22.85,100,0,3993.73618995962,120.698485434049,4,1.00127926424498,0.901279264244975,318.183076137613,286.771808756511
22.86,100,0,3994.21436587669,120.715940534486,4,1.00128041580921,0.901280415809213,318.165617966289,286.756440456852
22.87,100,0,3994.692326562,120.733388676505,4,1.00128156692397,0.901281566923966,318.148167668358,286.741079070126
22.88,100,0,3995.17007210549,120.750829862264,4,1.00128271758937,0.901282717589366,318.130725240515,286.725724593447
22.89,100,0,3995.64760259705,120.768264093918,4,1.00128386780555,0.901283867805545,318.113290679458,286.710377023932
22.9,100,0,3996.12491812655,120.785691373624,4,1.00128501757264,0.901285017572637,318.095863981886,286.695036358697
22.91,100,0,3996.60201878382,120.803111703539,4,1.00128616689077,0.901286166890772,318.078445144496,286.679702594859
22.92,100,0,3997.07890465866,120.820525085818,4,1.00128731576008,0.901287315760084,318.061034163989,286.664375729538
22.93,100,0,3997.55557584085,120.837931522619,4,1.0012884641807,0.901288464180705,318.043631037068,286.649055759853
22.94,100,0,3998.03203242013,120.855331016096,4,1.00128961215277,0.901289612152766,318.026235760434,286.633742682926
22.95,100,0,3998.50827448621,120.872723568407,4,1.0012907596764,0.9012907596764,318.008848330791,286.618436495876
22.96,100,0,3998.98430212877,120.890109181706,4,1.00129190675174,0.90129190675174,317.991468744845,286.603137195828
22.97,100,0,3999.46011543746,120.907487858149,4,1.00129305337892,0.901293053378917,317.974096999301,286.587844779904
22.98,100,0,3999.93571450189,120.924859599891,4,1.00129419955806,0.901294199558064,317.956733090867,286.57255924523
22.99,100,0,4000.41127549297,120.942224415939,4,1.00129534325421,0.901295343254208,317.93957004941,286.557453921779
23,100,0,4000.88697023964,120.959582347492,4,1.00129648249571,0.901296482495709,317.922794928766,286.542696774502
23.01,100,0,4001.36266342585,120.976933431716,4,1.00129761886393,0.901297618863933,317.906257802944,286.528153179737
23.02,100,0,4001.83827066831,120.994277691536,4,1.00129875334494,0.90129875334494,317.889865204815,286.513739210091
23.03,100,0,4002.31374178275,121.011615141423,4,1.00129988652556,0.901299886525559,317.873561523788,286.499404930866
23.04,100,0,4002.78904693353,121.028945790816,4,1.00130101875509,0.901301018755094,317.857313667819,286.485120627563
23.05,100,0,4003.26416839425,121.046269646159,4,1.00130215024152,0.901302150241516,317.841101941679,286.470868615168
23.06,100,0,4003.73909564555,121.063586712117,4,1.00130328110868,0.901303281108683,317.824914621359,286.456638366318
23.07,100,0,4004.21382245809,121.08089699229,4,1.0013044114304,0.901304411430396,317.808744726446,286.442423613102
23.08,100,0,4004.68834515655,121.09820048965,4,1.00130554125065,0.901305541250649,317.792588099792,286.428220622728
23.09,100,0,4005.16266158627,121.115497206792,4,1.0013066705957,0.901306670595699,317.776442264809,286.414027171442
23.1,100,0,4005.63677049815,121.132787146086,4,1.00130779948123,0.901307799481235,317.760305745414,286.399841933884
23.11,100,0,4006.11067118241,121.150070309771,4,1.00130892791665,0.901308927916655,317.74417766124,286.385664119611
23.12,100,0,4006.58436325052,121.167346700003,4,1.00131005590761,0.901310055907611,317.728057486672,286.371493256729
23.13,100,0,4007.0578465053,121.184616318893,4,1.00131118345752,0.901311183457522,317.711944907379,286.357329063061
23.14,100,0,4007.53112086359,121.201879168523,4,1.00131231056848,0.901312310568478,317.695839734882,286.34317136944
23.15,100,0,4008.00418631017,121.219135250959,4,1.00131343724177,0.901313437241774,317.679741855684,286.329020074026
23.16,100,0,4008.47704287026,121.236384568256,4,1.00131456347824,0.901314563478236,317.663651200957,286.314875115093
23.17,100,0,4008.94969059323,121.253627122463,4,1.00131568927841,0.901315689278407,317.647567728496,286.300736454819
23.18,100,0,4009.42212954279,121.270862915626,4,1.00131681464266,0.901316814642663,317.631491411965,286.28660406963
23.19,100,0,4009.89435979122,121.288091949787,4,1.00131793957128,0.901317939571277,317.615422234483,286.272477944445
23.2,100,0,4010.36638141586,121.305314226989,4,1.00131906406447,0.901319064064467,317.599360184812,286.258358069248
23.21,100,0,4010.83819449711,121.322529749273,4,1.00132018812241,0.901320188122413,317.583305255072,286.244244437039
23.22,100,0,4011.30979911713,121.33973851868,4,1.00132131174527,0.901321311745273,317.567257439391,286.230137042621
23.23,100,0,4011.78119535917,121.356940537249,4,1.00132243493319,0.901322434933193,317.551216733093,286.21603588187
23.24,100,0,4012.25238330708,121.374135807021,4,1.00132355768631,0.901323557686313,317.535183132215,286.201940951303
23.25,100,0,4012.72336304507,121.391324330035,4,1.00132468000477,0.901324680004767,317.519156633222,286.187852247822
23.26,100,0,4013.19413465756,121.408506108331,4,1.00132580188869,0.901325801888686,317.503137232833,286.173769768557
23.27,100,0,4013.66469822906,121.425681143948,4,1.0013269233382,0.9013269233382,317.487124927918,286.159693510771
23.28,100,0,4014.13505384417,121.442849438927,4,1.00132804435344,0.901328044353438,317.471119715441,286.145623471814
23.29,100,0,4014.60520158748,121.460010995306,4,1.00132916493453,0.901329164934528,317.455121592418,286.131559649084
23.3,100,0,4015.0751415436,121.477165815124,4,1.0013302850816,0.901330285081599,317.439130555902,286.117502040006
23.31,100,0,4015.54487379712,121.49431390042,4,1.00133140479478,0.901331404794778,317.423146602963,286.103450642027
23.32,100,0,4016.0143984326,121.511455253234,4,1.00133252407419,0.901332524074194,317.407169730682,286.089405452602
23.33,100,0,4016.48371553462,121.528589875604,4,1.00133364291997,0.901333642919973,317.391199936154,286.075366469195
23.34,100,0,4016.95282518769,121.54571776957,4,1.00133476133224,0.901334761332243,317.375237216473,286.061333689274
23.35,100,0,4017.42172747632,121.562838937169,4,1.00133587931113,0.901335879311132,317.35928156874,286.047307110309
23.36,100,0,4017.89042248499,121.579953380441,4,1.00133699685677,0.901336996856768,317.343332990055,286.033286729774
23.37,100,0,4018.35891029815,121.597061101424,4,1.00133811396928,0.901338113969278,317.327391477523,286.019272545141
23.38,100,0,4018.82719100022,121.614162102157,4,1.00133923064879,0.901339230648789,317.311457028252,286.005264553891
23.39,100,0,4019.2952646756,121.631256384677,4,1.00134034689543,0.901340346895429,317.295529639345,285.991262753496
23.4,100,0,4019.76313140865,121.648343951023,4,1.00134146270932,0.901341462709325,317.279609307912,285.977267141436
23.41,100,0,4020.23079128372,121.665424803233,4,1.00134257809061,0.901342578090605,317.263696031061,285.96327771519
23.42,100,0,4020.69824438512,121.682498943346,4,1.0013436930394,0.901343693039397,317.247789805902,285.949294472238
23.43,100,0,4021.16549079714,121.699566373398,4,1.00134480755583,0.901344807555828,317.231890629545,285.935317410059
23.44,100,0,4021.63253060403,121.716627095429,4,1.00134592164003,0.901345921640025,317.215998499105,285.921346526137
23.45,100,0,4022.09936389002,121.733681111475,4,1.00134703529212,0.901347035292116,317.200113411692,285.907381817952
23.46,100,0,4022.56599073931,121.750728423574,4,1.00134814851223,0.901348148512229,317.184235364422,285.893423282988
23.47,100,0,4023.03241123608,121.767769033765,4,1.00134926130049,0.90134926130049,317.168364354408,285.879470918731
23.48,100,0,4023.49862546448,121.784802944083,4,1.00135037365703,0.901350373657028,317.152500378767,285.865524722663
23.49,100,0,4023.96463350862,121.801830156568,4,1.00135148558197,0.90135148558197,317.136643434616,285.85158469227
23.5,100,0,4024.4304354526,121.818850673255,4,1.00135259707544,0.901352597075443,317.120793519072,285.837650825041
23.51,100,0,4024.89603138048,121.835864496182,4,1.00135370813757,0.901353708137574,317.104950629254,285.823723118461
23.52,100,0,4025.36142137628,121.852871627386,4,1.00135481876849,0.901354818768492,317.089114762281,285.809801570018
23.53,100,0,4025.82660552404,121.869872068903,4,1.00135592896832,0.901355928968323,317.073285915275,285.795886177202
23.54,100,0,4026.29158390771,121.886865822772,4,1.0013570387372,0.901357038737196,317.057464085359,285.781976937504
23.55,100,0,4026.75635661126,121.903852891028,4,1.00135814807524,0.901358148075237,317.041649269652,285.768073848412
23.56,100,0,4027.22092371861,121.920833275708,4,1.00135925698257,0.901359256982574,317.025841465279,285.754176907419
23.57,100,0,4027.68528531366,121.937806978849,4,1.00136036545933,0.901360365459334,317.010040669365,285.740286112017
23.58,100,0,4028.14944148027,121.954774002486,4,1.00136147350565,0.901361473505645,316.994246879035,285.7264014597
23.59,100,0,4028.61339230229,121.971734348657,4,1.00136258112163,0.901362581121634,316.978460091417,285.712522947961
23.6,100,0,4029.07713786353,121.988688019397,4,1.00136368830743,0.901363688307429,316.962680303636,285.698650574294
23.61,100,0,4029.54067824778,122.005635016743,4,1.00136479506316,0.901364795063157,316.946907512823,285.684784336197
23.62,100,0,4030.0040135388,122.02257534273,4,1.00136590138895,0.901365901388946,316.931141716104,285.670924231164
23.63,100,0,4030.46714382032,122.039508999394,4,1.00136700728492,0.901367007284922,316.915382910612,285.657070256693
23.64,100,0,4030.93006917603,122.056435988771,4,1.00136811275121,0.901368112751214,316.899631093478,285.643222410284
23.65,100,0,4031.39278968963,122.073356312897,4,1.00136921778795,0.901369217787948,316.883886261833,285.629380689433
23.66,100,0,4031.85530544475,122.090269973807,4,1.00137032239525,0.901370322395252,316.868148412811,285.615545091642
23.67,100,0,4032.31761652501,122.107176973537,4,1.00137142657325,0.901371426573254,316.852417543546,285.60171561441
23.68,100,0,4032.77972301401,122.124077314122,4,1.00137253032208,0.90137253032208,316.836693651174,285.587892255241
23.69,100,0,4033.24162499531,122.140970997596,4,1.00137363364186,0.901373633641859,316.820976732829,285.574075011633
23.7,100,0,4033.70332255246,122.157858025996,4,1.00137473653272,0.901374736532717,316.80526678565,285.560263881092
23.71,100,0,4034.16481576895,122.174738401356,4,1.00137583899478,0.901375838994783,316.789563806774,285.546458861122
23.72,100,0,4034.62610472827,122.191612125711,4,1.00137694102818,0.901376941028182,316.77386779334,285.532659949227
23.73,100,0,4035.08718951388,122.208479201095,4,1.00137804263304,0.901378042633043,316.758178742488,285.518867142912
23.74,100,0,4035.5480702092,122.225339629544,4,1.00137914380949,0.901379143809493,316.74249665136,285.505080439684
23.75,100,0,4036.00874689763,122.242193413092,4,1.00138024455766,0.90138024455766,316.726821517097,285.491299837051
23.76,100,0,4036.46921966255,122.259040553773,4,1.00138134487767,0.90138134487767,316.711153336841,285.477525332519
23.77,100,0,4036.92948858728,122.275881053621,4,1.00138244476965,0.901382444769651,316.695492107736,285.463756923599
23.78,100,0,4037.38955375516,122.292714914671,4,1.00138354423373,0.90138354423373,316.679837826929,285.4499946078
23.79,100,0,4037.84941524947,122.309542138957,4,1.00138464327003,0.901384643270035,316.664190491562,285.436238382631
23.8,100,0,4038.30907315347,122.326362728512,4,1.00138574187869,0.901385741878693,316.648550098783,285.422488245604
23.81,100,0,4038.7685275504,122.343176685371,4,1.00138684005983,0.901386840059831,316.632916645742,285.408744194233
23.82,100,0,4039.22777852345,122.359984011567,4,1.00138793781358,0.901387937813577,316.617290129585,285.395006226029
23.83,100,0,4039.68682615581,122.376784709134,4,1.00138903514006,0.901389035140058,316.601670547462,285.381274338507
23.84,100,0,4040.14567053063,122.393578780104,4,1.0013901320394,0.9013901320394,316.586057896524,285.367548529181
23.85,100,0,4040.60431173103,122.410366226513,4,1.00139122851173,0.901391228511733,316.570452173922,285.353828795567
23.86,100,0,4041.0627498401,122.427147050391,4,1.00139232455718,0.901392324557182,316.554853376809,285.34011513518
23.87,100,0,4041.52098494091,122.443921253774,4,1.00139342017587,0.901393420175875,316.539261502338,285.326407545538
23.88,100,0,4041.97901711651,122.460688838693,4,1.00139451536794,0.901394515367939,316.523676547663,285.312706024159
23.89,100,0,4042.4368464499,122.477449807182,4,1.0013956101335,0.901395610133502,316.508098509939,285.299010568562
23.9,100,0,4042.89447302407,122.494204161273,4,1.00139670447269,0.901396704472691,316.492527386324,285.285321176265
23.91,100,0,4043.35189692197,122.510951902999,4,1.00139779838563,0.901397798385633,316.476963173973,285.27163784479
23.92,100,0,4043.80911822654,122.527693034393,4,1.00139889187246,0.901398891872456,316.461405870045,285.257960571658
23.93,100,0,4044.26613702067,122.544427557486,4,1.00139998493329,0.901399984933286,316.4458554717,285.244289354391
23.94,100,0,4044.72295338725,122.561155474311,4,1.00140107756825,0.90140107756825,316.430311976098,285.230624190512
23.95,100,0,4045.17956740911,122.5778767869,4,1.00140216977748,0.901402169777478,316.414775380398,285.216965077544
23.96,100,0,4045.63597916908,122.594591497286,4,1.00140326156109,0.901403261561094,316.399245681764,285.203312013012
23.97,100,0,4046.09218874994,122.611299607499,4,1.00140435291923,0.901404352919226,316.383722877358,285.189664994441
23.98,100,0,4046.54819623447,122.628001119571,4,1.001405443852,0.901405443852003,316.368206964345,285.176024019357
23.99,100,0,4047.00400170539,122.644696035535,4,1.00140653435955,0.901406534359551,316.352697939889,285.162389085289
24,100,0,4047.45960524542,122.661384357422,4,1.001407624442,0.901407624441996,316.337195801155,285.148760189762
24.01,100,0,4047.91500693724,122.678066087263,4,1.00140871409947,0.901408714099467,316.321700545312,285.135137330306
24.02,100,0,4048.37020686349,122.694741227089,4,1.00140980333209,0.901409803332091,316.306212169525,285.12152050445
24.03,100,0,4048.82520510682,122.711409778931,4,1.00141089213999,0.901410892139994,316.290730670966,285.107909709726
24.04,100,0,4049.28000174981,122.728071744821,4,1.0014119805233,0.901411980523305,316.275256046802,285.094304943663
24.05,100,0,4049.73459687503,122.744727126788,4,1.00141306848215,0.901413068482149,316.259788294204,285.080706203794
24.06,100,0,4050.18899056503,122.761375926865,4,1.00141415601666,0.901414156016655,316.244327410346,285.067113487652
24.07,100,0,4050.64318290233,122.778018147081,4,1.00141524312695,0.90141524312695,316.228873392396,285.053526792768
24.08,100,0,4051.09717396941,122.794653789467,4,1.00141632981316,0.90141632981316,316.213426237532,285.03994611668
24.09,100,0,4051.55096384873,122.811282856053,4,1.00141741607541,0.901417416075412,316.197985942925,285.026371456921
24.1,100,0,4052.00455262274,122.827905348869,4,1.00141850191384,0.901418501913835,316.182552505754,285.012802811029
24.11,100,0,4052.45794037382,122.844521269946,4,1.00141958732855,0.901419587328555,316.167125923193,284.999240176539
24.12,100,0,4052.91112718436,122.861130621313,4,1.0014206723197,0.901420672319699,316.151706192418,284.985683550989
24.13,100,0,4053.36411313671,122.877733405,4,1.00142175688739,0.901421756887394,316.136293310609,284.972132931918
24.14,100,0,4053.8168983132,122.894329623036,4,1.00142284103177,0.901422841031768,316.120887274946,284.958588316865
24.15,100,0,4054.26948279612,122.910919277452,4,1.00142392475295,0.901423924752947,316.105488082608,284.945049703371
24.16,100,0,4054.72186666773,122.927502370277,4,1.00142500805106,0.901425008051059,316.090095730777,284.931517088975
24.17,100,0,4055.17405001028,122.944078903539,4,1.00142609092623,0.901426090926231,316.074710216633,284.917990471221
24.18,100,0,4055.62603290598,122.960648879268,4,1.00142717337859,0.90142717337859,316.059331537362,284.904469847651
24.19,100,0,4056.07781543702,122.977212299493,4,1.00142825540826,0.901428255408262,316.043959690147,284.890955215808
24.2,100,0,4056.52939768555,122.993769166243,4,1.00142933701538,0.901429337015376,316.028594672171,284.877446573236
24.21,100,0,4056.98077973371,123.010319481546,4,1.00143041820006,0.901430418200058,316.013236480623,284.863943917482
24.22,100,0,4057.43196166359,123.026863247431,4,1.00143149896244,0.901431498962435,315.997885112688,284.85044724609
24.23,100,0,4057.88294355727,123.043400465927,4,1.00143257930263,0.901432579302634,315.982540565554,284.836956556607
24.24,100,0,4058.33372549681,123.059931139061,4,1.00143365922078,0.901433659220783,315.967202836409,284.82347184658
24.25,100,0,4058.78430756421,123.076455268862,4,1.00143473871701,0.901434738717008,315.951871922445,284.809993113559
24.26,100,0,4059.23468984148,123.092972857357,4,1.00143581779144,0.901435817791437,315.936547820851,284.796520355092
24.27,100,0,4059.68487241058,123.109483906576,4,1.0014368964442,0.901436896444196,315.921230528819,284.78305356873
24.28,100,0,4060.13485535344,123.125988418544,4,1.00143797467541,0.901437974675413,315.905920043543,284.769592752024
24.29,100,0,4060.58463875198,123.142486395291,4,1.00143905248521,0.901439052485214,315.890616362212,284.756137902523
24.3,100,0,4061.03422268808,123.158977838843,4,1.00144012987373,0.901440129873726,315.875319482027,284.742689017783
24.31,100,0,4061.4836072436,123.175462751227,4,1.00144120684108,0.901441206841077,315.860029400177,284.729246095354
24.32,100,0,4061.93279250036,123.191941134472,4,1.00144228338739,0.901442283387394,315.844746113863,284.715809132793
24.33,100,0,4062.38177854016,123.208412990603,4,1.0014433595128,0.901443359512804,315.829469620282,284.702378127654
24.34,100,0,4062.83056544479,123.224878321648,4,1.00144443521743,0.901444435217433,315.81419991663,284.688953077492
24.35,100,0,4063.27915329597,123.241337129633,4,1.00144551050141,0.901445510501408,315.798937000107,284.675533979863
24.36,100,0,4063.72754217544,123.257789416585,4,1.00144658536486,0.901446585364857,315.783680867915,284.662120832328
24.37,100,0,4064.17573216488,123.274235184531,4,1.00144765980791,0.901447659807907,315.768431517253,284.648713632441
24.38,100,0,4064.62372334596,123.290674435496,4,1.00144873383068,0.901448733830683,315.753188945326,284.635312377764
24.39,100,0,4065.0715158003,123.307107171507,4,1.00144980743331,0.901449807433315,315.737953149334,284.621917065856
24.4,100,0,4065.51910960953,123.32353339459,4,1.00145088061593,0.901450880615928,315.722724126481,284.608527694276
24.41,100,0,4065.96650485522,123.33995310677,4,1.00145195337865,0.901451953378649,315.707501873974,284.595144260588
24.42,100,0,4066.41370161892,123.356366310074,4,1.0014530257216,0.901453025721605,315.692286389019,284.581766762352
24.43,100,0,4066.86069998217,123.372773006527,4,1.00145409764492,0.901454097644923,315.677077668821,284.568395197133
24.44,100,0,4067.30750002645,123.389173198154,4,1.00145516914873,0.901455169148731,315.661875710589,284.555029562495
24.45,100,0,4067.75410183324,123.405566886981,4,1.00145624023315,0.901456240233155,315.646680511532,284.541669856001
24.46,100,0,4068.20050548399,123.421954075032,4,1.00145731089832,0.901457310898321,315.63149206886,284.528316075219
24.47,100,0,4068.64671106011,123.438334764333,4,1.00145838114436,0.901458381144357,315.616310379782,284.514968217713
24.48,100,0,4069.09271864299,123.454708956908,4,1.00145945097139,0.901459450971391,315.601135441511,284.501626281052
24.49,100,0,4069.538528314,123.471076654783,4,1.00146052037955,0.901460520379547,315.585967251261,284.488290262804
24.5,100,0,4069.98414015445,123.487437859981,4,1.00146158936895,0.901461589368954,315.570805806242,284.474960160537
24.51,100,0,4070.42955424568,123.503792574527,4,1.00146265793974,0.901462657939739,315.555651103672,284.461635971821
24.52,100,0,4070.87477066894,123.520140800445,4,1.00146372609203,0.901463726092027,315.540503140765,284.448317694227
24.53,100,0,4071.3197895055,123.536482539759,4,1.00146479382595,0.901464793825947,315.525361914736,284.435005325325
24.54,100,0,4071.76461083658,123.552817794493,4,1.00146586114162,0.901465861141625,315.510227422805,284.421698862689
24.55,100,0,4072.20923474338,123.569146566671,4,1.00146692803919,0.901466928039187,315.495099662188,284.40839830389
24.56,100,0,4072.65366130706,123.585468858317,4,1.00146799451876,0.901467994518761,315.479978630106,284.395103646503
24.57,100,0,4073.09789060877,123.601784671453,4,1.00146906058047,0.901469060580474,315.464864323778,284.381814888103
24.58,100,0,4073.54192272962,123.618094008104,4,1.00147012622445,0.901470126224451,315.449756740426,284.368532026265
24.59,100,0,4073.98575775071,123.634396870292,4,1.00147119145082,0.901471191450821,315.434655877271,284.355255058564
24.6,100,0,4074.42939575309,123.65069326004,4,1.00147225625971,0.90147225625971,315.419561731538,284.341983982579
24.61,100,0,4074.8728368178,123.666983179371,4,1.00147332065124,0.901473320651244,315.40447430045,284.328718795887
24.62,100,0,4075.31608102584,123.683266630308,4,1.00147438462555,0.901474384625551,315.389393581231,284.315459496066
24.63,100,0,4075.75912845819,123.699543614873,4,1.00147544818276,0.901475448182757,315.374319571109,284.302206080697
24.64,100,0,4076.20197919579,123.715814135088,4,1.00147651132299,0.901476511322989,315.359252267309,284.28895854736
24.65,100,0,4076.64463331959,123.732078192976,4,1.00147757404637,0.901477574046373,315.34419166706,284.275716893635
24.66,100,0,4077.08709091046,123.748335790559,4,1.00147863635304,0.901478636353037,315.329137767588,284.262481117105
24.67,100,0,4077.52935204928,123.764586929859,4,1.00147969824311,0.901479698243108,315.314090566127,284.249251215353
24.68,100,0,4077.9714168169,123.780831612897,4,1.00148075971671,0.901480759716711,315.299050059906,284.236027185961
24.69,100,0,4078.41328529412,123.797069841695,4,1.00148182077397,0.901481820773975,315.284016246155,284.222809026515
24.7,100,0,4078.85495756173,123.813301618274,4,1.00148288141502,0.901482881415025,315.268989122108,284.2095967346
24.71,100,0,4079.2964337005,123.829526944656,4,1.00148394163999,0.901483941639987,315.253968684998,284.196390307802
24.72,100,0,4079.73771379114,123.845745822861,4,1.00148500144899,0.90148500144899,315.23895493206,284.183189743707
24.73,100,0,4080.17879791438,123.861958254911,4,1.00148606084216,0.90148606084216,315.22394786053,284.169995039903
24.74,100,0,4080.61968615089,123.878164242826,4,1.00148711981962,0.901487119819622,315.208947467642,284.156806193979
24.75,100,0,4081.06037858131,123.894363788626,4,1.00148817838151,0.901488178381505,315.193953750636,284.143623203525
24.76,100,0,4081.50087528628,123.910556894333,4,1.00148923652793,0.901489236527934,315.178966706749,284.13044606613
24.77,100,0,4081.94117634638,123.926743561967,4,1.00149029425904,0.901490294259037,315.163986333219,284.117274779385
24.78,100,0,4082.38128184218,123.942923793547,4,1.00149135157494,0.90149135157494,315.149012627288,284.104109340882
24.79,100,0,4082.82119185423,123.959097591093,4,1.00149240847577,0.901492408475769,315.134045586197,284.090949748214
24.8,100,0,4083.26090646304,123.975264956626,4,1.00149346496165,0.901493464961652,315.119085207187,284.077795998973
24.81,100,0,4083.7004257491,123.991425892165,4,1.00149452103271,0.901494521032715,315.104131487502,284.064648090755
24.82,100,0,4084.13974979286,124.007580399729,4,1.00149557668908,0.901495576689084,315.089184424385,284.051506021154
24.83,100,0,4084.57887867476,124.023728481337,4,1.00149663193089,0.901496631930886,315.07424401508,284.038369787765
24.84,100,0,4085.0178124752,124.03987013901,4,1.00149768675825,0.901497686758248,315.059310256837,284.025239388188
24.85,100,0,4085.45655127456,124.056005374765,4,1.0014987411713,0.901498741171297,315.044383146897,284.012114820015
24.86,100,0,4085.89509515319,124.072134190621,4,1.00149979517016,0.901499795170159,315.029462682511,283.998996080849
24.87,100,0,4086.33344419142,124.088256588597,4,1.00150084875496,0.90150084875496,315.014548860929,283.985883168288
24.88,100,0,4086.77159846953,124.104372570712,4,1.00150190192583,0.901501901925827,314.999641679398,283.972776079931
24.89,100,0,4087.2095580678,124.120482138983,4,1.00150295468289,0.901502954682887,314.984741135169,283.959674813379
24.9,100,0,4087.64732306646,124.136585295429,4,1.00150400702627,0.901504007026267,314.969847225495,283.946579366235
24.91,100,0,4088.08489354574,124.152682042068,4,1.00150505895609,0.901505058956092,314.954959947626,283.933489736098
24.92,100,0,4088.52226958582,124.168772380917,4,1.00150611047249,0.90150611047249,314.940079298818,283.920405920575
24.93,100,0,4088.95945126685,124.184856313995,4,1.00150716157559,0.901507161575586,314.925205276324,283.907327917267
24.94,100,0,4089.39643866897,124.200933843318,4,1.00150821226551,0.901508212265509,314.910337877398,283.89425572378
24.95,100,0,4089.83323187229,124.217004970903,4,1.00150926254238,0.901509262542383,314.895477099299,283.881189337721
24.96,100,0,4090.26983095688,124.233069698768,4,1.00151031240634,0.901510312406335,314.880622939282,283.868128756694
24.97,100,0,4090.70623600279,124.24912802893,4,1.00151136185749,0.901511361857493,314.865775394606,283.855073978307
24.98,100,0,4091.14244709005,124.265179963406,4,1.00151241089598,0.901512410895982,314.850934462531,283.842025000169
24.99,100,0,4091.57846429865,124.281225504211,4,1.00151345952193,0.90151345952193,314.836100140315,283.828981819888
25,100,0,4092.01428770856,124.297264653363,4,1.00151450773546,0.901514507735461,314.821272425219,283.815944435073
25.01,100,0,4092.44991739972,124.313297412877,4,1.0015155555367,0.901515555536704,314.806451314507,283.802912843336
25.02,100,0,4092.88535345205,124.329323784769,4,1.00151660292578,0.901516602925784,314.791636805441,283.789887042288
25.03,100,0,4093.32059594543,124.345343771057,4,1.00151764990283,0.901517649902828,314.776828895284,283.776867029541
25.04,100,0,4093.75564495972,124.361357373754,4,1.00151869646796,0.901518696467962,314.762027581301,283.763852802707
25.05,100,0,4094.19050057476,124.377364594877,4,1.00151974262131,0.901519742621313,314.747232860757,283.7508443594
25.06,100,0,4094.62516287036,124.393365436441,4,1.00152078836301,0.901520788363007,314.732444730922,283.737841697237
25.07,100,0,4095.05963192628,124.409359900461,4,1.00152183369317,0.901521833693171,314.717663189058,283.724844813829
25.08,100,0,4095.49390782228,124.425347988952,4,1.00152287861193,0.90152287861193,314.702888232438,283.711853706796
25.09,100,0,4095.92799063809,124.441329703928,4,1.00152392311941,0.901523923119412,314.68811985833,283.698868373754
25.1,100,0,4096.36188045339,124.457305047406,4,1.00152496721574,0.901524967215743,314.673358064005,283.68588881232
25.11,100,0,4096.79557734787,124.473274021398,4,1.00152601090105,0.901526010901049,314.658602846732,283.672915020112
25.12,100,0,4097.22908140117,124.48923662792,4,1.00152705417546,0.901527054175456,314.643854203786,283.659946994751
25.13,100,0,4097.66239269289,124.505192868985,4,1.00152809703909,0.901528097039092,314.629112132439,283.646984733857
25.14,100,0,4098.09551130262,124.521142746607,4,1.00152913949208,0.901529139492081,314.614376629965,283.63402823505
25.15,100,0,4098.52843730994,124.5370862628,4,1.00153018153455,0.901530181534551,314.59964769364,283.621077495953
25.16,100,0,4098.96117079437,124.553023419577,4,1.00153122316663,0.901531223166628,314.584925320739,283.608132514189
25.17,100,0,4099.39371183541,124.568954218952,4,1.00153226438844,0.901532264388439,314.57020950854,283.59519328738
25.18,100,0,4099.82606051255,124.584878662939,4,1.00153330520011,0.901533305200109,314.555500254319,283.58225981315
25.19,100,0,4100.25821690524,124.600796753549,4,1.00153434560176,0.901534345601764,314.540797555358,283.569332089127
25.2,100,0,4100.69018109291,124.616708492796,4,1.00153538559353,0.901535385593532,314.526101408933,283.556410112933
25.21,100,0,4101.12195315495,124.632613882693,4,1.00153642517554,0.901536425175539,314.511411812327,283.543493882197
25.22,100,0,4101.55353317073,124.648512925251,4,1.00153746434791,0.90153746434791,314.496728762823,283.530583394548
25.23,100,0,4101.9849212196,124.664405622484,4,1.00153850311077,0.901538503110772,314.482052257702,283.517678647612
25.24,100,0,4102.41611738087,124.680291976403,4,1.00153954146425,0.901539541464251,314.467382294246,283.504779639018
25.25,100,0,4102.84712173384,124.696171989021,4,1.00154057940847,0.901540579408474,314.452718869742,283.491886366397
25.26,100,0,4103.27793435776,124.712045662348,4,1.00154161694357,0.901541616943566,314.438061981475,283.47899882738
25.27,100,0,4103.70855533188,124.727912998397,4,1.00154265406966,0.901542654069655,314.423411626731,283.466117019599
25.28,100,0,4104.13898473539,124.743773999178,4,1.00154369078687,0.901543690786866,314.408767802798,283.453240940685
25.29,100,0,4104.56922264748,124.759628666703,4,1.00154472709533,0.901544727095325,314.394130506961,283.44037058827
25.3,100,0,4104.99926914731,124.775477002984,4,1.00154576299516,0.901545762995159,314.379499736515,283.427505959993
25.31,100,0,4105.429124314,124.79131901003,4,1.00154679848649,0.901546798486493,314.364875488745,283.414647053483
25.32,100,0,4105.85878822665,124.807154689852,4,1.00154783356945,0.901547833569455,314.350257760945,283.40179386638
25.33,100,0,4106.28826096433,124.822984044462,4,1.00154886824417,0.90154886824417,314.335646550406,283.388946396318
25.34,100,0,4106.71754260609,124.838807075868,4,1.00154990251076,0.901549902510764,314.321041854421,283.376104640935
25.35,100,0,4107.14663323095,124.854623786081,4,1.00155093636936,0.901550936369364,314.306443670283,283.363268597868
25.36,100,0,4107.5755329179,124.870434177111,4,1.00155196982009,0.901551969820095,314.291851995289,283.350438264758
25.37,100,0,4108.0042417459,124.886238250967,4,1.00155300286308,0.901553002863084,314.277266826733,283.337613639244
25.38,100,0,4108.43275979389,124.90203600966,4,1.00155403549846,0.901554035498457,314.262688161914,283.324794718966
25.39,100,0,4108.86108714078,124.917827455197,4,1.00155506772634,0.90155506772634,314.248115998125,283.311981501565
25.4,100,0,4109.28922386546,124.93361258959,4,1.00155609954686,0.901556099546859,314.233550332671,283.299173984684
25.41,100,0,4109.71717004677,124.949391414845,4,1.00155713096014,0.901557130960141,314.218991162846,283.286372165965
25.42,100,0,4110.14492576355,124.965163932972,4,1.00155816196631,0.90155816196631,314.204438485953,283.273576043052
25.43,100,0,4110.57249109461,124.98093014598,4,1.00155919256549,0.901559192565494,314.189892299292,283.26078561359
25.44,100,0,4110.99986611871,124.996690055876,4,1.00156022275782,0.901560222757819,314.175352600168,283.248000875224
25.45,100,0,4111.4270509146,125.01244366467,4,1.00156125254341,0.90156125254341,314.160819385882,283.2352218256
25.46,100,0,4111.85404556101,125.028190974368,4,1.00156228192239,0.901562281922394,314.146292653739,283.222448462365
25.47,100,0,4112.28085013662,125.043931986979,4,1.0015633108949,0.901563310894896,314.131772401045,283.209680783168
25.48,100,0,4112.70746472011,125.05966670451,4,1.00156433946104,0.901564339461043,314.117258625104,283.196918785656
25.49,100,0,4113.13388939011,125.075395128968,4,1.00156536762096,0.90156536762096,314.102751323225,283.184162467478
25.5,100,0,4113.56012422525,125.091117262361,4,1.00156639537477,0.901566395374774,314.088250492716,283.171411826287
25.51,100,0,4113.98616930409,125.106833106696,4,1.00156742272261,0.901567422722611,314.073756130884,283.158666859731
25.52,100,0,4114.4120247052,125.122542663979,4,1.0015684496646,0.901568449664597,314.05926823504,283.145927565463
25.53,100,0,4114.83769050712,125.138245936217,4,1.00156947620086,0.901569476200857,314.044786802494,283.133193941134
25.54,100,0,4115.26316678835,125.153942925416,4,1.00157050233152,0.901570502331518,314.03031183056,283.120465984402
25.55,100,0,4115.68845362736,125.169633633583,4,1.0015715280567,0.901571528056705,314.015843316549,283.107743692916
25.56,100,0,4116.11355110261,125.185318062724,4,1.00157255337654,0.901572553376545,314.001381257776,283.095027064335
25.57,100,0,4116.53845929251,125.200996214843,4,1.00157357829116,0.901573578291163,313.986925651552,283.082316096311
25.58,100,0,4116.96317827548,125.216668091948,4,1.00157460280069,0.901574602800685,313.972476495196,283.069610786504
25.59,100,0,4117.38770812987,125.232333696042,4,1.00157562690524,0.901575626905238,313.958033786022,283.056911132569
25.6,100,0,4117.81204893403,125.247993029132,4,1.00157665060495,0.901576650604947,313.94359752135,283.044217132166
25.61,100,0,4118.23620076627,125.263646093223,4,1.00157767389994,0.901577673899938,313.929167698496,283.031528782954
25.62,100,0,4118.66016370488,125.279292890318,4,1.00157869679034,0.901578696790337,313.91474431478,283.018846082591
25.63,100,0,4119.08393782813,125.294933422424,4,1.00157971927627,0.90157971927627,313.900327367522,283.00616902874
25.64,100,0,4119.50752321425,125.310567691544,4,1.00158074135786,0.901580741357863,313.885916854044,282.993497619062
25.65,100,0,4119.93091994145,125.326195699682,4,1.00158176303524,0.901581763035241,313.871512771667,282.980831851218
25.66,100,0,4120.35412808791,125.341817448842,4,1.00158278430853,0.90158278430853,313.857115117714,282.968171722871
25.67,100,0,4120.77714773177,125.357432941028,4,1.00158380517786,0.901583805177857,313.84272388951,282.955517231688
25.68,100,0,4121.19997895118,125.373042178244,4,1.00158482564335,0.901584825643347,313.828339084378,282.94286837533
25.69,100,0,4121.62262182423,125.388645162494,4,1.00158584570513,0.901585845705126,313.813960699644,282.930225151464
25.7,100,0,4122.04507642899,125.404241895779,4,1.00158686536332,0.901586865363319,313.799588732636,282.917587557756
25.71,100,0,4122.4673428435,125.419832380104,4,1.00158788461805,0.901587884618053,313.785223180681,282.904955591874
25.72,100,0,4122.8894211458,125.435416617471,4,1.00158890346945,0.901588903469453,313.770864041108,282.892329251485
25.73,100,0,4123.31131141386,125.450994609882,4,1.00158992191764,0.901589921917645,313.756511311245,282.879708534258
25.74,100,0,4123.73301372566,125.46656635934,4,1.00159093996275,0.901590939962755,313.742164988424,282.867093437863
25.75,100,0,4124.15452815914,125.482131867847,4,1.00159195760491,0.901591957604908,313.727825069976,282.85448395997
25.76,100,0,4124.5758547922,125.497691137405,4,1.00159297484423,0.901592974844231,313.713491553233,282.84188009825
25.77,100,0,4124.99699370273,125.513244170016,4,1.00159399168085,0.901593991680848,313.699164435527,282.829281850374
25.78,100,0,4125.41794496859,125.528790967682,4,1.00159500811489,0.901595008114886,313.684843714196,282.816689214017
25.79,100,0,4125.8387086676,125.544331532403,4,1.00159602414647,0.901596024146471,313.670529386572,282.804102186852
25.8,100,0,4126.25928487758,125.55986586618,4,1.00159703977573,0.901597039775728,313.65622144999,282.791520766551
25.81,100,0,4126.6796736763,125.575393971016,4,1.00159805500278,0.901598055002782,313.641919901789,282.778944950792
25.82,100,0,4127.09987514151,125.590915848909,4,1.00159906982776,0.90159906982776,313.627624739307,282.766374737249
25.83,100,0,4127.51988935093,125.606431501862,4,1.00160008425079,0.901600084250787,313.613335959881,282.753810123599
25.84,100,0,4127.93971638225,125.621940931873,4,1.00160109827199,0.901601098271989,313.599053560853,282.741251107521
25.85,100,0,4128.35935631316,125.637444140944,4,1.00160211189149,0.901602111891491,313.584777539562,282.728697686693
25.86,100,0,4128.77880922129,125.652941131074,4,1.00160312510942,0.90160312510942,313.57050789335,282.716149858792
25.87,100,0,4129.19807518425,125.668431904263,4,1.0016041379259,0.9016041379259,313.55624461956,282.703607621501
25.88,100,0,4129.61715427965,125.68391646251,4,1.00160515034106,0.901605150341057,313.541987715535,282.691070972498
25.89,100,0,4130.03604658502,125.699394807814,4,1.00160616235502,0.901606162355017,313.52773717862,282.678539909468
25.9,100,0,4130.45475217793,125.714866942175,4,1.00160717396791,0.901607173967905,313.51349300616,282.666014430091
25.91,100,0,4130.87327113586,125.730332867591,4,1.00160818517985,0.901608185179848,313.499255195501,282.653494532049
25.92,100,0,4131.2916035363,125.745792586062,4,1.00160919599097,0.901609195990969,313.48502374399,282.640980213029
25.93,100,0,4131.70974945672,125.761246099584,4,1.0016102064014,0.901610206401397,313.470798648976,282.628471470713
25.94,100,0,4132.12770897452,125.776693410157,4,1.00161121641125,0.901611216411255,313.456579907808,282.61596830279
25.95,100,0,4132.54548216713,125.792134519778,4,1.00161222602067,0.901612226020668,313.442367517835,282.603470706944
25.96,100,0,4132.9630691119,125.807569430445,4,1.00161323522976,0.901613235229764,313.428161476408,282.590978680861
25.97,100,0,4133.38046988619,125.822998144156,4,1.00161424403867,0.901614244038667,313.41396178088,282.578492222231
25.98,100,0,4133.79768456732,125.838420662909,4,1.0016152524475,0.901615252447503,313.399768428602,282.566011328743
25.99,100,0,4134.21471323257,125.853836988699,4,1.0016162604564,0.901616260456396,313.385581416929,282.553535998085
26,100,0,4134.63155595923,125.869247123524,4,1.00161726806547,0.901617268065474,313.371400743217,282.54106622795
26.01,100,0,4135.04821282452,125.884651069381,4,1.00161827527486,0.90161827527486,313.357226404818,282.528602016026
26.02,100,0,4135.46468390567,125.900048828267,4,1.00161928208468,0.901619282084682,313.343058399091,282.516143360007
26.03,100,0,4135.88096927985,125.915440402176,4,1.00162028849506,0.901620288495063,313.328896723393,282.503690257585
26.04,100,0,4136.29706902423,125.930825793106,4,1.00162129450613,0.901621294506129,313.314741375082,282.491242706454
26.05,100,0,4136.71298321594,125.946205003053,4,1.00162230011801,0.901622300118007,313.300592351518,282.47880070431
26.06,100,0,4137.12871193209,125.961578034011,4,1.00162330533082,0.901623305330821,313.28644965006,282.466364248845
26.07,100,0,4137.54425524975,125.976944887977,4,1.0016243101447,0.901624310144696,313.272313268069,282.453933337756
26.08,100,0,4137.95961324598,125.992305566945,4,1.00162531455976,0.901625314559758,313.258183202909,282.441507968742
26.09,100,0,4138.3747859978,126.00766007291,4,1.00162631857613,0.901626318576133,313.244059451941,282.429088139497
26.1,100,0,4138.78977358221,126.023008407867,4,1.00162732219395,0.901627322193946,313.229942012531,282.416673847723
26.11,100,0,4139.20457607619,126.038350573811,4,1.00162832541332,0.901628325413321,313.215830882041,282.404265091117
26.12,100,0,4139.61919355668,126.053686572736,4,1.00162932823439,0.901629328234385,313.20172605784,282.39186186738
26.13,100,0,4140.03362610059,126.069016406636,4,1.00163033065726,0.901630330657263,313.187627537292,282.379464174212
26.14,100,0,4140.44787378483,126.084340077504,4,1.00163133268208,0.90163133268208,313.173535317765,282.367072009315
26.15,100,0,4140.86193668625,126.099657587335,4,1.00163233430896,0.901632334308962,313.15944939663,282.354685370392
26.16,100,0,4141.27581488169,126.114968938121,4,1.00163333553803,0.901633335538032,313.145369771253,282.342304255145
26.17,100,0,4141.68950844797,126.130274131857,4,1.00163433636942,0.901634336369418,313.131296439006,282.329928661279
26.18,100,0,4142.10301746187,126.145573170534,4,1.00163533680324,0.901635336803244,313.117229397261,282.317558586498
26.19,100,0,4142.51634200014,126.160866056146,4,1.00163633683964,0.901636336839636,313.103168643389,282.305194028508
26.2,100,0,4142.92948213953,126.176152790686,4,1.00163733647872,0.901637336478718,313.089114174764,282.292834985016
26.21,100,0,4143.34243795673,126.191433376144,4,1.00163833572062,0.901638335720616,313.07506598876,282.280481453728
26.22,100,0,4143.75520952842,126.206707814514,4,1.00163933456546,0.901639334565456,313.061024082753,282.268133432353
26.23,100,0,4144.16779693126,126.221976107788,4,1.00164033301336,0.901640333013361,313.046988454117,282.2557909186
26.24,100,0,4144.58020024186,126.237238257956,4,1.00164133106446,0.901641331064458,313.032959100229,282.243453910176
26.25,100,0,4144.99241953683,126.252494267011,4,1.00164232871887,0.901642328718872,313.018936018468,282.231122404795
26.26,100,0,4145.40445489273,126.267744136943,4,1.00164332597673,0.901643325976728,313.004919206212,282.218796400166
26.27,100,0,4145.81630638612,126.282987869744,4,1.00164432283815,0.901644322838151,312.990908660842,282.206475894002
26.28,100,0,4146.22797409351,126.298225467403,4,1.00164531930327,0.901645319303266,312.976904379736,282.194160884015
26.29,100,0,4146.63945809138,126.313456931913,4,1.0016463153722,0.901646315372198,312.962906360278,282.181851367919
26.3,100,0,4147.05075845621,126.328682265262,4,1.00164731104507,0.901647311045073,312.948914599849,282.169547343428
26.31,100,0,4147.46187526443,126.343901469441,4,1.00164830632201,0.901648306322015,312.934929095833,282.157248808258
26.32,100,0,4147.87280859246,126.35911454644,4,1.00164930120315,0.90164930120315,312.920949845614,282.144955760123
26.33,100,0,4148.28355851667,126.374321498248,4,1.0016502956886,0.901650295688602,312.906976846577,282.132668196743
26.34,100,0,4148.69412511343,126.389522326855,4,1.0016512897785,0.901651289778498,312.893010096108,282.120386115832
26.35,100,0,4149.10450845906,126.404717034249,4,1.00165228347296,0.901652283472961,312.879049591596,282.108109515112
26.36,100,0,4149.51470862988,126.41990562242,4,1.00165327677212,0.901653276772117,312.865095330426,282.095838392299
26.37,100,0,4149.92472570215,126.435088093357,4,1.00165426967609,0.901654269676091,312.851147309989,282.083572745115
26.38,100,0,4150.33455975213,126.450264449047,4,1.00165526218501,0.901655262185008,312.837205527673,282.07131257128
26.39,100,0,4150.74421085605,126.465434691479,4,1.00165625429899,0.901656254298993,312.82326998087,282.059057868514
26.4,100,0,4151.15367909009,126.480598822641,4,1.00165724601817,0.901657246018171,312.809340666971,282.046808634541
26.41,100,0,4151.56296453044,126.495756844521,4,1.00165823734267,0.901658237342667,312.79541758337,282.034564867085
26.42,100,0,4151.97206725324,126.510908759106,4,1.00165922827261,0.901659228272606,312.78150072746,282.022326563869
26.43,100,0,4152.3809873346,126.526054568383,4,1.00166021880811,0.901660218808113,312.767590096633,282.010093722616
26.44,100,0,4152.78972485061,126.54119427434,4,1.00166120894931,0.901661208949313,312.753685688288,281.997866341055
26.45,100,0,4153.19827987735,126.556327878963,4,1.00166219869633,0.90166219869633,312.739787499819,281.98564441691
26.46,100,0,4153.60665249085,126.571455384239,4,1.00166318804929,0.90166318804929,312.725895528624,281.973427947909
26.47,100,0,4154.01484276712,126.586576792154,4,1.00166417700832,0.901664177008318,312.712009772102,281.961216931779
26.48,100,0,4154.42285078214,126.601692104694,4,1.00166516557354,0.901665165573538,312.698130227649,281.949011366249
26.49,100,0,4154.83067661187,126.616801323845,4,1.00166615374508,0.901666153745076,312.684256892669,281.93681124905
26.5,100,0,4155.23832033225,126.631904451594,4,1.00166714152306,0.901667141523056,312.670389764558,281.924616577909
26.51,100,0,4155.64578201918,126.647001489924,4,1.0016681289076,0.901668128907603,312.656528840722,281.91242735056
26.52,100,0,4156.05306174854,126.662092440822,4,1.00166911589884,0.901669115898842,312.642674118562,281.900243564734
26.53,100,0,4156.46015959618,126.677177306273,4,1.0016701024969,0.901670102496898,312.628825595483,281.888065218164
26.54,100,0,4156.86707563792,126.69225608826,4,1.0016710887019,0.901671088701895,312.614983268886,281.875892308582
26.55,100,0,4157.27380994957,126.707328788769,4,1.00167207451396,0.901672074513959,312.601147136181,281.863724833724
26.56,100,0,4157.6803626069,126.722395409783,4,1.00167305993321,0.901673059933214,312.587317194772,281.851562791324
26.57,100,0,4158.08673368564,126.737455953288,4,1.00167404495979,0.901674044959786,312.573493442066,281.839406179119
26.58,100,0,4158.49292326153,126.752510421265,4,1.0016750295938,0.901675029593798,312.559675875471,281.827254994843
26.59,100,0,4158.89893141025,126.7675588157,4,1.00167601383538,0.901676013835375,312.545864492398,281.815109236237
26.6,100,0,4159.30475820747,126.782601138575,4,1.00167699768464,0.901676997684643,312.532059290257,281.802968901037
26.61,100,0,4159.71040372883,126.797637391873,4,1.00167798114173,0.901677981141726,312.518260266457,281.790833986984
26.62,100,0,4160.11586804994,126.812667577578,4,1.00167896420675,0.901678964206749,312.504467418411,281.778704491815
26.63,100,0,4160.52115124639,126.827691697671,4,1.00167994687984,0.901679946879836,312.490680743532,281.766580413272
26.64,100,0,4160.92625339374,126.842709754135,4,1.00168092916111,0.901680929161113,312.476900239234,281.754461749097
26.65,100,0,4161.33117456751,126.857721748952,4,1.0016819110507,0.901681911050703,312.463125902931,281.742348497031
26.66,100,0,4161.73591484323,126.872727684104,4,1.00168289254873,0.901682892548732,312.449357732039,281.730240654818
26.67,100,0,4162.14047429636,126.887727561573,4,1.00168387365532,0.901683873655324,312.435595723973,281.718138220201
26.68,100,0,4162.54485300236,126.90272138334,4,1.0016848543706,0.901684854370604,312.421839876154,281.706041190926
26.69,100,0,4162.94905103667,126.917709151385,4,1.0016858346947,0.901685834694696,312.408090185997,281.693949564737
26.7,100,0,4163.35306847467,126.932690867691,4,1.00168681462773,0.901686814627725,312.394346650922,281.681863339379
26.71,100,0,4163.75690539174,126.947666534236,4,1.00168779416982,0.901687794169816,312.38060926835,281.669782512602
26.72,100,0,4164.16056186324,126.962636153003,4,1.00168877332109,0.901688773321094,312.366878035702,281.657707082152
26.73,100,0,4164.56403796448,126.977599725971,4,1.00168975208168,0.901689752081682,312.353152950399,281.645637045777
26.74,100,0,4164.96733377076,126.99255725512,4,1.00169073045171,0.901690730451705,312.339434009865,281.633572401227
26.75,100,0,4165.37044935734,127.007508742429,4,1.00169170843129,0.901691708431289,312.325721211522,281.621513146252
26.76,100,0,4165.77338479947,127.022454189879,4,1.00169268602056,0.901692686020557,312.312014552796,281.609459278602
26.77,100,0,4166.17614017236,127.037393599447,4,1.00169366321963,0.901693663219634,312.298314031114,281.597410796031
26.78,100,0,4166.5787155512,127.052326973114,4,1.00169464002864,0.901694640028645,312.284619643901,281.58536769629
26.79,100,0,4166.98111101116,127.067254312858,4,1.00169561644771,0.901695616447713,312.270931388586,281.573329977133
26.8,100,0,4167.38332662736,127.082175620657,4,1.00169659247696,0.901696592476965,312.257249262595,281.561297636312
26.81,100,0,4167.78536247492,127.097090898489,4,1.00169756811652,0.901697568116523,312.24357326336,281.549270671585
26.82,100,0,4168.18721862893,127.112000148333,4,1.00169854336651,0.901698543366512,312.229903388309,281.537249080705
26.83,100,0,4168.58889516443,127.126903372166,4,1.00169951822706,0.901699518227058,312.216239634875,281.525232861431
26.84,100,0,4168.99039215647,127.141800571965,4,1.00170049269828,0.901700492698284,312.202582000488,281.513222011517
26.85,100,0,4169.39170968003,127.156691749708,4,1.00170146678031,0.901701466780315,312.188930482584,281.501216528723
26.86,100,0,4169.79284781011,127.171576907372,4,1.00170244047327,0.901702440473274,312.175285078594,281.489216410808
26.87,100,0,4170.19380662164,127.186456046934,4,1.00170341377729,0.901703413777288,312.161645785953,281.47722165553
26.88,100,0,4170.59458618956,127.201329170369,4,1.00170438669248,0.901704386692479,312.148012602098,281.465232260651
26.89,100,0,4170.99518658876,127.216196279654,4,1.00170535921897,0.901705359218973,312.134385524466,281.453248223932
26.9,100,0,4171.39560789412,127.231057376766,4,1.00170633135689,0.901706331356893,312.120764550493,281.441269543134
26.91,100,0,4171.79585018047,127.245912463679,4,1.00170730310636,0.901707303106365,312.10714967762,281.429296216021
26.92,100,0,4172.19591352265,127.26076154237,4,1.00170827446751,0.901708274467511,312.093540903284,281.417328240356
26.93,100,0,4172.59579799543,127.275604614813,4,1.00170924544046,0.901709245440457,312.079938224926,281.405365613903
26.94,100,0,4172.99550367359,127.290441682983,4,1.00171021602533,0.901710216025328,312.066341639986,281.393408334426
26.95,100,0,4173.39503063187,127.305272748856,4,1.00171118622225,0.901711186222246,312.052751145909,281.381456399693
26.96,100,0,4173.79437894497,127.320097814405,4,1.00171215603134,0.901712156031337,312.039166740137,281.369509807471
26.97,100,0,4174.19354868759,127.334916881605,4,1.00171312545272,0.901713125452725,312.025588420113,281.357568555526
26.98,100,0,4174.59253993439,127.34972995243,4,1.00171409448653,0.901714094486533,312.012016183282,281.345632641626
26.99,100,0,4174.99135276,127.364537028853,4,1.00171506313289,0.901715063132887,311.99845002709,281.333702063541
27,100,0,4175.38998723903,127.379338112849,4,1.00171603139191,0.90171603139191,311.984889948985,281.32177681904
27.01,100,0,4175.78844344606,127.394133206389,4,1.00171699926373,0.901716999263727,311.971335946413,281.309856905896
27.02,100,0,4176.18672145564,127.408922311448,4,1.00171796674846,0.901717966748462,311.957788016822,281.297942321876
27.03,100,0,4176.5848213423,127.423705429997,4,1.00171893384624,0.901718933846239,311.944246157663,281.286033064757
27.04,100,0,4176.98274318055,127.43848256401,4,1.00171990055718,0.901719900557182,311.930710366387,281.274129132309
27.05,100,0,4177.38048704486,127.453253715458,4,1.00172086688141,0.901720866881415,311.917180640443,281.262230522307
27.06,100,0,4177.77805300969,127.468018886314,4,1.00172183281906,0.901721832819062,311.903656977284,281.250337232525
27.07,100,0,4178.17544114945,127.482778078548,4,1.00172279837025,0.901722798370248,311.890139374363,281.238449260738
27.08,100,0,4178.57265153853,127.497531294133,4,1.0017237635351,0.901723763535097,311.876627829134,281.226566604722
27.09,100,0,4178.96968425133,127.51227853504,4,1.00172472831373,0.901724728313733,311.863122339055,281.214689262256
27.1,100,0,4179.36653936216,127.527019803239,4,1.00172569270628,0.901725692706279,311.849622901577,281.202817231116
27.11,100,0,4179.76321694537,127.541755100701,4,1.00172665671286,0.90172665671286,311.836129514158,281.19095050908
27.12,100,0,4180.15971707523,127.556484429397,4,1.0017276203336,0.901727620333601,311.822642174258,281.17908909393
27.13,100,0,4180.55603982601,127.571207791297,4,1.00172858356862,0.901728583568624,311.809160879334,281.167232983443
27.14,100,0,4180.95218527195,127.585925188371,4,1.00172954641805,0.901729546418054,311.795685626845,281.155382175401
27.15,100,0,4181.34815348726,127.600636622587,4,1.00173050888202,0.901730508882015,311.782216414251,281.143536667585
27.16,100,0,4181.74394454614,127.615342095917,4,1.00173147096063,0.901731470960632,311.768753239014,281.131696457778
27.17,100,0,4182.13955852274,127.630041610328,4,1.00173243265403,0.901732432654027,311.755296098598,281.119861543765
27.18,100,0,4182.53499549119,127.644735167789,4,1.00173339396232,0.901733393962325,311.741844990463,281.108031923327
27.19,100,0,4182.9302555256,127.65942277027,4,1.00173435488565,0.90173435488565,311.728399912074,281.096207594249
27.2,100,0,4183.32533870005,127.674104419738,4,1.00173531542413,0.901735315424126,311.714960860897,281.08438855432
27.21,100,0,4183.72024508861,127.688780118162,4,1.00173627557788,0.901736275577876,311.701527834396,281.072574801322
27.22,100,0,4184.11497476529,127.70344986751,4,1.00173723534703,0.901737235347025,311.68810083004,281.060766333045
27.23,100,0,4184.5095278041,127.718113669748,4,1.0017381947317,0.901738194731697,311.674679845295,281.048963147276
27.24,100,0,4184.90390427902,127.732771526844,4,1.00173915373202,0.901739153732016,311.66126487763,281.037165241803
27.25,100,0,4185.29810426399,127.747423440766,4,1.0017401123481,0.901740112348104,311.647855924514,281.025372614417
27.26,100,0,4185.69212783295,127.76206941348,4,1.00174107058009,0.901741070580087,311.634452983418,281.013585262907
27.27,100,0,4186.08597505979,127.776709446952,4,1.00174202842809,0.901742028428087,311.621056051814,281.001803185066
27.28,100,0,4186.47964601837,127.791343543149,4,1.00174298589223,0.90174298589223,311.607665127173,280.990026378683
27.29,100,0,4186.87314078255,127.805971704037,4,1.00174394297264,0.901743942972638,311.594280206969,280.978254841553
27.3,100,0,4187.26645942614,127.820593931581,4,1.00174489966944,0.901744899669435,311.580901288674,280.966488571467
27.31,100,0,4187.65960202294,127.835210227747,4,1.00174585598275,0.901745855982746,311.567528369765,280.954727566222
27.32,100,0,4188.05256864672,127.849820594501,4,1.00174681191269,0.901746811912694,311.554161447717,280.942971823612
27.33,100,0,4188.44535937121,127.864425033806,4,1.0017477674594,0.901747767459402,311.540800520007,280.931221341431
27.34,100,0,4188.83797427012,127.879023547628,4,1.00174872262299,0.901748722622995,311.527445584112,280.919476117478
27.35,100,0,4189.23041341715,127.893616137931,4,1.0017496774036,0.901749677403595,311.514096637511,280.907736149548
27.36,100,0,4189.62267688596,127.90820280668,4,1.00175063180133,0.901750631801328,311.500753677683,280.896001435441
27.37,100,0,4190.01476475019,127.922783555837,4,1.00175158581632,0.901751585816317,311.487416702109,280.884271972954
27.38,100,0,4190.40667708343,127.937358387368,4,1.00175253944868,0.901752539448684,311.474085708269,280.872547759889
27.39,100,0,4190.79841395928,127.951927303234,4,1.00175349269855,0.901753492698555,311.460760693648,280.860828794046
27.4,100,0,4191.1899754513,127.966490305399,4,1.00175444556605,0.901754445566052,311.447441655725,280.849115073224
27.41,100,0,4191.58136163301,127.981047395827,4,1.0017553980513,0.901755398051299,311.434128591987,280.837406595227
27.42,100,0,4191.97257257791,127.995598576478,4,1.00175635015442,0.90175635015442,311.420821499919,280.825703357858
27.43,100,0,4192.3636083595,128.010143849317,4,1.00175730187554,0.901757301875538,311.407520377005,280.81400535892
27.44,100,0,4192.75446905121,128.024683216304,4,1.00175825321478,0.901758253214778,311.394225220732,280.802312596217
27.45,100,0,4193.14515472648,128.039216679402,4,1.00175920417226,0.901759204172262,311.38093602859,280.790625067555
27.46,100,0,4193.53566545871,128.053744240571,4,1.00176015474811,0.901760154748114,311.367652798064,280.778942770739
27.47,100,0,4193.92600132126,128.068265901774,4,1.00176110494246,0.901761104942457,311.354375526644,280.767265703575
27.48,100,0,4194.3161623875,128.082781664971,4,1.00176205475542,0.901762054755416,311.341104211821,280.755593863872
27.49,100,0,4194.70614873073,128.097291532122,4,1.00176300418711,0.901763004187114,311.327838851088,280.743927249438
27.5,100,0,4195.09596042426,128.111795505189,4,1.00176395323767,0.901763953237674,311.314579441935,280.732265858083
27.51,100,0,4195.48559754135,128.12629358613,4,1.00176490190722,0.901764901907219,311.301325981855,280.720609687614
27.52,100,0,4195.87506015525,128.140785776907,4,1.00176585019587,0.901765850195874,311.288078468341,280.708958735844
27.53,100,0,4196.26434833918,128.155272079479,4,1.00176679810376,0.901766798103761,311.274836898891,280.697313000584
27.54,100,0,4196.65346216632,128.169752495804,4,1.00176774563101,0.901767745631005,311.261601270999,280.685672479646
27.55,100,0,4197.04240170985,128.184227027842,4,1.00176869277773,0.901768692777728,311.248371582161,280.674037170842
27.56,100,0,4197.43116704289,128.198695677552,4,1.00176963954405,0.901769639544054,311.235147829875,280.662407071987
27.57,100,0,4197.81975823857,128.213158446892,4,1.00177058593011,0.901770585930106,311.221930011639,280.650782180894
27.58,100,0,4198.20817536997,128.227615337821,4,1.00177153193601,0.901771531936008,311.208718124954,280.639162495381
27.59,100,0,4198.59641851015,128.242066352296,4,1.00177247756188,0.901772477561883,311.195512167318,280.627548013261
27.6,100,0,4198.98448773215,128.256511492275,4,1.00177342280785,0.901773422807854,311.182312136233,280.615938732353
27.61,100,0,4199.37238310897,128.270950759716,4,1.00177436767405,0.901774367674045,311.169118029201,280.604334650473
27.62,100,0,4199.76010471359,128.285384156575,4,1.00177531216058,0.901775312160579,311.155929843726,280.592735765441
27.63,100,0,4200.14765261898,128.29981168481,4,1.00177625626758,0.90177625626758,311.142747577309,280.581142075075
27.64,100,0,4200.53502689806,128.314233346376,4,1.00177719999517,0.90177719999517,311.129571227459,280.569553577196
27.65,100,0,4200.92222762374,128.328649143231,4,1.00177814334347,0.901778143343473,311.116400791678,280.557970269623
27.66,100,0,4201.3092548689,128.34305907733,4,1.00177908631261,0.901779086312612,311.103236267473,280.546392150179
27.67,100,0,4201.69610870638,128.35746315063,4,1.00178002890271,0.901780028902711,311.090077652353,280.534819216685
27.68,100,0,4202.08278920902,128.371861365085,4,1.00178097111389,0.901780971113893,311.076924943826,280.523251466967
27.69,100,0,4202.46929644962,128.38625372265,4,1.00178191294628,0.90178191294628,311.063778139401,280.511688898846
27.7,100,0,4202.85563050094,128.400640225282,4,1.0017828544,0.901782854399996,311.050637236586,280.500131510147
27.71,100,0,4203.24179143574,128.415020874934,4,1.00178379547516,0.901783795475165,311.037502232896,280.488579298696
27.72,100,0,4203.62777932674,128.42939567356,4,1.00178473617191,0.901784736171909,311.024373125839,280.477032262318
27.73,100,0,4204.01359424663,128.443764623115,4,1.00178567649035,0.901785676490352,311.01124991293,280.465490398842
27.74,100,0,4204.39923626809,128.458127725553,4,1.00178661643062,0.901786616430616,310.998132591683,280.453953706094
27.75,100,0,4204.78470546376,128.472484982827,4,1.00178755599283,0.901787555992825,310.985021159612,280.442422181903
27.76,100,0,4205.17000190626,128.486836396891,4,1.0017884951771,0.901788495177103,310.971915614233,280.4308958241
27.77,100,0,4205.55512566817,128.501181969697,4,1.00178943398357,0.901789433983571,310.958815953061,280.419374630512
27.78,100,0,4205.94007682208,128.515521703198,4,1.00179037241235,0.901790372412353,310.945722173615,280.407858598973
27.79,100,0,4206.32485544051,128.529855599346,4,1.00179131046357,0.901791310463573,310.932634273413,280.396347727312
27.8,100,0,4206.70946159597,128.544183660094,4,1.00179224813735,0.901792248137353,310.919552249973,280.384842013362
27.81,100,0,4207.09389536097,128.558505887394,4,1.00179318543382,0.901793185433816,310.906476100815,280.373341454956
27.82,100,0,4207.47815680796,128.572822283197,4,1.00179412235309,0.901794122353085,310.89340582346,280.361846049929
27.83,100,0,4207.86224600937,128.587132849454,4,1.00179505889528,0.901795058895284,310.880341415432,280.350355796115
27.84,100,0,4208.24616303763,128.601437588117,4,1.00179599506054,0.901795995060535,310.867282874252,280.338870691351
27.85,100,0,4208.6299079651,128.615736501136,4,1.00179693084896,0.901796930848961,310.854230197443,280.32739073347
27.86,100,0,4209.01348086416,128.630029590462,4,1.00179786626069,0.901797866260685,310.841183382531,280.315915920313
27.87,100,0,4209.39688180712,128.644316858044,4,1.00179880129583,0.901798801295831,310.828142427041,280.304446249716
27.88,100,0,4209.78011086631,128.658598305833,4,1.00179973595452,0.901799735954521,310.815107328499,280.292981719516
27.89,100,0,4210.163168114,128.672873935779,4,1.00180067023688,0.901800670236877,310.802078084431,280.281522327554
27.9,100,0,4210.54605362244,128.68714374983,4,1.00180160414302,0.901801604143023,310.789054692367,280.27006807167
27.91,100,0,4210.92876746386,128.701407749936,4,1.00180253767308,0.901802537673082,310.776037149834,280.258618949704
27.92,100,0,4211.31130971047,128.715665938045,4,1.00180347082718,0.901803470827177,310.763025454363,280.247174959499
27.93,100,0,4211.69368043445,128.729918316107,4,1.00180440360543,0.90180440360543,310.750019603486,280.235736098897
27.94,100,0,4212.07587970794,128.744164886068,4,1.00180533600796,0.901805336007964,310.737019594733,280.224302365741
27.95,100,0,4212.45790760306,128.758405649878,4,1.0018062680349,0.901806268034903,310.724025425637,280.212873757876
27.96,100,0,4212.83976419193,128.772640609483,4,1.00180719968637,0.901807199686368,310.711037093732,280.201450273145
27.97,100,0,4213.22144954661,128.786869766832,4,1.00180813096248,0.901808130962483,310.698054596551,280.190031909395
27.98,100,0,4213.60296373915,128.801093123871,4,1.00180906186337,0.90180906186337,310.685077931631,280.178618664472
27.99,100,0,4213.98430684157,128.815310682546,4,1.00180999238915,0.901809992389152,310.672107096508,280.167210536223
28,100,0,4214.36547892587,128.829522444805,4,1.00181092253995,0.901810922539953,310.659142088717,280.155807522496
28.01,100,0,4214.74648006401,128.843728412593,4,1.00181185231589,0.901811852315893,310.646182905799,280.14440962114
28.02,100,0,4215.12731032795,128.857928587857,4,1.0018127817171,0.901812781717097,310.63322954529,280.133016830003
28.03,100,0,4215.50796978959,128.872122972542,4,1.00181371074369,0.901813710743688,310.620282004731,280.121629146937
28.04,100,0,4215.88845852084,128.886311568594,4,1.00181463939579,0.901814639395786,310.607340281662,280.110246569792
28.05,100,0,4216.26877659355,128.900494377957,4,1.00181556767352,0.901815567673516,310.594404373625,280.098869096419
28.06,100,0,4216.64892407958,128.914671402576,4,1.001816495577,0.901816495577,310.581474278163,280.087496724671
28.07,100,0,4217.02890105072,128.928842644397,4,1.00181742310636,0.901817423106361,310.568549992819,280.076129452403
28.08,100,0,4217.40870757878,128.943008105362,4,1.00181835026172,0.90181835026172,310.555631515136,280.064767277467
28.09,100,0,4217.78834373551,128.957167787416,4,1.0018192770432,0.901819277043202,310.542718842661,280.053410197719
28.1,100,0,4218.16780959266,128.971321692502,4,1.00182020345093,0.901820203450927,310.529811972939,280.042058211014
28.11,100,0,4218.54710522193,128.985469822564,4,1.00182112948502,0.90182112948502,310.516910903516,280.030711315208
28.12,100,0,4218.92623069501,128.999612179545,4,1.0018220551456,0.901822055145602,310.504015631941,280.019369508159
28.13,100,0,4219.30518608356,129.013748765388,4,1.0018229804328,0.901822980432796,310.491126155762,280.008032787725
28.14,100,0,4219.68397145922,129.027879582035,4,1.00182390534672,0.901823905346724,310.478242472529,279.996701151763
28.15,100,0,4220.06258689358,129.042004631428,4,1.00182482988751,0.901824829887509,310.465364579792,279.985374598134
28.16,100,0,4220.44103245824,129.056123915509,4,1.00182575405527,0.901825754055274,310.452492475102,279.974053124698
28.17,100,0,4220.81930822475,129.070237436219,4,1.00182667785014,0.901826677850141,310.439626156013,279.962736729317
28.18,100,0,4221.19741426464,129.084345195501,4,1.00182760127223,0.901827601272231,310.426765620077,279.951425409851
28.19,100,0,4221.57535064942,129.098447195294,4,1.00182852432167,0.901828524321669,310.413910864848,279.940119164164
28.2,100,0,4221.95311745057,129.11254343754,4,1.00182944699858,0.901829446998576,310.401061887879,279.928817990117
28.21,100,0,4222.33071473954,129.126633924179,4,1.00183036930307,0.901830369303074,310.388218686729,279.917521885576
28.22,100,0,4222.70814258775,129.140718657152,4,1.00183129123529,0.901831291235286,310.375381258953,279.906230848406
28.23,100,0,4223.08540106661,129.154797638397,4,1.00183221279533,0.901832212795335,310.362549602109,279.894944876472
28.24,100,0,4223.4624902475,129.168870869855,4,1.00183313398334,0.901833133983342,310.349723713755,279.88366396764
28.25,100,0,4223.83941020177,129.182938353465,4,1.00183405479943,0.90183405479943,310.33690359145,279.872388119777
28.26,100,0,4224.21616100074,129.197000091165,4,1.00183497524372,0.901834975243721,310.324089232756,279.861117330753
28.27,100,0,4224.59274271571,129.211056084895,4,1.00183589531634,0.901835895316338,310.311280635233,279.849851598435
28.28,100,0,4224.96915541795,129.225106336592,4,1.0018368150174,0.901836815017403,310.298477796443,279.838590920692
28.29,100,0,4225.34539917872,129.239150848196,4,1.00183773434704,0.901837734347037,310.285680713949,279.827335295396
28.3,100,0,4225.72147406922,129.253189621643,4,1.00183865330536,0.901838653305365,310.272889385314,279.816084720416
28.31,100,0,4226.09738016067,129.267222658871,4,1.00183957189251,0.901839571892506,310.260103808103,279.804839193624
28.32,100,0,4226.47311752423,129.281249961817,4,1.00184049010858,0.901840490108585,310.247323979882,279.793598712894
28.33,100,0,4226.84868623104,129.295271532418,4,1.00184140795372,0.901841407953722,310.234549898219,279.782363276099
28.34,100,0,4227.22408635223,129.309287372611,4,1.00184232542804,0.901842325428041,310.221781560678,279.771132881112
28.35,100,0,4227.59931795888,129.323297484332,4,1.00184324253166,0.901843242531663,310.20901896483,279.759907525808
28.36,100,0,4227.97438112207,129.337301869517,4,1.00184415926471,0.90184415926471,310.196262108242,279.748687208063
28.37,100,0,4228.34927591284,129.351300530102,4,1.0018450756273,0.901845075627305,310.183510988487,279.737471925755
28.38,100,0,4228.7240024022,129.365293468022,4,1.00184599161957,0.90184599161957,310.170765603132,279.726261676758
28.39,100,0,4229.09856066114,129.379280685211,4,1.00184690724163,0.901846907241626,310.158025949751,279.715056458951
28.4,100,0,4229.47295076064,129.393262183606,4,1.0018478224936,0.901847822493597,310.145292025918,279.703856270214
28.41,100,0,4229.84717277162,129.407237965141,4,1.0018487373756,0.901848737375603,310.132563829203,279.692661108425
28.42,100,0,4230.221226765,129.421208031749,4,1.00184965188777,0.901849651887768,310.119841357183,279.681470971465
28.43,100,0,4230.59511281167,129.435172385365,4,1.00185056603021,0.901850566030212,310.107124607433,279.670285857215
28.44,100,0,4230.9688309825,129.449131027922,4,1.00185147980306,0.901851479803058,310.094413577529,279.659105763556
28.45,100,0,4231.34238134832,129.463083961353,4,1.00185239320643,0.901852393206429,310.081708265047,279.647930688371
28.46,100,0,4231.71576397993,129.477031187592,4,1.00185330624045,0.901853306240445,310.069008667567,279.636760629543
28.47,100,0,4232.08897894813,129.490972708571,4,1.00185421890523,0.90185421890523,310.056314782666,279.625595584956
28.48,100,0,4232.46202632368,129.504908526223,4,1.0018551312009,0.901855131200904,310.043626607927,279.614435552496
28.49,100,0,4232.83490617731,129.51883864248,4,1.00185604312759,0.90185604312759,310.030944140927,279.603280530047
28.5,100,0,4233.20761857972,129.532763059273,4,1.00185695468541,0.901856954685411,310.018267379248,279.592130515496
28.51,100,0,4233.58016360161,129.546681778534,4,1.00185786587449,0.901857865874486,310.005596320474,279.580985506731
28.52,100,0,4233.95254131362,129.560594802194,4,1.00185877669494,0.901858776694939,309.992930962188,279.569845501638
28.53,100,0,4234.3247517864,129.574502132185,4,1.00185968714689,0.901859687146892,309.980271301973,279.558710498106
28.54,100,0,4234.69679509054,129.588403770436,4,1.00186059723047,0.901860597230466,309.967617337415,279.547580494026
28.55,100,0,4235.06867129663,129.602299718879,4,1.00186150694578,0.901861506945783,309.954969066101,279.536455487287
28.56,100,0,4235.44038047523,129.616189979442,4,1.00186241629296,0.901862416292965,309.942326485615,279.52533547578
28.57,100,0,4235.81192269685,129.630074554056,4,1.00186332527213,0.901863325272133,309.929689593547,279.514220457396
28.58,100,0,4236.18329803201,129.643953444651,4,1.00186423388341,0.90186423388341,309.917058387484,279.503110430029
28.59,100,0,4236.55450655118,129.657826653154,4,1.00186514212692,0.901865142126917,309.904432865018,279.492005391571
28.6,100,0,4236.92554832482,129.671694181496,4,1.00186605000278,0.901866050002777,309.891813023736,279.480905339916
28.61,100,0,4237.29642342336,129.685556031604,4,1.00186695751111,0.901866957511109,309.879198861231,279.469810272959
28.62,100,0,4237.66713191719,129.699412205407,4,1.00186786465204,0.901867864652038,309.866590375096,279.458720188596
28.63,100,0,4238.03767387669,129.713262704832,4,1.00186877142568,0.901868771425683,309.853987562923,279.447635084722
28.64,100,0,4238.40804937221,129.727107531807,4,1.00186967783217,0.901869677832167,309.841390422306,279.436554959236
28.65,100,0,4238.77825847408,129.74094668826,4,1.00187058387161,0.901870583871611,309.82879895084,279.425479810034
28.66,100,0,4239.1483012526,129.754780176117,4,1.00187148954414,0.901871489544138,309.81621314612,279.414409635016
28.67,100,0,4239.51817777803,129.768607997305,4,1.00187239484987,0.901872394849868,309.803633005744,279.40334443208
28.68,100,0,4239.88788812064,129.78243015375,4,1.00187329978892,0.901873299788923,309.791058527307,279.392284199126
28.69,100,0,4240.25743235064,129.796246647378,4,1.00187420436143,0.901874204361426,309.77848970841,279.381228934056
28.7,100,0,4240.62681053822,129.810057480116,4,1.0018751085675,0.901875108567496,309.76592654665,279.370178634771
28.71,100,0,4240.99602275357,129.823862653888,4,1.00187601240726,0.901876012407257,309.753369039629,279.359133299174
28.72,100,0,4241.36506906682,129.837662170619,4,1.00187691588083,0.901876915880829,309.740817184947,279.348092925167
28.73,100,0,4241.73394954811,129.851456032235,4,1.00187781898833,0.901877818988335,309.728270980205,279.337057510655
28.74,100,0,4242.10266426751,129.865244240659,4,1.00187872172989,0.901878721729895,309.715730423005,279.326027053541
28.75,100,0,4242.47121329511,129.879026797817,4,1.00187962410563,0.90187962410563,309.703195510955,279.315001551732
28.76,100,0,4242.83959670095,129.892803705632,4,1.00188052611566,0.901880526115664,309.690666241655,279.303981003134
28.77,100,0,4243.20781455504,129.906574966027,4,1.00188142776012,0.901881427760116,309.678142612713,279.292965405654
28.78,100,0,4243.57586692739,129.920340580926,4,1.00188232903911,0.901882329039109,309.665624621733,279.281954757199
28.79,100,0,4243.94375388795,129.934100552251,4,1.00188322995276,0.901883229952763,309.653112266324,279.270949055678
28.8,100,0,4244.31147550668,129.947854881926,4,1.0018841305012,0.901884130501201,309.640605544093,279.259948299
28.81,100,0,4244.67903185348,129.961603571873,4,1.00188503068454,0.901885030684543,309.628104452649,279.248952485074
28.82,100,0,4245.04642299825,129.975346624013,4,1.00188593050291,0.901885930502911,309.615608989602,279.237961611812
28.83,100,0,4245.41364901086,129.989084040269,4,1.00188682995643,0.901886829956426,309.603119152562,279.226975677126
28.84,100,0,4245.78070996114,130.002815822561,4,1.00188772904521,0.90188772904521,309.590634939141,279.215994678926
28.85,100,0,4246.14760591892,130.016541972811,4,1.00188862776938,0.901888627769384,309.578156346951,279.205018615128
28.86,100,0,4246.51433695398,130.030262492941,4,1.00188952612907,0.901889526129069,309.565683373607,279.194047483644
28.87,100,0,4246.88090313609,130.043977384869,4,1.00189042412439,0.901890424124386,309.553216016721,279.183081282389
28.88,100,0,4247.24730453498,130.057686650516,4,1.00189132175546,0.901891321755458,309.540754273909,279.172120009277
28.89,100,0,4247.61354122037,130.071390291803,4,1.0018922190224,0.901892219022404,309.528298142786,279.161163662226
28.9,100,0,4247.97961326195,130.085088310648,4,1.00189311592535,0.901893115925346,309.51584762097,279.150212239151
28.91,100,0,4248.34552072938,130.098780708971,4,1.00189401246441,0.901894012464406,309.503402706079,279.139265737972
28.92,100,0,4248.71126369229,130.112467488691,4,1.0018949086397,0.901894908639704,309.490963395729,279.128324156605
28.93,100,0,4249.07684222031,130.126148651727,4,1.00189580445136,0.901895804451362,309.478529687541,279.11738749297
28.94,100,0,4249.44225638301,130.139824199996,4,1.0018966998995,0.901896699899501,309.466101579136,279.106455744987
28.95,100,0,4249.80750624997,130.153494135416,4,1.00189759498424,0.901897594984242,309.453679068135,279.095528910576
28.96,100,0,4250.1725918907,130.167158459906,4,1.00189848970571,0.901898489705706,309.441262152159,279.08460698766
28.97,100,0,4250.53751337473,130.180817175383,4,1.00189938406401,0.901899384064015,309.428850828831,279.073689974159
28.98,100,0,4250.90227077155,130.194470283763,4,1.00190027805929,0.901900278059289,309.416445095776,279.062777867997
28.99,100,0,4251.2668641506,130.208117786964,4,1.00190117169165,0.901901171691649,309.404044950617,279.051870667097
29,100,0,4251.63129358132,130.221759686901,4,1.00190206496122,0.901902064961216,309.391650390981,279.040968369384
29.01,100,0,4251.99555913313,130.235395985491,4,1.00190295786811,0.901902957868112,309.379261414493,279.030070972783
29.02,100,0,4252.35966087541,130.24902668465,4,1.00190385041246,0.901903850412457,309.366878018781,279.01917847522
29.03,100,0,4252.72359887751,130.262651786292,4,1.00190474259437,0.901904742594373,309.354500201473,279.008290874621
29.04,100,0,4253.08737320878,130.276271292334,4,1.00190563441398,0.90190563441398,309.3421279602,278.997408168915
29.05,100,0,4253.45098393851,130.28988520469,4,1.0019065258714,0.9019065258714,309.329761292588,278.986530356028
29.06,100,0,4253.81443113599,130.303493525274,4,1.00190741696675,0.901907416966753,309.317400196272,278.975657433891
29.07,100,0,4254.17771487047,130.317096256001,4,1.00190830770016,0.90190830770016,309.30504466888,278.964789400432
29.08,100,0,4254.5408352112,130.330693398784,4,1.00190919807174,0.901909198071742,309.292694708047,278.953926253582
29.09,100,0,4254.90379222737,130.344284955537,4,1.00191008808162,0.901910088081621,309.280350311405,278.943067991273
29.1,100,0,4255.26658598817,130.357870928174,4,1.00191097772992,0.901910977729916,309.268011476589,278.932214611437
29.11,100,0,4255.62921656275,130.371451318606,4,1.00191186701675,0.901911867016748,309.255678201234,278.921366112006
29.12,100,0,4255.99168402024,130.385026128748,4,1.00191275594224,0.90191275594224,309.243350482976,278.910522490913
29.13,100,0,4256.35398842976,130.39859536051,4,1.00191364450651,0.901913644506511,309.231028319452,278.899683746093
29.14,100,0,4256.71612986037,130.412159015805,4,1.00191453270968,0.901914532709681,309.218711708299,278.88884987548
29.15,100,0,4257.07810838114,130.425717096545,4,1.00191542055187,0.901915420551873,309.206400647156,278.878020877011
29.16,100,0,4257.43992406109,130.439269604641,4,1.00191630803321,0.901916308033207,309.194095133664,278.867196748622
29.17,100,0,4257.80157696923,130.452816542004,4,1.0019171951538,0.901917195153803,309.181795165462,278.856377488251
29.18,100,0,4258.16306717454,130.466357910544,4,1.00191808191378,0.901918081913782,309.169500740191,278.845563093835
29.19,100,0,4258.52439474597,130.479893712172,4,1.00191896831326,0.901918968313265,309.157211855494,278.834753563313
29.2,100,0,4258.88555975245,130.493423948798,4,1.00191985435237,0.901919854352372,309.144928509013,278.823948894623
29.21,100,0,4259.24656226288,130.506948622332,4,1.00192074003122,0.901920740031225,309.132650698393,278.813149085709
29.22,100,0,4259.60740234615,130.520467734683,4,1.00192162534994,0.901921625349943,309.120378421278,278.802354134509
29.23,100,0,4259.9680800711,130.53398128776,4,1.00192251030865,0.901922510308648,309.108111675313,278.791564038964
29.24,100,0,4260.32859550656,130.547489283471,4,1.00192339490746,0.90192339490746,309.095850458147,278.78077879702
29.25,100,0,4260.68894872134,130.560991723726,4,1.0019242791465,0.9019242791465,309.083594767424,278.769998406618
29.26,100,0,4261.04913978421,130.574488610432,4,1.00192516302589,0.901925163025888,309.071344600794,278.759222865702
29.27,100,0,4261.40916876392,130.587979945498,4,1.00192604654574,0.901926046545744,309.059099955908,278.748452172218
29.28,100,0,4261.76903572921,130.60146573083,4,1.00192692970619,0.90192692970619,309.046860830412,278.737686324109
29.29,100,0,4262.12874074877,130.614945968336,4,1.00192781250735,0.901927812507346,309.034627221958,278.726925319324
29.3,100,0,4262.48828389128,130.628420659922,4,1.00192869494933,0.901928694949333,309.022399128199,278.716169155809
29.31,100,0,4262.84766522539,130.641889807495,4,1.00192957703227,0.90192957703227,309.010176546788,278.705417831512
29.32,100,0,4263.20688481973,130.655353412962,4,1.00193045875628,0.901930458756278,308.997959475377,278.694671344381
29.33,100,0,4263.5659427429,130.668811478227,4,1.00193134012148,0.901931340121478,308.985747911621,278.683929692365
29.34,100,0,4263.92483906347,130.682264005197,4,1.00193222112799,0.90193222112799,308.973541853175,278.673192873416
29.35,100,0,4264.28357384999,130.695710995777,4,1.00193310177594,0.901933101775935,308.961341297694,278.662460885483
29.36,100,0,4264.642147171,130.709152451871,4,1.00193398206543,0.901933982065433,308.949146242837,278.651733726517
29.37,100,0,4265.00055909499,130.722588375385,4,1.0019348619966,0.901934861996604,308.93695668626,278.641011394473
29.38,100,0,4265.35880969044,130.736018768221,4,1.00193574156957,0.901935741569569,308.924772625623,278.630293887302
29.39,100,0,4265.71689902579,130.749443632285,4,1.00193662078445,0.901936620784448,308.912594058586,278.619581202959
29.4,100,0,4266.07482716947,130.76286296948,4,1.00193749964136,0.901937499641361,308.900420982806,278.608873339396
29.41,100,0,4266.43259418988,130.776276781709,4,1.00193837814043,0.901938378140429,308.888253395948,278.598170294571
29.42,100,0,4266.7902001554,130.789685070874,4,1.00193925628177,0.901939256281772,308.876091295672,278.587472066439
29.43,100,0,4267.14764513438,130.80308783888,4,1.00194013406551,0.90194013406551,308.863934679642,278.576778652958
29.44,100,0,4267.50492919514,130.816485087627,4,1.00194101149176,0.901941011491764,308.851783545522,278.566090052084
29.45,100,0,4267.86205240597,130.829876819017,4,1.00194188856065,0.901941888560653,308.839637890976,278.555406261775
29.46,100,0,4268.21901483516,130.843263034953,4,1.0019427652723,0.901942765272297,308.82749771367,278.544727279991
29.47,100,0,4268.57581655096,130.856643737336,4,1.00194364162682,0.901943641626818,308.81536301127,278.534053104693
29.48,100,0,4268.93245762158,130.870018928066,4,1.00194451762434,0.901944517624336,308.803233781442,278.523383733838
29.49,100,0,4269.28893811522,130.883388609044,4,1.00194539326497,0.901945393264969,308.791110021858,278.512719165391
29.5,100,0,4269.64525810007,130.89675278217,4,1.00194626854884,0.901946268548839,308.778991730185,278.502059397313
29.51,100,0,4270.00141764427,130.910111449345,4,1.00194714347607,0.901947143476066,308.766878904091,278.491404427565
29.52,100,0,4270.35741681593,130.923464612468,4,1.00194801804677,0.901948018046769,308.754771541249,278.480754254113
29.53,100,0,4270.71325568317,130.936812273438,4,1.00194889226107,0.901948892261069,308.742669639331,278.47010887492
29.54,100,0,4271.06893431406,130.950154434155,4,1.00194976611909,0.901949766119086,308.730573196008,278.459468287951
29.55,100,0,4271.42445277664,130.963491096516,4,1.00195063962094,0.90195063962094,308.718482208954,278.448832491172
29.56,100,0,4271.77981113894,130.976822262421,4,1.00195151276675,0.90195151276675,308.706396675844,278.43820148255
29.57,100,0,4272.13500946895,130.990147933767,4,1.00195238555664,0.901952385556638,308.694316594352,278.427575260052
29.58,100,0,4272.49004783466,131.003468112452,4,1.00195325799072,0.901953257990722,308.682241962155,278.416953821646
29.59,100,0,4272.844926304,131.016782800372,4,1.00195413006912,0.901954130069123,308.670172776929,278.406337165301
29.6,100,0,4273.19964494491,131.030091999426,4,1.00195500179196,0.901955001791961,308.658109036352,278.395725288986
29.61,100,0,4273.55420382527,131.04339571151,4,1.00195587315936,0.901955873159355,308.646050738102,278.385118190671
29.62,100,0,4273.90860301297,131.05669393852,4,1.00195674417143,0.901956744171427,308.63399787986,278.374515868329
29.63,100,0,4274.26284257585,131.069986682352,4,1.00195761482829,0.901957614828294,308.621950459304,278.36391831993
29.64,100,0,4274.61692258174,131.083273944902,4,1.00195848513008,0.901958485130078,308.609908474117,278.353325543447
29.65,100,0,4274.97084309843,131.096555728065,4,1.0019593550769,0.901959355076898,308.59787192198,278.342737536852
29.66,100,0,4275.3246041937,131.109832033737,4,1.00196022466887,0.901960224668874,308.585840800576,278.332154298121
29.67,100,0,4275.6782059353,131.123102863811,4,1.00196109390613,0.901961093906126,308.57381510759,278.321575825228
29.68,100,0,4276.03164839095,131.136368220182,4,1.00196196278877,0.901961962788773,308.561794840705,278.311002116149
29.69,100,0,4276.38493162834,131.149628104744,4,1.00196283131694,0.901962831316936,308.549779997607,278.30043316886
29.7,100,0,4276.73805571516,131.162882519391,4,1.00196369949073,0.901963699490734,308.537770575983,278.289868981337
29.71,100,0,4277.09102071905,131.176131466016,4,1.00196456731029,0.901964567310287,308.525766573519,278.279309551558
29.72,100,0,4277.44382670763,131.189374946513,4,1.00196543477571,0.901965434775715,308.513767987904,278.268754877503
29.73,100,0,4277.7964737485,131.202612962773,4,1.00196630188714,0.901966301887136,308.501774816826,278.25820495715
29.74,100,0,4278.14896190924,131.215845516689,4,1.00196716864467,0.901967168644672,308.489787057976,278.24765978848
29.75,100,0,4278.5012912574,131.229072610153,4,1.00196803504844,0.901968035048441,308.477804709042,278.237119369472
29.76,100,0,4278.8534618605,131.242294245057,4,1.00196890109856,0.901968901098563,308.465827767719,278.226583698108
29.77,100,0,4279.20547378603,131.255510423293,4,1.00196976679516,0.901969766795159,308.453856231698,278.216052772372
29.78,100,0,4279.55732710148,131.26872114675,4,1.00197063213835,0.901970632138346,308.441890098671,278.205526590244
29.79,100,0,4279.90902187429,131.28192641732,4,1.00197149712825,0.901971497128246,308.429929366332,278.19500514971
29.8,100,0,4280.26055817189,131.295126236893,4,1.00197236176498,0.901972361764978,308.417974032379,278.184488448754
29.81,100,0,4280.61193606167,131.308320607359,4,1.00197322604866,0.90197322604866,308.406024094505,278.173976485362
29.82,100,0,4280.96315561101,131.321509530607,4,1.00197408997941,0.901974089979413,308.394079550408,278.163469257518
29.83,100,0,4281.31421688726,131.334693008528,4,1.00197495355736,0.901974953557357,308.382140397784,278.152966763209
29.84,100,0,4281.66511995774,131.34787104301,4,1.00197581678261,0.90197581678261,308.370206634332,278.142469000423
29.85,100,0,4282.01586488976,131.361043635941,4,1.00197667965529,0.901976679655292,308.358278257753,278.131975967151
29.86,100,0,4282.36645175059,131.37421078921,4,1.00197754217552,0.901977542175522,308.346355265744,278.121487661377
29.87,100,0,4282.71688060748,131.387372504705,4,1.00197840434342,0.901978404343421,308.334437656009,278.111004081093
29.88,100,0,4283.06715152764,131.400528784313,4,1.00197926615911,0.901979266159107,308.322525426247,278.100525224289
29.89,100,0,4283.4172645783,131.413679629922,4,1.0019801276227,0.9019801276227,308.310618574163,278.090051088957
29.9,100,0,4283.76721982661,131.426825043418,4,1.00198098873432,0.901980988734319,308.298717097459,278.079581673088
29.91,100,0,4284.11701733973,131.439965026689,4,1.00198184949408,0.901981849494083,308.286820993839,278.069116974675
29.92,100,0,4284.46665718479,131.453099581621,4,1.00198270990211,0.901982709902112,308.27493026101,278.058656991711
29.93,100,0,4284.81613942889,131.466228710098,4,1.00198356995853,0.901983569958526,308.263044896677,278.04820172219
29.94,100,0,4285.1654641391,131.479352414008,4,1.00198442966344,0.901984429663443,308.251164898547,278.037751164108
29.95,100,0,4285.51463138247,131.492470695235,4,1.00198528901698,0.901985289016982,308.239290264327,278.027305315458
29.96,100,0,4285.86364122604,131.505583555665,4,1.00198614801926,0.901986148019263,308.227420991728,278.01686417424
29.97,100,0,4286.21249373679,131.518690997181,4,1.00198700667041,0.901987006670406,308.215557078457,278.006427738449
29.98,100,0,4286.56118898172,131.531793021668,4,1.00198786497053,0.901987864970529,308.203698522225,277.995996006083
29.99,100,0,4286.90972702776,131.54488963101,4,1.00198872291975,0.901988722919752,308.191845320744,277.98556897514
30,100,0,4287.25810794186,131.55798082709,4,1.00198958051819,0.901989580518193,308.179997471726,277.97514664362
