TimeSeconds,ThrottlePercent,Brake,RPM,SpeedMPH,Gear,TorqueRatioBefore,TorqueRatioAfter,ImpellerTorque,TurbineTorque
0,60,0,1000,0,1,2.232,2.232,52.9193384795879,118.11596348644
0.01,60,0,1101.37026247294,0.0573120121589636,1,2.22315577083205,2.22315577083205,64.2130880351901,142.75569722838
0.02,60,0,1200.04472766672,0.125997448519523,1,2.21415518727494,2.21415518727494,76.2599874293758,168.851446748274
0.03,60,0,1294.56328772058,0.206809716394834,1,2.20484840609775,2.20484840609775,88.7765766705441,195.738893570864
0.04,60,0,1383.66052585174,0.29992457413434,1,2.19515910461523,2.19515910461523,101.45350874608,222.706593419119
0.05,60,0,1467.28224596478,0.405291278209171,1,2.18505371051603,2.18505371051603,114.129569346495,249.379238980156
0.06,60,0,1545.44333924533,0.522698456130124,1,2.17451615530368,2.17451615530368,126.662165835892,275.428925875901
0.07,60,0,1618.22107189558,0.651796610197795,1,2.16354236011106,2.16354236011106,138.92915381387,300.579109330692
0.08,60,0,1685.79602326391,0.792125708251455,1,2.15213862918223,2.15213862918223,150.838309984757,324.624953678759
0.09,60,0,1748.3478894084,0.943142260473534,1,2.14031526611597,2.14031526611597,162.311034420208,347.396784828645
0.1,60,0,1806.06785055424,1.10423305912275,1,2.12808592875045,2.12808592875045,173.283729234255,368.762665864821
0.11,60,0,1859.17295480952,1.27473441568325,1,2.11546735734879,2.11546735734879,183.710043199668,388.632599606034
0.12,60,0,1907.89876489418,1.45395026160705,1,2.10247848960839,2.10247848960839,193.559122206659,406.953890906981
0.13,60,0,1952.49281366535,1.64116803580732,1,2.08913979042353,2.08913979042353,202.813684760734,423.706138876062
0.14,60,0,1993.20892328946,1.83567226098082,1,2.07547273399461,2.07547273399461,211.468043519691,438.896158436304
0.15,60,0,2030.10209172363,2.03707777450425,1,2.06637300727927,2.06637300727927,219.704570501325,453.991594059824
0.16,60,0,2063.12993810201,2.24502859981844,1,2.0572005340643,2.0572005340643,227.276825211952,467.554006206468
0.17,60,0,2092.6136072798,2.45881921872208,1,2.04780044887138,2.04780044887138,234.205268271427,479.60565349427
0.18,60,0,2118.86518046883,2.67777967947163,1,2.0381894647296,2.0381894647296,240.524037427748,490.233559099462
0.19,60,0,2142.17809620431,2.90128114206592,1,2.02838369659393,2.02838369659393,246.270136939784,499.530330726611
0.2,60,0,2162.82632244382,3.12873769262537,1,2.01839863885853,2.01839863885853,251.482064469956,507.59105662349
0.21,60,0,2181.06409197886,3.35960689480232,1,2.00824914829352,2.00824914829352,256.198719639895,514.510860510709
0.22,60,0,2197.12607702935,3.59338935959114,1,1.99794943231736,1.99794943231736,260.458559061483,520.383030219086
0.23,60,0,2211.22789604916,3.82962757564675,1,1.98751304237616,1.98751304237616,264.298962034479,525.297634130008
0.24,60,0,2223.5668625684,4.06790420381075,1,1.97695287210618,1.97695287210618,267.755772560672,529.34054358683
0.25,60,0,2234.38512141958,4.30759073012266,1,1.96377577344986,1.96377577344986,270.530169727466,531.260593298074
0.26,60,0,2243.95936198666,4.54787286541863,1,1.94997091781096,1.94997091781096,272.939594314992,532.224271233354
0.27,60,0,2252.42616522112,4.78845713329792,1,1.93611874631678,1.93611874631678,275.090192915497,532.607279431592
0.28,60,0,2259.90554151381,5.02909322869587,1,1.92223139769107,1.92223139769107,277.008017783188,532.47350919501
0.29,60,0,2266.50526227985,5.26955867035789,1,1.9083202166164,1.9083202166164,278.716880162594,531.881057126526
0.3,60,0,2272.32194871005,5.50965622873208,1,1.89439577421326,1.89439577421326,280.23845643759,530.882547647418
0.31,60,0,2277.44209954588,5.74921150940186,1,1.88046789285881,1.88046789285881,281.59241169089,529.525489057398
0.32,60,0,2281.94305225577,5.98807070319914,1,1.86654567430254,1.86654567430254,282.796533155197,527.852645668587
0.33,60,0,2285.89387501768,6.22609850720618,1,1.85263753019387,1.85263753019387,283.866867842753,525.902412944067
0.34,60,0,2289.41748837046,6.46306928370248,1,1.83893647212163,1.83893647212163,284.339030303478,522.881413272763
0.35,60,0,2292.8565744587,6.69838689560233,1,1.82551506305497,1.82551506305497,284.345170491437,519.076391839052
0.36,60,0,2296.26535367156,6.93197390301131,1,1.81223121992892,1.81223121992892,284.352454001412,515.312394604762
0.37,60,0,2299.64359582336,7.16384868087415,1,1.79908267337133,1.79908267337133,284.360676462183,511.588366011265
0.38,60,0,2302.99115886165,7.39402914304721,1,1.78606721693414,1.78606721693414,284.369660484892,507.903328082758
0.39,60,0,2306.30797672996,7.62253277561435,1,1.77318270459223,1.77318270459223,284.379252288384,504.256371702633
0.4,60,0,2309.59404875845,7.84937666647463,1,1.76042704832272,1.76042704832272,284.38931874177,500.646648967084
0.41,60,0,2312.8494303934,8.07457753166176,1,1.74779821577255,1.74779821577255,284.39974477265,497.073366479806
0.42,60,0,2316.07422509984,8.29815173879672,1,1.73529422801909,1.73529422801909,284.410431095821,493.535779468998
0.43,60,0,2319.26857729185,8.52011532802481,1,1.72291315742637,1.72291315742637,284.421292222926,490.03318662309
0.44,60,0,2322.47798575396,8.74029891506225,1,1.70845354212306,1.70845354212306,284.169530855187,485.490441552992
0.45,60,0,2325.80091365527,8.95829706132946,1,1.69353258427016,1.69353258427016,283.878032470805,480.75669794781
0.46,60,0,2329.21996225106,9.17416338524342,1,1.67883622420297,1.67883622420297,283.627760751206,476.164558938698
0.47,60,0,2332.71694674375,9.38795929379796,1,1.66435554734941,1.66435554734941,283.41333127573,471.700550101536
0.48,60,0,2336.27610262465,9.59974044916278,1,1.65008232853588,1.65008232853588,283.230059796031,467.352916579591
0.49,60,0,2339.88377094064,9.80955749871666,1,1.63600897058988,1.63600897058988,283.073869412592,463.111389698589
0.5,60,0,2343.52812512379,10.0174567063303,1,1.62212844777188,1.62212844777188,282.94121052335,458.966986636937
0.51,60,0,2347.19893370495,10.2234804988196,1,1.60843425384959,1.60843425384959,282.828991680806,454.911838201148
0.52,60,0,2350.8873540517,10.4276679394192,1,1.59492035458459,1.59492035458459,282.734519789332,450.939040555707
0.53,60,0,2354.58575296337,10.630055138388,1,1.58158114437438,1.58158114437438,282.655448317968,447.042527414385
0.54,60,0,2358.28755054132,10.8306756093908,1,1.56841140677886,1.56841140677886,282.589732405852,443.216959743924
0.55,60,0,2362.05242839594,11.0294612346969,1,1.55549009975057,1.55549009975057,282.089997892155,438.788198959906
0.56,60,0,2366.08362020248,11.2261354164603,1,1.54287747729679,1.54287747729679,281.454728655511,434.250161721269
0.57,60,0,2370.34891913505,11.4207880554646,1,1.53053073290674,1.53053073290674,280.912635527882,429.945421937252
0.58,60,0,2374.80733544294,11.6135187296561,1,1.51843088667445,1.51843088667445,280.450535526476,425.844755327791
0.59,60,0,2379.42373380488,11.8044146765701,1,1.50656105311848,1.50656105311848,280.057140145608,421.923179991118
0.6,60,0,2384.16799505636,11.9935525761662,1,1.49490619583601,1.49490619583601,279.722771818392,418.159304707736
0.61,60,0,2389.01430240065,12.1810000614197,1,1.48345290985391,1.48345290985391,279.439125581626,414.534783971095
0.62,60,0,2393.94053248836,12.3668170008854,1,1.47218922892112,1.47218922892112,279.199068091206,411.033860768688
0.63,60,0,2398.92773510637,12.5510565896685,1,1.46110445516072,1.46110445516072,278.996467646114,407.642981851842
0.64,60,0,2403.946201924,12.7337654676542,1,1.45018407913931,1.45018407913931,278.822317779857,404.34368615307
0.65,60,0,2408.95531282818,12.9149792792617,1,1.43940984709332,1.43940984709332,278.664741752592,401.112773316398
0.66,60,0,2413.94753848325,13.0947276971292,1,1.42877582234462,1.42877582234462,278.521133140797,397.944261043599
0.67,60,0,2418.91733462677,13.2730380462721,1,1.41827690830545,1.41827690830545,278.389475891287,394.833365171868
0.68,60,0,2423.8644308365,13.4499294881061,1,1.40791055208707,1.40791055208707,278.196589445017,391.675913834275
0.69,60,0,2428.95337876469,13.6251914199334,1,1.39775397260966,1.39775397260966,277.460172647711,387.821058559299
0.7,60,0,2434.2644911294,13.7987415066122,1,1.38784468752405,1.38784468752405,276.826156670475,384.191710902819
0.71,60,0,2439.75164252696,13.9706749861516,1,1.37815907380017,1.37815907380017,276.278220218508,380.7553360875
0.72,60,0,2445.37622304016,14.1410735154708,1,1.36867679437264,1.36867679437264,275.802714715369,377.484775455903
0.73,60,0,2451.10591247385,14.3100074029249,1,1.35938031432846,1.35938031432846,275.388209096481,374.357310243926
0.74,60,0,2456.9136613243,14.4775374545064,1,1.35025448868563,1.35025448868563,275.025116666889,371.353898280756
0.75,60,0,2462.77684174193,14.6437165044556,1,1.34128621132748,1.34128621132748,274.705388060845,368.458549183377
0.76,60,0,2468.67653876036,14.8085906870897,1,1.33246411611416,1.33246411611416,274.422257744059,365.657811106989
0.77,60,0,2474.59695761605,14.9722004957263,1,1.32377832246701,1.32377832246701,274.170034102635,362.94034781511
0.78,60,0,2480.52492740673,15.1345816659264,1,1.31522021883034,1.31522021883034,273.943925171955,360.2965892119
0.79,60,0,2486.44948488563,15.2957659133987,1,1.30678227837374,1.30678227837374,273.73989362279,357.718441870176
0.8,60,0,2492.36152505193,15.4557815513842,1,1.29845790212509,1.29845790212509,273.554535849104,355.199048735432
0.81,60,0,2498.25350751996,15.6146540079022,1,1.29024128543415,1.29024128543415,273.384980971941,352.732589267629
0.82,60,0,2504.11920954233,15.7724062596381,1,1.28212730427544,1.28212730427544,273.228806345799,350.314112930535
0.83,60,0,2509.95351811028,15.9290591963277,1,1.27411141841911,1.27411141841911,273.083966772055,347.93940025146
0.84,60,0,2515.75225482689,16.0846319271087,1,1.26618958894297,1.26618958894297,272.948735121927,345.604846726537
0.85,60,0,2521.51202829666,16.2391420383496,1,1.25835820793722,1.25835820793722,272.821652474582,343.307365694386
0.86,60,0,2527.25112584373,16.3925775817221,1,1.25055964038625,1.25055964038625,272.513937320541,340.794931455818
0.87,60,0,2533.09787304168,16.544781213184,1,1.24284310600772,1.24284310600772,272.019725441737,338.077840463374
0.88,60,0,2539.05362290589,16.6957699838011,1,1.23529223997171,1.23529223997171,271.589789119008,335.492758954263
0.89,60,0,2545.09002214226,16.8455996148419,1,1.22789049271144,1.22789049271144,271.213532601616,333.020518176209
0.9,60,0,2551.1835562964,16.9943178461337,1,1.22062380541053,1.22062380541053,270.882151014394,330.645201988979
0.91,60,0,2557.31473339457,17.1419657843014,1,1.21348021155973,1.21348021155973,270.588318383834,328.353569838006
0.92,60,0,2563.4674087567,17.2885790130213,1,1.2064495033911,1.2064495033911,270.325932403928,326.134586902456
0.93,60,0,2569.62822558446,17.4341885091833,1,1.19952295251286,1.19952295251286,270.089904996204,323.979040284964
0.94,60,0,2575.78615075426,17.5788214002854,1,1.19269307583843,1.19269307583843,269.875989996,321.87922460327
0.95,60,0,2581.93208908615,17.7225015916085,1,1.18595343937911,1.18595343937911,269.680641056782,319.828683795254
0.96,60,0,2588.058562435,17.8652502863381,1,1.17929849369954,1.17929849369954,269.500894235356,317.821998622434
0.97,60,0,2594.15944242429,18.0070864174956,1,1.17272343586039,1.17272343586039,269.33427079715,315.854611444186
0.98,60,0,2600.22972764352,18.1480270070861,1,1.16622409352732,1.16622409352732,269.17869663162,313.922681476075
0.99,60,0,2606.26535775436,18.2880874650772,1,1.15979682763729,1.15979682763729,269.032435344732,312.022965044355
1,60,0,2612.26305827369,18.4272818385671,1,1.15343845060752,1.15343845060752,268.894032637004,310.152716382434
1.01,60,0,2618.22021088357,18.5656230196611,1,1.14714615756728,1.14714615756728,268.762270011041,308.309605342226
1.02,60,0,2624.13474500462,18.7031229190767,1,1.1409174685063,1.1409174685063,268.636126204272,306.491649058317
1.03,60,0,2630.00504709824,18.8397926112744,1,1.1347501795778,1.1347501795778,268.514745027866,304.697155139658
1.04,60,0,2635.82988476301,18.9756424559068,1,1.12864232208234,1.12864232208234,268.397408525016,302.924674398555
1.05,60,0,2641.60834318618,19.1106821995518,1,1.12259212789854,1.12259212789854,268.283514551394,301.172961480348
1.06,60,0,2647.33977192046,19.2449210610187,1,1.11659800032772,1.11659800032772,268.17255803586,299.440942045609
1.07,60,0,2653.0237402956,19.3783678029574,1,1.11065848948684,1.11065848948684,268.064115306937,297.727685392429
1.08,60,0,2658.66000005513,19.5110307920341,1,1.10477227152467,1.10477227152467,267.957830975474,296.032381599598
1.09,60,0,2664.24845404241,19.6429180495608,1,1.09893813105285,1.09893813105285,267.853406950327,294.354322430131
1.1,60,0,2669.80939496448,19.7740140473016,1,1.09313017874228,1.09313017874228,267.586265995896,292.506622777072
1.11,60,0,2675.44459088464,19.9042123679275,1,1.08740321615676,1.08740321615676,267.190627222953,290.543947369182
1.12,60,0,2681.15182723876,20.0335293257825,1,1.08179204256077,1.08179204256077,266.842462770294,288.668052842222
1.13,60,0,2686.97359290076,20.1619067673026,1,1.07563079829938,1.07563079829938,266.109391679027,286.235457406674
1.14,60,0,2693.07849745859,20.289095954048,1,1.06941533660364,1.06941533660364,265.312957448426,283.729745695015
1.15,60,0,2699.40912587211,20.4151854451672,1,1.06344187645333,1.06344187645333,264.645128466768,281.434712010933
1.16,60,0,2705.90238920904,20.540275826857,1,1.05784163131749,1.05784163131749,264.133093431294,279.410982440296
1.17,60,0,2712.48677003801,20.6644907452396,1,1.05250886571641,1.05250886571641,263.727182529464,277.575197742672
1.18,60,0,2719.13081504458,20.7878828818194,1,1.04729357938361,1.04729357938361,263.372668844188,275.828505065644
1.19,60,0,2725.81321972528,20.9104891847645,1,1.04231744274536,1.04231744274536,263.017388699461,274.147611986784
1.2,60,0,2732.58844929716,21.0323322614503,1,1.03816555486972,1.03816555486972,262.50682686358,272.525545567918
1.21,60,0,2739.46288239543,21.1534539782684,1,1.03412237300731,1.03412237300731,262.066394437123,271.008721700787
1.22,60,0,2746.40649021787,21.2738976901795,1,1.0301712028844,1.0301712028844,261.682170251275,269.577436101156
1.23,60,0,2753.41780351898,21.3936724625917,1,1.02619780086581,1.02619780086581,261.145044943932,267.986470828467
1.24,60,0,2760.61080479367,21.5126530930507,1,1.02223924105975,1.02223924105975,260.463939100344,266.256459429369
1.25,60,0,2767.96320615683,21.6308753173705,1,1.01842667049898,1.01842667049898,259.893537876305,264.682510463566
1.26,60,0,2775.428176892,21.7484023833179,1,1.01473273755499,1.01473273755499,259.409347433889,263.231157268944
1.27,60,0,2782.96888833692,21.8652873118358,1,1.01145976688142,1.01145976688142,259.008337662313,261.976512832267
1.28,60,0,2790.53838662219,21.9816991351245,1,1.00925087383207,1.00925087383207,258.697178246396,261.090353203067
1.29,60,0,2798.11407063529,22.0977088801889,1,1.00707137770653,1.00707137770653,258.412103784721,260.239433374522
1.3,60,0,2805.68533925374,22.213331041038,1,1.00491725713233,1.00491725713233,258.147738273222,259.417117080441
1.31,60,0,2813.24392278824,22.3285774216299,1,1.00278531716471,1.00278531716471,257.899859858807,258.618192765247
1.32,60,0,2820.86655999292,22.4434221522996,1,1.002,1.002,257.091372428928,257.605555173786
1.33,60,0,2828.81098676361,22.5577874732162,1,1.002,1.002,256.14049507824,256.652776068396
1.34,60,0,2837.00699520659,22.6717552472732,1,1.002,1.002,255.369731859127,255.880471322845
1.35,60,0,2845.38050522505,22.7853963060799,1,1.002,1.002,254.731297402976,255.240759997782
1.36,60,0,2853.87711279676,22.8987627861603,1,1.002,1.002,254.190481841943,254.698862805627
1.37,60,0,2862.45661059123,23.0118932979212,1,1.00197150684792,1.00197150684792,253.737969269887,254.23821541388
1.38,60,0,2871.06397440269,23.1248294168311,1,1.00180658393887,1.00180658393887,253.40141694769,253.859207877635
1.39,60,0,2879.67244348705,23.237591713463,1,1.00164333391839,1.00164333391839,253.086453685144,253.502359238769
1.4,60,0,2888.27349898112,23.350189010127,1,1.00148145081697,1.00148145081697,252.787875426892,253.162368231462
1.41,60,0,2896.86080018641,23.462628030827,1,1.00132070417532,1.00132070417532,252.501793939018,252.83527411255
1.42,60,0,2905.42963484032,23.5749139303941,1,1.00116091996279,1.00116091996279,252.225298479382,252.518111863507
1.43,60,0,2913.97651015836,23.6870506879369,1,1.00100196639167,1.00100196639167,251.956206045628,252.208657696259
1.44,60,0,2922.6956887918,23.7988255951569,1,1.00055143976589,1.00055143976589,250.862378127641,251.000713618707
1.45,60,0,2931.70386637153,23.9101022180468,1,1.00013131678943,1.00013131678943,250.013604048602,250.0464350324
1.46,60,0,2940.90015222118,24.0209813872033,1,0.999735125265051,0.999735125265051,249.340742906614,249.274698843424
1.47,60,0,2950.21533719991,24.1315324952662,1,0.999355721711159,0.999355721711159,248.788613748615,248.628324646266
1.48,60,0,2959.60197864537,24.2418033223897,1,0.998988204919878,0.998988204919878,248.319788571178,248.068539830804
1.49,60,0,2969.02744555626,24.3518269522378,1,0.998629199299795,0.998629199299795,247.908733469466,247.568900004039
1.5,60,0,2978.46923802323,24.4616264218617,1,0.998276372035997,0.998276372035997,247.537946594313,247.111283267411
1.51,60,0,2987.91219874491,24.5712175434018,1,0.998023952113172,0.998023952113172,247.10216927193,246.61388355251
1.52,60,0,2997.46949820133,24.6805231948581,1,0.998134865643876,0.998134865643876,246.436030398712,245.976394091828
1.53,60,0,3007.13585108275,24.7895611802368,1,0.998240874093533,0.998240874093533,245.892749902639,245.460193596073
1.54,60,0,3016.8641142184,24.8983767676725,1,0.998343571659019,0.998343571659019,245.430643930241,245.02410565589
1.55,60,0,3026.62322845613,25.0069999301059,1,0.99844400903204,0.99844400903204,245.022487597795,244.641234820146
1.56,60,0,3036.39266918468,25.1154506250561,1,0.998542881361598,0.998542881361598,244.65040692827,244.293922260442
1.57,60,0,3046.15884404566,25.2237422205164,1,0.998640650193745,0.998640650193745,244.30261587191,243.970523158357
1.58,60,0,3055.91274065021,25.3318837313142,1,0.998737623006618,0.998737623006618,243.971313168011,243.663329395223
1.59,60,0,3065.64838307222,25.4398812861228,1,0.998834005319858,0.998834005319858,243.651317373268,243.367221233401
1.6,60,0,3075.36181486748,25.5477390937853,1,0.998929934967614,0.998929934967614,243.339176072082,243.078787328758
1.61,60,0,3085.05420122866,25.6554562897625,1,0.999025381262179,0.999025381262179,242.954479362947,242.717691374922
1.62,60,0,3094.80539261979,25.7629523640497,1,0.999117743835906,0.999117743835906,242.428434119513,242.214550139159
1.63,60,0,3104.6101691348,25.8702310033161,1,0.999207211020953,0.999207211020953,241.979643440262,241.787804645789
1.64,60,0,3114.43936589136,25.9773204868836,1,0.999294749389029,0.999294749389029,241.581037201101,241.410662027015
1.65,60,0,3124.27415618025,26.0842392243035,1,0.99938098350773,0.99938098350773,241.215252118139,241.065935898891
1.66,60,0,3134.10235997589,26.1909992806148,1,0.99946631844399,0.99946631844399,240.871100935326,240.742552471381
1.67,60,0,3143.91608819619,26.2976086253011,1,0.999551017828959,0.999551017828959,240.541347286871,240.433348510541
1.68,60,0,3153.71023194283,26.40407257417,1,0.999635253834859,0.999635253834859,240.221293684061,240.133673888405
1.69,60,0,3163.48148956718,26.5103947176921,1,0.999719139297927,0.999719139297927,239.90788054253,239.840499846768
1.7,60,0,3173.22773777739,26.616577520927,1,0.999802748439517,0.999802748439517,239.599108656171,239.551847358098
1.71,60,0,3182.94762376063,26.7226227125285,1,0.999886130276377,0.999886130276377,239.293667534318,239.266419230531
1.72,60,0,3192.64029981822,26.8285315377769,1,0.999969317326373,0.999969317326373,238.99069537328,238.983362499774
1.73,60,0,3202.30709096473,26.9343049370219,1,1.00005227898303,1.00005227898303,238.690994465221,238.70347298767
1.74,60,0,3212.02196089479,27.0399545572138,1,1.00013295996168,1.00013295996168,238.448390828693,238.480094917601
1.75,60,0,3221.78903898598,27.1455092178623,1,1.00021135721179,1.00021135721179,238.262798809025,238.313157369856
1.76,60,0,3231.58667238119,27.2509902235043,1,1.00028817066941,1.00028817066941,238.115832201448,238.184450200211
1.77,60,0,3241.40019263361,27.3564120166548,1,1.00036387420929,1.00036387420929,237.995112027745,238.08171231095
1.78,60,0,3251.21964156194,27.4617844121654,1,1.00043878951997,1.00043878951997,237.892276021812,237.996660659411
1.79,60,0,3261.03824745135,27.5671140943173,1,1.00051313553402,1.00051313553402,237.801658869772,237.923683350987
1.8,60,0,3270.85140012821,27.6724056237566,1,1.00058706161928,1.00058706161928,237.719412387343,237.858968330514
1.81,60,0,3280.65595934822,27.777662116951,1,1.00066066993392,1.00066066993392,237.642916407524,237.799919937404
1.82,60,0,3290.44978677422,27.8828857059776,1,1.00073403052409,1.00073403052409,237.570382885545,237.744766798203
1.83,60,0,3300.23142844722,27.9880778504596,1,1.00080719154563,1.00080719154563,237.500589018551,237.692297486089
1.84,60,0,3309.99989884822,28.0932395496976,2,1.47606344134733,1.47606344134733,534.670712552094,789.207891957276
1.85,60,0,3195.38263718752,28.2960751218284,2,1.43865624759586,1.43865624759586,490.147539662406,705.153820179059
1.86,60,0,3100.04654319457,28.4781795129032,2,1.40499535611309,1.40499535611309,454.168753687146,638.104989822111
1.87,60,0,3021.53447427023,28.6431584071424,2,1.37517457689207,1.37517457689207,422.906719168979,581.570568598015
1.88,60,0,2956.93797732799,28.794214235711,2,1.34892511741101,1.34892511741101,398.010698492053,536.886628194233
1.89,60,0,2903.51636662252,28.934191086227,2,1.3258072035612,1.3258072035612,377.953380723491,501.093314773513
1.9,60,0,2859.16050016006,29.0652415065269,2,1.30542873407921,1.30542873407921,361.636456162991,472.090621165747
1.91,60,0,2822.22213047311,29.1890221443489,2,1.28744164226441,1.28744164226441,348.25300968491,448.355426712264
1.92,60,0,2791.39616718321,29.3068265697963,2,1.27153819855626,1.27153819855626,337.198959778612,428.761357871941
1.93,60,0,2765.63753831336,29.419677593668,2,1.25744732879246,1.25744732879246,328.01451939725,412.460981221215
1.94,60,0,2744.19741289752,29.5283148266149,2,1.24479751794501,1.24479751794501,319.767507497791,398.045799652713
1.95,60,0,2726.59188908609,29.6332367935315,2,1.23360849034719,1.23360849034719,312.754163173326,385.816191082046
1.96,60,0,2712.16732698064,29.7350586704108,2,1.22372687408296,1.22372687408296,306.932373690891,375.601394211616
1.97,60,0,2700.38504363693,29.8342820625123,2,1.21496091100845,1.21496091100845,302.079540479952,367.014833698537
1.98,60,0,2690.80479388445,29.9313137725994,2,1.20714681886325,1.20714681886325,298.019701163067,359.753534217573
1.99,60,0,2683.06473034595,30.0264859186515,2,1.20014480125906,1.20014480125906,294.612400110457,353.577540379019
2,60,0,2676.8659980218,30.1200712000736,2,1.19383560321319,1.19383560321319,291.744570252776,348.295055011897
2.01,60,0,2671.96074619409,30.2122946338772,2,1.18811754279378,1.18811754279378,289.324519486397,343.751537162169
2.02,60,0,2668.1426975382,30.3033426832394,2,1.18290395751154,1.18290395751154,287.277412638421,339.821588313664
2.03,60,0,2665.23965682266,30.3933704327894,2,1.17812101112346,1.17812101112346,285.54183270996,336.402832670304
2.04,60,0,2663.10750902598,30.4825072818594,2,1.17370581281515,1.17370581281515,284.067132253555,333.411244355728
2.05,60,0,2661.62537414636,30.5708614998698,2,1.16960480643777,1.16960480643777,282.811371021147,330.777538861589
2.06,60,0,2660.6916695672,30.658523898549,2,1.16577239265284,1.16577239265284,281.739694117368,328.444357316482
2.07,60,0,2660.22089115123,30.7455708118313,2,1.16216975151388,1.16216975151388,280.82304504775,326.364048482514
2.08,60,0,2660.1409683168,30.8320665280929,2,1.15876383721042,1.15876383721042,280.037136181174,324.496906482713
2.09,60,0,2660.39108096693,30.918065285587,2,1.15552652044058,1.15552652044058,279.361619103622,322.809759667456
2.1,60,0,2660.91985055758,31.0036129169025,2,1.15243385719142,1.15243385719142,278.779411671723,321.274832698399
2.11,60,0,2661.68383607265,31.0887482095219,2,1.1494654656221,1.1494654656221,278.276148984934,319.868823164492
2.12,60,0,2662.64627980756,31.1735040353641,2,1.14660399529816,1.14660399529816,277.839733141177,318.572148072249
2.13,60,0,2663.77605878275,31.2579082913471,2,1.14383467524984,1.14383467524984,277.459962316491,317.368325891117
2.14,60,0,2665.04680612077,31.3419846846292,2,1.14114492925848,1.14114492925848,277.128223965785,316.243467532963
2.15,60,0,2666.43617341703,31.4257533896627,2,1.138524048445,1.138524048445,276.837240165834,315.185855433946
2.16,60,0,2667.92521044253,31.5092315990679,2,1.135962912675,1.135962912675,276.580855586953,314.1855943027
2.17,60,0,2669.49784275867,31.592433986275,2,1.13345375353353,1.13345375353353,276.353860482277,313.234320467119
2.18,60,0,2671.14043123499,31.6753730946416,2,1.13098995268664,1.13098995268664,276.151842564572,312.324959356434
2.19,60,0,2672.84140022272,31.7580596651541,2,1.12856587035782,1.12856587035782,275.971062803049,311.451522685896
2.2,60,0,2674.5909233841,31.8405029127148,2,1.12617669942736,1.12617669942736,275.808351092312,310.608938507643
2.21,60,0,2676.38065801725,31.9227107593111,2,1.12381834132897,1.12381834132897,275.661018478476,309.792908555536
2.22,60,0,2678.20352022764,32.0046900309627,2,1.12148730048685,1.12148730048685,275.526783215558,308.999788320242
2.23,60,0,2680.05349454527,32.0864466242,2,1.11918059452166,1.11918059452166,275.403708399987,308.226486100567
2.24,60,0,2681.92547261985,32.1679856468784,2,1.11689567786718,1.11689567786718,275.290149316678,307.47037793121
2.25,60,0,2683.81511648539,32.2493115373559,2,1.11463037679198,1.11463037679198,275.184708944755,306.729235818485
2.26,60,0,2685.71874260107,32.3304281654091,2,1.11238283411993,1.11238283411993,275.08620032917,306.001167149444
2.27,60,0,2687.63322347318,32.4113389177262,2,1.11015146219903,1.11015146219903,274.993614736985,305.284563495662
2.28,60,0,2689.55590416354,32.492046770363,2,1.10793490288493,1.10793490288493,274.906094692859,304.578057326009
2.29,60,0,2691.48453140945,32.5725543501737,2,1.10573199349017,1.10573199349017,274.822911134007,303.880485384978
2.3,60,0,2693.41719343328,32.6528639869101,2,1.1035417378075,1.1035417378075,274.743444046215,303.190857693977
2.31,60,0,2695.35226881615,32.7329777574223,2,1.10136328144891,1.10136328144891,274.667166043601,302.508331300055
2.32,60,0,2697.28838306076,32.8128975231676,2,1.0991958908558,1.0991958908558,274.593628439435,301.832188035811
2.33,60,0,2699.22437167874,32.8926249620495,2,1.09703893543189,1.09703893543189,274.522449426125,301.161815670591
2.34,60,0,2701.1676087247,32.9721557749917,2,1.09488203652756,1.09488203652756,274.387657271561,300.422116991513
2.35,60,0,2703.15620337107,33.0514647391964,2,1.09274525295665,1.09274525295665,274.207344962255,299.63877453335
2.36,60,0,2705.18827389791,33.1305550909319,2,1.09064075027166,1.09064075027166,274.045084164036,298.884736200925
2.37,60,0,2707.25561521684,33.2094343086704,2,1.08856436533411,1.08856436533411,273.898001126504,298.155603762553
2.38,60,0,2709.35134814087,33.2881087563344,2,1.0865125942828,1.0865125942828,273.763688154159,297.447695036803
2.39,60,0,2711.46970464243,33.3665838645069,2,1.08448248689532,1.08448248689532,273.640127173409,296.757925631371
2.4,60,0,2713.60584823395,33.4448642817636,2,1.08247155795752,1.08247155795752,273.525626035773,296.083710556248
2.41,60,0,2715.75572364239,33.5229540011374,2,1.0804777128902,1.0804777128902,273.418765383108,295.422882282402
2.42,60,0,2717.94600475239,33.6008291125546,2,1.07823608547152,1.07823608547152,273.143353511373,294.513020262667
2.43,60,0,2720.2374159998,33.6784340482727,2,1.07597838698321,1.07597838698321,272.854062968519,293.585074554682
2.44,60,0,2722.61159698452,33.7557847157904,2,1.07378310604883,1.07378310604883,272.602936429514,292.716427797315
2.45,60,0,2725.05158237826,33.832895997816,2,1.07163996557474,1.07163996557474,272.382957288561,291.896462971859
2.46,60,0,2727.54355000396,33.90978012638,2,1.06954056977883,1.06954056977883,272.188421832375,291.116559773797
2.47,60,0,2730.07623423332,33.9864471802925,2,1.06747805637509,1.06747805637509,272.014689588987,290.369712147924
2.48,60,0,2732.64045046025,34.0629054876015,2,1.06544681359111,1.06544681359111,271.857982276944,289.650220966278
2.49,60,0,2735.22870916379,34.1391619516319,2,1.06344224980926,1.06344224980926,271.715221556498,288.953446519463
2.5,60,0,2737.83490236495,34.2152223154163,2,1.06146060595383,1.06146060595383,271.583897863118,288.275608793088
2.51,60,0,2740.44984491008,34.2910962785069,2,1.05957533548504,1.05957533548504,271.486126411178,287.660003471659
2.52,60,0,2743.06083956391,34.3667984145985,2,1.05772312270069,1.05772312270069,271.398594136152,287.064568486268
2.53,60,0,2745.66672804897,34.4423304038006,2,1.0558789949739,1.0558789949739,271.312894560947,286.473586432473
2.54,60,0,2748.26683722883,34.517693415553,2,1.05404250556285,1.05404250556285,271.228741391483,285.886622156938
2.55,60,0,2750.8606225234,34.5928885098397,2,1.05221328179819,1.05221328179819,271.145899316043,285.303316565455
2.56,60,0,2753.4476448881,34.6679166562676,2,1.05039101192145,1.05039101192145,271.064174847247,284.723372913453
2.57,60,0,2756.02755192471,34.7427787497089,2,1.04857543428126,1.04857543428126,270.983408819055,284.146545585457
2.58,60,0,2758.60006237809,34.8174756231307,2,1.04676632846255,1.04676632846255,270.903470237706,283.572630908487
2.59,60,0,2761.1649534086,34.8920080581212,2,1.04496350800114,1.04496350800114,270.824251240695,283.001459628258
2.6,60,0,2763.72205014068,34.966376793529,2,1.04316681439878,1.04316681439878,270.745662962908,282.432890745302
2.61,60,0,2766.2883192769,35.0405811037393,2,1.04165451640023,1.04165451640023,270.587318180724,281.858502063578
2.62,60,0,2768.88268261905,35.11462316427,2,1.04019119911652,1.04019119911652,270.435486934886,281.30461343846
2.63,60,0,2771.49866121976,35.1885085887872,2,1.03874592549811,1.03874592549811,270.296387823775,280.769271528804
2.64,60,0,2774.13069871734,35.262242043765,2,1.03731600775811,1.03731600775811,270.167671634129,280.249250564819
2.65,60,0,2776.77428799373,35.3358273909052,2,1.03589925785991,1.03589925785991,270.047433036182,279.741935469156
2.66,60,0,2779.42577311971,35.4092678393044,2,1.03449389348962,1.03449389348962,269.934125943582,279.245204933094
2.67,60,0,2782.08218898498,35.4825660685283,2,1.03309846183469,1.03309846183469,269.826495199144,278.75733715248
2.68,60,0,2784.74113136587,35.5557243282204,2,1.03171177777268,1.03171177777268,269.723521386484,278.276933756758
2.69,60,0,2787.40065159749,35.6287445187661,2,1.0303328737275,1.0303328737275,269.624376209665,277.802858367089
2.7,60,0,2790.0591711499,35.7016282566489,2,1.02896095897638,1.02896095897638,269.528386391644,277.334186932903
2.71,60,0,2792.71861204098,35.7743746554759,2,1.02757003813845,1.02757003813845,269.385213113373,276.812173712842
2.72,60,0,2795.42806024985,35.846949493625,2,1.02614833940936,1.02614833940936,269.148292707462,276.186073616627
2.73,60,0,2798.19149588643,35.9193509343703,2,1.02476189143933,1.02476189143933,268.941279610778,275.600774380053
2.74,60,0,2800.99597545625,35.9915890737999,2,1.02340405988945,1.02340405988945,268.757987624168,275.048015662291
2.75,60,0,2803.83125749143,36.0636719739923,2,1.02206958591198,1.02206958591198,268.593532020727,274.521280051061
2.76,60,0,2806.68923530365,36.1356060914259,2,1.0207542983722,1.0207542983722,268.444052312927,274.015420270871
2.77,60,0,2809.56349017105,36.2073966139816,2,1.01945488678424,1.01945488678424,268.306495095653,273.526367581217
2.78,60,0,2812.44893898622,36.2790477263725,2,1.01816872201741,1.01816872201741,268.178443619103,273.05090321228
2.79,60,0,2815.34155612138,36.350562819427,2,1.01689371462762,1.01689371462762,268.057983819996,272.586478902306
2.8,60,0,2818.23815368976,36.4219446552531,2,1.01562820285043,1.01562820285043,267.943598868408,272.131075783996
2.81,60,0,2821.13620781113,36.4931954976922,2,1.01437086399565,1.01437086399565,267.834086064281,271.683093288509
2.82,60,0,2824.03372115755,36.5643172154311,2,1.01312064431817,1.01312064431817,267.728491281392,271.241261589335
2.83,60,0,2826.92897184002,36.6353118994495,2,1.01192288445388,1.01192288445388,267.628373841797,270.819276019692
2.84,60,0,2829.81503714174,36.7062040149241,2,1.01114657293811,1.01114657293811,267.549423579489,270.531682743967
2.85,60,0,2832.68846059002,36.7770101311228,2,1.01037003405858,1.01037003405858,267.468099012341,270.241752308682
2.86,60,0,2835.55040625827,36.8477296860344,2,1.00959362105838,1.00959362105838,267.384912553982,269.950102081753
2.87,60,0,2838.4018116692,36.9183622705284,2,1.00881761539871,1.00881761539871,267.300273601422,269.657224610009
2.88,60,0,2841.24343319822,36.9889075974498,2,1.0080422411809,1.0080422411809,267.214509312588,269.363512843516
2.89,60,0,2844.07588232814,37.0593654769562,2,1.00726767665814,1.00726767665814,267.127881176709,269.069280243475
2.9,60,0,2846.89965460648,37.1297357968316,2,1.00649406342679,1.00649406342679,267.040598232034,268.77477681448
2.91,60,0,2849.71515278056,37.2000185067689,2,1.00572151376739,1.00572151376739,266.952827611557,268.480201889981
2.92,60,0,2852.52270528633,37.2702136058179,2,1.00495011650954,1.00495011650954,266.864702958962,268.185714330893
2.93,60,0,2855.32258102843,37.3403211323573,2,1.00417994171896,1.00417994171896,266.776331146633,267.891440662825
2.94,60,0,2858.11500119902,37.4103411560832,2,1.00341104444446,1.00341104444446,266.687797639767,267.597481570312
2.95,60,0,2860.90014873154,37.4802737716044,2,1.00264346771422,1.00264346771422,266.599170780647,267.303917081244
2.96,60,0,2863.67912925211,37.5501188056568,2,1.002,1.002,266.451357166475,266.984259880808
2.97,60,0,2866.55071377133,37.6198525181308,2,1.002,1.002,266.049598989585,266.581698187564
2.98,60,0,2869.53780988516,37.6894791977558,2,1.002,1.002,265.7198965072,266.251336300214
2.99,60,0,2872.61028014194,37.7590161678827,2,1.002,1.002,265.444106688856,265.974994902233
3,60,0,2875.74557701328,37.8284763979532,2,1.002,1.002,265.208718772135,265.739136209679
3.01,60,0,2878.92681175301,37.8978696121044,2,1.002,1.002,265.00365243814,265.533659743017
3.02,60,0,2882.1413217663,37.9672031113012,2,1.002,1.002,264.821375000837,265.351017750839
3.03,60,0,2885.37960514287,38.0364823845836,2,1.002,1.002,264.656250095782,265.185562595973
3.04,60,0,2888.63452664999,38.1057115644616,2,1.002,1.002,264.504055500621,265.033063611622
3.05,60,0,2891.90072503692,38.1748937667745,2,1.002,1.002,264.361625182669,264.890348433034
3.06,60,0,2895.17416999417,38.2440313446847,2,1.002,1.002,264.226582976674,264.755036142627
3.07,60,0,2898.45183058618,38.3131260787296,2,1.002,1.002,264.097144076126,264.625338364279
3.08,60,0,2901.73142685343,38.382179319178,2,1.002,1.002,263.971966846874,264.499910780568
3.09,60,0,2905.01124355155,38.4511920927593,2,1.002,1.002,263.850042064625,264.377742148754
3.1,60,0,2908.28999036842,38.5201651827482,2,1.002,1.002,263.73061003375,264.258071253818
3.11,60,0,2911.56669694195,38.5890991891033,2,1.002,1.002,263.61309850894,264.140324705958
3.12,60,0,2914.84063395876,38.6579945736595,2,1.002,1.002,263.497076157937,264.024070310253
3.13,60,0,2918.10516580163,38.7268536166592,2,1.00194682749084,1.00194682749084,263.41000156726,263.922815399673
3.14,60,0,2921.35404923201,38.7956778994885,2,1.001889104269,1.001889104269,263.319809675679,263.817248252249
3.15,60,0,2924.58968563387,38.8644660594414,2,1.00183119548139,1.00183119548139,263.225310910347,263.707327910273
3.16,60,0,2927.81399123229,38.9332170403368,2,1.00177316041264,1.00177316041264,263.127561578823,263.59412895449
3.17,60,0,2931.0284329535,39.00193004628,2,1.00171504427218,1.00171504427218,263.027366826732,263.478470405634
3.18,60,0,2934.23413509154,39.070604479799,2,1.00165688154278,1.00165688154278,262.92534059115,263.360976735105
3.19,60,0,2937.43196053577,39.1392398947431,2,1.00159869852884,1.00159869852884,262.821951190821,263.242124257536
3.2,60,0,2940.62257264953,39.2078359604058,2,1.00154051529631,1.00154051529631,262.717556002967,263.122276416599
3.21,60,0,2943.80648242829,39.2763924341874,2,1.00148234715038,1.00148234715038,262.61242784734,263.001710631413
3.22,60,0,2946.98408445442,39.3449091407555,2,1.00142420576137,1.00142420576137,262.506775067816,262.880638729267
3.23,60,0,2950.15568432238,39.413385956152,2,1.00136610002315,1.00136610002315,262.400756822947,262.759222502917
3.24,60,0,2953.32151956727,39.4818227956668,2,1.00130803670777,1.00130803670777,262.294494733316,262.637585560673
3.25,60,0,2956.4817756431,39.5502196045816,2,1.0012500209651,1.0012500209651,262.188081757555,262.51582235655
3.26,60,0,2959.63659812733,39.6185763511013,2,1.00119205670417,1.00119205670417,262.081588959457,262.394005074616
3.27,60,0,2962.78610204741,39.6868930209527,2,1.00113414688454,1.00113414688454,261.975070669567,262.272188879795
3.28,60,0,2965.93037901142,39.7551696132567,2,1.00107629373887,1.00107629373887,261.868568424005,262.150415924607
3.29,60,0,2969.06950266229,39.8234061373707,2,1.00101849894312,1.00101849894312,261.762113971577,262.028718408005
3.3,60,0,2972.23860044863,39.8915794215678,2,1.00088556093021,1.00088556093021,261.424487757992,261.655995070552
3.31,60,0,2975.53224632054,39.9596254300689,2,1.00072789100792,1.00072789100792,261.062460653334,261.25248567095
3.32,60,0,2978.91634679771,40.0275642714101,2,1.0005793070778,1.0005793070778,260.771778852679,260.92284578986
3.33,60,0,2982.36232376447,40.0954131291173,2,1.00043714323198,1.00043714323198,260.531083825249,260.644973225263
3.34,60,0,2985.85016091677,40.1631840562804,2,1.00029953217768,1.00029953217768,260.325484342149,260.403460201379
3.35,60,0,2989.36581892133,40.2308855255946,2,1.00016516421438,1.00016516421438,260.144575223259,260.187541797652
3.36,60,0,2992.89943917935,40.2985235060475,2,1.00003311961703,1.00003311961703,259.98107281016,259.989683283726
3.37,60,0,2996.44409216485,40.3661022129125,2,0.999902751799627,0.999902751799627,259.829870821688,259.804602834347
3.38,60,0,2999.99490333373,40.4336246313401,2,0.999773605723058,0.999773605723058,259.687384771807,259.628593034101
3.39,60,0,3003.54844162261,40.5010928825527,2,0.999645360826883,0.999645360826883,259.551095507731,259.459048521838
3.4,60,0,3007.10229101369,40.5685084803457,2,0.999517791060754,0.999517791060754,259.419230697594,259.294136425539
3.41,60,0,3010.65474997404,40.635872510989,2,0.999390736858784,0.999390736858784,259.290542182506,259.132566012288
3.42,60,0,3014.20462036134,40.7031857595487,2,0.999264085467225,0.999264085467225,259.164150107984,258.973427443545
3.43,60,0,3017.7510590106,40.7704487986812,2,0.99913775712202,0.99913775712202,259.03943366471,258.816078757916
3.44,60,0,3021.29347328856,40.8376620511088,2,0.999011695327618,0.999011695327618,258.915954413274,258.660066565773
3.45,60,0,3024.83144752299,40.9048258336174,2,0.998885860014081,0.998885860014081,258.793402419384,258.505070341656
3.46,60,0,3028.3646911346,40.9719403880703,2,0.998760222716116,0.998760222716116,258.671558376859,258.350863254796
3.47,60,0,3031.89300203842,41.0390059032865,2,0.998634763173758,0.998634763173758,258.550266948627,258.197284602754
3.48,60,0,3035.41624079813,41.106022530489,2,0.9985094669335,0.9985094669335,258.429417986839,258.044220393973
3.49,60,0,3038.93431235921,41.1729903942205,2,0.998384323654062,0.998384323654062,258.308933292172,257.891589658707
3.5,60,0,3042.44715312829,41.2399096000633,2,0.998259325908871,0.998259325908871,258.188757270807,257.739334790405
3.51,60,0,3045.95472182677,41.3067802401035,2,0.998134468338956,0.998134468338956,258.068850336367,257.587414725335
3.52,60,0,3049.45699301119,41.3736023968008,2,0.998009747053245,0.998009747053245,257.949184246617,257.435800122557
3.53,60,0,3052.98329629999,41.4403633010372,2,0.998037396874222,0.998037396874222,257.697638748887,257.191880557573
3.54,60,0,3056.55825811187,41.5070541371791,2,0.998076380543698,0.998076380543698,257.477121290715,256.981833290648
3.55,60,0,3060.16493017725,41.5736847542119,2,0.9981142206112,0.9981142206112,257.286801545797,256.801615398432
3.56,60,0,3063.79151239982,41.6402619738535,2,0.998151277907669,0.998151277907669,257.116920854059,256.641583122164
3.57,60,0,3067.43003549074,41.7067904153206,2,0.998187796078172,0.998187796078172,256.960908764505,256.495243197886
3.58,60,0,3071.07511166846,41.7732732137539,2,0.998223939840263,0.998223939840263,256.814334528802,256.358216820796
3.59,60,0,3074.72309528705,41.8397125028437,2,0.99825982068008,0.99825982068008,256.674206214276,256.227547068665
3.6,60,0,3078.37151788706,41.9061097396291,2,0.9982955141389,0.9982955141389,256.538500973594,256.101234725857
3.61,60,0,3082.01870737819,41.9724659234117,2,0.998331071458599,0.998331071458599,256.405849584419,255.977926543865
3.62,60,0,3085.66353100116,42.038781743501,2,0.998366527436682,0.998366527436682,256.275324232015,255.856705521226
3.63,60,0,3089.30522162827,42.1050576790461,2,0.99840190573071,0.99840190573071,256.146295537307,255.736949610309
3.64,60,0,3092.94326025172,42.1712940665686,2,0.998437222444197,0.998437222444197,256.018336111469,255.61823640192
3.65,60,0,3096.57729640041,42.2374911456942,2,0.998472488553255,0.998472488553255,255.891155419615,255.500278750591
3.66,60,0,3100.20709418897,42.3036490901519,2,0.998507711550382,0.998507711550382,255.764555741452,255.382881249097
3.67,60,0,3103.83249570747,42.3697680288083,2,0.99854289655903,0.99854289655903,255.638402364788,255.265910769058
3.68,60,0,3107.45339615445,42.4358480599533,2,0.99857804709007,0.99857804709007,255.512603391843,255.149276501926
3.69,60,0,3111.06972693046,42.5018892610122,2,0.998613165555681,0.998613165555681,255.387096044829,255.032916423399
3.7,60,0,3114.68144413313,42.5678916951539,2,0.998648253618774,0.998648253618774,255.261837370179,254.916788105248
3.71,60,0,3118.28852072083,42.6338554157922,2,0.998683312430821,0.998683312430821,255.136797922648,254.800862472383
3.72,60,0,3121.8909411701,42.6997804696537,2,0.998718342793853,0.998718342793853,255.011957470091,254.685119557145
3.73,60,0,3125.48869783021,42.7656668988716,2,0.998753345270927,0.998753345270927,254.887302069733,254.569545609227
3.74,60,0,3129.08178843329,42.8315147424156,2,0.99878832026151,0.99878832026151,254.762822076216,254.454131126586
3.75,60,0,3132.67021439232,42.8973240370695,2,0.998823268052974,0.998823268052974,254.638510783221,254.338869512639
3.76,60,0,3136.25397963667,42.9630948180995,2,0.998858188855793,0.998858188855793,254.514363496335,254.223756159734
3.77,60,0,3139.83308981465,43.0288271197128,2,0.998893082827643,0.998893082827643,254.390376899681,254.108787823008
3.78,60,0,3143.40755174699,43.0945209753709,2,0.998927950089891,0.998927950089891,254.266548622847,253.993962192253
3.79,60,0,3146.97737305198,43.1601764180054,2,0.998962790738912,0.998962790738912,254.142876944515,253.879277598909
3.8,60,0,3150.54256188804,43.2257934801659,2,0.998997604853845,0.998997604853845,254.019360589453,253.764732815368
3.81,60,0,3154.12351657457,43.2913597255511,2,0.999031784557963,0.999031784557963,253.805428129291,253.559689794504
3.82,60,0,3157.73608899213,43.3568651531437,2,0.999064858593346,0.999064858593346,253.615109399286,253.377943409134
3.83,60,0,3161.36828498109,43.4223167141737,2,0.999097186006532,0.999097186006532,253.445935476377,253.217120939241
3.84,60,0,3165.01195341888,43.4877191511819,2,0.999129010711924,0.999129010711924,253.290812844186,253.070199259431
3.85,60,0,3168.6616968909,43.5530756170792,2,0.999160494201713,0.999160494201713,253.145056711754,252.932539968836
3.86,60,0,3172.3139380505,43.6183882141946,2,0.999191743526879,0.999191743526879,253.00556862321,252.801075234634
3.87,60,0,3175.96630415211,43.6836583495808,2,0.999222829732505,0.999222829732505,252.87029663764,252.673773361561
3.88,60,0,3179.61722068696,43.7488869695822,2,0.999253800021939,0.999253800021939,252.737880222663,252.549287221986
3.89,60,0,3183.26564270823,43.8140747149077,2,0.999284685793659,0.999284685793659,252.607416242685,252.42672256922
3.9,60,0,3186.91087696962,43.8792220232792,2,0.999315507957674,0.999315507957674,252.478304513989,252.305485123689
3.91,60,0,3190.55246404505,43.9443291974566,2,0.999346280456319,0.999346280456319,252.350145736488,252.185179514369
3.92,60,0,3194.19010011564,44.009396450369,2,0.999377012598446,0.999377012598446,252.222673957339,252.065542409077
3.93,60,0,3197.82358502074,44.0744239350876,2,0.999407710608542,0.999407710608542,252.095711832553,251.946398216803
3.94,60,0,3201.4566061293,44.1394119133387,2,0.999438271093516,0.999438271093516,251.972188910692,251.830648848551
3.95,60,0,3205.11562405447,44.2043641318003,2,0.999467955315831,0.999467955315831,251.873020285443,251.739012583915
3.96,60,0,3208.79781146563,44.2692873831019,2,0.99949685917573,0.99949685917573,251.795464268638,251.668775691198
3.97,60,0,3212.49493080264,44.3341865679175,2,0.999525226864231,0.999525226864231,251.732599343702,251.613083468137
3.98,60,0,3216.20138306524,44.3990650162852,2,0.999553224268407,0.999553224268407,251.679733138278,251.567288741378
3.99,60,0,3219.91335915771,44.4639249927897,2,0.999580964192284,0.999580964192284,251.633680545349,251.528237022773
4,60,0,3223.62826560783,44.528768038413,2,0.999608523414633,0.999608523414633,251.592277198825,251.493784713243
4.01,60,0,3227.34433539928,44.5935952021911,2,0.999635954240966,0.999635954240966,251.554050895127,251.462473709731
4.02,60,0,3231.06036392671,44.6584071983878,2,0.999663292335841,0.999663292335841,251.517999317967,251.433311279923
4.03,60,0,3234.77552965209,44.72320451325,2,0.999690562038643,0.999690562038643,251.483439467909,251.405620945085
4.04,60,0,3238.48927217235,44.7879874775871,2,0.999717779974813,0.999717779974813,251.449905544416,251.37894134574
4.05,60,0,3242.20120924446,44.8527563161616,2,0.999744957511296,0.999744957511296,251.417079615851,251.352957578163
4.06,60,0,3245.91108027222,44.917511181328,2,0.999772102427516,0.999772102427516,251.384744504653,251.32745453162
4.07,60,0,3249.61870778387,44.982252175963,2,0.999799220053458,0.999799220053458,251.352751740575,251.302285148517
4.08,60,0,3253.32397115203,45.0469793691077,2,0.999826314045408,0.999826314045408,251.320999744358,251.277348816609
4.09,60,0,3257.02678865114,45.111692806648,2,0.999853386915138,0.999853386915138,251.289418963695,251.252576646788
4.1,60,0,3260.72710519791,45.1763925186117,2,0.999880440391172,0.999880440391172,251.257961737844,251.227921434224
4.11,60,0,3264.42488396821,45.2410785241585,2,0.999907475665614,0.999907475665614,251.226595381162,251.203350807644
4.12,60,0,3268.12010066038,45.3057508349944,2,0.99993449356291,0.99993449356291,251.195297459597,251.178842550646
4.13,60,0,3271.81273956661,45.3704094577099,2,0.999961494655325,0.999961494655325,251.16405256236,251.154381403946
4.14,60,0,3275.50279088043,45.4350543953834,2,0.999988479342015,0.999988479342015,251.132850093833,251.129956878159
4.15,60,0,3279.19024885006,45.4996856486793,2,1.00001544790322,1.00001544790322,251.101682762141,251.105561756634
4.16,60,0,3282.87511051094,45.5643032166033,2,1.00004240053741,1.00004240053741,251.070545543825,251.081191069884
4.17,60,0,3286.55737481518,45.6289070970203,2,1.00006933738682,1.00006933738682,251.039434974114,251.056841392523
4.18,60,0,3290.23704203309,45.6934972870104,2,1.00009625855492,1.00009625855492,251.008348660037,251.032510360952
4.19,60,0,3293.91411334164,45.7580737831141,2,1.00012316411851,1.00012316411851,250.977284946168,251.008196342233
4.2,60,0,3297.58859054102,45.822636581501,2,1.00015005413593,1.00015005413593,250.946242684976,250.983898206588
4.21,60,0,3301.26047585953,45.8871856780857,2,1.00017692865285,1.00017692865285,250.915221078946,250.95961517099
4.22,60,0,3304.929771819,45.9517210686084,2,1.00020378770609,1.00020378770609,250.884219571943,250.935346691542
4.23,60,0,3308.596481142,46.0162427486898,2,1.00023063132641,1.00023063132641,250.853237774421,250.911092389383
4.24,60,0,3312.26060668772,46.0807507138692,2,1.00025745954035,1.00025745954035,250.822275411889,250.886851999627
4.25,60,0,3315.92215140779,46.145244959631,2,1.00028427237151,1.00028427237151,250.791332289375,250.86262533616
4.26,60,0,3319.58111831564,46.2097254814229,2,1.00031106984144,1.00031106984144,250.760408266911,250.838412267351
4.27,60,0,3323.23751046534,46.2741922746687,2,1.00033785197027,1.00033785197027,250.729503242598,250.814212699273
4.28,60,0,3326.89133093702,46.3386453347766,2,1.00036461877712,1.00036461877712,250.698617140911,250.790026564118
4.29,60,0,3330.54258282668,46.4030846571455,2,1.0003913702804,1.0003913702804,250.667749904612,250.765853812178
4.3,60,0,3334.19126923916,46.4675102371692,2,1.00041810649802,1.00041810649802,250.636901489148,250.741694406304
4.31,60,0,3337.83739328336,46.5319220702394,2,1.00044482744754,1.00044482744754,250.606071858775,250.717548318057
4.32,60,0,3341.48095806877,46.5963201517475,2,1.00047153314623,1.00047153314623,250.575260983878,250.693415525056
4.33,60,0,3345.12196670321,46.660704477086,2,1.00049822361118,1.00049822361118,250.544468839103,250.669296009129
4.34,60,0,3348.76042229117,46.7250750416499,2,1.00052489885934,1.00052489885934,250.513695402066,250.645189755031
4.35,60,0,3352.39632793273,46.7894318408367,2,1.00055155890752,1.00055155890752,250.482940652458,250.621096749557
4.36,60,0,3356.02968672277,46.8537748700475,2,1.00057820377246,1.00057820377246,250.452204571417,250.597016980922
4.37,60,0,3359.66050175041,46.918104124687,2,1.00060483347082,1.00060483347082,250.421487141101,250.572950438337
4.38,60,0,3363.28877609873,46.9824196001638,2,1.00063144801918,1.00063144801918,250.39078834438,250.548897111701
4.39,60,0,3366.91451284442,47.0467212918904,2,1.00065804743408,1.00065804743408,250.360108164628,250.524856991402
4.4,60,0,3370.53771505771,47.1110091952839,2,1.000684631732,1.000684631732,250.329446585579,250.500830068164
4.41,60,0,3374.15838580219,47.1752833057652,2,1.00071120092937,1.00071120092937,250.298803591222,250.476816332955
4.42,60,0,3377.7765281348,47.2395436187598,2,1.00073775504258,1.00073775504258,250.268179165731,250.452815776907
4.43,60,0,3381.39214510573,47.3037901296974,2,1.00076429408798,1.00076429408798,250.237573293415,250.428828391273
4.44,60,0,3385.00523975844,47.3680228340122,2,1.00079081808186,1.00079081808186,250.206985958685,250.40485416739
4.45,60,0,3388.61581512964,47.4322417271428,2,1.00081732704051,1.00081732704051,250.176417146026,250.380893096657
4.46,60,0,3392.22387424927,47.4964468045322,2,1.00084382098013,1.00084382098013,250.145866839983,250.356945170514
4.47,60,0,3395.82942014056,47.5606380616277,2,1.00087029991691,1.00087029991691,250.115335025147,250.333010380437
4.48,60,0,3399.43245581997,47.6248154938813,2,1.000896763867,1.000896763867,250.08482168615,250.309088717923
4.49,60,0,3403.03298429725,47.6889790967492,2,1.0009232128465,1.0009232128465,250.054326807657,250.285180174489
4.5,60,0,3406.63100857546,47.7531288656923,2,1.00094964687149,1.00094964687149,250.023850374359,250.261284741664
4.51,60,0,3410.22653165095,47.8172647961757,2,1.00097606595799,1.00097606595799,249.993392370977,250.237402410992
4.52,60,0,3413.82132524768,47.8813857959337,2,1.00100121018228,1.00100121018228,249.935109316473,250.185346892831
4.53,60,0,3417.48345295409,47.9454498099922,2,1.00101339836062,1.00101339836062,249.664537018493,249.917546651012
4.54,60,0,3421.22885823526,48.009446420706,2,1.00102437550158,1.00102437550158,249.486931145188,249.742499445418
4.55,60,0,3425.02399669111,48.0733957953885,2,1.001034614944,1.001034614944,249.365672785202,249.623670236787
4.56,60,0,3428.84851783891,48.1373101680248,2,1.00104440366934,1.00104440366934,249.278646432229,249.53899396525
4.57,60,0,3432.69005118584,48.2011969744699,2,1.00105391600262,1.00105391600262,249.21245629254,249.475105288279
4.58,60,0,3436.54106513806,48.2650607411577,2,1.00106325800238,1.00106325800238,249.158970374639,249.423890643755
4.59,60,0,3440.39696810112,48.3289042268611,2,1.00107249428215,1.00107249428215,249.113243463579,249.380415992801
4.6,60,0,3444.25495762788,48.3927291146552,2,1.00108166425506,1.00108166425506,249.072263852514,249.34167641725
4.61,60,0,3448.11332157143,48.4565364320994,2,1.00109079199061,1.00109079199061,249.034194979746,249.305839485018
4.62,60,0,3451.9710130387,48.5203268067929,2,1.00109989220465,1.00109989220465,248.997915554918,249.271786421211
4.63,60,0,3455.82739151694,48.5841006220171,2,1.00110897390437,1.00110897390437,248.962740212573,249.238833394628
4.64,60,0,3459.68206501164,48.6478581116466,2,1.00111804260908,1.00111804260908,248.928249579652,249.206561969285
4.65,60,0,3463.53479367019,48.7115994180915,2,1.00112710170475,1.00112710170475,248.894186768913,249.174715831124
4.66,60,0,3467.38543087814,48.7753246277112,2,1.00113615327117,1.00113615327117,248.860394257912,249.143137808912
4.67,60,0,3471.23388721962,48.8390337924808,2,1.0011451985875,1.0011451985875,248.82677535295,249.111731424617
4.68,60,0,3475.08010840367,48.9027269432621,3,1.3522542126247,1.3522542126247,550.931408563291,744.999318096967
4.69,60,0,3353.79685328286,49.0308800152906,3,1.31389120524192,1.31389120524192,500.345756897784,657.399889568109
4.7,60,0,3253.4434493543,49.1442848053934,3,1.27982729322114,1.27982729322114,460.528323906548,589.396718236987
4.71,60,0,3169.79477760371,49.2461409940723,3,1.24953858782931,1.24953858782931,428.335233294914,535.221402528866
4.72,60,0,3100.85901901812,49.3384989159302,3,1.2227228225302,1.2227228225302,400.879244781027,490.164201672431
4.73,60,0,3044.13432393899,49.4232141681133,3,1.19954157253795,1.19954157253795,379.054802413996,454.691993765745
4.74,60,0,2997.19985991417,49.5018713440503,3,1.1794936526257,1.1794936526257,361.503235625628,426.390771824081
4.75,60,0,2958.19557148497,49.5756668419367,3,1.16214542725556,1.16214542725556,347.250274839747,403.555319018249
4.76,60,0,2925.66968359443,49.6455197561211,3,1.14712181892969,1.14712181892969,335.581550219003,384.952918286467
4.77,60,0,2898.47390420819,49.7121467300079,3,1.13409861358272,1.13409861358272,325.962981463869,369.674165357462
4.78,60,0,2875.68963808985,49.7761137473169,3,1.12279579689574,1.12279579689574,317.988424857825,357.036066891863
4.79,60,0,2856.57490586535,49.8378727637995,3,1.11297174623283,1.11297174623283,311.344378340114,346.51749644097
4.8,60,0,2840.52541883052,49.8977881325514,3,1.10441815401584,1.10441815401584,305.785651242488,337.715224469759
4.81,60,0,2827.04553977849,49.9561560084447,3,1.0969555877792,1.0969555877792,301.118252340008,330.313349486679
4.82,60,0,2815.79772700572,50.0131847323016,3,1.09039259540948,1.09039259540948,296.840201159804,323.67235736451
4.83,60,0,2806.52524645998,50.0690366194532,3,1.0847046394909,1.0847046394909,293.226945023775,318.064627691032
4.84,60,0,2798.90095012131,50.1239004996434,3,1.07972485523866,1.07972485523866,290.182415248586,313.317166297084
4.85,60,0,2792.78287297115,50.1778506159024,3,1.07469239961321,1.07469239961321,287.152639469525,308.60075916677
4.86,60,0,2788.00201629673,50.2309787658878,3,1.07040631413189,1.07040631413189,284.686983910333,304.730745128784
4.87,60,0,2784.30763571389,50.2834295894611,3,1.06673237450542,1.06673237450542,282.674001581802,301.537508918304
4.88,60,0,2781.49789625618,50.3353190266253,3,1.06356088237229,1.06356088237229,281.025855039024,298.888106354732
4.89,60,0,2779.40947927979,50.3867406151753,3,1.06081236653503,1.06081236653503,279.67623338642,296.684007002252
4.9,60,0,2777.89993391449,50.4377781244104,3,1.0585141219845,1.0585141219845,278.601102240222,294.903201121723
4.91,60,0,2776.85770805904,50.4884966253864,3,1.05647193562055,1.05647193562055,277.709805576122,293.392615837811
4.92,60,0,2776.19979429896,50.5389428217524,3,1.05464143656713,1.05464143656713,276.969086576471,292.103075351695
4.93,60,0,2775.85812679483,50.5891549536079,3,1.05298602578342,1.05298602578342,276.351901778422,290.994690771351
4.94,60,0,2775.77681420797,50.6391643854288,3,1.05147550263638,1.05147550263638,275.836200677604,290.035007752794
4.95,60,0,2775.90990875582,50.6889968804328,3,1.05008493763847,1.05008493763847,275.403963141868,289.197553461215
4.96,60,0,2776.21960030739,50.7386736280413,3,1.04879374618622,1.04879374618622,275.040434790973,288.460687957111
4.97,60,0,2776.6747496032,50.788212075524,3,1.04758492674699,1.04758492674699,274.733515926913,287.806690157238
4.98,60,0,2777.24969353204,50.8376266033717,3,1.0464444338078,1.0464444338078,274.473270631655,287.221026281516
4.99,60,0,2777.92326967975,50.8869290752925,3,1.0453606614081,1.0453606614081,274.251530647743,286.691761470109
5,60,0,2778.67801830756,50.9361292871579,3,1.04432401751785,0.944324017517846,274.061574533668,258.8029271109
5.01,60,0,2779.4888514214,50.9800193513297,3,1.04347364444773,0.943473644447734,273.943761921797,258.45871943408
5.02,60,0,2780.33778024078,51.0238403858058,3,1.04270522063034,0.942705220630345,273.821870426896,258.133306774201
5.03,60,0,2781.2311842399,51.0675960095992,3,1.04203767913569,0.942037679135692,273.693178849221,257.82928699839
5.04,60,0,2782.16360574167,51.1112904754973,3,1.04138954094359,0.941389540943591,273.581174208932,257.546455999355
5.05,60,0,2783.12757918181,51.1549274455244,3,1.04075737888472,0.940757378884722,273.482786551824,257.280949446584
5.06,60,0,2784.11701622051,51.1985099152833,3,1.04013839601277,0.940138396012766,273.395515260018,257.029621193637
5.07,60,0,2785.12695064229,51.2420403376989,3,1.0395303093286,0.939530309328603,273.317322706032,256.789908746864
5.08,60,0,2786.15333081466,51.2855207236142,3,1.03893125503277,0.93893125503277,273.246547990596,256.559724238182
5.09,60,0,2787.1928507513,51.3289527236174,3,1.03833971130178,0.938339711301775,273.181836904493,256.337365973851
5.1,60,0,2788.24281253762,51.3723376946346,3,1.03775443533366,0.937754435333656,273.122085017399,256.121446612642
5.11,60,0,2789.30101425354,51.4156767541481,3,1.03717441201613,0.937174412016128,273.066391402076,255.910834803607
5.12,60,0,2790.36565863757,51.4589708243567,3,1.0365988120641,0.936598812064105,273.014020984855,255.70460773126
5.13,60,0,2791.43527863215,51.5022206681543,3,1.03602695787413,0.936026957874127,272.964373899388,255.50201250906
5.14,60,0,2792.50867667443,51.5454269184526,3,1.03545829566884,0.935458295668845,272.916960530537,255.302434757018
5.15,60,0,2793.58487518372,51.5885901020834,3,1.03489237276958,0.934892372769583,272.871381184529,255.105373016517
5.16,60,0,2794.66307617202,51.6317106592883,3,1.03432881905036,0.934328819050357,272.827309522558,254.910417910898
5.17,60,0,2795.74262829065,51.674788959613,3,1.03376733180204,0.933767331802042,272.78447905741,254.717235166448
5.18,60,0,2796.82299993918,51.7178253148719,3,1.03320766337808,0.933207663378084,272.742672144057,254.525551775051
5.19,60,0,2797.90375731788,51.760819989725,3,1.03264961110936,0.932649611109361,272.701711001641,254.335144714538
5.2,60,0,2798.98454651226,51.8037732103079,3,1.03209300907041,0.932093009070407,272.661450390559,254.145831752038
5.21,60,0,2800.06507886689,51.8466851712749,3,1.03153772135638,0.931537721356385,272.621771638453,253.957463944226
5.22,60,0,2801.14511904292,51.8895560415471,3,1.03098363659296,0.930983636592963,272.58257776581,253.769919520298
5.23,60,0,2802.22447526571,51.932385969005,3,1.03043066345252,0.930430663452518,272.543789508146,253.583098891927
5.24,60,0,2803.30299135984,51.9751750843193,3,1.02987872699179,0.929878726991785,272.505342069394,253.396920581949
5.25,60,0,2804.38054024327,52.0179235040786,3,1.02932776566015,0.929327765660147,272.467182471712,253.211317902151
5.26,60,0,2805.45701861259,52.0606313333441,3,1.02877772885549,0.928777728855491,272.429267391851,253.026236241969
5.27,60,0,2806.53234260088,52.1032986677356,3,1.0282285749272,0.9282285749272,272.39156139455,252.841630855458
5.28,60,0,2807.61176148493,52.1459232160244,3,1.02766156152365,0.927661561523654,272.315512705779,252.616633743758
5.29,60,0,2808.7149885457,52.1884962882678,3,1.02709248414024,0.927092484140243,272.222026710701,252.374994980915
5.3,60,0,2809.8392353821,52.2310193348226,3,1.02653520749414,0.926535207494136,272.139100003454,252.146457488967
5.31,60,0,2810.97988825187,52.2734945963079,3,1.0259874629877,0.925987462987703,272.064591403159,251.928400762197
5.32,60,0,2812.13327398261,52.3159238665662,3,1.02544744358959,0.925447443589588,271.996797791079,251.718741180308
5.33,60,0,2813.29646770818,52.3583085841373,3,1.02491370961216,0.924913709612164,271.934364047032,251.515821421765
5.34,60,0,2814.46714008265,52.4006499049083,3,1.02438511378608,0.924385113786081,271.876211630335,251.318322823636
5.35,60,0,2815.64343581504,52.4429487598396,3,1.02386074166366,0.923860741663658,271.821481905414,251.125195873251
5.36,60,0,2816.82387706901,52.4852059008519,3,1.0233398642034,0.923339864203397,271.769491141203,250.935605044945
5.37,60,0,2818.00728661309,52.5274219373138,3,1.02282190003745,0.922821900037448,271.719694761738,250.748884997623
5.38,60,0,2819.1927266659,52.5695973650652,3,1.02230638543838,0.922306385438376,271.671658933836,250.564505777314
5.39,60,0,2820.37945021864,52.6117325895083,3,1.02179295040955,0.921792950409552,271.625037977581,250.382045162461
5.4,60,0,2821.56686228031,52.6538279439851,3,1.0212812996471,0.921281299647101,271.579556400428,250.20116667817
5.41,60,0,2822.75448901614,52.6958837044054,3,1.02077119737817,0.920771197378172,271.534994604427,250.021602111993
5.42,60,0,2823.94195316694,52.7379001008931,3,1.02026245528425,0.92026245528425,271.49117751264,249.843137605794
5.43,60,0,2825.12895446734,52.7798773270612,3,1.01975492288022,0.919754922880216,271.447965516401,249.665602589529
5.44,60,0,2826.31525404353,52.8218155473982,3,1.01924847984856,0.919248479848563,271.405247268266,249.488860974277
5.45,60,0,2827.50066197969,52.8637149031533,3,1.01874302993052,0.918743029930522,271.362933943203,249.312804141815
5.46,60,0,2828.68502740802,52.905575517024,3,1.01823849605713,0.918238496057133,271.320954668038,249.137345363164
5.47,60,0,2829.86823060871,52.9473974968932,3,1.01773481646801,0.917734816468011,271.279252880679,248.962415354029
5.48,60,0,2831.05017671148,52.9891809388064,3,1.017231941617,0.917231941617001,271.237783429489,248.787958734922
5.49,60,0,2832.23079067308,53.0309259293456,3,1.01672983170482,0.916729831704815,271.196510261945,248.613931211366
5.5,60,0,2833.41001327166,53.0726325475222,3,1.01622845471133,0.91622845471133,271.155404582578,248.440297327321
5.51,60,0,2834.58779791178,53.1143008662855,3,1.01572778482614,0.91572778482614,271.114443384684,248.267028675029
5.52,60,0,2835.76410807556,53.1559309537262,3,1.01522780119658,0.91522780119658,271.073608279789,248.094102468334
5.53,60,0,2836.938915289,53.1975228740369,3,1.01472848692885,0.914728486928855,271.032884564338,247.9215004055
5.54,60,0,2838.11219749915,53.2390766882776,3,1.014229828291,0.914229828290998,270.992260475436,247.749207762647
5.55,60,0,2839.28393777896,53.2805924549866,3,1.01373181407679,0.913731814076789,270.951726597245,247.577212670939
5.56,60,0,2840.45412329345,53.3220702306686,3,1.01323443509805,0.913234435098051,270.911275387485,247.405505540182
5.57,60,0,2841.62274447439,53.3635100701832,3,1.01273768377936,0.912737683779361,270.870900799678,247.234078599127
5.58,60,0,2842.7897943614,53.4049120270567,3,1.01224155383448,0.912241553834476,270.830597981734,247.062925528778
5.59,60,0,2843.95467046474,53.4462777360002,3,1.01184107118903,0.911841071189035,270.795059474426,246.922057103859
5.6,60,0,2845.11462333301,53.4876152739613,3,1.01153040125787,0.911530401257872,270.762723236259,246.808453757221
5.61,60,0,2846.26988297362,53.5289257813847,3,1.01121901130798,0.911219011307978,270.72894007786,246.693357110204
5.62,60,0,2847.42111256312,53.5702090047866,3,1.01090710292642,0.91090710292642,270.694002541347,246.577089634496
5.63,60,0,2848.56884564976,53.6114647459337,3,1.01059483803768,0.910594838037684,270.658145630593,246.45991028407
5.64,60,0,2849.71351163179,53.6526928509626,3,1.01028234670348,0.910282346703483,270.621558144173,246.342027016031
5.65,60,0,2850.85545621887,53.6938932016432,3,1.00996973338578,0.909969733385781,270.584391773141,246.223606840158
5.66,60,0,2851.99495786628,53.735065708364,3,1.00965708197635,0.90965708197635,270.546768404778,246.104783885222
5.67,60,0,2853.13224097544,53.7762103044984,3,1.00934445983627,0.909344459836266,270.508785986475,245.985665873835
5.68,60,0,2854.26748649841,53.8173269418813,3,1.00903192104059,0.909031921040591,270.470523233923,245.866339320187
5.69,60,0,2855.40084045756,53.858415587174,3,1.00871950898494,0.908719508984944,270.432043411724,245.746873702897
5.7,60,0,2856.53242079114,53.8994762189463,3,1.0084072584797,0.908407258479698,270.39339736944,245.627324815385
5.71,60,0,2857.66232285437,53.9405088253307,3,1.00809519743272,0.908095197432723,270.354625979955,245.507737456117
5.72,60,0,2858.7906238405,53.9815134021384,3,1.00778334820168,0.907783348201681,270.315762098016,245.388147589026
5.73,60,0,2859.91738633435,54.0224899513452,3,1.00747172868089,0.90747172868089,270.276832133553,245.26858407863
5.74,60,0,2861.04266116898,54.0634384798749,3,1.00716035317497,0.907160353174966,270.237857315666,245.149070083726
5.75,60,0,2862.16648972221,54.1043589986211,3,1.00684923310116,0.906849233101161,270.198854708233,245.029624176973
5.76,60,0,2863.28890576335,54.1452515216615,3,1.00653837755405,0.90653837755405,270.159838026026,244.910261244379
5.77,60,0,2864.40993693808,54.1861160656253,3,1.0062277937596,0.906227793759604,270.120818290613,244.790993208041
5.78,60,0,2865.52960596281,54.2269526491858,3,1.00591748744036,0.90591748744036,270.081804357541,244.671829606942
5.79,60,0,2866.64793158531,54.2677612926514,3,1.00560746310913,0.90560746310913,270.042803340127,244.55277806373
5.8,60,0,2867.76492935751,54.3085420176371,3,1.00529772430527,0.905297724305266,270.003820950169,244.433844659914
5.81,60,0,2868.88061225728,54.3492948468004,3,1.00498827378473,0.904988273784727,269.964861771899,244.315034237483
5.82,60,0,2869.99499118866,54.3900198036288,3,1.00467911367302,0.904679113673021,269.925929482281,244.196350641396
5.83,60,0,2871.10807538455,54.4307169122686,3,1.00437024558826,0.90437024558826,269.887027028189,244.077796914569
5.84,60,0,2872.21987273071,54.4713861973876,3,1.00406167074021,0.904061670740213,269.848156768919,243.959375454676
5.85,60,0,2873.33039002662,54.5120276840642,3,1.00375339001001,0.903753390010015,269.809320590835,243.841088140266
5.86,60,0,2874.43963319548,54.5526413976986,3,1.00344540401435,0.903445404014345,269.770519999602,243.7229364322
5.87,60,0,2875.54760745323,54.5932273639411,3,1.00313771315709,0.903137713157088,269.731756194405,243.60492145526
5.88,60,0,2876.65431744478,54.6337856086344,3,1.00283031767093,0.902830317670931,269.693030127678,243.487044063808
5.89,60,0,2877.75976735361,54.6743161577673,3,1.00252321765086,0.902523217650864,269.654342553169,243.369304894614
5.9,60,0,2878.8639609901,54.7148190374371,3,1.00221641308116,0.902216413081157,269.615694064633,243.25170440938
5.91,60,0,2879.96959262221,54.7552938956669,3,1.002,0.902,269.534309407463,243.119947085531
5.92,60,0,2881.1194779573,54.7957356445637,3,1.002,0.902,269.372977228171,242.97442545981
5.93,60,0,2882.31606263514,54.83614692345,3,1.002,0.902,269.239519209468,242.85404632694
5.94,60,0,2883.54761771941,54.876531907068,3,1.002,0.902,269.127059481514,242.752607652325
5.95,60,0,2884.80530845778,54.9168937408302,3,1.002,0.902,269.030428582361,242.665446581289
5.96,60,0,2886.08247704284,54.9572347959899,3,1.002,0.902,268.945737103115,242.58905486701
5.97,60,0,2887.37410420182,54.9975568611623,3,1.002,0.902,268.870056931774,242.520791352461
5.98,60,0,2888.67640463024,55.0378612862176,3,1.002,0.902,268.801182521429,242.458666634329
5.99,60,0,2889.9865227547,55.0781490904775,3,1.002,0.902,268.737451844129,242.401181563404
6,60,0,2891.30230379351,55.1184210441266,3,1.002,0.902,268.67761195975,242.347205987694
6.01,60,0,2892.62212138439,55.1586777295034,3,1.002,0.902,268.62071799263,242.295887629352
6.02,60,0,2893.94474774125,55.198919587265,3,1.002,0.902,268.566057158391,242.246583556868
6.03,60,0,2895.26925580703,55.2391469511743,3,1.002,0.902,268.513091594812,242.198808618521
6.04,60,0,2896.59494549117,55.2793600743221,3,1.002,0.902,268.461415320549,242.152196619135
6.05,60,0,2897.92128804511,55.3195591489004,3,1.002,0.902,268.410721816064,242.10647107809
6.06,60,0,2899.24788410311,55.3597443211173,3,1.002,0.902,268.36077959585,242.061423195457
6.07,60,0,2900.57443202221,55.3999157024499,3,1.002,0.902,268.311413795687,242.016895243709
6.08,60,0,2901.90070398702,55.4400733781372,3,1.002,0.902,268.26249228943,241.972768045066
6.09,60,0,2903.22652797027,55.4802174135912,3,1.002,0.902,268.213915217996,241.928951526632
6.1,60,0,2904.5517741109,55.5203478592378,3,1.002,0.902,268.165607089721,241.885377594928
6.11,60,0,2905.87634442524,55.5604647541734,3,1.002,0.902,268.117510819093,241.841994758822
6.12,60,0,2907.20016503411,55.6005681289264,3,1.002,0.902,268.069583227086,241.798764070832
6.13,60,0,2908.52318028917,55.6406580075448,3,1.002,0.902,268.02179164392,241.755656062816
6.14,60,0,2909.84534833334,55.6807344091731,3,1.002,0.902,267.974111343535,241.712648431868
6.15,60,0,2911.16663774467,55.7207973492453,3,1.002,0.902,267.926523605711,241.669724292351
6.16,60,0,2912.4870249984,55.7608468403861,3,1.002,0.902,267.879014251953,241.626870855262
6.17,60,0,2913.80649254754,55.8008828930929,3,1.002,0.902,267.831572539056,241.584078430229
6.18,60,0,2915.12502737075,55.8409055162517,3,1.002,0.902,267.784190322789,241.541339671156
6.19,60,0,2916.44261987362,55.8809147175275,3,1.002,0.902,267.736861425618,241.498649005907
6.2,60,0,2917.75926305715,55.9209105036595,3,1.002,0.902,267.689581158566,241.456002205026
6.21,60,0,2919.0749518882,55.9608928806847,3,1.002,0.902,267.642345959576,241.413396055538
6.22,60,0,2920.38968282297,56.0008618541073,3,1.002,0.902,267.595153119916,241.370828114164
6.23,60,0,2921.70345344599,56.0408174290269,3,1.002,0.902,267.548000577145,241.328296520585
6.24,60,0,2923.01626219671,56.0807596102354,3,1.002,0.902,267.500886758431,241.285799856104
6.25,60,0,2924.3281081624,56.1206884022908,3,1.002,0.902,267.453810461923,241.243337036654
6.26,60,0,2925.63899092113,56.1606038095729,3,1.002,0.902,267.406770766941,241.200907231781
6.27,60,0,2926.94891042281,56.2005058363256,3,1.002,0.902,267.359766965954,241.15850980329
6.28,60,0,2928.25786689899,56.2403944866887,3,1.002,0.902,267.312798513045,241.116144258767
6.29,60,0,2929.56586079444,56.2802697647224,3,1.002,0.902,267.26586498488,241.073810216362
6.3,60,0,2930.87289271532,56.3201316744259,3,1.002,0.902,267.218966051114,241.031507378105
6.31,60,0,2932.17896338976,56.3599802197509,3,1.002,0.902,267.172101451965,240.989235509673
6.32,60,0,2933.48407363809,56.3998154046126,3,1.002,0.902,267.125270981217,240.946994425058
6.33,60,0,2934.78822435009,56.4396372328977,3,1.002,0.902,267.078474473319,240.904783974934
6.34,60,0,2936.08887882084,56.4794461539233,3,1.00197850152662,0.901978501526617,267.043089013996,240.867125271883
6.35,60,0,2937.38378122415,56.5192424137657,3,1.00195557405858,0.901955574058578,267.005913312694,240.827471818986
6.36,60,0,2938.6740169551,56.559025621892,3,1.00193254862338,0.901932548623384,266.966766333378,240.786015956807
6.37,60,0,2939.96044351786,56.5987954752471,3,1.00190945110858,0.901909451108577,266.926114856447,240.743185736723
6.38,60,0,2941.24371916329,56.6385517424981,3,1.00188630137086,0.901886301370864,266.884316790328,240.699309363919
6.39,60,0,2942.52434934003,56.6782942473092,3,1.00186311464314,0.901863114643139,266.841646605691,240.654638524312
6.4,60,0,2943.80272229762,56.7180228555233,3,1.00183990261262,0.901839902612619,266.798314819607,240.609366254125
6.41,60,0,2945.0791363787,56.7577374653361,3,1.00181667424712,0.901816674247115,266.75448292276,240.563640629912
6.42,60,0,2946.35382094351,56.7974379997642,3,1.00179343642836,0.901793436428361,266.710274816719,240.517575257721
6.43,60,0,2947.62695241494,56.8371244008686,3,1.00177019443756,0.90177019443756,266.665785578309,240.471257310796
6.44,60,0,2948.89866658409,56.8767966253258,3,1.00174695232769,0.901746952327691,266.621088176691,240.424753689624
6.45,60,0,2950.16906804946,56.9164546410303,3,1.00172371320903,0.901723713209029,266.576238622182,240.37811574369
6.46,60,0,2951.4382374588,56.9560984244885,3,1.00170047946816,0.901700479468163,266.531279913594,240.331382891351
6.47,60,0,2952.70623706604,56.9957279588185,3,1.00167725293603,0.901677252936027,266.486245064986,240.284585395434
6.48,60,0,2953.97311499624,57.0353432322158,3,1.00165403501683,0.901654035016828,266.441159426917,240.237746491842
6.49,60,0,2955.23890851938,57.0749442367748,3,1.00163082678701,0.901630826787011,266.396042466967,240.190884022279
6.5,60,0,2956.50364656399,57.1145309675851,3,1.00160762907122,0.901607629071216,266.350909135742,240.144011686839
6.51,60,0,2957.76735164733,57.1541034220365,3,1.0015844425006,0.9015844425006,266.305770915046,240.097140005134
6.52,60,0,2959.03004135789,57.1936615992858,3,1.00156126755763,0.901561267557629,266.260636622333,240.050277053931
6.53,60,0,2960.29172949428,57.2332054998472,3,1.00153810461047,0.90153810461047,266.215513028208,240.003429033354
6.54,60,0,2961.55242694029,57.2727351252777,3,1.00151495393942,0.901514953939423,266.170405330531,239.956600701591
6.55,60,0,2962.81214233732,57.312250477935,3,1.00149181575722,0.901491815757223,266.125317518474,239.909795708696
6.56,60,0,2964.07088260131,57.3517515607915,3,1.00146869022465,0.901468690224645,266.08025265214,239.863016852968
6.57,60,0,2965.32865332007,57.3912383772919,3,1.0014455774625,0.901445577462497,266.035213077366,239.816266277884
6.58,60,0,2966.58545905889,57.4307109312428,3,1.00142247756084,0.901422477560842,265.990200590753,239.769545623422
6.59,60,0,2967.84130359547,57.4701692267286,3,1.00139939058609,0.901399390586091,265.945216566507,239.722856142335
6.6,60,0,2969.09619010073,57.5096132680462,3,1.00137631658645,0.901376316586448,265.900262053914,239.676198789529
6.61,60,0,2970.35012127785,57.5490430596554,3,1.00135325559612,0.901353255596116,265.855337852289,239.629574290766
6.62,60,0,2971.6030994693,57.5884586061401,3,1.00133020763851,0.901330207638514,265.810444568598,239.5829831955
6.63,60,0,2972.8551267392,57.6278599121786,3,1.00130717272877,0.901307172728766,265.765582661774,239.536425917497
6.64,60,0,2974.10620493674,57.6672469825215,3,1.00128415087561,0.901284150875612,265.720752476812,239.489902766092
6.65,60,0,2975.35633574498,57.7066198219734,3,1.00126114208288,0.901261142082877,265.675954270986,239.443413970227
6.66,60,0,2976.60552071847,57.7459784353798,3,1.00123814635061,0.901238146350607,265.631188234036,239.396959696952
6.67,60,0,2977.85376131219,57.7853228276165,3,1.00121516367594,0.901215163675936,265.586454503698,239.350540065662
6.68,60,0,2979.10105890387,57.8246530035819,3,1.00119219405376,0.901192194053765,265.541753177659,239.304155159058
6.69,60,0,2980.34741481116,57.8639689681905,3,1.00116923747727,0.901169237477274,265.497084322764,239.257805031585
6.7,60,0,2981.59283030492,57.9032707263685,3,1.00114629393833,0.901146293938325,265.452447982102,239.211489715927
6.71,60,0,2982.8373066194,57.9425582830497,3,1.00112336342777,0.901123363427766,265.407844180465,239.165209228013
6.72,60,0,2984.08084496013,57.9818316431731,3,1.00110044593567,0.901100445935667,265.363272928558,239.118963570872
6.73,60,0,2985.32344650998,58.0210908116805,3,1.00107754145151,0.901077541451509,265.318734226236,239.072752737603
6.74,60,0,2986.56511243387,58.0603357935149,3,1.00105464996432,0.901054649964318,265.274228065,239.026576713663
6.75,60,0,2987.80584388237,58.0995665936192,3,1.00103177146278,0.901031771462775,265.229754429924,238.980435478631
6.76,60,0,2989.04564199449,58.1387832169353,3,1.0010089059353,0.901008905935304,265.185313301138,238.934329007569
6.77,60,0,2990.29654430753,58.1779806863258,3,1.00095924553093,0.900959245530933,265.056975128078,238.805532334104
6.78,60,0,2991.59736715646,58.2171425743927,3,1.00089639824906,0.900896398249056,264.906614102128,238.65341451696
6.79,60,0,2992.93703696209,58.256272814084,3,1.00083717786728,0.900837177867278,264.785323009688,238.528463120723
6.8,60,0,2994.303835595,58.2953757801272,3,1.00078052798246,0.90078052798246,264.684552301877,238.422690771286
6.81,60,0,2995.6894929489,58.3344545620213,3,1.00072570304707,0.900725703047073,264.598279609755,238.330471426542
6.82,60,0,2997.08816899325,58.3735113435983,3,1.00067217661623,0.900672176616227,264.522258972439,238.247838752148
6.83,60,0,2998.49573770375,58.4125476699736,3,1.00061957678143,0.900619576781431,264.453494697005,238.171994472387
6.84,60,0,2999.90928278477,58.4515646355122,3,1.00056764069348,0.900567640693478,264.389871928576,238.100963185969
6.85,60,0,3001.32674222833,58.4905630162986,3,1.00051618250672,0.900516182506724,264.329896875406,238.033349656636
6.86,60,0,3002.74665760071,58.5295433635651,3,1.00046507076971,0.900465070769708,264.272513934546,237.96816796256
6.87,60,0,3004.16799709327,58.5685060696241,3,1.0004142124699,0.900414212469901,264.216976838351,237.904721121082
6.88,60,0,3005.59003057001,58.6074514144219,3,1.00036354176891,0.90036354176891,264.162757798216,237.842516214644
6.89,60,0,3007.01224129195,58.6463795984238,3,1.00031301204588,0.900313012045878,264.109483401759,237.781204511318
6.9,60,0,3008.4342635267,58.6852907658554,3,1.00026259027531,0.900262590275315,264.056889362012,237.720539197087
6.91,60,0,3009.85583843573,58.7241850211323,3,1.00021225305298,0.900212253052982,264.004788559655,237.660345526063
6.92,60,0,3011.27678287332,58.7630624404807,3,1.00016198378573,0.900161983785729,263.953048463785,237.600499731451
6.93,60,0,3012.69696731021,58.8019230801588,3,1.00011177070369,0.900111770703688,263.901575172738,237.540914120226
6.94,60,0,3014.11630020816,58.8407669822749,3,1.00006160545372,0.900061605453721,263.850302129852,237.481526534444
6.95,60,0,3015.53471695669,58.8795941789071,3,1.00001148210381,0.90001148210381,263.799182141926,237.422292897328
6.96,60,0,3016.95217203739,58.9184046950204,3,0.999961396438111,0.899961396438111,263.748181731814,237.363181939376
6.97,60,0,3018.36863347251,58.957198550533,3,0.999911345457651,0.899911345457651,263.697277141221,237.304171465675
6.98,60,0,3019.78407889053,58.9959757617815,3,0.999861327026564,0.899861327026564,263.646451500582,237.245245713158
6.99,60,0,3021.19849273692,59.0347363425588,3,0.999811339621366,0.899811339621366,263.595692824612,237.186393478936
7,60,0,3022.61186429616,59.07348030485,3,0.999761382153206,0.899761382153206,263.544992592198,237.127606794312
7.01,60,0,3024.0241862885,59.1122076593553,3,0.999711453841799,0.899711453841799,263.494344739961,237.068879985082
7.02,60,0,3025.43545387432,59.1509184158599,3,0.99966155412601,0.89966155412601,263.443744948762,237.010209005379
7.03,60,0,3026.84566394731,59.1896125834973,3,0.999611682600385,0.899611682600385,263.39319013773,236.951590965286
7.04,60,0,3028.2548146327,59.2282901709358,3,0.999561838970113,0.899561838970113,263.342678105342,236.893023795756
7.05,60,0,3029.66290493074,59.2669511865116,3,0.999512023019037,0.899512023019037,263.292207274731,236.834506010841
7.06,60,0,3031.06993446354,59.3055956383223,3,0.999462234586933,0.899462234586933,263.24177651291,236.776036538937
7.07,60,0,3032.47590329505,59.3442235342946,3,0.999412473553376,0.899412473553376,263.191385002412,236.717614602959
7.08,60,0,3033.8808118031,59.3828348822313,3,0.99936273982626,0.89936273982626,263.141032150122,236.659239635243
7.09,60,0,3035.28466058845,59.4214296898454,3,0.999313033333645,0.899313033333645,263.090717522503,236.600911217088
7.1,60,0,3036.68745041005,59.4600079647845,3,0.999263354017958,0.899263354017958,263.040440799573,236.542629035787
7.11,60,0,3038.08918213897,59.4985697146471,3,0.999213701831868,0.899213701831868,262.990201742172,236.484392854088
7.12,60,0,3039.48985672567,59.5371149469959,3,0.999164076735345,0.899164076735345,262.940000168694,236.426202488475
7.13,60,0,3040.88947517659,59.5756436693654,3,0.999114478693574,0.899114478693574,262.889835938537,236.368057793717
7.14,60,0,3042.2880385376,59.614155889269,3,0.999064907675466,0.899064907675466,262.839708940319,236.309958651874
7.15,60,0,3043.68554788211,59.6526516142027,3,0.9990153636526,0.8990153636526,262.789619083498,236.251904964479
7.16,60,0,3045.08200430267,59.6911308516488,3,0.998965846598462,0.898965846598462,262.739566292403,236.193896646963
7.17,60,0,3046.47740890492,59.7295936090778,3,0.998916356487915,0.898916356487915,262.689550501982,236.13593362469
7.18,60,0,3047.87176280335,59.7680398939502,3,0.998866893296809,0.898866893296809,262.63957165477,236.078015830128
7.19,60,0,3049.26506711819,59.8064697137175,3,0.998817457001709,0.898817457001709,262.589629698739,236.020143200841
7.2,60,0,3050.65732297329,59.844883075823,3,0.998768047579701,0.898768047579701,262.539724585751,235.962315678048
7.21,60,0,3052.04853149452,59.8832799877028,3,0.998718665008253,0.898718665008253,262.489856270465,235.9045332056
7.22,60,0,3053.43869380868,59.9216604567857,3,0.998669309265112,0.898669309265112,262.440024709554,235.846795729254
7.23,60,0,3054.82781104269,59.9600244904936,3,0.998619980328239,0.898619980328239,262.390229861146,235.789103196145
7.24,60,0,3056.21588432308,59.998372096242,3,0.998570678175753,0.898570678175753,262.340471684426,235.731455554422
7.25,60,0,3057.60291477552,60.03670328144,3,0.998521402785895,0.898521402785895,262.290750139352,235.673852752975
7.26,60,0,3058.98890352457,60.0750180534904,3,0.998472154137006,0.898472154137006,262.24106518645,235.616294741252
7.27,60,0,3060.37385169349,60.1133164197899,3,0.998422932207506,0.898422932207506,262.191416786669,235.55878146912
7.28,60,0,3061.75776040407,60.1515983877287,3,0.998373736975878,0.898373736975878,262.141804901281,235.501312886766
7.29,60,0,3063.14063077653,60.1898639646915,3,0.998324568420665,0.898324568420665,262.092229491801,235.443888944632
7.3,60,0,3064.52246392947,60.2281131580564,3,0.998275426520456,0.898275426520456,262.042690519938,235.386509593365
7.31,60,0,3065.9032609798,60.266345975196,3,0.998226311253888,0.898226311253888,261.993187947554,235.329174783778
7.32,60,0,3067.2830230427,60.3045624234766,3,0.998177222599634,0.898177222599635,261.94372173664,235.271884466827
7.33,60,0,3068.66175123163,60.3427625102586,3,0.998128160536411,0.898128160536411,261.894291849294,235.214638593592
7.34,60,0,3070.03944665826,60.3809462428965,3,0.998079125042969,0.898079125042969,261.844898247708,235.157437115267
7.35,60,0,3071.41611043253,60.4191136287388,3,0.998030116098094,0.898030116098094,261.795540894159,235.100279983145
7.36,60,0,3072.79412335428,60.4572640451715,3,0.998006218915754,0.898006218915754,261.722116983589,235.028088679059
7.37,60,0,3074.19136345962,60.4953930261731,3,0.998021873631534,0.898021873631534,261.623537772852,234.943659576886
7.38,60,0,3075.6058762651,60.5335017918113,3,0.998036984351738,0.898036984351738,261.539717048865,234.872338786769
7.39,60,0,3077.03184914558,60.5715924162431,3,0.998051722843147,0.898051722843147,261.465943328844,234.809940871277
7.4,60,0,3078.46532834022,60.6096663115362,3,0.99806620592358,0.89806620592358,261.399016337923,234.753622834754
7.41,60,0,3079.90362319821,60.6477244398855,3,0.998080513079089,0.898080513079089,261.336760849615,234.70145227025
7.42,60,0,3081.34490188236,60.6857674576214,3,0.998094698418643,0.898094698418643,261.277697521029,234.652114958666
7.43,60,0,3082.78791679029,60.7237958130084,3,0.998108798791974,0.898108798791974,261.220819761217,234.604716655202
7.44,60,0,3084.23181795385,60.7618098127046,3,0.998122839305235,0.898122839305235,261.165442336681,234.558648599828
7.45,60,0,3085.67602615733,60.7998096669507,3,0.998136837070561,0.898136837070561,261.111098573698,234.513496197001
7.46,60,0,3087.12014661952,60.8377955203098,3,0.998150803756222,0.898150803756222,261.057470514415,234.468976969088
7.47,60,0,3088.56391024491,60.8757674725899,3,0.998164747321798,0.898164747321798,261.004341436934,234.424898376596
7.48,60,0,3090.00713362164,60.9137255930881,3,0.998178673199307,0.898178673199307,260.951563562736,234.381129130063
7.49,60,0,3091.44969177307,60.9516699302941,3,0.998192585097529,0.898192585097529,260.899036083611,234.337579669392
7.5,60,0,3092.89149958952,60.9896005185018,3,0.998206485549929,0.898206485549929,260.846690204076,234.294188875534
7.51,60,0,3094.33249917019,61.0275173823163,3,0.998220376288072,0.898220376288072,260.794478955282,234.250915021065
7.52,60,0,3095.77265119085,61.065420539728,3,0.998234258496197,0.898234258496197,260.742370255589,234.20772960507
7.53,60,0,3097.21192901478,61.103310004209,3,0.998248132984829,0.898248132984829,260.690342181178,234.16461315142
7.54,60,0,3098.65031467364,61.1411857861439,3,0.998262000309239,0.898262000309239,260.638379741646,234.12155234409
7.55,60,0,3100.08779612358,61.1790478938071,3,0.998275860850284,0.898275860850284,260.586472680854,234.078538073333
7.56,60,0,3101.52436537127,61.2168963340297,3,0.9982897148696,0.8982897148696,260.534613976486,234.035564102599
7.57,60,0,3102.96001719354,61.2547311126555,3,0.998303562547307,0.898303562547307,260.482798815941,233.992626158653
7.58,60,0,3104.39474826239,61.292552234852,3,0.998317404007762,0.898317404007762,260.431023897096,233.949721310323
7.59,60,0,3105.82855654665,61.3303597053242,3,0.998331239337165,0.898331239337165,260.379286950711,233.90684754416
7.6,60,0,3107.26144090286,61.3681535284594,3,0.998345068595596,0.898345068595596,260.327586414093,233.864003474495
7.61,60,0,3108.69340079528,61.4059337084275,3,0.998358891825249,0.898358891825249,260.275921208048,233.821188145258
7.62,60,0,3110.12443610424,61.4437002492489,3,0.998372709056064,0.898372709056064,260.224290584362,233.778400894466
7.63,60,0,3111.55454699501,61.4814531548411,3,0.998386520309582,0.898386520309582,260.172694021482,233.735641261529
7.64,60,0,3112.98373382791,61.519192429051,3,0.998400325601588,0.898400325601588,260.12113115313,233.692908923825
7.65,60,0,3114.41199709674,61.5569180756765,3,0.998414124943918,0.898414124943918,260.069601719446,233.65020365329
7.66,60,0,3115.83933738658,61.594630098482,3,0.998427918345697,0.898427918345697,260.01810553353,233.607525286681
7.67,60,0,3117.26575534488,61.632328501208,3,0.998441705814188,0.898441705814188,259.966642458522,233.564873705222
7.68,60,0,3118.69125166158,61.6700132875787,3,0.998455487355378,0.898455487355378,259.915212391903,233.522248820644
7.69,60,0,3120.11582705554,61.7076844613067,3,0.998469262974372,0.898469262974372,259.863815254726,233.479650565622
7.7,60,0,3121.53948226516,61.7453420260963,3,0.998483032675673,0.898483032675673,259.812450984242,233.437078887221
7.71,60,0,3122.96221804197,61.7829859856457,3,0.998496796463365,0.898496796463365,259.761119528826,233.394533742387
7.72,60,0,3124.38403514623,61.8206163436489,3,0.998510554341246,0.898510554341246,259.709820844514,233.35201509487
7.73,60,0,3125.80493434392,61.8582331037962,3,0.998524306312914,0.898524306312914,259.658554892612,233.309522913098
7.74,60,0,3127.22491640462,61.8958362697756,3,0.998538052381828,0.898538052381828,259.607321638061,233.267057168726
7.75,60,0,3128.64398210012,61.9334258452729,3,0.998551792551354,0.898551792551354,259.556121048308,233.224617835634
7.76,60,0,3130.06213220341,61.9710018339722,3,0.998565526824789,0.898565526824789,259.50495309254,233.18220488924
7.77,60,0,3131.47936748803,62.0085642395559,3,0.998579255205381,0.898579255205381,259.453817741146,233.139818306032
7.78,60,0,3132.89568872757,62.0461130657054,3,0.998592977696348,0.898592977696348,259.402714965355,233.097458063235
7.79,60,0,3134.31109669539,62.0836483161005,3,0.998606694300881,0.898606694300881,259.351644736984,233.055124138598
7.8,60,0,3135.72559216438,62.1211699944203,3,0.998620405022153,0.898620405022153,259.300607028265,233.01281651023
7.81,60,0,3137.13917590679,62.1586781043424,3,0.998634109863326,0.898634109863326,259.249601811727,232.970535156503
7.82,60,0,3138.55184869418,62.1961726495437,3,0.998647808827549,0.898647808827549,259.198629060111,232.928280055974
7.83,60,0,3139.96361129729,62.2336536336998,3,0.998661501917964,0.898661501917964,259.147688746318,232.886051187335
7.84,60,0,3141.37446448604,62.2711210604855,3,0.998675189137707,0.898675189137707,259.096780843363,232.843848529381
7.85,60,0,3142.78440902947,62.3085749335746,3,0.998688870489908,0.898688870489908,259.045905324358,232.801672060983
7.86,60,0,3144.19344569571,62.3460152566399,3,0.99870254597769,0.89870254597769,258.995062162485,232.759521761075
7.87,60,0,3145.60157525201,62.3834420333533,3,0.998716215604173,0.898716215604173,258.944251330985,232.717397608639
7.88,60,0,3147.00879846466,62.4208552673855,3,0.998729879372474,0.898729879372474,258.893472803155,232.675299582701
7.89,60,0,3148.41511609906,62.4582549624066,3,0.998743537285704,0.898743537285704,258.842726552333,232.63322766232
7.9,60,0,3149.82052891966,62.4956411220857,3,0.998757189346971,0.898757189346971,258.7920125519,232.591181826592
7.91,60,0,3151.22503768999,62.5330137500906,3,0.99877083555938,0.89877083555938,258.741330775275,232.54916205464
7.92,60,0,3152.62864317264,62.5703728500886,3,0.998784475926031,0.898784475926031,258.690681195912,232.507168325616
7.93,60,0,3154.03134612927,62.607718425746,3,0.998798110450021,0.898798110450021,258.640063787301,232.465200618699
7.94,60,0,3155.4331473206,62.6450504807278,3,0.998811739134445,0.898811739134445,258.589478522963,232.423258913094
7.95,60,0,3156.83404750642,62.6823690186986,3,0.998825361982392,0.898825361982392,258.538925376456,232.381343188032
7.96,60,0,3158.2340474456,62.7196740433216,3,0.998838978996949,0.898838978996949,258.488404321368,232.339453422769
7.97,60,0,3159.63314789608,62.7569655582594,3,0.9988525901812,0.8988525901812,258.437915331318,232.297589596585
7.98,60,0,3161.03134961485,62.7942435671736,3,0.998866195538225,0.898866195538225,258.387458379959,232.255751688785
7.99,60,0,3162.428653358,62.8315080737247,3,0.9988797950711,0.8988797950711,258.337033440973,232.213939678698
8,60,0,3163.82505988068,62.8687590815726,3,0.998893388782898,0.898893388782898,258.286640488076,232.172153545676
8.01,60,0,3165.22056993712,62.9059965943761,3,0.998906976676689,0.89890697667669,258.236279495013,232.130393269099
8.02,60,0,3166.61518428063,62.943220615793,3,0.998920558755541,0.898920558755541,258.185950435562,232.088658828365
8.03,60,0,3168.0089036636,62.9804311494803,3,0.998934135022515,0.898934135022515,258.13565328353,232.046950202902
8.04,60,0,3169.40172883749,63.0176281990942,3,0.998947705480672,0.898947705480672,258.085388012758,232.005267372157
8.05,60,0,3170.79366055285,63.0548117682898,3,0.998961270133068,0.898961270133068,258.035154597114,231.963610315604
8.06,60,0,3172.18469955933,63.0919818607213,3,0.998974828982756,0.898974828982756,257.984953010499,231.921979012738
8.07,60,0,3173.57484660563,63.1291384800423,3,0.998988382032786,0.898988382032786,257.934783226846,231.88037344308
8.08,60,0,3174.96429089243,63.1662815590407,3,0.99900192384309,0.89900192384309,257.878259238863,231.833051173045
8.09,60,0,3176.36421310102,63.2034068501587,3,0.999015131536997,0.899015131536997,257.792048374017,231.758952278158
8.1,60,0,3177.77658472027,63.2405135046148,3,0.999027948363854,0.899027948363854,257.717241728514,231.695003089177
8.11,60,0,3179.19696762615,63.2776031139932,3,0.999040502654134,0.899040502654134,257.650051063171,231.637831416697
8.12,60,0,3180.62240149777,63.3146767412558,3,0.999052879991966,0.899052879991966,257.587952737824,231.585190760175
8.13,60,0,3182.05091083419,63.3517350971007,3,0.999065137481362,0.899065137481362,257.52926452101,231.535583612056
8.14,60,0,3183.48117680284,63.3887786573496,3,0.999077313240936,0.899077313240936,257.47286444785,231.488011200221
8.15,60,0,3184.9123186548,63.425807741136,3,0.999089432727081,0.899089432727081,257.418003855854,231.441807060497
8.16,60,0,3186.34374803704,63.4628225630165,3,0.999101512947333,0.899101512947333,257.364182950024,231.396526268821
8.17,60,0,3187.77507183987,63.49982326772,3,0.99911356526932,0.899113565269321,257.311067929259,231.351871669133
8.18,60,0,3189.20602737946,63.5368099533304,3,0.999125597294264,0.899125597294264,257.258435760876,231.307644712486
8.19,60,0,3190.63643913408,63.5737826867602,3,0.999137614107117,0.899137614107117,257.206137360524,231.263712680049
8.2,60,0,3192.06618985453,63.6107415140825,3,0.999149619111091,0.899149619111091,257.154073031904,231.219986819502
8.21,60,0,3193.49520126518,63.6476864674325,3,0.999161614584971,0.899161614584971,257.102176076989,231.176407754695
8.22,60,0,3194.9234211665,63.6846175696202,3,0.999173602055451,0.899173602055451,257.050401854057,231.132935744914
8.23,60,0,3196.35081481237,63.7215348372138,3,0.999185582545981,0.899185582545981,256.998720469759,231.089544179172
8.24,60,0,3197.77735914309,63.758438282602,3,0.999197556743151,0.899197556743151,256.94711189635,231.046215229407
8.25,60,0,3199.20303892679,63.7953279153734,3,0.999209525107975,0.899209525107975,256.895562707992,231.002936944999
8.26,60,0,3200.62964634087,63.8322037893576,3,0.999221437214934,0.899221437214934,256.845541257496,230.961016751813
8.27,60,0,3202.06743097409,63.8690668864894,3,0.999233005685814,0.899233005685814,256.805413319443,230.92790369563
8.28,60,0,3203.5148363587,63.9059188812207,3,0.999244277073063,0.899244277073063,256.773820818077,230.90238887284
8.29,60,0,3204.96860555044,63.9427609743396,3,0.999255345091535,0.899255345091535,256.748035526278,230.882043288757
8.3,60,0,3206.42652290275,63.9795939822971,3,0.99926627347796,0.89926627347796,256.72620342842,230.865216261219
8.31,60,0,3207.88708057566,64.0164184602978,3,0.999277105597244,0.899277105597244,256.707063979985,230.850785482288
8.32,60,0,3209.34925207058,64.0532347858879,3,0.999287870964501,0.899287870964501,256.689759768456,230.837987560565
8.33,60,0,3210.81233835747,64.0900432157486,3,0.999298589675356,0.899298589675356,256.673707360589,230.826303036123
8.34,60,0,3212.27586327522,64.1268439243036,3,0.999309275416736,0.899309275416736,256.658509610039,230.815378306943
8.35,60,0,3213.73950239676,64.1636370299744,3,0.999319937513805,0.899319937513805,256.643896083576,230.804972589181
8.36,60,0,3215.20303463379,64.200422613043,3,0.99933058232211,0.89933058232211,256.629682570768,230.794921867507
8.37,60,0,3216.66630930012,64.237200727808,3,0.999341214174752,0.899341214174752,256.615743552618,230.785114382968
8.38,60,0,3218.12922368806,64.2739714108617,3,0.999351836027003,0.899351836027003,256.601993474516,230.775473959495
8.39,60,0,3219.59170779717,64.3107346867263,3,0.99936244989518,0.89936244989518,256.58837400341,230.765948658327
8.4,60,0,3221.05371393067,64.3474905716933,3,0.999373057155519,0.89937305715552,256.574845353996,230.756503055228
8.41,60,0,3222.51520960569,64.3842390764412,3,0.999383658747791,0.899383658747791,256.561380382674,230.747112981953
8.42,60,0,3223.97617272038,64.4209802078184,3,0.999394255314043,0.899394255314043,256.547960564798,230.737761944513
8.43,60,0,3225.43658825829,64.4577139700603,3,0.999404847293186,0.899404847293186,256.534573253827,230.728438682781
8.44,60,0,3226.89644604051,64.4944403656183,3,0.999415434985483,0.899415434985483,256.521209813294,230.719135507226
8.45,60,0,3228.35573919194,64.5311593957265,3,0.999426018596537,0.899426018596537,256.507864343263,230.709847164961
8.46,60,0,3229.81446309442,64.5678710607875,3,0.999436598267306,0.899436598267306,256.494532811808,230.700570066414
8.47,60,0,3231.27261467206,64.6045753606367,3,0.999447174094585,0.899447174094585,256.481212462527,230.691301757773
8.48,60,0,3232.73019190318,64.6412722947221,3,0.99945774614499,0.89945774614499,256.467901410246,230.682040560995
8.49,60,0,3234.18719348687,64.6779618622275,3,0.999468314464508,0.899468314464508,256.454598365043,230.672785328077
8.5,60,0,3235.64361861513,64.7146440621565,3,0.99947887908502,0.89947887908502,256.441302443818,230.663535273268
8.51,60,0,3237.09946681719,64.7513188933902,3,0.999489440028759,0.899489440028759,256.428013041595,230.654289858471
8.52,60,0,3238.55473785296,64.7879863547262,3,0.999499997311359,0.899499997311359,256.414729743592,230.645048714953
8.53,60,0,3240.00943164021,64.8246464449057,3,0.999510550943932,0.899510550943932,256.401452265131,230.635811589832
8.54,60,0,3241.46354820478,64.8612991626319,3,0.999521100934501,0.899521100934501,256.38818041056,230.626578309501
8.55,60,0,3242.91708764645,64.8979445065823,3,0.999531647288968,0.899531647288968,256.374914045163,230.617348754613
8.56,60,0,3244.37005011557,64.9345824754178,3,0.999542190011784,0.899542190011784,256.361653075941,230.608122842973
8.57,60,0,3245.82243579715,64.971213067788,3,0.999552729106406,0.899552729106406,256.348397438471,230.59890051783
8.58,60,0,3247.27424489983,65.0078362823359,3,0.999563264575608,0.899563264575608,256.335147087905,230.589681739864
8.59,60,0,3248.72547764843,65.0444521177001,3,0.999573796421697,0.899573796421697,256.321901992808,230.580466481701
8.6,60,0,3250.1761342788,65.081060572517,3,0.999584324646658,0.899584324646658,256.308662130944,230.571254724153
8.61,60,0,3251.62621503426,65.1176616454222,3,0.999594849252255,0.899594849252255,256.29542748638,230.562046453652
8.62,60,0,3253.07572016324,65.1542553350509,3,0.999605370240101,0.899605370240101,256.282198047509,230.552841660477
8.63,60,0,3254.52464991759,65.1908416400391,3,0.999615887611705,0.899615887611705,256.268973805694,230.54364033755
8.64,60,0,3255.97300455142,65.2274205590237,3,0.999626401368502,0.899626401368502,256.255754754333,230.53444247961
8.65,60,0,3257.42078432036,65.2639920906427,3,0.999636911511878,0.899636911511878,256.242540888225,230.525248082639
8.66,60,0,3258.86798948102,65.3005562335358,3,0.999647418043187,0.899647418043187,256.229332203127,230.516057143473
8.67,60,0,3260.3146202906,65.337112986344,3,0.999657920963755,0.899657920963755,256.216128695461,230.50686965954
8.68,60,0,3261.76067700665,65.3736623477103,3,0.999668420274894,0.899668420274894,256.2029303621,230.497685628669
8.69,60,0,3263.20615988688,65.4102043162791,3,0.999678915977902,0.899678915977902,256.189737200231,230.488505048967
8.7,60,0,3264.65106918908,65.4467388906968,3,0.999689408074071,0.899689408074071,256.176549207255,230.479327918734
8.71,60,0,3266.09540517099,65.4832660696116,3,0.999699896564685,0.899699896564685,256.163366380725,230.4701542364
8.72,60,0,3267.53916809028,65.5197858516734,3,0.999710381451023,0.899710381451023,256.150188718293,230.460984000487
8.73,60,0,3268.98235820451,65.556298235534,3,0.999720862734363,0.899720862734363,256.137016217683,230.451817209579
8.74,60,0,3270.42497577106,65.5928032198472,3,0.999731340415978,0.899731340415978,256.123848876668,230.442653862304
8.75,60,0,3271.86702104717,65.6293008032685,3,0.99974181449714,0.89974181449714,256.110686693058,230.43349395732
8.76,60,0,3273.3084942899,65.6657909844552,3,0.999752284979119,0.899752284979119,256.097529664684,230.424337493307
8.77,60,0,3274.74939575611,65.7022737620668,3,0.999762751863183,0.899762751863183,256.084377789395,230.415184468957
8.78,60,0,3276.18972570247,65.7387491347643,3,0.999773215150599,0.899773215150599,256.071231065053,230.406034882974
8.79,60,0,3277.62948438548,65.7752171012108,3,0.999783674842633,0.899783674842633,256.058089489527,230.39688873407
8.8,60,0,3279.0686720614,65.8116776600712,3,0.99979413094055,0.89979413094055,256.044953060695,230.387746020962
8.81,60,0,3280.50728898631,65.8481308100123,3,0.999804583445613,0.899804583445613,256.031821776439,230.37860674237
8.82,60,0,3281.9453354161,65.8845765497028,3,0.999815032359084,0.899815032359084,256.018695634642,230.369470897016
8.83,60,0,3283.38281160643,65.9210148778131,3,0.999825477682226,0.899825477682226,256.005574633194,230.360338483627
8.84,60,0,3284.81971781279,65.9574457930158,3,0.999835919416298,0.899835919416298,255.992458769986,230.351209500929
8.85,60,0,3286.25605429043,65.9938692939851,3,0.999846357562559,0.899846357562559,255.979348042911,230.342083947652
8.86,60,0,3287.69182129444,66.0302853793972,3,0.999856792122269,0.899856792122269,255.966242449863,230.332961822525
8.87,60,0,3289.12701907967,66.0666940479301,3,0.999867223096685,0.899867223096685,255.95314198874,230.323843124279
8.88,60,0,3290.56164790078,66.1030952982638,3,0.999877650487063,0.899877650487063,255.94004665744,230.314727851646
8.89,60,0,3291.99570801224,66.1394891290801,3,0.999888074294658,0.899888074294658,255.926956453863,230.30561600336
8.9,60,0,3293.42919966831,66.1758755390627,3,0.999898494520725,0.899898494520725,255.91387137591,230.296507578152
8.91,60,0,3294.86212312303,66.2122545268971,3,0.999908911166518,0.899908911166518,255.900791421484,230.287402574758
8.92,60,0,3296.29447863027,66.2486260912707,3,0.99991932423329,0.89991932423329,255.887716588488,230.278300991912
8.93,60,0,3297.72626644368,66.2849902308729,3,0.999929733722291,0.899929733722291,255.87464687483,230.269202828351
8.94,60,0,3299.15748681672,66.3213469443949,3,0.999940139634773,0.899940139634773,255.861582278415,230.260108082811
8.95,60,0,3300.58814000262,66.3576962305297,3,0.999950541971985,0.899950541971985,255.848522797153,230.251016754029
8.96,60,0,3302.01822625446,66.3940380879723,3,0.999960940735176,0.899960940735176,255.835468428951,230.241928840744
8.97,60,0,3303.44774582507,66.4303725154195,3,0.999971335925595,0.899971335925595,255.822419171723,230.232844341693
8.98,60,0,3304.87669896712,66.4666995115701,3,0.999981727544486,0.899981727544486,255.809375023381,230.223763255618
8.99,60,0,3306.30508593304,66.5030190751245,3,0.999992115593098,0.899992115593098,255.796335981837,230.214685581256
9,60,0,3307.73290697511,66.5393312047852,3,1.00000250007267,0.900002500072674,255.783302045006,230.20561131735
9.01,60,0,3309.16016234537,66.5756358992566,3,1.00001288098446,0.900012880984459,255.770273210807,230.19654046264
9.02,60,0,3310.58685229567,66.6119331572448,3,1.0000232583297,0.900023258329696,255.757249477155,230.18747301587
9.03,60,0,3312.01297707769,66.648222977458,3,1.00003363210963,0.900033632109626,255.744230841971,230.178408975782
9.04,60,0,3313.43853694286,66.6845053586061,3,1.00004400232549,0.900044002325491,255.731217303174,230.169348341119
9.05,60,0,3314.86353214247,66.7207802994009,3,1.00005436897853,0.900054368978532,255.718208858686,230.160291110625
9.06,60,0,3316.28796292757,66.7570477985561,3,1.00006473206999,0.900064732069988,255.705205506431,230.151237283047
9.07,60,0,3317.71182954904,66.7933078547874,3,1.0000750916011,0.900075091601097,255.692207244332,230.142186857128
9.08,60,0,3319.13513225754,66.8295604668121,3,1.0000854475731,0.900085447573096,255.679214070316,230.133139831617
9.09,60,0,3320.55787130354,66.8658056333496,3,1.00009579998722,0.900095799987222,255.666225982309,230.12409620526
9.1,60,0,3321.98004693734,66.9020433531211,3,1.00010614884471,0.900106148844711,255.653242978239,230.115055976804
9.11,60,0,3323.401659409,66.9382736248497,3,1.0001164941468,0.900116494146797,255.640265056037,230.106019144998
9.12,60,0,3324.82270896842,66.9744964472604,3,1.00012683589471,0.900126835894714,255.627292213633,230.096985708591
9.13,60,0,3326.24319586528,67.0107118190799,3,1.00013717408969,0.900137174089695,255.614324448959,230.087955666333
9.14,60,0,3327.6631203491,67.046919739037,3,1.00014750873297,0.900147508732972,255.60136175995,230.078929016974
9.15,60,0,3329.08248266916,67.0831202058623,3,1.00015783982578,0.900157839825775,255.588404144539,230.069905759266
9.16,60,0,3330.50128307457,67.1193132182883,3,1.00016816736934,0.900168167369336,255.575451600664,230.06088589196
9.17,60,0,3331.91952181425,67.1554987750491,3,1.00017849136488,0.900178491364882,255.562504126261,230.051869413809
9.18,60,0,3333.33719913693,67.1916768748811,3,1.00018881181364,0.900188811813642,255.549561719269,230.042856323566
9.19,60,0,3334.75431529111,67.2278475165224,3,1.00019912871684,0.900199128716844,255.536624377629,230.033846619985
9.2,60,0,3336.17087052515,67.2640106987128,3,1.00020944207571,0.900209442075714,255.523692099281,230.024840301821
9.21,60,0,3337.58686508717,67.3001664201943,3,1.00021975189148,0.900219751891477,255.510764882169,230.015837367828
9.22,60,0,3339.00229922513,67.3363146797105,3,1.00023005816536,0.900230058165358,255.497842724236,230.006837816763
9.23,60,0,3340.41717318677,67.3724554760069,3,1.00024036089858,0.90024036089858,255.484925623429,229.997841647382
9.24,60,0,3341.83148721967,67.4085888078311,3,1.00025066009237,0.900250660092367,255.472013577692,229.988848858443
9.25,60,0,3343.24524157119,67.4447146739323,3,1.00026095574794,0.900260955747939,255.459106584975,229.979859448704
9.26,60,0,3344.65843648851,67.4808330730618,3,1.00027124786652,0.900271247866519,255.446204643226,229.970873416923
9.27,60,0,3346.07107221862,67.5169440039726,3,1.00028153644933,0.900281536449326,255.433307750395,229.961890761859
9.28,60,0,3347.48314900832,67.5530474654196,3,1.00029182149758,0.900291821497579,255.420415904435,229.952911482273
9.29,60,0,3348.89466710421,67.5891434561596,3,1.0003021030125,0.900302103012496,255.4075291033,229.943935576926
9.3,60,0,3350.30562675272,67.6252319749514,3,1.0003123809953,0.900312380995295,255.394647344941,229.934963044577
9.31,60,0,3351.71602820005,67.6613130205555,3,1.00032265544719,0.900322655447193,255.381770627316,229.925993883991
9.32,60,0,3353.12587169226,67.6973865917344,3,1.0003329263694,0.900332926369404,255.368898948381,229.917028093928
9.33,60,0,3354.53515747519,67.7334526872522,3,1.00034319376314,0.900343193763144,255.356032306094,229.908065673153
9.34,60,0,3355.94388579449,67.7695113058752,3,1.00035345762963,0.900353457629625,255.343170698415,229.89910662043
9.35,60,0,3357.35205689563,67.8055624463715,3,1.00036371797006,0.900363717970062,255.330314123305,229.890150934523
9.36,60,0,3358.75967102389,67.8416061075109,3,1.00037397478567,0.900373974785665,255.317462578725,229.881198614197
9.37,60,0,3360.16672842437,67.8776422880652,3,1.00038422807765,0.900384228077647,255.304616062639,229.872249658219
9.38,60,0,3361.57322934196,67.9136709868081,3,1.00039447784722,0.900394477847217,255.29177457301,229.863304065355
9.39,60,0,3362.97917402138,67.9496922025152,3,1.00040472409559,0.900404724095585,255.278938107806,229.854361834373
9.4,60,0,3364.38456270716,67.9857059339637,3,1.00041496682396,0.900414966823959,255.266106664993,229.845422964041
9.41,60,0,3365.78939564363,68.0217121799331,3,1.00042520603355,0.900425206033546,255.253280242538,229.836487453126
9.42,60,0,3367.19367307495,68.0577109392044,3,1.00043544172555,0.900435441725554,255.240458838413,229.827555300399
9.43,60,0,3368.59739524509,68.0937022105606,3,1.00044567390119,0.900445673901187,255.227642450588,229.818626504631
9.44,60,0,3370.00056239783,68.1296859927867,3,1.00045590256165,0.900455902561652,255.214831077033,229.80970106459
9.45,60,0,3371.40317477675,68.1656622846693,3,1.00046612770815,0.900466127708152,255.202024715725,229.800778979049
9.46,60,0,3372.80523262527,68.2016310849972,3,1.00047634934189,0.90047634934189,255.189223364635,229.791860246779
9.47,60,0,3374.2067361866,68.2375923925607,3,1.00048656746407,0.900486567464068,255.176427021741,229.782944866553
9.48,60,0,3375.60768570378,68.2735462061523,3,1.00049678207589,0.900496782075889,255.16363568502,229.774032837145
9.49,60,0,3377.00808141967,68.3094925245662,3,1.00050699317855,0.900506993178551,255.15084935245,229.765124157328
9.5,60,0,3378.40792357693,68.3454313465985,3,1.00051720077326,0.900517200773257,255.13806802201,229.756218825878
9.51,60,0,3379.80721241804,68.3813626710472,3,1.0005274048612,0.900527404861203,255.125291691682,229.747316841568
9.52,60,0,3381.2059481853,68.417286496712,3,1.00053760544359,0.900537605443588,255.112520359448,229.738418203175
9.53,60,0,3382.60413112082,68.4532028223948,3,1.00054780252161,0.900547802521609,255.09975402329,229.729522909477
9.54,60,0,3384.00176146653,68.489111646899,3,1.00055799609646,0.900557996096463,255.086992681194,229.720630959249
9.55,60,0,3385.39883946417,68.5250129690302,3,1.00056818616934,0.900568186169344,255.074236331146,229.71174235127
9.56,60,0,3386.79536535532,68.5609067875956,3,1.00057837274145,0.900578372741448,255.061484971132,229.702857084319
9.57,60,0,3388.19133938134,68.5967931014044,3,1.00058855581397,0.900588555813967,255.04873859914,229.693975157174
9.58,60,0,3389.58676178343,68.6326719092678,3,1.0005987353881,0.900598735388095,255.035997213162,229.685096568615
9.59,60,0,3390.98163280262,68.6685432099985,3,1.00060891146502,0.900608911465024,255.023260811187,229.676221317424
9.6,60,0,3392.37595267972,68.7044070024114,3,1.00061908404594,0.900619084045945,255.010529391206,229.66734940238
9.61,60,0,3393.7697216554,68.7402632853232,3,1.00062925313205,0.900629253132047,254.997802951214,229.658480822265
9.62,60,0,3395.16293997012,68.7761120575523,3,1.00063941872452,0.900639418724521,254.985081489206,229.649615575863
9.63,60,0,3396.55560786416,68.8119533179192,3,1.00064958082456,0.900649580824555,254.972365003176,229.640753661956
9.64,60,0,3397.94772557763,68.8477870652461,3,1.00065973943334,0.900659739433337,254.959653491121,229.631895079327
9.65,60,0,3399.33929335047,68.8836132983571,3,1.00066989455205,0.900669894552053,254.946946951041,229.623039826762
9.66,60,0,3400.7303114224,68.9194320160782,3,1.00068004618189,0.90068004618189,254.934245380934,229.614187903045
9.67,60,0,3402.12078003301,68.9552432172373,3,1.00069019432403,0.900690194324033,254.921548778801,229.605339306962
9.68,60,0,3403.51069942166,68.9910469006641,3,1.00070033897966,0.900700338979665,254.908857142644,229.596494037299
9.69,60,0,3404.90006982757,69.0268430651902,3,1.00071048014997,0.900710480149971,254.896170470466,229.587652092842
9.7,60,0,3406.28889148976,69.062631709649,3,1.00072061783613,0.900720617836133,254.883488760271,229.578813472381
9.71,60,0,3407.67716464707,69.0984128328759,3,1.00073075203933,0.900730752039334,254.870812010065,229.569978174701
9.72,60,0,3409.06488953818,69.134186433708,3,1.00074088276075,0.900740882760753,254.858140217854,229.561146198594
9.73,60,0,3410.45206640157,69.1699525109843,3,1.00075101000157,0.900751010001571,254.845473381648,229.552317542848
9.74,60,0,3411.83869547554,69.2057110635459,3,1.00076113376297,0.900761133762968,254.832811499453,229.543492206252
9.75,60,0,3413.22477699824,69.2414620902355,3,1.00077125404612,0.900771254046122,254.820154569282,229.534670187598
9.76,60,0,3414.6103112076,69.2772055898977,3,1.00078137085221,0.900781370852211,254.807502589145,229.525851485678
9.77,60,0,3415.99529834142,69.3129415613791,3,1.00079148418241,0.90079148418241,254.794855557055,229.517036099283
9.78,60,0,3417.37973863728,69.3486700035279,3,1.0008015940379,0.900801594037898,254.782213471027,229.508224027206
9.79,60,0,3418.76363233261,69.3843909151945,3,1.00081170041985,0.900811700419848,254.769576329076,229.499415268239
9.8,60,0,3420.14697966465,69.420104295231,3,1.00082180332943,0.900821803329435,254.756944129218,229.490609821178
9.81,60,0,3421.52978087047,69.4558101424913,3,1.00083190276783,0.900831902767832,254.744316869471,229.481807684817
9.82,60,0,3422.91203618695,69.4915084558312,3,1.00084199873621,0.900841998736213,254.731694547853,229.47300885795
9.83,60,0,3424.29374585082,69.5271992341085,3,1.00085209123575,0.900852091235748,254.719077162385,229.464213339374
9.84,60,0,3425.67491009861,69.5628824761827,3,1.00086218026761,0.90086218026761,254.706464711087,229.455421127885
9.85,60,0,3427.05552916668,69.5985581809152,3,1.00087226583297,0.900872265832968,254.693857191983,229.44663222228
9.86,60,0,3428.43560329122,69.6342263471692,3,1.00088234793299,0.900882347932992,254.681254603095,229.437846621357
9.87,60,0,3429.81513270825,69.6698869738101,3,1.00089242656885,0.900892426568851,254.668656942449,229.429064323913
9.88,60,0,3431.19411765359,69.7055400597047,3,1.00090250174171,0.900902501741711,254.656064208071,229.420285328749
9.89,60,0,3432.57255836292,69.7411856037219,3,1.00091257345274,0.900912573452742,254.643476397988,229.411509634664
9.9,60,0,3433.95045507172,69.7768236047324,3,1.00092264170311,0.900922641703107,254.630893510228,229.402737240457
9.91,60,0,3435.32780801531,69.8124540616089,3,1.00093270649397,0.900932706493974,254.61831554282,229.39396814493
9.92,60,0,3436.70461742882,69.8480769732257,3,1.00094276782651,0.900942767826505,254.605742493797,229.385202346884
9.93,60,0,3438.08088354722,69.8836923384593,3,1.00095282570187,0.900952825701866,254.593174361189,229.376439845121
9.94,60,0,3439.4566066053,69.9193001561878,3,1.00096288012122,0.90096288012122,254.58061114303,229.367680638444
9.95,60,0,3440.8317868377,69.9549004252912,3,1.00097293108573,0.900972931085727,254.568052837353,229.358924725656
9.96,60,0,3442.20642447884,69.9904931446514,3,1.00098297859655,0.90098297859655,254.555499442195,229.350172105561
9.97,60,0,3443.58051976301,70.0260783131522,3,1.00099302265485,0.90099302265485,254.542950955592,229.341422776964
9.98,60,0,3444.95647038394,70.0616550118551,3,1.00100149901427,0.901001499014268,254.495394784403,229.300732192975
9.99,60,0,3446.36598642183,70.0972110457924,3,1.00100602108185,0.901006021081854,254.398734493546,229.214791534289
10,60,0,3447.80506606882,70.1327477848369,3,1.00101013227097,0.901010132270968,254.334228886861,229.157717210385
10.01,60,0,3449.2620512562,70.1682695778616,3,1.00101399136294,0.90101399136294,254.289401074171,229.11830822313
10.02,60,0,3450.72980550874,70.2037790867012,3,1.0010176955311,0.901017695531096,254.256625939122,229.08971917718
10.03,60,0,3452.20395711619,70.2392779416472,3,1.00102130428571,0.901021304285713,254.231238589582,229.067762184158
10.04,60,0,3453.68182646027,70.2747671416721,3,1.00102485409258,0.901024854092581,254.210382869142,229.049873133488
10.05,60,0,3455.16177025881,70.3102472990946,3,1.00102836730791,0.901028367307912,254.192308929923,229.034481097357
10.06,60,0,3456.6427803178,70.3457187892862,3,1.00103185764405,0.90103185764405,254.175944128949,229.020623106937
10.07,60,0,3458.12423783882,70.381181842339,3,1.00103533351525,0.901035333515247,254.160630624711,229.007708581382
10.08,60,0,3459.60576288757,70.4166365992287,4,1.37278370257638,1.27278370257638,553.54078620649,704.537691394935
10.09,60,0,3337.25473894608,70.4937756314267,4,1.33626284719969,1.23626284719969,502.755107594132,621.537460758507
10.1,60,0,3235.92562593104,70.5614504528048,4,1.303870558265,1.203870558265,462.754575815446,557.096609526625
10.11,60,0,3151.47933793571,70.6217176292297,4,1.27522567289615,1.17522567289615,430.83047443135,506.32303421775
10.12,60,0,3081.27098677466,70.6761316431534,4,1.25007417056539,1.15007417056539,404.925916804286,465.694837909118
10.13,60,0,3023.15093551977,70.7257042633056,4,1.22794238107367,1.12794238107367,382.686702159585,431.648550039111
10.14,60,0,2975.00875173722,70.7713423810112,4,1.20888088038481,1.10888088038481,364.81720024334,404.538818185356
10.15,60,0,2934.94331100467,70.8138293370667,4,1.19246624743701,1.09246624743701,350.319019215825,382.711704328525
10.16,60,0,2901.4716925636,70.8537664231644,4,1.17833142758666,1.07833142758666,338.460503268362,364.972597671071
10.17,60,0,2873.42166216607,70.8916221342242,4,1.16615860292127,1.06615860292127,328.694938266283,350.440936169273
10.18,60,0,2849.85600883255,70.9277662193676,4,1.15567293403091,1.05567293403091,320.606783629211,338.455903944061
10.19,60,0,2830.01814067705,70.9624937468645,4,1.14663704529562,1.04663704529562,313.875438669747,328.513661720171
10.2,60,0,2813.29220867467,70.9960424505024,4,1.13884616207204,1.03884616207204,308.250276195085,320.22461638291
10.21,60,0,2799.17337181162,71.028605457639,4,1.13212382773796,1.03212382773796,303.533090961758,313.283735688584
10.22,60,0,2787.24527906592,71.0603407803139,4,1.12631813952168,1.02631813952168,299.565533655725,307.449541166362
10.23,60,0,2777.16277782988,71.0913784970001,4,1.12129844877717,1.02129844877717,296.219962917145,302.528988624112
10.24,60,0,2768.6384685216,71.1218262597104,4,1.11695247615043,1.01695247615043,293.392682838906,298.366415297443
10.25,60,0,2761.43213164076,71.1517735683319,4,1.1131837960476,1.0131837960476,290.998872798416,294.835342587472
10.26,60,0,2755.34232932197,71.181295124752,4,1.10990964847821,1.00990964847821,288.968736242885,291.832314840245
10.27,60,0,2750.19967369713,71.2104534911604,4,1.10705903990157,1.00705903990157,287.244539960583,289.272210629672
10.28,60,0,2745.86138766391,71.239301215848,4,1.10457109819332,1.00457109819332,285.778312543077,287.084633271233
10.29,60,0,2742.20687837635,71.2678825469326,4,1.10239365024775,1.00239365024775,284.530036916759,285.211102310117
10.3,60,0,2739.13411199432,71.2962348239002,4,1.1004819939949,1.0004819939949,283.466217532682,283.602846547289
10.31,60,0,2736.55662798873,71.3243896148368,4,1.0987978396974,0.9987978396974,282.558734801564,282.219053907433
10.32,60,0,2734.40106802981,71.3523736511649,4,1.09730839826707,0.997308398267073,281.783922039538,281.025471946666
10.33,60,0,2732.60519929527,71.3802095767278,4,1.09598545133243,0.995985451332434,281.120930238333,279.992356582419
10.34,60,0,2731.1325906491,71.4079117529603,4,1.09479824311029,0.994798243110293,280.485744904348,279.026726248327
10.35,60,0,2729.948320378,71.4354937553476,4,1.0937473576612,0.993747357661205,279.949176751812,278.198754676542
10.36,60,0,2729.0067314184,71.4629718980799,4,1.09281154486753,0.992811544867526,279.495413934906,277.486273692102
10.37,60,0,2728.26946453123,71.4903598744734,4,1.09197287459067,0.991972874590669,279.111232263898,276.870771399363
10.38,60,0,2727.70427057074,71.5176691875541,4,1.09121621783478,0.991216217834783,278.785556989623,276.336765386218
10.39,60,0,2727.28402205789,71.5449095072998,4,1.09052880899364,0.990528808993644,278.509102937105,275.871290026179
10.4,60,0,2726.98588892658,71.5720889677602,4,1.08989987651337,0.989899876513374,278.274077840411,275.463475291096
10.41,60,0,2726.79064997126,71.5992144146942,4,1.08932033128129,0.989320331281294,278.073936962472,275.104199436406
10.42,60,0,2726.68211679625,71.6262916123365,4,1.0887825037203,0.988782503720302,277.903179549304,274.785801666593
10.43,60,0,2726.64665127241,71.6533254163042,4,1.0882799219768,0.988279921976798,277.757179567622,274.501843751585
10.44,60,0,2726.67276088535,71.6803199183774,4,1.0878071247792,0.9878071247792,277.632044651764,274.246911774029
10.45,60,0,2726.75075908915,71.7072785678651,4,1.08735950354746,0.987359503547463,277.524498344071,274.016450907261
10.46,60,0,2726.8724799994,71.7342042734388,4,1.08693316918095,0.986933169180952,277.431781628607,273.806627474239
10.47,60,0,2727.03103857185,71.7610994886476,4,1.08652483966661,0.986524839666606,277.351570487435,273.614213606399
10.48,60,0,2727.22062890052,71.7879662837785,4,1.08613174525244,0.986131745252445,277.28190679369,273.436490673387
10.49,60,0,2727.43635449397,71.8148064062782,4,1.08575154844028,0.985751548440285,277.221140327708,273.271168338419
10.5,60,0,2727.67408540091,71.8416213315826,4,1.08538227648091,0.985382276480906,277.167880085656,273.116316646191
10.51,60,0,2727.93033789527,71.868412305895,4,1.08502226441715,0.985022264417147,277.120953362587,272.970308998655
10.52,60,0,2728.20217312811,71.8951803822011,4,1.08467010702602,0.98467010702602,277.07937134791,272.831774239849
10.53,60,0,2728.48711173433,71.9219264506005,4,1.08432461826879,0.984324618268786,277.042300181911,272.699556370866
10.54,60,0,2728.78306186644,71.9486512638572,4,1.08398479707545,0.983984797075446,277.009036595834,272.572680662817
10.55,60,0,2729.08825853271,71.9753554589288,4,1.0836497984736,0.983649798473602,276.978987401981,272.450325139381
10.56,60,0,2729.40121245543,72.0020395751098,4,1.08331890922646,0.983318909226461,276.951652219825,272.331796569264
10.57,60,0,2729.72066694923,72.0287040693255,4,1.08299152727532,0.982991527275323,276.926608923586,272.216510248972
10.58,60,0,2730.04556155711,72.0553493290238,4,1.0826671443921,0.982667144392103,276.903501379622,272.103972972888
10.59,60,0,2730.37500138195,72.0819756830462,4,1.08234533154033,0.982345331540328,276.88202911124,271.99376868484
10.6,60,0,2730.70823121889,72.1085834107932,4,1.08202572652149,0.982025726521491,276.861938586472,271.885546386528
10.61,60,0,2731.04461373537,72.1351727499546,4,1.08170802354976,0.981708023549757,276.843015872834,271.779009946074
10.62,60,0,2731.38361106391,72.1617439030285,4,1.08139196445385,0.981391964453847,276.825080443787,271.673909506823
10.63,60,0,2731.72476927307,72.1882970428197,4,1.08107733125195,0.981077331251946,276.807979955708,271.570034244189
10.64,60,0,2732.06770526556,72.2148323170783,4,1.08076393988525,0.980763939885246,276.791585842869,271.467206258338
10.65,60,0,2732.41209572366,72.2413498524114,4,1.08045163492922,0.980451634929219,276.775789601973,271.36527542408
10.66,60,0,2732.75766778164,72.2678497575846,4,1.08014028512994,0.980140285129943,276.760499658067,271.264115047564
10.67,60,0,2733.10690314795,72.2943310520593,4,1.07979941350161,0.979799413501612,276.725196463933,271.13518519648
10.68,60,0,2733.47092493741,72.3207892868335,4,1.07944115125656,0.979441151256563,276.678181971794,270.989997078027
10.69,60,0,2733.84868086172,72.347224782981,4,1.07909120454789,0.979091204547892,276.636771797962,270.852630121907
10.7,60,0,2734.23764570149,72.3736384599716,4,1.078748133128,0.978748133128004,276.599964707595,270.72169908083
10.71,60,0,2734.63574640728,72.4000310748969,4,1.07841075429582,0.978410754295819,276.566939097629,270.596067495798
10.72,60,0,2735.04128101156,72.4264032516235,4,1.07807809678554,0.978078096785539,276.537020684112,270.47480288146
10.73,60,0,2735.45285211695,72.4527555046983,4,1.07774936292117,0.977749362921167,276.509656025614,270.357140020595
10.74,60,0,2735.86931233092,72.479088258953,4,1.07742389755283,0.977423897552834,276.484390821671,270.242450889439
10.75,60,0,2736.28971949457,72.5054018655853,4,1.07710116255797,0.977101162557967,276.460852120275,270.130220008486
10.76,60,0,2736.71329994259,72.5316966153519,4,1.07678071590909,0.976780715909088,276.438733726914,270.020024234777
10.77,60,0,2737.13941835038,72.5579727493934,4,1.07646219448943,0.976462194489431,276.417784236752,269.911516191725
10.78,60,0,2737.56755298476,72.5842304681163,4,1.07614529998457,0.976145299984568,276.397797216697,269.804410679167
10.79,60,0,2737.99727538816,72.6104699384834,4,1.07582978729884,0.975829787298843,276.378603150003,269.698473525819
10.8,60,0,2738.42823370062,72.6366912999964,4,1.07551545504431,0.975515455044312,276.360062826133,269.593512443909
10.81,60,0,2738.86013896733,72.6628946696069,4,1.07520213773101,0.97520213773101,276.342061916008,269.489369525486
10.82,60,0,2739.29275389644,72.6890801457479,4,1.07488969935392,0.97488969935392,276.32450651961,269.385915085023
10.83,60,0,2739.72588362807,72.7152478116427,4,1.07457802812662,0.974578028126622,276.30731951134,269.283042606314
10.84,60,0,2740.15936815436,72.7413977380223,4,1.07426703215639,0.974267032156391,276.290437539957,269.180664595245
10.85,60,0,2740.59307609484,72.7675299853556,4,1.07395663589232,0.973956635892316,276.273808565678,269.078709175785
10.86,60,0,2741.02689958459,72.7936446056814,4,1.07364677720812,0.973646777208117,276.257389838125,268.977117295817
10.87,60,0,2741.46075007593,72.8197416441118,4,1.07333740500618,0.973337405006178,276.241146236119,268.875840433396
10.88,60,0,2741.89455489041,72.8458211400675,4,1.07302847724956,0.973028477249564,276.225048904467,268.7748387137
10.89,60,0,2742.32825438666,72.8718831282919,4,1.07271995934552,0.972719959345521,276.209074134586,268.674079363059
10.9,60,0,2742.76179963418,72.8979276396837,4,1.07241182281762,0.972411822817621,276.193202445268,268.573535439639
10.91,60,0,2743.19515050252,72.9239547019809,4,1.07210404421498,0.97210404421498,276.17741782779,268.473184791245
10.92,60,0,2743.62827409156,72.9499643403229,4,1.07179660421617,0.971796604216172,276.161707125945,268.373009199534
10.93,60,0,2744.06114344208,72.9759565777114,4,1.07148948689307,0.971489486893073,276.146059526857,268.27299367729
10.94,60,0,2744.49373647641,73.0019314353899,4,1.07118267910605,0.971182679106053,276.130466142771,268.17312589134
10.95,60,0,2744.92603512811,73.0278889331545,4,1.07087617000708,0.970876170007076,276.114919667545,268.073395688638
10.96,60,0,2745.35802462692,73.05382908961,4,1.07056995063142,0.970569950631422,276.099414094484,267.973794707048
10.97,60,0,2745.78969291132,73.0797519223799,4,1.07026401356223,0.970264013562235,276.083944484562,267.874316055684
10.98,60,0,2746.22103014571,73.1056574482785,4,1.06995835265487,0.969958352654868,276.068506776017,267.774954052355
10.99,60,0,2746.65202832387,73.1315456834537,4,1.06965296281039,0.969652962810387,276.053097627937,267.675704007914
11,60,0,2747.08268094292,73.1574166435022,4,1.06934783978943,0.969347839789434,276.037714291752,267.576562049123
11.01,60,0,2747.51298273558,73.1832703435665,4,1.06904298005927,0.969042980059265,276.022354505656,267.477524973136
11.02,60,0,2747.94292944999,73.2091067984125,4,1.06873838066805,0.968738380668051,276.007016407869,267.378590127979
11.03,60,0,2748.37251766884,73.2349260224947,4,1.06843403914156,0.968434039141556,275.991698465361,267.279755314348
11.04,60,0,2748.80174466074,73.2607280300091,4,1.06812995339824,0.968129953398236,275.976399415293,267.181018704941
11.05,60,0,2749.230608258,73.2865128349371,4,1.06782612167944,0.967826121679444,275.961118216894,267.082378778179
11.06,60,0,2749.65910675623,73.3122804510809,4,1.06752254249207,0.96752254249207,275.945854011918,266.983834263757
11.07,60,0,2750.08723883178,73.3380308920933,4,1.06721921456139,0.967219214561389,275.930606092153,266.8853840979
11.08,60,0,2750.51500347389,73.3637641715019,4,1.0669161367923,0.966916136792301,275.915373872709,266.787027386604
11.09,60,0,2750.94239992897,73.3894803027291,4,1.06661330823747,0.966613308237474,275.900156870081,266.688763375427
11.1,60,0,2751.36942765466,73.4151792991081,4,1.06631072807115,0.966310728071148,275.884954684101,266.59059142467
11.11,60,0,2751.79608628224,73.4408611738969,4,1.0660083955676,0.966008395567602,275.869766983124,266.492510988975
11.12,60,0,2752.22237558559,73.466525940289,4,1.06570631008345,0.965706310083452,275.854593491832,266.394521600568
11.13,60,0,2752.64829545573,73.4921736114224,4,1.0654044710431,0.965404471043099,275.839433981229,266.296622855477
11.14,60,0,2753.07384587987,73.5178042003875,4,1.06510287792676,0.965102877926759,275.824288260403,266.198814402215
11.15,60,0,2753.49902692422,73.543417720233,4,1.06480153026062,0.964801530260619,275.809156169756,266.101095932471
11.16,60,0,2753.92383871981,73.5690141839709,4,1.06450042760876,0.964500427608756,275.794037575448,266.003467173465
11.17,60,0,2754.34828145085,73.594593604581,4,1.06419956956647,0.964199569566475,275.778932364817,265.905927881659
11.18,60,0,2754.77235534518,73.6201559950138,4,1.06389895575484,0.963898955754843,275.763840442624,265.80847783759
11.19,60,0,2755.19606066636,73.6457013681939,4,1.06359858581618,0.963598585816184,275.748761727957,265.711116841623
11.2,60,0,2755.61939770723,73.6712297370218,4,1.06329845941039,0.963298459410387,275.733696151694,265.613844710458
11.21,60,0,2756.0423667846,73.6967411143762,4,1.06299857621185,0.962998576211855,275.718643654411,265.516661274261
11.22,60,0,2756.46496823483,73.7222355131155,4,1.062698935907,0.962698935907003,275.703604184663,265.419566374301
11.23,60,0,2756.88720241026,73.747712946079,4,1.0623995381922,0.962399538192204,275.688577697575,265.322559861012
11.24,60,0,2757.30906967625,73.773173426088,4,1.06210038277209,0.962100382772091,275.673564153675,265.225641592398
11.25,60,0,2757.73057040875,73.7986169659467,4,1.06180146935816,0.961801469358163,275.658563517943,265.128811432718
11.26,60,0,2758.15170499225,73.824043578443,4,1.06150279766764,0.961502797667642,275.643575759023,265.032069251413
11.27,60,0,2758.57247381822,73.8494532763491,4,1.06120436742253,0.961204367422528,275.628600848576,264.935414922212
11.28,60,0,2758.99276160844,73.8748461317815,4,1.06091105325699,0.96091105325699,275.615233375236,264.84172419627
11.29,60,0,2759.41103009606,73.9002229638986,4,1.0606278210669,0.960627821066904,275.604812547021,264.753650552597
11.3,60,0,2759.82708767507,73.925583940195,4,1.06034380849177,0.960343808491766,275.593695047746,264.664698698471
11.31,60,0,2760.24125720734,73.9509289596452,4,1.06005918997554,0.960059189975537,275.582003613793,264.575035161294
11.32,60,0,2760.65380571899,73.9762579408162,4,1.05977410971882,0.959774109718816,275.569839710958,264.484797573942
11.33,60,0,2761.06495407465,74.0015708184681,4,1.05948868691894,0.959488686918939,275.557287222241,264.394099687813
11.34,60,0,2761.47488497441,74.0268675407443,4,1.05920302010152,0.959203020101517,275.544415496055,264.303035515923
11.35,60,0,2761.8837495647,74.0521480668496,4,1.05891719070103,0.958917190701035,275.531281865782,264.21168275699
11.36,60,0,2762.29167290317,74.0774123651304,4,1.05863126602081,0.958631266020813,275.517933732358,264.120105625289
11.37,60,0,2762.69875847657,74.1026604114885,4,1.05834530167996,0.958345301679959,275.504410285706,264.028357189414
11.38,60,0,2763.10509193562,74.1278921880698,4,1.05805934363631,0.958059343636312,275.49074392764,263.936481305194
11.39,60,0,2763.51074418284,74.15310768218,4,1.05777342985889,0.957773429858886,275.476961448058,263.844514213211
11.4,60,0,2763.91577392534,74.178306885389,4,1.0574875917106,0.957487591710596,275.463084997197,263.752485859137
11.41,60,0,2764.32022978545,74.2034897927902,4,1.05720185509149,0.957201855091488,275.449132889344,263.660420985022
11.42,60,0,2764.72415204576,74.2286564023878,4,1.05691624138399,0.956916241383989,275.435120267228,263.568340031263
11.43,60,0,2765.12757409203,74.2538067145914,4,1.05663076823448,0.956630768234483,275.421059651259,263.476259882139
11.44,60,0,2765.53052360615,74.2789407317968,4,1.05634545019958,0.95634545019958,275.40696139359,263.384194482051
11.45,60,0,2765.93302355268,74.3040584580409,4,1.05606029928052,0.956060299280517,275.392834053497,263.292155344896
11.46,60,0,2766.33509299455,74.3291598987147,4,1.05577532536507,0.955775325365071,275.378684707731,263.200151975137
11.47,60,0,2766.73674776763,74.3542450603279,4,1.055490536593,0.955490536593001,275.364519207102,263.108192215868
11.48,60,0,2767.13800103851,74.3793139503125,4,1.05520593965827,0.955205939658266,275.350342388628,263.016282536555
11.49,60,0,2767.53886376585,74.4043665768619,4,1.05492154005896,0.954921540058962,275.336158250945,262.924428270911
11.5,60,0,2767.93934508187,74.4294029487968,4,1.05463734230403,0.954637342304029,275.321970099343,262.832633813546
11.51,60,0,2768.33945260786,74.4544230754547,4,1.05435335008421,0.954353350084211,275.307780665696,262.740902782556
11.52,60,0,2768.73919271514,74.4794269665987,4,1.05406956641346,0.954069566413459,275.293592207629,262.649238153936
11.53,60,0,2769.1385707409,74.5044146323419,4,1.05378599374589,0.953785993745887,275.279406590527,262.557642372724
11.54,60,0,2769.53759116669,74.5293860830848,4,1.05350263407251,0.953502634072509,275.26522535535,262.466117444889
11.55,60,0,2769.93625776612,74.5543413294638,4,1.05321948900126,0.953219489001263,275.251049774714,262.374665013314
11.56,60,0,2770.33457372695,74.5792803823083,4,1.0529365598232,0.952936559823203,275.236880899275,262.283286420624
11.57,60,0,2770.7325417522,74.6042032526055,4,1.05265384756726,0.952653847567257,275.222719596087,262.191982761137
11.58,60,0,2771.13016414362,74.629109951471,4,1.05237135304553,0.952371353045526,275.208566580325,262.100754923824
11.59,60,0,2771.52744287095,74.6540004901247,4,1.05208907689076,0.952089076890756,275.194422441529,262.009603627841
11.6,60,0,2771.92437962902,74.6788748798711,4,1.05180701958734,0.951807019587344,275.180287665306,261.918529451903
11.61,60,0,2772.32097588513,74.7037331320823,4,1.05152518149699,0.951525181496986,275.166162651279,261.827532858588
11.62,60,0,2772.71723291818,74.7285752581847,4,1.0512435628799,0.951243562879901,275.152047727944,261.73661421443
11.63,60,0,2773.11315185105,74.7534012696475,4,1.05096216391238,0.950962163912385,275.137943164943,261.645773806537
11.64,60,0,2773.50873367744,74.7782111779732,4,1.05068098470135,0.950680984701347,275.123849183237,261.555011856345
11.65,60,0,2773.90397928399,74.8030049946905,4,1.05040002529632,0.950400025296324,275.109765963503,261.464328530979
11.66,60,0,2774.29888946869,74.827782731347,4,1.05011928569943,0.95011928569943,275.095693653091,261.373723952664
11.67,60,0,2774.693464956,74.8525443995047,4,1.04983876587359,0.949838765873588,275.081632371781,261.283198206504
11.68,60,0,2775.08770640947,74.8772900107353,4,1.04955846574934,0.949558465749343,275.067582216535,261.192751346914
11.69,60,0,2775.4816144421,74.9020195766164,4,1.04927838523049,0.949278385230494,275.053543265444,261.102383402946
11.7,60,0,2775.87518962497,74.9267331087289,4,1.04899852419876,0.948998524198763,275.039515580978,261.012094382691
11.71,60,0,2776.26843249436,74.9514306186544,4,1.04871888251766,0.948718882517655,275.025499212691,260.921884276924
11.72,60,0,2776.6613435576,74.9761121179728,4,1.04843946003565,0.948439460035651,275.011494199442,260.831753062116
11.73,60,0,2777.05392329803,75.0007776182614,4,1.04816025658885,0.948160256588855,274.997500571249,260.741700702929
11.74,60,0,2777.44617217895,75.0254271310927,4,1.04788127200318,0.947881272003179,274.983518350813,260.651727154278
11.75,60,0,2777.83809064702,75.0500606680335,4,1.04760250609616,0.947602506096157,274.969547554781,260.561832363037
11.76,60,0,2778.22967913502,75.0746782406444,4,1.04732395867844,0.947323958678445,274.955588194797,260.472016269455
11.77,60,0,2778.62093806411,75.0992798604784,4,1.04704562955506,0.947045629555058,274.94164027836,260.382278808319
11.78,60,0,2779.01186784576,75.1238655390806,4,1.0467675185264,0.946767518526403,274.927703809547,260.292619909926
11.79,60,0,2779.40246888329,75.1484352879876,4,1.04648962538912,0.946489625389121,274.913778789604,260.20303950088
11.8,60,0,2779.7927415732,75.1729891187269,4,1.0462119499368,0.946211949936799,274.899865217435,260.113537504753
11.81,60,0,2780.18268630623,75.1975270428169,4,1.04593449196055,0.945934491960546,274.885963090012,260.024113842636
11.82,60,0,2780.57230346825,75.2220490717662,4,1.04565725124948,0.94565725124948,274.872072402706,259.934768433591
11.83,60,0,2780.96159344099,75.2465552170739,4,1.04538022759112,0.945380227591123,274.85819314957,259.845501195025
11.84,60,0,2781.35055660267,75.2710454902287,4,1.04510342077173,0.945103420771734,274.844325323567,259.756312043003
11.85,60,0,2781.7391933285,75.2955199027092,4,1.04482683057658,0.944826830576581,274.830468916761,259.667200892498
11.86,60,0,2782.12750399111,75.3199784659838,4,1.04455045679017,0.944550456790167,274.816623920475,259.578167657616
11.87,60,0,2782.51548896085,75.3444211915103,4,1.04427429919642,0.944274299196417,274.802790325421,259.489212251757
11.88,60,0,2782.90314860614,75.3688480907362,4,1.04399835757884,0.943998357578837,274.788968121811,259.400334587773
11.89,60,0,2783.29048329367,75.3932591750982,4,1.04372263172063,0.943722631720633,274.775157299442,259.31153457808
11.9,60,0,2783.67749338861,75.4176544560225,4,1.04344712140483,0.943447121404828,274.761357847773,259.222812134763
11.91,60,0,2784.06417925479,75.4420339449247,4,1.04317182641434,0.943171826414339,274.747569755986,259.134167169655
11.92,60,0,2784.45105673799,75.4663976433095,4,1.0429141861085,0.942914186108504,274.728369070472,259.045276523
11.93,60,0,2784.84251442549,75.4907455857407,4,1.042687555237,0.942687555236999,274.701796963419,258.957965398656
11.94,60,0,2785.23884018559,75.515078096874,4,1.04246341955973,0.942463419559725,274.677338797062,258.873343998244
11.95,60,0,2785.63908833651,75.539395493173,4,1.04224135105197,0.942241351051966,274.654610546273,258.790931313772
11.96,60,0,2786.04248592315,75.5636980348281,4,1.04202099978813,0.942020999788125,274.633298398297,258.710334332274
11.97,60,0,2786.44840114457,75.587985936049,4,1.04180207967436,0.941802079674361,274.613145896572,258.631231911311
11.98,60,0,2786.85631756058,75.612259373472,4,1.04158435679015,0.941584356790147,274.593943443283,258.553361615514
11.99,60,0,2787.26581301742,75.6365184930278,4,1.04136763986115,0.941367639861154,274.575519726578,258.476508968659
12,60,0,2787.67654242796,75.660763415552,4,1.04115177247342,0.94115177247342,274.557734718683,258.400498676776
12.01,60,0,2788.08822370017,75.6849942413691,4,1.04093662671022,0.940936626710222,274.540473956404,258.325187459965
12.02,60,0,2788.50062623767,75.7092110540381,4,1.04072209795143,0.940722097951429,274.523643868684,258.25045819742
12.03,60,0,2788.91356154141,75.7334139234131,4,1.04050810062278,0.940508100622776,274.507167959192,258.176215144637
12.04,60,0,2789.32687552833,75.7576029081444,4,1.04029456472138,0.940294564721379,274.490983687234,258.102380026131
12.05,60,0,2789.74044225286,75.7817780577227,4,1.04008143297563,0.940081432975626,274.475039919056,258.028888843148
12.06,60,0,2790.15415877481,75.8059394141489,4,1.03986865852351,0.939868658523515,274.459294845085,257.95568926536
12.07,60,0,2790.56794096417,75.8300870133005,4,1.03965620301471,0.939656203014713,274.443714277836,257.882738499566
12.08,60,0,2790.9817200715,75.8542208860465,4,1.03944403505895,0.939444035058951,274.42827026082,257.810001548073
12.09,60,0,2791.39543992427,75.8783410591608,4,1.03923212895749,0.939232128957488,274.412939931574,257.737449785415
12.1,60,0,2791.80905463455,75.9024475560666,4,1.03902046366597,0.939020463665974,274.397704592335,257.665059795173
12.11,60,0,2792.22252672493,75.926540397447,4,1.03880902194646,0.938809021946462,274.382548950409,257.592812419311
12.12,60,0,2792.63582559615,75.9506196017429,4,1.03859778967404,0.938597789674037,274.367460497213,257.520691981162
12.13,60,0,2793.04892627412,75.9746851855604,4,1.03838675526986,0.93838675526986,274.352429000644,257.448685650319
12.14,60,0,2793.46180838546,75.998737164004,4,1.03817590923756,0.938175909237556,274.337446090099,257.376782923488
12.15,60,0,2793.87445531959,76.022775550949,4,1.03796524378409,0.93796524378409,274.322504917188,257.304975200112
12.16,60,0,2794.28685354371,76.046800359264,4,1.03775475250972,0.937754752509721,274.307599878346,257.233255435454
12.17,60,0,2794.69899204242,76.0708116009932,4,1.03754443015445,0.937544430154453,274.292726388035,257.161617856982
12.18,60,0,2795.11086185951,76.0948092875051,4,1.03733427239065,0.937334272390654,274.277880693298,257.090057732503
12.19,60,0,2795.52245572321,76.1187934296144,4,1.03712427565346,0.937124275653456,274.263059722118,257.01857118059
12.2,60,0,2795.93376773966,76.1427640376817,4,1.03691443700203,0.936914437002026,274.248260959427,256.947155015586
12.21,60,0,2796.34479314216,76.1667211216945,4,1.0367047540061,0.936704754006103,274.233482345706,256.875806620872
12.22,60,0,2796.75552808615,76.1906646913342,4,1.03649522465318,0.936495224653179,274.218722194058,256.804523845232
12.23,60,0,2797.16596948141,76.2145947560306,4,1.03628584727258,0.936285847272578,274.203979122392,256.733304918122
12.24,60,0,2797.57611485485,76.238511325006,4,1.03607662047335,0.936076620473348,274.189251997966,256.662148380371
12.25,60,0,2797.98596223828,76.2624144073123,4,1.03586754309345,0.935867543093447,274.174539892014,256.591053027515
12.26,60,0,2798.39551007653,76.2863040118602,4,1.03565861415818,0.935658614158184,274.15984204265,256.520017863452
12.27,60,0,2798.80475715234,76.310180147444,4,1.0354498328462,0.935449832846204,274.145157824516,256.44904206254
12.28,60,0,2799.21370252491,76.3340428227614,4,1.03524119846167,0.935241198461666,274.13048672396,256.378124938596
12.29,60,0,2799.62234547957,76.35789204643,4,1.03503271041148,0.935032710411479,274.115828318727,256.307265919546
12.3,60,0,2800.03068548663,76.3817278270001,4,1.03482436818667,0.934824368186672,274.101182261345,256.236464526682
12.31,60,0,2800.43872216774,76.4055501729664,4,1.03461617134716,0.934616171347156,274.086548265542,256.165720357698
12.32,60,0,2800.84645526832,76.4293590927765,4,1.03440811950924,0.934408119509244,274.071926095121,256.095033072818
12.33,60,0,2801.25388463501,76.4531545948381,4,1.03420021233545,0.934200212335453,274.057315554868,256.024402383442
12.34,60,0,2801.66101019722,76.4769366875255,4,1.03399244952614,0.933992449526143,274.04271648311,255.953828042858
12.35,60,0,2802.06783195204,76.5007053791839,4,1.03378483081269,0.933784830812686,274.028128745623,255.883309838648
12.36,60,0,2802.47434995187,76.5244606781338,4,1.03357735595187,0.933577355951872,274.013552230651,255.812847586472
12.37,60,0,2802.88056429433,76.5482025926744,4,1.03337002472133,0.933370024721327,273.998986844832,255.74244112498
12.38,60,0,2803.28647511395,76.5719311310857,4,1.03316283691576,0.933162836915765,273.984432509858,255.672090311655
12.39,60,0,2803.69208257541,76.5956463016314,4,1.03295579234392,0.932955792343923,273.969889159746,255.601795019407
12.4,60,0,2804.09738686803,76.6193481125602,4,1.03274889082605,0.93274889082605,273.955356738604,255.531555133788
12.41,60,0,2804.50238820116,76.6430365721075,4,1.03254213219185,0.932542132191847,273.940835198806,255.461370550709
12.42,60,0,2804.90708680053,76.6667116884967,4,1.03233551627879,0.932335516278789,273.926324499488,255.391241174581
12.43,60,0,2805.31148290516,76.6903734699399,4,1.03212904293075,0.932129042930746,273.911824605331,255.321166916782
12.44,60,0,2805.71557676492,76.7140219246391,4,1.03192271199685,0.931922711996854,273.897335485555,255.25114769441
12.45,60,0,2806.11936863843,76.7376570607864,4,1.03171652333059,0.931716523330591,273.882857113097,255.181183429264
12.46,60,0,2806.52285879147,76.7612788865651,4,1.03151047678902,0.931510476789025,273.868389463943,255.111274047
12.47,60,0,2806.92604749553,76.7848874101497,4,1.03130457223219,0.931304572232189,273.853932516577,255.041419476454
12.48,60,0,2807.32893502676,76.8084826397063,4,1.03109880952258,0.93109880952258,273.839486251529,254.971619649073
12.49,60,0,2807.73152166502,76.8320645833934,4,1.03089318852474,0.930893188524738,273.825050651008,254.901874498464
12.5,60,0,2808.13380769313,76.8556332493613,4,1.03068770910491,0.93068770910491,273.8106256986,254.832183960012
12.51,60,0,2808.53579339626,76.8791886457533,4,1.03048237113077,0.930482371130772,273.796211379024,254.762547970577
12.52,60,0,2808.93747906146,76.902730780705,4,1.0302771744712,0.930277174471196,273.781807677924,254.692966468236
12.53,60,0,2809.33886497719,76.926259662345,4,1.03007211899607,0.930072118996069,273.767414581709,254.623439392085
12.54,60,0,2809.73995143303,76.9497752987948,4,1.02986720457614,0.929867204576136,273.753032077412,254.553966682065
12.55,60,0,2810.14073871939,76.9732776981688,4,1.02966243108287,0.929662431082875,273.738660152587,254.484548278823
12.56,60,0,2810.54122712728,76.9967668685747,4,1.0294577983884,0.929457798388396,273.724298795208,254.415184123602
12.57,60,0,2810.94141694813,77.0202428181131,4,1.02925330636536,0.929253306365355,273.709947993604,254.345874158146
12.58,60,0,2811.34130847363,77.0437055548783,4,1.02904895488689,0.929048954886887,273.69560773639,254.276618324625
12.59,60,0,2811.74090199563,77.0671550869574,4,1.02884474382655,0.928844743826545,273.681278012425,254.207416565572
12.6,60,0,2812.140197806,77.0905914224311,4,1.02864067305826,0.92864067305826,273.666958810763,254.138268823834
12.61,60,0,2812.5391961966,77.1140145693734,4,1.0284367424563,0.928436742456296,273.652650120625,254.069175042526
12.62,60,0,2812.93789745917,77.1374245358517,4,1.02823295189523,0.928232951895225,273.638351931372,254.000135165002
12.63,60,0,2813.33630188528,77.1608213299266,4,1.0280293012499,0.928029301249897,273.624064232477,253.931149134823
12.64,60,0,2813.73853352389,77.1842037118498,4,1.02781616816383,0.92781616816383,273.589244362647,253.840524355388
12.65,60,0,2814.15017701247,77.2075700227355,4,1.02760591929327,0.927605919293265,273.555126587665,253.751354675737
12.66,60,0,2814.56939180035,77.2309208620163,4,1.02739961832212,0.927399618322115,273.52463926714,253.66664605804
12.67,60,0,2814.99458443287,77.2542567474139,4,1.0271964949005,0.927196494900499,273.497051631728,253.585507638559
12.68,60,0,2815.4244832137,77.2775780936336,4,1.02699593414144,0.92699593414144,273.471780678759,253.507228791629
12.69,60,0,2815.8580731639,77.3008852332018,4,1.02679744521066,0.92679744521066,273.448361239508,253.431242593818
12.7,60,0,2816.29454415009,77.3241784330808,4,1.02660063627012,0.926600636270125,273.426422125114,253.357096714195
12.71,60,0,2816.73324950911,77.3474579079184,4,1.02640519448818,0.926405194488176,273.405667111988,253.284430215051
12.72,60,0,2817.17367304099,77.3707238306166,4,1.02621087009037,0.926210870090373,273.385859781688,253.212955058802
12.73,60,0,2817.61540267479,77.3939763407618,4,1.02601746363326,0.926017463633264,273.366811431776,253.142441363566
12.74,60,0,2818.05810945608,77.4172155513503,4,1.02582481584904,0.925824815849044,273.34837143409,253.072705645602
12.75,60,0,2818.50153077913,77.4404415541542,4,1.0256327995412,0.925632799541199,273.33041954394,253.003601442227
12.76,60,0,2818.94545700539,77.4636544240036,4,1.02544131311647,0.925441313116469,273.312859764765,252.935011832322
12.77,60,0,2819.38972078332,77.4868542222031,4,1.02525027542244,0.925250275422438,273.295615453148,252.86684346977
12.78,60,0,2819.8341885239,77.5100409992586,4,1.02505962162694,0.925059621626936,273.27862541307,252.799021823344
12.79,60,0,2820.27875359601,77.5332147970539,4,1.02486929992883,0.924869299928827,273.261840779222,252.731487378742
12.8,60,0,2820.72333089455,77.5563756505874,4,1.02467926893227,0.924679268932271,273.245222529769,252.664192608062
12.81,60,0,2821.16785250395,77.579523589359,4,1.02448949555053,0.924489495550527,273.228739501295,252.597099551458
12.82,60,0,2821.61226423603,77.6026586384768,4,1.0242999533324,0.924299953332402,273.212366804436,252.530177887175
12.83,60,0,2822.05652286574,77.6257808195405,4,1.02411062112606,0.924110621126059,273.196084559228,252.463403391236
12.84,60,0,2822.50059392402,77.6488901513472,4,1.02392148201212,0.923921482012119,273.179876885596,252.396756708028
12.85,60,0,2822.94444993534,77.6719866504545,4,1.02373252245174,0.92373252245174,273.16373109746,252.330222368985
12.86,60,0,2823.38806901024,77.6950703316299,4,1.02354373160632,0.92354373160632,273.147637059355,252.263788009246
12.87,60,0,2823.83143372146,77.7181412082103,4,1.02335510079421,0.923355100794215,273.131586672759,252.19744374231
12.88,60,0,2824.27453020617,77.7411992923886,4,1.02316662305687,0.923166623056869,273.115573465954,252.131181660805
12.89,60,0,2824.71734744917,77.7642445954426,4,1.02297829281228,0.922978292812281,273.099592266539,252.064995437901
12.9,60,0,2825.15987671012,77.7872771279179,4,1.02279010557823,0.922790105578234,273.083638939932,251.998880009068
12.91,60,0,2825.60211106624,77.8102968997742,4,1.02260205775122,0.922602057751219,273.067710180531,251.932831317971
12.92,60,0,2826.04404504688,77.8333039205016,4,1.02241414642984,0.92241414642984,273.051803344942,251.866846113554
12.93,60,0,2826.48567434163,77.8562981992139,4,1.02222636927375,0.922226369273746,273.035916318789,251.800921788007
12.94,60,0,2826.92699556719,77.8792797447233,4,1.02203872439093,0.922038724390933,273.020047410325,251.735056247368
12.95,60,0,2827.36800608099,77.9022485655994,4,1.02185121024771,0.921851210247707,273.004195265466,251.669247808172
12.96,60,0,2827.80870383241,77.9252046702171,4,1.02166382559675,0.921663825596749,272.988358799917,251.603495114909
12.97,60,0,2828.24908724381,77.9481480667943,4,1.02147656941964,0.921476569419639,272.972537144949,251.537797074103
12.98,60,0,2828.68915511554,77.9710787634225,4,1.02128944088093,0.921289440880929,272.956729604095,251.472152801644
12.99,60,0,2829.12890654993,77.9939967680906,4,1.02110243929145,0.921102439291445,272.940935618538,251.406561580725
13,60,0,2829.56834089068,78.0169020887047,4,1.02091556407896,0.92091556407896,272.925154739473,251.341022828239
13.01,60,0,2830.00745767428,78.0397947331032,4,1.02072881476476,0.920728814764757,272.90938660601,251.275536067928
13.02,60,0,2830.44625659132,78.0626747090697,4,1.0205421909449,0.920542190944897,272.893630927534,251.21010090894
13.03,60,0,2830.88473745548,78.0855420243422,4,1.02035569227525,0.920355692275249,272.877887469597,251.144717028689
13.04,60,0,2831.32290017877,78.1083966866213,4,1.02016931845953,0.920169318459526,272.862156042649,251.079384159161
13.05,60,0,2831.76074475171,78.131238703577,4,1.01998306923972,0.919983069239715,272.846436493031,251.014102075978
13.06,60,0,2832.19827122755,78.1540680828528,4,1.01979694438844,0.919796944388439,272.830728695781,250.94887058965
13.07,60,0,2832.6354797096,78.1768848320705,4,1.01961094370284,0.919610943702836,272.815032548875,250.883689538591
13.08,60,0,2833.07237034113,78.1996889588331,4,1.01942506699968,0.91942506699968,272.799347968637,250.818558783533
13.09,60,0,2833.50894329725,78.2224804707275,4,1.01923931411147,0.91923931411147,272.783674886058,250.753478203066
13.1,60,0,2833.94519877849,78.2452593753266,4,1.01905368488331,0.919053684883311,272.768013243861,250.688447690071
13.11,60,0,2834.38113700562,78.2680256801906,4,1.01886817917041,0.91886817917041,272.752362994152,250.623467148863
13.12,60,0,2834.8167582155,78.2907793928689,4,1.01868279683608,0.918682796836085,272.736724096543,250.558536492924
13.13,60,0,2835.25206265779,78.3135205209007,4,1.01849753775016,0.918497537750164,272.72109651665,250.493655643068
13.14,60,0,2835.6870505923,78.3362490718159,4,1.01831240178771,0.918312401787709,272.705480224894,250.428824525993
13.15,60,0,2836.12172228689,78.3589650531362,4,1.018127388828,0.918127388827998,272.689875195542,250.364043073116
13.16,60,0,2836.55607801577,78.3816684723751,4,1.0179424987537,0.9179424987537,272.674281405939,250.299311219638
13.17,60,0,2836.99011805815,78.4043593370386,4,1.01775773145023,0.917757731450232,272.658698835894,250.234628903803
13.18,60,0,2837.42384269715,78.4270376546256,4,1.01757308680523,0.917573086805228,272.643127467192,250.169996066302
13.19,60,0,2837.85725221897,78.4497034326279,4,1.01738856470812,0.917388564708122,272.627567283197,250.105412649799
13.2,60,0,2838.29034691214,78.4723566785309,4,1.01720416504982,0.91720416504982,272.612018268543,250.040878598545
13.21,60,0,2838.72312706704,78.4949973998134,4,1.01701988772242,0.917019887722422,272.596480408882,249.97639385808
13.22,60,0,2839.15559297538,78.5176256039478,4,1.01683573261902,0.916835732619018,272.58095369068,249.911958374986
13.23,60,0,2839.58774492991,78.5402412984004,4,1.01665169963351,0.91665169963351,272.565438101062,249.847572096691
13.24,60,0,2840.0195832241,78.5628444906313,4,1.01646778866048,0.916467788660476,272.549933627677,249.783234971316
13.25,60,0,2840.45110815195,78.5854351880945,4,1.01628399959506,0.916283999595061,272.5344402586,249.718946947552
13.26,60,0,2840.88232000776,78.6080133982382,4,1.01610033233289,0.916100332332892,272.518957982251,249.654707974553
13.27,60,0,2841.31321908601,78.6305791285046,4,1.01591678677,0.91591678677,272.503486787322,249.590518001865
13.28,60,0,2841.74380568127,78.6531323863299,4,1.01573336280277,0.915733362802773,272.488026662734,249.526376979357
13.29,60,0,2842.17408008807,78.6756731791447,4,1.0155500603279,0.915550060327902,272.472577597585,249.462284857168
13.3,60,0,2842.60404260082,78.6982015143736,4,1.01536687924235,0.915366879242352,272.457139581127,249.398241585674
13.31,60,0,2843.03369351381,78.7207173994354,4,1.01518381944333,0.915183819443328,272.441712602728,249.334247115446
13.32,60,0,2843.46303312109,78.7432208417433,4,1.01500088082825,0.915000880828254,272.42629665186,249.270301397231
13.33,60,0,2843.89206171648,78.7657118487046,4,1.01481806329475,0.914818063294755,272.410891718073,249.206404381925
13.34,60,0,2844.32077959354,78.788190427721,4,1.01463536674064,0.91463536674064,272.395497790991,249.142556020562
13.35,60,0,2844.74918704551,78.8106565861884,4,1.01445279106389,0.914452791063891,272.380114860291,249.078756264296
13.36,60,0,2845.17728436533,78.8331103314971,4,1.01427033616265,0.914270336162654,272.3647429157,249.015005064392
13.37,60,0,2845.60507184559,78.8555516710316,4,1.01408800193523,0.914088001935229,272.349381946988,248.951302372217
13.38,60,0,2846.03254977856,78.8779806121708,4,1.01390578828007,0.913905788280067,272.334031943959,248.887648139233
13.39,60,0,2846.45971845615,78.9003971622879,4,1.01372369509576,0.913723695095762,272.31869289645,248.824042316992
13.4,60,0,2846.88657816991,78.9228013287505,4,1.01354172228105,0.913541722281049,272.303364794325,248.760484857132
13.41,60,0,2847.31312921101,78.9451931189204,4,1.0133598697348,0.913359869734797,272.288047627471,248.696975711369
13.42,60,0,2847.73937187028,78.9675725401541,4,1.01317813735601,0.913178137356012,272.272741385801,248.633514831501
13.43,60,0,2848.16530643816,78.989939599802,4,1.01299652504383,0.91299652504383,272.257446059245,248.570102169399
13.44,60,0,2848.59093320471,79.0122943052094,4,1.01281503269752,0.912815032697519,272.242161637755,248.50673767701
13.45,60,0,2849.01625245962,79.0346366637155,4,1.01263366021647,0.912633660216471,272.226888111297,248.443421306353
13.46,60,0,2849.4412644922,79.0569666826542,4,1.01245240750021,0.912452407500209,272.211625469858,248.380153009517
13.47,60,0,2849.86596959139,79.0792843693538,4,1.01227127444838,0.912271274448382,272.196373703438,248.316932738664
13.48,60,0,2850.29036804573,79.1015897311369,4,1.01209026096076,0.912090260960761,272.181132802054,248.253760446021
13.49,60,0,2850.7142487445,79.1238831537238,4,1.01194328723326,0.911943287233257,272.167592665145,248.201409133415
13.5,60,0,2851.13659641681,79.1461666392855,4,1.01182984461686,0.911829844616861,272.15528294789,248.159309362032
13.51,60,0,2851.55747565535,79.1684404888301,4,1.01171610123658,0.911716101236576,272.142451080074,248.116654479691
13.52,60,0,2851.97712246408,79.1907046389466,4,1.01160212810209,0.911602128102092,272.129200571388,248.073558359598
13.53,60,0,2852.39572691463,79.2129590394512,4,1.01148798238044,0.911487982380444,272.115614750107,248.030112662789
13.54,60,0,2852.81344209986,79.2352036508074,4,1.01137371009479,0.911373710094786,272.101760700036,247.986391172516
13.55,60,0,2853.230391341,79.2574384420494,4,1.01125934829663,0.911259348296629,272.087692429073,247.942453282451
13.56,60,0,2853.6466739892,79.2796633891112,4,1.01114492681436,0.911144926814363,272.073453419375,247.898346803927
13.57,60,0,2854.06237009578,79.3018784734807,4,1.01103046966074,0.91103046966074,272.059078679895,247.854110225213
13.58,60,0,2854.47754417183,79.3240836811174,4,1.0109159961659,0.910915996165901,272.044596398408,247.809774529807
13.59,60,0,2854.89224821499,79.3462790015804,4,1.01080152188951,0.910801521889509,272.03002927124,247.765364659893
13.6,60,0,2855.3065241462,79.3684644273266,4,1.01068705935506,0.910687059355057,272.015395573595,247.72090069422
13.61,60,0,2855.72040577167,79.390639953146,4,1.01057261864108,0.91057261864108,272.00071002113,247.676398796173
13.62,60,0,2856.13392036244,79.4128055757068,4,1.01045820785715,0.91045820785715,271.985984463504,247.631871976905
13.63,60,0,2856.54708992635,79.4349612931889,4,1.01034383352713,0.910343833527134,271.971228442707,247.587330709618
13.64,60,0,2856.95993223216,79.4571071049897,4,1.0102295008978,0.9102295008978,271.956449642529,247.542783424056
13.65,60,0,2857.37246163433,79.4792430114862,4,1.01011521418732,0.910115214187316,271.941654250432,247.498236904585
13.66,60,0,2857.78468973706,79.5013690138441,4,1.01000097678537,0.910000976785365,271.926847248894,247.453696610658
13.67,60,0,2858.19662592924,79.5234851138638,4,1.00988679141429,0.909886791414293,271.912032649982,247.40916693483
13.68,60,0,2858.60827781511,79.5455913138564,4,1.0097726602589,0.909772660258896,271.89721368423,247.364651410484
13.69,60,0,2859.01965156124,79.5676876165442,4,1.00965858507094,0.909658585070945,271.88239295273,247.320152879083
13.7,60,0,2859.43075217593,79.5897740249797,4,1.00954456725337,0.909544567253375,271.867572549593,247.275673624845
13.71,60,0,2859.84158373423,79.6118505424815,4,1.00943060792809,0.909430607928092,271.852754160581,247.231215483184
13.72,60,0,2860.25214955933,79.6339171725817,4,1.00931670799059,0.909316707990595,271.837939142523,247.186779928027
13.73,60,0,2860.6624523685,79.6559739189842,4,1.00920286815397,0.909202868153971,271.823128587284,247.142368142144
13.74,60,0,2861.07249439077,79.6780207855306,4,1.00908908898434,0.90908908898434,271.808323373278,247.097981073774
13.75,60,0,2861.48227746172,79.7000577761733,4,1.00897537092941,0.90897537092941,271.793524206965,247.053619482238
13.76,60,0,2861.89180309981,79.7220848949532,4,1.00886171434147,0.908861714341472,271.77873165627,247.009283974669
13.77,60,0,2862.30107256792,79.7441021459821,4,1.00874811949594,0.908748119495943,271.763946177504,246.964975035603
13.78,60,0,2862.71008692289,79.7661095334286,4,1.00863458660629,0.908634586606291,271.749168137048,246.92069305081
13.79,60,0,2863.11884705546,79.7881070615065,4,1.00852111583607,0.908521115836069,271.734397828828,246.876438326489
13.8,60,0,2863.52735372248,79.8100947344656,4,1.00840770730861,0.908407707308608,271.719635488383,246.832211104732
13.81,60,0,2863.93560757283,79.8320725565843,4,1.00829436111483,0.908294361114833,271.704881304204,246.788011575983
13.82,60,0,2864.34360916828,79.8540405321633,4,1.00818107731955,0.908181077319553,271.690135426873,246.743839889073
13.83,60,0,2864.75135900041,79.8759986655212,4,1.00806785596654,0.908067855966538,271.67539797642,246.699696159304
13.84,60,0,2865.15885750409,79.8979469609904,4,1.00795469708261,0.907954697082606,271.660669048253,246.655580474965
13.85,60,0,2865.56610506851,79.9198854229138,4,1.00784160068092,0.907841600680917,271.645948717939,246.61149290258
13.86,60,0,2865.97310204591,79.9418140556425,4,1.00772856676363,0.907728566763634,271.631237045052,246.567433491138
13.87,60,0,2866.37984875878,79.9637328635338,4,1.00761559532406,0.907615595324055,271.61653407628,246.523402275499
13.88,60,0,2866.7863455055,79.9856418509493,4,1.00750268634835,0.907502686348349,271.601839847921,246.479399279142
13.89,60,0,2867.19259256502,80.0075410222537,4,1.00738983981694,0.907389839816938,271.587154387903,246.435424516377
13.9,60,0,2867.59859020057,80.0294303818138,4,1.00727705570562,0.907277055705623,271.572477717407,246.39147799413
13.91,60,0,2868.00433866262,80.0513099339977,4,1.00716433398649,0.907164333986487,271.557809852174,246.347559713377
13.92,60,0,2868.40983819137,80.0731796831738,4,1.00705167462862,0.907051674628624,271.543150803564,246.303669670305
13.93,60,0,2868.81508901865,80.0950396337107,4,1.00693907759872,0.906939077598724,271.528500579403,246.259807857249
13.94,60,0,2869.22009136951,80.1168897899761,4,1.00682654286155,0.906826542861551,271.513859184672,246.215974263434
13.95,60,0,2869.62484546347,80.1387301563373,4,1.00671407038032,0.90671407038032,271.499226622058,246.172168875595
13.96,60,0,2870.02935151559,80.1605607371601,4,1.00660166011701,0.906601660117011,271.484602892399,246.128391678456
13.97,60,0,2870.43360973724,80.1823815368091,4,1.00648931203261,0.90648931203261,271.469987995046,246.08464265513
13.98,60,0,2870.83762033681,80.2041925596471,4,1.00637702608732,0.906377026087316,271.455381928149,246.040921787432
13.99,60,0,2871.2413835202,80.2259938100355,4,1.0062648022407,0.906264802240698,271.440784688893,245.99722905614
14,60,0,2871.64489949131,80.2477852923335,4,1.00615264045183,0.906152640451827,271.426196273687,245.953564441197
14.01,60,0,2872.04816845234,80.2695670108986,4,1.00604054067938,0.90604054067938,271.411616678313,245.909927921883
14.02,60,0,2872.45119060409,80.2913389700861,4,1.00592850288173,0.905928502881727,271.39704589805,245.866319476944
14.03,60,0,2872.8539661462,80.3131011742494,4,1.005816527017,0.905816527016997,271.382483927775,245.822739084703
14.04,60,0,2873.2564952773,80.3348536277395,4,1.00570461304313,0.905704613043132,271.367930762037,245.779186723147
14.05,60,0,2873.65877819521,80.3565963349054,4,1.00559276091794,0.905592760917935,271.353386395128,245.735662369995
14.06,60,0,2874.06081509701,80.378329300094,4,1.0054809705991,0.905480970599104,271.338850821128,245.692166002761
14.07,60,0,2874.46260617914,80.4000525276496,4,1.00536924204426,0.90536924204426,271.324324033954,245.648697598792
14.08,60,0,2874.86415163753,80.4217660219146,4,1.00525757521097,0.90525757521097,271.309806027386,245.60525713531
14.09,60,0,2875.2654516676,80.4434697872289,4,1.00514597005677,0.905145970056769,271.2952967951,245.56184458944
14.1,60,0,2875.66650646435,80.4651638279302,4,1.00503442653917,0.905034426539171,271.280796330689,245.518459938234
14.11,60,0,2876.06731622237,80.486848148354,4,1.00492294461568,0.904922944615685,271.266304627677,245.475103158693
14.12,60,0,2876.4678811359,80.5085227528332,4,1.00481152424382,0.904811524243821,271.251821679537,245.431774227775
14.13,60,0,2876.86820139887,80.5301876456987,4,1.0047001653811,0.904700165381102,271.237347479703,245.388473122418
14.14,60,0,2877.26827720487,80.551842831279,4,1.00458886798507,0.904588867985066,271.222882021575,245.345199819543
14.15,60,0,2877.6681087472,80.5734883139003,4,1.00447763201327,0.904477632013274,271.20842529853,245.301954296064
14.16,60,0,2878.06769621891,80.5951240978863,4,1.00436645742332,0.904366457423316,271.193977303929,245.258736528893
14.17,60,0,2878.46703981275,80.6167501875586,4,1.00425534417281,0.904255344172808,271.179538031117,245.215546494951
14.18,60,0,2878.86613972123,80.6383665872365,4,1.0041442922194,0.9041442922194,271.165107473433,245.172384171165
14.19,60,0,2879.2649961366,80.6599733012368,4,1.00403330152078,0.904033301520778,271.150685624208,245.129249534475
14.2,60,0,2879.66360925089,80.6815703338741,4,1.00392237203466,0.903922372034663,271.136272476769,245.086142561838
14.21,60,0,2880.06197925586,80.7031576894608,4,1.00381150371881,0.903811503718813,271.121868024445,245.043063230227
14.22,60,0,2880.46010634306,80.7247353723067,4,1.00370069653103,0.903700696531026,271.107472260562,245.000011516635
14.23,60,0,2880.8579907038,80.7463033867195,4,1.00358995042914,0.90358995042914,271.09308517845,244.956987398078
14.24,60,0,2881.25563252917,80.7678617370045,4,1.00347926537103,0.903479265371032,271.07870677144,244.91399085159
14.25,60,0,2881.65303201002,80.7894104274648,4,1.00336864131462,0.903368641314621,271.064337032868,244.871021854231
14.26,60,0,2882.05018933699,80.8109494624012,4,1.00325807821787,0.903258078217866,271.049975956075,244.828080383083
14.27,60,0,2882.44710470049,80.8324788461119,4,1.00314757603877,0.90314757603877,271.035623534405,244.785166415254
14.28,60,0,2882.84377829072,80.8539985828932,4,1.00303713473538,0.903037134735375,271.021279761208,244.742279927876
14.29,60,0,2883.24021029765,80.8755086770389,4,1.00292675426577,0.902926754265767,271.006944629841,244.699420898104
14.3,60,0,2883.63640091105,80.8970091328405,4,1.00281643458807,0.902816434588074,270.992618133665,244.656589303122
14.31,60,0,2884.03235032044,80.9184999545873,4,1.00270617566047,0.902706175660465,270.978300266049,244.613785120138
14.32,60,0,2884.42805871516,80.9399811465661,4,1.00259597744115,0.902595977441153,270.963991020367,244.571008326384
14.33,60,0,2884.82352628431,80.9614527130616,4,1.00248583988839,0.902485839888394,270.949690390002,244.528258899121
14.34,60,0,2885.2187532168,80.9829146583562,4,1.00237576296048,0.902375762960484,270.93539836834,244.485536815634
14.35,60,0,2885.61373970129,81.00436698673,4,1.00226574661576,0.902265746615763,270.921114948778,244.442842053234
14.36,60,0,2886.00848592626,81.0258097024607,4,1.00215579081261,0.902155790812613,270.906840124717,244.40017458926
14.37,60,0,2886.40299207996,81.0472428098239,4,1.00204589550946,0.90204589550946,270.892573889565,244.357534401075
14.38,60,0,2886.80131627267,81.0686659357473,4,1.002,0.902,270.849041218803,244.30583517936
14.39,60,0,2887.21816568178,81.0900780894042,4,1.002,0.902,270.793676086182,244.255895829736
14.4,60,0,2887.65074473056,81.1114802595415,4,1.002,0.902,270.747544872762,244.214285475232
14.41,60,0,2888.09515853312,81.1328733845097,4,1.002,0.902,270.708389533111,244.178967358867
14.42,60,0,2888.54846512438,81.1542581733104,4,1.002,0.902,270.674505586122,244.148404038682
14.43,60,0,2889.00844196479,81.1756351618004,4,1.002,0.902,270.644606085721,244.121434689321
14.44,60,0,2889.47340978067,81.1970047550928,4,1.002,0.902,270.617719137479,244.097182662006
14.45,60,0,2889.94209961678,81.218367259555,4,1.002,0.902,270.593110642124,244.074985799196
14.46,60,0,2890.41355247399,81.2397229069638,4,1.002,0.902,270.570226028661,244.054343877852
14.47,60,0,2890.88704352842,81.2610718727433,4,1.002,0.902,270.548646292859,244.034878956158
14.48,60,0,2891.36202490065,81.2824142897381,4,1.002,0.902,270.528054818809,244.016305446566
14.49,60,0,2891.83808242702,81.3037502586166,4,1.002,0.902,270.508212332389,243.998407523815
14.5,60,0,2892.31490300285,81.32507985573,4,1.002,0.902,270.488937989578,243.981022066599
14.51,60,0,2892.79224990878,81.3464031390492,4,1.002,0.902,270.470095094435,243.96402577518
14.52,60,0,2893.26994416674,81.3677201526521,4,1.002,0.902,270.45158031174,243.947325441189
14.53,60,0,2893.74785045045,81.3890309301134,4,1.002,0.902,270.433315518069,243.930850597298
14.54,60,0,2894.22586643687,81.4103354970673,4,1.002,0.902,270.415241645243,243.914547964009
14.55,60,0,2894.70391475733,81.4316338731441,4,1.002,0.902,270.397314028506,243.898377253713
14.56,60,0,2895.18193691327,81.452926073434,4,1.002,0.902,270.379498891293,243.882307999947
14.57,60,0,2895.65988867661,81.4742121095944,4,1.002,0.902,270.361770688623,243.866317161138
14.58,60,0,2896.13773661209,81.4954919906858,4,1.002,0.902,270.344110099208,243.850387309485
14.59,60,0,2896.61545544785,81.5167657238055,4,1.002,0.902,270.326502507729,243.834505261972
14.6,60,0,2897.09302608703,81.5380333145652,4,1.002,0.902,270.308936857522,243.818661045485
14.61,60,0,2897.57043410408,81.5592947674529,4,1.002,0.902,270.291404783195,243.802847114442
14.62,60,0,2898.04766860755,81.580550086107,4,1.002,0.902,270.273899954828,243.787057759255
14.63,60,0,2898.52472137988,81.6017992735226,4,1.002,0.902,270.256417582097,243.771288659052
14.64,60,0,2899.00158622676,81.6230423322085,4,1.002,0.902,270.238954039294,243.755536543444
14.65,60,0,2899.47825848491,81.6442792643055,4,1.002,0.902,270.221506581752,243.73979893674
14.66,60,0,2899.95473464972,81.6655100716758,4,1.002,0.902,270.204073131363,243.72407396449
14.67,60,0,2900.43101209348,81.6867347559711,4,1.002,0.902,270.186652114356,243.708360207149
14.68,60,0,2900.9070888522,81.7079533186836,4,1.002,0.902,270.169242338583,243.692656589402
14.69,60,0,2901.38296346428,81.7291657611849,4,1.002,0.902,270.151842900688,243.676962296421
14.7,60,0,2901.85863484845,81.7503720847554,4,1.002,0.902,270.13445311587,243.661276710515
14.71,60,0,2902.33410221132,81.7715722906066,4,1.002,0.902,270.117072464749,243.645599363204
14.72,60,0,2902.80936497751,81.7927663798977,4,1.002,0.902,270.099700553152,243.629929898943
14.73,60,0,2903.28442273663,81.8139543537487,4,1.002,0.902,270.082337081689,243.614268047683
14.74,60,0,2903.75927520327,81.8351362132496,4,1.002,0.902,270.064981822721,243.598613604095
14.75,60,0,2904.23392218661,81.8563119594679,4,1.002,0.902,270.047634602938,243.58296641185
14.76,60,0,2904.7083635675,81.8774815934542,4,1.002,0.902,270.030295290158,243.567326351723
14.77,60,0,2905.182599281,81.8986451162465,4,1.002,0.902,270.012963783351,243.551693332582
14.78,60,0,2905.65662930325,81.919802528873,4,1.002,0.902,269.995640005071,243.536067284574
14.79,60,0,2906.1304536415,81.9409538323546,4,1.002,0.902,269.97832389574,243.520448153957
14.8,60,0,2906.60407232653,81.9620990277069,4,1.002,0.902,269.961015409306,243.504835899194
14.81,60,0,2907.07748540693,81.9832381159417,4,1.002,0.902,269.943714509971,243.489230487994
14.82,60,0,2907.55069294479,82.0043710980674,4,1.002,0.902,269.9264211697,243.473631895069
14.83,60,0,2908.02369501239,82.0254979750906,4,1.002,0.902,269.90913536634,243.458040100439
14.84,60,0,2908.49649168972,82.0466187480161,4,1.002,0.902,269.891857082198,243.442455088142
14.85,60,0,2908.96908306259,82.0677334178476,4,1.002,0.902,269.874586302957,243.426876845267
14.86,60,0,2909.44146922122,82.088841985588,4,1.002,0.902,269.857323016861,243.411305361209
14.87,60,0,2909.91365025915,82.1099444522397,4,1.002,0.902,269.840067214096,243.395740627114
14.88,60,0,2910.3856262724,82.1310408188047,4,1.002,0.902,269.822818886319,243.380182635459
14.89,60,0,2910.85739735888,82.152131086285,4,1.002,0.902,269.805578026302,243.364631379724
14.9,60,0,2911.32896361789,82.1732152556823,4,1.002,0.902,269.788344627664,243.349086854153
14.91,60,0,2911.80032514978,82.1942933279985,4,1.002,0.902,269.771118684668,243.333549053571
14.92,60,0,2912.27148205567,82.2153653042353,4,1.002,0.902,269.753900192062,243.31801797324
14.93,60,0,2912.74243443727,82.2364311853949,4,1.002,0.902,269.736689144966,243.302493608759
14.94,60,0,2913.21318239669,82.2574909724794,4,1.002,0.902,269.71948553878,243.286975955979
14.95,60,0,2913.68372603633,82.2785446664911,4,1.002,0.902,269.702289369119,243.271465010945
14.96,60,0,2914.15406545882,82.2995922684327,4,1.002,0.902,269.68510063176,243.255960769848
14.97,60,0,2914.62420076689,82.3206337793069,4,1.002,0.902,269.667919322606,243.240463228991
14.98,60,0,2915.0941320634,82.3416692001169,4,1.002,0.902,269.650745437653,243.224972384763
14.99,60,0,2915.56385945124,82.3626985318659,4,1.002,0.902,269.63357897297,243.209488233619
15,100,0,2916.03338303332,82.3837217755574,4,1.002,0.902,269.616419924681,243.194010772063
15.01,100,0,2941.94621385065,82.4056142271061,4,1.00414069332162,0.904140693321622,283.175494634338,256.030488050384
15.02,100,0,2962.92588896831,82.4289451022059,4,1.00997380312685,0.909973803126845,292.280086916364,265.967222269529
15.03,100,0,2980.10620953073,82.4534682451837,4,1.01621394328948,0.916213943289479,299.951151800472,274.819427585332
15.04,100,0,2994.09313872173,82.4790648782355,4,1.02212858790632,0.92212858790632,306.318334270467,282.464893030642
15.05,100,0,3005.45846877733,82.50555076278,4,1.026801376584,0.926801376583999,311.514774960233,288.712322259399
15.06,100,0,3014.74103308446,82.5327443448013,4,1.03034498160988,0.93034498160988,315.405353604742,293.435787899062
15.07,100,0,3022.47237645979,82.5604694486957,4,1.03314060297371,0.933140602973711,318.492810197272,297.198572950274
15.08,100,0,3028.92488137894,82.5886310737275,4,1.03538669976871,0.935386699768708,321.045761704648,300.301935515642
15.09,100,0,3034.32120115653,82.6171510368133,4,1.03718259142549,0.937182591425493,323.151726171309,302.852172156849
15.1,100,0,3038.84710778189,82.6459639287547,4,1.03860992089366,0.938609920893658,324.885588941744,304.9408369361
15.11,100,0,3042.65696273522,82.6750152827227,4,1.03973571110014,0.939735711100136,326.310836308146,306.645945797716
15.12,100,0,3045.87859724808,82.7042599160966,4,1.04061492230931,0.940614922309313,327.480894997685,308.033416606032
15.13,100,0,3048.61758249355,82.7336604638923,4,1.04129258224651,0.941292582246508,328.440461019801,309.158569667562
15.14,100,0,3050.96091170104,82.7631861039687,4,1.04180555372117,0.941805553721174,329.226748995322,310.067580637361
15.15,100,0,3052.98013956712,82.7928114634738,4,1.04218399690208,0.942183996902079,329.87062587559,310.798824748054
15.16,100,0,3054.73403547519,82.8225156902928,4,1.04245257590985,0.942452575909855,330.397614550006,311.384082907124
15.17,100,0,3056.27081030463,82.8522816708776,4,1.04263145235107,0.942631452351067,330.828766351556,311.849600505479
15.18,100,0,3057.62997509025,82.88209537552,4,1.0427371020141,0.942737102014099,331.181409372684,312.217002112949
15.19,100,0,3058.84388559246,82.911945313042,4,1.04278298526283,0.942782985262834,331.469783651833,312.504072155701
15.2,100,0,3059.93902134521,82.9418220784288,4,1.04278009670916,0.942780096709161,331.705576018641,312.725415037823
15.21,100,0,3060.93704183673,82.9717179787639,4,1.04273741548539,0.942737415485386,331.898367622168,312.893009295941
15.22,100,0,3061.85565667483,83.0016267247058,4,1.04266227381429,0.942662273814293,332.056006539508,313.016670158226
15.23,100,0,3062.70934118497,83.0315431765494,4,1.04256065851842,0.942560658518421,332.184916783336,313.104433913188
15.24,100,0,3063.50992402758,83.0614631355635,4,1.04243745754929,0.942437457549288,332.290353757443,313.162876163319
15.25,100,0,3064.26706914835,83.0913831727608,4,1.04229666148282,0.94229666148282,332.376614908159,313.19737458292
15.26,100,0,3064.988670683,83.1213004885393,4,1.04214152815557,0.942141528155571,332.447213077854,313.21232536023
15.27,100,0,3065.68117628733,83.1512127977284,4,1.04197471715071,0.941974717150707,332.505018932011,313.211321159672
15.28,100,0,3066.34985170044,83.1811182355077,4,1.0417983996336,0.941798399633602,332.552377823662,313.197297228674
15.29,100,0,3066.99899711384,83.2110152804531,4,1.04161434804149,0.941614348041488,332.591205581832,313.172651208269
15.3,100,0,3067.63212405512,83.2409026916198,4,1.04142400931362,0.941424009313619,332.623066958208,313.139341285988
15.31,100,0,3068.25209994561,83.27077945712,4,1.04122856467718,0.941228564677179,332.649239827687,313.098966543968
15.32,100,0,3068.86126621003,83.3006447521088,4,1.0410289784539,0.941028978453898,332.67076770109,313.05283269123
15.33,100,0,3069.46153475758,83.3304979044634,4,1.04082603790178,0.940826037901783,332.688502658952,313.002005812099
15.34,100,0,3070.05446678304,83.3603383667526,4,1.04062038573764,0.940620385737636,332.70314044138,312.947356298094
15.35,100,0,3070.64133712001,83.3901656933467,4,1.04041254668445,0.940412546684447,332.71524911904,312.889594744786
15.36,100,0,3071.22318679035,83.419979521727,4,1.04020294914125,0.940202949141255,332.725292514318,312.829301275848
15.37,100,0,3071.80086591223,83.4497795572257,4,1.03999194287163,0.939991942871634,332.733649330616,312.766949493054
15.38,100,0,3072.3750687339,83.4795655605675,4,1.0397798134424,0.939779813442396,332.740628774173,312.702926034098
15.39,100,0,3072.9463622373,83.5093373376984,4,1.03956679400973,0.939566794009728,332.746483310232,312.637546541806
15.4,100,0,3073.51520949147,83.5390947314829,4,1.03935307494023,0.93935307494023,332.751419078429,312.571068702048
15.41,100,0,3074.08198871902,83.5688376149255,4,1.03913881166477,0.939138811664773,332.755604396474,312.503702887698
15.42,100,0,3074.6470088628,83.5985658856372,4,1.03892413108989,0.938924131089893,332.759176702749,312.435620847817
15.43,100,0,3075.21052229515,83.6282794613182,4,1.03870913683182,0.938709136831822,332.762248224265,312.366962800817
15.44,100,0,3075.77273519449,83.6579782760708,4,1.03849391348946,0.938493913489459,332.764910603942,312.297843224664
15.45,100,0,3076.33381601738,83.687662277388,4,1.03827853013287,0.938278530132874,332.767238678276,312.228355583429
15.46,100,0,3076.89390241589,83.7173314236965,4,1.03806304315145,0.938063043151445,332.769293561399,312.158576185563
15.47,100,0,3077.45310688567,83.7469856823498,4,1.03784749857926,0.937847498579259,332.771125162915,312.088567333445
15.48,100,0,3078.01152137772,83.7766250279904,4,1.03763193399377,0.937631933993771,332.772774243499,312.018379894404
15.49,100,0,3078.56922106419,83.8062494412121,4,1.03741638006611,0.937416380066114,332.77427409315,311.94805539953
15.5,100,0,3079.12626741331,83.8358589074677,4,1.03720086182698,0.937200861826976,332.775651901404,311.877627757029
15.51,100,0,3079.68271070055,83.865453416178,4,1.03698539970031,0.936985399700308,332.776929876065,311.807124650966
15.52,100,0,3080.23859205919,83.8950329600035,4,1.03677001034744,0.936770010347439,332.778126156652,311.736568683168
15.53,100,0,3080.79394515493,83.9245975342498,4,1.03655470735642,0.936554707356425,332.779255560237,311.665978305507
15.54,100,0,3081.34879755358,83.9541471363823,4,1.036339501805,0.936339501805004,332.780330190456,311.595368581036
15.55,100,0,3081.90317183802,83.9836817656297,4,1.03612440272037,0.936124402720367,332.781359934809,311.524751805445
15.56,100,0,3082.45708652048,84.0132014226606,4,1.03590941745466,0.935909417454663,332.782352870757,311.454138014462
15.57,100,0,3083.01055678764,84.0427061093187,4,1.03569455199169,0.93569455199169,332.783315597343,311.383535398165
15.58,100,0,3083.56359510929,84.0721958284072,4,1.0354798111974,0.935479811197404,332.784253506022,311.312950639282
15.59,100,0,3084.11621173542,84.1016705835123,4,1.03526519902453,0.935265199024532,332.785171001831,311.24238918944
15.6,100,0,3084.66841510234,84.1311303788593,4,1.03505071867971,0.935050718679712,332.786071684033,311.171855494753
15.61,100,0,3085.22021216439,84.1605752191948,4,1.03483637276003,0.93483637276003,332.786958493646,311.101353180043
15.62,100,0,3085.77160866494,84.1900051096908,4,1.03462216336455,0.934622163364548,332.787833833947,311.030885199285
15.63,100,0,3086.32260935781,84.2194200558662,4,1.03440809218542,0.934408092185423,332.788699668897,310.960453958482
15.64,100,0,3086.87321818808,84.2488200635225,4,1.03419416058235,0.934194160582351,332.789557603538,310.890061416009
15.65,100,0,3087.42343843993,84.2782051386916,4,1.03398036964338,0.933980369643376,332.790408949665,310.819709164579
15.66,100,0,3087.97327285733,84.307575287593,4,1.03376672023459,0.933766720234586,332.791254779476,310.749398498184
15.67,100,0,3088.52272374272,84.3369305165989,4,1.03355321304071,0.933553213040707,332.792095969394,310.679130466779
15.68,100,0,3089.07179303758,84.3662708322053,4,1.03333984859828,0.933339848598279,332.792933235874,310.608905920947
15.69,100,0,3089.62048238836,84.3955962410093,4,1.03312662732276,0.93312662732276,332.793767164651,310.538725548387
15.7,100,0,3090.16879320024,84.4249067496893,4,1.03291354953068,0.932913549530677,332.794598234642,310.468589903715
15.71,100,0,3090.71672668115,84.4542023649901,4,1.03270061545773,0.932700615457728,332.795426837467,310.398499432823
15.72,100,0,3091.2642838777,84.4834830937097,4,1.03248782527357,0.932487825273569,332.796253293406,310.32845449276
15.73,100,0,3091.81146570458,84.5127489426891,4,1.03227517909391,0.932275179093906,332.797077864436,310.258455367995
15.74,100,0,3092.35827296853,84.541999918804,4,1.03206267699037,0.932062676990373,332.797900764879,310.18850228369
15.75,100,0,3092.904706388,84.5712360289572,4,1.03185031899861,0.931850318998608,332.79872217011,310.118595416546
15.76,100,0,3093.45076660917,84.6004572800739,4,1.03163810512485,0.931638105124849,332.79954222367,310.048734903677
15.77,100,0,3093.99645421908,84.6296636790961,4,1.03142603535133,0.931426035351333,332.800361043078,309.978920849846
15.78,100,0,3094.54176975629,84.6588552329794,4,1.0312141096407,0.9312141096407,332.801178724581,309.909153333386
15.79,100,0,3095.08671371973,84.68803194869,4,1.0310023279396,0.9310023279396,332.801995347038,309.839432411037
15.8,100,0,3095.63128657577,84.7171938332014,4,1.03079069018164,0.930790690181637,332.802810975097,309.769758121899
15.81,100,0,3096.17548876415,84.7463408934932,4,1.03057919628978,0.930579196289781,332.803625661779,309.700130490663
15.82,100,0,3096.71932070269,84.7754731365492,4,1.03036784617833,0.93036784617833,332.804439450609,309.63054953025
15.83,100,0,3097.26278279128,84.8045905693555,4,1.03015663975453,0.930156639754527,332.805252377342,309.561015243966
15.84,100,0,3097.80587541503,84.8336931989001,4,1.02994557691987,0.929945576919871,332.806064471383,309.491527627272
15.85,100,0,3098.34859894691,84.8627810321714,4,1.02973465757119,0.929734657571193,332.806875756941,309.422086669218
15.86,100,0,3098.89095374985,84.8918540761579,4,1.02952388160154,0.929523881601538,332.807686253981,309.352692353627
15.87,100,0,3099.43294017856,84.9209123378471,4,1.02931324890088,0.929313248900882,332.808495978994,309.283344660055
15.88,100,0,3099.97455858088,84.9499558242255,4,1.02910275935672,0.929102759356719,332.809304945632,309.214043564578
15.89,100,0,3100.51580929901,84.978984542278,4,1.02889241285455,0.928892412854546,332.810113165223,309.144789040438
15.9,100,0,3101.05669267044,85.0079984989872,4,1.02868220927825,0.928682209278251,332.810920647195,309.075581058565
15.91,100,0,3101.59720902874,85.0369977013339,4,1.02847214851044,0.928472148510437,332.811727399423,309.006419588012
15.92,100,0,3102.13735870419,85.0659821562961,4,1.02826223043268,0.928262230432685,332.812533428511,308.937304596303
15.93,100,0,3102.67714202432,85.0949518708494,4,1.02805245492577,0.928052454925767,332.813338740023,308.868236049719
15.94,100,0,3103.22041750636,85.1239056893432,4,1.02783403287193,0.927834032871934,332.791474482898,308.775255874865
15.95,100,0,3103.77560062145,85.1528411524322,4,1.02761763904719,0.927617639047193,332.767611007372,308.681105674033
15.96,100,0,3104.34043691356,85.1817590615545,4,1.02740578084163,0.927405780841627,332.748822488122,308.593181543729
15.97,100,0,3104.91286490088,85.2106601367295,4,1.0271975535224,0.927197553522397,332.734066041031,308.510212006804
15.98,100,0,3105.49124666148,85.2395449512537,4,1.02699223816874,0.926992238168742,332.722513355923,308.431187344936
15.99,100,0,3106.0742807062,85.2684139618997,4,1.02678926346635,0.926789263466352,332.713506465958,308.355305602893
16,100,0,3106.66093280509,85.2972675328874,4,1.02658817536716,0.926588175367162,332.706522659054,308.281929763406
16.01,100,0,3107.2503810585,85.3261059549154,4,1.02638861299271,0.926388612992705,332.701146633815,308.210553771182
16.02,100,0,3107.84197227315,85.354929460274,4,1.0261902894943,0.926190289494303,332.697048398998,308.140775570569
16.03,100,0,3108.43518731212,85.3837382348468,4,1.02599297684912,0.925992976849119,332.693965728265,308.072275704455
16.04,100,0,3109.02961356978,85.4125324276434,4,1.02579649378175,0.925796493781747,332.691690228945,308.00480032428
16.05,100,0,3109.62492310431,85.4413121583717,4,1.02560069616807,0.925600696168072,332.69005627878,307.938147699834
16.06,100,0,3110.22085526347,85.4700775234532,4,1.02540546941076,0.925405469410762,332.688932239131,307.872157506518
16.07,100,0,3110.81720287928,85.4988286008023,4,1.02521072238087,0.925210722380869,332.688213475433,307.806702317206
16.08,100,0,3111.41380129757,85.5275654536237,4,1.02501638260357,0.925016382603575,332.687816812665,307.741680844332
16.09,100,0,3112.01051965973,85.5562881334297,4,1.02482239243234,0.924822392432339,332.687676130383,307.677012571656
16.1,100,0,3112.60725397389,85.584996682438,4,1.02462870600835,0.924628706008353,332.687738862827,307.61263348958
16.11,100,0,3113.20392160779,85.6136911354772,4,1.02443528684397,0.924435286843965,332.687963217927,307.548492706899
16.12,100,0,3113.80045691141,85.642371521501,4,1.02424210590192,0.924242105901925,332.688315967395,307.48454975867
16.13,100,0,3114.39680773742,85.6710378647924,4,1.02404914006862,0.924049140068622,332.688770690501,307.420772467044
16.14,100,0,3114.99293267514,85.69969018592,4,1.02385637094045,0.923856370940453,332.689306378314,307.357135241365
16.15,100,0,3115.58879885151,85.7283285024987,4,1.02366378385903,0.92366378385903,332.689906324354,307.293617727259
16.16,100,0,3116.18438018283,85.756952829794,4,1.02347136714418,0.923471367144178,332.69055724283,307.230203732994
16.17,100,0,3116.77965598479,85.7855631812032,4,1.02327911148413,0.923279111484134,332.691248567737,307.166880376167
16.18,100,0,3117.37460986716,85.8141595686368,4,1.02308700945071,0.92308700945071,332.691971895678,307.103637405441
16.19,100,0,3117.96922885502,85.8427420028227,4,1.02289505511378,0.922895055113785,332.692720542926,307.040466661419
16.2,100,0,3118.56350268993,85.8713104935478,4,1.02270324373477,0.922703243734766,332.693489193273,306.97736164807
16.21,100,0,3119.15742327412,85.8998650498499,4,1.02251157152283,0.922511571522825,332.694273618051,306.914317192033
16.22,100,0,3119.75098422854,85.9284056801703,4,1.02232003544105,0.922320035441052,332.695070453518,306.851329171752
16.23,100,0,3120.34418054134,85.9569323924755,4,1.02212863305229,0.922128633052287,332.695877023844,306.788394302129
16.24,100,0,3120.93700828829,85.985445194354,4,1.02193736239651,0.921937362396506,332.696691200359,306.725509963304
16.25,100,0,3121.52946441038,86.0139440930924,4,1.02174622189331,0.921746221893308,332.697511289614,306.662674064508
16.26,100,0,3122.12154653693,86.0424290957372,4,1.02155521026434,0.921555210264336,332.698335944367,306.599884935806
16.27,100,0,3122.71325284489,86.0709002091432,4,1.02136432647158,0.921364326471582,332.699164092782,306.537141242004
16.28,100,0,3123.30458194688,86.0993574400119,4,1.0211735696683,0.9211735696683,332.699994882124,306.474441914191
16.29,100,0,3123.89553280213,86.1278007949225,4,1.02098293915996,0.920982939159965,332.700827633971,306.411786095287
16.3,100,0,3124.48610464563,86.1562302803566,4,1.0207924343732,0.920792434373202,332.701661808588,306.34917309674
16.31,100,0,3125.07629693178,86.1846459027168,4,1.02060205483108,0.920602054831077,332.702496976588,306.286602364078
16.32,100,0,3125.66610928947,86.2130476683434,4,1.02041180013343,0.920411800133427,332.703332796391,306.224073449517
16.33,100,0,3126.25554148645,86.2414355835257,4,1.02022166994122,0.920221669941218,332.704168996285,306.161585990166
16.34,100,0,3126.8445934009,86.2698096545122,4,1.02003166396409,0.920031663964094,332.705005360159,306.09913969069
16.35,100,0,3127.4332649988,86.2981698875185,4,1.01984178195047,0.919841781950467,332.705841716153,306.036734309516
16.36,100,0,3128.02155631601,86.3265162887334,4,1.01965202367963,0.919652023679633,332.70667792762,305.974369647864
16.37,100,0,3128.60946744388,86.3548488643239,4,1.0194623889555,0.919462388955501,332.707513885944,305.912045541015
16.38,100,0,3129.1969985179,86.3831676204388,4,1.01927287760159,0.919272877601591,332.708349504813,305.849761851366
16.39,100,0,3129.7841497086,86.4114725632124,4,1.01908348945707,0.919083489457068,332.709184715676,305.7875184629
16.4,100,0,3130.37092121437,86.4397636987666,4,1.01889422437357,0.918894224373572,332.710019464115,305.725315276794
16.41,100,0,3130.95731325568,86.4680410332129,4,1.0187050822127,0.918705082212701,332.710853706963,305.663152207913
16.42,100,0,3131.5433260705,86.4963045726541,4,1.01851606284401,0.918516062844006,332.711687410011,305.601029182029
16.43,100,0,3132.12895991069,86.5245543231856,4,1.0183271661434,0.918327166143396,332.71252054618,305.5389461336
16.44,100,0,3132.71421503909,86.5527902908962,4,1.01813839199187,0.918138391991867,332.71335309407,305.476903004012
16.45,100,0,3133.29909172717,86.5810124818691,4,1.01794974027449,0.917949740274486,332.714185036799,305.414899740167
16.46,100,0,3133.88359025328,86.6092209021825,4,1.01776121087959,0.917761210879593,332.715016361085,305.352936293373
16.47,100,0,3134.46771090108,86.6374155579098,4,1.01757280369815,0.917572803698153,332.715847056511,305.291012618448
16.48,100,0,3135.05145395847,86.6655964551206,4,1.01738451862325,0.91738451862325,332.71667711494,305.229128673017
16.49,100,0,3135.6348197166,86.6937635998804,4,1.01719635554967,0.917196355549674,332.717506530056,305.167284416942
16.5,100,0,3136.21780846914,86.7219169982514,4,1.01700831437361,0.917008314373606,332.718335296984,305.10547981188
16.51,100,0,3136.80042051174,86.7500566562923,4,1.01682039499235,0.91682039499235,332.719163412005,305.043714820919
16.52,100,0,3137.38265614149,86.7781825800586,4,1.01663259730413,0.916632597304133,332.719990872315,304.981989408298
16.53,100,0,3137.96451565661,86.8062947756028,4,1.01644492120794,0.916444921207943,332.720817675841,304.920303539179
16.54,100,0,3138.5459993561,86.8343932489744,4,1.01625736660339,0.916257366603393,332.721643821092,304.858657179466
16.55,100,0,3139.12710753955,86.86247800622,4,1.01606993339062,0.916069933390621,332.722469307039,304.797050295662
16.56,100,0,3139.70784050691,86.8905490533835,4,1.0158826214702,0.915882621470205,332.72329413302,304.735482854753
16.57,100,0,3140.28819855839,86.9186063965061,4,1.0156954307431,0.915695430743098,332.72411829867,304.673954824118
16.58,100,0,3140.86818199429,86.946650041626,4,1.01550836111058,0.915508361110577,332.724941803853,304.612466171457
16.59,100,0,3141.44779111492,86.9746799947792,4,1.0153214124742,0.915321412474196,332.725764648623,304.551016864734
16.6,100,0,3142.02702622056,87.0026962619985,4,1.01513458473576,0.915134584735756,332.726586833177,304.489606872125
16.61,100,0,3142.60588761135,87.0306988493145,4,1.01494787779728,0.914947877797282,332.727408357834,304.42823616199
16.62,100,0,3143.18437558727,87.0586877627551,4,1.01476129156099,0.914761291560994,332.728229223004,304.366904702838
16.63,100,0,3143.76249044809,87.0866630083455,4,1.01457482592929,0.914574825929292,332.72904942917,304.305612463302
16.64,100,0,3144.34023249337,87.1146245921086,4,1.01438848080475,0.914388480804748,332.729868976875,304.244359412128
16.65,100,0,3144.91760202237,87.1425725200643,4,1.01420225609009,0.914202256090087,332.73068786671,304.183145518153
16.66,100,0,3145.4945993341,87.1705067982304,4,1.01401615168819,0.914016151688186,332.731506099299,304.121970750295
16.67,100,0,3146.07122472729,87.1984274326219,4,1.01383016750206,0.913830167502059,332.732323675298,304.060835077547
16.68,100,0,3146.64747850035,87.2263344292513,4,1.01364430343486,0.913644303434859,332.733140595386,303.999738468965
16.69,100,0,3147.22336095137,87.2542277941286,4,1.01345855938987,0.913458559389868,332.733956860258,303.938680893662
16.7,100,0,3147.79887237813,87.2821075332612,4,1.0132729352705,0.913272935270496,332.734772470625,303.877662320808
16.71,100,0,3148.37401307809,87.3099736526542,4,1.01308743098028,0.913087430980279,332.735587427208,303.816682719623
16.72,100,0,3148.94878334837,87.33782615831,4,1.01290204642287,0.912902046422872,332.736401730735,303.755742059371
16.73,100,0,3149.52318348576,87.3656650562284,4,1.01271678150205,0.912716781502054,332.737215381945,303.694840309364
16.74,100,0,3150.09721378672,87.3934903524068,4,1.01253163612172,0.912531636121718,332.738028381576,303.633977438954
16.75,100,0,3150.67087454736,87.4213020528402,4,1.01234661018588,0.912346610185877,332.738840730373,303.573153417534
16.76,100,0,3151.24416606347,87.4491001635209,4,1.01216170359866,0.91216170359866,332.739652429084,303.512368214539
16.77,100,0,3151.81706432469,87.4768847321627,4,1.01198556570473,0.911985565704729,332.741007303081,303.454995778462
16.78,100,0,3152.38845820453,87.5046578351544,4,1.01186981433376,0.911869814333765,332.745685044735,303.420746042104
16.79,100,0,3152.957912085,87.5324207216244,4,1.01175368100291,0.911753681002913,332.749569162899,303.385644536406
16.8,100,0,3153.52574980454,87.5601732934848,4,1.0116372539819,0.911637253981899,332.752816785247,303.349864148845
16.81,100,0,3154.0922310944,87.5879154726924,4,1.01152060404293,0.911520604042933,332.75555389319,303.313543483361
16.82,100,0,3154.65756428534,87.6156471972747,4,1.0114037879299,0.911403787929898,332.757881499129,303.276793661835
16.83,100,0,3155.22191649433,87.6433684181435,4,1.01128685113927,0.911286851139269,332.759880598103,303.239703775724
16.84,100,0,3155.78542179116,87.671079096541,4,1.01116983014938,0.911169830149381,332.761616136997,303.202345255781
16.85,100,0,3156.34818774583,87.698779201993,4,1.01105275420756,0.911052754207561,332.763140196314,303.164775374609
16.86,100,0,3156.91030067793,87.7264687106665,4,1.01093564676285,0.910935646762854,332.764494540759,303.1270400542
16.87,100,0,3157.47182986545,87.7541476040545,4,1.01081852661468,0.910818526614683,332.765712663902,303.089176116421
16.88,100,0,3158.03283091945,87.7818158679208,4,1.0107014088338,0.910701408833797,332.766821427337,303.05121308702
16.89,100,0,3158.59334849,87.809473491454,4,1.01058430550068,0.910584305500677,332.767842374774,303.013174641792
16.9,100,0,3159.15341843595,87.8371204665891,4,1.01046722629761,0.910467226297614,332.768792785594,302.975079765905
16.91,100,0,3159.71306956494,87.864756787464,4,1.01035017898347,0.910350178983474,332.769686519525,302.936943683324
16.92,100,0,3160.2723250287,87.8923824499833,4,1.0102331697744,0.910233169774401,332.770534693904,302.898778601955
16.93,100,0,3160.83120344212,87.9199974514683,4,1.01011620364913,0.910116203649126,332.771346226704,302.860594311057
16.94,100,0,3161.38971978066,87.947601790377,4,1.00999928459381,0.909999284593807,332.77212827197,302.822398660251
16.95,100,0,3161.94788610018,87.9751954660787,4,1.00988241579839,0.909882415798389,332.772886568975,302.784197943582
16.96,100,0,3162.50571211422,88.0027784786741,4,1.0097655998141,0.909765599814096,332.773625722226,302.745997207493
16.97,100,0,3163.06320565711,88.0303508288505,4,1.00964883867975,0.909648838679751,332.774349426006,302.707800497776
16.98,100,0,3163.62037305543,88.0579125177653,4,1.00953213402309,0.909532134023092,332.775060644451,302.669611057612
16.99,100,0,3164.17721942594,88.0854635469536,4,1.00941548714205,0.909415487142046,332.775761755985,302.631431486384
17,100,0,3164.73374891464,88.1130039182532,4,1.00929889906992,0.909298899069924,332.77645466915,302.593263867051
17.01,100,0,3165.28996488851,88.1405336337446,4,1.00918237062772,0.909182370627723,332.777140915527,302.555109868294
17.02,100,0,3165.8458700894,88.1680526957034,4,1.00906590246608,0.909065902466078,332.777821724255,302.516970826456
17.03,100,0,3166.40146675742,88.1955611065612,4,1.00894949509893,0.90894949509893,332.778498081821,302.478847811251
17.04,100,0,3166.95675672999,88.2230588688751,4,1.00883314893053,0.908833148930528,332.779170780008,302.440741678484
17.05,100,0,3167.51174152134,88.2505459853025,4,1.0087168642771,0.908716864277103,332.779840454374,302.402653112333
17.06,100,0,3168.0664223862,88.2780224585817,4,1.00860064138425,0.90860064138425,332.780507615115,302.36458265927
17.07,100,0,3168.62080037104,88.3054882915155,4,1.00848448044088,0.908484480440882,332.781172671825,302.32653075527
17.08,100,0,3169.17487635512,88.3329434869585,4,1.00836838159043,0.908368381590425,332.781835953365,302.288497747648
17.09,100,0,3169.72865108341,88.3603880478069,4,1.00825234493981,0.908252344939806,332.782497723806,302.250483912572
17.1,100,0,3170.28212519305,88.3878219769902,4,1.00813637056666,0.908136370566655,332.783158195219,302.212489469115
17.11,100,0,3170.83529923461,88.4152452774646,4,1.0080204585251,0.908020458525101,332.783817537936,302.17451459053
17.12,100,0,3171.38817368908,88.4426579522077,4,1.00790460885041,0.90790460885041,332.784475888793,302.136559413304
17.13,100,0,3171.94074898158,88.4700600042138,4,1.00778882156271,0.907788821562714,332.785133357735,302.098624044409
17.14,100,0,3172.4930254923,88.4974514364915,4,1.00767309667,0.907673096670002,332.785790033121,302.060708567136
17.15,100,0,3173.04500356537,88.5248322520597,4,1.00755743417053,0.907557434170527,332.786445985983,302.022813045768
17.16,100,0,3173.59668351586,88.5522024539464,4,1.00744183405473,0.907441834054726,332.787101273445,301.984937529331
17.17,100,0,3174.14806563553,88.5795620451865,4,1.00732629630677,0.907326296306774,332.78775594146,301.947082054607
17.18,100,0,3174.69915019734,88.6069110288201,4,1.00721082090582,0.907210820905823,332.788410027017,301.909246648554
17.19,100,0,3175.24993745912,88.634249407892,4,1.007095407827,0.907095407826998,332.789063559906,301.871431330238
17.2,100,0,3175.80042766653,88.6615771854504,4,1.00698005704221,0.906980057042206,332.789716564135,301.833636112398
17.21,100,0,3176.3506210554,88.6888943645461,4,1.00686476852077,0.906864768520768,332.790369059072,301.795861002696
17.22,100,0,3176.90051785365,88.7162009482322,4,1.00674954222994,0.906749542229943,332.791021060358,301.758106004715
17.23,100,0,3177.45011828275,88.7434969395632,4,1.00663437813534,0.906634378135338,332.791672580639,301.720371118767
17.24,100,0,3177.99942255903,88.7707823415951,4,1.00651927620125,0.906519276201246,332.79232363016,301.682656342543
17.25,100,0,3178.5484308946,88.7980571573848,4,1.00640423639091,0.906404236390907,332.792974217232,301.644961671629
17.26,100,0,3179.09714349816,88.8253213899899,4,1.00628925866673,0.906289258666727,332.793624348617,301.607287099921
17.27,100,0,3179.64556057561,88.8525750424685,4,1.00617434299045,0.906174342990451,332.794274029832,301.569632619967
17.28,100,0,3180.19368233059,88.8798181178792,4,1.0060594893233,0.906059489323295,332.794923265391,301.531998223226
17.29,100,0,3180.74150896489,88.9070506192806,4,1.00594469762607,0.905944697626068,332.795572059008,301.494383900292
17.3,100,0,3181.28904067875,88.9342725497318,4,1.00582996785925,0.905829967859248,332.796220413747,301.456789641064
17.31,100,0,3181.83627767114,88.9614839122915,4,1.00571529998307,0.905715299983067,332.796868332155,301.419215434883
17.32,100,0,3182.38322013996,88.9886847100188,4,1.00560069395756,0.905600693957559,332.797515816364,301.381661270651
17.33,100,0,3182.92986828225,89.0158749459725,4,1.00548614974261,0.90548614974261,332.798162868166,301.34412713691
17.34,100,0,3183.47622229426,89.0430546232113,4,1.00537166729799,0.905371667297994,332.798809489088,301.306613021923
17.35,100,0,3184.02228237162,89.0702237447939,4,1.00525724658341,0.905257246583406,332.799455680438,301.26911891373
17.36,100,0,3184.56804870941,89.0973823137788,4,1.00514288755848,0.905142887558482,332.800101443352,301.231644800191
17.37,100,0,3185.11352150222,89.1245303332241,4,1.00502859018282,0.905028590182818,332.800746778823,301.194190669027
17.38,100,0,3185.65870094419,89.151667806188,4,1.00491435441599,0.904914354415991,332.801391687733,301.156756507849
17.39,100,0,3186.20358722913,89.1787947357283,4,1.00480018021756,0.904800180217563,332.802036170875,301.119342304179
17.4,100,0,3186.74818055047,89.2059111249026,4,1.0046860675471,0.9046860675471,332.802680228965,301.081948045477
17.41,100,0,3187.29248110133,89.2330169767682,4,1.00457201636417,0.904572016364171,332.803323862664,301.044573719148
17.42,100,0,3187.83648907456,89.2601122943823,4,1.00445802662836,0.904458026628364,332.803967072583,301.00721931256
17.43,100,0,3188.38020466273,89.2871970808017,4,1.00434409829928,0.904344098299281,332.804609859297,300.96988481305
17.44,100,0,3188.92362805815,89.3142713390831,4,1.00423023133655,0.90423023133655,332.805252223349,300.932570207937
17.45,100,0,3189.4667594529,89.3413350722827,4,1.00411642569982,0.904116425699824,332.805894165256,300.895275484525
17.46,100,0,3190.00959903882,89.3683882834566,4,1.00400268134879,0.904002681348787,332.806535685516,300.858000630108
17.47,100,0,3190.55214700753,89.3954309756607,4,1.00388899824315,0.903888998243152,332.807176784612,300.820745631975
17.48,100,0,3191.09440355044,89.4224631519505,4,1.00377537634267,0.903775376342666,332.807817463012,300.783510477415
17.49,100,0,3191.63636885875,89.4494848153811,4,1.00366181560711,0.90366181560711,332.808457721173,300.746295153717
17.5,100,0,3192.17804312344,89.4764959690077,4,1.0035483159963,0.903548315996299,332.809097559545,300.709099648175
17.51,100,0,3192.7194265353,89.5034966158849,4,1.00343487747009,0.903434877470087,332.809736978568,300.671923948084
17.52,100,0,3193.26051928491,89.5304867590672,4,1.00332149998836,0.903321499988362,332.810375978679,300.634768040751
17.53,100,0,3193.80132156267,89.5574664016087,4,1.00320818351105,0.90320818351105,332.811014560308,300.597631913486
17.54,100,0,3194.34183355878,89.5844355465634,4,1.00309492799811,0.903094927998115,332.811652723883,300.560515553609
17.55,100,0,3194.88205546323,89.6113941969848,4,1.00298173340956,0.902981733409558,332.812290469826,300.523418948449
17.56,100,0,3195.42198746584,89.6383423559262,4,1.00286859970542,0.902868599705421,332.812927798559,300.486342085347
17.57,100,0,3195.96162975622,89.6652800264408,4,1.00275552684578,0.902755526845781,332.813564710499,300.449284951649
17.58,100,0,3196.5009825238,89.6922072115813,4,1.00264251479076,0.902642514790755,332.814201206063,300.412247534717
17.59,100,0,3197.04004595783,89.7191239144002,4,1.0025295635005,0.9025295635005,332.814837285665,300.375229821921
17.6,100,0,3197.57882024736,89.7460301379497,4,1.00241667293521,0.902416672935209,332.815472949718,300.338231800643
17.61,100,0,3198.11730558125,89.7729258852819,4,1.00230384305511,0.902303843055115,332.816108198633,300.301253458274
17.62,100,0,3198.65550214818,89.7998111594482,4,1.00219107382049,0.902191073820491,332.816743032821,300.264294782219
17.63,100,0,3199.19341013665,89.8266859635003,4,1.00207836519165,0.902078365191647,332.817377452689,300.227355759893
17.64,100,0,3199.73238854778,89.8535501727916,4,1.002,0.902,332.798052259503,300.183843138072
17.65,100,0,3200.29174553145,89.8804022975524,4,1.002,0.902,332.744361288765,300.135413882466
17.66,100,0,3200.87224795754,89.9072433092601,4,1.002,0.902,332.704381088624,300.099351741939
17.67,100,0,3201.46848975897,89.9340745927996,4,1.002,0.902,332.674637063905,300.072522631642
17.68,100,0,3202.07643448743,89.9608971820717,4,1.002,0.902,332.652536664647,300.052588071512
17.69,100,0,3202.69306777344,89.9877118490556,4,1.002,0.902,332.636144916229,300.037802714439
17.7,100,0,3203.31613817419,90.0145191702198,4,1.002,0.902,332.624017291793,300.026863597197
17.71,100,0,3203.94396385321,90.041319576064,4,1.002,0.902,332.615075189935,300.018797821321
17.72,100,0,3204.57528832305,90.0681133880866,4,1.002,0.902,332.608513105182,300.012878820875
17.73,100,0,3205.2091727715,90.094900846378,4,1.002,0.902,332.603729394965,300.008563914259
17.74,100,0,3205.84491567685,90.1216821302203,4,1.002,0.902,332.600274627296,300.005447713821
17.75,100,0,3206.48199278516,90.1484573734695,4,1.002,0.902,332.597813034113,300.00322735677
17.76,100,0,3207.12001228505,90.1752266760416,4,1.002,0.902,332.596093738483,300.001676552112
17.77,100,0,3207.75868132735,90.2019901124938,4,1.002,0.902,332.594929273319,300.000626204534
17.78,100,0,3208.39778101545,90.2287477384324,4,1.002,0.902,332.594179541249,299.999949946206
17.79,100,0,3209.03714772114,90.2554995953018,4,1.002,0.902,332.593739835701,299.999553331803
17.8,100,0,3209.67665912466,90.2822457139614,4,1.002,0.902,332.593531893848,299.99936576825
17.81,100,0,3210.31622378344,90.3089861173592,4,1.002,0.902,332.593497213258,299.999334486358
17.82,100,0,3210.95577333695,90.335720822529,4,1.002,0.902,332.593592059025,299.99942003724
17.83,100,0,3211.5952566808,90.3624498420837,4,1.002,0.902,332.593783733391,299.999592927519
17.84,100,0,3212.23463561245,90.3891731853311,4,1.002,0.902,332.594047788395,299.999831105133
17.85,100,0,3212.87388157635,90.415890859108,4,1.002,0.902,332.594365942951,300.000118080541
17.86,100,0,3213.51297323083,90.4426028684036,4,1.002,0.902,332.594724526203,300.000441522635
17.87,100,0,3214.15189462904,90.4693092168257,4,1.002,0.902,332.595113314091,300.00079220931
17.88,100,0,3214.79063385892,90.4960099069496,4,1.002,0.902,332.595524659724,300.001163243071
17.89,100,0,3215.4291820263,90.5227049405779,4,1.002,0.902,332.595952843308,300.001549464664
17.9,100,0,3216.0675324944,90.5493943189363,4,1.002,0.902,332.596393586173,300.001947014728
17.91,100,0,3216.70568031515,90.5760780428188,4,1.002,0.902,332.596843687429,300.002353006061
17.92,100,0,3217.34362180387,90.6027561126967,4,1.002,0.902,332.597300752297,300.002765278572
17.93,100,0,3217.98135422109,90.6294285288003,4,1.002,0.902,332.597762988968,300.003182216049
17.94,100,0,3218.61887553465,90.6560952911799,4,1.002,0.902,332.598229056679,300.003602609124
17.95,100,0,3219.25618424161,90.6827563997513,4,1.002,0.902,332.598697952104,300.004025552798
17.96,100,0,3219.8932792351,90.7094118543298,4,1.002,0.902,332.599168924377,300.004450369788
17.97,100,0,3220.53015970467,90.7360616546562,4,1.002,0.902,332.599641411528,300.004876553198
17.98,100,0,3221.16682506171,90.7627058004154,4,1.002,0.902,332.600114992935,300.005303723627
17.99,100,0,3221.80327488368,90.7893442912511,4,1.002,0.902,332.600589353753,300.005731597085
18,100,0,3222.43950887233,90.8159771267761,4,1.002,0.902,332.6010642583,300.006159960987
18.01,100,0,3223.07552682246,90.8426043065807,4,1.002,0.902,332.601539530146,300.006588656191
18.02,100,0,3223.71132859853,90.8692258302385,4,1.002,0.902,332.602015037209,300.007017563563
18.03,100,0,3224.34691411715,90.8958416973107,4,1.002,0.902,332.602490680609,300.007446593909
18.04,100,0,3224.98228333396,90.92245190735,4,1.002,0.902,332.602966386317,300.007875680458
18.05,100,0,3225.61743623384,90.9490564599026,4,1.002,0.902,332.603442098913,300.008304773219
18.06,100,0,3226.25237282353,90.9756553545101,4,1.002,0.902,332.60391777691,300.008733834773
18.07,100,0,3226.88709312619,91.0022485907113,4,1.002,0.902,332.604393389254,300.009162837107
18.08,100,0,3227.5215971772,91.0288361680431,4,1.002,0.902,332.604868912701,300.009591759257
18.09,100,0,3228.15588502112,91.055418086041,4,1.002,0.902,332.605344329863,300.010020585536
18.1,100,0,3228.7899567094,91.0819943442399,4,1.002,0.902,332.605819627728,300.010449304211
18.11,100,0,3229.42381229858,91.1085649421747,4,1.002,0.902,332.606294796572,300.010877906508
18.12,100,0,3230.05745184909,91.1351298793805,4,1.002,0.902,332.606769829125,300.011306385871
18.13,100,0,3230.69087542418,91.1616891553926,4,1.002,0.902,332.607244719964,300.011734737408
18.14,100,0,3231.32408308925,91.1882427697472,4,1.002,0.902,332.607719465042,300.012162957468
18.15,100,0,3231.95707491132,91.2147907219811,4,1.002,0.902,332.608194061348,300.012591043335
18.16,100,0,3232.58985095856,91.241333011632,4,1.002,0.902,332.608668506643,300.013018992992
18.17,100,0,3233.22241130003,91.2678696382385,4,1.002,0.902,332.609142799274,300.013446804945
18.18,100,0,3233.85475600545,91.2944006013402,4,1.002,0.902,332.609616938017,300.013874478092
18.19,100,0,3234.48688514501,91.3209259004778,4,1.002,0.902,332.610090921979,300.014302011625
18.2,100,0,3235.11879878924,91.347445535193,4,1.002,0.902,332.610564750507,300.014729404957
18.21,100,0,3235.75049700894,91.3739595050288,4,1.002,0.902,332.611038423134,300.015156657667
18.22,100,0,3236.38197987508,91.4004678095289,4,1.002,0.902,332.611511939529,300.015583769455
18.23,100,0,3237.01324745875,91.4269704482386,4,1.002,0.902,332.611985299466,300.016010740118
18.24,100,0,3237.64429983114,91.453467420704,4,1.002,0.902,332.612458502793,300.016437569519
18.25,100,0,3238.27513706349,91.4799587264726,4,1.002,0.902,332.612931549418,300.016864257575
18.26,100,0,3238.90575922705,91.5064443650928,4,1.002,0.902,332.613404439291,300.01729080424
18.27,100,0,3239.53616639312,91.5329243361143,4,1.002,0.902,332.613877172395,300.0177172095
18.28,100,0,3240.16635863299,91.559398639088,4,1.002,0.902,332.614349748739,300.018143473362
18.29,100,0,3240.79633601792,91.585867273566,4,1.002,0.902,332.614822168346,300.018569595848
18.3,100,0,3241.42609861918,91.6123302391012,4,1.002,0.902,332.615294431258,300.018995576994
18.31,100,0,3242.05564650801,91.6387875352482,4,1.002,0.902,332.615766537523,300.019421416845
18.32,100,0,3242.68497975563,91.6652391615624,4,1.002,0.902,332.616238487198,300.019847115452
18.33,100,0,3243.31409843324,91.6916851176004,4,1.002,0.902,332.616710280346,300.020272672873
18.34,100,0,3243.94300261199,91.7181254029202,4,1.002,0.902,332.617181917035,300.020698089166
18.35,100,0,3244.571692363,91.7445600170806,4,1.002,0.902,332.617653397335,300.021123364396
18.36,100,0,3245.20016775739,91.7709889596418,4,1.002,0.902,332.618124721317,300.021548498628
18.37,100,0,3245.82842886621,91.7974122301653,4,1.002,0.902,332.618595889057,300.02197349193
18.38,100,0,3246.4564757605,91.8238298282135,4,1.002,0.902,332.619066900631,300.022398344369
18.39,100,0,3247.08430851124,91.8502417533499,4,1.002,0.902,332.619537756113,300.022823056014
18.4,100,0,3247.7119271894,91.8766480051396,4,1.002,0.902,332.620008455583,300.023247626936
18.41,100,0,3248.3393318659,91.9030485831484,4,1.002,0.902,332.620478999117,300.023672057203
18.42,100,0,3248.96652261163,91.9294434869436,4,1.002,0.902,332.620949386794,300.024096346888
18.43,100,0,3249.59349949745,91.9558327160933,4,1.002,0.902,332.621419618691,300.024520496059
18.44,100,0,3250.22026259417,91.9822162701672,4,1.002,0.902,332.621889694889,300.02494450479
18.45,100,0,3250.84681197258,92.0085941487359,4,1.002,0.902,332.622359615463,300.025368373148
18.46,100,0,3251.47314770342,92.0349663513711,4,1.002,0.902,332.622829380496,300.025792101207
18.47,100,0,3252.0992698574,92.0613328776458,4,1.002,0.902,332.623298990062,300.026215689036
18.48,100,0,3252.72517850521,92.0876937271343,4,1.002,0.902,332.623768444243,300.026639136707
18.49,100,0,3253.35087371748,92.1140488994116,4,1.002,0.902,332.624237743115,300.02706244429
18.5,100,0,3253.9763555648,92.1403983940545,4,1.002,0.902,332.624706886759,300.027485611856
18.51,100,0,3254.60162411776,92.1667422106403,4,1.002,0.902,332.625175875251,300.027908639476
18.52,100,0,3255.22667944689,92.193080348748,4,1.002,0.902,332.625644708671,300.028331527221
18.53,100,0,3255.85152162267,92.2194128079575,4,1.002,0.902,332.626113387096,300.028754275161
18.54,100,0,3256.47615071558,92.2457395878498,4,1.002,0.902,332.626581910605,300.029176883366
18.55,100,0,3257.10056679604,92.2720606880072,4,1.002,0.902,332.627050279276,300.029599351907
18.56,100,0,3257.72476993443,92.2983761080132,4,1.002,0.902,332.627518493188,300.030021680855
18.57,100,0,3258.34876020112,92.3246858474523,4,1.002,0.902,332.627986552417,300.03044387028
18.58,100,0,3258.97253766643,92.3509899059103,4,1.002,0.902,332.628454457041,300.030865920251
18.59,100,0,3259.59610240063,92.3772882829739,4,1.002,0.902,332.628922207139,300.03128783084
18.6,100,0,3260.21945447398,92.4035809782314,4,1.002,0.902,332.629389802788,300.031709602115
18.61,100,0,3260.84259395668,92.4298679912719,4,1.002,0.902,332.629857244066,300.032131234148
18.62,100,0,3261.46552091893,92.4561493216857,4,1.002,0.902,332.63032453105,300.032552727007
18.63,100,0,3262.08823543086,92.4824249690645,4,1.002,0.902,332.630791663817,300.032974080763
18.64,100,0,3262.71073756258,92.5086949330008,4,1.002,0.902,332.631258642445,300.033395295486
18.65,100,0,3263.33302738416,92.5349592130885,4,1.002,0.902,332.631725467011,300.033816371244
18.66,100,0,3263.95510496564,92.5612178089225,4,1.002,0.902,332.632192137592,300.034237308108
18.67,100,0,3264.57697037703,92.5874707200992,4,1.002,0.902,332.632658654265,300.034658106147
18.68,100,0,3265.19862368828,92.6137179462156,4,1.002,0.902,332.633125017106,300.035078765429
18.69,100,0,3265.82006496934,92.6399594868703,4,1.002,0.902,332.633591226193,300.035499286026
18.7,100,0,3266.4412942901,92.6661953416629,4,1.002,0.902,332.634057281602,300.035919668005
18.71,100,0,3267.06231172043,92.6924255101942,4,1.002,0.902,332.63452318341,300.036339911436
18.72,100,0,3267.68311733015,92.718649992066,4,1.002,0.902,332.634988931694,300.036760016388
18.73,100,0,3268.30371118906,92.7448687868814,4,1.002,0.902,332.63545452653,300.03717998293
18.74,100,0,3268.92409336691,92.7710818942446,4,1.002,0.902,332.635919967993,300.03759981113
18.75,100,0,3269.54426393344,92.7972893137611,4,1.002,0.902,332.636385256162,300.038019501058
18.76,100,0,3270.16422295832,92.8234910450373,4,1.002,0.902,332.636850391111,300.038439052782
18.77,100,0,3270.78397051121,92.8496870876808,4,1.002,0.902,332.637315372916,300.03885846637
18.78,100,0,3271.40350666175,92.8758774413006,4,1.002,0.902,332.637780201654,300.039277741892
18.79,100,0,3272.0228314795,92.9020621055066,4,1.002,0.902,332.638244877401,300.039696879415
18.8,100,0,3272.64194503402,92.9282410799099,4,1.002,0.902,332.638709400231,300.040115879009
18.81,100,0,3273.26084739483,92.9544143641227,4,1.002,0.902,332.639173770222,300.04053474074
18.82,100,0,3273.87953863141,92.9805819577586,4,1.002,0.902,332.639637987448,300.040953464678
18.83,100,0,3274.49801881321,93.006743860432,4,1.002,0.902,332.640102051986,300.041372050891
18.84,100,0,3275.11628800964,93.0329000717586,4,1.002,0.902,332.640565963909,300.041790499446
18.85,100,0,3275.73386149515,93.0590506503489,4,1.0019950418471,0.901995041847102,332.644404877277,300.043603897484
18.86,100,0,3276.34912669782,93.0851957523684,4,1.00198694089374,0.901986940893738,332.649275563558,300.045302456092
18.87,100,0,3276.96242701598,93.1113352621312,4,1.00197879603048,0.901978796030481,332.653094914437,300.046038046737
18.88,100,0,3277.57418069232,93.1374690705225,4,1.00197061847489,0.901970618474885,332.656114572832,300.04604140071
18.89,100,0,3278.18470587181,93.1635970945059,4,1.00196241675818,0.901962416758178,332.658525904668,300.045487980187
18.9,100,0,3278.79424457676,93.1897192708773,4,1.00195419736891,0.901954197368909,332.660474444666,300.044511224099
18.91,100,0,3279.40298093626,93.2158355515157,4,1.00194596524229,0.90194596524229,332.662070878754,300.043212618237
18.92,100,0,3280.01105504774,93.2419458997721,4,1.00193772413224,0.901937724132241,332.663399393592,300.041669351151
18.93,100,0,3280.61857351763,93.2680502877234,4,1.00192947689426,0.90192947689426,332.664524024575,300.039940134763
18.94,100,0,3281.22561747711,93.2941486940841,4,1.00192122570053,0.90192122570053,332.665493482329,300.038069629854
18.95,100,0,3281.83224867825,93.3202411026183,4,1.00191297220348,0.901912972203477,332.666344822511,300.036091810938
18.96,100,0,3282.43851413037,93.3463275009317,4,1.00190471766016,0.901904717660159,332.667106236293,300.034032524866
18.97,100,0,3283.04444962646,93.3724078795531,4,1.00189646302687,0.90189646302687,332.667799172311,300.031911436441
18.98,100,0,3283.65008242556,93.3984822312354,4,1.00188820903108,0.901888209031083,332.668439950357,300.029743507991
18.99,100,0,3284.25543329319,93.4245505504245,4,1.00187995622618,0.901879956226181,332.669040988608,300.027540124612
19,100,0,3284.86051805365,93.4506128328543,4,1.00187170503309,0.901871705033086,332.669611737027,300.025309949967
19.01,100,0,3285.46534877095,93.4766690752394,4,1.00186345577192,0.901863455771923,332.670159387301,300.023059577227
19.02,100,0,3286.06993464731,93.5027192750411,4,1.00185520868612,0.901855208686116,332.670689412875,300.020794024203
19.03,100,0,3286.67428270682,93.5287634302891,4,1.00184696396072,0.901846963960718,332.671205979755,300.018517109992
19.04,100,0,3287.27839831573,93.5548015394462,4,1.00183872173635,0.901838721736352,332.671712259025,300.016231741523
19.05,100,0,3287.88228557826,93.5808336013049,4,1.00183048211983,0.90183048211983,332.672210664626,300.013940131549
19.06,100,0,3288.48594763795,93.6068596149092,4,1.00182224519222,0.901822245192224,332.672703034252,300.011643964515
19.07,100,0,3289.08938690695,93.6328795794945,4,1.00181401101501,0.901814011015014,332.673190767016,300.009344522765
19.08,100,0,3289.69260524055,93.6588934944427,4,1.00180577963476,0.901805779634764,332.673674928189,300.007042782577
19.09,100,0,3290.29560407004,93.6849013592469,4,1.00179755108668,0.901797551086682,332.674156328921,300.004739487249
19.1,100,0,3290.89838450383,93.7109031734856,4,1.00178932539733,0.901789325397332,332.674635586906,300.002435202719
19.11,100,0,3291.50094740448,93.7368989368025,4,1.00178110258669,0.901781102586693,332.675113172558,300.000130359902
19.12,100,0,3292.10329344729,93.762888648891,4,1.00177288266973,0.901772882669731,332.675589444153,299.997825286906
19.13,100,0,3292.70542316493,93.7888723094829,4,1.0017646656576,0.901764665657597,332.676064674588,299.995520233565
19.14,100,0,3293.30733698142,93.8148499183394,4,1.00175645155853,0.901756451558534,332.676539071743,299.993215390109
19.15,100,0,3293.90903523805,93.8408214752442,4,1.00174824037857,0.901748240378569,332.677012793988,299.990910901377
19.16,100,0,3294.51051821304,93.8667869799987,4,1.00174003212205,0.901740032122046,332.677485961986,299.988606877643
19.17,100,0,3295.11178613655,93.8927464324178,4,1.00173182679202,0.901731826792023,332.677958667683,299.986303402851
19.18,100,0,3295.71283920216,93.9186998323272,4,1.00172362439058,0.901723624390581,332.678430981155,299.984000540898
19.19,100,0,3296.31367757553,93.9446471795607,4,1.00171542491905,0.901715424919053,332.678902955812,299.981698340404
19.2,100,0,3296.91430140105,93.970588473959,4,1.00170722837821,0.901707228378208,332.679374632375,299.979396838354
19.21,100,0,3297.51471080688,93.996523715368,4,1.00169903476838,0.90169903476838,332.679846041894,299.977096062869
19.22,100,0,3298.11490590884,94.022452903638,4,1.00169084408958,0.901690844089575,332.680317208055,299.974796035319
19.23,100,0,3298.71488681328,94.0483760386227,4,1.00168265634155,0.901682656341549,332.680788148929,299.972496771927
19.24,100,0,3299.31465361938,94.0742931201789,4,1.00167447152387,0.901674471523865,332.681258878312,299.970198284996
19.25,100,0,3299.9142064208,94.1002041481659,4,1.00166628963594,0.901666289635943,332.681729406738,299.967900583842
19.26,100,0,3300.51354530701,94.1261091224452,4,1.00165811067709,0.901658110677089,332.682199742262,299.965603675506
19.27,100,0,3301.11267036426,94.1520080428802,4,1.00164993464653,0.901649934646528,332.682669891041,299.96330756529
19.28,100,0,3301.71158167634,94.1779009093361,4,1.00164176154342,0.90164176154342,332.683139857795,299.961012257178
19.29,100,0,3302.31027932518,94.2037877216796,4,1.00163359136687,0.901633591366875,332.683609646138,299.958717754143
19.3,100,0,3302.90876339123,94.2296684797791,4,1.00162542411597,0.901625424115966,332.684079258851,299.956424058391
19.31,100,0,3303.50703395386,94.2555431835039,4,1.00161725978974,0.901617259789741,332.684548698074,299.954131171544
19.32,100,0,3304.10509109156,94.2814118327252,4,1.00160909838722,0.901609098387222,332.685017965459,299.951839094774
19.33,100,0,3304.70293488216,94.3072744273151,4,1.00160093990742,0.90160093990742,332.685487062288,299.949547828916
19.34,100,0,3305.30056540299,94.3331309671469,4,1.00159278434933,0.901592784349328,332.685955989559,299.947257374544
19.35,100,0,3305.89798273096,94.3589814520954,4,1.00158463171194,0.901584631711936,332.686424748053,299.944967732034
19.36,100,0,3306.49518694267,94.3848258820363,4,1.00157648199422,0.901576481994223,332.686893338389,299.942678901612
19.37,100,0,3307.09217811447,94.4106642568465,4,1.00156833519516,0.901568335195165,332.687361761058,299.940390883388
19.38,100,0,3307.68895632252,94.4364965764042,4,1.00156019131373,0.901560191313732,332.687830016455,299.938103677385
19.39,100,0,3308.28552164279,94.4623228405885,4,1.00155205034889,0.901552050348894,332.688298104903,299.93581728356
19.4,100,0,3308.88187415114,94.4881430492799,4,1.00154391229962,0.901543912299616,332.68876602667,299.933531701816
19.41,100,0,3309.47801392331,94.5139572023598,4,1.00153577716487,0.901535777164865,332.689233781978,299.931246932019
19.42,100,0,3310.07394103495,94.5397652997108,4,1.00152764494361,0.901527644943605,332.689701371022,299.928962974008
19.43,100,0,3310.66965556162,94.5655673412166,4,1.0015195156348,0.9015195156348,332.690168793965,299.926679827596
19.44,100,0,3311.26515757882,94.5913633267619,4,1.00151138923741,0.901511389237414,332.690636050957,299.924397492578
19.45,100,0,3311.86044716198,94.6171532562328,4,1.00150326575041,0.90150326575041,332.691103142132,299.922115968738
19.46,100,0,3312.45552438647,94.6429371295162,4,1.00149514517275,0.901495145172751,332.69157006761,299.919835255851
19.47,100,0,3313.05038932761,94.6687149465002,4,1.0014870275034,0.901487027503401,332.692036827507,299.917555353681
19.48,100,0,3313.64504206067,94.6944867070741,4,1.00147891274133,0.901478912741325,332.692503421929,299.91527626199
19.49,100,0,3314.23948266087,94.7202524111281,4,1.00147080088549,0.901470800885487,332.692969850979,299.912997980534
19.5,100,0,3314.8337112034,94.7460120585538,4,1.00146269193485,0.90146269193485,332.693436114756,299.910720509063
19.51,100,0,3315.42772776337,94.7717656492435,4,1.00145458588838,0.901454585888381,332.693902213354,299.908443847329
19.52,100,0,3316.02153241587,94.7975131830909,4,1.00144648274505,0.901446482745046,332.694368146868,299.906167995079
19.53,100,0,3316.61512523596,94.8232546599908,4,1.00143838250381,0.901438382503808,332.694833915388,299.90389295206
19.54,100,0,3317.20850629865,94.8489900798388,4,1.00143028516364,0.901430285163637,332.695299519005,299.901618718018
19.55,100,0,3317.80167567888,94.8747194425319,4,1.0014221907235,0.901422190723498,332.695764957808,299.899345292697
19.56,100,0,3318.3946334516,94.9004427479682,4,1.00141409918236,0.901414099182359,332.696230231885,299.897072675841
19.57,100,0,3318.98737969167,94.9261599960466,4,1.00140601053919,0.901406010539188,332.696695341324,299.894800867194
19.58,100,0,3319.57991447396,94.9518711866673,4,1.00139792479295,0.901397924792953,332.697160286211,299.892529866499
19.59,100,0,3320.17223787326,94.9775763197316,4,1.00138984194262,0.901389841942624,332.697625066634,299.890259673499
19.6,100,0,3320.76434996434,95.003275395142,4,1.00138176198717,0.90138176198717,332.698089682678,299.887990287938
19.61,100,0,3321.35625082192,95.0289684128017,4,1.00137368492556,0.901373684925561,332.69855413443,299.885721709558
19.62,100,0,3321.9479405207,95.0546553726154,4,1.00136561075677,0.901365610756769,332.699018421976,299.883453938102
19.63,100,0,3322.53941913532,95.0803362744888,4,1.00135753947976,0.901357539479763,332.6994825454,299.881186973312
19.64,100,0,3323.1306867404,95.1060111183284,4,1.00134947109352,0.901349471093516,332.699946504789,299.878920814932
19.65,100,0,3323.7217434105,95.1316799040422,4,1.001341405597,0.901341405597,332.700410300227,299.876655462705
19.66,100,0,3324.31258922015,95.157342631539,4,1.00133334298919,0.901333342989188,332.700873931799,299.874390916373
19.67,100,0,3324.90322424385,95.1829993007289,4,1.00132528326905,0.901325283269052,332.701337399591,299.872127175679
19.68,100,0,3325.49364855606,95.2086499115228,4,1.00131722643557,0.901317226435568,332.701800703687,299.869864240367
19.69,100,0,3326.0838622312,95.2342944638331,4,1.00130917248771,0.901309172487709,332.702263844172,299.867602110178
19.7,100,0,3326.67386534363,95.2599329575729,4,1.00130112142445,0.90130112142445,332.702726821129,299.865340784857
19.71,100,0,3327.2636579677,95.2855653926565,4,1.00129307324477,0.901293073244767,332.703189634645,299.863080264146
19.72,100,0,3327.85324017772,95.3111917689995,4,1.00128502794763,0.901285027947635,332.703652284802,299.860820547788
19.73,100,0,3328.44261204794,95.3368120865182,4,1.00127698553203,0.901276985532031,332.704114771686,299.858561635528
19.74,100,0,3329.03177365259,95.3624263451304,4,1.00126894599693,0.901268945996932,332.70457709538,299.856303527108
19.75,100,0,3329.62072506586,95.3880345447546,4,1.00126090934132,0.901260909341315,332.705039255968,299.854046222272
19.76,100,0,3330.20946636189,95.4136366853108,4,1.00125287556416,0.901252875564159,332.705501253534,299.851789720763
19.77,100,0,3330.7979976148,95.4392327667196,4,1.00124484466444,0.901244844664442,332.705963088162,299.849534022325
19.78,100,0,3331.38631889866,95.4648227889031,4,1.00123681664114,0.901236816641144,332.706424759936,299.847279126701
19.79,100,0,3331.9744302875,95.4904067517842,4,1.00122879149324,0.901228791493243,332.706886268939,299.845025033636
19.8,100,0,3332.56233185532,95.5159846552872,4,1.00122076921972,0.90122076921972,332.707347615254,299.842771742872
19.81,100,0,3333.15002367608,95.541556499337,4,1.00121274981956,0.901212749819556,332.707808798966,299.840519254155
19.82,100,0,3333.7375058237,95.5671222838601,4,1.00120473329173,0.901204733291732,332.708269820157,299.838267567229
19.83,100,0,3334.32477837206,95.5926820087837,4,1.00119671963523,0.90119671963523,332.708730678911,299.836016681836
19.84,100,0,3334.911841395,95.6182356740364,4,1.00118870884903,0.901188708849031,332.70919137531,299.833766597721
19.85,100,0,3335.49869496634,95.6437832795475,4,1.00118070093212,0.901180700932119,332.709651909438,299.831517314629
19.86,100,0,3336.08533915984,95.6693248252477,4,1.00117269588348,0.901172695883477,332.710112281378,299.829268832304
19.87,100,0,3336.67177404923,95.6948603110687,4,1.00116469370209,0.901164693702089,332.710572491212,299.82702115049
19.88,100,0,3337.25799970821,95.7203897369431,4,1.00115669438694,0.901156694386939,332.711032539024,299.824774268932
19.89,100,0,3337.84401621044,95.7459131028048,4,1.00114869793701,0.901148697937012,332.711492424894,299.822528187374
19.9,100,0,3338.42982362953,95.7714304085888,4,1.00114070435129,0.901140704351294,332.711952148908,299.820282905561
19.91,100,0,3339.01542203906,95.7969416542309,4,1.00113271362877,0.901132713628769,332.712411711146,299.818038423237
19.92,100,0,3339.60081151258,95.8224468396682,4,1.00112472576843,0.901124725768426,332.712871111691,299.815794740148
19.93,100,0,3340.1859921236,95.847945964839,4,1.00111674076925,0.901116740769249,332.713330350626,299.813551856039
19.94,100,0,3340.77096394558,95.8734390296823,4,1.00110875863023,0.901108758630228,332.713789428032,299.811309770653
19.95,100,0,3341.35572705196,95.8989260341385,4,1.00110077935035,0.90110077935035,332.714248343992,299.809068483737
19.96,100,0,3341.94028151613,95.9244069781489,4,1.0010928029286,0.901092802928603,332.714707098587,299.806827995035
19.97,100,0,3342.52462741145,95.9498818616559,4,1.00108482936398,0.901084829363977,332.7151656919,299.804588304293
19.98,100,0,3343.10876481123,95.9753506846031,4,1.00107685865546,0.901076858655461,332.715624124012,299.802349411256
19.99,100,0,3343.69269378877,96.0008134469349,4,1.00106889080204,0.901068890802045,332.716082395005,299.800111315668
20,100,0,3344.2764144173,96.0262701485972,4,1.00106092580272,0.901060925802719,332.71654050496,299.797874017277
20.01,100,0,3344.85992677004,96.0517207895366,4,1.00105296365647,0.901052963656475,332.716998453959,299.795637515827
20.02,100,0,3345.44323092015,96.0771653697008,4,1.0010450043623,0.901045004362304,332.717456242083,299.793401811062
20.03,100,0,3346.02632694078,96.1026038890389,4,1.0010370479192,0.901037047919198,332.717913869415,299.791166902731
20.04,100,0,3346.60921490502,96.1280363475006,4,1.00102909432615,0.90102909432615,332.718371336034,299.788932790578
20.05,100,0,3347.19189488592,96.153462745037,4,1.00102114358215,0.901021143582152,332.718828642022,299.786699474348
20.06,100,0,3347.77436695652,96.1788830816003,4,1.0010131956862,0.901013195686199,332.71928578746,299.784466953789
20.07,100,0,3348.3566311898,96.2042973571434,4,1.00100525063728,0.901005250637285,332.719742772429,299.782235228645
20.08,100,0,3348.94043301398,96.2297050842727,4,1.0009920642324,0.9009920642324,332.699157207001,299.759300420315
20.09,100,0,3349.54366655912,96.2551012322488,4,1.00096994829973,0.900969948299735,332.650631650772,299.70822240027
20.1,100,0,3350.16533666299,96.2804859773334,4,1.00094932473038,0.900949324730378,332.617149487108,299.671196224153
20.11,100,0,3350.79971722985,96.3058608389399,4,1.00092973760577,0.900929737605774,332.594091432633,299.643907523633
20.12,100,0,3351.44283996809,96.3312268700974,4,1.00091087097778,0.900910870977778,332.578258388847,299.623368433368
20.13,100,0,3352.09195416311,96.3565848007913,4,1.00089250585298,0.900892505852978,332.567434051287,299.607509027559
20.14,100,0,3352.74515273732,96.3819351371801,4,1.00087449041412,0.900874490414121,332.560082569681,299.594894917039
20.15,100,0,3353.40111329782,96.4072782303013,4,1.00085671939767,0.900856719397671,332.555139398157,299.584531897059
20.16,100,0,3354.05891875136,96.4326143236653,4,1.00083911980814,0.900839119808137,332.551866528951,299.575730734494
20.17,100,0,3354.71793300498,96.4579435862338,4,1.00082164101973,0.900821641019729,332.549752247099,299.568013539936
20.18,100,0,3355.37771481742,96.483266135276,4,1.00080424791659,0.900804247916591,332.548441691241,299.561048913513
20.19,100,0,3356.03795808072,96.5085820522117,4,1.00078691613805,0.900786916138053,332.547688740939,299.554607009787
20.2,100,0,3356.69845041675,96.5338913935964,4,1.00076962878243,0.90076962878243,332.547322673393,299.548528397103
20.21,100,0,3357.3590444672,96.5591941987376,4,1.00075237412165,0.900752374121655,332.547225051495,299.542702472702
20.22,100,0,3358.01963798312,96.5844904949768,4,1.00073514401654,0.900735144016542,332.547313701177,299.537052498944
20.23,100,0,3358.68016001501,96.6097803013536,4,1.00071793281776,0.900717932817758,332.547531601909,299.531525228119
20.24,100,0,3359.34056133316,96.6350636311469,4,1.00070073660354,0.90070073660354,332.547839182744,299.526083707813
20.25,100,0,3360.00080778172,96.6603404936377,4,1.00068355265093,0.900683552650931,332.548208979318,299.520702291196
20.26,100,0,3360.66087566743,96.6856108953329,4,1.00066637906894,0.900666379068938,332.548621927796,299.515363176073
20.27,100,0,3361.32074855978,96.7108748408135,4,1.00064921454402,0.900649214544018,332.549064793959,299.510054004027
20.28,100,0,3361.9804150704,96.7361323333244,4,1.00063205816346,0.900632058163464,332.549528389553,299.504766194773
20.29,100,0,3362.63986731171,96.7613833751827,4,1.00061490929284,0.900614909292836,332.55000633467,299.499493790431
20.3,100,0,3363.29909982707,96.7866279680616,4,1.0005977674909,0.900597767490902,332.550494198915,299.494232653539
20.31,100,0,3363.95810884803,96.8118661131876,4,1.00058063245058,0.900580632450582,332.550988905372,299.488979910466
20.32,100,0,3364.61689177865,96.8370978114774,4,1.00056350395796,0.900563503957961,332.551488316887,299.483733565091
20.33,100,0,3365.27544683741,96.8623230636326,4,1.00054638186383,0.900546381863832,332.551990948893,299.478492230639
20.34,100,0,3365.9337728086,96.8875418702055,4,1.00052926606393,0.900529266063928,332.552495770034,299.473254943517
20.35,100,0,3366.59186886955,96.9127542316456,4,1.00051215648521,0.900512156485209,332.553002063738,299.468021034046
20.36,100,0,3367.24973447072,96.9379601483305,4,1.00049505307632,0.900495053076321,332.553509332088,299.462790036716
20.37,100,0,3367.90736925235,96.963159620589,4,1.00047795580099,0.900477955800987,332.554017229078,299.457561627846
20.38,100,0,3368.56477298656,96.9883526487155,4,1.0004608646334,0.9004608646334,332.554525514236,299.452335582299
20.39,100,0,3369.22194553715,97.0135392329813,4,1.00044377955503,0.900443779555035,332.55503402043,299.447111743409
20.4,100,0,3369.87888683161,97.0387193736419,4,1.00042670055242,0.900426700552423,332.55554263149,299.441890002093
20.41,100,0,3370.53559684173,97.0638930709419,4,1.00040962761561,0.900409627615614,332.556051266666,299.436670282338
20.42,100,0,3371.19207557008,97.0890603251189,4,1.00039256073711,0.900392560737106,332.556559869828,299.431452531117
20.43,100,0,3371.84832304062,97.1142211364056,4,1.00037549991109,0.900375499911092,332.557068401961,299.426236711383
20.44,100,0,3372.50433929219,97.1393755050322,4,1.00035844513295,0.900358445132952,332.557576835946,299.421022797194
20.45,100,0,3373.16012437397,97.1645234312268,4,1.00034139639889,0.900341396398885,332.55808515294,299.415810770337
20.46,100,0,3373.8156783423,97.1896649152167,4,1.00032435370567,0.900324353705666,332.558593339851,299.410600617967
20.47,100,0,3374.47100125854,97.2147999572291,4,1.00030731705047,0.900307317050465,332.559101387588,299.405392330973
20.48,100,0,3375.12609318749,97.239928557491,4,1.00029028643073,0.900290286430731,332.559609289843,299.400185902844
20.49,100,0,3375.78095419635,97.2650507162298,4,1.00027326184411,0.900273261844105,332.560117042243,299.394981328877
20.5,100,0,3376.43558435401,97.2901664336738,4,1.00025624328836,0.900256243288365,332.560624641763,299.389778605626
20.51,100,0,3377.08998373048,97.3152757100517,4,1.00023923076138,0.900239230761379,332.561132086313,299.384577730516
20.52,100,0,3377.74415239658,97.340378545593,4,1.00022222426108,0.900222224261083,332.561639374455,299.379378701584
20.53,100,0,3378.39809042366,97.3654749405283,4,1.00020522378546,0.900205223785459,332.562146505207,299.374181517292
20.54,100,0,3379.05179788347,97.3905648950889,4,1.00018822933252,0.90018822933252,332.562653477899,299.368986176394
20.55,100,0,3379.70527484798,97.4156484095072,4,1.0001712409003,0.900171240900302,332.563160292083,299.36379267785
20.56,100,0,3380.35852138933,97.4407254840164,4,1.00015425848686,0.900154258486857,332.563666947463,299.358601020764
20.57,100,0,3381.0115375798,97.4657961188507,4,1.00013728209025,0.900137282090248,332.564173443851,299.353411204337
20.58,100,0,3381.6643234917,97.4908603142455,4,1.00012031170855,0.900120311708546,332.564679781131,299.348223227844
20.59,100,0,3382.3168791974,97.515918070437,4,1.00010334733983,0.900103347339827,332.56518595924,299.343037090604
20.6,100,0,3382.96920476928,97.5409693876625,4,1.00008638898217,0.900086388982174,332.56569197815,299.337852791971
20.61,100,0,3383.62130027974,97.5660142661602,4,1.00006943663367,0.900069436633671,332.566197837859,299.332670331323
20.62,100,0,3384.27316580117,97.5910527061694,4,1.0000524902924,0.900052490292404,332.566703538381,299.327489708055
20.63,100,0,3384.92480140595,97.6160847079303,4,1.00003554995646,0.900035549956461,332.567209079744,299.322310921573
20.64,100,0,3385.57620716644,97.6411102716844,4,1.00001861562393,0.900018615623934,332.567714461983,299.31713397129
20.65,100,0,3386.22738315499,97.6661293976739,4,1.00000168729291,0.900001687292913,332.568219685139,299.311958856625
20.66,100,0,3386.87832944392,97.691142086142,4,0.999984764961492,0.899984764961492,332.568724749257,299.306785577003
20.67,100,0,3387.52904610556,97.7161483373332,4,0.999967848627763,0.899967848627763,332.569229654386,299.30161413185
20.68,100,0,3388.17953321217,97.7411481514928,4,0.99995093828982,0.89995093828982,332.569734400575,299.296444520594
20.69,100,0,3388.82979083603,97.766141528867,4,0.999934033945759,0.899934033945759,332.570238987876,299.291276742665
20.7,100,0,3389.47981904936,97.7911284697034,4,0.999917135593676,0.899917135593676,332.570743416341,299.286110797493
20.71,100,0,3390.12961792439,97.8161089742501,4,0.999900243231667,0.899900243231668,332.571247686024,299.280946684512
20.72,100,0,3390.7791875333,97.8410830427567,4,0.99988335685783,0.89988335685783,332.571751796978,299.275784403154
20.73,100,0,3391.42852794826,97.8660506754734,4,0.999866476470262,0.899866476470262,332.572255749255,299.270623952849
20.74,100,0,3392.07763924141,97.8910118726517,4,0.999849602067062,0.899849602067062,332.572759542911,299.265465333033
20.75,100,0,3392.72652148487,97.915966634544,4,0.99983273364633,0.89983273364633,332.573263177997,299.260308543138
20.76,100,0,3393.37517475073,97.9409149614037,4,0.999815871206165,0.899815871206165,332.57376665457,299.255153582598
20.77,100,0,3394.02359911105,97.9658568534851,4,0.999799014744668,0.899799014744668,332.574269972683,299.250000450847
20.78,100,0,3394.67179463788,97.9907923110438,4,0.999782164259941,0.899782164259941,332.57477313239,299.244849147321
20.79,100,0,3395.31976140324,98.015721334336,4,0.999765319750085,0.899765319750085,332.575276133745,299.239699671452
20.8,100,0,3395.96749947912,98.0406439236192,4,0.999748481213203,0.899748481213203,332.575778976801,299.234552022675
20.81,100,0,3396.61500893749,98.065560079152,4,0.999731648647398,0.899731648647398,332.576281661614,299.229406200425
20.82,100,0,3397.26228985029,98.0904698011935,4,0.999714822050775,0.899714822050775,332.576784188236,299.224262204138
20.83,100,0,3397.90934228945,98.1153730900044,4,0.999698001421437,0.899698001421437,332.577286556723,299.219120033249
20.84,100,0,3398.55616632686,98.1402699458461,4,0.999681186757491,0.899681186757491,332.577788767127,299.213979687191
20.85,100,0,3399.2027620344,98.1651603689808,4,0.999664378057042,0.899664378057042,332.578290819503,299.208841165403
20.86,100,0,3399.8491294839,98.1900443596722,4,0.999647575318196,0.899647575318196,332.578792713904,299.203704467317
20.87,100,0,3400.49526874719,98.2149219181846,4,0.999630778539061,0.899630778539061,332.579294450384,299.19856959237
20.88,100,0,3401.14117989607,98.2397930447836,4,0.999613987717745,0.899613987717745,332.579796028996,299.193436539999
20.89,100,0,3401.78686300232,98.2646577397353,4,0.999597202852357,0.899597202852357,332.580297449795,299.188305309641
20.9,100,0,3402.43231813767,98.2895160033074,4,0.999580423941004,0.899580423941004,332.580798712834,299.183175900729
20.91,100,0,3403.07754537386,98.3143678357683,4,0.999563650981798,0.899563650981798,332.581299818166,299.178048312702
20.92,100,0,3403.72254478259,98.3392132373874,4,0.999546883972849,0.899546883972849,332.581800765846,299.172922544995
20.93,100,0,3404.36731643553,98.364052208435,4,0.999530122912267,0.899530122912267,332.582301555925,299.167798597046
20.94,100,0,3405.01186040434,98.3888847491827,4,0.999513367798165,0.899513367798165,332.582802188458,299.162676468291
20.95,100,0,3405.65617676063,98.4137108599028,4,0.999496618628655,0.899496618628655,332.583302663499,299.157556158168
20.96,100,0,3406.30026557603,98.4385305408687,4,0.99947987540185,0.89947987540185,332.5838029811,299.152437666113
20.97,100,0,3406.94412692209,98.4633437923549,4,0.999463138115864,0.899463138115864,332.584303141315,299.147320991565
20.98,100,0,3407.58776087039,98.4881506146367,4,0.999446406768811,0.899446406768811,332.584803144197,299.14220613396
20.99,100,0,3408.23116749244,98.5129510079906,4,0.999429681358806,0.899429681358806,332.585302989798,299.137093092736
21,100,0,3408.87434685976,98.5377449726938,4,0.999412961883965,0.899412961883965,332.585802678174,299.131981867332
21.01,100,0,3409.51729904383,98.5625325090249,4,0.999396248342403,0.899396248342403,332.586302209376,299.126872457185
21.02,100,0,3410.1600241161,98.5873136172631,4,0.999379540732239,0.899379540732239,332.586801583457,299.121764861733
21.03,100,0,3410.80252214801,98.6120882976888,4,0.999362839051589,0.899362839051589,332.58730080047,299.116659080416
21.04,100,0,3411.44479321098,98.6368565505833,4,0.999346143298572,0.899346143298572,332.587799860469,299.11155511267
21.05,100,0,3412.08683737638,98.6616183762291,4,0.999329453471306,0.899329453471306,332.588298763506,299.106452957935
21.06,100,0,3412.72865471558,98.6863737749094,4,0.999312769567911,0.899312769567912,332.588797509634,299.101352615651
21.07,100,0,3413.37024529991,98.7111227469085,4,0.999296091586508,0.899296091586508,332.589296098907,299.096254085255
21.08,100,0,3414.01160920069,98.7358652925118,4,0.999279419525216,0.899279419525217,332.589794531375,299.091157366186
21.09,100,0,3414.65274648922,98.7606014120055,4,0.999262753382158,0.899262753382158,332.590292807094,299.086062457885
21.1,100,0,3415.29365723675,98.7853311056769,4,0.999246093155455,0.899246093155455,332.590790926114,299.080969359791
21.11,100,0,3415.93434151452,98.8100543738143,4,0.999229438843231,0.899229438843231,332.59128888849,299.075878071344
21.12,100,0,3416.57479939376,98.8347712167068,4,0.999212790443607,0.899212790443607,332.591786694272,299.070788591982
21.13,100,0,3417.21503094566,98.8594816346449,4,0.999196147954709,0.899196147954709,332.592284343515,299.065700921146
21.14,100,0,3417.85503624139,98.8841856279196,4,0.999179511374661,0.899179511374661,332.59278183627,299.060615058277
21.15,100,0,3418.49481535209,98.9088831968233,4,0.999162880701589,0.899162880701589,332.59327917259,299.055531002814
21.16,100,0,3419.13436834889,98.9335743416489,4,0.999146255933617,0.899146255933617,332.593776352527,299.050448754198
21.17,100,0,3419.77369530289,98.9582590626909,4,0.999129637068873,0.899129637068873,332.594273376134,299.045368311869
21.18,100,0,3420.41279628516,98.9829373602443,4,0.999113024105483,0.899113024105483,332.594770243463,299.040289675268
21.19,100,0,3421.05167136675,99.0076092346051,4,0.999096417041576,0.899096417041576,332.595266954566,299.035212843837
21.2,100,0,3421.6903206187,99.0322746860707,4,0.99907981587528,0.89907981587528,332.595763509496,299.030137817016
21.21,100,0,3422.32874411199,99.0569337149389,4,0.999063220604724,0.899063220604724,332.596259908304,299.025064594246
21.22,100,0,3422.96694191762,99.0815863215091,4,0.999046631228037,0.899046631228037,332.596756151043,299.019993174968
21.23,100,0,3423.60491410654,99.106232506081,4,0.999030047743351,0.899030047743351,332.597252237765,299.014923558625
21.24,100,0,3424.24266074968,99.130872268956,4,0.999013470148795,0.899013470148795,332.597748168522,299.009855744658
21.25,100,0,3424.88018191795,99.1555056104358,4,0.998996898442501,0.898996898442501,332.598243943365,299.004789732508
21.26,100,0,3425.51747768224,99.1801325308236,4,0.998980332622602,0.898980332622602,332.598739562348,298.999725521618
21.27,100,0,3426.15454811341,99.2047530304233,4,0.998963772687231,0.898963772687231,332.599235025522,298.99466311143
21.28,100,0,3426.79139328229,99.2293671095398,4,0.99894721863452,0.89894721863452,332.599730332939,298.989602501387
21.29,100,0,3427.4280132597,99.2539747684791,4,0.998930670462604,0.898930670462604,332.60022548465,298.98454369093
21.3,100,0,3428.06440811643,99.2785760075481,4,0.998914128169618,0.898914128169618,332.600720480707,298.979486679502
21.31,100,0,3428.70057792325,99.3031708270546,4,0.998897591753697,0.898897591753697,332.601215321163,298.974431466546
21.32,100,0,3429.3365227509,99.3277592273075,4,0.998881061212977,0.898881061212977,332.601710006068,298.969378051505
21.33,100,0,3429.9722426701,99.3523412086166,4,0.998864536545595,0.898864536545595,332.602204535475,298.964326433823
21.34,100,0,3430.60773775155,99.3769167712927,4,0.998848017749687,0.898848017749687,332.602698909435,298.959276612942
21.35,100,0,3431.24300806593,99.4014859156477,4,0.998831504823392,0.898831504823392,332.603193127999,298.954228588305
21.36,100,0,3431.87805368387,99.4260486419941,4,0.998814997764848,0.898814997764848,332.603687191221,298.949182359357
21.37,100,0,3432.51287467602,99.4506049506458,4,0.998798496572194,0.898798496572194,332.604181099149,298.944137925541
21.38,100,0,3433.14747111296,99.4751548419173,4,0.998782001243569,0.898782001243569,332.604674851838,298.939095286301
21.39,100,0,3433.78184306528,99.4996983161245,4,0.998765511777115,0.898765511777116,332.605168449336,298.934054441081
21.4,100,0,3434.41599060355,99.5242353735838,4,0.998749028170973,0.898749028170973,332.605661891697,298.929015389326
21.41,100,0,3435.04991379828,99.548766014613,4,0.998732550423283,0.898732550423283,332.60615517897,298.923978130478
21.42,100,0,3435.68361271999,99.5732902395304,4,0.998716078532188,0.898716078532188,332.606648311209,298.918942663984
21.43,100,0,3436.31708743917,99.5978080486558,4,0.998699612495831,0.898699612495831,332.607141288462,298.913908989287
21.44,100,0,3436.95033802627,99.6223194423095,4,0.998683152312355,0.898683152312355,332.607634110784,298.908877105833
21.45,100,0,3437.58336455175,99.6468244208131,4,0.998666697979904,0.898666697979904,332.608126778223,298.903847013067
21.46,100,0,3438.21616708601,99.6713229844889,4,0.998650249496624,0.898650249496624,332.608619290832,298.898818710433
21.47,100,0,3438.84874569944,99.6958151336604,4,0.998633806860658,0.898633806860658,332.60911164866,298.893792197377
21.48,100,0,3439.48110046243,99.7203008686519,4,0.998617370070154,0.898617370070154,332.60960385176,298.888767473345
21.49,100,0,3440.11323144531,99.7447801897888,4,0.998600939123258,0.898600939123258,332.610095900183,298.883744537781
21.5,100,0,3440.74513871841,99.7692530973974,4,0.998584514018117,0.898584514018117,332.610587793978,298.878723390132
21.51,100,0,3441.37682235203,99.7937195918048,4,0.998568094752878,0.898568094752878,332.611079533199,298.873704029844
21.52,100,0,3442.00828241644,99.8181796733393,4,0.99855168132569,0.89855168132569,332.611571117893,298.868686456362
21.53,100,0,3442.63951898191,99.8426333423302,4,0.998535273734703,0.898535273734703,332.612062548114,298.863670669134
21.54,100,0,3443.27053211866,99.8670805991074,4,0.998518871978065,0.898518871978065,332.612553823912,298.858656667605
21.55,100,0,3443.9013218969,99.8915214440023,4,0.998502476053928,0.898502476053928,332.613044945336,298.853644451221
21.56,100,0,3444.53188838681,99.9159558773467,4,0.998486085960441,0.898486085960441,332.613535912438,298.848634019429
21.57,100,0,3445.16223165856,99.9403838994738,4,0.998469701695757,0.898469701695757,332.61402672527,298.843625371677
21.58,100,0,3445.79235178229,99.9648055107175,4,0.998453323258027,0.898453323258027,332.61451738388,298.838618507412
21.59,100,0,3446.42224882811,99.9892207114127,4,0.998436950645404,0.898436950645404,332.615007888321,298.83361342608
21.6,100,0,3447.05192286611,100.013629501895,4,0.998420583856041,0.898420583856041,332.615498238641,298.828610127128
21.61,100,0,3447.68137396637,100.038031882502,4,0.998404222888093,0.898404222888093,332.615988434893,298.823608610005
21.62,100,0,3448.31060219894,100.062427853572,4,0.998387867739714,0.898387867739714,332.616478477125,298.818608874157
21.63,100,0,3448.93960763382,100.086817415442,4,0.998371518409059,0.898371518409059,332.61696836539,298.813610919033
21.64,100,0,3449.56839034104,100.111200568452,4,0.998355174894283,0.898355174894283,332.617458099736,298.808614744081
21.65,100,0,3450.19695039056,100.135577312944,4,0.998338837193544,0.898338837193544,332.617947680216,298.803620348748
21.66,100,0,3450.82528785235,100.159947649259,4,0.998322505304998,0.898322505304998,332.618437106877,298.798627732482
21.67,100,0,3451.45340279632,100.18431157774,4,0.998306179226803,0.898306179226803,332.618926379771,298.793636894733
21.68,100,0,3452.0812952924,100.20866909873,4,0.998289858957116,0.898289858957116,332.619415498948,298.788647834948
21.69,100,0,3452.70896541048,100.233020212573,4,0.998273544494098,0.898273544494098,332.619904464458,298.783660552577
21.7,100,0,3453.3364132204,100.257364919615,4,0.998257235835906,0.898257235835906,332.620393276352,298.778675047068
21.71,100,0,3453.96363879203,100.281703220203,4,0.998240932980702,0.898240932980702,332.62088193468,298.773691317871
21.72,100,0,3454.59064219517,100.306035114683,4,0.998224635926645,0.898224635926645,332.62137043949,298.768709364433
21.73,100,0,3455.21742349962,100.330360603405,4,0.998208344671898,0.898208344671898,332.621858790834,298.763729186205
21.74,100,0,3455.84398277515,100.354679686717,4,0.998192059214621,0.898192059214621,332.622346988761,298.758750782636
21.75,100,0,3456.47032009152,100.37899236497,4,0.998175779552978,0.898175779552978,332.622835033322,298.753774153175
21.76,100,0,3457.09643551845,100.403298638514,4,0.998159505685131,0.898159505685131,332.623322924565,298.748799297273
21.77,100,0,3457.72232912565,100.427598507702,4,0.998143237609244,0.898143237609244,332.623810662542,298.74382621438
21.78,100,0,3458.3480009828,100.451891972888,4,0.998126975323481,0.898126975323481,332.624298247301,298.738854903944
21.79,100,0,3458.97345115956,100.476179034424,4,0.998110718826008,0.898110718826008,332.624785678893,298.733885365417
21.8,100,0,3459.59867972556,100.500459692666,4,0.998094468114989,0.898094468114989,332.625272957367,298.72891759825
21.81,100,0,3460.22368675043,100.524733947969,4,0.99807822318859,0.89807822318859,332.625760082773,298.723951601891
21.82,100,0,3460.84847230375,100.549001800692,4,0.998061984044979,0.898061984044979,332.62624705516,298.718987375792
21.83,100,0,3461.4730364551,100.57326325119,4,0.998045750682323,0.898045750682323,332.626733874578,298.714024919405
21.84,100,0,3462.09737927401,100.597518299824,4,0.998029523098789,0.898029523098789,332.627220541077,298.709064232179
21.85,100,0,3462.72150083003,100.621766946953,4,0.998013301292546,0.898013301292546,332.627707054707,298.704105313567
21.86,100,0,3463.34543240778,100.646009186323,4,0.998000970771397,0.898000970771398,332.623113588801,298.695878903748
21.87,100,0,3463.97666915153,100.670243732547,4,0.998006178853085,0.898006178853085,332.601990173232,298.678642274395
21.88,100,0,3464.61574903498,100.694470737654,4,0.998011176868352,0.898011176868352,332.588121920216,298.667850778009
21.89,100,0,3465.25996617931,100.71869088439,4,0.998016035011804,0.898016035011804,332.579066619196,298.661334733297
21.9,100,0,3465.90752539081,100.742904625674,4,0.998020799849041,0.898020799849041,332.573204741183,298.657655330036
21.91,100,0,3466.55723545619,100.767112261999,4,0.998025502275881,0.898025502275881,332.569462059689,298.655858207772
21.92,100,0,3467.2083058173,100.791313992748,4,0.998030162794535,0.898030162794535,332.567125905387,298.655310216925
21.93,100,0,3467.86021174243,100.815509950217,4,0.998034795012065,0.898034795012065,332.565723394466,298.655591236588
21.94,100,0,3468.51260489898,100.839700222185,4,0.998039407960555,0.898039407960555,332.564940701785,298.656422456268
21.95,100,0,3469.16525402786,100.863884866887,4,0.99804400763613,0.89804400763613,332.564569530305,298.65761881878
21.96,100,0,3469.81800558091,100.888063922946,4,0.998048598019978,0.898048598019978,332.564471607047,298.659057477963
21.97,100,0,3470.47075759959,100.912237415965,4,0.998053181755813,0.898053181755813,332.564555130833,298.660656874451
21.98,100,0,3471.12344237843,100.936405362906,4,0.99805776059945,0.89805776059945,332.564759145949,298.662362852907
21.99,100,0,3471.77601495722,100.960567774988,4,0.998062335717188,0.898062335717188,332.565043172918,298.664139449759
22,100,0,3472.42844548133,100.984724659622,4,0.998066907883871,0.898066907883871,332.565380326804,298.665962779316
22.01,100,0,3473.08071412918,101.008876021687,4,0.998071477614373,0.898071477614373,332.565752749464,298.667816975647
22.02,100,0,3473.73280774403,101.033021864379,4,0.9980760452509,0.8980760452509,332.566148577305,298.669691498629
22.03,100,0,3474.38471759697,101.05716218978,4,0.998080611020959,0.898080611020959,332.566559928097,298.671579345364
22.04,100,0,3475.03643790113,101.081296999229,4,0.998085175075854,0.898085175075854,332.566981564218,298.673475862549
22.05,100,0,3475.68796482471,101.105426293573,4,0.998089737516263,0.898089737516263,332.56741000493,298.675377957791
22.06,100,0,3476.33929583521,101.129550073332,4,0.998094298409216,0.898094298409216,332.567842936778,298.677283575772
22.07,100,0,3476.9904292638,101.15366833881,4,0.998098857799387,0.898098857799387,332.568278821952,298.679191350303
22.08,100,0,3477.64136401576,101.177781090166,4,0.998103415716584,0.898103415716584,332.56871663811,298.681100373168
22.09,100,0,3478.29209937805,101.201888327463,4,0.99810797218074,0.89810797218074,332.569155705518,298.683010040544
22.1,100,0,3478.94263489145,101.225990050702,4,0.998112527205215,0.898112527205215,332.569595572177,298.684919950944
22.11,100,0,3479.5929702655,101.250086259842,4,0.998117080799007,0.898117080799007,332.570035937488,298.686829837398
22.12,100,0,3480.24310532198,101.274176954815,4,0.998121632968206,0.898121632968206,332.570476601522,298.688739522374
22.13,100,0,3480.89303995735,101.298262135536,4,0.998126183716971,0.898126183716972,332.570917431286,298.690648887813
22.14,100,0,3481.54277411772,101.322341801906,4,0.998130733048179,0.898130733048179,332.571358338303,298.692557855209
22.15,100,0,3482.19230778227,101.34641595382,4,0.998135280963848,0.898135280963848,332.571799263708,298.694466372363
22.16,100,0,3482.84164095213,101.370484591169,4,0.998139827465431,0.898139827465431,332.57224016833,298.696374404576
22.17,100,0,3483.49077364309,101.394547713841,4,0.998144372554002,0.898144372554002,332.572681026105,298.698281928793
22.18,100,0,3484.13970588065,101.418605321722,4,0.998148916230381,0.898148916230381,332.573121819683,298.700188929702
22.19,100,0,3484.78843769682,101.442657414698,4,0.998153458495223,0.898153458495223,332.573562537519,298.70209539715
22.2,100,0,3485.43696912789,101.466703992654,4,0.99815799934907,0.89815799934907,332.57400317193,298.704001324412
22.21,100,0,3486.08530021305,101.490745055475,4,0.99816253879239,0.89816253879239,332.5744437178,298.705906707046
22.22,100,0,3486.73343099338,101.514780603049,4,0.998167076825602,0.898167076825602,332.574884171725,298.707811542132
22.23,100,0,3487.38136151125,101.538810635262,4,0.998171613449092,0.898171613449092,332.575324531442,298.70971582776
22.24,100,0,3488.02909180985,101.562835152002,4,0.998176148663223,0.898176148663223,332.575764795443,298.711619562697
22.25,100,0,3488.67662193296,101.586854153158,4,0.998180682468346,0.898180682468346,332.576204962728,298.713522746155
22.26,100,0,3489.32395192471,101.610867638618,4,0.998185214864798,0.898185214864798,332.576645032632,298.715425377648
22.27,100,0,3489.9710818295,101.634875608273,4,0.998189745852914,0.898189745852914,332.577085004712,298.717327456885
22.28,100,0,3490.61801169187,101.658878062015,4,0.998194275433022,0.898194275433022,332.577524878677,298.719228983711
22.29,100,0,3491.26474155648,101.682874999735,4,0.998198803605446,0.898198803605446,332.577964654337,298.72112995806
22.3,100,0,3491.91127146808,101.706866421327,4,0.998203330370513,0.898203330370513,332.578404331563,298.723030379921
22.31,100,0,3492.55760147144,101.730852326685,4,0.998207855728543,0.898207855728543,332.578843910274,298.724930249325
22.32,100,0,3493.20373161137,101.754832715704,4,0.998212379679858,0.898212379679858,332.579283390418,298.726829566329
22.33,100,0,3493.84966193269,101.778807588281,4,0.99821690222478,0.89821690222478,332.579722771962,298.728728331008
22.34,100,0,3494.49539248026,101.802776944312,4,0.998221423363628,0.898221423363628,332.580162054887,298.730626543447
22.35,100,0,3495.14092329891,101.826740783695,4,0.998225943096724,0.898225943096724,332.58060123918,298.732524203738
22.36,100,0,3495.7862544335,101.850699106329,4,0.998230461424388,0.898230461424388,332.581040324837,298.734421311981
22.37,100,0,3496.43138592888,101.874651912115,4,0.998234978346939,0.898234978346939,332.581479311856,298.736317868278
22.38,100,0,3497.0763178299,101.898599200953,4,0.998239493864697,0.898239493864697,332.581918200238,298.738213872731
22.39,100,0,3497.72105018141,101.922540972745,4,0.998244007977982,0.898244007977982,332.582356989985,298.740109325449
22.4,100,0,3498.36558302827,101.946477227394,4,0.998248520687115,0.898248520687115,332.582795681104,298.742004226537
22.41,100,0,3499.00991641532,101.970407964804,4,0.998253031992414,0.898253031992414,332.583234273598,298.743898576103
22.42,100,0,3499.65405038741,101.99433318488,4,0.9982575418942,0.8982575418942,332.583672767471,298.745792374254
22.43,100,0,3500.29798498938,102.018252887527,4,0.998262050392791,0.898262050392791,332.584111162731,298.747685621099
22.44,100,0,3500.94172026607,102.042167072653,4,0.998266557488509,0.898266557488509,332.584549459382,298.749578316746
22.45,100,0,3501.58525626232,102.066075740165,4,0.998271063181672,0.898271063181672,332.584987657431,298.751470461304
22.46,100,0,3502.22859302296,102.089978889972,4,0.998275567472599,0.898275567472599,332.585425756884,298.753362054881
22.47,100,0,3502.87173059283,102.113876521984,4,0.998280070361612,0.898280070361612,332.585863757747,298.755253097586
22.48,100,0,3503.51466901676,102.137768636111,4,0.998284571849028,0.898284571849028,332.586301660026,298.757143589528
22.49,100,0,3504.15740833957,102.161655232265,4,0.998289071935168,0.898289071935168,332.586739463728,298.759033530816
22.5,100,0,3504.79994860609,102.185536310358,4,0.998293570620351,0.898293570620351,332.587177168859,298.760922921557
22.51,100,0,3505.44228986114,102.209411870305,4,0.998298067904896,0.898298067904896,332.587614775424,298.762811761862
22.52,100,0,3506.08443214953,102.233281912019,4,0.998302563789124,0.898302563789124,332.588052283431,298.764700051837
22.53,100,0,3506.72637551609,102.257146435416,4,0.998307058273353,0.898307058273353,332.588489692886,298.766587791593
22.54,100,0,3507.36812000562,102.281005440413,4,0.998311551357903,0.898311551357903,332.588927003794,298.768474981238
22.55,100,0,3508.00966566293,102.304858926927,4,0.998316043043092,0.898316043043092,332.589364216163,298.770361620881
22.56,100,0,3508.65101253283,102.328706894877,4,0.998320533329242,0.898320533329242,332.589801329998,298.772247710631
22.57,100,0,3509.29216066013,102.352549344182,4,0.99832502221667,0.89832502221667,332.590238345307,298.774133250595
22.58,100,0,3509.93311008962,102.376386274762,4,0.998329509705697,0.898329509705697,332.590675262094,298.776018240884
22.59,100,0,3510.5738608661,102.400217686538,4,0.998333995796641,0.898333995796641,332.591112080367,298.777902681604
22.6,100,0,3511.21441303438,102.424043579434,4,0.998338480489822,0.898338480489822,332.591548800131,298.779786572866
22.61,100,0,3511.85476663923,102.447863953371,4,0.998342963785559,0.898342963785559,332.591985421393,298.781669914778
22.62,100,0,3512.49492172546,102.471678808275,4,0.998347445684171,0.898347445684171,332.59242194416,298.783552707448
22.63,100,0,3513.13487833784,102.49548814407,4,0.998351926185977,0.898351926185977,332.592858368438,298.785434950986
22.64,100,0,3513.77463652116,102.519291960683,4,0.998356405291297,0.898356405291297,332.593294694231,298.787316645499
22.65,100,0,3514.4141963202,102.543090258041,4,0.99836088300045,0.89836088300045,332.593730921549,298.789197791097
22.66,100,0,3515.05355777975,102.566883036071,4,0.998365359313755,0.898365359313755,332.594167050396,298.791078387888
22.67,100,0,3515.69272094457,102.590670294703,4,0.998369834231531,0.898369834231531,332.594603080778,298.79295843598
22.68,100,0,3516.33168585943,102.614452033867,4,0.998374307754097,0.898374307754097,332.595039012703,298.794837935484
22.69,100,0,3516.97045256912,102.638228253494,4,0.998378779881772,0.898378779881772,332.595474846176,298.796716886506
22.7,100,0,3517.60902111838,102.661998953516,4,0.998383250614876,0.898383250614876,332.595910581203,298.798595289156
22.71,100,0,3518.247391552,102.685764133864,4,0.998387719953727,0.898387719953727,332.596346217791,298.800473143542
22.72,100,0,3518.88556391472,102.709523794475,4,0.998392187898644,0.898392187898644,332.596781755946,298.802350449772
22.73,100,0,3519.52353825131,102.733277935281,4,0.998396654449946,0.898396654449946,332.597217195675,298.804227207957
22.74,100,0,3520.16131460652,102.757026556219,4,0.998401119607952,0.898401119607952,332.597652536984,298.806103418203
22.75,100,0,3520.79889302511,102.780769657226,4,0.998405583372982,0.898405583372982,332.598087779878,298.80797908062
22.76,100,0,3521.43627355182,102.804507238239,4,0.998410045745354,0.898410045745354,332.598522924365,298.809854195316
22.77,100,0,3522.0734562314,102.828239299196,4,0.998414506725386,0.898414506725386,332.59895797045,298.8117287624
22.78,100,0,3522.71044110859,102.851965840039,4,0.998418966313399,0.898418966313399,332.599392918141,298.81360278198
22.79,100,0,3523.34722822814,102.875686860705,4,0.99842342450971,0.89842342450971,332.599827767442,298.815476254165
22.8,100,0,3523.98381763479,102.899402361139,4,0.998427881314638,0.898427881314638,332.60026251836,298.817349179063
22.81,100,0,3524.62020937326,102.923112341281,4,0.998432336728503,0.898432336728503,332.600697170902,298.819221556783
22.82,100,0,3525.25640348829,102.946816801076,4,0.998436790751623,0.898436790751623,332.601131725074,298.821093387434
22.83,100,0,3525.89240002461,102.970515740467,4,0.998441243384317,0.898441243384317,332.601566180883,298.822964671123
22.84,100,0,3526.52819902695,102.9942091594,4,0.998445694626903,0.898445694626903,332.602000538333,298.82483540796
22.85,100,0,3527.16380054003,103.017897057821,4,0.998450144479701,0.898450144479701,332.602434797432,298.826705598053
22.86,100,0,3527.79920460858,103.041579435677,4,0.998454592943029,0.898454592943029,332.602868958186,298.82857524151
22.87,100,0,3528.4344112773,103.065256292917,4,0.998459040017205,0.898459040017205,332.603303020601,298.830444338441
22.88,100,0,3529.06942059092,103.08892762949,4,0.998463485702548,0.898463485702548,332.603736984684,298.832312888952
22.89,100,0,3529.70423259415,103.112593445345,4,0.998467929999378,0.898467929999378,332.60417085044,298.834180893154
22.9,100,0,3530.3388473317,103.136253740434,4,0.998472372908012,0.898472372908012,332.604604617877,298.836048351155
22.91,100,0,3530.97326484827,103.159908514709,4,0.998476814428769,0.898476814428769,332.605038287,298.837915263062
22.92,100,0,3531.60748518857,103.183557768122,4,0.998481254561967,0.898481254561967,332.605471857814,298.839781628984
22.93,100,0,3532.2415083973,103.207201500628,4,0.998485693307926,0.898485693307926,332.605905330328,298.84164744903
22.94,100,0,3532.87533451915,103.230839712181,4,0.998490130666964,0.898490130666964,332.606338704547,298.843512723309
22.95,100,0,3533.50896359883,103.254472402738,4,0.998494566639398,0.898494566639398,332.606771980477,298.845377451928
22.96,100,0,3534.14239568103,103.278099572254,4,0.998499001225549,0.898499001225549,332.607205158125,298.847241634996
22.97,100,0,3534.77563081043,103.301721220687,4,0.998503434425733,0.898503434425733,332.607638237496,298.849105272622
22.98,100,0,3535.40866903173,103.325337347997,4,0.99850786624027,0.89850786624027,332.608071218598,298.850968364914
22.99,100,0,3536.0415103896,103.348947954143,4,0.998512296669478,0.898512296669478,332.608504101436,298.85283091198
23,100,0,3536.67415492873,103.372553039084,4,0.998516725713675,0.898516725713675,332.608936886016,298.85469291393
23.01,100,0,3537.30660269379,103.396152602784,4,0.99852115337318,0.89852115337318,332.609369572345,298.85655437087
23.02,100,0,3537.93885372947,103.419746645203,4,0.998525579648311,0.898525579648311,332.609802160429,298.85841528291
23.03,100,0,3538.57090808043,103.443335166306,4,0.998530004539386,0.898530004539386,332.610234650275,298.860275650158
23.04,100,0,3539.20276579134,103.466918166056,4,0.998534428046724,0.898534428046724,332.610667041887,298.862135472722
23.05,100,0,3539.83442690688,103.49049564442,4,0.998538850170643,0.898538850170643,332.611099335274,298.863994750711
23.06,100,0,3540.4658914717,103.514067601362,4,0.998543270911461,0.898543270911461,332.611531530441,298.865853484233
23.07,100,0,3541.09715953047,103.537634036851,4,0.998547690269496,0.898547690269496,332.611963627394,298.867711673396
23.08,100,0,3541.72823112784,103.561194950854,4,0.998552108245067,0.898552108245067,332.61239562614,298.86956931831
23.09,100,0,3542.35910630848,103.584750343341,4,0.998556524838491,0.898556524838491,332.612827526684,298.871426419082
23.1,100,0,3542.98978511702,103.608300214281,4,0.998560940050088,0.898560940050088,332.613259329034,298.87328297582
23.11,100,0,3543.62026759813,103.631844563645,4,0.998565353880174,0.898565353880174,332.613691033195,298.875138988633
23.12,100,0,3544.25055379645,103.655383391406,4,0.998569766329068,0.898569766329068,332.614122639173,298.87699445763
23.13,100,0,3544.88064375663,103.678916697535,4,0.998574177397089,0.898574177397089,332.614554146974,298.878849382917
23.14,100,0,3545.5105375233,103.702444482007,4,0.998578587084554,0.898578587084554,332.614985556607,298.880703764606
23.15,100,0,3546.1402351411,103.725966744796,4,0.998582995391782,0.898582995391782,332.615416868076,298.882557602802
23.16,100,0,3546.76973665468,103.749483485878,4,0.99858740231909,0.89858740231909,332.615848081387,298.884410897614
23.17,100,0,3547.39904210866,103.77299470523,4,0.998591807866796,0.898591807866796,332.616279196546,298.886263649151
23.18,100,0,3548.02815154767,103.796500402828,4,0.998596212035218,0.898596212035218,332.616710213561,298.888115857521
23.19,100,0,3548.65706501634,103.820000578652,4,0.998600614824675,0.898600614824675,332.617141132437,298.889967522834
23.2,100,0,3549.2857825593,103.843495232681,4,0.998605016235484,0.898605016235484,332.61757195318,298.891818645195
23.21,100,0,3549.91430422116,103.866984364895,4,0.998609416267964,0.898609416267964,332.618002675798,298.893669224714
23.22,100,0,3550.54263004655,103.890467975275,4,0.998613814922431,0.898613814922431,332.618433300294,298.8955192615
23.23,100,0,3551.17076008007,103.913946063803,4,0.998618212199204,0.898618212199204,332.618863826678,298.89736875566
23.24,100,0,3551.79869436636,103.937418630463,4,0.998622608098601,0.898622608098601,332.619294254953,298.899217707302
23.25,100,0,3552.42643295,103.960885675239,4,0.99862700262094,0.89862700262094,332.619724585128,298.901066116537
23.26,100,0,3553.05397587562,103.984347198116,4,0.998631395766538,0.898631395766538,332.620154817208,298.90291398347
23.27,100,0,3553.68132318781,104.007803199079,4,0.998635787535713,0.898635787535713,332.620584951199,298.904761308211
23.28,100,0,3554.30847493118,104.031253678115,4,0.998640177928784,0.898640177928784,332.621014987107,298.906608090867
23.29,100,0,3554.93543115033,104.054698635213,4,0.998644566946067,0.898644566946067,332.621444924939,298.908454331547
23.3,100,0,3555.56219188985,104.078138070361,4,0.99864895458788,0.89864895458788,332.621874764701,298.910300030359
23.31,100,0,3556.18875719434,104.101571983549,4,0.998653340854541,0.898653340854541,332.622304506399,298.912145187412
23.32,100,0,3556.81512710838,104.125000374766,4,0.998657725746369,0.898657725746369,332.62273415004,298.913989802814
23.33,100,0,3557.44130167656,104.148423244006,4,0.998662109263679,0.898662109263679,332.623163695628,298.915833876671
23.34,100,0,3558.06728094347,104.171840591259,4,0.998666491406791,0.898666491406791,332.623593143172,298.917677409095
23.35,100,0,3558.69306495369,104.195252416521,4,0.998670872176021,0.898670872176021,332.624022492678,298.919520400191
23.36,100,0,3559.3186537518,104.218658719784,4,0.998675251571688,0.898675251571688,332.62445174415,298.921362850069
23.37,100,0,3559.94404738237,104.242059501044,4,0.998679629594108,0.898679629594108,332.624880897597,298.923204758837
23.38,100,0,3560.56924588999,104.265454760298,4,0.9986840062436,0.8986840062436,332.625309953022,298.925046126601
23.39,100,0,3561.19424931921,104.288844497543,4,0.99868838152048,0.89868838152048,332.625738910434,298.926886953472
23.4,100,0,3561.8190577146,104.312228712776,4,0.998692755425067,0.898692755425067,332.626167769839,298.928727239557
23.41,100,0,3562.44367112074,104.335607405996,4,0.998697127957678,0.898697127957678,332.626596531241,298.930566984964
23.42,100,0,3563.06808958218,104.358980577204,4,0.99870149911863,0.89870149911863,332.627025194649,298.932406189802
23.43,100,0,3563.69231314348,104.3823482264,4,0.998705868908241,0.898705868908241,332.627453760069,298.934244854178
23.44,100,0,3564.3163418492,104.405710353587,4,0.998710237326827,0.898710237326827,332.627882227505,298.936082978201
23.45,100,0,3564.94017574389,104.429066958766,4,0.998714604374707,0.898714604374708,332.628310596964,298.937920561978
23.46,100,0,3565.5638148721,104.452418041941,4,0.998718970052199,0.898718970052199,332.628738868454,298.939757605619
23.47,100,0,3566.18725927838,104.475763603117,4,0.998723334359618,0.898723334359618,332.62916704198,298.94159410923
23.48,100,0,3566.81050900728,104.4991036423,4,0.998727697297283,0.898727697297283,332.629595117547,298.943430072921
23.49,100,0,3567.43356410333,104.522438159495,4,0.99873205886551,0.89873205886551,332.630023095164,298.945265496799
23.5,100,0,3568.05642461108,104.545767154711,4,0.998736419064618,0.898736419064618,332.630450974835,298.947100380972
23.51,100,0,3568.67909057506,104.569090627954,4,0.998740777894923,0.898740777894923,332.630878756567,298.948934725549
23.52,100,0,3569.3015620398,104.592408579236,4,0.998745135356742,0.898745135356742,332.631306440366,298.950768530637
23.53,100,0,3569.92383904984,104.615721008564,4,0.998749491450393,0.898749491450393,332.631734026239,298.952601796345
23.54,100,0,3570.54592164971,104.639027915952,4,0.998753846176193,0.898753846176193,332.632161514191,298.95443452278
23.55,100,0,3571.16780988393,104.66232930141,4,0.99875819953446,0.89875819953446,332.63258890423,298.956266710052
23.56,100,0,3571.78950379701,104.685625164951,4,0.998762551525509,0.898762551525509,332.633016196361,298.958098358267
23.57,100,0,3572.41100343349,104.70891550659,4,0.998766902149659,0.898766902149659,332.63344339059,298.959929467534
23.58,100,0,3573.03230883788,104.73220032634,4,0.998771251407226,0.898771251407226,332.633870486924,298.961760037961
23.59,100,0,3573.65342005468,104.755479624218,4,0.998775599298528,0.898775599298528,332.634297485368,298.963590069657
23.6,100,0,3574.27433712842,104.77875340024,4,0.998779945823881,0.898779945823881,332.634724385931,298.965419562728
23.61,100,0,3574.8950601036,104.802021654424,4,0.998784290983603,0.898784290983603,332.635151188616,298.967248517284
23.62,100,0,3575.51558902472,104.825284386787,4,0.998788634778011,0.898788634778011,332.635577893431,298.969076933431
23.63,100,0,3576.13592393629,104.84854159735,4,0.998792977207421,0.898792977207421,332.636004500382,298.970904811279
23.64,100,0,3576.75606488281,104.871793286132,4,0.998797318272151,0.898797318272151,332.636431009475,298.972732150936
23.65,100,0,3577.37601190877,104.895039453154,4,0.998801657972517,0.898801657972517,332.636857420717,298.974558952508
23.66,100,0,3577.99576505866,104.91828009844,4,0.998805996308836,0.898805996308836,332.637283734113,298.976385216104
23.67,100,0,3578.61532437699,104.941515222011,4,0.998810333281426,0.898810333281426,332.63770994967,298.978210941833
23.68,100,0,3579.23468990823,104.964744823891,4,0.998814668890603,0.898814668890603,332.638136067395,298.980036129803
23.69,100,0,3579.85386169687,104.987968904106,4,0.998819003136684,0.898819003136685,332.638562087292,298.98186078012
23.7,100,0,3580.4728397874,105.011187462681,4,0.998823336019986,0.898823336019986,332.63898800937,298.983684892894
23.71,100,0,3581.09162422429,105.034400499643,4,0.998827667540826,0.898827667540826,332.639413833634,298.985508468232
23.72,100,0,3581.71021505202,105.057608015019,4,0.99883199769952,0.89883199769952,332.639839560089,298.987331506243
23.73,100,0,3582.32861231506,105.080810008838,4,0.998836326496385,0.898836326496385,332.640265188743,298.989154007033
23.74,100,0,3582.94681605789,105.104006481129,4,0.998840653931739,0.898840653931739,332.640690719602,298.990975970712
23.75,100,0,3583.56482632497,105.127197431922,4,0.998844980005896,0.898844980005897,332.641116152671,298.992797397387
23.76,100,0,3584.18264316077,105.150382861249,4,0.998849304719176,0.898849304719176,332.641541487958,298.994618287166
23.77,100,0,3584.80026660975,105.173562769142,4,0.998853628071893,0.898853628071893,332.641966725468,298.996438640157
23.78,100,0,3585.41769671637,105.196737155633,4,0.998857950064365,0.898857950064365,332.642391865208,298.998258456468
23.79,100,0,3586.03493352509,105.219906020758,4,0.998862270696909,0.898862270696909,332.642816907184,299.000077736207
23.8,100,0,3586.65197708037,105.24306936455,4,0.99886658996984,0.89886658996984,332.643241851402,299.001896479482
23.81,100,0,3587.26882742664,105.266227187046,4,0.998870907883476,0.898870907883476,332.643666697868,299.003714686401
23.82,100,0,3587.88548460837,105.289379488281,4,0.998875224438133,0.898875224438133,332.644091446589,299.005532357071
23.83,100,0,3588.50194866999,105.312526268295,4,0.998879539634127,0.898879539634127,332.644516097571,299.007349491602
23.84,100,0,3589.11821965595,105.335667527125,4,0.998883853471776,0.898883853471776,332.64494065082,299.009166090099
23.85,100,0,3589.73429761069,105.35880326481,4,0.998888165951395,0.898888165951395,332.645365106343,299.010982152673
23.86,100,0,3590.35018257864,105.381933481392,4,0.998892477073301,0.898892477073301,332.645789464146,299.01279767943
23.87,100,0,3590.96587460425,105.40505817691,4,0.998896786837811,0.898896786837811,332.646213724234,299.014612670478
23.88,100,0,3591.58137373193,105.428177351408,4,0.998901095245241,0.898901095245241,332.646637886615,299.016427125925
23.89,100,0,3592.19668000613,105.451291004929,4,0.998905402295908,0.898905402295908,332.647061951295,299.01824104588
23.9,100,0,3592.81179347126,105.474399137516,4,0.998909707990127,0.898909707990127,332.647485918279,299.02005443045
23.91,100,0,3593.42671417175,105.497501749214,4,0.998914012328215,0.898914012328215,332.647909787574,299.021867279742
23.92,100,0,3594.04144215202,105.520598840069,4,0.998918315310489,0.898918315310489,332.648333559186,299.023679593865
23.93,100,0,3594.65597745648,105.543690410128,4,0.998922616937265,0.898922616937265,332.648757233123,299.025491372927
23.94,100,0,3595.27032012955,105.566776459438,4,0.998926917208858,0.898926917208858,332.649180809388,299.027302617036
23.95,100,0,3595.88447021563,105.589856988048,4,0.998931216125586,0.898931216125586,332.64960428799,299.029113326298
23.96,100,0,3596.49842775915,105.612931996008,4,0.998935513687765,0.898935513687765,332.650027668935,299.030923500823
23.97,100,0,3597.1121928045,105.636001483366,4,0.998939809895711,0.898939809895711,332.650450952227,299.032733140717
23.98,100,0,3597.72576539609,105.659065450176,4,0.998944104749739,0.89894410474974,332.650874137875,299.03454224609
23.99,100,0,3598.33914557832,105.682123896488,4,0.998948398250167,0.898948398250167,332.651297225884,299.036350817049
24,100,0,3598.95233339557,105.705176822356,4,0.998952690397311,0.898952690397311,332.651720216261,299.038158853701
24.01,100,0,3599.56532889226,105.728224227834,4,0.998956981191486,0.898956981191486,332.652143109011,299.039966356155
24.02,100,0,3600.17774310557,105.751266107928,4,0.998961280349229,0.898961280349229,332.652238458134,299.041482195361
24.03,100,0,3600.78338603832,105.774302160404,4,0.998965742268397,0.898965742268397,332.646802468589,299.038079694384
24.04,100,0,3601.38251677021,105.797331696217,4,0.998970359833701,0.898970359833701,332.636073237378,299.029970451875
24.05,100,0,3601.97720762416,105.820354215917,4,0.99897508080253,0.89897508080253,332.621810065694,299.018718580491
24.06,100,0,3602.56884350168,105.843369386327,4,0.998979870267763,0.898979870267763,332.605188381532,299.005369101615
24.07,100,0,3603.15835000823,105.866376985361,4,0.998984704903142,0.898984704903142,332.586993553248,298.99062025409
24.08,100,0,3603.7463458537,105.889376865162,4,0.998989569119536,0.898989569119536,332.567750368627,298.974938606946
24.09,100,0,3604.33324466666,105.91236892748,4,0.998994452497451,0.898994452497451,332.547809526628,298.958635954617
24.1,100,0,3604.91932301736,105.935353107211,4,0.998999348071907,0.898999348071907,332.527405412623,298.941920681991
24.11,100,0,3605.50801476135,105.958328526873,4,0.99900416937564,0.89900416937564,332.49120338203,298.910978121169
24.12,100,0,3606.10279016029,105.981294273353,4,0.999008829040746,0.899008829040746,332.458237687077,298.882890968009
24.13,100,0,3606.70141331539,106.004250891191,4,0.999013383387879,0.899013383387879,332.4292197186,298.858317556211
24.14,100,0,3607.30238743169,106.027198746477,4,0.999017870117234,0.899017870117234,332.402716920822,298.835982587339
24.15,100,0,3607.90476017456,106.050138072814,4,0.999022313214211,0.899022313214211,332.377818190822,298.815074971005
24.16,100,0,3608.50792552527,106.073069019531,4,0.999026727941469,0.899026727941469,332.353943943829,298.795078742263
24.17,100,0,3609.11149779167,106.095991682348,4,0.999031124012834,0.899031124012834,332.330725413682,298.775665612663
24.18,100,0,3609.71523147954,106.118906122867,4,0.999035507611697,0.899035507611697,332.307927926819,298.756626667079
24.19,100,0,3610.31897032096,106.141812380983,4,0.999039882674826,0.899039882674826,332.285402116792,298.737828933638
24.2,100,0,3610.92261484381,106.16471048277,4,0.999044251709099,0.899044251709099,332.263052897677,298.719187762973
24.21,100,0,3611.52610173449,106.187600445502,4,0.999048616311171,0.899048616311171,332.240819727925,298.700649258481
24.22,100,0,3612.1293907031,106.210482280854,4,0.99905297749819,0.89905297749819,332.218664053818,298.682179098056
24.23,100,0,3612.73245612219,106.233355996934,4,0.999057335918291,0.899057335918291,332.196561319375,298.663755421014
24.24,100,0,3613.33528170349,106.256221599575,4,0.999061691984595,0.899061691984595,332.174495881176,298.64536430106
24.25,100,0,3613.93785710815,106.279079093165,4,0.99906604596053,0.89906604596053,332.152457771448,298.626996864648
24.26,100,0,3614.54017578793,106.301928481172,4,0.999070398014156,0.899070398014156,332.130440637323,298.608647456415
24.27,100,0,3615.14223361012,106.324769766471,4,0.999074748252771,0.899074748252771,332.108440428676,298.590312471032
24.28,100,0,3615.74402798149,106.34760295157,4,0.999079096744949,0.899079096744949,332.086454562487,298.571989609273
24.29,100,0,3616.34555729014,106.370428038732,4,0.999083443534584,0.899083443534584,332.064481390598,298.553677404185
24.3,100,0,3616.94682054976,106.393245030072,4,0.999087788649837,0.899087788649837,332.042519860644,298.535374919226
24.31,100,0,3617.54781717294,106.416053927608,4,0.999092132108839,0.899092132108839,332.020569300026,298.517081555951
24.32,100,0,3618.14854682662,106.438854733296,4,0.999096473923325,0.899096473923325,331.998629278245,298.498796931447
24.33,100,0,3618.74900934,106.461647449052,4,0.999100814100949,0.899100814100949,331.976699519174,298.480520800236
24.34,100,0,3619.34920464572,106.484432076769,4,0.999105152646766,0.899105152646766,331.954779845124,298.462253004474
24.35,100,0,3619.94913274244,106.507208618323,4,0.999109489564168,0.899109489564168,331.932870141192,298.443993442217
24.36,100,0,3620.54879367091,106.529977075581,4,0.999113824855491,0.899113824855491,331.910970332531,298.425742047179
24.37,100,0,3621.14818749873,106.552737450402,4,0.999118158522392,0.899118158522392,331.889080369842,298.407498775823
24.38,100,0,3621.74731431062,106.575489744645,4,0.999122490566099,0.899122490566099,331.867200220137,298.389263599127
24.39,100,0,3622.34617420223,106.598233960163,4,0.999126820987564,0.899126820987564,331.845329860831,298.371036497339
24.4,100,0,3622.94476727615,106.620970098809,4,0.999131149787561,0.899131149787561,331.823469275987,298.352817456615
24.41,100,0,3623.54309363939,106.643698162436,4,0.999135476966756,0.899135476966756,331.801618453905,298.334606466893
24.42,100,0,3624.14115340176,106.666418152896,4,0.999139802525739,0.899139802525739,331.779777385597,298.316403520519
24.43,100,0,3624.73894667487,106.689130072041,4,0.999144126465057,0.899144126465057,331.757946063806,298.298208611382
24.44,100,0,3625.33647357142,106.711833921723,4,0.999148448785226,0.899148448785226,331.736124482378,298.280021734353
24.45,100,0,3625.93373420482,106.734529703795,4,0.999152769486745,0.899152769486745,331.714312635868,298.261842884933
24.46,100,0,3626.53072868891,106.757217420108,4,0.999157088570099,0.899157088570099,331.692510519283,298.243672059026
24.47,100,0,3627.12745713779,106.779897072517,4,0.999161406035767,0.899161406035767,331.670718127919,298.225509252793
24.48,100,0,3627.72391966568,106.802568662875,4,0.999165721884222,0.899165721884222,331.648935457259,298.20735446256
24.49,100,0,3628.3201163869,106.825232193034,4,0.999170036115934,0.899170036115934,331.627162502906,298.189207684763
24.5,100,0,3628.91604741581,106.84788766485,4,0.999174348731372,0.899174348731372,331.605399260535,298.171068915899
24.51,100,0,3629.51171286676,106.870535080177,4,0.999178659731003,0.899178659731003,331.583645725877,298.152938152514
24.52,100,0,3630.10711285407,106.893174440869,4,0.999182969115292,0.899182969115292,331.561901894693,298.134815391183
24.53,100,0,3630.70224749205,106.915805748781,4,0.999187276884704,0.899187276884704,331.540167762765,298.116700628498
24.54,100,0,3631.29711689499,106.93842900577,4,0.999191583039706,0.899191583039706,331.518443325888,298.098593861065
24.55,100,0,3631.8917211771,106.961044213692,4,0.999195887580762,0.899195887580762,331.496728579871,298.080495085496
24.56,100,0,3632.48606045259,106.983651374402,4,0.999200190508336,0.899200190508336,331.475023520525,298.062404298411
24.57,100,0,3633.0801348356,107.006250489757,4,0.999204491822894,0.899204491822894,331.45332814367,298.044321496435
24.58,100,0,3633.67394444024,107.028841561615,4,0.999208791524898,0.899208791524898,331.431642445127,298.026246676195
24.59,100,0,3634.26748938056,107.051424591833,4,0.999213089614815,0.899213089614815,331.409966420722,298.008179834319
24.6,100,0,3634.86076977056,107.073999582269,4,0.999217386093108,0.899217386093108,331.388300066282,297.99012096744
24.61,100,0,3635.45378572421,107.096566534781,4,0.999221680960241,0.899221680960241,331.366643377638,297.972070072192
24.62,100,0,3636.04653735543,107.119125451228,4,0.999225974216679,0.899225974216679,331.344996350622,297.95402714521
24.63,100,0,3636.63902477808,107.141676333469,4,0.999230265862885,0.899230265862885,331.323358981068,297.93599218313
24.64,100,0,3637.23124810599,107.164219183363,4,0.999234555899324,0.899234555899324,331.301731264813,297.917965182591
24.65,100,0,3637.82320745292,107.18675400277,4,0.99923884432646,0.89923884432646,331.280113197693,297.899946140232
24.66,100,0,3638.41490293259,107.20928079355,4,0.999243131144757,0.899243131144757,331.258504775548,297.881935052695
24.67,100,0,3639.0063346587,107.231799557564,4,0.999247416354679,0.899247416354679,331.236905994222,297.863931916622
24.68,100,0,3639.59750274486,107.254310296673,4,0.999251699956689,0.899251699956689,331.215316849557,297.845936728657
24.69,100,0,3640.18840730467,107.276813012738,4,0.999255981951252,0.899255981951252,331.193737337397,297.827949485446
24.7,100,0,3640.77904845164,107.29930770762,4,0.999260262338831,0.899260262338831,331.172167453588,297.809970183633
24.71,100,0,3641.36942629929,107.321794383183,4,0.99926454111989,0.89926454111989,331.150607193981,297.791998819869
24.72,100,0,3641.95954096103,107.344273041287,4,0.999268818294893,0.899268818294893,331.129056554426,297.774035390801
24.73,100,0,3642.54939255027,107.366743683797,4,0.999273093864304,0.899273093864304,331.107515530773,297.756079893081
24.74,100,0,3643.13898118036,107.389206312574,4,0.999277367828586,0.899277367828586,331.085984118876,297.73813232336
24.75,100,0,3643.72830696458,107.411660929483,4,0.999281640188203,0.899281640188203,331.064462314591,297.720192678291
24.76,100,0,3644.31737001619,107.434107536388,4,0.999285910943618,0.899285910943618,331.042950113775,297.702260954529
24.77,100,0,3644.9061704484,107.456546135152,4,0.999290180095296,0.899290180095296,331.021447512287,297.68433714873
24.78,100,0,3645.49470837437,107.478976727641,4,0.999294447643699,0.899294447643699,330.999954505987,297.666421257551
24.79,100,0,3646.08298390719,107.50139931572,4,0.99929871358929,0.89929871358929,330.978471090739,297.648513277652
24.8,100,0,3646.67099715993,107.523813901253,4,0.999302977932534,0.899302977932534,330.956997262405,297.63061320569
24.81,100,0,3647.25874824561,107.546220486107,4,0.999307240673894,0.899307240673894,330.935533016851,297.612721038329
24.82,100,0,3647.8462372772,107.568619072148,4,0.999311501813833,0.899311501813833,330.914078349946,297.59483677223
24.83,100,0,3648.43346436761,107.591009661242,4,0.999315761352814,0.899315761352814,330.892633257557,297.576960404057
24.84,100,0,3649.02042962972,107.613392255255,4,0.9993200192913,0.8993200192913,330.871197735556,297.559091930476
24.85,100,0,3649.60713317636,107.635766856056,4,0.999324275629755,0.899324275629755,330.849771779816,297.541231348153
24.86,100,0,3650.1935751203,107.658133465512,4,0.999328530368642,0.899328530368642,330.828355386212,297.523378653756
24.87,100,0,3650.77975557427,107.680492085491,4,0.999332783508424,0.899332783508424,330.806948550617,297.505533843955
24.88,100,0,3651.36567465097,107.70284271786,4,0.999337035049563,0.899337035049563,330.785551268913,297.487696915419
24.89,100,0,3651.95133246302,107.72518536449,4,0.999341284992524,0.899341284992524,330.764163536975,297.469867864821
24.9,100,0,3652.53672912303,107.747520027248,4,0.999345533337769,0.899345533337769,330.742785350688,297.452046688834
24.91,100,0,3653.12186474352,107.769846708003,4,0.99934978008576,0.89934978008576,330.721416705933,297.434233384132
24.92,100,0,3653.70673943701,107.792165408627,4,0.999354025236962,0.899354025236962,330.700057598595,297.416427947392
24.93,100,0,3654.29135331594,107.814476130989,4,0.999358268791836,0.899358268791836,330.678708024561,297.39863037529
24.94,100,0,3654.87570649271,107.836778876958,4,0.999362510750845,0.899362510750845,330.657367979718,297.380840664506
24.95,100,0,3655.45979907968,107.859073648407,4,0.999366751114453,0.899366751114453,330.636037459956,297.363058811717
24.96,100,0,3656.04363118916,107.881360447206,4,0.999370989883121,0.899370989883121,330.614716461167,297.345284813607
24.97,100,0,3656.6272029334,107.903639275227,4,0.999375227057313,0.899375227057313,330.593404979244,297.327518666858
24.98,100,0,3657.21051442464,107.925910134341,4,0.999379462637492,0.899379462637492,330.572103010082,297.309760368153
24.99,100,0,3657.79356577503,107.948173026421,4,0.999383696624119,0.899383696624119,330.550810549577,297.292009914177
25,100,0,3658.3763570967,107.970427953339,4,0.999387929017657,0.899387929017657,330.529527593627,297.274267301617
25.01,100,0,3658.95888850172,107.992674916969,4,0.999392159818569,0.899392159818569,330.508254138133,297.25653252716
25.02,100,0,3659.54116010212,108.014913919183,4,0.999396389027317,0.899396389027317,330.486990178997,297.238805587497
25.03,100,0,3660.12317200988,108.037144961855,4,0.999400616644364,0.899400616644364,330.465735712123,297.221086479317
25.04,100,0,3660.70492433694,108.059368046859,4,0.999404842670172,0.899404842670172,330.444490733413,297.203375199311
25.05,100,0,3661.28641719519,108.08158317607,4,0.999409067105204,0.899409067105204,330.423255238777,297.185671744173
25.06,100,0,3661.86765069646,108.103790351361,4,0.999413289949921,0.899413289949921,330.402029224122,297.167976110597
25.07,100,0,3662.44862495256,108.125989574609,4,0.999417511204786,0.899417511204786,330.380812685359,297.15028829528
25.08,100,0,3663.02934007523,108.148180847687,4,0.999421730870261,0.899421730870261,330.3596056184,297.132608294918
25.09,100,0,3663.60979617616,108.170364172473,4,0.999425948946808,0.899425948946808,330.338408019158,297.114936106209
25.1,100,0,3664.18999336703,108.192539550842,4,0.999430165434889,0.899430165434889,330.317219883549,297.097271725853
25.11,100,0,3664.76993175943,108.214706984671,4,0.999434380334967,0.899434380334967,330.296041207489,297.07961515055
25.12,100,0,3665.34961146493,108.236866475835,4,0.999438593647503,0.899438593647503,330.274871986898,297.061966377005
25.13,100,0,3665.92903259504,108.259018026213,4,0.999442805372959,0.899442805372959,330.253712217696,297.044325401918
25.14,100,0,3666.50819526124,108.281161637682,4,0.999447015511798,0.899447015511798,330.232561895805,297.026692221997
25.15,100,0,3667.08709957494,108.303297312118,4,0.999451224064481,0.899451224064481,330.211421017149,297.009066833946
25.16,100,0,3667.66574564752,108.325425051402,4,0.999455431031469,0.899455431031469,330.190289577653,296.991449234474
25.17,100,0,3668.24413359031,108.34754485741,4,0.999459636413226,0.899459636413226,330.169167573245,296.973839420289
25.18,100,0,3668.82226351459,108.369656732022,4,0.999463840210212,0.899463840210212,330.148054999854,296.956237388101
25.19,100,0,3669.40013553161,108.391760677116,4,0.999468042422889,0.899468042422889,330.12695185341,296.938643134622
25.2,100,0,3669.97774975254,108.413856694573,4,0.999472243051719,0.899472243051719,330.105858129847,296.921056656566
25.21,100,0,3670.55510628855,108.435944786272,4,0.999476442097164,0.899476442097164,330.084773825095,296.903477950644
25.22,100,0,3671.13220525071,108.458024954092,4,0.999480639559685,0.899480639559685,330.063698935094,296.885907013574
25.23,100,0,3671.70904675009,108.480097199915,4,0.999484835439743,0.899484835439743,330.04263345578,296.868343842072
25.24,100,0,3672.28563089769,108.502161525622,4,0.9994890297378,0.8994890297378,330.021577383091,296.850788432855
25.25,100,0,3672.86195780446,108.524217933092,4,0.999493222454318,0.899493222454318,330.000530712969,296.833240782644
25.26,100,0,3673.43802758133,108.546266424209,4,0.999497413589758,0.899497413589758,329.979493441356,296.815700888158
25.27,100,0,3674.01384033915,108.568307000853,4,0.999501603144581,0.899501603144581,329.958465564196,296.79816874612
25.28,100,0,3674.58939618876,108.590339664907,4,0.999505791119248,0.899505791119248,329.937447077435,296.780644353253
25.29,100,0,3675.16469524091,108.612364418253,4,0.999509977514221,0.899509977514221,329.91643797702,296.763127706282
25.3,100,0,3675.73973760634,108.634381262773,4,0.999514162329962,0.899514162329962,329.895438258901,296.745618801931
25.31,100,0,3676.31452339573,108.656390200352,4,0.99951834556693,0.89951834556693,329.87444791903,296.72811763693
25.32,100,0,3676.88905271972,108.678391232872,4,0.999522527225588,0.899522527225588,329.853466953357,296.710624208006
25.33,100,0,3677.4633256889,108.700384362217,4,0.999526707306396,0.899526707306396,329.832495357837,296.693138511888
25.34,100,0,3678.03734241381,108.722369590271,4,0.999530885809816,0.899530885809816,329.811533128428,296.675660545308
25.35,100,0,3678.61110300494,108.744346918919,4,0.999535062736308,0.899535062736308,329.790580261085,296.658190304998
25.36,100,0,3679.18460757275,108.766316350045,4,0.999539238086333,0.899539238086333,329.769636751769,296.640727787693
25.37,100,0,3679.75785622765,108.788277885534,4,0.999543411860353,0.899543411860353,329.74870259644,296.623272990126
25.38,100,0,3680.33084907998,108.810231527272,4,0.999547584058828,0.899547584058828,329.72777779106,296.605825909034
25.39,100,0,3680.90358624008,108.832177277144,4,0.999551754682218,0.899551754682218,329.706862331595,296.588386541155
25.4,100,0,3681.47606781819,108.854115137037,4,0.999555923730986,0.899555923730986,329.685956214012,296.570954883228
25.41,100,0,3682.04829392455,108.876045108836,4,0.99956009120559,0.89956009120559,329.665059434275,296.553530931993
25.42,100,0,3682.62026466933,108.897967194428,4,0.999564257106493,0.899564257106493,329.644171988356,296.536114684191
25.43,100,0,3683.19198016266,108.919881395701,4,0.999568421434154,0.899568421434154,329.623293872225,296.518706136564
25.44,100,0,3683.76344051463,108.941787714542,4,0.999572584189035,0.899572584189035,329.602425081856,296.501305285858
25.45,100,0,3684.33464583526,108.963686152837,4,0.999576745371596,0.899576745371596,329.581565613223,296.483912128818
25.46,100,0,3684.90559623456,108.985576712476,4,0.999580904982297,0.899580904982297,329.560715462301,296.46652666219
25.47,100,0,3685.47629182247,109.007459395346,4,0.999585063021598,0.899585063021598,329.539874625068,296.449148882721
25.48,100,0,3686.04673270889,109.029334203336,4,0.999589219489961,0.899589219489961,329.519043097504,296.431778787163
25.49,100,0,3686.61691900367,109.051201138334,4,0.999593374387845,0.899593374387845,329.49822087559,296.414416372264
25.5,100,0,3687.18685081663,109.073060202231,4,0.999597527715711,0.899597527715711,329.477407955309,296.397061634777
25.51,100,0,3687.75652825752,109.094911396915,4,0.999601679474019,0.899601679474019,329.456604332645,296.379714571455
25.52,100,0,3688.32595143607,109.116754724276,4,0.99960582966323,0.89960582966323,329.435810003584,296.362375179053
25.53,100,0,3688.89512046194,109.138590186204,4,0.999609978283802,0.899609978283802,329.415024964114,296.345043454325
25.54,100,0,3689.46403544477,109.16041778459,4,0.999614125336198,0.899614125336198,329.394249210224,296.327719394029
25.55,100,0,3690.03269649412,109.182237521325,4,0.999618270820876,0.899618270820876,329.373482737906,296.310402994924
25.56,100,0,3690.60110371955,109.2040493983,4,0.999622414738296,0.899622414738297,329.352725543152,296.29309425377
25.57,100,0,3691.16925723053,109.225853417405,4,0.99962655708892,0.89962655708892,329.331977621957,296.275793167326
25.58,100,0,3691.73715713651,109.247649580533,4,0.999630697873206,0.899630697873206,329.311238970316,296.258499732356
25.59,100,0,3692.30480354689,109.269437889575,4,0.999634837091614,0.899634837091615,329.290509584228,296.241213945622
25.6,100,0,3692.87219657102,109.291218346424,4,0.999638974744605,0.899638974744605,329.269789459693,296.22393580389
25.61,100,0,3693.43933631821,109.312990952973,4,0.999643110832638,0.899643110832638,329.24907859271,296.206665303925
25.62,100,0,3694.00622289772,109.334755711114,4,0.999647245356173,0.899647245356173,329.228376979283,296.189402442496
25.63,100,0,3694.57285641876,109.35651262274,4,0.99965137831567,0.89965137831567,329.207684615415,296.172147216369
25.64,100,0,3695.13923699051,109.378261689746,4,0.999655509711588,0.899655509711588,329.187001497115,296.154899622316
25.65,100,0,3695.70536472209,109.400002914024,4,0.999659639544387,0.899659639544387,329.166327620388,296.137659657108
25.66,100,0,3696.27123972258,109.421736297469,4,0.999663767814526,0.899663767814526,329.145662981245,296.120427317517
25.67,100,0,3696.83686210101,109.443461841976,4,0.999667894522465,0.899667894522465,329.125007575696,296.103202600317
25.68,100,0,3697.40223196638,109.465179549438,4,0.999672019668664,0.899672019668664,329.104361399755,296.085985502284
25.69,100,0,3697.96734942762,109.486889421752,4,0.999676143253582,0.899676143253582,329.083724449435,296.068776020192
25.7,100,0,3698.53221459364,109.508591460812,4,0.999680265277678,0.899680265277678,329.063096720752,296.05157415082
25.71,100,0,3699.09682757329,109.530285668514,4,0.999684385741411,0.899684385741412,329.042478209724,296.034379890948
25.72,100,0,3699.66118847537,109.551972046753,4,0.999688504645242,0.899688504645242,329.021868912372,296.017193237354
25.73,100,0,3700.22529740866,109.573650597427,4,0.999692621989629,0.899692621989629,329.001268824714,296.000014186822
25.74,100,0,3700.78915448185,109.595321322432,4,0.999696737775031,0.899696737775031,328.980677942775,295.982842736132
25.75,100,0,3701.35275980363,109.616984223663,4,0.999700852001908,0.899700852001908,328.960096262577,295.96567888207
25.76,100,0,3701.91611348263,109.638639303019,4,0.999704964670718,0.899704964670718,328.939523780149,295.948522621421
25.77,100,0,3702.47921562742,109.660286562397,4,0.999709075781921,0.899709075781921,328.918960491516,295.931373950972
25.78,100,0,3703.04206634654,109.681926003695,4,0.999713185335976,0.899713185335976,328.898406392708,295.914232867509
25.79,100,0,3703.60466574848,109.70355762881,4,0.999717293333341,0.899717293333341,328.877861479756,295.897099367824
25.8,100,0,3704.16701394169,109.72518143964,4,0.999721399774476,0.899721399774476,328.857325748693,295.879973448705
25.81,100,0,3704.72911103457,109.746797438085,4,0.99972550465984,0.89972550465984,328.836799195552,295.862855106945
25.82,100,0,3705.29095713547,109.768405626043,4,0.999729607989891,0.899729607989891,328.81628181637,295.845744339336
25.83,100,0,3705.85255235271,109.790006005413,4,0.999733709765087,0.899733709765087,328.795773607184,295.828641142674
25.84,100,0,3706.41389679454,109.811598578095,4,0.999737809985889,0.899737809985889,328.775274564034,295.811545513753
25.85,100,0,3706.9749905692,109.833183345988,4,0.999741908652754,0.899741908652754,328.754784682959,295.794457449371
25.86,100,0,3707.53583378485,109.854760310993,4,0.999746005766141,0.899746005766141,328.734303960002,295.777376946325
25.87,100,0,3708.09642654963,109.876329475009,4,0.999750101326509,0.899750101326509,328.713832391208,295.760304001415
25.88,100,0,3708.65676897161,109.897890839938,4,0.999754195334316,0.899754195334316,328.693369972622,295.743238611441
25.89,100,0,3709.21686115886,109.919444407679,4,0.999758287790021,0.899758287790021,328.672916700292,295.726180773207
25.9,100,0,3709.77670321934,109.940990180135,4,0.999762378694082,0.899762378694082,328.652472570266,295.709130483514
25.91,100,0,3710.33629526103,109.962528159206,4,0.999766468046958,0.899766468046958,328.632037578595,295.692087739168
25.92,100,0,3710.89563739182,109.984058346795,4,0.999770555849107,0.899770555849107,328.611611721331,295.675052536972
25.93,100,0,3711.45472971957,110.005580744803,4,0.999774642100986,0.899774642100986,328.591194994528,295.658024873737
25.94,100,0,3712.01357235211,110.027095355132,4,0.999778726803056,0.899778726803056,328.570787394241,295.641004746268
25.95,100,0,3712.57216539719,110.048602179686,4,0.999782809955773,0.899782809955773,328.55038891653,295.623992151377
25.96,100,0,3713.13050896256,110.070101220367,4,0.999786891559596,0.899786891559596,328.52999955745,295.606987085874
25.97,100,0,3713.68860315588,110.091592479077,4,0.999790971614983,0.899790971614983,328.509619313064,295.58998954657
25.98,100,0,3714.2464480848,110.113075957722,4,0.999795050122391,0.899795050122391,328.489248179433,295.572999530279
25.99,100,0,3714.8040438569,110.134551658203,4,0.99979912708228,0.89979912708228,328.468886152621,295.556017033817
26,100,0,3715.36139057975,110.156019582425,4,0.999803202495107,0.899803202495107,328.448533228693,295.539042053999
26.01,100,0,3715.91848836083,110.177479732293,4,0.99980727636133,0.89980727636133,328.428189403716,295.522074587641
26.02,100,0,3716.4753373076,110.198932109711,4,0.999811348681407,0.899811348681407,328.40785467376,295.505114631564
26.03,100,0,3717.03193752748,110.220376716583,4,0.999815419455795,0.899815419455795,328.387529034894,295.488162182585
26.04,100,0,3717.58828912784,110.241813554815,4,0.999819488684953,0.899819488684953,328.36721248319,295.471217237527
26.05,100,0,3718.14439221601,110.263242626312,4,0.999823556369338,0.899823556369338,328.34690501472,295.454279793211
26.06,100,0,3718.70024689925,110.284663932979,4,0.999827622509408,0.899827622509408,328.326606625563,295.437349846462
26.07,100,0,3719.2558532848,110.306077476723,4,0.99983168710562,0.89983168710562,328.306317311792,295.420427394103
26.08,100,0,3719.81121147986,110.327483259449,4,0.999835750158432,0.899835750158432,328.286037069488,295.403512432962
26.09,100,0,3720.36632159157,110.348881283064,4,0.999839811668302,0.899839811668302,328.26576589473,295.386604959864
26.1,100,0,3720.92118372703,110.370271549475,4,0.999843871635687,0.899843871635687,328.245503783598,295.369704971639
26.11,100,0,3721.4757979933,110.391654060588,4,0.999847930061045,0.899847930061045,328.225250732178,295.352812465118
26.12,100,0,3722.03016449738,110.413028818312,4,0.999851986944832,0.899851986944832,328.205006736554,295.33592743713
26.13,100,0,3722.58428334626,110.434395824552,4,0.999856042287507,0.899856042287507,328.184771792812,295.319049884508
26.14,100,0,3723.13815464684,110.455755081218,4,0.999860096089526,0.899860096089526,328.16454589704,295.302179804086
26.15,100,0,3723.691778506,110.477106590217,4,0.999864148351347,0.899864148351347,328.144329045329,295.285317192699
26.16,100,0,3724.24515503059,110.498450353457,4,0.999868199073427,0.899868199073427,328.124121233769,295.268462047183
26.17,100,0,3724.79828432739,110.519786372847,4,0.999872248256223,0.899872248256223,328.103922458454,295.251614364375
26.18,100,0,3725.35116650315,110.541114650296,4,0.999876295900193,0.899876295900193,328.083732715479,295.234774141114
26.19,100,0,3725.90380166456,110.562435187712,4,0.999880342005792,0.899880342005792,328.063552000939,295.21794137424
26.2,100,0,3726.45618991829,110.583747987006,4,0.999884386573479,0.899884386573479,328.043380310933,295.201116060595
26.21,100,0,3727.00833137094,110.605053050086,4,0.999888429603711,0.899888429603711,328.02321764156,295.184298197019
26.22,100,0,3727.56022612909,110.626350378863,4,0.999892471096943,0.899892471096943,328.00306398892,295.167487780358
26.23,100,0,3728.11187429925,110.647639975247,4,0.999896511053634,0.899896511053634,327.982919349118,295.150684807457
26.24,100,0,3728.66327598791,110.668921841148,4,0.999900549474239,0.899900549474239,327.962783718258,295.133889275161
26.25,100,0,3729.2144313015,110.690195978477,4,0.999904586359216,0.899904586359216,327.942657092444,295.117101180318
26.26,100,0,3729.76534034641,110.711462389144,4,0.999908621709021,0.899908621709021,327.922539467785,295.100320519776
26.27,100,0,3730.316003229,110.732721075062,4,0.999912655524111,0.899912655524111,327.90243084039,295.083547290386
26.28,100,0,3730.86642005555,110.75397203814,4,0.999916687804943,0.899916687804943,327.88233120637,295.066781489
26.29,100,0,3731.41659093233,110.775215280292,4,0.999920718551973,0.899920718551973,327.862240561837,295.050023112469
26.3,100,0,3731.96651596555,110.796450803428,4,0.999924747765658,0.899924747765658,327.842158902907,295.033272157647
26.31,100,0,3732.51619526139,110.817678609462,4,0.999928775446453,0.899928775446453,327.822086225693,295.016528621389
26.32,100,0,3733.06562892597,110.838898700305,4,0.999932801594816,0.899932801594816,327.802022526313,294.999792500552
26.33,100,0,3733.61481706536,110.86011107787,4,0.999936826211204,0.899936826211204,327.781967800886,294.983063791993
26.34,100,0,3734.16375978562,110.88131574407,4,0.999940849296071,0.899940849296071,327.761922045534,294.96634249257
26.35,100,0,3734.71245719273,110.902512700819,4,0.999944870849875,0.899944870849875,327.741885256378,294.949628599145
26.36,100,0,3735.26090939264,110.92370195003,4,0.999948890873071,0.899948890873072,327.72185742954,294.932922108578
26.37,100,0,3735.80911649125,110.944883493616,4,0.999952909366117,0.899952909366117,327.701838561148,294.91622301773
26.38,100,0,3736.35707859443,110.966057333492,4,0.999956926329467,0.899956926329467,327.681828647328,294.899531323468
26.39,100,0,3736.904795808,110.987223471571,4,0.999960941763579,0.899960941763579,327.661827684208,294.882847022655
26.4,100,0,3737.45226823773,111.008381909769,4,0.999964955668908,0.899964955668908,327.641835667918,294.866170112158
26.41,100,0,3737.99949598935,111.029532649999,4,0.999968968045909,0.899968968045909,327.621852594591,294.849500588843
26.42,100,0,3738.54647916854,111.050675694177,4,0.99997297889504,0.89997297889504,327.60187846036,294.832838449581
26.43,100,0,3739.09321788095,111.071811044218,4,0.999976988216756,0.899976988216756,327.581913261359,294.81618369124
26.44,100,0,3739.63971223218,111.092938702038,4,0.999980996011512,0.899980996011512,327.561956993725,294.799536310693
26.45,100,0,3740.18596232777,111.114058669552,4,0.999985002279764,0.899985002279764,327.542009653597,294.782896304811
26.46,100,0,3740.73196827324,111.135170948675,4,0.999989007021969,0.899989007021969,327.522071237113,294.766263670468
26.47,100,0,3741.27773017406,111.156275541326,4,0.999993010238582,0.899993010238582,327.502141740417,294.74963840454
26.48,100,0,3741.82324813564,111.177372449418,4,0.999997011930058,0.899997011930058,327.48222115965,294.733020503903
26.49,100,0,3742.36852226337,111.19846167487,4,1.00000101209685,0.900001012096853,327.462309490957,294.716409965434
26.5,100,0,3742.91355266258,111.219543219599,4,1.00000501073942,0.900005010739423,327.442406730484,294.699806786012
26.51,100,0,3743.45833943856,111.24061708552,4,1.00000900785822,0.900009007858223,327.422512874378,294.683210962515
26.52,100,0,3744.00288269657,111.261683274553,4,1.00001300345371,0.900013003453708,327.402627918791,294.666622491828
26.53,100,0,3744.54718254179,111.282741788613,4,1.00001699752633,0.900016997526334,327.382751859872,294.650041370831
26.54,100,0,3745.09123907941,111.30379262962,4,1.00002099007656,0.900020990076557,327.362884693774,294.633467596408
26.55,100,0,3745.63505241452,111.324835799492,4,1.00002498110483,0.90002498110483,327.343026416651,294.616901165444
26.56,100,0,3746.1786226522,111.345871300146,4,1.00002897061161,0.900028970611611,327.323177024658,294.600342074825
26.57,100,0,3746.72194989749,111.366899133501,4,1.00003295859735,0.900032958597353,327.303336513954,294.583790321439
26.58,100,0,3747.26503425536,111.387919301476,4,1.00003694506251,0.900036945062512,327.283504880696,294.567245902174
26.59,100,0,3747.80787583077,111.408931805991,4,1.00004093000754,0.900040930007543,327.263682121047,294.55070881392
26.6,100,0,3748.3504747286,111.429936648964,4,1.0000449134329,0.900044913432901,327.243868231167,294.534179053569
26.61,100,0,3748.89283105372,111.450933832314,4,1.00004889533904,0.900048895339041,327.224063207221,294.517656618012
26.62,100,0,3749.43494491093,111.471923357963,4,1.00005287572642,0.900052875726418,327.204267045374,294.501141504144
26.63,100,0,3749.976816405,111.492905227829,4,1.00005685459549,0.900056854595487,327.184479741793,294.484633708859
26.64,100,0,3750.51844564066,111.513879443833,4,1.0000608319467,0.900060831946703,327.164701292645,294.468133229052
26.65,100,0,3751.05983272258,111.534846007895,4,1.00006480778052,0.90006480778052,327.144931694102,294.451640061623
26.66,100,0,3751.60097775541,111.555804921937,4,1.00006878209739,0.900068782097393,327.125170942335,294.435154203469
26.67,100,0,3752.14188084374,111.576756187878,4,1.00007275489778,0.900072754897776,327.105419033517,294.41867565149
26.68,100,0,3752.68254209211,111.59769980764,4,1.00007672618213,0.900076726182126,327.085675963824,294.402204402586
26.69,100,0,3753.22296160504,111.618635783145,4,1.00008069595089,0.900080695950895,327.06594172943,294.38574045366
26.7,100,0,3753.76313948699,111.639564116313,4,1.00008466420454,0.900084664204538,327.046216326515,294.369283801616
26.71,100,0,3754.30307584238,111.660484809068,4,1.00008863094351,0.90008863094351,327.026499751258,294.352834443358
26.72,100,0,3754.84277077558,111.68139786333,4,1.00009259616827,0.900092596168266,327.006791999841,294.336392375793
26.73,100,0,3755.38222439093,111.702303281022,4,1.00009655987926,0.90009655987926,326.987093068446,294.319957595828
26.74,100,0,3755.92143679273,111.723201064067,4,1.00010052207694,0.900100522076945,326.967402953257,294.303530100369
26.75,100,0,3756.46040808521,111.744091214387,4,1.00010448276178,0.900104482761777,326.94772165046,294.287109886329
26.76,100,0,3756.99913837257,111.764973733906,4,1.00010844193421,0.900108441934209,326.928049156244,294.270696950617
26.77,100,0,3757.53762775899,111.785848624546,4,1.0001123995947,0.900112399594696,326.908385466796,294.254291290145
26.78,100,0,3758.07587634858,111.806715888231,4,1.00011635574369,0.900116355743691,326.888730578308,294.237892901828
26.79,100,0,3758.61388424541,111.827575526884,4,1.00012031038165,0.900120310381649,326.869084486972,294.221501782579
26.8,100,0,3759.15165155351,111.84842754243,4,1.00012426350902,0.900124263509024,326.849447188981,294.205117929314
26.81,100,0,3759.68917837687,111.869271936792,4,1.00012821512627,0.90012821512627,326.829818680532,294.18874133895
26.82,100,0,3760.22646481943,111.890108711895,4,1.00013216523384,0.900132165233841,326.810198957822,294.172372008407
26.83,100,0,3760.7635109851,111.910937869662,4,1.00013611383219,0.90013611383219,326.790588017048,294.156009934601
26.84,100,0,3761.30031697774,111.93175941202,4,1.00014006092177,0.900140060921771,326.77098585441,294.139655114456
26.85,100,0,3761.83688290115,111.952573340892,4,1.00014400650304,0.900144006503038,326.751392466111,294.123307544892
26.86,100,0,3762.37320885911,111.973379658204,4,1.00014795057644,0.900147950576445,326.731807848354,294.106967222833
26.87,100,0,3762.90929495535,111.994178365881,4,1.00015189314244,0.900151893142445,326.712231997344,294.090634145203
26.88,100,0,3763.44514129356,112.01496946585,4,1.00015583420149,0.900155834201492,326.692664909287,294.074308308928
26.89,100,0,3763.98074797737,112.035752960034,4,1.00015977375404,0.90015977375404,326.673106580392,294.057989710935
26.9,100,0,3764.5161151104,112.056528850362,4,1.00016371180054,0.900163711800542,326.653557006867,294.041678348151
26.91,100,0,3765.05124279618,112.077297138758,4,1.00016764834145,0.900167648341451,326.634016184924,294.025374217506
26.92,100,0,3765.58613113824,112.098057827149,4,1.00017158337722,0.90017158337722,326.614484110776,294.009077315931
26.93,100,0,3766.12078024006,112.118810917462,4,1.0001755169083,0.900175516908304,326.594960780637,293.992787640357
26.94,100,0,3766.65519020504,112.139556411624,4,1.00017944893516,0.900179448935156,326.575446190722,293.976505187717
26.95,100,0,3767.18936113659,112.160294311562,4,1.00018337945823,0.900183379458228,326.555940337251,293.960229954946
26.96,100,0,3767.72329313805,112.181024619203,4,1.00018730847797,0.900187308477974,326.53644321644,293.943961938978
26.97,100,0,3768.2569863127,112.201747336474,4,1.00019123599485,0.900191235994846,326.516954824511,293.92770113675
26.98,100,0,3768.79044076382,112.222462465304,4,1.0001951620093,0.900195162009299,326.497475157686,293.9114475452
26.99,100,0,3769.3236565946,112.24317000762,4,1.00019908652178,0.900199086521785,326.478004212189,293.895201161268
27,100,0,3769.85663390823,112.26386996535,4,1.00020300953276,0.900203009532757,326.458541984246,293.878961981894
27.01,100,0,3770.38937280783,112.284562340422,4,1.00020693104267,0.900206931042667,326.439088470082,293.862730004018
27.02,100,0,3770.92187339649,112.305247134766,4,1.00021085105197,0.900210851051969,326.419643665926,293.846505224584
27.03,100,0,3771.45413577724,112.325924350309,4,1.00021476956112,0.900214769561116,326.400207568008,293.830287640535
27.04,100,0,3771.98616005309,112.346593988981,4,1.00021868657056,0.900218686570561,326.380780172561,293.814077248817
27.05,100,0,3772.51794632699,112.367256052711,4,1.00022260208075,0.900222602080755,326.361361475815,293.797874046376
27.06,100,0,3773.04949470186,112.387910543428,4,1.00022651609215,0.900226516092152,326.341951474008,293.78167803016
27.07,100,0,3773.58080528057,112.408557463062,4,1.0002304286052,0.900230428605204,326.322550163374,293.765489197118
27.08,100,0,3774.11187816595,112.429196813543,4,1.00023433962036,0.900234339620364,326.303157540152,293.749307544198
27.09,100,0,3774.64271346078,112.449828596799,4,1.00023824913808,0.900238249138085,326.28377360058,293.733133068354
27.1,100,0,3775.17331126781,112.470452814762,4,1.00024215715882,0.900242157158818,326.264398340901,293.716965766537
27.11,100,0,3775.70367168973,112.491069469362,4,1.00024606368302,0.900246063683016,326.245031757356,293.7008056357
27.12,100,0,3776.23379482921,112.51167856253,4,1.00024996871113,0.900249968711132,326.225673846188,293.684652672799
27.13,100,0,3776.76368078887,112.532280096196,4,1.00025387224362,0.900253872243618,326.206324603645,293.66850687479
27.14,100,0,3777.29332967126,112.55287407229,4,1.00025777428093,0.900257774280925,326.186984025972,293.652368238629
27.15,100,0,3777.82274157893,112.573460492745,4,1.00026167482351,0.900261674823507,326.167652109419,293.636236761276
27.16,100,0,3778.35191661436,112.594039359491,4,1.00026557387182,0.900265573871815,326.148328850236,293.620112439691
27.17,100,0,3778.88085488,112.614610674461,4,1.0002694714263,0.900269471426302,326.129014244674,293.603995270833
27.18,100,0,3779.40955647825,112.635174439585,4,1.00027336748742,0.900273367487419,326.109708288987,293.587885251666
27.19,100,0,3779.93802151147,112.655730656796,4,1.00027726205562,0.900277262055618,326.09041097943,293.571782379152
27.2,100,0,3780.46625008198,112.676279328026,4,1.00028115513135,0.900281155131352,326.071122312259,293.555686650257
27.21,100,0,3780.99424229205,112.696820455206,4,1.00028504671507,0.900285046715071,326.051842283732,293.539598061945
27.22,100,0,3781.52199824392,112.717354040271,4,1.00028893680723,0.900288936807229,326.03257089011,293.523516611185
27.23,100,0,3782.04951803977,112.737880085151,4,1.00029282540828,0.900292825408277,326.013308127651,293.507442294942
27.24,100,0,3782.57680178176,112.758398591781,4,1.00029671251867,0.900296712518665,325.994053992621,293.491375110189
27.25,100,0,3783.10384957199,112.778909562093,4,1.00030059813885,0.900300598138847,325.974808481282,293.475315053895
27.26,100,0,3783.63066151253,112.79941299802,4,1.00030448226927,0.900304482269274,325.955571589901,293.459262123031
27.27,100,0,3784.15723770539,112.819908901496,4,1.0003083649104,0.900308364910397,325.936343314745,293.443216314572
27.28,100,0,3784.68357825255,112.840397274455,4,1.00031224606267,0.900312246062667,325.917123652082,293.42717762549
27.29,100,0,3785.20968325596,112.86087811883,4,1.00031612572654,0.900316125726537,325.897912598183,293.411146052761
27.3,100,0,3785.7355528175,112.881351436555,4,1.00032000390246,0.900320003902457,325.87871014932,293.395121593363
27.31,100,0,3786.26118703902,112.901817229565,4,1.00032388059088,0.900323880590879,325.859516301767,293.379104244273
27.32,100,0,3786.78658602235,112.922275499794,4,1.00032775579225,0.900327755792254,325.840331051798,293.36309400247
27.33,100,0,3787.31174986923,112.942726249176,4,1.00033162950703,0.900331629507033,325.821154395689,293.347090864934
27.34,100,0,3787.83667868141,112.963169479646,4,1.00033550173567,0.900335501735668,325.801986329721,293.331094828646
27.35,100,0,3788.36137256056,112.98360519314,4,1.00033937247861,0.900339372478609,325.782826850171,293.31510589059
27.36,100,0,3788.88583160832,113.004033391592,4,1.00034324173631,0.900343241736308,325.76367595332,293.299124047748
27.37,100,0,3789.4100559263,113.024454076937,4,1.00034710950922,0.900347109509216,325.744533635452,293.283149297107
27.38,100,0,3789.93404561604,113.044867251111,4,1.00035097579778,0.900350975797783,325.725399892852,293.267181635652
27.39,100,0,3790.45780077906,113.06527291605,4,1.00035484060246,0.900354840602461,325.706274721804,293.251221060371
27.4,100,0,3790.98132151684,113.085671073689,4,1.0003587039237,0.9003587039237,325.687158118596,293.235267568252
27.41,100,0,3791.50460793081,113.106061725965,4,1.00036256576195,0.900362565761952,325.668050079517,293.219321156286
27.42,100,0,3792.02766012235,113.126444874814,4,1.00036642611767,0.900366426117666,325.648950600857,293.203381821462
27.43,100,0,3792.55047819281,113.146820522171,4,1.00037028499129,0.900370284991293,325.629859678909,293.187449560774
27.44,100,0,3793.07306224349,113.167188669974,4,1.00037414238329,0.900374142383286,325.610777309966,293.171524371215
27.45,100,0,3793.59541237566,113.18754932016,4,1.00037799829409,0.900377998294092,325.591703490322,293.15560624978
27.46,100,0,3794.11752869054,113.207902474665,4,1.00038185272416,0.900381852724164,325.572638216276,293.139695193465
27.47,100,0,3794.6394112893,113.228248135426,4,1.00038570567395,0.900385705673952,325.553581484124,293.123791199265
27.48,100,0,3795.16106027308,113.24858630438,4,1.00038955714391,0.900389557143906,325.534533290166,293.107894264181
27.49,100,0,3795.68247574298,113.268916983466,4,1.00039340713448,0.900393407134476,325.515493630704,293.092004385211
27.5,100,0,3796.20365780004,113.28924017462,4,1.00039725564611,0.900397255646113,325.496462502041,293.076121559356
27.51,100,0,3796.72460654529,113.309555879781,4,1.00040110267927,0.900401102679268,325.477439900479,293.060245783617
27.52,100,0,3797.24532207967,113.329864100886,4,1.00040494823439,0.900404948234389,325.458425822326,293.044377054997
27.53,100,0,3797.76580450414,113.350164839873,4,1.00040879231193,0.900408792311928,325.439420263887,293.028515370501
27.54,100,0,3798.28605391955,113.370458098681,4,1.00041263491233,0.900412634912335,325.420423221473,293.012660727134
27.55,100,0,3798.80607042677,113.390743879249,4,1.00041647603606,0.900416476036059,325.401434691394,292.996813121903
27.56,100,0,3799.3258541266,113.411022183514,4,1.00042031568355,0.90042031568355,325.382454669962,292.980972551815
27.57,100,0,3799.84540511978,113.431293013415,4,1.00042415385526,0.900424153855259,325.363483153489,292.96513901388
27.58,100,0,3800.36472350704,113.451556370893,4,1.00042799055163,0.900427990551635,325.344520138291,292.949312505108
27.59,100,0,3800.88380938906,113.471812257884,4,1.00043182577313,0.900431825773128,325.325565620685,292.933493022509
27.6,100,0,3801.40266286647,113.49206067633,4,1.00043565952019,0.900435659520188,325.306619596989,292.917680563097
27.61,100,0,3801.92128403985,113.51230162817,4,1.00043949179326,0.900439491793264,325.28768206352,292.901875123885
27.62,100,0,3802.43967300977,113.532535115342,4,1.00044332259281,0.900443322592807,325.268753016603,292.886076701889
27.63,100,0,3802.95782987674,113.552761139788,4,1.00044715191927,0.900447151919265,325.249832452557,292.870285294123
27.64,100,0,3803.47575474121,113.572979703446,4,1.00045097977309,0.900450979773089,325.230920367709,292.854500897607
27.65,100,0,3803.99344770361,113.593190808257,4,1.00045480615473,0.900454806154727,325.212016758382,292.838723509357
27.66,100,0,3804.51090886433,113.613394456161,4,1.00045863106463,0.90045863106463,325.193121620906,292.822953126394
27.67,100,0,3805.02813832371,113.633590649099,4,1.00046245450325,0.900462454503246,325.174234951607,292.807189745739
27.68,100,0,3805.54513618206,113.653779389012,4,1.00046627647103,0.900466276471026,325.155356746817,292.791433364414
27.69,100,0,3806.06190253962,113.673960677839,4,1.00047009696842,0.900470096968417,325.136487002867,292.775683979442
27.7,100,0,3806.57843749662,113.694134517523,4,1.00047391599587,0.90047391599587,325.117625716089,292.759941587846
27.71,100,0,3807.09474115324,113.714300910004,4,1.00047773355383,0.900477733553833,325.09877288282,292.744206186654
27.72,100,0,3807.6108136096,113.734459857223,4,1.00048154964276,0.900481549642756,325.079928499395,292.728477772891
27.73,100,0,3808.12665496581,113.754611361121,4,1.00048536426309,0.900485364263087,325.061092562152,292.712756343586
27.74,100,0,3808.64226532191,113.774755423642,4,1.00048917741528,0.900489177415276,325.04226506743,292.697041895768
27.75,100,0,3809.15764477791,113.794892046725,4,1.00049298909977,0.900492989099772,325.02344601157,292.681334426467
27.76,100,0,3809.67279343379,113.815021232313,4,1.00049679931702,0.900496799317023,325.004635390916,292.665633932716
27.77,100,0,3810.18771138946,113.835142982348,4,1.00050060806748,0.900500608067478,324.985833201809,292.649940411545
27.78,100,0,3810.70239874482,113.855257298772,4,1.00050441535159,0.900504415351586,324.967039440597,292.63425385999
27.79,100,0,3811.21685559971,113.875364183528,4,1.0005082211698,0.900508221169796,324.948254103624,292.618574275085
27.8,100,0,3811.73108205393,113.895463638558,4,1.00051202552256,0.900512025522557,324.929477187241,292.602901653868
27.81,100,0,3812.24507820725,113.915555665804,4,1.00051582841032,0.900515828410316,324.910708687796,292.587235993374
27.82,100,0,3812.75884415938,113.93564026721,4,1.00051962983352,0.900519629833523,324.891948601642,292.571577290643
27.83,100,0,3813.27238001,113.955717444719,4,1.00052342979263,0.900523429792626,324.873196925131,292.555925542714
27.84,100,0,3813.78568585875,113.975787200273,4,1.00052722828807,0.900527228288073,324.854453654618,292.54028074663
27.85,100,0,3814.29876180523,113.995849535816,4,1.00053102532031,0.900531025320313,324.835718786459,292.524642899431
27.86,100,0,3814.81160794899,114.01590445329,4,1.00053482088979,0.900534820889794,324.816992317011,292.509011998161
27.87,100,0,3815.32422438955,114.035951954641,4,1.00053861499696,0.900538614996965,324.798274242632,292.493388039864
27.88,100,0,3815.83661122637,114.055992041811,4,1.00054240764227,0.900542407642272,324.779564559685,292.477771021587
27.89,100,0,3816.3487685589,114.076024716745,4,1.00054619882617,0.900546198826166,324.76086326453,292.462160940376
27.9,100,0,3816.86069648651,114.096049981386,4,1.00054998854909,0.900549988549094,324.74217035353,292.44655779328
27.91,100,0,3817.37239510856,114.116067837678,4,1.0005537768115,0.900553776811503,324.723485823052,292.430961577346
27.92,100,0,3817.88386452436,114.136078287567,4,1.00055756361384,0.900557563613842,324.704809669461,292.415372289626
27.93,100,0,3818.39510483317,114.156081332995,4,1.00056134895656,0.900561348956559,324.686141889126,292.399789927172
27.94,100,0,3818.90611613421,114.176076975908,4,1.0005651328401,0.900565132840102,324.667482478417,292.384214487037
27.95,100,0,3819.41689852668,114.196065218251,4,1.00056891526492,0.900568915264918,324.648831433702,292.368645966272
27.96,100,0,3819.92745210971,114.216046061968,4,1.00057269623145,0.900572696231455,324.630188751357,292.353084361935
27.97,100,0,3820.43777698241,114.236019509005,4,1.00057647574016,0.900576475740161,324.611554427754,292.337529671082
27.98,100,0,3820.94787324384,114.255985561306,4,1.00058025379148,0.900580253791483,324.59292845927,292.32198189077
27.99,100,0,3821.45774099301,114.275944220817,4,1.00058403038587,0.900584030385869,324.574310842281,292.306441018057
28,100,0,3821.96738032892,114.295895489484,4,1.00058780552377,0.900587805523768,324.555701573165,292.290907050003
28.01,100,0,3822.47679135048,114.315839369251,4,1.00059157920562,0.900591579205625,324.537100648304,292.275379983671
28.02,100,0,3822.98597415661,114.335775862065,4,1.00059535143189,0.900595351431888,324.518508064078,292.25985981612
28.03,100,0,3823.49492884615,114.355704969872,4,1.00059912220301,0.900599122203006,324.499923816869,292.244346544415
28.04,100,0,3824.00365551792,114.375626694617,4,1.00060289151942,0.900602891519425,324.481347903064,292.22884016562
28.05,100,0,3824.5121542707,114.395541038246,4,1.00060665938159,0.900606659381592,324.462780319048,292.213340676801
28.06,100,0,3825.02042520322,114.415448002707,4,1.00061042578995,0.900610425789955,324.444221061208,292.197848075025
28.07,100,0,3825.52846841416,114.435347589945,4,1.00061419074496,0.90061419074496,324.425670125933,292.182362357359
28.08,100,0,3826.03628400219,114.455239801907,4,1.00061795424706,0.900617954247055,324.407127509615,292.166883520873
28.09,100,0,3826.54387206591,114.475124640539,4,1.00062171629669,0.900621716296687,324.388593208645,292.151411562638
28.1,100,0,3827.05123270389,114.495002107789,4,1.0006254768943,0.900625476894303,324.370067219416,292.135946479723
28.11,100,0,3827.55836601466,114.514872205603,4,1.00062923604035,0.90062923604035,324.351549538323,292.120488269203
28.12,100,0,3828.06527209671,114.534734935928,4,1.00063299373527,0.900632993735274,324.333040161763,292.105036928152
28.13,100,0,3828.57195104848,114.554590300712,4,1.00063674997952,0.900636749979522,324.314539086135,292.089592453643
28.14,100,0,3829.07840296838,114.574438301902,4,1.00064050477354,0.900640504773541,324.296046307837,292.074154842754
28.15,100,0,3829.58462795478,114.594278941446,4,1.00064425811778,0.900644258117779,324.27756182327,292.058724092561
28.16,100,0,3830.09062610599,114.61411222129,4,1.00064801001268,0.90064801001268,324.259085628837,292.043300200143
28.17,100,0,3830.59639752031,114.633938143384,4,1.00065176045869,0.900651760458692,324.240617720943,292.027883162581
28.18,100,0,3831.10194229598,114.653756709674,4,1.00065550945626,0.900655509456262,324.222158095991,292.012472976954
28.19,100,0,3831.60726053119,114.673567922108,4,1.00065925700584,0.900659257005836,324.20370675039,291.997069640344
28.2,100,0,3832.11235232412,114.693371782636,4,1.00066300310786,0.900663003107859,324.185263680547,291.981673149835
28.21,100,0,3832.61721777287,114.713168293204,4,1.00066674776278,0.90066674776278,324.166828882873,291.966283502511
28.22,100,0,3833.12185697554,114.732957455762,4,1.00067049097104,0.900670490971043,324.148402353778,291.950900695456
28.23,100,0,3833.62627003015,114.752739272258,4,1.0006742327331,0.900674232733095,324.129984089677,291.93552472576
28.24,100,0,3834.13045703472,114.77251374464,4,1.00067797304938,0.900677973049383,324.111574086983,291.920155590508
28.25,100,0,3834.6344180872,114.792280874858,4,1.00068171192035,0.900681711920352,324.093172342111,291.90479328679
28.26,100,0,3835.1381532855,114.81204066486,4,1.00068544934645,0.900685449346448,324.074778851481,291.889437811697
28.27,100,0,3835.64166272751,114.831793116595,4,1.00068918532812,0.900689185328117,324.056393611509,291.874089162318
28.28,100,0,3836.14494651105,114.851538232013,4,1.00069291986581,0.900692919865806,324.038016618617,291.858747335746
28.29,100,0,3836.64800473393,114.871276013062,4,1.00069665295996,0.90069665295996,324.019647869226,291.843412329077
28.3,100,0,3837.15083749391,114.891006461692,4,1.00070038461102,0.900700384611025,324.00128735976,291.828084139403
28.31,100,0,3837.65344488869,114.910729579853,4,1.00070411481945,0.900704114819447,323.982935086644,291.812762763822
28.32,100,0,3838.15582701595,114.930445369494,4,1.00070784358567,0.900707843585671,323.964591046302,291.797448199428
28.33,100,0,3838.65798397332,114.950153832564,4,1.00071157091014,0.900711570910143,323.946255235164,291.782140443322
28.34,100,0,3839.15991585841,114.969854971014,4,1.00071529679331,0.900715296793308,323.927927649658,291.766839492603
28.35,100,0,3839.66162276876,114.989548786794,4,1.00071902123561,0.900719021235613,323.909608286216,291.751545344371
28.36,100,0,3840.16310480188,115.009235281854,4,1.0007227442375,0.900722744237502,323.891297141268,291.736257995728
28.37,100,0,3840.66436205525,115.028914458143,4,1.00072646579942,0.900726465799422,323.872994211251,291.720977443777
28.38,100,0,3841.1653946263,115.048586317613,4,1.00073018592182,0.900730185921817,323.854699492597,291.705703685621
28.39,100,0,3841.66620261242,115.068250862214,4,1.00073390460513,0.900733904605132,323.836412981743,291.690436718366
28.4,100,0,3842.16678611096,115.087908093896,4,1.00073762184981,0.900737621849813,323.818134675129,291.675176539118
28.41,100,0,3842.66714521923,115.10755801461,4,1.00074133765631,0.900741337656306,323.799864569192,291.659923144985
28.42,100,0,3843.16728003451,115.127200626307,4,1.00074505202505,0.900745052025055,323.781602660375,291.644676533075
28.43,100,0,3843.66719065402,115.146835930937,4,1.0007487649565,0.900748764956504,323.76334894512,291.629436700499
28.44,100,0,3844.16687717496,115.166463930452,4,1.0007524764511,0.9007524764511,323.74510341987,291.614203644366
28.45,100,0,3844.66633969447,115.186084626803,4,1.00075618650929,0.900756186509287,323.726866081072,291.598977361789
28.46,100,0,3845.16557830966,115.205698021941,4,1.00075989513151,0.900759895131511,323.708636925171,291.583757849881
28.47,100,0,3845.6645931176,115.225304117817,4,1.00076360231821,0.900763602318215,323.690415948617,291.568545105758
28.48,100,0,3846.16338421532,115.244902916383,4,1.00076730806984,0.900767308069845,323.672203147859,291.553339126533
28.49,100,0,3846.66195169982,115.264494419591,4,1.00077101238684,0.900771012386845,323.653998519349,291.538139909324
28.5,100,0,3847.16029566803,115.284078629392,4,1.00077471526966,0.90077471526966,323.635802059539,291.52294745125
28.51,100,0,3847.65841621687,115.303655547737,4,1.00077841671873,0.900778416718734,323.617613764884,291.507761749427
28.52,100,0,3848.1563134432,115.32322517658,4,1.00078211673451,0.900782116734513,323.599433631839,291.492582800977
28.53,100,0,3848.65398744386,115.342787517871,4,1.00078581531744,0.90078581531744,323.581261656862,291.477410603023
28.54,100,0,3849.15143831562,115.362342573563,4,1.00078951246796,0.90078951246796,323.563097836411,291.462245152684
28.55,100,0,3849.64866615525,115.381890345609,4,1.00079320818652,0.900793208186518,323.544942166946,291.447086447085
28.56,100,0,3850.14567105944,115.40143083596,4,1.00079690247356,0.900796902473557,323.526794644929,291.431934483351
28.57,100,0,3850.64245312487,115.420964046568,4,1.00080059532952,0.900800595329523,323.508655266824,291.416789258608
28.58,100,0,3851.13901244816,115.440489979388,4,1.00080428675486,0.900804286754858,323.490524029094,291.401650769983
28.59,100,0,3851.6353491259,115.46000863637,4,1.00080797675001,0.900807976750007,323.472400928205,291.386519014604
28.6,100,0,3852.13146325464,115.479520019468,4,1.00081166531541,0.900811665315415,323.454285960626,291.3713939896
28.61,100,0,3852.62735493088,115.499024130635,4,1.00081535245152,0.900815352451524,323.436179122825,291.356275692102
28.62,100,0,3853.12302425109,115.518520971823,4,1.00081903815878,0.90081903815878,323.418080411271,291.34116411924
28.63,100,0,3853.61847131171,115.538010544986,4,1.00082272243763,0.900822722437626,323.399989822438,291.326059268149
28.64,100,0,3854.11369620911,115.557492852077,4,1.00082640528851,0.900826405288506,323.381907352798,291.310961135962
28.65,100,0,3854.60869903965,115.576967895049,4,1.00083008671186,0.900830086711864,323.363832998827,291.295869719814
28.66,100,0,3855.10347989963,115.596435675856,4,1.00083376670814,0.900833766708142,323.345766757,291.280785016841
28.67,100,0,3855.59803888532,115.61589619645,4,1.00083744527779,0.900837445277786,323.327708623796,291.265707024181
28.68,100,0,3856.09237609295,115.635349458786,4,1.00084112242124,0.900841122421238,323.309658595693,291.250635738971
28.69,100,0,3856.58649161871,115.654795464817,4,1.00084479813894,0.900844798138943,323.291616669171,291.235571158352
28.7,100,0,3857.08038555875,115.674234216496,4,1.00084847243134,0.900848472431343,323.273582840714,291.220513279464
28.71,100,0,3857.57405800917,115.693665715778,4,1.00085214529888,0.900852145298881,323.255557106804,291.205462099449
28.72,100,0,3858.06750906604,115.713089964617,4,1.000855816742,0.900855816742003,323.237539463927,291.190417615451
28.73,100,0,3858.5607388254,115.732506964967,4,1.00085948676115,0.900859486761149,323.219529908569,291.175379824613
28.74,100,0,3859.05374738322,115.751916718781,4,1.00086315535676,0.900863155356765,323.201528437218,291.160348724081
28.75,100,0,3859.54653483547,115.771319228014,4,1.00086682252929,0.900866822529292,323.183535046362,291.145324311
28.76,100,0,3860.03910127805,115.79071449462,4,1.00087048827917,0.900870488279175,323.165549732494,291.13030658252
28.77,100,0,3860.53144680682,115.810102520555,4,1.00087415260686,0.900874152606855,323.147572492105,291.115295535787
28.78,100,0,3861.02357151763,115.829483307771,4,1.00087781551278,0.900877815512777,323.129603321688,291.100291167953
28.79,100,0,3861.51547550625,115.848856858224,4,1.00088147699738,0.900881476997383,323.11164221774,291.085293476168
28.8,100,0,3862.00715886845,115.868223173868,4,1.00088513706112,0.900885137061116,323.093689176757,291.070302457584
28.81,100,0,3862.49862169993,115.887582256659,4,1.00088879570442,0.900888795704418,323.075744195237,291.055318109356
28.82,100,0,3862.98986409636,115.906934108551,4,1.00089245292773,0.900892452927733,323.057807269679,291.040340428636
28.83,100,0,3863.48088615338,115.926278731498,4,1.0008961087315,0.900896108731503,323.039878396584,291.02536941258
28.84,100,0,3863.97168796657,115.945616127457,4,1.00089976311617,0.900899763116171,323.021957572455,291.010405058347
28.85,100,0,3864.46226963149,115.964946298382,4,1.00090341608218,0.900903416082179,323.004044793796,290.995447363092
28.86,100,0,3864.95263124366,115.984269246228,4,1.00090706762997,0.90090706762997,322.986140057111,290.980496323975
28.87,100,0,3865.44277289854,116.003584972951,4,1.00091071775999,0.900910717759986,322.968243358907,290.965551938155
28.88,100,0,3865.93269469156,116.022893480506,4,1.00091436647267,0.90091436647267,322.950354695694,290.950614202795
28.89,100,0,3866.42239671814,116.042194770849,4,1.00091801376846,0.900918013768464,322.932474063981,290.935683115058
28.9,100,0,3866.91187907361,116.061488845935,4,1.00092165964781,0.90092165964781,322.914601460278,290.920758672105
28.91,100,0,3867.40114185329,116.08077570772,4,1.00092530411115,0.900925304111151,322.896736881098,290.905840871102
28.92,100,0,3867.89018515247,116.100055358159,4,1.00092894715893,0.900928947158928,322.878880322955,290.890929709214
28.93,100,0,3868.37900906636,116.119327799208,4,1.00093258879158,0.900932588791584,322.861031782365,290.876025183608
28.94,100,0,3868.86761369019,116.138593032823,4,1.00093622900956,0.900936229009561,322.843191255844,290.861127291453
28.95,100,0,3869.35599911909,116.157851060961,4,1.0009398678133,0.9009398678133,322.825358739912,290.846236029917
28.96,100,0,3869.84416544818,116.177101885577,4,1.00094350520324,0.900943505203244,322.807534231086,290.831351396171
28.97,100,0,3870.33211277256,116.196345508627,4,1.00094714117983,0.900947141179835,322.789717725889,290.816473387385
28.98,100,0,3870.81984118724,116.215581932068,4,1.00095077574351,0.900950775743513,322.771909220844,290.801602000734
28.99,100,0,3871.30735078725,116.234811157856,4,1.00095440889472,0.900954408894722,322.754108712474,290.78673723339
29,100,0,3871.79464166752,116.254033187947,4,1.0009580406339,0.900958040633902,322.736316197306,290.771879082528
29.01,100,0,3872.281713923,116.273248024297,4,1.0009616709615,0.900961670961495,322.718531671865,290.757027545324
29.02,100,0,3872.76856764855,116.292455668864,4,1.00096529987794,0.900965299877943,322.700755132681,290.742182618955
29.03,100,0,3873.25520293902,116.311656123603,4,1.00096892738369,0.900968927383688,322.682986576283,290.727344300599
29.04,100,0,3873.74161988921,116.330849390473,4,1.00097255347917,0.900972553479169,322.665225999203,290.712512587435
29.05,100,0,3874.22781859389,116.350035471428,4,1.00097617816483,0.90097617816483,322.647473397973,290.697687476644
29.06,100,0,3874.71379914778,116.369214368426,4,1.00097980144111,0.900979801441112,322.629728769127,290.682868965408
29.07,100,0,3875.19956164557,116.388386083425,4,1.00098342330845,0.900983423308454,322.611992109202,290.668057050908
29.08,100,0,3875.6851061819,116.40755061838,4,1.0009870437673,0.900987043767299,322.594263414733,290.65325173033
29.09,100,0,3876.17043285138,116.42670797525,4,1.00099066281809,0.900990662818089,322.57654268226,290.638453000857
29.1,100,0,3876.65554174857,116.445858155991,4,1.00099428046126,0.900994280461263,322.558829908323,290.623660859676
29.11,100,0,3877.14043296801,116.46500116256,4,1.00099789669726,0.900997896697262,322.541125089461,290.608875303973
29.12,100,0,3877.6273754469,116.484136407219,4,1.00100072861484,0.901000728614837,322.50263477528,290.575108912732
29.13,100,0,3878.12973932303,116.503260373957,4,1.00100232105165,0.901002321051645,322.450098767047,290.528287412442
29.14,100,0,3878.64379040961,116.522373935167,4,1.00100377034783,0.901003770347827,322.411758249808,290.494209787549
29.15,100,0,3879.16443012464,116.541478353442,4,1.0010051375124,0.901005137512399,322.381543112327,290.467426583382
29.16,100,0,3879.68874099439,116.560574352188,4,1.0010064574532,0.901006457453201,322.35598186887,290.444821262519
29.17,100,0,3880.21505316335,116.579662346388,4,1.00100775014888,0.901007750148884,322.333088427871,290.424610802937
29.18,100,0,3880.74241066502,116.598742574549,4,1.00100902703633,0.901009027036326,322.311726184079,290.405774811515
29.19,100,0,3881.27026612896,116.617815174175,4,1.00101029466396,0.901010294663957,322.291244521797,290.387729194198
29.2,100,0,3881.79830609806,116.636880224944,4,1.00101155678196,0.901011556781957,322.271270936548,290.370139532639
29.21,100,0,3882.32635105301,116.655937773427,4,1.0010128155384,0.901012815538399,322.251592112161,290.35281432071
29.22,100,0,3882.8542981812,116.674987847234,4,1.00101407216393,0.90101407216393,322.232085869191,290.335643870877
29.23,100,0,3883.38208860815,116.694030463112,4,1.00101532736374,0.901015327363737,322.212682214749,290.318565346469
29.24,100,0,3883.90968863186,116.713065631586,4,1.001016581542,0.901016581542004,322.193341044386,290.30154274341
29.25,100,0,3884.4370789744,116.732093359617,4,1.00101783493046,0.901017834930458,322.174039374474,290.284555427988
29.26,100,0,3884.9642486243,116.751113652121,4,1.001019087662,0.901019087661996,322.154764030318,290.267591572562
29.27,100,0,3885.49119130848,116.770126512844,4,1.00102033981287,0.901020339812874,322.135507457974,290.250644395576
29.28,100,0,3886.01790347038,116.789131944859,4,1.00102159142688,0.901021591426879,322.116265324866,290.233710007493
29.29,100,0,3886.54438311107,116.808129950857,4,1.00102284252918,0.901022842529182,322.097035144971,290.216786176543
29.3,100,0,3887.0706291249,116.827120533304,4,1.00102409313428,0.901024093134278,322.077815490928,290.199871621383
29.31,100,0,3887.59664091861,116.846103694542,4,1.00102534325054,0.901025343250543,322.058605542424,290.182965605654
29.32,100,0,3888.12241819285,116.86507943684,4,1.00102659288284,0.901026592882835,322.039404827302,290.16606770556
29.33,100,0,3888.64796081692,116.884047762426,4,1.001027842034,0.901027842034003,322.020213073105,290.14917767659
29.34,100,0,3889.17326875688,116.903008673502,4,1.00102909070574,0.901029090705737,322.00103012195,290.132295377091
29.35,100,0,3889.69834203434,116.921962172257,4,1.00103033889906,0.901030338899062,321.981855881695,290.115420724433
29.36,100,0,3890.22318070274,116.940908260874,4,1.00103158661463,0.901031586614626,321.962690297929,290.098553669856
29.37,100,0,3890.74778483383,116.95984694153,4,1.00103283385285,0.901032833852854,321.943533337898,290.081694184047
29.38,100,0,3891.27215450984,116.978778216398,4,1.00103408061405,0.901034080614049,321.924384981278,290.064842248849
29.39,100,0,3891.796289819,116.997702087652,4,1.00103532689844,0.90103532689844,321.905245214892,290.047997852522
29.4,100,0,3892.32019085299,117.016618557464,4,1.00103657270621,0.901036572706214,321.886114029659,290.031160987006
29.41,100,0,3892.84385770545,117.035527628005,4,1.00103781803754,0.901037818037537,321.866991418856,290.014331646352
29.42,100,0,3893.36729047112,117.054429301447,4,1.00103906289256,0.901039062892558,321.84787737711,289.99750982583
29.43,100,0,3893.8904892454,117.07332357996,4,1.00104030727142,0.90104030727142,321.828771899834,289.98069552141
29.44,100,0,3894.41345412399,117.092210465717,4,1.00104155117426,0.901041551174262,321.809674982884,289.963888729463
29.45,100,0,3894.93618520282,117.111089960887,4,1.00104279460122,0.901042794601219,321.790586622373,289.947089446588
29.46,100,0,3895.45868257789,117.129962067641,4,1.00104403755242,0.901044037552425,321.771506814563,289.930297669522
29.47,100,0,3895.98094634525,117.148826788152,4,1.00104528002801,0.901045280028013,321.752435555806,289.913513395076
29.48,100,0,3896.50297660095,117.167684124588,4,1.00104652202812,0.901046522028116,321.733372842499,289.896736620109
29.49,100,0,3897.02477344103,117.186534079122,4,1.00104776355287,0.901047763552866,321.714318671073,289.879967341504
29.5,100,0,3897.54633696153,117.205376653924,4,1.0010490046024,0.901049004602396,321.695273037972,289.863205556161
29.51,100,0,3898.06766725846,117.224211851164,4,1.00105024517684,0.901050245176838,321.676235939653,289.846451260987
29.52,100,0,3898.58876442778,117.243039673015,4,1.00105148527632,0.901051485276324,321.657207372579,289.829704452897
29.53,100,0,3899.10962856546,117.261860121645,4,1.00105272490099,0.901052724900986,321.638187333216,289.812965128808
29.54,100,0,3899.63025976741,117.280673199227,4,1.00105396405096,0.901053964050957,321.619175818036,289.796233285643
29.55,100,0,3900.15065812952,117.29947890793,4,1.00105520272637,0.901055202726368,321.600172823508,289.779508920321
29.56,100,0,3900.67082374765,117.318277249926,4,1.00105644092735,0.901056440927351,321.58117834611,289.762792029769
29.57,100,0,3901.19075671762,117.337068227386,4,1.00105767865404,0.90105767865404,321.562192382314,289.746082610912
29.58,100,0,3901.71045713523,117.355851842479,4,1.00105891590656,0.901058915906565,321.543214928599,289.729380660675
29.59,100,0,3902.22992509625,117.374628097377,4,1.00106015268506,0.901060152685059,321.524245981444,289.712686175988
29.6,100,0,3902.7491606964,117.393396994251,4,1.00106138898965,0.901061388989654,321.505285537326,289.695999153778
29.61,100,0,3903.26816403139,117.41215853527,4,1.00106262482048,0.901062624820481,321.486333592728,289.679319590976
29.62,100,0,3903.78693519688,117.430912722606,4,1.00106386017767,0.901063860177675,321.467390144129,289.662647484512
29.63,100,0,3904.30547428852,117.449659558429,4,1.00106509506137,0.901065095061365,321.448455188014,289.645982831317
29.64,100,0,3904.8237814019,117.468399044909,4,1.00106632947169,0.901066329471686,321.429528720868,289.629325628326
29.65,100,0,3905.3418566326,117.487131184218,4,1.00106756340877,0.901067563408767,321.410610739175,289.612675872472
29.66,100,0,3905.85970007617,117.505855978526,4,1.00106879687274,0.901068796872743,321.39170123942,289.596033560688
29.67,100,0,3906.37731182811,117.524573430003,4,1.00107002986374,0.901070029863744,321.372800218095,289.579398689914
29.68,100,0,3906.89469198391,117.54328354082,4,1.0010712623819,0.901071262381904,321.353907671685,289.562771257083
29.69,100,0,3907.41184063901,117.561986313147,4,1.00107249442735,0.901072494427353,321.335023596682,289.546151259135
29.7,100,0,3907.92875788883,117.580681749155,4,1.00107372600023,0.901073726000226,321.316147989578,289.529538693009
29.71,100,0,3908.44544382876,117.599369851014,4,1.00107495710065,0.901074957100652,321.297280846864,289.512933555644
29.72,100,0,3908.96189855414,117.618050620894,4,1.00107618772877,0.901076187728766,321.278422165035,289.496335843983
29.73,100,0,3909.4781221603,117.636724060966,4,1.0010774178847,0.901077417884698,321.259571940584,289.479745554965
29.74,100,0,3909.99411474253,117.6553901734,4,1.00107864756858,0.901078647568582,321.240730170009,289.463162685536
29.75,100,0,3910.50987639609,117.674048960367,4,1.00107987678055,0.901079876780548,321.221896849805,289.446587232636
29.76,100,0,3911.0254072162,117.692700424036,4,1.00108110552073,0.90108110552073,321.203071976473,289.430019193215
29.77,100,0,3911.54070729806,117.711344566578,4,1.00108233378926,0.90108233378926,321.18425554651,289.413458564215
29.78,100,0,3912.05577673684,117.729981390164,4,1.00108356158627,0.901083561586269,321.165447556419,289.396905342586
29.79,100,0,3912.57061562766,117.748610896962,4,1.00108478891189,0.901084788911891,321.1466480027,289.380359525274
29.8,100,0,3913.08522406562,117.767233089144,4,1.00108601576626,0.901086015766256,321.127856881856,289.363821109228
29.81,100,0,3913.59960214581,117.78584796888,4,1.0010872421495,0.901087242149498,321.109074190394,289.347290091401
29.82,100,0,3914.11374996324,117.804455538339,4,1.00108846806175,0.901088468061749,321.090299924816,289.33076646874
29.83,100,0,3914.62766761294,117.823055799692,4,1.00108969350314,0.90108969350314,321.07153408163,289.314250238199
29.84,100,0,3915.14135518987,117.841648755108,4,1.0010909184738,0.901090918473805,321.052776657344,289.297741396731
29.85,100,0,3915.65481278898,117.860234406759,4,1.00109214297387,0.901092142973874,321.034027648468,289.281239941292
29.86,100,0,3916.16804050518,117.878812756812,4,1.00109336700348,0.901093367003481,321.01528705151,289.264745868835
29.87,100,0,3916.68103843335,117.89738380744,4,1.00109459056276,0.901094590562758,320.996554862983,289.248259176315
29.88,100,0,3917.19380666833,117.915947560811,4,1.00109581365184,0.901095813651836,320.977831079397,289.231779860691
29.89,100,0,3917.70634530496,117.934504019094,4,1.00109703627085,0.901097036270849,320.95911569727,289.215307918922
29.9,100,0,3918.218654438,117.953053184461,4,1.00109825841993,0.901098258419928,320.940408713112,289.198843347965
29.91,100,0,3918.73073416222,117.971595059081,4,1.00109948009921,0.901099480099205,320.921710123442,289.182386144781
29.92,100,0,3919.24258457233,117.990129645123,4,1.00110070130881,0.901100701308813,320.903019924776,289.165936306332
29.93,100,0,3919.75420576304,118.008656944757,4,1.00110192204888,0.901101922048885,320.884338113633,289.149493829578
29.94,100,0,3920.26559782899,118.027176960154,4,1.00110314231955,0.901103142319551,320.865664686532,289.133058711485
29.95,100,0,3920.77676086482,118.045689693481,4,1.00110436212095,0.901104362120945,320.846999639995,289.116630949016
29.96,100,0,3921.28769496512,118.06419514691,4,1.0011055814532,0.901105581453199,320.828342970541,289.100210539136
29.97,100,0,3921.79840022446,118.082693322609,4,1.00110680031644,0.901106800316445,320.809694674695,289.08379747881
29.98,100,0,3922.30887673738,118.101184222747,4,1.00110801871081,0.901108018710815,320.791054748982,289.067391765008
29.99,100,0,3922.81912459836,118.119667849496,4,1.00110923663644,0.901109236636441,320.772423189926,289.050993394696
30,100,0,3923.3291439019,118.138144205023,4,1.00111045409346,0.901110454093456,320.753799994055,289.034602364845
